{
	"credit": "Made with Blockbench",
	"textures": {
		"0": "block/dark_1",
		"1": "block/wood_1",
		"2": "block/black_dura",
		"3": "block/light_1",
		"1_2": "block/dark_2"
	},
	"elements": [
		{
			"from": [8.25, -0.15, 8.6],
			"to": [10.45, 1.15, 9.5],
			"rotation": {"angle": 0, "axis": "y", "origin": [8, 8, 17]},
			"faces": {
				"north": {"uv": [0, 0, 11, 1.5], "texture": "#1"},
				"east": {"uv": [0, 0, 1.4, 1.5], "texture": "#1"},
				"south": {"uv": [0, 0, 11, 1.5], "texture": "#1"},
				"west": {"uv": [0, 0, 1.4, 1.5], "texture": "#1"},
				"up": {"uv": [0, 0, 11, 1.4], "texture": "#1"},
				"down": {"uv": [0, 0, 11, 1.4], "texture": "#1"}
			}
		},
		{
			"from": [8.25, -0.15, 9.5],
			"to": [10.45, 1.05, 10],
			"rotation": {"angle": 0, "axis": "y", "origin": [8, 8, 17]},
			"faces": {
				"north": {"uv": [0, 0, 11, 1.5], "texture": "#1"},
				"east": {"uv": [0, 0, 1.4, 1.5], "texture": "#1"},
				"south": {"uv": [0, 0, 11, 1.5], "texture": "#1"},
				"west": {"uv": [0, 0, 1.4, 1.5], "texture": "#1"},
				"up": {"uv": [0, 0, 11, 1.4], "texture": "#1"},
				"down": {"uv": [0, 0, 11, 1.4], "texture": "#1"}
			}
		},
		{
			"from": [10.45, -0.15, 8.6],
			"to": [13.25, 1.15, 10],
			"rotation": {"angle": 0, "axis": "y", "origin": [8, 8, 17]},
			"faces": {
				"north": {"uv": [0, 0, 11, 1.5], "texture": "#1"},
				"east": {"uv": [0, 0, 1.4, 1.5], "texture": "#1"},
				"south": {"uv": [0, 0, 11, 1.5], "texture": "#1"},
				"west": {"uv": [0, 0, 1.4, 1.5], "texture": "#1"},
				"up": {"uv": [0, 0, 11, 1.4], "texture": "#1"},
				"down": {"uv": [0, 0, 11, 1.4], "texture": "#1"}
			}
		},
		{
			"from": [4.55, -0.15, 8.8],
			"to": [8.45, 1.15, 9.8],
			"rotation": {"angle": 0, "axis": "y", "origin": [8, 8, 17]},
			"faces": {
				"north": {"uv": [0, 0, 11, 1.5], "texture": "#1"},
				"east": {"uv": [0, 0, 1.4, 1.5], "texture": "#1"},
				"south": {"uv": [0, 0, 11, 1.5], "texture": "#1"},
				"west": {"uv": [0, 0, 1.4, 1.5], "texture": "#1"},
				"up": {"uv": [0, 0, 11, 1.4], "texture": "#1"},
				"down": {"uv": [0, 0, 11, 1.4], "texture": "#1"}
			}
		},
		{
			"from": [2.35, -0.15, 9],
			"to": [4.55, 1.15, 9.6],
			"rotation": {"angle": 0, "axis": "y", "origin": [8, 8, 17]},
			"faces": {
				"north": {"uv": [0, 0, 11, 1.5], "texture": "#1"},
				"east": {"uv": [0, 0, 1.4, 1.5], "texture": "#1"},
				"south": {"uv": [0, 0, 11, 1.5], "texture": "#1"},
				"west": {"uv": [0, 0, 1.4, 1.5], "texture": "#1"},
				"up": {"uv": [0, 0, 11, 1.4], "texture": "#1"},
				"down": {"uv": [0, 0, 11, 1.4], "texture": "#1"}
			}
		},
		{
			"from": [2.35, -0.05, 8.7],
			"to": [4.55, 1.05, 10],
			"rotation": {"angle": 0, "axis": "y", "origin": [8, 8, 17]},
			"faces": {
				"north": {"uv": [0, 0, 11, 1.5], "texture": "#1"},
				"east": {"uv": [0, 0, 1.4, 1.5], "texture": "#1"},
				"south": {"uv": [0, 0, 11, 1.5], "texture": "#1"},
				"west": {"uv": [0, 0, 1.4, 1.5], "texture": "#1"},
				"up": {"uv": [0, 0, 11, 1.4], "texture": "#1"},
				"down": {"uv": [0, 0, 11, 1.4], "texture": "#1"}
			}
		},
		{
			"from": [4.55, -0.05, 8.6],
			"to": [8.25, 1.05, 10],
			"rotation": {"angle": 0, "axis": "y", "origin": [8, 8, 17]},
			"faces": {
				"north": {"uv": [0, 0, 11, 1.5], "texture": "#1"},
				"east": {"uv": [0, 0, 1.4, 1.5], "texture": "#1"},
				"south": {"uv": [0, 0, 11, 1.5], "texture": "#1"},
				"west": {"uv": [0, 0, 1.4, 1.5], "texture": "#1"},
				"up": {"uv": [0, 0, 11, 1.4], "texture": "#1"},
				"down": {"uv": [0, 0, 11, 1.4], "texture": "#1"}
			}
		},
		{
			"from": [17.8, -0.05, 15.25],
			"to": [18.5, 1.05, 15.95],
			"rotation": {"angle": 45, "axis": "y", "origin": [10.3, 8, 10.7]},
			"faces": {
				"north": {"uv": [0, 0, 0.7, 1.1], "texture": "#0"},
				"east": {"uv": [0, 0, 0.7, 1.1], "texture": "#0"},
				"south": {"uv": [0, 0, 0.7, 1.1], "texture": "#0"},
				"west": {"uv": [0, 0, 0.7, 1.1], "texture": "#0"},
				"up": {"uv": [0, 0, 0.7, 0.7], "rotation": 90, "texture": "#0"},
				"down": {"uv": [0, 0, 0.7, 0.7], "rotation": 270, "texture": "#0"}
			}
		},
		{
			"from": [0.75, 0.05, 8.8],
			"to": [1.25, 0.95, 10.1],
			"rotation": {"angle": 0, "axis": "y", "origin": [7, 8, 17]},
			"faces": {
				"north": {"uv": [0, 0, 0.5, 1.5], "texture": "#0"},
				"east": {"uv": [0, 0, 1.4, 1.5], "texture": "#0"},
				"south": {"uv": [0, 0, 0.5, 1.5], "texture": "#0"},
				"west": {"uv": [0, 0, 1.4, 1.5], "texture": "#0"},
				"up": {"uv": [0, 0, 0.5, 1.4], "texture": "#0"},
				"down": {"uv": [0, 0, 0.5, 1.4], "texture": "#0"}
			}
		},
		{
			"from": [0.75, -0.05, 9],
			"to": [1.25, 1.05, 9.6],
			"rotation": {"angle": 0, "axis": "y", "origin": [7, 8, 17]},
			"faces": {
				"north": {"uv": [0, 0, 0.5, 1.5], "texture": "#0"},
				"east": {"uv": [0, 0, 1.4, 1.5], "texture": "#0"},
				"south": {"uv": [0, 0, 0.5, 1.5], "texture": "#0"},
				"west": {"uv": [0, 0, 1.4, 1.5], "texture": "#0"},
				"up": {"uv": [0, 0, 0.5, 1.4], "texture": "#0"},
				"down": {"uv": [0, 0, 0.5, 1.4], "texture": "#0"}
			}
		},
		{
			"from": [0.75, 0.15, 8.7],
			"to": [1.25, 0.85, 8.8],
			"rotation": {"angle": 0, "axis": "y", "origin": [7, 8, 17]},
			"faces": {
				"north": {"uv": [0, 0, 0.5, 1.5], "texture": "#0"},
				"east": {"uv": [0, 0, 1.4, 1.5], "texture": "#0"},
				"south": {"uv": [0, 0, 0.5, 1.5], "texture": "#0"},
				"west": {"uv": [0, 0, 1.4, 1.5], "texture": "#0"},
				"up": {"uv": [0, 0, 0.5, 1.4], "texture": "#0"},
				"down": {"uv": [0, 0, 0.5, 1.4], "texture": "#0"}
			}
		},
		{
			"from": [-0.25, -0.05, 9],
			"to": [0.75, 1.05, 9.6],
			"rotation": {"angle": 0, "axis": "y", "origin": [5, 8, 17]},
			"faces": {
				"north": {"uv": [0, 0, 2, 1.5], "texture": "#1"},
				"east": {"uv": [0, 0, 1.3, 1.5], "texture": "#1"},
				"south": {"uv": [0, 0, 2, 1.5], "texture": "#1"},
				"west": {"uv": [0, 0, 1.3, 1.5], "texture": "#1"},
				"up": {"uv": [0, 0, 2, 1.3], "texture": "#1"},
				"down": {"uv": [0, 0, 2, 1.3], "texture": "#1"}
			}
		},
		{
			"from": [-0.25, 0.05, 8.8],
			"to": [0.75, 0.95, 10],
			"rotation": {"angle": 0, "axis": "y", "origin": [5, 8, 17]},
			"faces": {
				"north": {"uv": [0, 0, 2, 1.5], "texture": "#1"},
				"east": {"uv": [0, 0, 1.3, 1.5], "texture": "#1"},
				"south": {"uv": [0, 0, 2, 1.5], "texture": "#1"},
				"west": {"uv": [0, 0, 1.3, 1.5], "texture": "#1"},
				"up": {"uv": [0, 0, 2, 1.3], "texture": "#1"},
				"down": {"uv": [0, 0, 2, 1.3], "texture": "#1"}
			}
		},
		{
			"from": [-1.55, 0.15, 8.8],
			"to": [-0.25, 0.85, 10],
			"rotation": {"angle": 0, "axis": "y", "origin": [5, 8, 17]},
			"faces": {
				"north": {"uv": [0, 0, 2, 1.5], "texture": "#1"},
				"east": {"uv": [0, 0, 1.3, 1.5], "texture": "#1"},
				"south": {"uv": [0, 0, 2, 1.5], "texture": "#1"},
				"west": {"uv": [0, 0, 1.3, 1.5], "texture": "#1"},
				"up": {"uv": [0, 0, 2, 1.3], "texture": "#1"},
				"down": {"uv": [0, 0, 2, 1.3], "texture": "#1"}
			}
		},
		{
			"from": [-1.55, 0.05, 9],
			"to": [-0.25, 0.95, 9.6],
			"rotation": {"angle": 0, "axis": "y", "origin": [5, 8, 17]},
			"faces": {
				"north": {"uv": [0, 0, 2, 1.5], "texture": "#1"},
				"east": {"uv": [0, 0, 1.3, 1.5], "texture": "#1"},
				"south": {"uv": [0, 0, 2, 1.5], "texture": "#1"},
				"west": {"uv": [0, 0, 1.3, 1.5], "texture": "#1"},
				"up": {"uv": [0, 0, 2, 1.3], "texture": "#1"},
				"down": {"uv": [0, 0, 2, 1.3], "texture": "#1"}
			}
		},
		{
			"from": [-1.95, 0.05, 9],
			"to": [-1.55, 0.95, 9.6],
			"rotation": {"angle": 0, "axis": "y", "origin": [5, 8, 17]},
			"faces": {
				"north": {"uv": [0, 0, 2, 1.5], "texture": "#0"},
				"east": {"uv": [0, 0, 1.3, 1.5], "texture": "#0"},
				"south": {"uv": [0, 0, 2, 1.5], "texture": "#0"},
				"west": {"uv": [0, 0, 1.3, 1.5], "texture": "#0"},
				"up": {"uv": [0, 0, 2, 1.3], "texture": "#0"},
				"down": {"uv": [0, 0, 2, 1.3], "texture": "#0"}
			}
		},
		{
			"from": [-1.95, 0.15, 8.9],
			"to": [-1.55, 0.85, 10],
			"rotation": {"angle": 0, "axis": "y", "origin": [5, 8, 17]},
			"faces": {
				"north": {"uv": [0, 0, 2, 1.5], "texture": "#0"},
				"east": {"uv": [0, 0, 1.3, 1.5], "texture": "#0"},
				"south": {"uv": [0, 0, 2, 1.5], "texture": "#0"},
				"west": {"uv": [0, 0, 1.3, 1.5], "texture": "#0"},
				"up": {"uv": [0, 0, 2, 1.3], "texture": "#0"},
				"down": {"uv": [0, 0, 2, 1.3], "texture": "#0"}
			}
		},
		{
			"from": [-1.95, 0.2, 10],
			"to": [-1.55, 0.8, 10.2],
			"rotation": {"angle": 0, "axis": "y", "origin": [5, 8, 17]},
			"faces": {
				"north": {"uv": [0, 0, 2, 1.5], "texture": "#0"},
				"east": {"uv": [0, 0, 1.3, 1.5], "texture": "#0"},
				"south": {"uv": [0, 0, 2, 1.5], "texture": "#0"},
				"west": {"uv": [0, 0, 1.3, 1.5], "texture": "#0"},
				"up": {"uv": [0, 0, 2, 1.3], "texture": "#0"},
				"down": {"uv": [0, 0, 2, 1.3], "texture": "#0"}
			}
		},
		{
			"from": [-1.95, 0.3, 10.2],
			"to": [-1.55, 0.7, 10.25],
			"rotation": {"angle": 0, "axis": "y", "origin": [5, 8, 17]},
			"faces": {
				"north": {"uv": [0, 0, 2, 1.5], "texture": "#0"},
				"east": {"uv": [0, 0, 1.3, 1.5], "texture": "#0"},
				"south": {"uv": [0, 0, 2, 1.5], "texture": "#0"},
				"west": {"uv": [0, 0, 1.3, 1.5], "texture": "#0"},
				"up": {"uv": [0, 0, 2, 1.3], "texture": "#0"},
				"down": {"uv": [0, 0, 2, 1.3], "texture": "#0"}
			}
		},
		{
			"from": [0.55, 0.05, 10],
			"to": [0.75, 0.95, 10.1],
			"rotation": {"angle": 0, "axis": "y", "origin": [5, 8, 17]},
			"faces": {
				"north": {"uv": [0, 0, 2, 1.5], "texture": "#1"},
				"east": {"uv": [0, 0, 1.3, 1.5], "texture": "#1"},
				"south": {"uv": [0, 0, 2, 1.5], "texture": "#1"},
				"west": {"uv": [0, 0, 1.3, 1.5], "texture": "#1"},
				"up": {"uv": [0, 0, 2, 1.3], "texture": "#1"},
				"down": {"uv": [0, 0, 2, 1.3], "texture": "#1"}
			}
		},
		{
			"from": [-0.25, 0.15, 8.7],
			"to": [0.75, 0.85, 8.8],
			"rotation": {"angle": 0, "axis": "y", "origin": [5, 8, 17]},
			"faces": {
				"north": {"uv": [0, 0, 2, 1.5], "texture": "#1"},
				"east": {"uv": [0, 0, 1.3, 1.5], "texture": "#1"},
				"south": {"uv": [0, 0, 2, 1.5], "texture": "#1"},
				"west": {"uv": [0, 0, 1.3, 1.5], "texture": "#1"},
				"up": {"uv": [0, 0, 2, 1.3], "texture": "#1"},
				"down": {"uv": [0, 0, 2, 1.3], "texture": "#1"}
			}
		},
		{
			"from": [16.2, 2.3, 8.6],
			"to": [16.45, 2.4, 10],
			"rotation": {"angle": -22.5, "axis": "z", "origin": [11.45, 9.25, 17]},
			"faces": {
				"north": {"uv": [0, 0, 0.5, 0.2], "texture": "#1"},
				"east": {"uv": [0, 0, 1.4, 0.2], "texture": "#1"},
				"south": {"uv": [0, 0, 0.5, 0.2], "texture": "#1"},
				"west": {"uv": [0, 0, 1.4, 0.2], "texture": "#1"},
				"up": {"uv": [0, 0, 0.5, 1.4], "texture": "#1"},
				"down": {"uv": [0, 0, 0.5, 1.4], "texture": "#1"}
			}
		},
		{
			"from": [10.9, -2.45, 8.6],
			"to": [11.2, -2.35, 10],
			"rotation": {"angle": 22.5, "axis": "z", "origin": [6.15, 4.4, 17]},
			"faces": {
				"north": {"uv": [0, 0, 0.5, 0.2], "texture": "#1"},
				"east": {"uv": [0, 0, 1.4, 0.2], "texture": "#1"},
				"south": {"uv": [0, 0, 0.5, 0.2], "texture": "#1"},
				"west": {"uv": [0, 0, 1.4, 0.2], "texture": "#1"},
				"up": {"uv": [0, 0, 0.5, 1.4], "texture": "#1"},
				"down": {"uv": [0, 0, 0.5, 1.4], "texture": "#1"}
			}
		},
		{
			"from": [16.35, 0, 10.15],
			"to": [19.3, 1, 11.5],
			"rotation": {"angle": 22.5, "axis": "y", "origin": [11.3, 8, 18.85]},
			"faces": {
				"north": {"uv": [0, 0, 2.95, 1], "texture": "#1"},
				"east": {"uv": [0, 0, 1.45, 1], "texture": "#1"},
				"south": {"uv": [0, 0, 2.95, 1], "texture": "#1"},
				"west": {"uv": [0, 0, 1.45, 1], "texture": "#1"},
				"up": {"uv": [0, 0, 2.95, 1.45], "texture": "#1"},
				"down": {"uv": [0, 0, 2.95, 1.45], "texture": "#1"}
			}
		},
		{
			"from": [16.45, 0.2, 11.5],
			"to": [19.3, 0.8, 11.65],
			"rotation": {"angle": 22.5, "axis": "y", "origin": [11.3, 8, 18.85]},
			"faces": {
				"north": {"uv": [0, 0, 2.95, 1], "texture": "#1"},
				"east": {"uv": [0, 0, 1.45, 1], "texture": "#1"},
				"south": {"uv": [0, 0, 2.95, 1], "texture": "#1"},
				"west": {"uv": [0, 0, 1.45, 1], "texture": "#1"},
				"up": {"uv": [0, 0, 2.95, 1.45], "texture": "#1"},
				"down": {"uv": [0, 0, 2.95, 1.45], "texture": "#1"}
			}
		},
		{
			"from": [12.45, 0, 5.25],
			"to": [14.55, 1, 6.45],
			"rotation": {"angle": -22.5, "axis": "y", "origin": [7.3, 8, 13.95]},
			"faces": {
				"north": {"uv": [0, 0, 2.1, 1], "texture": "#1"},
				"east": {"uv": [0, 0, 1.2, 1], "texture": "#1"},
				"south": {"uv": [0, 0, 2.1, 1], "texture": "#1"},
				"west": {"uv": [0, 0, 1.2, 1], "texture": "#1"},
				"up": {"uv": [0, 0, 2.1, 1.2], "texture": "#1"},
				"down": {"uv": [0, 0, 2.1, 1.2], "texture": "#1"}
			}
		},
		{
			"from": [16.85, 0, 8.55],
			"to": [22.55, 1, 9.85],
			"rotation": {"angle": 0, "axis": "y", "origin": [11.7, 8, 17.35]},
			"faces": {
				"north": {"uv": [0, 0, 5.7, 1], "texture": "#1"},
				"east": {"uv": [0, 0, 1.3, 1], "texture": "#1"},
				"south": {"uv": [0, 0, 5.7, 1], "texture": "#1"},
				"west": {"uv": [0, 0, 1.3, 1], "texture": "#1"},
				"up": {"uv": [0, 0, 5.7, 1.3], "texture": "#1"},
				"down": {"uv": [0, 0, 5.7, 1.3], "texture": "#1"}
			}
		},
		{
			"from": [17.25, 0.25, 9.85],
			"to": [22.55, 0.75, 9.95],
			"rotation": {"angle": 0, "axis": "y", "origin": [11.7, 8, 17.45]},
			"faces": {
				"north": {"uv": [0, 0, 5.3, 0.5], "texture": "#1"},
				"east": {"uv": [0, 0, 0.1, 0.5], "texture": "#1"},
				"south": {"uv": [0, 0, 5.3, 0.5], "texture": "#1"},
				"west": {"uv": [0, 0, 0.1, 0.5], "texture": "#1"},
				"up": {"uv": [0, 0, 5.3, 0.1], "texture": "#1"},
				"down": {"uv": [0, 0, 5.3, 0.1], "texture": "#1"}
			}
		},
		{
			"from": [19.65, 0, 7.25],
			"to": [22.55, 1, 9.8],
			"rotation": {"angle": 0, "axis": "y", "origin": [14.15, 8, -1.35]},
			"faces": {
				"north": {"uv": [0, 0, 2.9, 1], "texture": "#1"},
				"east": {"uv": [0, 0, 2.55, 1], "texture": "#1"},
				"south": {"uv": [0, 0, 2.9, 1], "texture": "#1"},
				"west": {"uv": [0, 0, 2.55, 1], "texture": "#1"},
				"up": {"uv": [0, 0, 2.55, 2.9], "rotation": 90, "texture": "#1"},
				"down": {"uv": [0, 0, 2.55, 2.9], "rotation": 270, "texture": "#1"}
			}
		},
		{
			"from": [22.55, -0.05, 7.3],
			"to": [22.8, 1.05, 9.85],
			"rotation": {"angle": 0, "axis": "y", "origin": [14.35, 8, -1.3]},
			"faces": {
				"north": {"uv": [0, 0, 0.25, 1], "texture": "#0"},
				"east": {"uv": [0, 0, 2.65, 1], "texture": "#0"},
				"south": {"uv": [0, 0, 0.25, 1], "texture": "#0"},
				"west": {"uv": [0, 0, 2.65, 1], "texture": "#0"},
				"up": {"uv": [0, 0, 2.65, 0.25], "rotation": 90, "texture": "#0"},
				"down": {"uv": [0, 0, 2.65, 0.25], "rotation": 270, "texture": "#0"}
			}
		},
		{
			"from": [22.55, 0.05, 9.85],
			"to": [22.8, 0.95, 9.95],
			"rotation": {"angle": 0, "axis": "y", "origin": [14.35, 8, -1.3]},
			"faces": {
				"north": {"uv": [0, 0, 0.25, 1], "texture": "#0"},
				"east": {"uv": [0, 0, 2.65, 1], "texture": "#0"},
				"south": {"uv": [0, 0, 0.25, 1], "texture": "#0"},
				"west": {"uv": [0, 0, 2.65, 1], "texture": "#0"},
				"up": {"uv": [0, 0, 2.65, 0.25], "rotation": 90, "texture": "#0"},
				"down": {"uv": [0, 0, 2.65, 0.25], "rotation": 270, "texture": "#0"}
			}
		},
		{
			"from": [20.35, 0, 9.65],
			"to": [26.25, 1, 11.05],
			"rotation": {"angle": 22.5, "axis": "y", "origin": [15.2, 8, 18.55]},
			"faces": {
				"north": {"uv": [0, 0, 5.9, 1], "texture": "#1"},
				"east": {"uv": [0, 0, 1.4, 1], "texture": "#1"},
				"south": {"uv": [0, 0, 5.9, 1], "texture": "#1"},
				"west": {"uv": [0, 0, 1.4, 1], "texture": "#1"},
				"up": {"uv": [0, 0, 5.9, 1.4], "texture": "#1"},
				"down": {"uv": [0, 0, 5.9, 1.4], "texture": "#1"}
			}
		},
		{
			"from": [20.35, 0.25, 9.55],
			"to": [26.25, 0.75, 9.65],
			"rotation": {"angle": 22.5, "axis": "y", "origin": [15.2, 8, 18.55]},
			"faces": {
				"north": {"uv": [0, 0, 5.9, 0.5], "texture": "#1"},
				"east": {"uv": [0, 0, 0.1, 0.5], "texture": "#1"},
				"south": {"uv": [0, 0, 5.9, 0.5], "texture": "#1"},
				"west": {"uv": [0, 0, 0.1, 0.5], "texture": "#1"},
				"up": {"uv": [0, 0, 5.9, 0.1], "texture": "#1"},
				"down": {"uv": [0, 0, 5.9, 0.1], "texture": "#1"}
			}
		},
		{
			"from": [26.25, -0.05, 9.65],
			"to": [26.5, 1.05, 11.05],
			"rotation": {"angle": 22.5, "axis": "y", "origin": [15.2, 8, 18.55]},
			"faces": {
				"north": {"uv": [0, 0, 0.25, 1], "texture": "#0"},
				"east": {"uv": [0, 0, 1.5, 1], "texture": "#0"},
				"south": {"uv": [0, 0, 0.25, 1], "texture": "#0"},
				"west": {"uv": [0, 0, 1.5, 1], "texture": "#0"},
				"up": {"uv": [0, 0, 0.25, 1.5], "texture": "#0"},
				"down": {"uv": [0, 0, 0.25, 1.5], "texture": "#0"}
			}
		},
		{
			"from": [26.25, 0.05, 9.55],
			"to": [26.5, 0.95, 9.65],
			"rotation": {"angle": 22.5, "axis": "y", "origin": [15.2, 8, 18.55]},
			"faces": {
				"north": {"uv": [0, 0, 0.25, 1], "texture": "#0"},
				"east": {"uv": [0, 0, 1.5, 1], "texture": "#0"},
				"south": {"uv": [0, 0, 0.25, 1], "texture": "#0"},
				"west": {"uv": [0, 0, 1.5, 1], "texture": "#0"},
				"up": {"uv": [0, 0, 0.25, 1.5], "texture": "#0"},
				"down": {"uv": [0, 0, 0.25, 1.5], "texture": "#0"}
			}
		},
		{
			"from": [15.35, 0, 7.75],
			"to": [16.2, 1, 8.2],
			"rotation": {"angle": 0, "axis": "y", "origin": [8.2, 8, 15.45]},
			"faces": {
				"north": {"uv": [0, 0, 0.85, 1], "texture": "#1"},
				"east": {"uv": [0, 0, 0.45, 1], "texture": "#1"},
				"south": {"uv": [0, 0, 0.85, 1], "texture": "#1"},
				"west": {"uv": [0, 0, 0.45, 1], "texture": "#1"},
				"up": {"uv": [0, 0, 0.85, 0.45], "texture": "#1"},
				"down": {"uv": [0, 0, 0.85, 0.45], "texture": "#1"}
			}
		},
		{
			"from": [16.25, 0, 8.15],
			"to": [17.1, 1, 8.6],
			"rotation": {"angle": 0, "axis": "y", "origin": [9.1, 8, 15.85]},
			"faces": {
				"north": {"uv": [0, 0, 0.85, 1], "texture": "#1"},
				"east": {"uv": [0, 0, 0.45, 1], "texture": "#1"},
				"south": {"uv": [0, 0, 0.85, 1], "texture": "#1"},
				"west": {"uv": [0, 0, 0.45, 1], "texture": "#1"},
				"up": {"uv": [0, 0, 0.85, 0.45], "texture": "#1"},
				"down": {"uv": [0, 0, 0.85, 0.45], "texture": "#1"}
			}
		},
		{
			"from": [16.25, 0.25, 8.05],
			"to": [17.1, 0.75, 8.2],
			"rotation": {"angle": 0, "axis": "y", "origin": [9.1, 8, 15.85]},
			"faces": {
				"north": {"uv": [0, 0, 0.85, 1], "texture": "#1"},
				"east": {"uv": [0, 0, 0.45, 1], "texture": "#1"},
				"south": {"uv": [0, 0, 0.85, 1], "texture": "#1"},
				"west": {"uv": [0, 0, 0.45, 1], "texture": "#1"},
				"up": {"uv": [0, 0, 0.85, 0.45], "texture": "#1"},
				"down": {"uv": [0, 0, 0.85, 0.45], "texture": "#1"}
			}
		},
		{
			"from": [13.6, 0, 11.3],
			"to": [14.05, 1, 12.15],
			"rotation": {"angle": 22.5, "axis": "y", "origin": [6.35, 8, 4.15]},
			"faces": {
				"north": {"uv": [0, 0, 0.45, 1], "texture": "#1"},
				"east": {"uv": [0, 0, 0.85, 1], "texture": "#1"},
				"south": {"uv": [0, 0, 0.45, 1], "texture": "#1"},
				"west": {"uv": [0, 0, 0.85, 1], "texture": "#1"},
				"up": {"uv": [0, 0, 0.85, 0.45], "rotation": 90, "texture": "#1"},
				"down": {"uv": [0, 0, 0.85, 0.45], "rotation": 270, "texture": "#1"}
			}
		},
		{
			"from": [14.05, 0.25, 11.4],
			"to": [14.15, 0.75, 12.15],
			"rotation": {"angle": 22.5, "axis": "y", "origin": [6.35, 8, 4.15]},
			"faces": {
				"north": {"uv": [0, 0, 0.45, 1], "texture": "#1"},
				"east": {"uv": [0, 0, 0.85, 1], "texture": "#1"},
				"south": {"uv": [0, 0, 0.45, 1], "texture": "#1"},
				"west": {"uv": [0, 0, 0.85, 1], "texture": "#1"},
				"up": {"uv": [0, 0, 0.85, 0.45], "rotation": 90, "texture": "#1"},
				"down": {"uv": [0, 0, 0.85, 0.45], "rotation": 270, "texture": "#1"}
			}
		},
		{
			"from": [0.75, 0.2, 10],
			"to": [1.25, 0.8, 10.25],
			"rotation": {"angle": 0, "axis": "y", "origin": [7, 8, 17.3]},
			"faces": {
				"north": {"uv": [0, 0, 0.5, 1], "texture": "#0"},
				"east": {"uv": [0, 0, 0.25, 1], "texture": "#0"},
				"south": {"uv": [0, 0, 0.5, 1], "texture": "#0"},
				"west": {"uv": [0, 0, 0.25, 1], "texture": "#0"},
				"up": {"uv": [0, 0, 0.5, 0.25], "texture": "#0"},
				"down": {"uv": [0, 0, 0.5, 0.25], "texture": "#0"}
			}
		},
		{
			"from": [7.2, 0.2, 10],
			"to": [13.3, 0.8, 10.25],
			"rotation": {"angle": 0, "axis": "y", "origin": [8.5, 8, 17.3]},
			"faces": {
				"north": {"uv": [0, 0, 2.25, 1], "texture": "#1"},
				"east": {"uv": [0, 0, 0.25, 1], "texture": "#1"},
				"south": {"uv": [0, 0, 2.25, 1], "texture": "#1"},
				"west": {"uv": [0, 0, 0.25, 1], "texture": "#1"},
				"up": {"uv": [0, 0, 2.25, 0.25], "texture": "#1"},
				"down": {"uv": [0, 0, 2.25, 0.25], "texture": "#1"}
			}
		},
		{
			"from": [10.4, 0.15, 10.45],
			"to": [11.65, 0.85, 10.55],
			"rotation": {"angle": 0, "axis": "y", "origin": [18.15, 8, 17.3]},
			"faces": {
				"north": {"uv": [0, 0, 2.45, 1.1], "texture": "#0"},
				"east": {"uv": [0, 0, 0.35, 1.1], "texture": "#0"},
				"south": {"uv": [0, 0, 2.45, 1.1], "texture": "#0"},
				"west": {"uv": [0, 0, 0.35, 1.1], "texture": "#0"},
				"up": {"uv": [0, 0, 2.45, 0.35], "texture": "#0"},
				"down": {"uv": [0, 0, 2.45, 0.35], "texture": "#0"}
			}
		},
		{
			"from": [10.4, 0.05, 10],
			"to": [11.65, 0.95, 10.45],
			"rotation": {"angle": 0, "axis": "y", "origin": [18.15, 8, 17.3]},
			"faces": {
				"north": {"uv": [0, 0, 2.45, 1.1], "texture": "#0"},
				"east": {"uv": [0, 0, 0.35, 1.1], "texture": "#0"},
				"south": {"uv": [0, 0, 2.45, 1.1], "texture": "#0"},
				"west": {"uv": [0, 0, 0.35, 1.1], "texture": "#0"},
				"up": {"uv": [0, 0, 2.45, 0.35], "texture": "#0"},
				"down": {"uv": [0, 0, 2.45, 0.35], "texture": "#0"}
			}
		},
		{
			"from": [7.2, 0.05, 9.85],
			"to": [8.45, 0.95, 10.4],
			"rotation": {"angle": 0, "axis": "y", "origin": [18.15, 8, 17.3]},
			"faces": {
				"north": {"uv": [0, 0, 2.45, 1.1], "texture": "#0"},
				"east": {"uv": [0, 0, 0.35, 1.1], "texture": "#0"},
				"south": {"uv": [0, 0, 2.45, 1.1], "texture": "#0"},
				"west": {"uv": [0, 0, 0.35, 1.1], "texture": "#0"},
				"up": {"uv": [0, 0, 2.45, 0.35], "texture": "#0"},
				"down": {"uv": [0, 0, 2.45, 0.35], "texture": "#0"}
			}
		},
		{
			"from": [7.2, 0.15, 10.4],
			"to": [8.45, 0.85, 10.5],
			"rotation": {"angle": 0, "axis": "y", "origin": [18.15, 8, 17.3]},
			"faces": {
				"north": {"uv": [0, 0, 2.45, 1.1], "texture": "#0"},
				"east": {"uv": [0, 0, 0.35, 1.1], "texture": "#0"},
				"south": {"uv": [0, 0, 2.45, 1.1], "texture": "#0"},
				"west": {"uv": [0, 0, 0.35, 1.1], "texture": "#0"},
				"up": {"uv": [0, 0, 2.45, 0.35], "texture": "#0"},
				"down": {"uv": [0, 0, 2.45, 0.35], "texture": "#0"}
			}
		},
		{
			"from": [8.45, 0.15, 9.9],
			"to": [10.5, 0.85, 10.35],
			"rotation": {"angle": 0, "axis": "y", "origin": [18.15, 8, 17.3]},
			"faces": {
				"north": {"uv": [0, 0, 2.45, 1.1], "texture": "#0"},
				"east": {"uv": [0, 0, 0.35, 1.1], "texture": "#0"},
				"south": {"uv": [0, 0, 2.45, 1.1], "texture": "#0"},
				"west": {"uv": [0, 0, 0.35, 1.1], "texture": "#0"},
				"up": {"uv": [0, 0, 2.45, 0.35], "texture": "#0"},
				"down": {"uv": [0, 0, 2.45, 0.35], "texture": "#0"}
			}
		},
		{
			"from": [8.45, 0.25, 10.35],
			"to": [10.5, 0.75, 10.45],
			"rotation": {"angle": 0, "axis": "y", "origin": [18.15, 8, 17.3]},
			"faces": {
				"north": {"uv": [0, 0, 2.45, 1.1], "texture": "#0"},
				"east": {"uv": [0, 0, 0.35, 1.1], "texture": "#0"},
				"south": {"uv": [0, 0, 2.45, 1.1], "texture": "#0"},
				"west": {"uv": [0, 0, 0.35, 1.1], "texture": "#0"},
				"up": {"uv": [0, 0, 2.45, 0.35], "texture": "#0"},
				"down": {"uv": [0, 0, 2.45, 0.35], "texture": "#0"}
			}
		},
		{
			"from": [-7.15, 0.35, 10.1],
			"to": [0.6, 0.65, 10.2],
			"rotation": {"angle": 0, "axis": "y", "origin": [18.15, 8, 17.3]},
			"faces": {
				"north": {"uv": [0, 0, 2.45, 1.1], "texture": "#0"},
				"east": {"uv": [0, 0, 0.35, 1.1], "texture": "#0"},
				"south": {"uv": [0, 0, 2.45, 1.1], "texture": "#0"},
				"west": {"uv": [0, 0, 0.35, 1.1], "texture": "#0"},
				"up": {"uv": [0, 0, 2.45, 0.35], "texture": "#0"},
				"down": {"uv": [0, 0, 2.45, 0.35], "texture": "#0"}
			}
		},
		{
			"from": [-7.15, 0.65, 9.8],
			"to": [0.6, 0.75, 10.1],
			"rotation": {"angle": 0, "axis": "y", "origin": [18.15, 8, 17.3]},
			"faces": {
				"north": {"uv": [0, 0, 2.45, 1.1], "texture": "#0"},
				"east": {"uv": [0, 0, 0.35, 1.1], "texture": "#0"},
				"south": {"uv": [0, 0, 2.45, 1.1], "texture": "#0"},
				"west": {"uv": [0, 0, 0.35, 1.1], "texture": "#0"},
				"up": {"uv": [0, 0, 2.45, 0.35], "texture": "#0"},
				"down": {"uv": [0, 0, 2.45, 0.35], "texture": "#0"}
			}
		},
		{
			"from": [-7.15, 0.25, 9.8],
			"to": [0.6, 0.35, 10.1],
			"rotation": {"angle": 0, "axis": "y", "origin": [18.15, 8, 17.3]},
			"faces": {
				"north": {"uv": [0, 0, 2.45, 1.1], "texture": "#0"},
				"east": {"uv": [0, 0, 0.35, 1.1], "texture": "#0"},
				"south": {"uv": [0, 0, 2.45, 1.1], "texture": "#0"},
				"west": {"uv": [0, 0, 0.35, 1.1], "texture": "#0"},
				"up": {"uv": [0, 0, 2.45, 0.35], "texture": "#0"},
				"down": {"uv": [0, 0, 2.45, 0.35], "texture": "#0"}
			}
		},
		{
			"from": [-7.15, 0.35, 9.7],
			"to": [0.6, 0.65, 9.8],
			"rotation": {"angle": 0, "axis": "y", "origin": [18.15, 8, 17.3]},
			"faces": {
				"north": {"uv": [0, 0, 2.45, 1.1], "texture": "#0"},
				"east": {"uv": [0, 0, 0.35, 1.1], "texture": "#0"},
				"south": {"uv": [0, 0, 2.45, 1.1], "texture": "#0"},
				"west": {"uv": [0, 0, 0.35, 1.1], "texture": "#0"},
				"up": {"uv": [0, 0, 2.45, 0.35], "texture": "#0"},
				"down": {"uv": [0, 0, 2.45, 0.35], "texture": "#0"}
			}
		},
		{
			"from": [-6.75, 0.25, 9.7],
			"to": [-5.8, 0.75, 10.2],
			"rotation": {"angle": 0, "axis": "y", "origin": [18.15, 8, 17.3]},
			"faces": {
				"north": {"uv": [0, 0, 2.45, 1.1], "texture": "#0"},
				"east": {"uv": [0, 0, 0.35, 1.1], "texture": "#0"},
				"south": {"uv": [0, 0, 2.45, 1.1], "texture": "#0"},
				"west": {"uv": [0, 0, 0.35, 1.1], "texture": "#0"},
				"up": {"uv": [0, 0, 2.45, 0.35], "texture": "#0"},
				"down": {"uv": [0, 0, 2.45, 0.35], "texture": "#0"}
			}
		},
		{
			"from": [-6.75, 0.7, 10.2],
			"to": [-5.8, 0.8, 10.6],
			"rotation": {"angle": 0, "axis": "y", "origin": [18.15, 8, 17.3]},
			"faces": {
				"north": {"uv": [0, 0, 2.45, 1.1], "texture": "#0"},
				"east": {"uv": [0, 0, 0.35, 1.1], "texture": "#0"},
				"south": {"uv": [0, 0, 2.45, 1.1], "texture": "#0"},
				"west": {"uv": [0, 0, 0.35, 1.1], "texture": "#0"},
				"up": {"uv": [0, 0, 2.45, 0.35], "texture": "#0"},
				"down": {"uv": [0, 0, 2.45, 0.35], "texture": "#0"}
			}
		},
		{
			"from": [-6.75, 0.35, 10.65],
			"to": [-5.8, 0.65, 10.75],
			"rotation": {"angle": 0, "axis": "y", "origin": [18.15, 8, 17.3]},
			"faces": {
				"north": {"uv": [0, 0, 2.45, 1.1], "texture": "#0"},
				"east": {"uv": [0, 0, 0.35, 1.1], "texture": "#0"},
				"south": {"uv": [0, 0, 2.45, 1.1], "texture": "#0"},
				"west": {"uv": [0, 0, 0.35, 1.1], "texture": "#0"},
				"up": {"uv": [0, 0, 2.45, 0.35], "texture": "#0"},
				"down": {"uv": [0, 0, 2.45, 0.35], "texture": "#0"}
			}
		},
		{
			"from": [-6.75, -1.95, 17.65],
			"to": [-5.8, -1.85, 17.85],
			"rotation": {"angle": 45, "axis": "x", "origin": [18.15, 8, 17.3]},
			"faces": {
				"north": {"uv": [0, 0, 2.45, 1.1], "texture": "#0"},
				"east": {"uv": [0, 0, 0.35, 1.1], "texture": "#0"},
				"south": {"uv": [0, 0, 2.45, 1.1], "texture": "#0"},
				"west": {"uv": [0, 0, 0.35, 1.1], "texture": "#0"},
				"up": {"uv": [0, 0, 2.45, 0.35], "texture": "#0"},
				"down": {"uv": [0, 0, 2.45, 0.35], "texture": "#0"}
			}
		},
		{
			"from": [-6.75, 0.2, 10.2],
			"to": [-5.8, 0.3, 10.6],
			"rotation": {"angle": 0, "axis": "y", "origin": [18.15, 8, 17.3]},
			"faces": {
				"north": {"uv": [0, 0, 2.45, 1.1], "texture": "#0"},
				"east": {"uv": [0, 0, 0.35, 1.1], "texture": "#0"},
				"south": {"uv": [0, 0, 2.45, 1.1], "texture": "#0"},
				"west": {"uv": [0, 0, 0.35, 1.1], "texture": "#0"},
				"up": {"uv": [0, 0, 2.45, 0.35], "texture": "#0"},
				"down": {"uv": [0, 0, 2.45, 0.35], "texture": "#0"}
			}
		},
		{
			"from": [-6.75, -2.25, 17.95],
			"to": [-5.8, -2.05, 18.05],
			"rotation": {"angle": 45, "axis": "x", "origin": [18.15, 8, 17.3]},
			"faces": {
				"north": {"uv": [0, 0, 2.45, 0.35], "rotation": 180, "texture": "#0"},
				"east": {"uv": [0, 0, 0.35, 1.1], "rotation": 90, "texture": "#0"},
				"south": {"uv": [0, 0, 2.45, 0.35], "texture": "#0"},
				"west": {"uv": [0, 0, 0.35, 1.1], "rotation": 270, "texture": "#0"},
				"up": {"uv": [0, 0, 2.45, 1.1], "texture": "#0"},
				"down": {"uv": [0, 0, 2.45, 1.1], "rotation": 180, "texture": "#0"}
			}
		},
		{
			"from": [-6.85, 0.35, 9.8],
			"to": [-6.6, 0.65, 10.1],
			"rotation": {"angle": 0, "axis": "y", "origin": [18.15, 8, 17.3]},
			"faces": {
				"north": {"uv": [0, 0, 2.45, 1.1], "texture": "#2"},
				"east": {"uv": [0, 0, 0.35, 1.1], "texture": "#2"},
				"south": {"uv": [0, 0, 2.45, 1.1], "texture": "#2"},
				"west": {"uv": [0, 0, 0.35, 1.1], "texture": "#2"},
				"up": {"uv": [0, 0, 2.45, 0.35], "texture": "#2"},
				"down": {"uv": [0, 0, 2.45, 0.35], "texture": "#2"}
			}
		},
		{
			"from": [-6.75, 0.2, 9.8],
			"to": [-5.8, 0.8, 10.1],
			"rotation": {"angle": 0, "axis": "y", "origin": [18.15, 8, 17.3]},
			"faces": {
				"north": {"uv": [0, 0, 2.45, 1.1], "texture": "#0"},
				"east": {"uv": [0, 0, 0.35, 1.1], "texture": "#0"},
				"south": {"uv": [0, 0, 2.45, 1.1], "texture": "#0"},
				"west": {"uv": [0, 0, 0.35, 1.1], "texture": "#0"},
				"up": {"uv": [0, 0, 2.45, 0.35], "texture": "#0"},
				"down": {"uv": [0, 0, 2.45, 0.35], "texture": "#0"}
			}
		},
		{
			"from": [-6.75, 0.35, 9.65],
			"to": [-5.8, 0.65, 10.25],
			"rotation": {"angle": 0, "axis": "y", "origin": [18.15, 8, 17.3]},
			"faces": {
				"north": {"uv": [0, 0, 2.45, 1.1], "texture": "#0"},
				"east": {"uv": [0, 0, 0.35, 1.1], "texture": "#0"},
				"south": {"uv": [0, 0, 2.45, 1.1], "texture": "#0"},
				"west": {"uv": [0, 0, 0.35, 1.1], "texture": "#0"},
				"up": {"uv": [0, 0, 2.45, 0.35], "texture": "#0"},
				"down": {"uv": [0, 0, 2.45, 0.35], "texture": "#0"}
			}
		},
		{
			"from": [-6.75, 0.45, 10.25],
			"to": [-6.5, 0.55, 10.5],
			"rotation": {"angle": 0, "axis": "y", "origin": [18.15, 8, 17.3]},
			"faces": {
				"north": {"uv": [0, 0, 2.45, 1.1], "texture": "#0"},
				"east": {"uv": [0, 0, 0.35, 1.1], "texture": "#0"},
				"south": {"uv": [0, 0, 2.45, 1.1], "texture": "#0"},
				"west": {"uv": [0, 0, 0.35, 1.1], "texture": "#0"},
				"up": {"uv": [0, 0, 2.45, 0.35], "texture": "#0"},
				"down": {"uv": [0, 0, 2.45, 0.35], "texture": "#0"}
			}
		},
		{
			"from": [-3.45, 0.4, 9.2],
			"to": [0.6, 0.6, 9.7],
			"rotation": {"angle": 0, "axis": "y", "origin": [18.15, 8, 17.3]},
			"faces": {
				"north": {"uv": [0, 0, 2.45, 1.1], "texture": "#0"},
				"east": {"uv": [0, 0, 0.35, 1.1], "texture": "#0"},
				"south": {"uv": [0, 0, 2.45, 1.1], "texture": "#0"},
				"west": {"uv": [0, 0, 0.35, 1.1], "texture": "#0"},
				"up": {"uv": [0, 0, 2.45, 0.35], "texture": "#0"},
				"down": {"uv": [0, 0, 2.45, 0.35], "texture": "#0"}
			}
		},
		{
			"from": [-4.75, 0.45, 9.1],
			"to": [0.6, 0.55, 9.2],
			"rotation": {"angle": 0, "axis": "y", "origin": [18.15, 8, 17.3]},
			"faces": {
				"north": {"uv": [0, 0, 2.45, 1.1], "texture": "#0"},
				"east": {"uv": [0, 0, 0.35, 1.1], "texture": "#0"},
				"south": {"uv": [0, 0, 2.45, 1.1], "texture": "#0"},
				"west": {"uv": [0, 0, 0.35, 1.1], "texture": "#0"},
				"up": {"uv": [0, 0, 2.45, 0.35], "texture": "#0"},
				"down": {"uv": [0, 0, 2.45, 0.35], "texture": "#0"}
			}
		},
		{
			"from": [-5.9, 0.45, 9.05],
			"to": [-4.75, 0.55, 9.25],
			"rotation": {"angle": 0, "axis": "y", "origin": [18.15, 8, 17.3]},
			"faces": {
				"north": {"uv": [0, 0, 2.45, 1.1], "texture": "#0"},
				"east": {"uv": [0, 0, 0.35, 1.1], "texture": "#0"},
				"south": {"uv": [0, 0, 2.45, 1.1], "texture": "#0"},
				"west": {"uv": [0, 0, 0.35, 1.1], "texture": "#0"},
				"up": {"uv": [0, 0, 2.45, 0.35], "texture": "#0"},
				"down": {"uv": [0, 0, 2.45, 0.35], "texture": "#0"}
			}
		},
		{
			"from": [11.95, 0.25, 10.55],
			"to": [12.9, 0.75, 10.65],
			"rotation": {"angle": 0, "axis": "y", "origin": [18.15, 8, 17.3]},
			"faces": {
				"north": {"uv": [0, 0, 2.45, 1.1], "texture": "#0"},
				"east": {"uv": [0, 0, 0.35, 1.1], "texture": "#0"},
				"south": {"uv": [0, 0, 2.45, 1.1], "texture": "#0"},
				"west": {"uv": [0, 0, 0.35, 1.1], "texture": "#0"},
				"up": {"uv": [0, 0, 2.45, 0.35], "texture": "#0"},
				"down": {"uv": [0, 0, 2.45, 0.35], "texture": "#0"}
			}
		},
		{
			"from": [12.9, 0.3, 10.25],
			"to": [13.2, 0.7, 10.6],
			"rotation": {"angle": 0, "axis": "y", "origin": [18.15, 8, 17.3]},
			"faces": {
				"north": {"uv": [0, 0, 2.45, 1.1], "texture": "#0"},
				"east": {"uv": [0, 0, 0.35, 1.1], "texture": "#0"},
				"south": {"uv": [0, 0, 2.45, 1.1], "texture": "#0"},
				"west": {"uv": [0, 0, 0.35, 1.1], "texture": "#0"},
				"up": {"uv": [0, 0, 2.45, 0.35], "texture": "#0"},
				"down": {"uv": [0, 0, 2.45, 0.35], "texture": "#0"}
			}
		},
		{
			"from": [11.95, 0.25, 10.65],
			"to": [12.05, 0.75, 10.75],
			"rotation": {"angle": 0, "axis": "y", "origin": [18.15, 8, 17.3]},
			"faces": {
				"north": {"uv": [0, 0, 2.45, 1.1], "texture": "#0"},
				"east": {"uv": [0, 0, 0.35, 1.1], "texture": "#0"},
				"south": {"uv": [0, 0, 2.45, 1.1], "texture": "#0"},
				"west": {"uv": [0, 0, 0.35, 1.1], "texture": "#0"},
				"up": {"uv": [0, 0, 2.45, 0.35], "texture": "#0"},
				"down": {"uv": [0, 0, 2.45, 0.35], "texture": "#0"}
			}
		},
		{
			"from": [12.05, 0.3, 10.65],
			"to": [12.25, 0.7, 10.75],
			"rotation": {"angle": 0, "axis": "y", "origin": [18.15, 8, 17.3]},
			"faces": {
				"north": {"uv": [0, 0, 2.45, 1.1], "texture": "#0"},
				"east": {"uv": [0, 0, 0.35, 1.1], "texture": "#0"},
				"south": {"uv": [0, 0, 2.45, 1.1], "texture": "#0"},
				"west": {"uv": [0, 0, 0.35, 1.1], "texture": "#0"},
				"up": {"uv": [0, 0, 2.45, 0.35], "texture": "#0"},
				"down": {"uv": [0, 0, 2.45, 0.35], "texture": "#0"}
			}
		},
		{
			"from": [12.05, 0.35, 10.65],
			"to": [12.75, 0.65, 10.7],
			"rotation": {"angle": 0, "axis": "y", "origin": [18.15, 8, 17.3]},
			"faces": {
				"north": {"uv": [0, 0, 2.45, 1.1], "texture": "#0"},
				"east": {"uv": [0, 0, 0.35, 1.1], "texture": "#0"},
				"south": {"uv": [0, 0, 2.45, 1.1], "texture": "#0"},
				"west": {"uv": [0, 0, 0.35, 1.1], "texture": "#0"},
				"up": {"uv": [0, 0, 2.45, 0.35], "texture": "#0"},
				"down": {"uv": [0, 0, 2.45, 0.35], "texture": "#0"}
			}
		},
		{
			"from": [11.95, 0.15, 10.55],
			"to": [12.05, 0.85, 10.65],
			"rotation": {"angle": 0, "axis": "y", "origin": [18.15, 8, 17.3]},
			"faces": {
				"north": {"uv": [0, 0, 2.45, 1.1], "texture": "#0"},
				"east": {"uv": [0, 0, 0.35, 1.1], "texture": "#0"},
				"south": {"uv": [0, 0, 2.45, 1.1], "texture": "#0"},
				"west": {"uv": [0, 0, 0.35, 1.1], "texture": "#0"},
				"up": {"uv": [0, 0, 2.45, 0.35], "texture": "#0"},
				"down": {"uv": [0, 0, 2.45, 0.35], "texture": "#0"}
			}
		},
		{
			"from": [11.95, 0.05, 10.05],
			"to": [12.05, 0.95, 10.55],
			"rotation": {"angle": 0, "axis": "y", "origin": [18.15, 8, 17.3]},
			"faces": {
				"north": {"uv": [0, 0, 2.45, 1.1], "texture": "#0"},
				"east": {"uv": [0, 0, 0.35, 1.1], "texture": "#0"},
				"south": {"uv": [0, 0, 2.45, 1.1], "texture": "#0"},
				"west": {"uv": [0, 0, 0.35, 1.1], "texture": "#0"},
				"up": {"uv": [0, 0, 2.45, 0.35], "texture": "#0"},
				"down": {"uv": [0, 0, 2.45, 0.35], "texture": "#0"}
			}
		},
		{
			"from": [11.95, 0.15, 10.2],
			"to": [12.9, 0.85, 10.55],
			"rotation": {"angle": 0, "axis": "y", "origin": [18.15, 8, 17.3]},
			"faces": {
				"north": {"uv": [0, 0, 2.45, 1.1], "texture": "#0"},
				"east": {"uv": [0, 0, 0.35, 1.1], "texture": "#0"},
				"south": {"uv": [0, 0, 2.45, 1.1], "texture": "#0"},
				"west": {"uv": [0, 0, 0.35, 1.1], "texture": "#0"},
				"up": {"uv": [0, 0, 2.45, 0.35], "texture": "#0"},
				"down": {"uv": [0, 0, 2.45, 0.35], "texture": "#0"}
			}
		},
		{
			"from": [11.65, 0.25, 10.2],
			"to": [11.95, 1.15, 10.45],
			"rotation": {"angle": 0, "axis": "y", "origin": [18.15, 8, 17.3]},
			"faces": {
				"north": {"uv": [0, 0, 2.45, 1.1], "texture": "#0"},
				"east": {"uv": [0, 0, 0.35, 1.1], "texture": "#0"},
				"south": {"uv": [0, 0, 2.45, 1.1], "texture": "#0"},
				"west": {"uv": [0, 0, 0.35, 1.1], "texture": "#0"},
				"up": {"uv": [0, 0, 2.45, 0.35], "texture": "#0"},
				"down": {"uv": [0, 0, 2.45, 0.35], "texture": "#0"}
			}
		},
		{
			"from": [11.65, 3.45, 12.2],
			"to": [11.95, 3.75, 12.7],
			"rotation": {"angle": 22.5, "axis": "x", "origin": [17.5, 10.75, 5.55]},
			"faces": {
				"north": {"uv": [0, 0, 0.5, 0.5], "rotation": 180, "texture": "#0"},
				"east": {"uv": [0, 0, 0.5, 0.45], "rotation": 90, "texture": "#0"},
				"south": {"uv": [0, 0, 0.5, 0.5], "texture": "#0"},
				"west": {"uv": [0, 0, 0.5, 0.45], "rotation": 270, "texture": "#0"},
				"up": {"uv": [0, 0, 0.5, 0.45], "texture": "#0"},
				"down": {"uv": [0, 0, 0.5, 0.45], "rotation": 180, "texture": "#0"}
			}
		},
		{
			"from": [11.55, 3.45, 12.3],
			"to": [12.05, 3.75, 12.6],
			"rotation": {"angle": 22.5, "axis": "x", "origin": [17.5, 10.75, 5.55]},
			"faces": {
				"north": {"uv": [0, 0, 0.5, 0.5], "rotation": 180, "texture": "#0"},
				"east": {"uv": [0, 0, 0.5, 0.45], "rotation": 90, "texture": "#0"},
				"south": {"uv": [0, 0, 0.5, 0.5], "texture": "#0"},
				"west": {"uv": [0, 0, 0.5, 0.45], "rotation": 270, "texture": "#0"},
				"up": {"uv": [0, 0, 0.5, 0.45], "texture": "#0"},
				"down": {"uv": [0, 0, 0.5, 0.45], "rotation": 180, "texture": "#0"}
			}
		},
		{
			"from": [11.65, 3.35, 12.3],
			"to": [11.95, 3.85, 12.6],
			"rotation": {"angle": 22.5, "axis": "x", "origin": [17.5, 10.75, 5.55]},
			"faces": {
				"north": {"uv": [0, 0, 0.5, 0.5], "rotation": 180, "texture": "#0"},
				"east": {"uv": [0, 0, 0.5, 0.45], "rotation": 90, "texture": "#0"},
				"south": {"uv": [0, 0, 0.5, 0.5], "texture": "#0"},
				"west": {"uv": [0, 0, 0.5, 0.45], "rotation": 270, "texture": "#0"},
				"up": {"uv": [0, 0, 0.5, 0.45], "texture": "#0"},
				"down": {"uv": [0, 0, 0.5, 0.45], "rotation": 180, "texture": "#0"}
			}
		},
		{
			"from": [11.65, 3.55, 12.7],
			"to": [11.95, 3.65, 13.7],
			"rotation": {"angle": 22.5, "axis": "x", "origin": [17.5, 10.75, 5.55]},
			"faces": {
				"north": {"uv": [0, 0, 0.3, 0.3], "rotation": 180, "texture": "#0"},
				"east": {"uv": [0, 0, 0.3, 1.1], "rotation": 90, "texture": "#0"},
				"south": {"uv": [0, 0, 0.3, 0.3], "texture": "#0"},
				"west": {"uv": [0, 0, 0.3, 1.1], "rotation": 270, "texture": "#0"},
				"up": {"uv": [0, 0, 0.3, 1.1], "texture": "#0"},
				"down": {"uv": [0, 0, 0.3, 1.1], "rotation": 180, "texture": "#0"}
			}
		},
		{
			"from": [11.75, 3.45, 12.7],
			"to": [11.85, 3.75, 13.7],
			"rotation": {"angle": 22.5, "axis": "x", "origin": [17.5, 10.75, 5.55]},
			"faces": {
				"north": {"uv": [0, 0, 0.3, 0.3], "rotation": 180, "texture": "#0"},
				"east": {"uv": [0, 0, 0.3, 1.1], "rotation": 90, "texture": "#0"},
				"south": {"uv": [0, 0, 0.3, 0.3], "texture": "#0"},
				"west": {"uv": [0, 0, 0.3, 1.1], "rotation": 270, "texture": "#0"},
				"up": {"uv": [0, 0, 0.3, 1.1], "texture": "#0"},
				"down": {"uv": [0, 0, 0.3, 1.1], "rotation": 180, "texture": "#0"}
			}
		},
		{
			"from": [0.55, 0.2, 10],
			"to": [0.75, 0.8, 10.25],
			"rotation": {"angle": 0, "axis": "y", "origin": [5, 8, 17.3]},
			"faces": {
				"north": {"uv": [0, 0, 2, 1], "texture": "#1"},
				"east": {"uv": [0, 0, 0.25, 1], "texture": "#1"},
				"south": {"uv": [0, 0, 2, 1], "texture": "#1"},
				"west": {"uv": [0, 0, 0.25, 1], "texture": "#1"},
				"up": {"uv": [0, 0, 2, 0.25], "texture": "#1"},
				"down": {"uv": [0, 0, 2, 0.25], "texture": "#1"}
			}
		},
		{
			"from": [9.35, 0, 8.45],
			"to": [13.75, 1, 8.6],
			"rotation": {"angle": 0, "axis": "y", "origin": [8, 8, 15.65]},
			"faces": {
				"north": {"uv": [0, 0, 5.4, 1], "texture": "#1"},
				"east": {"uv": [0, 0, 0.15, 1], "texture": "#1"},
				"south": {"uv": [0, 0, 5.4, 1], "texture": "#1"},
				"west": {"uv": [0, 0, 0.15, 1], "texture": "#1"},
				"up": {"uv": [0, 0, 5.4, 0.15], "texture": "#1"},
				"down": {"uv": [0, 0, 5.4, 0.15], "texture": "#1"}
			}
		},
		{
			"from": [10.65, 0.1, 8.3],
			"to": [14.15, 0.9, 8.45],
			"rotation": {"angle": 0, "axis": "y", "origin": [8, 8, 15.65]},
			"faces": {
				"north": {"uv": [0, 0, 5.4, 1], "texture": "#1"},
				"east": {"uv": [0, 0, 0.15, 1], "texture": "#1"},
				"south": {"uv": [0, 0, 5.4, 1], "texture": "#1"},
				"west": {"uv": [0, 0, 0.15, 1], "texture": "#1"},
				"up": {"uv": [0, 0, 5.4, 0.15], "texture": "#1"},
				"down": {"uv": [0, 0, 5.4, 0.15], "texture": "#1"}
			}
		},
		{
			"from": [5.55, 0.1, 8.5],
			"to": [9.3, 0.9, 8.65],
			"rotation": {"angle": 0, "axis": "y", "origin": [6.9, 8, 15.7]},
			"faces": {
				"north": {"uv": [0, 0, 3.75, 1], "texture": "#1"},
				"east": {"uv": [0, 0, 0.15, 1], "texture": "#1"},
				"south": {"uv": [0, 0, 3.75, 1], "texture": "#1"},
				"west": {"uv": [0, 0, 0.15, 1], "texture": "#1"},
				"up": {"uv": [0, 0, 3.75, 0.15], "texture": "#1"},
				"down": {"uv": [0, 0, 3.75, 0.15], "texture": "#1"}
			}
		},
		{
			"from": [2.35, 0, 8.6],
			"to": [4.6, 1, 8.75],
			"rotation": {"angle": 0, "axis": "y", "origin": [6.9, 8, 15.7]},
			"faces": {
				"north": {"uv": [0, 0, 3.75, 1], "texture": "#1"},
				"east": {"uv": [0, 0, 0.15, 1], "texture": "#1"},
				"south": {"uv": [0, 0, 3.75, 1], "texture": "#1"},
				"west": {"uv": [0, 0, 0.15, 1], "texture": "#1"},
				"up": {"uv": [0, 0, 3.75, 0.15], "texture": "#1"},
				"down": {"uv": [0, 0, 3.75, 0.15], "texture": "#1"}
			}
		},
		{
			"from": [13.05, 0.25, 7.6],
			"to": [13.2, 0.75, 8.35],
			"rotation": {"angle": 0, "axis": "y", "origin": [11.9, 8, 15.4]},
			"faces": {
				"north": {"uv": [0, 0, 0.15, 0.1], "texture": "#0"},
				"east": {"uv": [0, 0, 0.75, 0.1], "texture": "#0"},
				"south": {"uv": [0, 0, 0.15, 0.1], "texture": "#0"},
				"west": {"uv": [0, 0, 0.75, 0.1], "texture": "#0"},
				"up": {"uv": [0, 0, 0.15, 0.75], "texture": "#0"},
				"down": {"uv": [0, 0, 0.15, 0.75], "texture": "#0"}
			}
		},
		{
			"from": [12.55, 0.45, 8],
			"to": [12.7, 0.55, 8.35],
			"rotation": {"angle": 0, "axis": "y", "origin": [11.4, 8, 15.4]},
			"faces": {
				"north": {"uv": [0, 0, 0.15, 0.1], "texture": "#0"},
				"east": {"uv": [0, 0, 0.35, 0.1], "texture": "#0"},
				"south": {"uv": [0, 0, 0.15, 0.1], "texture": "#0"},
				"west": {"uv": [0, 0, 0.35, 0.1], "texture": "#0"},
				"up": {"uv": [0, 0, 0.15, 0.35], "texture": "#0"},
				"down": {"uv": [0, 0, 0.15, 0.35], "texture": "#0"}
			}
		},
		{
			"from": [11.9, 0.25, 7.4],
			"to": [12.95, 0.75, 7.55],
			"rotation": {"angle": 0, "axis": "y", "origin": [19.9, 8, 8.8]},
			"faces": {
				"north": {"uv": [0, 0, 1.35, 0.1], "texture": "#0"},
				"east": {"uv": [0, 0, 0.15, 0.1], "texture": "#0"},
				"south": {"uv": [0, 0, 1.35, 0.1], "texture": "#0"},
				"west": {"uv": [0, 0, 0.15, 0.1], "texture": "#0"},
				"up": {"uv": [0, 0, 0.15, 1.35], "rotation": 270, "texture": "#0"},
				"down": {"uv": [0, 0, 0.15, 1.35], "rotation": 90, "texture": "#0"}
			}
		},
		{
			"from": [18.4, 0.25, 6.15],
			"to": [18.55, 0.75, 6.45],
			"rotation": {"angle": 45, "axis": "y", "origin": [17.25, 8, 13.5]},
			"faces": {
				"north": {"uv": [0, 0, 0.15, 0.1], "texture": "#0"},
				"east": {"uv": [0, 0, 0.1, 0.1], "texture": "#0"},
				"south": {"uv": [0, 0, 0.15, 0.1], "texture": "#0"},
				"west": {"uv": [0, 0, 0.1, 0.1], "texture": "#0"},
				"up": {"uv": [0, 0, 0.15, 0.1], "texture": "#0"},
				"down": {"uv": [0, 0, 0.15, 0.1], "texture": "#0"}
			}
		},
		{
			"from": [15.35, 0.45, 7.75],
			"to": [15.5, 0.55, 7.95],
			"rotation": {"angle": 22.5, "axis": "y", "origin": [14.2, 8, 15]},
			"faces": {
				"north": {"uv": [0, 0, 0.15, 0.1], "texture": "#0"},
				"east": {"uv": [0, 0, 0.2, 0.1], "texture": "#0"},
				"south": {"uv": [0, 0, 0.15, 0.1], "texture": "#0"},
				"west": {"uv": [0, 0, 0.2, 0.1], "texture": "#0"},
				"up": {"uv": [0, 0, 0.15, 0.2], "texture": "#0"},
				"down": {"uv": [0, 0, 0.15, 0.2], "texture": "#0"}
			}
		},
		{
			"from": [11, 0.25, 10.2],
			"to": [11.15, 0.75, 10.65],
			"rotation": {"angle": -22.5, "axis": "y", "origin": [17.25, 8, 14.3]},
			"faces": {
				"north": {"uv": [0, 0, 0.15, 0.1], "texture": "#0"},
				"east": {"uv": [0, 0, 0.15, 0.1], "texture": "#0"},
				"south": {"uv": [0, 0, 0.15, 0.1], "texture": "#0"},
				"west": {"uv": [0, 0, 0.15, 0.1], "texture": "#0"},
				"up": {"uv": [0, 0, 0.15, 0.15], "rotation": 270, "texture": "#0"},
				"down": {"uv": [0, 0, 0.15, 0.15], "rotation": 90, "texture": "#0"}
			}
		},
		{
			"from": [9.7, 0.25, 10.7],
			"to": [9.85, 0.75, 11.15],
			"rotation": {"angle": -22.5, "axis": "y", "origin": [17.25, 8, 14.3]},
			"faces": {
				"north": {"uv": [0, 0, 0.15, 0.1], "texture": "#0"},
				"east": {"uv": [0, 0, 0.15, 0.1], "texture": "#0"},
				"south": {"uv": [0, 0, 0.15, 0.1], "texture": "#0"},
				"west": {"uv": [0, 0, 0.15, 0.1], "texture": "#0"},
				"up": {"uv": [0, 0, 0.15, 0.15], "rotation": 270, "texture": "#0"},
				"down": {"uv": [0, 0, 0.15, 0.15], "rotation": 90, "texture": "#0"}
			}
		},
		{
			"from": [14.45, 0.25, 6.45],
			"to": [14.6, 0.75, 6.9],
			"rotation": {"angle": 22.5, "axis": "y", "origin": [17.25, 8, 14.3]},
			"faces": {
				"north": {"uv": [0, 0, 0.15, 0.1], "texture": "#0"},
				"east": {"uv": [0, 0, 0.15, 0.1], "texture": "#0"},
				"south": {"uv": [0, 0, 0.15, 0.1], "texture": "#0"},
				"west": {"uv": [0, 0, 0.15, 0.1], "texture": "#0"},
				"up": {"uv": [0, 0, 0.15, 0.15], "rotation": 270, "texture": "#0"},
				"down": {"uv": [0, 0, 0.15, 0.15], "rotation": 90, "texture": "#0"}
			}
		},
		{
			"from": [15.75, 0.25, 7],
			"to": [15.9, 0.75, 7.45],
			"rotation": {"angle": 22.5, "axis": "y", "origin": [17.25, 8, 14.3]},
			"faces": {
				"north": {"uv": [0, 0, 0.15, 0.1], "texture": "#0"},
				"east": {"uv": [0, 0, 0.15, 0.1], "texture": "#0"},
				"south": {"uv": [0, 0, 0.15, 0.1], "texture": "#0"},
				"west": {"uv": [0, 0, 0.15, 0.1], "texture": "#0"},
				"up": {"uv": [0, 0, 0.15, 0.15], "rotation": 270, "texture": "#0"},
				"down": {"uv": [0, 0, 0.15, 0.15], "rotation": 90, "texture": "#0"}
			}
		},
		{
			"from": [17.1, 0.25, 6.3],
			"to": [17.4, 0.75, 6.45],
			"rotation": {"angle": 45, "axis": "y", "origin": [15.95, 8, 13.5]},
			"faces": {
				"north": {"uv": [0, 0, 0.1, 0.1], "texture": "#0"},
				"east": {"uv": [0, 0, 0.15, 0.1], "texture": "#0"},
				"south": {"uv": [0, 0, 0.1, 0.1], "texture": "#0"},
				"west": {"uv": [0, 0, 0.15, 0.1], "texture": "#0"},
				"up": {"uv": [0, 0, 0.1, 0.15], "texture": "#0"},
				"down": {"uv": [0, 0, 0.1, 0.15], "texture": "#0"}
			}
		},
		{
			"from": [11.65, 0.25, 7.6],
			"to": [11.8, 0.75, 8.35],
			"rotation": {"angle": 0, "axis": "y", "origin": [10.5, 8, 15.4]},
			"faces": {
				"north": {"uv": [0, 0, 0.15, 0.1], "texture": "#0"},
				"east": {"uv": [0, 0, 0.75, 0.1], "texture": "#0"},
				"south": {"uv": [0, 0, 0.15, 0.1], "texture": "#0"},
				"west": {"uv": [0, 0, 0.75, 0.1], "texture": "#0"},
				"up": {"uv": [0, 0, 0.15, 0.75], "texture": "#0"},
				"down": {"uv": [0, 0, 0.15, 0.75], "texture": "#0"}
			}
		},
		{
			"from": [11.15, 0, 7],
			"to": [11.75, 1, 7.15],
			"rotation": {"angle": 22.5, "axis": "y", "origin": [14.25, 8, 13.8]},
			"faces": {
				"north": {"uv": [0, 0, 0.6, 1], "texture": "#1"},
				"east": {"uv": [0, 0, 0.15, 1], "texture": "#1"},
				"south": {"uv": [0, 0, 0.6, 1], "texture": "#1"},
				"west": {"uv": [0, 0, 0.15, 1], "texture": "#1"},
				"up": {"uv": [0, 0, 0.6, 0.15], "texture": "#1"},
				"down": {"uv": [0, 0, 0.6, 0.15], "texture": "#1"}
			}
		},
		{
			"from": [12.45, 0.1, 7.35],
			"to": [13.05, 0.9, 7.5],
			"rotation": {"angle": 22.5, "axis": "y", "origin": [14.25, 8, 13.8]},
			"faces": {
				"north": {"uv": [0, 0, 0.6, 1], "texture": "#1"},
				"east": {"uv": [0, 0, 0.15, 1], "texture": "#1"},
				"south": {"uv": [0, 0, 0.6, 1], "texture": "#1"},
				"west": {"uv": [0, 0, 0.15, 1], "texture": "#1"},
				"up": {"uv": [0, 0, 0.6, 0.15], "texture": "#1"},
				"down": {"uv": [0, 0, 0.6, 0.15], "texture": "#1"}
			}
		},
		{
			"from": [7.95, 0.1, 5.6],
			"to": [8.25, 0.9, 5.75],
			"rotation": {"angle": 22.5, "axis": "y", "origin": [14.25, 8, 13.8]},
			"faces": {
				"north": {"uv": [0, 0, 0.6, 1], "texture": "#1"},
				"east": {"uv": [0, 0, 0.15, 1], "texture": "#1"},
				"south": {"uv": [0, 0, 0.6, 1], "texture": "#1"},
				"west": {"uv": [0, 0, 0.15, 1], "texture": "#1"},
				"up": {"uv": [0, 0, 0.6, 0.15], "texture": "#1"},
				"down": {"uv": [0, 0, 0.6, 0.15], "texture": "#1"}
			}
		},
		{
			"from": [4.95, 0.15, 4.45],
			"to": [5.25, 0.85, 4.6],
			"rotation": {"angle": 22.5, "axis": "y", "origin": [14.25, 8, 13.8]},
			"faces": {
				"north": {"uv": [0, 0, 0.6, 1], "texture": "#1"},
				"east": {"uv": [0, 0, 0.15, 1], "texture": "#1"},
				"south": {"uv": [0, 0, 0.6, 1], "texture": "#1"},
				"west": {"uv": [0, 0, 0.15, 1], "texture": "#1"},
				"up": {"uv": [0, 0, 0.6, 0.15], "texture": "#1"},
				"down": {"uv": [0, 0, 0.6, 0.15], "texture": "#1"}
			}
		},
		{
			"from": [7.2, 3.7, 2.6],
			"to": [8.45, 4.05, 2.9],
			"rotation": {"angle": -45, "axis": "x", "origin": [8.5, 11.1, 10.05]},
			"faces": {
				"north": {"uv": [0, 0, 2.25, 0.35], "texture": "#1"},
				"east": {"uv": [0, 0, 0.3, 0.35], "texture": "#1"},
				"south": {"uv": [0, 0, 2.25, 0.35], "texture": "#1"},
				"west": {"uv": [0, 0, 0.3, 0.35], "texture": "#1"},
				"up": {"uv": [0, 0, 2.25, 0.3], "texture": "#1"},
				"down": {"uv": [0, 0, 2.25, 0.3], "texture": "#1"}
			}
		},
		{
			"from": [10.35, 3.7, 2.6],
			"to": [13.2, 4, 2.9],
			"rotation": {"angle": -45, "axis": "x", "origin": [8.5, 11.1, 10.05]},
			"faces": {
				"north": {"uv": [0, 0, 2.25, 0.35], "texture": "#1"},
				"east": {"uv": [0, 0, 0.3, 0.35], "texture": "#1"},
				"south": {"uv": [0, 0, 2.25, 0.35], "texture": "#1"},
				"west": {"uv": [0, 0, 0.3, 0.35], "texture": "#1"},
				"up": {"uv": [0, 0, 2.25, 0.3], "texture": "#1"},
				"down": {"uv": [0, 0, 2.25, 0.3], "texture": "#1"}
			}
		},
		{
			"from": [0.75, 3.7, 2.6],
			"to": [1.25, 3.9, 2.9],
			"rotation": {"angle": -45, "axis": "x", "origin": [7.5, 11.1, 10.05]},
			"faces": {
				"north": {"uv": [0, 0, 2.25, 0.35], "texture": "#0"},
				"east": {"uv": [0, 0, 0.3, 0.35], "texture": "#0"},
				"south": {"uv": [0, 0, 2.25, 0.35], "texture": "#0"},
				"west": {"uv": [0, 0, 0.3, 0.35], "texture": "#0"},
				"up": {"uv": [0, 0, 2.25, 0.3], "texture": "#0"},
				"down": {"uv": [0, 0, 2.25, 0.3], "texture": "#0"}
			}
		},
		{
			"from": [0.55, 3.7, 2.6],
			"to": [0.75, 3.9, 2.9],
			"rotation": {"angle": -45, "axis": "x", "origin": [7.5, 11.1, 10.05]},
			"faces": {
				"north": {"uv": [0, 0, 2.25, 0.35], "texture": "#1"},
				"east": {"uv": [0, 0, 0.3, 0.35], "texture": "#1"},
				"south": {"uv": [0, 0, 2.25, 0.35], "texture": "#1"},
				"west": {"uv": [0, 0, 0.3, 0.35], "texture": "#1"},
				"up": {"uv": [0, 0, 2.25, 0.3], "texture": "#1"},
				"down": {"uv": [0, 0, 2.25, 0.3], "texture": "#1"}
			}
		},
		{
			"from": [7.2, -7.25, 12.7],
			"to": [13.2, -6.9, 12.95],
			"rotation": {"angle": 45, "axis": "x", "origin": [8.5, -0.05, 20.15]},
			"faces": {
				"north": {"uv": [0, 0, 2.25, 0.35], "texture": "#1"},
				"east": {"uv": [0, 0, 0.25, 0.35], "texture": "#1"},
				"south": {"uv": [0, 0, 2.25, 0.35], "texture": "#1"},
				"west": {"uv": [0, 0, 0.25, 0.35], "texture": "#1"},
				"up": {"uv": [0, 0, 2.25, 0.25], "texture": "#1"},
				"down": {"uv": [0, 0, 2.25, 0.25], "texture": "#1"}
			}
		},
		{
			"from": [2.35, -7.25, 12.7],
			"to": [4.8, -6.9, 12.95],
			"rotation": {"angle": 45, "axis": "x", "origin": [2.55, -0.05, 20.15]},
			"faces": {
				"north": {"uv": [0, 0, 2.25, 0.35], "texture": "#1"},
				"east": {"uv": [0, 0, 0.25, 0.35], "texture": "#1"},
				"south": {"uv": [0, 0, 2.25, 0.35], "texture": "#1"},
				"west": {"uv": [0, 0, 0.25, 0.35], "texture": "#1"},
				"up": {"uv": [0, 0, 2.25, 0.25], "texture": "#1"},
				"down": {"uv": [0, 0, 2.25, 0.25], "texture": "#1"}
			}
		},
		{
			"from": [2.35, 0.2, 10],
			"to": [4.8, 0.8, 10.25],
			"rotation": {"angle": 0, "axis": "y", "origin": [2.55, 8, 17.3]},
			"faces": {
				"north": {"uv": [0, 0, 2.25, 1], "texture": "#1"},
				"east": {"uv": [0, 0, 0.25, 1], "texture": "#1"},
				"south": {"uv": [0, 0, 2.25, 1], "texture": "#1"},
				"west": {"uv": [0, 0, 0.25, 1], "texture": "#1"},
				"up": {"uv": [0, 0, 2.25, 0.25], "texture": "#1"},
				"down": {"uv": [0, 0, 2.25, 0.25], "texture": "#1"}
			}
		},
		{
			"from": [2.35, 3.7, 2.6],
			"to": [4.8, 4.05, 2.9],
			"rotation": {"angle": -45, "axis": "x", "origin": [2.55, 11.1, 10.05]},
			"faces": {
				"north": {"uv": [0, 0, 2.25, 0.35], "texture": "#1"},
				"east": {"uv": [0, 0, 0.3, 0.35], "texture": "#1"},
				"south": {"uv": [0, 0, 2.25, 0.35], "texture": "#1"},
				"west": {"uv": [0, 0, 0.3, 0.35], "texture": "#1"},
				"up": {"uv": [0, 0, 2.25, 0.3], "texture": "#1"},
				"down": {"uv": [0, 0, 2.25, 0.3], "texture": "#1"}
			}
		},
		{
			"from": [4.8, -7.25, 12.7],
			"to": [7.2, -6.9, 12.95],
			"rotation": {"angle": 45, "axis": "x", "origin": [5.6, -0.05, 20.15]},
			"faces": {
				"north": {"uv": [0, 0, 2.25, 0.35], "texture": "#0"},
				"east": {"uv": [0, 0, 0.25, 0.35], "texture": "#0"},
				"south": {"uv": [0, 0, 2.25, 0.35], "texture": "#0"},
				"west": {"uv": [0, 0, 0.25, 0.35], "texture": "#0"},
				"up": {"uv": [0, 0, 2.25, 0.25], "texture": "#0"},
				"down": {"uv": [0, 0, 2.25, 0.25], "texture": "#0"}
			}
		},
		{
			"from": [4.8, 0.2, 10],
			"to": [7.2, 0.8, 10.25],
			"rotation": {"angle": 0, "axis": "y", "origin": [5.6, 8, 17.3]},
			"faces": {
				"north": {"uv": [0, 0, 2.25, 1], "texture": "#0"},
				"east": {"uv": [0, 0, 0.25, 1], "texture": "#0"},
				"south": {"uv": [0, 0, 2.25, 1], "texture": "#0"},
				"west": {"uv": [0, 0, 0.25, 1], "texture": "#0"},
				"up": {"uv": [0, 0, 2.25, 0.25], "texture": "#0"},
				"down": {"uv": [0, 0, 2.25, 0.25], "texture": "#0"}
			}
		},
		{
			"from": [6.1, 0.2, 10],
			"to": [7.2, 0.8, 10.35],
			"rotation": {"angle": 0, "axis": "y", "origin": [5.6, 8, 17.3]},
			"faces": {
				"north": {"uv": [0, 0, 2.25, 1], "texture": "#0"},
				"east": {"uv": [0, 0, 0.25, 1], "texture": "#0"},
				"south": {"uv": [0, 0, 2.25, 1], "texture": "#0"},
				"west": {"uv": [0, 0, 0.25, 1], "texture": "#0"},
				"up": {"uv": [0, 0, 2.25, 0.25], "texture": "#0"},
				"down": {"uv": [0, 0, 2.25, 0.25], "texture": "#0"}
			}
		},
		{
			"from": [4.8, 0.3, 10.25],
			"to": [6.5, 0.7, 10.45],
			"rotation": {"angle": 0, "axis": "y", "origin": [5.6, 8, 17.3]},
			"faces": {
				"north": {"uv": [0, 0, 2.25, 1], "texture": "#0"},
				"east": {"uv": [0, 0, 0.25, 1], "texture": "#0"},
				"south": {"uv": [0, 0, 2.25, 1], "texture": "#0"},
				"west": {"uv": [0, 0, 0.25, 1], "texture": "#0"},
				"up": {"uv": [0, 0, 2.25, 0.25], "texture": "#0"},
				"down": {"uv": [0, 0, 2.25, 0.25], "texture": "#0"}
			}
		},
		{
			"from": [6.2, 0.7, 10.55],
			"to": [6.4, 0.8, 10.75],
			"rotation": {"angle": 0, "axis": "y", "origin": [5.6, 8, 17.4]},
			"faces": {
				"north": {"uv": [0, 0, 2.25, 1], "texture": "#0"},
				"east": {"uv": [0, 0, 0.25, 1], "texture": "#0"},
				"south": {"uv": [0, 0, 2.25, 1], "texture": "#0"},
				"west": {"uv": [0, 0, 0.25, 1], "texture": "#0"},
				"up": {"uv": [0, 0, 2.25, 0.25], "texture": "#0"},
				"down": {"uv": [0, 0, 2.25, 0.25], "texture": "#0"}
			}
		},
		{
			"from": [4.8, 0.6, 10.75],
			"to": [5.1, 0.7, 10.85],
			"rotation": {"angle": 0, "axis": "y", "origin": [5.6, 8, 17.4]},
			"faces": {
				"north": {"uv": [0, 0, 2.25, 1], "texture": "#0"},
				"east": {"uv": [0, 0, 0.25, 1], "texture": "#0"},
				"south": {"uv": [0, 0, 2.25, 1], "texture": "#0"},
				"west": {"uv": [0, 0, 0.25, 1], "texture": "#0"},
				"up": {"uv": [0, 0, 2.25, 0.25], "texture": "#0"},
				"down": {"uv": [0, 0, 2.25, 0.25], "texture": "#0"}
			}
		},
		{
			"from": [4.8, 0.3, 10.75],
			"to": [5.1, 0.4, 10.85],
			"rotation": {"angle": 0, "axis": "y", "origin": [5.6, 8, 17.4]},
			"faces": {
				"north": {"uv": [0, 0, 2.25, 1], "texture": "#0"},
				"east": {"uv": [0, 0, 0.25, 1], "texture": "#0"},
				"south": {"uv": [0, 0, 2.25, 1], "texture": "#0"},
				"west": {"uv": [0, 0, 0.25, 1], "texture": "#0"},
				"up": {"uv": [0, 0, 2.25, 0.25], "texture": "#0"},
				"down": {"uv": [0, 0, 2.25, 0.25], "texture": "#0"}
			}
		},
		{
			"from": [6.2, 0.2, 10.55],
			"to": [6.4, 0.3, 10.75],
			"rotation": {"angle": 0, "axis": "y", "origin": [5.6, 8, 17.4]},
			"faces": {
				"north": {"uv": [0, 0, 2.25, 1], "texture": "#0"},
				"east": {"uv": [0, 0, 0.25, 1], "texture": "#0"},
				"south": {"uv": [0, 0, 2.25, 1], "texture": "#0"},
				"west": {"uv": [0, 0, 0.25, 1], "texture": "#0"},
				"up": {"uv": [0, 0, 2.25, 0.25], "texture": "#0"},
				"down": {"uv": [0, 0, 2.25, 0.25], "texture": "#0"}
			}
		},
		{
			"from": [4.8, 0.2, 10.25],
			"to": [6.5, 0.8, 10.55],
			"rotation": {"angle": 0, "axis": "y", "origin": [5.6, 8, 17.3]},
			"faces": {
				"north": {"uv": [0, 0, 2.25, 1], "texture": "#0"},
				"east": {"uv": [0, 0, 0.25, 1], "texture": "#0"},
				"south": {"uv": [0, 0, 2.25, 1], "texture": "#0"},
				"west": {"uv": [0, 0, 0.25, 1], "texture": "#0"},
				"up": {"uv": [0, 0, 2.25, 0.25], "texture": "#0"},
				"down": {"uv": [0, 0, 2.25, 0.25], "texture": "#0"}
			}
		},
		{
			"from": [4.8, 0.4, 10.5],
			"to": [6.5, 0.6, 10.6],
			"rotation": {"angle": 0, "axis": "y", "origin": [5.6, 8, 17.4]},
			"faces": {
				"north": {"uv": [0, 0, 2.25, 1], "texture": "#0"},
				"east": {"uv": [0, 0, 0.25, 1], "texture": "#0"},
				"south": {"uv": [0, 0, 2.25, 1], "texture": "#0"},
				"west": {"uv": [0, 0, 0.25, 1], "texture": "#0"},
				"up": {"uv": [0, 0, 2.25, 0.25], "texture": "#0"},
				"down": {"uv": [0, 0, 2.25, 0.25], "texture": "#0"}
			}
		},
		{
			"from": [4.8, 0.6, 10.55],
			"to": [6.5, 0.7, 10.75],
			"rotation": {"angle": 0, "axis": "y", "origin": [5.6, 8, 17.4]},
			"faces": {
				"north": {"uv": [0, 0, 2.25, 1], "texture": "#0"},
				"east": {"uv": [0, 0, 0.25, 1], "texture": "#0"},
				"south": {"uv": [0, 0, 2.25, 1], "texture": "#0"},
				"west": {"uv": [0, 0, 0.25, 1], "texture": "#0"},
				"up": {"uv": [0, 0, 2.25, 0.25], "texture": "#0"},
				"down": {"uv": [0, 0, 2.25, 0.25], "texture": "#0"}
			}
		},
		{
			"from": [4.8, 3.7, 8.1],
			"to": [6.5, 3.8, 8.4],
			"rotation": {"angle": -22.5, "axis": "x", "origin": [5.6, 8, 17.4]},
			"faces": {
				"north": {"uv": [0, 0, 2.25, 1], "texture": "#0"},
				"east": {"uv": [0, 0, 0.25, 1], "texture": "#0"},
				"south": {"uv": [0, 0, 2.25, 1], "texture": "#0"},
				"west": {"uv": [0, 0, 0.25, 1], "texture": "#0"},
				"up": {"uv": [0, 0, 2.25, 0.25], "texture": "#0"},
				"down": {"uv": [0, 0, 2.25, 0.25], "texture": "#0"}
			}
		},
		{
			"from": [4.8, 0.3, 10.55],
			"to": [6.5, 0.4, 10.75],
			"rotation": {"angle": 0, "axis": "y", "origin": [5.6, 8, 17.4]},
			"faces": {
				"north": {"uv": [0, 0, 2.25, 1], "texture": "#0"},
				"east": {"uv": [0, 0, 0.25, 1], "texture": "#0"},
				"south": {"uv": [0, 0, 2.25, 1], "texture": "#0"},
				"west": {"uv": [0, 0, 0.25, 1], "texture": "#0"},
				"up": {"uv": [0, 0, 2.25, 0.25], "texture": "#0"},
				"down": {"uv": [0, 0, 2.25, 0.25], "texture": "#0"}
			}
		},
		{
			"from": [4.8, -1.65, 13.85],
			"to": [6.5, -1.55, 14.15],
			"rotation": {"angle": 22.5, "axis": "x", "origin": [5.6, 8, 17.4]},
			"faces": {
				"north": {"uv": [0, 0, 2.25, 1], "texture": "#0"},
				"east": {"uv": [0, 0, 0.25, 1], "texture": "#0"},
				"south": {"uv": [0, 0, 2.25, 1], "texture": "#0"},
				"west": {"uv": [0, 0, 0.25, 1], "texture": "#0"},
				"up": {"uv": [0, 0, 2.25, 0.25], "texture": "#0"},
				"down": {"uv": [0, 0, 2.25, 0.25], "texture": "#0"}
			}
		},
		{
			"from": [4.8, 3.7, 2.6],
			"to": [7.2, 4, 2.9],
			"rotation": {"angle": -45, "axis": "x", "origin": [5.6, 11.1, 10.05]},
			"faces": {
				"north": {"uv": [0, 0, 2.25, 0.35], "texture": "#0"},
				"east": {"uv": [0, 0, 0.3, 0.35], "texture": "#0"},
				"south": {"uv": [0, 0, 2.25, 0.35], "texture": "#0"},
				"west": {"uv": [0, 0, 0.3, 0.35], "texture": "#0"},
				"up": {"uv": [0, 0, 2.25, 0.3], "texture": "#0"},
				"down": {"uv": [0, 0, 2.25, 0.3], "texture": "#0"}
			}
		},
		{
			"from": [0.75, -7.1, 12.7],
			"to": [1.25, -6.9, 12.95],
			"rotation": {"angle": 45, "axis": "x", "origin": [7.5, -0.05, 20.15]},
			"faces": {
				"north": {"uv": [0, 0, 2.25, 0.35], "texture": "#0"},
				"east": {"uv": [0, 0, 0.25, 0.35], "texture": "#0"},
				"south": {"uv": [0, 0, 2.25, 0.35], "texture": "#0"},
				"west": {"uv": [0, 0, 0.25, 0.35], "texture": "#0"},
				"up": {"uv": [0, 0, 2.25, 0.25], "texture": "#0"},
				"down": {"uv": [0, 0, 2.25, 0.25], "texture": "#0"}
			}
		},
		{
			"from": [0.55, -7.1, 12.7],
			"to": [0.75, -6.9, 12.95],
			"rotation": {"angle": 45, "axis": "x", "origin": [7.5, -0.05, 20.15]},
			"faces": {
				"north": {"uv": [0, 0, 2.25, 0.35], "texture": "#1"},
				"east": {"uv": [0, 0, 0.25, 0.35], "texture": "#1"},
				"south": {"uv": [0, 0, 2.25, 0.35], "texture": "#1"},
				"west": {"uv": [0, 0, 0.25, 0.35], "texture": "#1"},
				"up": {"uv": [0, 0, 2.25, 0.25], "texture": "#1"},
				"down": {"uv": [0, 0, 2.25, 0.25], "texture": "#1"}
			}
		},
		{
			"from": [1.25, -0.05, 9],
			"to": [2.4, 1.05, 9.6],
			"rotation": {"angle": 0, "axis": "y", "origin": [6.45, 8, 17]},
			"faces": {
				"north": {"uv": [0, 0, 2, 1.5], "texture": "#1"},
				"east": {"uv": [0, 0, 1.3, 1.5], "texture": "#1"},
				"south": {"uv": [0, 0, 2, 1.5], "texture": "#1"},
				"west": {"uv": [0, 0, 1.3, 1.5], "texture": "#1"},
				"up": {"uv": [0, 0, 2, 1.3], "texture": "#1"},
				"down": {"uv": [0, 0, 2, 1.3], "texture": "#1"}
			}
		},
		{
			"from": [1.25, 0.05, 8.8],
			"to": [2.4, 0.95, 10.1],
			"rotation": {"angle": 0, "axis": "y", "origin": [6.45, 8, 17]},
			"faces": {
				"north": {"uv": [0, 0, 2, 1.5], "texture": "#1"},
				"east": {"uv": [0, 0, 1.3, 1.5], "texture": "#1"},
				"south": {"uv": [0, 0, 2, 1.5], "texture": "#1"},
				"west": {"uv": [0, 0, 1.3, 1.5], "texture": "#1"},
				"up": {"uv": [0, 0, 2, 1.3], "texture": "#1"},
				"down": {"uv": [0, 0, 2, 1.3], "texture": "#1"}
			}
		},
		{
			"from": [1.25, 0.15, 8.7],
			"to": [2.4, 0.85, 8.8],
			"rotation": {"angle": 0, "axis": "y", "origin": [6.45, 8, 17]},
			"faces": {
				"north": {"uv": [0, 0, 2, 1.5], "texture": "#1"},
				"east": {"uv": [0, 0, 1.3, 1.5], "texture": "#1"},
				"south": {"uv": [0, 0, 2, 1.5], "texture": "#1"},
				"west": {"uv": [0, 0, 1.3, 1.5], "texture": "#1"},
				"up": {"uv": [0, 0, 2, 1.3], "texture": "#1"},
				"down": {"uv": [0, 0, 2, 1.3], "texture": "#1"}
			}
		},
		{
			"from": [1.25, 0.2, 10],
			"to": [2.4, 0.8, 10.25],
			"rotation": {"angle": 0, "axis": "y", "origin": [6.45, 8, 17.3]},
			"faces": {
				"north": {"uv": [0, 0, 2, 1], "texture": "#1"},
				"east": {"uv": [0, 0, 0.25, 1], "texture": "#1"},
				"south": {"uv": [0, 0, 2, 1], "texture": "#1"},
				"west": {"uv": [0, 0, 0.25, 1], "texture": "#1"},
				"up": {"uv": [0, 0, 2, 0.25], "texture": "#1"},
				"down": {"uv": [0, 0, 2, 0.25], "texture": "#1"}
			}
		},
		{
			"from": [1.25, 3.7, 2.6],
			"to": [2.4, 3.9, 2.9],
			"rotation": {"angle": -45, "axis": "x", "origin": [8.95, 11.1, 10.05]},
			"faces": {
				"north": {"uv": [0, 0, 2.25, 0.35], "texture": "#1"},
				"east": {"uv": [0, 0, 0.3, 0.35], "texture": "#1"},
				"south": {"uv": [0, 0, 2.25, 0.35], "texture": "#1"},
				"west": {"uv": [0, 0, 0.3, 0.35], "texture": "#1"},
				"up": {"uv": [0, 0, 2.25, 0.3], "texture": "#1"},
				"down": {"uv": [0, 0, 2.25, 0.3], "texture": "#1"}
			}
		},
		{
			"from": [1.25, -7.1, 12.7],
			"to": [2.4, -6.9, 12.95],
			"rotation": {"angle": 45, "axis": "x", "origin": [8.95, -0.05, 20.15]},
			"faces": {
				"north": {"uv": [0, 0, 2.25, 0.35], "texture": "#1"},
				"east": {"uv": [0, 0, 0.25, 0.35], "texture": "#1"},
				"south": {"uv": [0, 0, 2.25, 0.35], "texture": "#1"},
				"west": {"uv": [0, 0, 0.25, 0.35], "texture": "#1"},
				"up": {"uv": [0, 0, 2.25, 0.25], "texture": "#1"},
				"down": {"uv": [0, 0, 2.25, 0.25], "texture": "#1"}
			}
		},
		{
			"from": [7.8, 0, 11.45],
			"to": [8.3, 1, 12.4],
			"rotation": {"angle": 0, "axis": "y", "origin": [12.3, 8.8, 18.35]},
			"faces": {
				"north": {"uv": [0, 0, 2.25, 1.1], "texture": "#1_2"},
				"east": {"uv": [0, 0, 0.35, 1.1], "texture": "#1_2"},
				"south": {"uv": [0, 0, 2.25, 1.1], "texture": "#1_2"},
				"west": {"uv": [0, 0, 0.35, 1.1], "texture": "#1_2"},
				"up": {"uv": [0, 0, 2.25, 0.35], "texture": "#1_2"},
				"down": {"uv": [0, 0, 2.25, 0.35], "texture": "#1_2"}
			}
		},
		{
			"from": [7.8, 0.1, 12.4],
			"to": [8.3, 0.9, 12.5],
			"rotation": {"angle": 0, "axis": "y", "origin": [12.3, 8.8, 18.35]},
			"faces": {
				"north": {"uv": [0, 0, 2.25, 1.1], "texture": "#1_2"},
				"east": {"uv": [0, 0, 0.35, 1.1], "texture": "#1_2"},
				"south": {"uv": [0, 0, 2.25, 1.1], "texture": "#1_2"},
				"west": {"uv": [0, 0, 0.35, 1.1], "texture": "#1_2"},
				"up": {"uv": [0, 0, 2.25, 0.35], "texture": "#1_2"},
				"down": {"uv": [0, 0, 2.25, 0.35], "texture": "#1_2"}
			}
		},
		{
			"from": [10.65, 0.1, 12.4],
			"to": [11.15, 0.9, 12.5],
			"rotation": {"angle": 0, "axis": "y", "origin": [12.3, 8.8, 18.35]},
			"faces": {
				"north": {"uv": [0, 0, 2.25, 1.1], "texture": "#1_2"},
				"east": {"uv": [0, 0, 0.35, 1.1], "texture": "#1_2"},
				"south": {"uv": [0, 0, 2.25, 1.1], "texture": "#1_2"},
				"west": {"uv": [0, 0, 0.35, 1.1], "texture": "#1_2"},
				"up": {"uv": [0, 0, 2.25, 0.35], "texture": "#1_2"},
				"down": {"uv": [0, 0, 2.25, 0.35], "texture": "#1_2"}
			}
		},
		{
			"from": [10.65, 0.1, 11.35],
			"to": [11.15, 0.9, 11.45],
			"rotation": {"angle": 0, "axis": "y", "origin": [12.3, 8.8, 18.35]},
			"faces": {
				"north": {"uv": [0, 0, 2.25, 1.1], "texture": "#1_2"},
				"east": {"uv": [0, 0, 0.35, 1.1], "texture": "#1_2"},
				"south": {"uv": [0, 0, 2.25, 1.1], "texture": "#1_2"},
				"west": {"uv": [0, 0, 0.35, 1.1], "texture": "#1_2"},
				"up": {"uv": [0, 0, 2.25, 0.35], "texture": "#1_2"},
				"down": {"uv": [0, 0, 2.25, 0.35], "texture": "#1_2"}
			}
		},
		{
			"from": [7.8, 0.1, 11.35],
			"to": [8.3, 0.9, 11.45],
			"rotation": {"angle": 0, "axis": "y", "origin": [12.3, 8.8, 18.35]},
			"faces": {
				"north": {"uv": [0, 0, 2.25, 1.1], "texture": "#1_2"},
				"east": {"uv": [0, 0, 0.35, 1.1], "texture": "#1_2"},
				"south": {"uv": [0, 0, 2.25, 1.1], "texture": "#1_2"},
				"west": {"uv": [0, 0, 0.35, 1.1], "texture": "#1_2"},
				"up": {"uv": [0, 0, 2.25, 0.35], "texture": "#1_2"},
				"down": {"uv": [0, 0, 2.25, 0.35], "texture": "#1_2"}
			}
		},
		{
			"from": [10.65, 0.3, 10.55],
			"to": [11.15, 0.7, 11.35],
			"rotation": {"angle": 0, "axis": "y", "origin": [12.3, 8.8, 18.35]},
			"faces": {
				"north": {"uv": [0, 0, 2.25, 1.1], "texture": "#1_2"},
				"east": {"uv": [0, 0, 0.35, 1.1], "texture": "#1_2"},
				"south": {"uv": [0, 0, 2.25, 1.1], "texture": "#1_2"},
				"west": {"uv": [0, 0, 0.35, 1.1], "texture": "#1_2"},
				"up": {"uv": [0, 0, 2.25, 0.35], "texture": "#1_2"},
				"down": {"uv": [0, 0, 2.25, 0.35], "texture": "#1_2"}
			}
		},
		{
			"from": [10.65, 0.2, 10.55],
			"to": [11.15, 0.8, 10.95],
			"rotation": {"angle": 0, "axis": "y", "origin": [12.3, 8.8, 18.35]},
			"faces": {
				"north": {"uv": [0, 0, 2.25, 1.1], "texture": "#1_2"},
				"east": {"uv": [0, 0, 0.35, 1.1], "texture": "#1_2"},
				"south": {"uv": [0, 0, 2.25, 1.1], "texture": "#1_2"},
				"west": {"uv": [0, 0, 0.35, 1.1], "texture": "#1_2"},
				"up": {"uv": [0, 0, 2.25, 0.35], "texture": "#1_2"},
				"down": {"uv": [0, 0, 2.25, 0.35], "texture": "#1_2"}
			}
		},
		{
			"from": [7.8, 0.2, 10.5],
			"to": [8.3, 0.8, 10.9],
			"rotation": {"angle": 0, "axis": "y", "origin": [12.3, 8.8, 18.35]},
			"faces": {
				"north": {"uv": [0, 0, 2.25, 1.1], "texture": "#1_2"},
				"east": {"uv": [0, 0, 0.35, 1.1], "texture": "#1_2"},
				"south": {"uv": [0, 0, 2.25, 1.1], "texture": "#1_2"},
				"west": {"uv": [0, 0, 0.35, 1.1], "texture": "#1_2"},
				"up": {"uv": [0, 0, 2.25, 0.35], "texture": "#1_2"},
				"down": {"uv": [0, 0, 2.25, 0.35], "texture": "#1_2"}
			}
		},
		{
			"from": [7.8, 0.3, 10.45],
			"to": [8.3, 0.7, 11.35],
			"rotation": {"angle": 0, "axis": "y", "origin": [12.3, 8.8, 18.35]},
			"faces": {
				"north": {"uv": [0, 0, 2.25, 1.1], "texture": "#1_2"},
				"east": {"uv": [0, 0, 0.35, 1.1], "texture": "#1_2"},
				"south": {"uv": [0, 0, 2.25, 1.1], "texture": "#1_2"},
				"west": {"uv": [0, 0, 0.35, 1.1], "texture": "#1_2"},
				"up": {"uv": [0, 0, 2.25, 0.35], "texture": "#1_2"},
				"down": {"uv": [0, 0, 2.25, 0.35], "texture": "#1_2"}
			}
		},
		{
			"from": [10.65, 0, 11.45],
			"to": [11.15, 1, 12.4],
			"rotation": {"angle": 0, "axis": "y", "origin": [15.55, 8.8, 18.35]},
			"faces": {
				"north": {"uv": [0, 0, 2.25, 1.1], "texture": "#1_2"},
				"east": {"uv": [0, 0, 0.35, 1.1], "texture": "#1_2"},
				"south": {"uv": [0, 0, 2.25, 1.1], "texture": "#1_2"},
				"west": {"uv": [0, 0, 0.35, 1.1], "texture": "#1_2"},
				"up": {"uv": [0, 0, 2.25, 0.35], "texture": "#1_2"},
				"down": {"uv": [0, 0, 2.25, 0.35], "texture": "#1_2"}
			}
		},
		{
			"from": [6.7, 0.05, 11.6],
			"to": [12.05, 0.95, 12.25],
			"rotation": {"angle": 0, "axis": "y", "origin": [14.55, 8, 18.6]},
			"faces": {
				"north": {"uv": [0, 0, 2.25, 0.7], "texture": "#1_2"},
				"east": {"uv": [0, 0, 0.25, 0.7], "texture": "#1_2"},
				"south": {"uv": [0, 0, 2.25, 0.7], "texture": "#1_2"},
				"west": {"uv": [0, 0, 0.25, 0.7], "texture": "#1_2"},
				"up": {"uv": [0, 0, 2.25, 0.25], "texture": "#1_2"},
				"down": {"uv": [0, 0, 2.25, 0.25], "texture": "#1_2"}
			}
		},
		{
			"from": [6.7, 0.15, 11.5],
			"to": [12.05, 0.85, 12.35],
			"rotation": {"angle": 0, "axis": "y", "origin": [14.55, 8, 18.6]},
			"faces": {
				"north": {"uv": [0, 0, 2.25, 0.7], "texture": "#1_2"},
				"east": {"uv": [0, 0, 0.25, 0.7], "texture": "#1_2"},
				"south": {"uv": [0, 0, 2.25, 0.7], "texture": "#1_2"},
				"west": {"uv": [0, 0, 0.25, 0.7], "texture": "#1_2"},
				"up": {"uv": [0, 0, 2.25, 0.25], "texture": "#1_2"},
				"down": {"uv": [0, 0, 2.25, 0.25], "texture": "#1_2"}
			}
		},
		{
			"from": [12.05, 0.05, 11.4],
			"to": [12.4, 0.95, 12.45],
			"rotation": {"angle": 0, "axis": "y", "origin": [19, 8, 18.6]},
			"faces": {
				"north": {"uv": [0, 0, 2.25, 0.7], "texture": "#1_2"},
				"east": {"uv": [0, 0, 0.25, 0.7], "texture": "#1_2"},
				"south": {"uv": [0, 0, 2.25, 0.7], "texture": "#1_2"},
				"west": {"uv": [0, 0, 0.25, 0.7], "texture": "#1_2"},
				"up": {"uv": [0, 0, 2.25, 0.25], "texture": "#1_2"},
				"down": {"uv": [0, 0, 2.25, 0.25], "texture": "#1_2"}
			}
		},
		{
			"from": [12.05, -0.05, 11.5],
			"to": [12.4, 1.05, 12.35],
			"rotation": {"angle": 0, "axis": "y", "origin": [19, 8, 18.6]},
			"faces": {
				"north": {"uv": [0, 0, 2.25, 0.7], "texture": "#1_2"},
				"east": {"uv": [0, 0, 0.25, 0.7], "texture": "#1_2"},
				"south": {"uv": [0, 0, 2.25, 0.7], "texture": "#1_2"},
				"west": {"uv": [0, 0, 0.25, 0.7], "texture": "#1_2"},
				"up": {"uv": [0, 0, 2.25, 0.25], "texture": "#1_2"},
				"down": {"uv": [0, 0, 2.25, 0.25], "texture": "#1_2"}
			}
		},
		{
			"from": [13.75, 0.05, 11.4],
			"to": [14.1, 0.95, 12.45],
			"rotation": {"angle": 0, "axis": "y", "origin": [19, 8, 18.6]},
			"faces": {
				"north": {"uv": [0, 0, 2.25, 0.7], "texture": "#3"},
				"east": {"uv": [0, 0, 0.25, 0.7], "texture": "#3"},
				"south": {"uv": [0, 0, 2.25, 0.7], "texture": "#3"},
				"west": {"uv": [0, 0, 0.25, 0.7], "texture": "#3"},
				"up": {"uv": [0, 0, 2.25, 0.25], "texture": "#3"},
				"down": {"uv": [0, 0, 2.25, 0.25], "texture": "#3"}
			}
		},
		{
			"from": [13.85, 0.05, 11.6],
			"to": [14.15, 0.95, 12.25],
			"rotation": {"angle": 0, "axis": "y", "origin": [19, 8, 18.6]},
			"faces": {
				"north": {"uv": [0, 0, 2.25, 0.7], "texture": "#3"},
				"east": {"uv": [0, 0, 0.25, 0.7], "texture": "#3"},
				"south": {"uv": [0, 0, 2.25, 0.7], "texture": "#3"},
				"west": {"uv": [0, 0, 0.25, 0.7], "texture": "#3"},
				"up": {"uv": [0, 0, 2.25, 0.25], "texture": "#3"},
				"down": {"uv": [0, 0, 2.25, 0.25], "texture": "#3"}
			}
		},
		{
			"from": [13.85, 0.15, 11.5],
			"to": [14.15, 0.85, 12.35],
			"rotation": {"angle": 0, "axis": "y", "origin": [19, 8, 18.6]},
			"faces": {
				"north": {"uv": [0, 0, 2.25, 0.7], "texture": "#3"},
				"east": {"uv": [0, 0, 0.25, 0.7], "texture": "#3"},
				"south": {"uv": [0, 0, 2.25, 0.7], "texture": "#3"},
				"west": {"uv": [0, 0, 0.25, 0.7], "texture": "#3"},
				"up": {"uv": [0, 0, 2.25, 0.25], "texture": "#3"},
				"down": {"uv": [0, 0, 2.25, 0.25], "texture": "#3"}
			}
		},
		{
			"from": [13.85, 0.15, 11.6],
			"to": [14.2, 0.85, 12.25],
			"rotation": {"angle": 0, "axis": "y", "origin": [19, 8, 18.6]},
			"faces": {
				"north": {"uv": [0, 0, 2.25, 0.7], "texture": "#3"},
				"east": {"uv": [0, 0, 0.25, 0.7], "texture": "#3"},
				"south": {"uv": [0, 0, 2.25, 0.7], "texture": "#3"},
				"west": {"uv": [0, 0, 0.25, 0.7], "texture": "#3"},
				"up": {"uv": [0, 0, 2.25, 0.25], "texture": "#3"},
				"down": {"uv": [0, 0, 2.25, 0.25], "texture": "#3"}
			}
		},
		{
			"from": [13.75, -0.05, 11.5],
			"to": [14.1, 1.05, 12.35],
			"rotation": {"angle": 0, "axis": "y", "origin": [19, 8, 18.6]},
			"faces": {
				"north": {"uv": [0, 0, 2.25, 0.7], "texture": "#3"},
				"east": {"uv": [0, 0, 0.25, 0.7], "texture": "#3"},
				"south": {"uv": [0, 0, 2.25, 0.7], "texture": "#3"},
				"west": {"uv": [0, 0, 0.25, 0.7], "texture": "#3"},
				"up": {"uv": [0, 0, 2.25, 0.25], "texture": "#3"},
				"down": {"uv": [0, 0, 2.25, 0.25], "texture": "#3"}
			}
		},
		{
			"from": [5, 0.1, 12.4],
			"to": [6.35, 0.9, 12.5],
			"rotation": {"angle": 0, "axis": "y", "origin": [13.85, 8, 18.6]},
			"faces": {
				"north": {"uv": [0, 0, 2.25, 0.7], "texture": "#1_2"},
				"east": {"uv": [0, 0, 0.25, 0.7], "texture": "#1_2"},
				"south": {"uv": [0, 0, 2.25, 0.7], "texture": "#1_2"},
				"west": {"uv": [0, 0, 0.25, 0.7], "texture": "#1_2"},
				"up": {"uv": [0, 0, 2.25, 0.25], "texture": "#1_2"},
				"down": {"uv": [0, 0, 2.25, 0.25], "texture": "#1_2"}
			}
		},
		{
			"from": [5, 1, 11.55],
			"to": [6.35, 1.1, 12.3],
			"rotation": {"angle": 0, "axis": "y", "origin": [13.85, 8.05, 17.65]},
			"faces": {
				"north": {"uv": [0, 0, 2.25, 0.7], "texture": "#1_2"},
				"east": {"uv": [0, 0, 0.25, 0.7], "texture": "#1_2"},
				"south": {"uv": [0, 0, 2.25, 0.7], "texture": "#1_2"},
				"west": {"uv": [0, 0, 0.25, 0.7], "texture": "#1_2"},
				"up": {"uv": [0, 0, 2.25, 0.25], "texture": "#1_2"},
				"down": {"uv": [0, 0, 2.25, 0.25], "texture": "#1_2"}
			}
		},
		{
			"from": [5, 0.9, 11.45],
			"to": [6.35, 1, 11.55],
			"rotation": {"angle": 0, "axis": "y", "origin": [13.85, 8.05, 17.65]},
			"faces": {
				"north": {"uv": [0, 0, 2.25, 0.7], "texture": "#1_2"},
				"east": {"uv": [0, 0, 0.25, 0.7], "texture": "#1_2"},
				"south": {"uv": [0, 0, 2.25, 0.7], "texture": "#1_2"},
				"west": {"uv": [0, 0, 0.25, 0.7], "texture": "#1_2"},
				"up": {"uv": [0, 0, 2.25, 0.25], "texture": "#1_2"},
				"down": {"uv": [0, 0, 2.25, 0.25], "texture": "#1_2"}
			}
		},
		{
			"from": [5, 0, 11.45],
			"to": [6.35, 0.1, 11.55],
			"rotation": {"angle": 0, "axis": "y", "origin": [13.85, 8.05, 17.65]},
			"faces": {
				"north": {"uv": [0, 0, 2.25, 0.7], "texture": "#1_2"},
				"east": {"uv": [0, 0, 0.25, 0.7], "texture": "#1_2"},
				"south": {"uv": [0, 0, 2.25, 0.7], "texture": "#1_2"},
				"west": {"uv": [0, 0, 0.25, 0.7], "texture": "#1_2"},
				"up": {"uv": [0, 0, 2.25, 0.25], "texture": "#1_2"},
				"down": {"uv": [0, 0, 2.25, 0.25], "texture": "#1_2"}
			}
		},
		{
			"from": [5, 0.9, 12.3],
			"to": [6.35, 1, 12.4],
			"rotation": {"angle": 0, "axis": "y", "origin": [13.85, 8.05, 17.65]},
			"faces": {
				"north": {"uv": [0, 0, 2.25, 0.7], "texture": "#1_2"},
				"east": {"uv": [0, 0, 0.25, 0.7], "texture": "#1_2"},
				"south": {"uv": [0, 0, 2.25, 0.7], "texture": "#1_2"},
				"west": {"uv": [0, 0, 0.25, 0.7], "texture": "#1_2"},
				"up": {"uv": [0, 0, 2.25, 0.25], "texture": "#1_2"},
				"down": {"uv": [0, 0, 2.25, 0.25], "texture": "#1_2"}
			}
		},
		{
			"from": [5, 0, 12.3],
			"to": [6.35, 0.1, 12.4],
			"rotation": {"angle": 0, "axis": "y", "origin": [13.85, 8.05, 17.65]},
			"faces": {
				"north": {"uv": [0, 0, 2.25, 0.7], "texture": "#1_2"},
				"east": {"uv": [0, 0, 0.25, 0.7], "texture": "#1_2"},
				"south": {"uv": [0, 0, 2.25, 0.7], "texture": "#1_2"},
				"west": {"uv": [0, 0, 0.25, 0.7], "texture": "#1_2"},
				"up": {"uv": [0, 0, 2.25, 0.25], "texture": "#1_2"},
				"down": {"uv": [0, 0, 2.25, 0.25], "texture": "#1_2"}
			}
		},
		{
			"from": [5, -0.1, 11.55],
			"to": [6.35, 0, 12.3],
			"rotation": {"angle": 0, "axis": "y", "origin": [13.85, 7, 17.65]},
			"faces": {
				"north": {"uv": [0, 0, 2.25, 0.7], "texture": "#1_2"},
				"east": {"uv": [0, 0, 0.25, 0.7], "texture": "#1_2"},
				"south": {"uv": [0, 0, 2.25, 0.7], "texture": "#1_2"},
				"west": {"uv": [0, 0, 0.25, 0.7], "texture": "#1_2"},
				"up": {"uv": [0, 0, 2.25, 0.25], "texture": "#1_2"},
				"down": {"uv": [0, 0, 2.25, 0.25], "texture": "#1_2"}
			}
		},
		{
			"from": [5, 0.1, 11.35],
			"to": [6.35, 0.9, 11.45],
			"rotation": {"angle": 0, "axis": "y", "origin": [13.85, 8, 17.6]},
			"faces": {
				"north": {"uv": [0, 0, 2.25, 0.7], "texture": "#1_2"},
				"east": {"uv": [0, 0, 0.25, 0.7], "texture": "#1_2"},
				"south": {"uv": [0, 0, 2.25, 0.7], "texture": "#1_2"},
				"west": {"uv": [0, 0, 0.25, 0.7], "texture": "#1_2"},
				"up": {"uv": [0, 0, 2.25, 0.25], "texture": "#1_2"},
				"down": {"uv": [0, 0, 2.25, 0.25], "texture": "#1_2"}
			}
		},
		{
			"from": [6.35, 0, 11.55],
			"to": [6.7, 1, 12.3],
			"rotation": {"angle": 0, "axis": "y", "origin": [14.2, 8, 18.6]},
			"faces": {
				"north": {"uv": [0, 0, 2.25, 0.7], "texture": "#1_2"},
				"east": {"uv": [0, 0, 0.25, 0.7], "texture": "#1_2"},
				"south": {"uv": [0, 0, 2.25, 0.7], "texture": "#1_2"},
				"west": {"uv": [0, 0, 0.25, 0.7], "texture": "#1_2"},
				"up": {"uv": [0, 0, 2.25, 0.25], "texture": "#1_2"},
				"down": {"uv": [0, 0, 2.25, 0.25], "texture": "#1_2"}
			}
		},
		{
			"from": [6.35, 0.1, 11.45],
			"to": [6.7, 0.9, 12.4],
			"rotation": {"angle": 0, "axis": "y", "origin": [14.2, 8, 18.6]},
			"faces": {
				"north": {"uv": [0, 0, 2.25, 0.7], "texture": "#1_2"},
				"east": {"uv": [0, 0, 0.25, 0.7], "texture": "#1_2"},
				"south": {"uv": [0, 0, 2.25, 0.7], "texture": "#1_2"},
				"west": {"uv": [0, 0, 0.25, 0.7], "texture": "#1_2"},
				"up": {"uv": [0, 0, 2.25, 0.25], "texture": "#1_2"},
				"down": {"uv": [0, 0, 2.25, 0.25], "texture": "#1_2"}
			}
		},
		{
			"from": [5.25, 0, 11.55],
			"to": [5.6, 1, 12.3],
			"rotation": {"angle": 0, "axis": "y", "origin": [14.2, 8, 18.6]},
			"faces": {
				"north": {"uv": [0, 0, 2.25, 0.7], "texture": "#3"},
				"east": {"uv": [0, 0, 0.25, 0.7], "texture": "#3"},
				"south": {"uv": [0, 0, 2.25, 0.7], "texture": "#3"},
				"west": {"uv": [0, 0, 0.25, 0.7], "texture": "#3"},
				"up": {"uv": [0, 0, 2.25, 0.25], "texture": "#3"},
				"down": {"uv": [0, 0, 2.25, 0.25], "texture": "#3"}
			}
		},
		{
			"from": [5.25, 0.1, 11.45],
			"to": [5.6, 0.9, 12.4],
			"rotation": {"angle": 0, "axis": "y", "origin": [14.2, 8, 18.6]},
			"faces": {
				"north": {"uv": [0, 0, 2.25, 0.7], "texture": "#3"},
				"east": {"uv": [0, 0, 0.25, 0.7], "texture": "#3"},
				"south": {"uv": [0, 0, 2.25, 0.7], "texture": "#3"},
				"west": {"uv": [0, 0, 0.25, 0.7], "texture": "#3"},
				"up": {"uv": [0, 0, 2.25, 0.25], "texture": "#3"},
				"down": {"uv": [0, 0, 2.25, 0.25], "texture": "#3"}
			}
		},
		{
			"from": [5.2, 0.1, 11.65],
			"to": [5.55, 0.9, 12.2],
			"rotation": {"angle": 0, "axis": "y", "origin": [14.2, 8, 18.6]},
			"faces": {
				"north": {"uv": [0, 0, 2.25, 0.7], "texture": "#3"},
				"east": {"uv": [0, 0, 0.25, 0.7], "texture": "#3"},
				"south": {"uv": [0, 0, 2.25, 0.7], "texture": "#3"},
				"west": {"uv": [0, 0, 0.25, 0.7], "texture": "#3"},
				"up": {"uv": [0, 0, 2.25, 0.25], "texture": "#3"},
				"down": {"uv": [0, 0, 2.25, 0.25], "texture": "#3"}
			}
		},
		{
			"from": [5.2, 0.2, 11.55],
			"to": [5.55, 0.8, 12.3],
			"rotation": {"angle": 0, "axis": "y", "origin": [14.2, 8, 18.6]},
			"faces": {
				"north": {"uv": [0, 0, 2.25, 0.7], "texture": "#3"},
				"east": {"uv": [0, 0, 0.25, 0.7], "texture": "#3"},
				"south": {"uv": [0, 0, 2.25, 0.7], "texture": "#3"},
				"west": {"uv": [0, 0, 0.25, 0.7], "texture": "#3"},
				"up": {"uv": [0, 0, 2.25, 0.25], "texture": "#3"},
				"down": {"uv": [0, 0, 2.25, 0.25], "texture": "#3"}
			}
		},
		{
			"from": [5.15, 0.2, 11.65],
			"to": [5.45, 0.8, 12.2],
			"rotation": {"angle": 0, "axis": "y", "origin": [14.2, 8, 18.6]},
			"faces": {
				"north": {"uv": [0, 0, 2.25, 0.7], "texture": "#3"},
				"east": {"uv": [0, 0, 0.25, 0.7], "texture": "#3"},
				"south": {"uv": [0, 0, 2.25, 0.7], "texture": "#3"},
				"west": {"uv": [0, 0, 0.25, 0.7], "texture": "#3"},
				"up": {"uv": [0, 0, 2.25, 0.25], "texture": "#3"},
				"down": {"uv": [0, 0, 2.25, 0.25], "texture": "#3"}
			}
		},
		{
			"from": [12.4, 1.05, 11.5],
			"to": [14.25, 1.15, 12.35],
			"rotation": {"angle": 0, "axis": "y", "origin": [19.35, 8.1, 18.6]},
			"faces": {
				"north": {"uv": [0, 0, 2.25, 0.7], "texture": "#1_2"},
				"east": {"uv": [0, 0, 0.25, 0.7], "texture": "#1_2"},
				"south": {"uv": [0, 0, 2.25, 0.7], "texture": "#1_2"},
				"west": {"uv": [0, 0, 0.25, 0.7], "texture": "#1_2"},
				"up": {"uv": [0, 0, 2.25, 0.25], "texture": "#1_2"},
				"down": {"uv": [0, 0, 2.25, 0.25], "texture": "#1_2"}
			}
		},
		{
			"from": [12.4, -0.15, 11.5],
			"to": [14.25, -0.05, 12.35],
			"rotation": {"angle": 0, "axis": "y", "origin": [19.35, 6.9, 18.6]},
			"faces": {
				"north": {"uv": [0, 0, 2.25, 0.7], "texture": "#1_2"},
				"east": {"uv": [0, 0, 0.25, 0.7], "texture": "#1_2"},
				"south": {"uv": [0, 0, 2.25, 0.7], "texture": "#1_2"},
				"west": {"uv": [0, 0, 0.25, 0.7], "texture": "#1_2"},
				"up": {"uv": [0, 0, 2.25, 0.25], "texture": "#1_2"},
				"down": {"uv": [0, 0, 2.25, 0.25], "texture": "#1_2"}
			}
		},
		{
			"from": [12.4, 0.05, 12.45],
			"to": [14.25, 0.95, 12.55],
			"rotation": {"angle": 0, "axis": "y", "origin": [19.35, 7, 18.7]},
			"faces": {
				"north": {"uv": [0, 0, 2.25, 0.7], "texture": "#1_2"},
				"east": {"uv": [0, 0, 0.25, 0.7], "texture": "#1_2"},
				"south": {"uv": [0, 0, 2.25, 0.7], "texture": "#1_2"},
				"west": {"uv": [0, 0, 0.25, 0.7], "texture": "#1_2"},
				"up": {"uv": [0, 0, 2.25, 0.25], "texture": "#1_2"},
				"down": {"uv": [0, 0, 2.25, 0.25], "texture": "#1_2"}
			}
		},
		{
			"from": [12.4, 0.05, 11.3],
			"to": [14.25, 0.95, 11.4],
			"rotation": {"angle": 0, "axis": "y", "origin": [19.35, 7, 17.55]},
			"faces": {
				"north": {"uv": [0, 0, 2.25, 0.7], "texture": "#1_2"},
				"east": {"uv": [0, 0, 0.25, 0.7], "texture": "#1_2"},
				"south": {"uv": [0, 0, 2.25, 0.7], "texture": "#1_2"},
				"west": {"uv": [0, 0, 0.25, 0.7], "texture": "#1_2"},
				"up": {"uv": [0, 0, 2.25, 0.25], "texture": "#1_2"},
				"down": {"uv": [0, 0, 2.25, 0.25], "texture": "#1_2"}
			}
		},
		{
			"from": [12.4, 0.95, 11.4],
			"to": [14.25, 1.05, 11.5],
			"rotation": {"angle": 0, "axis": "y", "origin": [19.35, 7, 17.55]},
			"faces": {
				"north": {"uv": [0, 0, 2.25, 0.7], "texture": "#1_2"},
				"east": {"uv": [0, 0, 0.25, 0.7], "texture": "#1_2"},
				"south": {"uv": [0, 0, 2.25, 0.7], "texture": "#1_2"},
				"west": {"uv": [0, 0, 0.25, 0.7], "texture": "#1_2"},
				"up": {"uv": [0, 0, 2.25, 0.25], "texture": "#1_2"},
				"down": {"uv": [0, 0, 2.25, 0.25], "texture": "#1_2"}
			}
		},
		{
			"from": [12.4, 0.95, 12.35],
			"to": [14.25, 1.05, 12.45],
			"rotation": {"angle": 0, "axis": "y", "origin": [19.35, 7, 17.55]},
			"faces": {
				"north": {"uv": [0, 0, 2.25, 0.7], "texture": "#1_2"},
				"east": {"uv": [0, 0, 0.25, 0.7], "texture": "#1_2"},
				"south": {"uv": [0, 0, 2.25, 0.7], "texture": "#1_2"},
				"west": {"uv": [0, 0, 0.25, 0.7], "texture": "#1_2"},
				"up": {"uv": [0, 0, 2.25, 0.25], "texture": "#1_2"},
				"down": {"uv": [0, 0, 2.25, 0.25], "texture": "#1_2"}
			}
		},
		{
			"from": [12.4, -0.05, 12.35],
			"to": [14.25, 0.05, 12.45],
			"rotation": {"angle": 0, "axis": "y", "origin": [19.35, 7, 17.55]},
			"faces": {
				"north": {"uv": [0, 0, 2.25, 0.7], "texture": "#1_2"},
				"east": {"uv": [0, 0, 0.25, 0.7], "texture": "#1_2"},
				"south": {"uv": [0, 0, 2.25, 0.7], "texture": "#1_2"},
				"west": {"uv": [0, 0, 0.25, 0.7], "texture": "#1_2"},
				"up": {"uv": [0, 0, 2.25, 0.25], "texture": "#1_2"},
				"down": {"uv": [0, 0, 2.25, 0.25], "texture": "#1_2"}
			}
		},
		{
			"from": [12.4, -0.05, 11.4],
			"to": [14.25, 0.05, 11.5],
			"rotation": {"angle": 0, "axis": "y", "origin": [19.35, 7, 17.55]},
			"faces": {
				"north": {"uv": [0, 0, 2.25, 0.7], "texture": "#1_2"},
				"east": {"uv": [0, 0, 0.25, 0.7], "texture": "#1_2"},
				"south": {"uv": [0, 0, 2.25, 0.7], "texture": "#1_2"},
				"west": {"uv": [0, 0, 0.25, 0.7], "texture": "#1_2"},
				"up": {"uv": [0, 0, 2.25, 0.25], "texture": "#1_2"},
				"down": {"uv": [0, 0, 2.25, 0.25], "texture": "#1_2"}
			}
		},
		{
			"from": [7.9, 0.3, 12.35],
			"to": [8.2, 0.7, 12.65],
			"rotation": {"angle": 0, "axis": "y", "origin": [14.05, 8, 18.7]},
			"faces": {
				"north": {"uv": [0, 0, 2.25, 0.7], "texture": "#1_2"},
				"east": {"uv": [0, 0, 0.25, 0.7], "texture": "#1_2"},
				"south": {"uv": [0, 0, 2.25, 0.7], "texture": "#1_2"},
				"west": {"uv": [0, 0, 0.25, 0.7], "texture": "#1_2"},
				"up": {"uv": [0, 0, 2.25, 0.25], "texture": "#1_2"},
				"down": {"uv": [0, 0, 2.25, 0.25], "texture": "#1_2"}
			}
		},
		{
			"from": [10.75, 0.3, 12.35],
			"to": [11.05, 0.7, 12.65],
			"rotation": {"angle": 0, "axis": "y", "origin": [17.3, 8, 18.7]},
			"faces": {
				"north": {"uv": [0, 0, 2.25, 0.7], "texture": "#1_2"},
				"east": {"uv": [0, 0, 0.25, 0.7], "texture": "#1_2"},
				"south": {"uv": [0, 0, 2.25, 0.7], "texture": "#1_2"},
				"west": {"uv": [0, 0, 0.25, 0.7], "texture": "#1_2"},
				"up": {"uv": [0, 0, 2.25, 0.25], "texture": "#1_2"},
				"down": {"uv": [0, 0, 2.25, 0.25], "texture": "#1_2"}
			}
		}
	],
	"display": {
		"thirdperson_righthand": {
			"rotation": [-90, 0, -90],
			"translation": [7, -0.5, -4]
		},
		"thirdperson_lefthand": {
			"rotation": [-90, 0, 90],
			"translation": [-7, -0.5, -4]
		},
		"firstperson_righthand": {
			"rotation": [-95.22, -1.28, -12.96],
			"translation": [-9.75, 1.25, -5.25]
		},
		"firstperson_lefthand": {
			"scale": [0, 0, 0]
		},
		"ground": {
			"rotation": [-90, 0, 0],
			"translation": [0, -3.75, -7.5]
		},
		"gui": {
			"rotation": [-72, 41, 41],
			"translation": [-4.5, 3, 0],
			"scale": [0.9, 0.9, 0.9]
		},
		"head": {
			"scale": [0, 0, 0]
		},
		"fixed": {
			"rotation": [-90, 0, 0],
			"translation": [0, -2, -16.25],
			"scale": [2, 2, 2]
		}
	},
	"groups": [
		0,
		1,
		2,
		3,
		4,
		5,
		6,
		7,
		8,
		9,
		10,
		11,
		12,
		13,
		14,
		15,
		16,
		17,
		18,
		19,
		20,
		21,
		22,
		23,
		24,
		25,
		26,
		27,
		28,
		29,
		30,
		31,
		32,
		33,
		34,
		35,
		36,
		37,
		38,
		39,
		40,
		41,
		42,
		43,
		44,
		45,
		46,
		47,
		48,
		49,
		50,
		51,
		52,
		53,
		54,
		55,
		56,
		57,
		58,
		59,
		60,
		61,
		62,
		63,
		64,
		65,
		66,
		67,
		68,
		69,
		70,
		71,
		72,
		73,
		74,
		75,
		76,
		77,
		78,
		79,
		80,
		81,
		82,
		83,
		84,
		85,
		86,
		87,
		88,
		89,
		90,
		91,
		92,
		93,
		94,
		95,
		96,
		97,
		98,
		99,
		100,
		101,
		102,
		103,
		104,
		105,
		106,
		107,
		108,
		109,
		110,
		111,
		112,
		113,
		114,
		115,
		116,
		117,
		118,
		119,
		120,
		121,
		122,
		123,
		124,
		125,
		126,
		127,
		128,
		129,
		{
			"name": "kar98k_special",
			"origin": [8, 8, 8],
			"color": 0,
			"children": [130, 131, 132, 133, 134, 135, 136, 137, 138, 139, 140, 141, 142, 143, 144, 145, 146, 147, 148, 149, 150, 151, 152, 153, 154, 155, 156, 157, 158, 159, 160, 161, 162, 163, 164, 165, 166, 167, 168, 169, 170, 171, 172, 173]
		}
	]
}