{"textures":{"0":"modelengine:entity/em_goblin_weapon_main"},"elements":[{"from":[7.428571,7.428571,7.428571],"to":[10.857143,8.571428,8.571428],"rotation":{"angle":0.0,"axis":"y","origin":[8.0,8.0,8.0]},"faces":{"east":{"uv":[10.0,13.0,11.0,14.0],"rotation":0,"texture":"#0","tintindex":0},"south":{"uv":[12.0,8.0,15.0,9.0],"rotation":0,"texture":"#0","tintindex":0},"north":{"uv":[12.0,7.0,15.0,8.0],"rotation":0,"texture":"#0","tintindex":0},"west":{"uv":[11.0,13.0,12.0,14.0],"rotation":0,"texture":"#0","tintindex":0},"up":{"uv":[15.0,10.0,12.0,9.0],"rotation":0,"texture":"#0","tintindex":0},"down":{"uv":[15.0,10.0,12.0,11.0],"rotation":0,"texture":"#0","tintindex":0}}}],"display":{"head":{"translation":[0.0,-6.4,0.0],"scale":[4.0,4.0,4.0]}}}