{"textures":{"0":"modelengine:entity/em_goblin_weapon_main"},"elements":[{"from":[7.4228573,6.285714,7.428571],"to":[8.565714,8.0,8.571428],"rotation":{"angle":0.0,"axis":"y","origin":[8.0,6.285714,8.0]},"faces":{"east":{"uv":[8.0,12.5,9.0,14.0],"rotation":0,"texture":"#0","tintindex":0},"south":{"uv":[9.0,12.5,10.0,14.0],"rotation":0,"texture":"#0","tintindex":0},"north":{"uv":[7.0,12.5,8.0,14.0],"rotation":0,"texture":"#0","tintindex":0},"west":{"uv":[12.0,12.5,13.0,14.0],"rotation":0,"texture":"#0","tintindex":0},"up":{"uv":[14.0,12.0,13.0,11.0],"rotation":0,"texture":"#0","tintindex":0},"down":{"uv":[14.0,12.0,13.0,13.0],"rotation":0,"texture":"#0","tintindex":0}}}],"display":{"head":{"translation":[0.0,-6.4,0.0],"scale":[4.0,4.0,4.0]}}}