{
	"credit": "Made with Blockbench",
	"parent": "hl_ss",
	"texture_size": [32, 32],
	"textures": {
		"0": "block/hl_ss",
		"particle": "block/hl_ss"
	},
	"elements": [
		{
			"from": [7, 8, 4.75],
			"to": [9, 10, 10.75],
			"faces": {
				"north": {"uv": [3, 6, 4, 7], "texture": "#0"},
				"east": {"uv": [0, 1, 3, 2], "texture": "#0"},
				"south": {"uv": [4, 6, 5, 7], "texture": "#0"},
				"west": {"uv": [0, 0, 3, 1], "texture": "#0"},
				"up": {"uv": [3, 3, 0, 2], "rotation": 270, "texture": "#0"},
				"down": {"uv": [3, 3, 0, 4], "rotation": 90, "texture": "#0"}
			}
		},
		{
			"from": [6.5, 8, 6],
			"to": [6.75, 10, 11],
			"faces": {
				"north": {"uv": [0, 8, 0.125, 9], "texture": "#0"},
				"east": {"uv": [3, 1, 5.5, 2], "texture": "#0"},
				"south": {"uv": [0.5, 8, 0.625, 9], "texture": "#0"},
				"west": {"uv": [3, 0, 5.5, 1], "texture": "#0"},
				"up": {"uv": [8.5, 5.625, 6, 5.5], "rotation": 270, "texture": "#0"},
				"down": {"uv": [7.5, 6.5, 5, 6.625], "rotation": 90, "texture": "#0"}
			}
		},
		{
			"from": [6.5, 10, 7.75],
			"to": [6.75, 12, 10.75],
			"faces": {
				"north": {"uv": [2, 8, 2.125, 9], "texture": "#0"},
				"east": {"uv": [4.5, 4, 6, 5], "texture": "#0"},
				"south": {"uv": [2.5, 8, 2.625, 9], "texture": "#0"},
				"west": {"uv": [3, 4, 4.5, 5], "texture": "#0"},
				"up": {"uv": [8.5, 2.625, 7, 2.5], "rotation": 270, "texture": "#0"},
				"down": {"uv": [8.5, 3, 7, 3.125], "rotation": 90, "texture": "#0"}
			}
		},
		{
			"from": [9.25, 10, 7.75],
			"to": [9.5, 12, 10.75],
			"faces": {
				"north": {"uv": [3, 8, 3.125, 9], "texture": "#0"},
				"east": {"uv": [4.5, 5, 6, 6], "texture": "#0"},
				"south": {"uv": [3.5, 8, 3.625, 9], "texture": "#0"},
				"west": {"uv": [3, 5, 4.5, 6], "texture": "#0"},
				"up": {"uv": [8.5, 3.625, 7, 3.5], "rotation": 270, "texture": "#0"},
				"down": {"uv": [5.5, 7, 4, 7.125], "rotation": 90, "texture": "#0"}
			}
		},
		{
			"from": [7, 9.75, 7.75],
			"to": [7.25, 11.75, 10.75],
			"faces": {
				"north": {"uv": [4, 8, 4.125, 9], "texture": "#0"},
				"east": {"uv": [5.5, 0, 7, 1], "texture": "#0"},
				"south": {"uv": [8, 4, 8.125, 5], "texture": "#0"},
				"west": {"uv": [0, 5.5, 1.5, 6.5], "texture": "#0"},
				"up": {"uv": [3, 7.625, 1.5, 7.5], "rotation": 270, "texture": "#0"},
				"down": {"uv": [4.5, 7.5, 3, 7.625], "rotation": 90, "texture": "#0"}
			}
		},
		{
			"from": [8.75, 9.75, 7.75],
			"to": [9, 11.75, 10.75],
			"faces": {
				"north": {"uv": [4.5, 8, 4.625, 9], "texture": "#0"},
				"east": {"uv": [1.5, 5.5, 3, 6.5], "texture": "#0"},
				"south": {"uv": [5, 8, 5.125, 9], "texture": "#0"},
				"west": {"uv": [5.5, 1, 7, 2], "texture": "#0"},
				"up": {"uv": [6, 7.625, 4.5, 7.5], "rotation": 270, "texture": "#0"},
				"down": {"uv": [7.5, 7.5, 6, 7.625], "rotation": 90, "texture": "#0"}
			}
		},
		{
			"from": [7, 11.5, 7.75],
			"to": [9, 11.75, 10.75],
			"faces": {
				"north": {"uv": [2, 6.5, 3, 6.625], "texture": "#0"},
				"east": {"uv": [7.5, 7.5, 9, 7.625], "texture": "#0"},
				"south": {"uv": [8, 5, 9, 5.125], "texture": "#0"},
				"west": {"uv": [7.5, 6.5, 9, 6.625], "texture": "#0"},
				"up": {"uv": [7, 3, 5.5, 2], "rotation": 270, "texture": "#0"},
				"down": {"uv": [7, 3, 5.5, 4], "rotation": 90, "texture": "#0"}
			}
		},
		{
			"from": [6.5, 11.95, 7.75],
			"to": [9.5, 12.2, 10.75],
			"faces": {
				"north": {"uv": [7, 6, 8.5, 6.125], "texture": "#0"},
				"east": {"uv": [7, 7, 8.5, 7.125], "texture": "#0"},
				"south": {"uv": [0, 7.5, 1.5, 7.625], "texture": "#0"},
				"west": {"uv": [5.5, 7, 7, 7.125], "texture": "#0"},
				"up": {"uv": [1.5, 5.5, 0, 4], "rotation": 270, "texture": "#0"},
				"down": {"uv": [3, 4, 1.5, 5.5], "rotation": 90, "texture": "#0"}
			}
		},
		{
			"from": [9.25, 8, 6],
			"to": [9.5, 10, 11],
			"faces": {
				"north": {"uv": [1, 8, 1.125, 9], "texture": "#0"},
				"east": {"uv": [3, 3, 5.5, 4], "texture": "#0"},
				"south": {"uv": [1.5, 8, 1.625, 9], "texture": "#0"},
				"west": {"uv": [3, 2, 5.5, 3], "texture": "#0"},
				"up": {"uv": [9.5, 0.125, 7, 0], "rotation": 270, "texture": "#0"},
				"down": {"uv": [9.5, 0.5, 7, 0.625], "rotation": 90, "texture": "#0"}
			}
		},
		{
			"from": [9, 8, 7],
			"to": [9.25, 8.75, 11],
			"faces": {
				"north": {"uv": [5.5, 8, 5.625, 8.375], "texture": "#0"},
				"east": {"uv": [6, 4.5, 8, 4.875], "texture": "#0"},
				"south": {"uv": [6, 8, 6.125, 8.375], "texture": "#0"},
				"west": {"uv": [6, 4, 8, 4.375], "texture": "#0"},
				"up": {"uv": [9, 1.125, 7, 1], "rotation": 270, "texture": "#0"},
				"down": {"uv": [9, 1.5, 7, 1.625], "rotation": 90, "texture": "#0"}
			}
		},
		{
			"from": [6.75, 8, 7],
			"to": [7, 8.75, 11],
			"faces": {
				"north": {"uv": [6.5, 8, 6.625, 8.375], "texture": "#0"},
				"east": {"uv": [6, 5, 8, 5.375], "texture": "#0"},
				"south": {"uv": [7, 8, 7.125, 8.375], "texture": "#0"},
				"west": {"uv": [5, 6, 7, 6.375], "texture": "#0"},
				"up": {"uv": [4, 7.125, 2, 7], "rotation": 270, "texture": "#0"},
				"down": {"uv": [9, 2, 7, 2.125], "rotation": 90, "texture": "#0"}
			}
		},
		{
			"from": [7.25, 10, 8.9],
			"to": [8.75, 11.5, 9],
			"faces": {
				"north": {"uv": [0, 6.5, 0.75, 7.25], "texture": "#0"},
				"east": {"uv": [8, 8, 8.0625, 8.75], "texture": "#0"},
				"south": {"uv": [1, 6.5, 1.75, 7.25], "texture": "#0"},
				"west": {"uv": [7.5, 8, 7.5625, 8.75], "texture": "#0"},
				"up": {"uv": [8.5625, 3.25, 8.5, 2.5], "rotation": 270, "texture": "#0"},
				"down": {"uv": [8.5625, 3.5, 8.5, 4.25], "rotation": 90, "texture": "#0"}
			}
		}
	],
	"display": {
		"firstperson_righthand": {
			"translation": [21.5, -8.68, -30.25],
			"scale": [4, 4, 4]
		},
		"firstperson_lefthand": {
			"translation": [0, 3, 0]
		},
		"gui": {
			"rotation": [0, -43, 0],
			"translation": [0, -3.75, 0],
			"scale": [2, 2, 2]
		},
		"head": {
			"translation": [0, 0, -0.25]
		}
	}
}