{
	"credit": "Made with Blockbench",
	"textures": {
		"0": "block/gray_concrete",
		"1": "block/dark_oak_planks",
		"2": "block/black_concrete",
		"particle": "block/black_shulker_box",
		"1_0": "block/black_shulker_box"
	},
	"elements": [
		{
			"from": [7.2, 7.849, 2.75],
			"to": [8.8, 7.849, 3.75],
			"rotation": {"angle": 0, "axis": "x", "origin": [7.7, 5.349, 3]},
			"faces": {
				"north": {"uv": [0, 0, 1, 1], "texture": "#0"},
				"east": {"uv": [0, 0, 1, 1], "texture": "#0"},
				"south": {"uv": [0, 0, 1, 1], "texture": "#0"},
				"west": {"uv": [0, 0, 1, 1], "texture": "#0"},
				"up": {"uv": [0, 0, 1, 1], "texture": "#0"},
				"down": {"uv": [0, 0, 1, 1], "texture": "#0"}
			}
		},
		{
			"from": [7.88, 7.5, 3],
			"to": [8.13, 8.5, 4],
			"rotation": {"angle": 0, "axis": "x", "origin": [8, 8.3, 4.2]},
			"faces": {
				"north": {"uv": [0, 0, 1, 1], "rotation": 180, "texture": "#0"},
				"east": {"uv": [0, 0, 1, 1], "rotation": 180, "texture": "#0"},
				"south": {"uv": [0, 0, 1, 1], "rotation": 180, "texture": "#0"},
				"west": {"uv": [0, 0, 1, 1], "rotation": 180, "texture": "#0"},
				"up": {"uv": [0, 0, 1, 1], "texture": "#0"},
				"down": {"uv": [0, 0, 1, 1], "texture": "#0"}
			}
		},
		{
			"from": [7.5, 3, 2],
			"to": [8.5, 8, 4.2],
			"rotation": {"angle": 22.5, "axis": "x", "origin": [8, 3.5, 2.5]},
			"faces": {
				"north": {"uv": [0, 0, 1, 1], "texture": "#0"},
				"east": {"uv": [0, 0, 1, 1], "texture": "#0"},
				"south": {"uv": [0, 0, 1, 1], "texture": "#0"},
				"west": {"uv": [0, 0, 1, 1], "texture": "#0"},
				"up": {"uv": [0, 0, 1, 1], "texture": "#0"},
				"down": {"uv": [0, 0, 1, 1], "texture": "#0"}
			}
		},
		{
			"from": [8.2, 7.70355, 3.10355],
			"to": [8.8, 8.90355, 4.60355],
			"rotation": {"angle": 45, "axis": "x", "origin": [7.7, 8.20355, 3.10355]},
			"faces": {
				"north": {"uv": [0, 0, 0.5, 2], "texture": "#0"},
				"east": {"uv": [0, 0, 0.5, 2], "texture": "#0"},
				"south": {"uv": [0, 0, 0.5, 2], "texture": "#0"},
				"west": {"uv": [0, 0, 0.5, 2], "texture": "#0"},
				"up": {"uv": [0, 0, 0.5, 0.5], "texture": "#0"},
				"down": {"uv": [0, 0, 0.5, 0.5], "texture": "#0"}
			}
		},
		{
			"from": [7.2, 7.70355, 3.10355],
			"to": [7.8, 8.90355, 4.60355],
			"rotation": {"angle": 45, "axis": "x", "origin": [7.7, 8.20355, 3.10355]},
			"faces": {
				"north": {"uv": [0, 0, 0.5, 2], "texture": "#0"},
				"east": {"uv": [0, 0, 0.5, 2], "texture": "#0"},
				"south": {"uv": [0, 0, 0.5, 2], "texture": "#0"},
				"west": {"uv": [0, 0, 0.5, 2], "texture": "#0"},
				"up": {"uv": [0, 0, 0.5, 0.5], "texture": "#0"},
				"down": {"uv": [0, 0, 0.5, 0.5], "texture": "#0"}
			}
		},
		{
			"from": [7.4, 4.2, 2.25],
			"to": [8.6, 6.7, 4.05],
			"rotation": {"angle": 22.5, "axis": "x", "origin": [7.75, 3.7, 2.75]},
			"faces": {
				"north": {"uv": [0, 0, 1, 1], "texture": "#1"},
				"east": {"uv": [0, 0, 1, 1], "texture": "#1"},
				"south": {"uv": [0, 0, 1, 1], "texture": "#1"},
				"west": {"uv": [0, 0, 1, 1], "texture": "#1"},
				"up": {"uv": [0, 0, 1, 1], "texture": "#1"},
				"down": {"uv": [0, 0, 1, 1], "texture": "#1"}
			}
		},
		{
			"from": [7.4, 3.2, 3.25],
			"to": [8.6, 6.7, 4.05],
			"rotation": {"angle": 22.5, "axis": "x", "origin": [7.75, 3.7, 2.75]},
			"faces": {
				"north": {"uv": [0, 0, 1, 1], "texture": "#1"},
				"east": {"uv": [0, 0, 1, 1], "texture": "#1"},
				"south": {"uv": [0, 0, 1, 1], "texture": "#1"},
				"west": {"uv": [0, 0, 1, 1], "texture": "#1"},
				"up": {"uv": [0, 0, 1, 1], "texture": "#1"},
				"down": {"uv": [0, 0, 1, 1], "texture": "#1"}
			}
		},
		{
			"from": [7.2, 5.66554, 5.24083],
			"to": [8.8, 7.16554, 8.44083],
			"rotation": {"angle": -22.5, "axis": "x", "origin": [8, 3.6302, 3.74083]},
			"faces": {
				"north": {"uv": [0, 0, 1, 1], "texture": "#0"},
				"east": {"uv": [0, 0, 1, 1], "texture": "#0"},
				"south": {"uv": [0, 0, 1, 1], "texture": "#0"},
				"west": {"uv": [0, 0, 1, 1], "texture": "#0"},
				"up": {"uv": [0, 0, 1, 1], "texture": "#0"},
				"down": {"uv": [0, 0, 1, 1], "texture": "#0"}
			}
		},
		{
			"from": [7.2, 7, 3.5],
			"to": [8.8, 8, 10],
			"rotation": {"angle": 0, "axis": "y", "origin": [7.8, 7.35, 4]},
			"faces": {
				"north": {"uv": [0, 0, 1, 1], "texture": "#0"},
				"east": {"uv": [0, 0, 1, 1], "texture": "#0"},
				"south": {"uv": [0, 0, 1, 1], "texture": "#0"},
				"west": {"uv": [0, 0, 1, 1], "texture": "#0"},
				"up": {"uv": [0, 0, 1, 1], "texture": "#0"},
				"down": {"uv": [0, 0, 1, 1], "texture": "#0"}
			}
		},
		{
			"from": [7.2, 7.85, 4],
			"to": [8.8, 8.6, 10.5],
			"rotation": {"angle": 0, "axis": "y", "origin": [7.8, 7.35, 4]},
			"faces": {
				"north": {"uv": [0, 0, 1, 1], "texture": "#0"},
				"east": {"uv": [0, 0, 1, 1], "texture": "#0"},
				"south": {"uv": [0, 0, 1, 1], "texture": "#0"},
				"west": {"uv": [0, 0, 1, 1], "texture": "#0"},
				"up": {"uv": [0, 0, 1, 1], "texture": "#0"},
				"down": {"uv": [0, 0, 1, 1], "texture": "#0"}
			}
		},
		{
			"from": [7.9, 12.25, 10.3],
			"to": [8.1, 12.35, 10.7],
			"rotation": {"angle": 22.5, "axis": "x", "origin": [7.8, 7.35, 4]},
			"faces": {
				"north": {"uv": [0, 0, 1, 1], "texture": "#0"},
				"east": {"uv": [0, 0, 1, 1], "texture": "#0"},
				"south": {"uv": [0, 0, 1, 1], "texture": "#0"},
				"west": {"uv": [0, 0, 1, 1], "texture": "#0"},
				"up": {"uv": [0, 0, 1, 1], "texture": "#0"},
				"down": {"uv": [0, 0, 1, 1], "texture": "#0"}
			}
		},
		{
			"from": [7.7, 9.4, 3.6],
			"to": [8.3, 9.45, 12.3],
			"rotation": {"angle": 0, "axis": "y", "origin": [7.8, 7.35, 4]},
			"faces": {
				"north": {"uv": [0, 0, 1, 1], "texture": "#0"},
				"east": {"uv": [0, 0, 1, 1], "texture": "#0"},
				"south": {"uv": [0, 0, 1, 1], "texture": "#0"},
				"west": {"uv": [0, 0, 1, 1], "texture": "#0"},
				"up": {"uv": [0, 0, 1, 1], "texture": "#0"},
				"down": {"uv": [0, 0, 1, 1], "texture": "#0"}
			}
		},
		{
			"from": [7.59434, 8.47706, 3.6],
			"to": [8.39434, 9.42706, 12.4],
			"rotation": {"angle": 0, "axis": "y", "origin": [7.79434, 7.32706, 0]},
			"faces": {
				"north": {"uv": [0, 0, 1, 1], "texture": "#0"},
				"east": {"uv": [0, 0, 1, 1], "texture": "#0"},
				"south": {"uv": [0, 0, 1, 1], "texture": "#0"},
				"west": {"uv": [0, 0, 1, 1], "texture": "#0"},
				"up": {"uv": [0, 0, 1, 1], "texture": "#0"},
				"down": {"uv": [0, 0, 1, 1], "texture": "#0"}
			}
		},
		{
			"from": [7.2, 6.85, 2.5],
			"to": [7.8, 7.85, 4],
			"rotation": {"angle": 0, "axis": "y", "origin": [7.8, 7.35, 4.5]},
			"faces": {
				"north": {"uv": [0, 0, 1, 1], "texture": "#0"},
				"east": {"uv": [0, 0, 1, 1], "texture": "#0"},
				"south": {"uv": [0, 0, 1, 1], "texture": "#0"},
				"west": {"uv": [0, 0, 1, 1], "texture": "#0"},
				"up": {"uv": [0, 0, 1, 1], "texture": "#0"},
				"down": {"uv": [0, 0, 1, 1], "texture": "#0"}
			}
		},
		{
			"from": [8.2, 6.85, 2.5],
			"to": [8.8, 7.85, 4],
			"rotation": {"angle": 0, "axis": "y", "origin": [7.8, 7.35, 4.5]},
			"faces": {
				"north": {"uv": [0, 0, 1, 1], "texture": "#0"},
				"east": {"uv": [0, 0, 1, 1], "texture": "#0"},
				"south": {"uv": [0, 0, 1, 1], "texture": "#0"},
				"west": {"uv": [0, 0, 1, 1], "texture": "#0"},
				"up": {"uv": [0, 0, 1, 1], "texture": "#0"},
				"down": {"uv": [0, 0, 1, 1], "texture": "#0"}
			}
		},
		{
			"from": [7.5, 6, 3],
			"to": [8.5, 7, 4],
			"rotation": {"angle": 0, "axis": "y", "origin": [7.5, 4.7294, 2.84672]},
			"faces": {
				"north": {"uv": [0, 0, 1, 1], "texture": "#0"},
				"east": {"uv": [0, 0, 1, 1], "texture": "#0"},
				"south": {"uv": [0, 0, 1, 1], "texture": "#0"},
				"west": {"uv": [0, 0, 1, 1], "texture": "#0"},
				"up": {"uv": [0, 0, 1, 1], "texture": "#0"},
				"down": {"uv": [0, 0, 1, 1], "texture": "#0"}
			}
		},
		{
			"from": [7.2, 6.17321, 2.90244],
			"to": [8.8, 7.17321, 4.90244],
			"rotation": {"angle": 22.5, "axis": "x", "origin": [7.8, 7.52321, 4.40244]},
			"faces": {
				"north": {"uv": [0, 0, 1, 1], "texture": "#0"},
				"east": {"uv": [0, 0, 1, 1], "texture": "#0"},
				"south": {"uv": [0, 0, 1, 1], "texture": "#0"},
				"west": {"uv": [0, 0, 1, 1], "texture": "#0"},
				"up": {"uv": [0, 0, 1, 1], "texture": "#0"},
				"down": {"uv": [0, 0, 1, 1], "texture": "#0"}
			}
		},
		{
			"from": [7.1, 8.4, 9.5],
			"to": [8.9, 8.8, 12.5],
			"rotation": {"angle": 0, "axis": "x", "origin": [7.6, 8.8, 10]},
			"faces": {
				"north": {"uv": [0, 0, 1, 1], "texture": "#0"},
				"east": {"uv": [0, 0, 1, 1], "texture": "#0"},
				"south": {"uv": [0, 0, 1, 1], "texture": "#0"},
				"west": {"uv": [0, 0, 1, 1], "texture": "#0"},
				"up": {"uv": [0, 0, 1, 1], "texture": "#0"},
				"down": {"uv": [0, 0, 1, 1], "texture": "#0"}
			}
		},
		{
			"from": [7.4, 8.6, 4],
			"to": [7.8, 9.3, 7.8],
			"rotation": {"angle": -22.5, "axis": "z", "origin": [7.6, 8.8, 10]},
			"faces": {
				"north": {"uv": [0, 0, 1, 1], "rotation": 90, "texture": "#0"},
				"east": {"uv": [0, 0, 1, 1], "rotation": 270, "texture": "#0"},
				"south": {"uv": [0, 0, 1, 1], "rotation": 270, "texture": "#0"},
				"west": {"uv": [0, 0, 1, 1], "rotation": 270, "texture": "#0"},
				"up": {"uv": [0, 0, 1, 1], "rotation": 270, "texture": "#0"},
				"down": {"uv": [0, 0, 1, 1], "rotation": 270, "texture": "#0"}
			}
		},
		{
			"from": [9.05, 3.85, 6.5],
			"to": [9.25, 3.95, 6.8],
			"rotation": {"angle": 45, "axis": "x", "origin": [7.6, 8.8, 10]},
			"faces": {
				"north": {"uv": [0, 0, 1, 1], "rotation": 90, "texture": "#0"},
				"east": {"uv": [0, 0, 1, 1], "rotation": 270, "texture": "#0"},
				"south": {"uv": [0, 0, 1, 1], "rotation": 270, "texture": "#0"},
				"west": {"uv": [0, 0, 1, 1], "rotation": 270, "texture": "#0"},
				"up": {"uv": [0, 0, 1, 1], "rotation": 270, "texture": "#0"},
				"down": {"uv": [0, 0, 1, 1], "rotation": 270, "texture": "#0"}
			}
		},
		{
			"from": [8.2, 8.3, 3.6],
			"to": [8.7, 8.8, 12.4],
			"rotation": {"angle": 22.5, "axis": "z", "origin": [7.6, 8.8, 10]},
			"faces": {
				"north": {"uv": [0, 0, 1, 1], "rotation": 270, "texture": "#0"},
				"east": {"uv": [0, 0, 1, 1], "rotation": 90, "texture": "#0"},
				"south": {"uv": [0, 0, 1, 1], "rotation": 90, "texture": "#0"},
				"west": {"uv": [0, 0, 1, 1], "rotation": 90, "texture": "#0"},
				"up": {"uv": [0, 0, 1, 1], "rotation": 90, "texture": "#0"},
				"down": {"uv": [0, 0, 1, 1], "rotation": 90, "texture": "#0"}
			}
		},
		{
			"from": [9.49911, 8.88247, 3.6],
			"to": [9.99911, 9.18247, 12.4],
			"rotation": {"angle": 45, "axis": "z", "origin": [8.89911, 7.38247, 10]},
			"faces": {
				"north": {"uv": [0, 0, 1, 1], "rotation": 270, "texture": "#0"},
				"east": {"uv": [0, 0, 1, 1], "rotation": 90, "texture": "#0"},
				"south": {"uv": [0, 0, 1, 1], "rotation": 90, "texture": "#0"},
				"west": {"uv": [0, 0, 1, 1], "rotation": 90, "texture": "#0"},
				"up": {"uv": [0, 0, 1, 1], "rotation": 90, "texture": "#0"},
				"down": {"uv": [0, 0, 1, 1], "rotation": 90, "texture": "#0"}
			}
		},
		{
			"from": [8.2, 9.5, 4.1],
			"to": [8.5, 9.7, 4.2],
			"rotation": {"angle": 0, "axis": "z", "origin": [8.21368, 8.05714, 10]},
			"faces": {
				"north": {"uv": [0, 0, 1, 1], "rotation": 90, "texture": "#0"},
				"east": {"uv": [0, 0, 1, 1], "rotation": 270, "texture": "#0"},
				"south": {"uv": [0, 0, 1, 1], "rotation": 270, "texture": "#0"},
				"west": {"uv": [0, 0, 1, 1], "rotation": 270, "texture": "#0"},
				"up": {"uv": [0, 0, 1, 1], "rotation": 270, "texture": "#0"},
				"down": {"uv": [0, 0, 1, 1], "rotation": 270, "texture": "#0"}
			}
		},
		{
			"from": [8.2, 9.4, 4],
			"to": [8.5, 9.6, 4.3],
			"rotation": {"angle": 0, "axis": "y", "origin": [8.21368, 8.05714, 10]},
			"faces": {
				"north": {"uv": [0, 0, 1, 1], "rotation": 90, "texture": "#0"},
				"east": {"uv": [0, 0, 1, 1], "rotation": 270, "texture": "#0"},
				"south": {"uv": [0, 0, 1, 1], "rotation": 270, "texture": "#0"},
				"west": {"uv": [0, 0, 1, 1], "rotation": 270, "texture": "#0"},
				"up": {"uv": [0, 0, 1, 1], "rotation": 270, "texture": "#0"},
				"down": {"uv": [0, 0, 1, 1], "rotation": 270, "texture": "#0"}
			}
		},
		{
			"from": [7.5, 9.5, 4.1],
			"to": [7.8, 9.7, 4.2],
			"rotation": {"angle": 0, "axis": "y", "origin": [8.21368, 8.05714, 10]},
			"faces": {
				"north": {"uv": [0, 0, 1, 1], "rotation": 90, "texture": "#0"},
				"east": {"uv": [0, 0, 1, 1], "rotation": 270, "texture": "#0"},
				"south": {"uv": [0, 0, 1, 1], "rotation": 270, "texture": "#0"},
				"west": {"uv": [0, 0, 1, 1], "rotation": 270, "texture": "#0"},
				"up": {"uv": [0, 0, 1, 1], "rotation": 270, "texture": "#0"},
				"down": {"uv": [0, 0, 1, 1], "rotation": 270, "texture": "#0"}
			}
		},
		{
			"from": [7.5, 9.4, 4],
			"to": [7.8, 9.6, 4.3],
			"rotation": {"angle": 0, "axis": "y", "origin": [8.21368, 8.05714, 10]},
			"faces": {
				"north": {"uv": [0, 0, 1, 1], "rotation": 90, "texture": "#0"},
				"east": {"uv": [0, 0, 1, 1], "rotation": 270, "texture": "#0"},
				"south": {"uv": [0, 0, 1, 1], "rotation": 270, "texture": "#0"},
				"west": {"uv": [0, 0, 1, 1], "rotation": 270, "texture": "#0"},
				"up": {"uv": [0, 0, 1, 1], "rotation": 270, "texture": "#0"},
				"down": {"uv": [0, 0, 1, 1], "rotation": 270, "texture": "#0"}
			}
		},
		{
			"from": [6.73074, 8.24214, 7.6],
			"to": [7.23074, 8.54214, 12.4],
			"rotation": {"angle": -45, "axis": "z", "origin": [8.23074, 7.94214, 10]},
			"faces": {
				"north": {"uv": [0, 0, 1, 1], "rotation": 270, "texture": "#0"},
				"east": {"uv": [0, 0, 1, 1], "rotation": 90, "texture": "#0"},
				"south": {"uv": [0, 0, 1, 1], "rotation": 90, "texture": "#0"},
				"west": {"uv": [0, 0, 1, 1], "rotation": 90, "texture": "#0"},
				"up": {"uv": [0, 0, 1, 1], "rotation": 90, "texture": "#0"},
				"down": {"uv": [0, 0, 1, 1], "rotation": 90, "texture": "#0"}
			}
		},
		{
			"from": [6.80145, 8.21285, 3.6],
			"to": [7.30145, 8.51285, 6.1],
			"rotation": {"angle": -45, "axis": "z", "origin": [8.30145, 8.01285, 10]},
			"faces": {
				"north": {"uv": [0, 0, 1, 1], "rotation": 270, "texture": "#0"},
				"east": {"uv": [0, 0, 1, 1], "rotation": 90, "texture": "#0"},
				"south": {"uv": [0, 0, 1, 1], "rotation": 90, "texture": "#0"},
				"west": {"uv": [0, 0, 1, 1], "rotation": 90, "texture": "#0"},
				"up": {"uv": [0, 0, 1, 1], "rotation": 90, "texture": "#0"},
				"down": {"uv": [0, 0, 1, 1], "rotation": 90, "texture": "#0"}
			}
		},
		{
			"from": [7.24, 8.6, 7.6],
			"to": [7.74, 9.1, 12.4],
			"rotation": {"angle": -22.5, "axis": "z", "origin": [7.6, 8.8, 10]},
			"faces": {
				"north": {"uv": [0, 0, 1, 1], "rotation": 90, "texture": "#0"},
				"east": {"uv": [0, 0, 1, 1], "rotation": 270, "texture": "#0"},
				"south": {"uv": [0, 0, 1, 1], "rotation": 270, "texture": "#0"},
				"west": {"uv": [0, 0, 1, 1], "rotation": 270, "texture": "#0"},
				"up": {"uv": [0, 0, 1, 1], "rotation": 270, "texture": "#0"},
				"down": {"uv": [0, 0, 1, 1], "rotation": 270, "texture": "#0"}
			}
		},
		{
			"from": [7.24, 8.6, 3.6],
			"to": [7.74, 9.1, 6.1],
			"rotation": {"angle": -22.5, "axis": "z", "origin": [7.6, 8.8, 10]},
			"faces": {
				"north": {"uv": [0, 0, 1, 1], "rotation": 90, "texture": "#0"},
				"east": {"uv": [0, 0, 1, 1], "rotation": 270, "texture": "#0"},
				"south": {"uv": [0, 0, 1, 1], "rotation": 270, "texture": "#0"},
				"west": {"uv": [0, 0, 1, 1], "rotation": 270, "texture": "#0"},
				"up": {"uv": [0, 0, 1, 1], "rotation": 270, "texture": "#0"},
				"down": {"uv": [0, 0, 1, 1], "rotation": 270, "texture": "#0"}
			}
		},
		{
			"from": [7.4, 7.1, 9.5],
			"to": [8.6, 7.5, 12.5],
			"rotation": {"angle": 0, "axis": "y", "origin": [7.75, 8.8, 10]},
			"faces": {
				"north": {"uv": [0, 0, 1, 1], "texture": "#0"},
				"east": {"uv": [0, 0, 1, 1], "texture": "#0"},
				"south": {"uv": [0, 0, 1, 1], "texture": "#0"},
				"west": {"uv": [0, 0, 1, 1], "texture": "#0"},
				"up": {"uv": [0, 0, 1, 1], "texture": "#0"},
				"down": {"uv": [0, 0, 1, 1], "texture": "#0"}
			}
		},
		{
			"from": [7.1, 7.3, 3.5],
			"to": [8.9, 8.8, 4],
			"rotation": {"angle": 0, "axis": "y", "origin": [7.7, 7.8, 4]},
			"faces": {
				"north": {"uv": [0, 0, 1, 1], "texture": "#0"},
				"east": {"uv": [0, 0, 1, 1], "texture": "#0"},
				"south": {"uv": [0, 0, 1, 1], "texture": "#0"},
				"west": {"uv": [0, 0, 1, 1], "texture": "#0"},
				"up": {"uv": [0, 0, 1, 1], "texture": "#0"},
				"down": {"uv": [0, 0, 1, 1], "texture": "#0"}
			}
		},
		{
			"from": [7.1, 7.3, 4],
			"to": [8.9, 7.8, 4.5],
			"rotation": {"angle": 0, "axis": "y", "origin": [7.7, 7.8, 4]},
			"faces": {
				"north": {"uv": [0, 0, 1, 1], "texture": "#0"},
				"east": {"uv": [0, 0, 1, 1], "texture": "#0"},
				"south": {"uv": [0, 0, 1, 1], "texture": "#0"},
				"west": {"uv": [0, 0, 1, 1], "texture": "#0"},
				"up": {"uv": [0, 0, 1, 1], "texture": "#0"},
				"down": {"uv": [0, 0, 1, 1], "texture": "#0"}
			}
		},
		{
			"from": [7.1, 7.3, 3.5],
			"to": [8.9, 8.8, 9.5],
			"rotation": {"angle": 0, "axis": "x", "origin": [7.7, 7.8, 4]},
			"faces": {
				"north": {"uv": [0, 0, 1, 1], "texture": "#0"},
				"east": {"uv": [0, 0, 1, 1], "texture": "#0"},
				"south": {"uv": [0, 0, 1, 1], "texture": "#0"},
				"west": {"uv": [0, 0, 1, 1], "texture": "#0"},
				"up": {"uv": [0, 0, 1, 1], "texture": "#0"},
				"down": {"uv": [0, 0, 1, 1], "texture": "#0"}
			}
		},
		{
			"from": [7.1, 5.38762, 8.88583],
			"to": [8.9, 5.88762, 10.88583],
			"rotation": {"angle": -22.5, "axis": "x", "origin": [7.7, 7.88762, 4.38583]},
			"faces": {
				"north": {"uv": [0, 0, 1, 1], "texture": "#0"},
				"east": {"uv": [0, 0, 1, 1], "texture": "#0"},
				"south": {"uv": [0, 0, 1, 1], "texture": "#0"},
				"west": {"uv": [0, 0, 1, 1], "texture": "#0"},
				"up": {"uv": [0, 0, 1, 1], "texture": "#0"},
				"down": {"uv": [0, 0, 1, 1], "texture": "#0"}
			}
		},
		{
			"from": [7.7, 5.7456, 10.23771],
			"to": [8.3, 5.9456, 10.33771],
			"rotation": {"angle": 45, "axis": "x", "origin": [8, 8.9456, 9.38771]},
			"faces": {
				"north": {"uv": [0, 0, 1, 1], "rotation": 180, "texture": "#0"},
				"east": {"uv": [0, 0, 1, 1], "rotation": 270, "texture": "#0"},
				"south": {"uv": [0, 0, 1, 1], "texture": "#0"},
				"west": {"uv": [0, 0, 1, 1], "rotation": 90, "texture": "#0"},
				"up": {"uv": [0, 0, 1, 1], "rotation": 180, "texture": "#0"},
				"down": {"uv": [0, 0, 1, 1], "texture": "#0"}
			}
		},
		{
			"from": [7.7, 6.42474, 8.36968],
			"to": [8.3, 6.62474, 8.46968],
			"rotation": {"angle": 22.5, "axis": "x", "origin": [8, 7.62474, 7.51968]},
			"faces": {
				"north": {"uv": [0, 0, 1, 1], "rotation": 180, "texture": "#0"},
				"east": {"uv": [0, 0, 1, 1], "rotation": 270, "texture": "#0"},
				"south": {"uv": [0, 0, 1, 1], "texture": "#0"},
				"west": {"uv": [0, 0, 1, 1], "rotation": 90, "texture": "#0"},
				"up": {"uv": [0, 0, 1, 1], "rotation": 180, "texture": "#0"},
				"down": {"uv": [0, 0, 1, 1], "texture": "#0"}
			}
		},
		{
			"from": [7.5, 9.5, 4.1],
			"to": [7.8, 9.7, 4.2],
			"rotation": {"angle": 0, "axis": "y", "origin": [8.21368, 8.05714, 10]},
			"faces": {
				"north": {"uv": [0, 0, 1, 1], "rotation": 90, "texture": "#0"},
				"east": {"uv": [0, 0, 1, 1], "rotation": 270, "texture": "#0"},
				"south": {"uv": [0, 0, 1, 1], "rotation": 270, "texture": "#0"},
				"west": {"uv": [0, 0, 1, 1], "rotation": 270, "texture": "#0"},
				"up": {"uv": [0, 0, 1, 1], "rotation": 270, "texture": "#0"},
				"down": {"uv": [0, 0, 1, 1], "rotation": 270, "texture": "#0"}
			}
		},
		{
			"from": [7.7, 7.6, 6.15],
			"to": [8.3, 7.8, 6.65],
			"rotation": {"angle": 45, "axis": "x", "origin": [8.1, 7.2, 5.6]},
			"faces": {
				"north": {"uv": [0, 0, 1, 1], "rotation": 180, "texture": "#0"},
				"east": {"uv": [0, 0, 1, 1], "rotation": 270, "texture": "#0"},
				"south": {"uv": [0, 0, 1, 1], "texture": "#0"},
				"west": {"uv": [0, 0, 1, 1], "rotation": 90, "texture": "#0"},
				"up": {"uv": [0, 0, 1, 1], "rotation": 180, "texture": "#0"},
				"down": {"uv": [0, 0, 1, 1], "texture": "#0"}
			}
		},
		{
			"from": [7.7, 6.74038, 6.6253],
			"to": [8.3, 7.04038, 6.8253],
			"rotation": {"angle": 0, "axis": "x", "origin": [8, 7.14038, 5.4753]},
			"faces": {
				"north": {"uv": [0, 0, 1, 1], "rotation": 180, "texture": "#0"},
				"east": {"uv": [0, 0, 1, 1], "rotation": 270, "texture": "#0"},
				"south": {"uv": [0, 0, 1, 1], "texture": "#0"},
				"west": {"uv": [0, 0, 1, 1], "rotation": 90, "texture": "#0"},
				"up": {"uv": [0, 0, 1, 1], "rotation": 180, "texture": "#0"},
				"down": {"uv": [0, 0, 1, 1], "texture": "#0"}
			}
		},
		{
			"from": [7.7, 6.54038, 6.7253],
			"to": [8.3, 6.84038, 6.8253],
			"rotation": {"angle": 0, "axis": "y", "origin": [8, 7.14038, 5.4753]},
			"faces": {
				"north": {"uv": [0, 0, 1, 1], "rotation": 180, "texture": "#0"},
				"east": {"uv": [0, 0, 1, 1], "rotation": 270, "texture": "#0"},
				"south": {"uv": [0, 0, 1, 1], "texture": "#0"},
				"west": {"uv": [0, 0, 1, 1], "rotation": 90, "texture": "#0"},
				"up": {"uv": [0, 0, 1, 1], "rotation": 180, "texture": "#0"},
				"down": {"uv": [0, 0, 1, 1], "texture": "#0"}
			}
		},
		{
			"from": [7.7, 6.51989, 7.14975],
			"to": [8.3, 6.61989, 7.44975],
			"rotation": {"angle": 22.5, "axis": "x", "origin": [8, 7.16989, 6.34975]},
			"faces": {
				"north": {"uv": [0, 0, 1, 1], "texture": "#0"},
				"east": {"uv": [0, 0, 1, 1], "texture": "#0"},
				"south": {"uv": [0, 0, 1, 1], "texture": "#0"},
				"west": {"uv": [0, 0, 1, 1], "texture": "#0"},
				"up": {"uv": [0, 0, 1, 1], "texture": "#0"},
				"down": {"uv": [0, 0, 1, 1], "texture": "#0"}
			}
		},
		{
			"from": [7.7, 5.89268, 6.27729],
			"to": [8.3, 6.19268, 6.37729],
			"rotation": {"angle": -22.5, "axis": "x", "origin": [8.1, 7.49268, 5.62729]},
			"faces": {
				"north": {"uv": [0, 0, 1, 1], "rotation": 180, "texture": "#0"},
				"east": {"uv": [0, 0, 1, 1], "rotation": 270, "texture": "#0"},
				"south": {"uv": [0, 0, 1, 1], "texture": "#0"},
				"west": {"uv": [0, 0, 1, 1], "rotation": 90, "texture": "#0"},
				"up": {"uv": [0, 0, 1, 1], "rotation": 180, "texture": "#0"},
				"down": {"uv": [0, 0, 1, 1], "texture": "#0"}
			}
		},
		{
			"from": [7.2, 7, 3.5],
			"to": [8.8, 8, 10],
			"rotation": {"angle": 0, "axis": "y", "origin": [7.8, 7.35, 4]},
			"faces": {
				"north": {"uv": [0, 0, 1, 1], "texture": "#0"},
				"east": {"uv": [0, 0, 1, 1], "texture": "#0"},
				"south": {"uv": [0, 0, 1, 1], "texture": "#0"},
				"west": {"uv": [0, 0, 1, 1], "texture": "#0"},
				"up": {"uv": [0, 0, 1, 1], "texture": "#0"},
				"down": {"uv": [0, 0, 1, 1], "texture": "#0"}
			}
		},
		{
			"from": [7.7, 5.9, 7.65],
			"to": [8.3, 6.2, 8.15],
			"rotation": {"angle": -22.5, "axis": "x", "origin": [8.1, 7.2, 5.6]},
			"faces": {
				"north": {"uv": [0, 0, 1, 1], "rotation": 180, "texture": "#0"},
				"east": {"uv": [0, 0, 1, 1], "rotation": 270, "texture": "#0"},
				"south": {"uv": [0, 0, 1, 1], "texture": "#0"},
				"west": {"uv": [0, 0, 1, 1], "rotation": 90, "texture": "#0"},
				"up": {"uv": [0, 0, 1, 1], "rotation": 180, "texture": "#0"},
				"down": {"uv": [0, 0, 1, 1], "texture": "#0"}
			}
		},
		{
			"from": [7.5, 5.6, 5.15],
			"to": [8.5, 6.4, 5.55],
			"rotation": {"angle": 0, "axis": "x", "origin": [8.1, 7.2, 5.6]},
			"faces": {
				"north": {"uv": [0, 0, 1, 1], "rotation": 180, "texture": "#0"},
				"east": {"uv": [0, 0, 1, 1], "rotation": 270, "texture": "#0"},
				"south": {"uv": [0, 0, 1, 1], "texture": "#0"},
				"west": {"uv": [0, 0, 1, 1], "rotation": 90, "texture": "#0"},
				"up": {"uv": [0, 0, 1, 1], "rotation": 180, "texture": "#0"},
				"down": {"uv": [0, 0, 1, 1], "texture": "#0"}
			}
		},
		{
			"from": [7.5, 7.45, 11.25],
			"to": [8.5, 8.45, 12.55],
			"rotation": {"angle": 0, "axis": "y", "origin": [8, 8.8, 10.75]},
			"faces": {
				"north": {"uv": [0, 0, 1, 1], "texture": "#2"},
				"east": {"uv": [0, 0, 1, 1], "texture": "#2"},
				"south": {"uv": [0, 0, 1, 1], "texture": "#2"},
				"west": {"uv": [0, 0, 1, 1], "texture": "#2"},
				"up": {"uv": [0, 0, 1, 1], "texture": "#2"},
				"down": {"uv": [0, 0, 1, 1], "texture": "#2"}
			}
		},
		{
			"from": [7.1, 7.8, 9.5],
			"to": [7.5, 8.7, 12.5],
			"rotation": {"angle": 0, "axis": "y", "origin": [7.6, 8.8, 10]},
			"faces": {
				"north": {"uv": [0, 0, 1, 1], "texture": "#0"},
				"east": {"uv": [0, 0, 1, 1], "texture": "#0"},
				"south": {"uv": [0, 0, 1, 1], "texture": "#0"},
				"west": {"uv": [0, 0, 1, 1], "texture": "#0"},
				"up": {"uv": [0, 0, 1, 1], "texture": "#0"},
				"down": {"uv": [0, 0, 1, 1], "texture": "#0"}
			}
		},
		{
			"from": [8.5, 7.8, 9.5],
			"to": [8.9, 8.6, 12.5],
			"rotation": {"angle": 0, "axis": "y", "origin": [9, 8.8, 10]},
			"faces": {
				"north": {"uv": [0, 0, 1, 1], "texture": "#0"},
				"east": {"uv": [0, 0, 1, 1], "texture": "#0"},
				"south": {"uv": [0, 0, 1, 1], "texture": "#0"},
				"west": {"uv": [0, 0, 1, 1], "texture": "#0"},
				"up": {"uv": [0, 0, 1, 1], "texture": "#0"},
				"down": {"uv": [0, 0, 1, 1], "texture": "#0"}
			}
		},
		{
			"from": [8.5, 7.3, 9.5],
			"to": [8.75, 7.8, 12.5],
			"rotation": {"angle": 0, "axis": "y", "origin": [9, 8.8, 10]},
			"faces": {
				"north": {"uv": [0, 0, 1, 1], "texture": "#0"},
				"east": {"uv": [0, 0, 1, 1], "texture": "#0"},
				"south": {"uv": [0, 0, 1, 1], "texture": "#0"},
				"west": {"uv": [0, 0, 1, 1], "texture": "#0"},
				"up": {"uv": [0, 0, 1, 1], "texture": "#0"},
				"down": {"uv": [0, 0, 1, 1], "texture": "#0"}
			}
		},
		{
			"from": [7.25, 7.3, 9.5],
			"to": [7.5, 7.8, 12.5],
			"rotation": {"angle": 0, "axis": "y", "origin": [7.75, 8.8, 10]},
			"faces": {
				"north": {"uv": [0, 0, 1, 1], "texture": "#0"},
				"east": {"uv": [0, 0, 1, 1], "texture": "#0"},
				"south": {"uv": [0, 0, 1, 1], "texture": "#0"},
				"west": {"uv": [0, 0, 1, 1], "texture": "#0"},
				"up": {"uv": [0, 0, 1, 1], "texture": "#0"},
				"down": {"uv": [0, 0, 1, 1], "texture": "#0"}
			}
		},
		{
			"from": [7.25, 3.1, 6],
			"to": [8.75, 3.4, 6.8],
			"rotation": {"angle": 45, "axis": "x", "origin": [7.5, 7.85, 4.9]},
			"faces": {
				"north": {"uv": [0, 0, 1, 1], "rotation": 180, "texture": "#0"},
				"east": {"uv": [0, 0, 1, 1], "rotation": 90, "texture": "#0"},
				"south": {"uv": [0, 0, 1, 1], "texture": "#0"},
				"west": {"uv": [0, 0, 1, 1], "rotation": 270, "texture": "#0"},
				"up": {"uv": [0, 0, 1, 1], "texture": "#0"},
				"down": {"uv": [0, 0, 1, 1], "rotation": 180, "texture": "#0"}
			}
		},
		{
			"from": [7.55, 2.5, 6],
			"to": [8.45, 2.6, 6.2],
			"rotation": {"angle": 22.5, "axis": "x", "origin": [7.5, 7.85, 4.9]},
			"faces": {
				"north": {"uv": [0, 0, 1, 1], "rotation": 180, "texture": "#0"},
				"east": {"uv": [0, 0, 1, 1], "rotation": 90, "texture": "#0"},
				"south": {"uv": [0, 0, 1, 1], "texture": "#0"},
				"west": {"uv": [0, 0, 1, 1], "rotation": 270, "texture": "#0"},
				"up": {"uv": [0, 0, 1, 1], "texture": "#0"},
				"down": {"uv": [0, 0, 1, 1], "rotation": 180, "texture": "#0"}
			}
		},
		{
			"from": [7.3, 7.1, 3.85],
			"to": [9.1, 7.4, 4.75],
			"rotation": {"angle": 45, "axis": "x", "origin": [7.5, 7.85, 4.9]},
			"faces": {
				"north": {"uv": [0, 0, 1, 1], "rotation": 180, "texture": "#0"},
				"east": {"uv": [0, 0, 1, 1], "rotation": 90, "texture": "#0"},
				"south": {"uv": [0, 0, 1, 1], "texture": "#0"},
				"west": {"uv": [0, 0, 1, 1], "rotation": 270, "texture": "#0"},
				"up": {"uv": [0, 0, 1, 1], "texture": "#0"},
				"down": {"uv": [0, 0, 1, 1], "rotation": 180, "texture": "#0"}
			}
		},
		{
			"from": [7, 7.35, 4.8],
			"to": [9, 8.35, 5],
			"rotation": {"angle": 22.5, "axis": "x", "origin": [7.5, 7.85, 5.3]},
			"faces": {
				"north": {"uv": [0, 0, 1, 1], "texture": "#0"},
				"east": {"uv": [0, 0, 1, 1], "texture": "#0"},
				"south": {"uv": [0, 0, 1, 1], "texture": "#0"},
				"west": {"uv": [0, 0, 1, 1], "texture": "#0"},
				"up": {"uv": [0, 0, 1, 1], "texture": "#0"},
				"down": {"uv": [0, 0, 1, 1], "texture": "#0"}
			}
		},
		{
			"from": [7, 7.35, 5.6],
			"to": [9, 8.35, 5.8],
			"rotation": {"angle": 22.5, "axis": "x", "origin": [7.5, 7.85, 6.1]},
			"faces": {
				"north": {"uv": [0, 0, 1, 1], "texture": "#0"},
				"east": {"uv": [0, 0, 1, 1], "texture": "#0"},
				"south": {"uv": [0, 0, 1, 1], "texture": "#0"},
				"west": {"uv": [0, 0, 1, 1], "texture": "#0"},
				"up": {"uv": [0, 0, 1, 1], "texture": "#0"},
				"down": {"uv": [0, 0, 1, 1], "texture": "#0"}
			}
		},
		{
			"from": [7, 7.35, 6.4],
			"to": [9, 8.35, 6.6],
			"rotation": {"angle": 22.5, "axis": "x", "origin": [7.5, 7.85, 6.9]},
			"faces": {
				"north": {"uv": [0, 0, 1, 1], "texture": "#0"},
				"east": {"uv": [0, 0, 1, 1], "texture": "#0"},
				"south": {"uv": [0, 0, 1, 1], "texture": "#0"},
				"west": {"uv": [0, 0, 1, 1], "texture": "#0"},
				"up": {"uv": [0, 0, 1, 1], "texture": "#0"},
				"down": {"uv": [0, 0, 1, 1], "texture": "#0"}
			}
		},
		{
			"from": [7, 7.35, 5.2],
			"to": [9, 8.35, 5.4],
			"rotation": {"angle": 22.5, "axis": "x", "origin": [7.5, 7.85, 5.7]},
			"faces": {
				"north": {"uv": [0, 0, 1, 1], "texture": "#0"},
				"east": {"uv": [0, 0, 1, 1], "texture": "#0"},
				"south": {"uv": [0, 0, 1, 1], "texture": "#0"},
				"west": {"uv": [0, 0, 1, 1], "texture": "#0"},
				"up": {"uv": [0, 0, 1, 1], "texture": "#0"},
				"down": {"uv": [0, 0, 1, 1], "texture": "#0"}
			}
		},
		{
			"from": [7, 7.35, 6],
			"to": [9, 8.35, 6.2],
			"rotation": {"angle": 22.5, "axis": "x", "origin": [7.5, 7.85, 6.5]},
			"faces": {
				"north": {"uv": [0, 0, 1, 1], "texture": "#0"},
				"east": {"uv": [0, 0, 1, 1], "texture": "#0"},
				"south": {"uv": [0, 0, 1, 1], "texture": "#0"},
				"west": {"uv": [0, 0, 1, 1], "texture": "#0"},
				"up": {"uv": [0, 0, 1, 1], "texture": "#0"},
				"down": {"uv": [0, 0, 1, 1], "texture": "#0"}
			}
		},
		{
			"from": [7.7, 3.07884, 7.4552],
			"to": [8.3, 3.17884, 9.2552],
			"rotation": {"angle": -22.5, "axis": "x", "origin": [1.2, 0.87884, 1.1552]},
			"color": 6,
			"faces": {
				"north": {"uv": [0, 0, 0.6, 0.1], "texture": "#missing"},
				"east": {"uv": [0, 0, 1.8, 0.1], "texture": "#missing"},
				"south": {"uv": [0, 0, 0.6, 0.1], "texture": "#missing"},
				"west": {"uv": [0, 0, 1.8, 0.1], "texture": "#missing"},
				"up": {"uv": [0, 0, 0.6, 1.8], "texture": "#missing"},
				"down": {"uv": [0, 0, 0.6, 1.8], "texture": "#missing"}
			}
		},
		{
			"from": [7.7, 6.33731, 7.91468],
			"to": [8.3, 7.43731, 8.01468],
			"rotation": {"angle": 0, "axis": "x", "origin": [-0.5, 1.43731, -1.88532]},
			"color": 3,
			"faces": {
				"north": {"uv": [0, 0, 0.6, 1.1], "rotation": 180, "texture": "#missing"},
				"east": {"uv": [0, 0, 1.1, 0.1], "rotation": 90, "texture": "#missing"},
				"south": {"uv": [0, 0, 0.6, 1.1], "texture": "#missing"},
				"west": {"uv": [0, 0, 1.1, 0.1], "rotation": 270, "texture": "#missing"},
				"up": {"uv": [0, 0, 0.6, 0.1], "texture": "#missing"},
				"down": {"uv": [0, 0, 0.6, 0.1], "rotation": 180, "texture": "#missing"}
			}
		},
		{
			"from": [7.7, 8.03214, 5.61037],
			"to": [8.3, 8.13214, 7.11037],
			"rotation": {"angle": 22.5, "axis": "x", "origin": [0.3, 9.13214, -0.18963]},
			"color": 8,
			"faces": {
				"north": {"uv": [0, 0, 0.6, 0.1], "texture": "#missing"},
				"east": {"uv": [0, 0, 1.5, 0.1], "texture": "#missing"},
				"south": {"uv": [0, 0, 0.6, 0.1], "texture": "#missing"},
				"west": {"uv": [0, 0, 1.5, 0.1], "texture": "#missing"},
				"up": {"uv": [0, 0, 0.6, 1.5], "texture": "#missing"},
				"down": {"uv": [0, 0, 0.6, 1.5], "texture": "#missing"}
			}
		},
		{
			"from": [7.9, 13.15849, 7.13386],
			"to": [8.1, 13.35849, 7.53386],
			"rotation": {"angle": 22.5, "axis": "x", "origin": [0, 0.05849, -0.06614]},
			"color": 0,
			"faces": {
				"north": {"uv": [0, 0, 0.2, 0.2], "texture": "#missing"},
				"east": {"uv": [0, 0, 0.4, 0.2], "texture": "#missing"},
				"south": {"uv": [0, 0, 0.2, 0.2], "texture": "#missing"},
				"west": {"uv": [0, 0, 0.4, 0.2], "texture": "#missing"},
				"up": {"uv": [0, 0, 0.2, 0.4], "texture": "#missing"},
				"down": {"uv": [0, 0, 0.2, 0.4], "texture": "#missing"}
			}
		},
		{
			"from": [8.6, 6.8, 5.2],
			"to": [8.9, 7.3, 6],
			"color": 9,
			"faces": {
				"north": {"uv": [0, 0, 0.3, 0.5], "texture": "#missing"},
				"east": {"uv": [0, 0, 0.8, 0.5], "texture": "#missing"},
				"south": {"uv": [0, 0, 0.3, 0.5], "texture": "#missing"},
				"west": {"uv": [0, 0, 0.8, 0.5], "texture": "#missing"},
				"up": {"uv": [0, 0, 0.3, 0.8], "texture": "#missing"},
				"down": {"uv": [0, 0, 0.3, 0.8], "texture": "#missing"}
			}
		},
		{
			"from": [8.6, 6.8, 5.2],
			"to": [8.8, 7, 6],
			"color": 9,
			"faces": {
				"north": {"uv": [0, 0, 0.2, 0.2], "texture": "#missing"},
				"east": {"uv": [0, 0, 0.8, 0.2], "texture": "#missing"},
				"south": {"uv": [0, 0, 0.2, 0.2], "texture": "#missing"},
				"west": {"uv": [0, 0, 0.8, 0.2], "texture": "#missing"},
				"up": {"uv": [0, 0, 0.2, 0.8], "texture": "#missing"},
				"down": {"uv": [0, 0, 0.2, 0.8], "texture": "#missing"}
			}
		},
		{
			"from": [8.9, 6.8, 5.3],
			"to": [9.1, 7, 5.9],
			"color": 9,
			"faces": {
				"north": {"uv": [0, 0, 0.2, 0.2], "texture": "#missing"},
				"east": {"uv": [0, 0, 0.6, 0.2], "texture": "#missing"},
				"south": {"uv": [0, 0, 0.2, 0.2], "texture": "#missing"},
				"west": {"uv": [0, 0, 0.6, 0.2], "texture": "#missing"},
				"up": {"uv": [0, 0, 0.2, 0.6], "texture": "#missing"},
				"down": {"uv": [0, 0, 0.2, 0.6], "texture": "#missing"}
			}
		},
		{
			"from": [8.8, 6.8, 5.2],
			"to": [9, 7.1, 6],
			"color": 9,
			"faces": {
				"north": {"uv": [0, 0, 0.2, 0.3], "texture": "#missing"},
				"east": {"uv": [0, 0, 0.8, 0.3], "texture": "#missing"},
				"south": {"uv": [0, 0, 0.2, 0.3], "texture": "#missing"},
				"west": {"uv": [0, 0, 0.8, 0.3], "texture": "#missing"},
				"up": {"uv": [0, 0, 0.2, 0.8], "texture": "#missing"},
				"down": {"uv": [0, 0, 0.2, 0.8], "texture": "#missing"}
			}
		},
		{
			"from": [7.8, 8, 11.232],
			"to": [8.2, 8.2, 16.768],
			"rotation": {"angle": 0, "axis": "y", "origin": [6.4, 8, 11.232]},
			"faces": {
				"north": {"uv": [0, 0, 16, 1], "texture": "#1_0"},
				"east": {"uv": [0, 0, 16, 1], "texture": "#1_0"},
				"south": {"uv": [0, 0, 16, 1], "texture": "#1_0"},
				"west": {"uv": [0, 0, 16, 1], "texture": "#1_0"},
				"up": {"uv": [0, 0, 16, 1], "texture": "#1_0"},
				"down": {"uv": [0, 0, 16, 1], "texture": "#1_0"}
			}
		},
		{
			"from": [8.63, 7.77, 11.232],
			"to": [9.03, 7.97, 16.768],
			"rotation": {"angle": -45, "axis": "z", "origin": [9.63, 8.97, 11.232]},
			"faces": {
				"north": {"uv": [0, 0, 16, 1], "rotation": 180, "texture": "#1_0"},
				"east": {"uv": [0, 0, 16, 1], "rotation": 180, "texture": "#1_0"},
				"south": {"uv": [0, 0, 16, 1], "rotation": 180, "texture": "#1_0"},
				"west": {"uv": [0, 0, 16, 1], "rotation": 180, "texture": "#1_0"},
				"up": {"uv": [0, 0, 16, 1], "rotation": 180, "texture": "#1_0"},
				"down": {"uv": [0, 0, 16, 1], "rotation": 180, "texture": "#1_0"}
			}
		},
		{
			"from": [7.95, 10.061, 11.232],
			"to": [8.35, 10.261, 16.768],
			"rotation": {"angle": 45, "axis": "z", "origin": [9.63, 8.97, 11.232]},
			"faces": {
				"north": {"uv": [0, 0, 16, 1], "rotation": 180, "texture": "#1_0"},
				"east": {"uv": [0, 0, 16, 1], "rotation": 180, "texture": "#1_0"},
				"south": {"uv": [0, 0, 16, 1], "rotation": 180, "texture": "#1_0"},
				"west": {"uv": [0, 0, 16, 1], "rotation": 180, "texture": "#1_0"},
				"up": {"uv": [0, 0, 16, 1], "rotation": 180, "texture": "#1_0"},
				"down": {"uv": [0, 0, 16, 1], "rotation": 180, "texture": "#1_0"}
			}
		},
		{
			"from": [7.83, 8.77, 11.232],
			"to": [8.23, 8.97, 16.768],
			"rotation": {"angle": 0, "axis": "y", "origin": [9.63, 8.97, 11.232]},
			"faces": {
				"north": {"uv": [0, 0, 16, 1], "rotation": 180, "texture": "#1_0"},
				"east": {"uv": [0, 0, 16, 1], "rotation": 180, "texture": "#1_0"},
				"south": {"uv": [0, 0, 16, 1], "rotation": 180, "texture": "#1_0"},
				"west": {"uv": [0, 0, 16, 1], "rotation": 180, "texture": "#1_0"},
				"up": {"uv": [0, 0, 16, 1], "rotation": 180, "texture": "#1_0"},
				"down": {"uv": [0, 0, 16, 1], "rotation": 180, "texture": "#1_0"}
			}
		},
		{
			"from": [7.68, 6.709, 11.232],
			"to": [8.08, 6.909, 16.768],
			"rotation": {"angle": 45, "axis": "z", "origin": [6.4, 8, 11.232]},
			"faces": {
				"north": {"uv": [0, 0, 16, 1], "texture": "#1_0"},
				"east": {"uv": [0, 0, 16, 1], "texture": "#1_0"},
				"south": {"uv": [0, 0, 16, 1], "texture": "#1_0"},
				"west": {"uv": [0, 0, 16, 1], "texture": "#1_0"},
				"up": {"uv": [0, 0, 16, 1], "texture": "#1_0"},
				"down": {"uv": [0, 0, 16, 1], "texture": "#1_0"}
			}
		},
		{
			"from": [7, 9, 11.232],
			"to": [7.4, 9.2, 16.768],
			"rotation": {"angle": -45, "axis": "z", "origin": [6.4, 8, 11.232]},
			"faces": {
				"north": {"uv": [0, 0, 16, 1], "texture": "#1_0"},
				"east": {"uv": [0, 0, 16, 1], "texture": "#1_0"},
				"south": {"uv": [0, 0, 16, 1], "texture": "#1_0"},
				"west": {"uv": [0, 0, 16, 1], "texture": "#1_0"},
				"up": {"uv": [0, 0, 16, 1], "texture": "#1_0"},
				"down": {"uv": [0, 0, 16, 1], "texture": "#1_0"}
			}
		},
		{
			"from": [7.53, 8.28, 12.232],
			"to": [7.73, 8.68, 17.768],
			"rotation": {"angle": 0, "axis": "z", "origin": [6.4, 8, 11.232]},
			"faces": {
				"north": {"uv": [0, 0, 2, 16], "rotation": 270, "texture": "#1_0"},
				"east": {"uv": [0, 0, 2, 16], "rotation": 270, "texture": "#1_0"},
				"south": {"uv": [0, 0, 2, 16], "rotation": 270, "texture": "#1_0"},
				"west": {"uv": [0, 0, 2, 16], "rotation": 270, "texture": "#1_0"},
				"up": {"uv": [0, 0, 2, 16], "rotation": 270, "texture": "#1_0"},
				"down": {"uv": [0, 0, 2, 16], "rotation": 270, "texture": "#1_0"}
			}
		},
		{
			"from": [8.31, 8.28, 11.232],
			"to": [8.51, 8.68, 16.768],
			"rotation": {"angle": 0, "axis": "y", "origin": [6.4, 8, 11.232]},
			"faces": {
				"north": {"uv": [0, 0, 3, 16], "rotation": 270, "texture": "#1_0"},
				"east": {"uv": [0, 0, 3, 16], "rotation": 270, "texture": "#1_0"},
				"south": {"uv": [0, 0, 3, 16], "rotation": 270, "texture": "#1_0"},
				"west": {"uv": [0, 0, 3, 16], "rotation": 270, "texture": "#1_0"},
				"up": {"uv": [0, 0, 3, 16], "rotation": 270, "texture": "#1_0"},
				"down": {"uv": [0, 0, 3, 16], "rotation": 270, "texture": "#1_0"}
			}
		}
	],
	"overrides": [
		{"predicate": {"pulling": 1}, "model": "item/crossbow_pulling_0"},
		{"predicate": {"pulling": 1, "pull": 0.58}, "model": "item/crossbow_pulling_1"},
		{"predicate": {"pulling": 1, "pull": 1}, "model": "item/crossbow_pulling_2"},
		{"predicate": {"charged": 1}, "model": "item/crossbow_arrow"},
		{"predicate": {"charged": 1, "firework": 1}, "model": "item/crossbow_firework"}
	],
	"display": {
		"thirdperson_righthand": {
			"rotation": [0, 180, 0],
			"translation": [0, 2.25, -1.25]
		},
		"thirdperson_lefthand": {
			"translation": [0, 8.5, 0]
		},
		"firstperson_righthand": {
			"rotation": [0, 180, 0],
			"translation": [0, 5.5, -0.5]
		},
		"firstperson_lefthand": {
			"rotation": [0, 180, 0],
			"translation": [0, 5.25, -1.5]
		},
		"gui": {
			"rotation": [0, 50, 0],
			"translation": [0, 22.75, 0],
			"scale": [3, 3, 3]
		},
		"head": {
			"translation": [0, 29.25, -6.25],
			"scale": [4, 4, 4]
		},
		"fixed": {
			"rotation": [0, 90, 0],
			"translation": [0, 0, -0.25]
		}
	},
	"groups": [
		0,
		1,
		2,
		3,
		4,
		5,
		6,
		7,
		8,
		9,
		10,
		11,
		12,
		13,
		14,
		15,
		16,
		17,
		18,
		19,
		20,
		21,
		22,
		23,
		24,
		25,
		26,
		27,
		28,
		29,
		30,
		31,
		32,
		33,
		34,
		35,
		36,
		37,
		38,
		39,
		40,
		41,
		42,
		43,
		44,
		45,
		46,
		47,
		48,
		49,
		50,
		51,
		52,
		53,
		54,
		55,
		56,
		57,
		58,
		59,
		60,
		61,
		{
			"name": "group",
			"origin": [7.7, 7.8, 4],
			"color": 0,
			"children": [62]
		},
		63,
		64,
		65,
		66,
		{
			"name": "suppressor",
			"origin": [8, 8, 8],
			"color": 0,
			"children": [67, 68, 69, 70, 71, 72, 73, 74]
		}
	]
}