{
	"credit": "Made with Blockbench",
	"texture_size": [32, 32],
	"textures": {
		"2": "item/custom_item/disc_gun/disc_gun_new",
		"particle": "item/custom_item/disc_gun/disc_gun_new"
	},
	"elements": [
		{
			"from": [6.00003, 7.50376, 1.27138],
			"to": [10.00003, 11.50376, 3.27138],
			"rotation": {"angle": 0, "axis": "y", "origin": [8, 11.02753, 6.05271]},
			"faces": {
				"north": {"uv": [0, 3, 2, 5], "texture": "#2"},
				"east": {"uv": [7, 5, 8, 7], "texture": "#2"},
				"south": {"uv": [3, 0, 5, 2], "texture": "#2"},
				"west": {"uv": [7, 7, 8, 9], "texture": "#2"},
				"up": {"uv": [9.5, 1, 7.5, 0], "texture": "#2"},
				"down": {"uv": [9.5, 1, 7.5, 2], "texture": "#2"}
			}
		},
		{
			"from": [9.50003, 8.25376, -1.72862],
			"to": [10.50003, 11.25376, 1.27138],
			"rotation": {"angle": 0, "axis": "y", "origin": [7.5, 10.77753, 6.05271]},
			"faces": {
				"north": {"uv": [3, 5.5, 3.5, 7], "texture": "#2"},
				"east": {"uv": [0, 5, 1.5, 6.5], "texture": "#2"},
				"south": {"uv": [5.5, 9, 6, 10.5], "texture": "#2"},
				"west": {"uv": [5, 2, 6.5, 3.5], "texture": "#2"},
				"up": {"uv": [10, 2.5, 9.5, 1], "texture": "#2"},
				"down": {"uv": [2.5, 9.5, 2, 11], "texture": "#2"}
			}
		},
		{
			"from": [6.50003, 10.25376, -1.72862],
			"to": [9.50003, 12.25376, 1.27138],
			"rotation": {"angle": 0, "axis": "y", "origin": [8.5, 9.77753, 6.05271]},
			"faces": {
				"north": {"uv": [3, 7.5, 4.5, 8.5], "texture": "#2"},
				"east": {"uv": [0, 8, 1.5, 9], "texture": "#2"},
				"south": {"uv": [8, 2, 9.5, 3], "texture": "#2"},
				"west": {"uv": [4.5, 8, 6, 9], "texture": "#2"},
				"up": {"uv": [3, 7, 1.5, 5.5], "texture": "#2"},
				"down": {"uv": [7, 3.5, 5.5, 5], "texture": "#2"}
			}
		},
		{
			"from": [6.50003, 7.25376, -1.72862],
			"to": [9.50003, 9.25376, 1.27138],
			"rotation": {"angle": 0, "axis": "y", "origin": [8.5, 11.77753, 6.05271]},
			"faces": {
				"north": {"uv": [8, 5, 9.5, 6], "texture": "#2"},
				"east": {"uv": [8, 6, 9.5, 7], "texture": "#2"},
				"south": {"uv": [8, 7, 9.5, 8], "texture": "#2"},
				"west": {"uv": [8, 8, 9.5, 9], "texture": "#2"},
				"up": {"uv": [7, 6.5, 5.5, 5], "texture": "#2"},
				"down": {"uv": [1.5, 6.5, 0, 8], "texture": "#2"}
			}
		},
		{
			"from": [5.50003, 8.25376, -1.72862],
			"to": [6.50003, 11.25376, 1.27138],
			"rotation": {"angle": 0, "axis": "y", "origin": [8.5, 10.77753, 6.05271]},
			"faces": {
				"north": {"uv": [2.5, 9.5, 3, 11], "texture": "#2"},
				"east": {"uv": [6.5, 2, 8, 3.5], "texture": "#2"},
				"south": {"uv": [3, 9.5, 3.5, 11], "texture": "#2"},
				"west": {"uv": [5.5, 6.5, 7, 8], "texture": "#2"},
				"up": {"uv": [4, 11, 3.5, 9.5], "texture": "#2"},
				"down": {"uv": [4.5, 9.5, 4, 11], "texture": "#2"}
			}
		},
		{
			"from": [6.50003, 9.00376, 3.27138],
			"to": [9.50003, 11.00376, 8.27138],
			"rotation": {"angle": 0, "axis": "y", "origin": [8, 12.02753, 6.05271]},
			"faces": {
				"north": {"uv": [1.5, 8.5, 3, 9.5], "texture": "#2"},
				"east": {"uv": [5, 0, 7.5, 1], "texture": "#2"},
				"south": {"uv": [3, 8.5, 4.5, 9.5], "texture": "#2"},
				"west": {"uv": [5, 1, 7.5, 2], "texture": "#2"},
				"up": {"uv": [3.5, 5.5, 2, 3], "texture": "#2"},
				"down": {"uv": [5, 2, 3.5, 4.5], "texture": "#2"}
			}
		},
		{
			"from": [6.50003, 8.00376, 3.27138],
			"to": [9.50003, 9.00376, 6.27138],
			"rotation": {"angle": 0, "axis": "y", "origin": [8, 11.02753, 6.05271]},
			"faces": {
				"north": {"uv": [9.5, 2.5, 11, 3], "texture": "#2"},
				"east": {"uv": [9.5, 5, 11, 5.5], "texture": "#2"},
				"south": {"uv": [9.5, 5.5, 11, 6], "texture": "#2"},
				"west": {"uv": [9.5, 6, 11, 6.5], "texture": "#2"},
				"up": {"uv": [3, 8.5, 1.5, 7], "texture": "#2"},
				"down": {"uv": [8.5, 3.5, 7, 5], "texture": "#2"}
			}
		},
		{
			"from": [7.00003, 11.00376, 7.27138],
			"to": [9.00003, 13.00376, 8.27138],
			"rotation": {"angle": 0, "axis": "y", "origin": [8, 11.02753, 4.05271]},
			"faces": {
				"north": {"uv": [8, 9, 9, 10], "texture": "#2"},
				"east": {"uv": [3, 2, 3.5, 3], "texture": "#2"},
				"south": {"uv": [9, 9, 10, 10], "texture": "#2"},
				"west": {"uv": [5, 3.5, 5.5, 4.5], "texture": "#2"},
				"up": {"uv": [5.5, 8, 4.5, 7.5], "texture": "#2"},
				"down": {"uv": [7, 9.5, 6, 10], "texture": "#2"}
			}
		},
		{
			"from": [7.00003, 11.00376, 6.27138],
			"to": [9.00003, 12.00376, 7.27138],
			"rotation": {"angle": 0, "axis": "y", "origin": [8, 11.02753, 4.05271]},
			"faces": {
				"north": {"uv": [9.5, 6.5, 10.5, 7], "texture": "#2"},
				"east": {"uv": [1.5, 5, 2, 5.5], "texture": "#2"},
				"south": {"uv": [9.5, 7, 10.5, 7.5], "texture": "#2"},
				"west": {"uv": [3, 7, 3.5, 7.5], "texture": "#2"},
				"up": {"uv": [10.5, 8, 9.5, 7.5], "texture": "#2"},
				"down": {"uv": [10.5, 8, 9.5, 8.5], "texture": "#2"}
			}
		},
		{
			"from": [7.50053, 7.74324, 5.41641],
			"to": [8.49853, 9.74324, 6.41641],
			"rotation": {"angle": 22.5, "axis": "x", "origin": [8, 11.02753, 4.05271]},
			"faces": {
				"north": {"uv": [10, 1, 10.5, 2], "texture": "#2"},
				"east": {"uv": [10, 3, 10.5, 4], "texture": "#2"},
				"south": {"uv": [10, 4, 10.5, 5], "texture": "#2"},
				"west": {"uv": [6, 10, 6.5, 11], "texture": "#2"},
				"up": {"uv": [8.5, 3.5, 8, 3], "texture": "#2"},
				"down": {"uv": [1.5, 9, 1, 9.5], "texture": "#2"}
			}
		},
		{
			"from": [6.999, 3.42608, 4.2519],
			"to": [9.001, 9.42608, 7.2519],
			"rotation": {"angle": -22.5, "axis": "x", "origin": [7.5, 11.02753, 5.05271]},
			"faces": {
				"north": {"uv": [3.5, 4.5, 4.5, 7.5], "texture": "#2"},
				"east": {"uv": [0, 0, 1.5, 3], "texture": "#2"},
				"south": {"uv": [4.5, 4.5, 5.5, 7.5], "texture": "#2"},
				"west": {"uv": [1.5, 0, 3, 3], "texture": "#2"},
				"up": {"uv": [5.5, 10.5, 4.5, 9], "texture": "#2"},
				"down": {"uv": [8, 9, 7, 10.5], "texture": "#2"}
			}
		},
		{
			"from": [7, 2.84629, 6.99345],
			"to": [9, 4.84629, 9.99345],
			"rotation": {"angle": 0, "axis": "x", "origin": [7.5, 10.79709, 4.8942]},
			"faces": {
				"north": {"uv": [9.5, 0, 10.5, 1], "texture": "#2"},
				"east": {"uv": [8.5, 3, 10, 4], "texture": "#2"},
				"south": {"uv": [1, 9.5, 2, 10.5], "texture": "#2"},
				"west": {"uv": [8.5, 4, 10, 5], "texture": "#2"},
				"up": {"uv": [7, 9.5, 6, 8], "texture": "#2"},
				"down": {"uv": [1, 9, 0, 10.5], "texture": "#2"}
			}
		}
	],
	"gui_light": "front",
	"display": {
		"thirdperson_righthand": {
			"rotation": [0, -12, 0],
			"translation": [0, 0, 2],
			"scale": [0.75, 0.75, 0.75]
		},
		"thirdperson_lefthand": {
			"rotation": [0, -12, 0],
			"translation": [0, 0, 2],
			"scale": [0.75, 0.75, 0.75]
		},
		"firstperson_righthand": {
			"rotation": [0, -10, 0],
			"translation": [9, 1, 3.5],
			"scale": [0.85, 0.85, 0.85]
		},
		"firstperson_lefthand": {
			"rotation": [0, -10, 0],
			"translation": [9, 1, 3.5],
			"scale": [0.85, 0.85, 0.85]
		},
		"ground": {
			"rotation": [45, 0, 0],
			"translation": [0, 0, 2],
			"scale": [0.35, 0.35, 0.35]
		},
		"gui": {
			"rotation": [-90, 135, 90],
			"translation": [1.5, -2, 0],
			"scale": [0.75, 0.75, 0.75]
		},
		"fixed": {
			"rotation": [-90, -135, -90],
			"translation": [-1, -2, -0.25],
			"scale": [0.75, 0.75, 0.75]
		}
	},
	"groups": [
		{
			"name": "barrel",
			"origin": [6, 6.5, 4],
			"color": 0,
			"children": [0, 1, 2, 3, 4, 5, 6, 7, 8, 9]
		},
		{
			"name": "grip",
			"origin": [8, 10.79709, 4.8942],
			"color": 0,
			"children": [10, 11]
		}
	]
}