{
	"credit": "Made with Blockbench",
	"texture_size": [32, 32],
	"textures": {
		"1": "item/custom_item/disc_gun/disc_gun"
	},
	"elements": [
		{
			"from": [6.50003, 8.00376, 2.27138],
			"to": [9.50003, 11.00376, 8.27138],
			"rotation": {"angle": 0, "axis": "y", "origin": [8, 11.02753, 5.05271]},
			"faces": {
				"north": {"uv": [5, 7, 6.5, 8.5], "texture": "#1"},
				"east": {"uv": [0, 0, 3, 1.5], "texture": "#1"},
				"south": {"uv": [7.5, 0, 9, 1.5], "texture": "#1"},
				"west": {"uv": [0, 1.5, 3, 3], "texture": "#1"},
				"up": {"uv": [1.5, 6, 0, 3], "texture": "#1"},
				"down": {"uv": [4.5, 0, 3, 3], "texture": "#1"}
			}
		},
		{
			"from": [7.00003, 6.00376, 0.27138],
			"to": [9.00003, 8.00376, 3.27138],
			"rotation": {"angle": 0, "axis": "y", "origin": [8, 11.02753, 5.05271]},
			"faces": {
				"north": {"uv": [9, 9, 10, 10], "texture": "#1"},
				"east": {"uv": [3, 6, 4.5, 7], "texture": "#1"},
				"south": {"uv": [9.5, 1.5, 10.5, 2.5], "texture": "#1"},
				"west": {"uv": [8.5, 2.5, 10, 3.5], "texture": "#1"},
				"up": {"uv": [9.5, 5, 8.5, 3.5], "texture": "#1"},
				"down": {"uv": [5, 8.5, 4, 10], "texture": "#1"}
			}
		},
		{
			"from": [7.50003, 10.00376, 8.27138],
			"to": [8.50003, 11.00376, 9.27138],
			"rotation": {"angle": 0, "axis": "y", "origin": [8, 11.02753, 5.05271]},
			"faces": {
				"north": {"uv": [2, 11.5, 2.5, 12], "texture": "#1"},
				"east": {"uv": [2.5, 11.5, 3, 12], "texture": "#1"},
				"south": {"uv": [3, 11.5, 3.5, 12], "texture": "#1"},
				"west": {"uv": [3.5, 11.5, 4, 12], "texture": "#1"},
				"up": {"uv": [4.5, 12, 4, 11.5], "texture": "#1"},
				"down": {"uv": [5, 11.5, 4.5, 12], "texture": "#1"}
			}
		},
		{
			"from": [7.00003, 7.00376, 10.27138],
			"to": [9.00003, 11.00376, 11.27138],
			"rotation": {"angle": 0, "axis": "y", "origin": [8, 11.02753, 5.05271]},
			"faces": {
				"north": {"uv": [6.5, 7.5, 7.5, 9.5], "texture": "#1"},
				"east": {"uv": [2, 9.5, 2.5, 11.5], "texture": "#1"},
				"south": {"uv": [7.5, 7.5, 8.5, 9.5], "texture": "#1"},
				"west": {"uv": [2.5, 9.5, 3, 11.5], "texture": "#1"},
				"up": {"uv": [8.5, 3, 7.5, 2.5], "texture": "#1"},
				"down": {"uv": [11.5, 7.5, 10.5, 8], "texture": "#1"}
			}
		},
		{
			"from": [7.00003, 8.00376, 9.27138],
			"to": [9.00003, 11.00376, 10.27138],
			"rotation": {"angle": 0, "axis": "y", "origin": [8, 11.02753, 5.05271]},
			"faces": {
				"north": {"uv": [5, 8.5, 6, 10], "texture": "#1"},
				"east": {"uv": [6.5, 10, 7, 11.5], "texture": "#1"},
				"south": {"uv": [8.5, 5, 9.5, 6.5], "texture": "#1"},
				"west": {"uv": [10, 6.5, 10.5, 8], "texture": "#1"},
				"up": {"uv": [11.5, 10, 10.5, 9.5], "texture": "#1"},
				"down": {"uv": [11.5, 10, 10.5, 10.5], "texture": "#1"}
			}
		},
		{
			"from": [7.50003, 8.00376, 8.27138],
			"to": [8.50003, 9.00376, 9.27138],
			"rotation": {"angle": 0, "axis": "y", "origin": [8, 11.02753, 5.05271]},
			"faces": {
				"north": {"uv": [5.5, 11.5, 6, 12], "texture": "#1"},
				"east": {"uv": [6, 11.5, 6.5, 12], "texture": "#1"},
				"south": {"uv": [6.5, 11.5, 7, 12], "texture": "#1"},
				"west": {"uv": [7, 11.5, 7.5, 12], "texture": "#1"},
				"up": {"uv": [8, 12, 7.5, 11.5], "texture": "#1"},
				"down": {"uv": [12, 7.5, 11.5, 8], "texture": "#1"}
			}
		},
		{
			"from": [7.00003, 11.00376, 7.27138],
			"to": [9.00003, 13.00376, 8.27138],
			"rotation": {"angle": 0, "axis": "y", "origin": [8, 11.02753, 5.05271]},
			"faces": {
				"north": {"uv": [9.5, 4.5, 10.5, 5.5], "texture": "#1"},
				"east": {"uv": [1, 11, 1.5, 12], "texture": "#1"},
				"south": {"uv": [9.5, 5.5, 10.5, 6.5], "texture": "#1"},
				"west": {"uv": [5, 11, 5.5, 12], "texture": "#1"},
				"up": {"uv": [6.5, 11.5, 5.5, 11], "texture": "#1"},
				"down": {"uv": [12, 6, 11, 6.5], "texture": "#1"}
			}
		},
		{
			"from": [7.00003, 11.00376, 6.27138],
			"to": [9.00003, 12.00376, 7.27138],
			"rotation": {"angle": 0, "axis": "y", "origin": [8, 11.02753, 5.05271]},
			"faces": {
				"north": {"uv": [11, 6.5, 12, 7], "texture": "#1"},
				"east": {"uv": [8, 11.5, 8.5, 12], "texture": "#1"},
				"south": {"uv": [11, 7, 12, 7.5], "texture": "#1"},
				"west": {"uv": [11.5, 8, 12, 8.5], "texture": "#1"},
				"up": {"uv": [11, 11.5, 10, 11], "texture": "#1"},
				"down": {"uv": [12, 11, 11, 11.5], "texture": "#1"}
			}
		},
		{
			"from": [7.50023, 2.84629, 6.99345],
			"to": [8.50023, 4.84629, 9.99345],
			"rotation": {"angle": 0, "axis": "x", "origin": [8, 10.79709, 4.8942]},
			"faces": {
				"north": {"uv": [0, 11.5, 0.5, 12.5], "texture": "#1"},
				"east": {"uv": [8.5, 6.5, 10, 7.5], "texture": "#1"},
				"south": {"uv": [0.5, 11.5, 1, 12.5], "texture": "#1"},
				"west": {"uv": [8.5, 7.5, 10, 8.5], "texture": "#1"},
				"up": {"uv": [7.5, 11.5, 7, 10], "texture": "#1"},
				"down": {"uv": [8, 10, 7.5, 11.5], "texture": "#1"}
			}
		},
		{
			"from": [7.50023, 3.42608, 4.2519],
			"to": [8.49923, 8.42608, 7.2519],
			"rotation": {"angle": -22.5, "axis": "x", "origin": [8, 11.02753, 5.05271]},
			"faces": {
				"north": {"uv": [6, 8.5, 6.5, 11], "texture": "#1"},
				"east": {"uv": [0, 6, 1.5, 8.5], "texture": "#1"},
				"south": {"uv": [8.5, 9, 9, 11.5], "texture": "#1"},
				"west": {"uv": [1.5, 6, 3, 8.5], "texture": "#1"},
				"up": {"uv": [8.5, 11.5, 8, 10], "texture": "#1"},
				"down": {"uv": [9.5, 10, 9, 11.5], "texture": "#1"}
			}
		},
		{
			"from": [7.50053, 7.49324, 4.91641],
			"to": [8.49853, 8.49324, 5.91641],
			"rotation": {"angle": 22.5, "axis": "x", "origin": [8, 11.02753, 5.05271]},
			"faces": {
				"north": {"uv": [8.5, 11.5, 9, 12], "texture": "#1"},
				"east": {"uv": [11.5, 8.5, 12, 9], "texture": "#1"},
				"south": {"uv": [9, 11.5, 9.5, 12], "texture": "#1"},
				"west": {"uv": [11.5, 9, 12, 9.5], "texture": "#1"},
				"up": {"uv": [10, 12, 9.5, 11.5], "texture": "#1"},
				"down": {"uv": [12, 9.5, 11.5, 10], "texture": "#1"}
			}
		},
		{
			"from": [6.00003, 7.50376, 0.27138],
			"to": [10.00003, 11.50376, 2.27138],
			"rotation": {"angle": 0, "axis": "y", "origin": [8, 11.02753, 5.05271]},
			"faces": {
				"north": {"uv": [4.5, 3, 6.5, 5], "texture": "#1"},
				"east": {"uv": [0, 8.5, 1, 10.5], "texture": "#1"},
				"south": {"uv": [4.5, 5, 6.5, 7], "texture": "#1"},
				"west": {"uv": [1, 8.5, 2, 10.5], "texture": "#1"},
				"up": {"uv": [9.5, 2.5, 7.5, 1.5], "texture": "#1"},
				"down": {"uv": [4, 8.5, 2, 9.5], "texture": "#1"}
			}
		},
		{
			"from": [10.00003, 9.00376, -2.72862],
			"to": [11.00003, 10.00376, 0.27138],
			"rotation": {"angle": 0, "axis": "y", "origin": [8, 11.02753, 5.05271]},
			"faces": {
				"north": {"uv": [10, 11.5, 10.5, 12], "texture": "#1"},
				"east": {"uv": [10, 8, 11.5, 8.5], "texture": "#1"},
				"south": {"uv": [11.5, 10, 12, 10.5], "texture": "#1"},
				"west": {"uv": [10, 9, 11.5, 9.5], "texture": "#1"},
				"up": {"uv": [10, 11.5, 9.5, 10], "texture": "#1"},
				"down": {"uv": [10.5, 9.5, 10, 11], "texture": "#1"}
			}
		},
		{
			"from": [5.00003, 8.00376, -2.72862],
			"to": [11.00003, 9.00376, 0.27138],
			"rotation": {"angle": 0, "axis": "y", "origin": [8, 11.02753, 5.05271]},
			"faces": {
				"north": {"uv": [8.5, 8.5, 11.5, 9], "texture": "#1"},
				"east": {"uv": [0, 10.5, 1.5, 11], "texture": "#1"},
				"south": {"uv": [9, 0, 12, 0.5], "texture": "#1"},
				"west": {"uv": [10.5, 1.5, 12, 2], "texture": "#1"},
				"up": {"uv": [4.5, 4.5, 1.5, 3], "texture": "#1"},
				"down": {"uv": [7.5, 0, 4.5, 1.5], "texture": "#1"}
			}
		},
		{
			"from": [5.00003, 10.00376, -2.72862],
			"to": [11.00003, 11.00376, 0.27138],
			"rotation": {"angle": 0, "axis": "y", "origin": [8, 11.02753, 5.05271]},
			"faces": {
				"north": {"uv": [9, 0.5, 12, 1], "texture": "#1"},
				"east": {"uv": [10.5, 2, 12, 2.5], "texture": "#1"},
				"south": {"uv": [9, 1, 12, 1.5], "texture": "#1"},
				"west": {"uv": [3, 10.5, 4.5, 11], "texture": "#1"},
				"up": {"uv": [4.5, 6, 1.5, 4.5], "texture": "#1"},
				"down": {"uv": [7.5, 1.5, 4.5, 3], "texture": "#1"}
			}
		},
		{
			"from": [6.00003, 11.00376, -2.72862],
			"to": [10.00003, 12.00376, 0.27138],
			"rotation": {"angle": 0, "axis": "y", "origin": [8, 11.02753, 5.05271]},
			"faces": {
				"north": {"uv": [6.5, 9.5, 8.5, 10], "texture": "#1"},
				"east": {"uv": [10.5, 3.5, 12, 4], "texture": "#1"},
				"south": {"uv": [10, 2.5, 12, 3], "texture": "#1"},
				"west": {"uv": [10.5, 4, 12, 4.5], "texture": "#1"},
				"up": {"uv": [8.5, 4.5, 6.5, 3], "texture": "#1"},
				"down": {"uv": [8.5, 4.5, 6.5, 6], "texture": "#1"}
			}
		},
		{
			"from": [6.00003, 7.00376, -2.72862],
			"to": [10.00003, 8.00376, 0.27138],
			"rotation": {"angle": 0, "axis": "y", "origin": [8, 11.02753, 5.05271]},
			"faces": {
				"north": {"uv": [10, 3, 12, 3.5], "texture": "#1"},
				"east": {"uv": [4.5, 10.5, 6, 11], "texture": "#1"},
				"south": {"uv": [4, 10, 6, 10.5], "texture": "#1"},
				"west": {"uv": [10.5, 4.5, 12, 5], "texture": "#1"},
				"up": {"uv": [8.5, 7.5, 6.5, 6], "texture": "#1"},
				"down": {"uv": [5, 7, 3, 8.5], "texture": "#1"}
			}
		},
		{
			"from": [5.00003, 9.00376, -2.72862],
			"to": [6.00003, 10.00376, 0.27138],
			"rotation": {"angle": 0, "axis": "y", "origin": [8, 11.02753, 5.05271]},
			"faces": {
				"north": {"uv": [10.5, 11.5, 11, 12], "texture": "#1"},
				"east": {"uv": [10.5, 5, 12, 5.5], "texture": "#1"},
				"south": {"uv": [11.5, 10.5, 12, 11], "texture": "#1"},
				"west": {"uv": [10.5, 5.5, 12, 6], "texture": "#1"},
				"up": {"uv": [2, 12, 1.5, 10.5], "texture": "#1"},
				"down": {"uv": [11, 6, 10.5, 7.5], "texture": "#1"}
			}
		}
	],
	"gui_light": "front",
	"display": {
		"thirdperson_righthand": {
			"rotation": [0, -12, 0],
			"translation": [0, 0, 2.25],
			"scale": [0.75, 0.75, 0.75]
		},
		"thirdperson_lefthand": {
			"rotation": [0, -12, 0],
			"translation": [0, 0, 2.25],
			"scale": [0.75, 0.75, 0.75]
		},
		"firstperson_righthand": {
			"rotation": [0, -10, 0],
			"translation": [9, 11.5, 4.5],
			"scale": [0.85, 0.85, 0.85]
		},
		"firstperson_lefthand": {
			"rotation": [0, -10, 0],
			"translation": [9, 11.5, 4.5],
			"scale": [0.85, 0.85, 0.85]
		},
		"ground": {
			"translation": [0, 4, 4],
			"scale": [0.55, 0.55, 0.55]
		},
		"gui": {
			"rotation": [-90, 135, 90],
			"translation": [1.5, -2, 0],
			"scale": [0.75, 0.75, 0.75]
		},
		"fixed": {
			"rotation": [-90, -135, -90],
			"translation": [-1, -2, -0.25],
			"scale": [0.75, 0.75, 0.75]
		}
	},
	"groups": [0, 1, 2, 3, 4, 5, 6, 7, 8, 9, 10,
		{
			"name": "barrel",
			"origin": [6, 6.5, 4],
			"color": 0,
			"children": [11, 12, 13, 14, 15, 16, 17]
		}
	]
}