{
	"credit": "Made with Blockbench",
	"texture_size": [64, 64],
	"textures": {
		"2": "item/custom_item/disc_gun/super_disc_gun",
		"particle": "item/custom_item/disc_gun/super_disc_gun"
	},
	"elements": [
		{
			"from": [6.50003, 8.00376, 4.27138],
			"to": [9.50003, 11.00376, 8.27138],
			"rotation": {"angle": 0, "axis": "y", "origin": [8, 11.02753, 5.05271]},
			"faces": {
				"north": {"uv": [0, 7.75, 0.75, 8.5], "texture": "#2"},
				"east": {"uv": [6.5, 2.25, 7.5, 3], "texture": "#2"},
				"south": {"uv": [0.75, 7.75, 1.5, 8.5], "texture": "#2"},
				"west": {"uv": [5.75, 7.5, 6.75, 8.25], "texture": "#2"},
				"up": {"uv": [7.5, 8.5, 6.75, 7.5], "texture": "#2"},
				"down": {"uv": [8.25, 7.5, 7.5, 8.5], "texture": "#2"}
			}
		},
		{
			"from": [-3.49997, 8.00376, 2.27138],
			"to": [19.50003, 11.00376, 4.27138],
			"rotation": {"angle": 0, "axis": "y", "origin": [8, 11.02753, 5.05271]},
			"faces": {
				"north": {"uv": [0, 6, 5.75, 6.75], "texture": "#2"},
				"east": {"uv": [4.5, 8.75, 5, 9.5], "texture": "#2"},
				"south": {"uv": [6, 3, 11.75, 3.75], "texture": "#2"},
				"west": {"uv": [0, 9, 0.5, 9.75], "texture": "#2"},
				"up": {"uv": [11.75, 4.25, 6, 3.75], "texture": "#2"},
				"down": {"uv": [11.75, 4.25, 6, 4.75], "texture": "#2"}
			}
		},
		{
			"from": [7.00003, 6.00376, 0.27138],
			"to": [9.00003, 8.00376, 3.27138],
			"rotation": {"angle": 0, "axis": "y", "origin": [8, 11.02753, 5.05271]},
			"faces": {
				"north": {"uv": [8.75, 7.5, 9.25, 8], "texture": "#2"},
				"east": {"uv": [7.5, 8.5, 8.25, 9], "texture": "#2"},
				"south": {"uv": [9, 0.25, 9.5, 0.75], "texture": "#2"},
				"west": {"uv": [8.25, 8.5, 9, 9], "texture": "#2"},
				"up": {"uv": [2, 9.5, 1.5, 8.75], "texture": "#2"},
				"down": {"uv": [2.5, 8.75, 2, 9.5], "texture": "#2"}
			}
		},
		{
			"from": [7.50003, 10.00376, 8.27138],
			"to": [8.50003, 11.00376, 9.27138],
			"rotation": {"angle": 0, "axis": "y", "origin": [8, 11.02753, 5.05271]},
			"faces": {
				"north": {"uv": [5.5, 8, 5.75, 8.25], "texture": "#2"},
				"east": {"uv": [8.25, 2.25, 8.5, 2.5], "texture": "#2"},
				"south": {"uv": [6.5, 8.25, 6.75, 8.5], "texture": "#2"},
				"west": {"uv": [9.5, 9.5, 9.75, 9.75], "texture": "#2"},
				"up": {"uv": [0.25, 10, 0, 9.75], "texture": "#2"},
				"down": {"uv": [0.5, 9.75, 0.25, 10], "texture": "#2"}
			}
		},
		{
			"from": [7.00003, 7.00376, 10.27138],
			"to": [9.00003, 11.00376, 11.27138],
			"rotation": {"angle": 0, "axis": "y", "origin": [8, 11.02753, 5.05271]},
			"faces": {
				"north": {"uv": [1.5, 7.75, 2, 8.75], "texture": "#2"},
				"east": {"uv": [0.75, 9, 1, 10], "texture": "#2"},
				"south": {"uv": [2, 7.75, 2.5, 8.75], "texture": "#2"},
				"west": {"uv": [5, 9, 5.25, 10], "texture": "#2"},
				"up": {"uv": [3, 9.75, 2.5, 9.5], "texture": "#2"},
				"down": {"uv": [10, 2.5, 9.5, 2.75], "texture": "#2"}
			}
		},
		{
			"from": [7.00003, 8.00376, 9.27138],
			"to": [9.00003, 11.00376, 10.27138],
			"rotation": {"angle": 0, "axis": "y", "origin": [8, 11.02753, 5.05271]},
			"faces": {
				"north": {"uv": [2.5, 8.75, 3, 9.5], "texture": "#2"},
				"east": {"uv": [5.25, 9, 5.5, 9.75], "texture": "#2"},
				"south": {"uv": [3, 8.75, 3.5, 9.5], "texture": "#2"},
				"west": {"uv": [7, 9, 7.25, 9.75], "texture": "#2"},
				"up": {"uv": [3.5, 9.75, 3, 9.5], "texture": "#2"},
				"down": {"uv": [5, 9.5, 4.5, 9.75], "texture": "#2"}
			}
		},
		{
			"from": [7.50003, 8.00376, 8.27138],
			"to": [8.50003, 9.00376, 9.27138],
			"rotation": {"angle": 0, "axis": "y", "origin": [8, 11.02753, 5.05271]},
			"faces": {
				"north": {"uv": [9.75, 0.75, 10, 1], "texture": "#2"},
				"east": {"uv": [9.75, 1, 10, 1.25], "texture": "#2"},
				"south": {"uv": [1.25, 9.75, 1.5, 10], "texture": "#2"},
				"west": {"uv": [9.75, 1.25, 10, 1.5], "texture": "#2"},
				"up": {"uv": [1.75, 10, 1.5, 9.75], "texture": "#2"},
				"down": {"uv": [2, 9.75, 1.75, 10], "texture": "#2"}
			}
		},
		{
			"from": [7.00003, 11.00376, 7.27138],
			"to": [9.00003, 13.00376, 8.27138],
			"rotation": {"angle": 0, "axis": "y", "origin": [8, 11.02753, 5.05271]},
			"faces": {
				"north": {"uv": [9, 0.75, 9.5, 1.25], "texture": "#2"},
				"east": {"uv": [5.5, 9.5, 5.75, 10], "texture": "#2"},
				"south": {"uv": [6.5, 9, 7, 9.5], "texture": "#2"},
				"west": {"uv": [5.75, 9.5, 6, 10], "texture": "#2"},
				"up": {"uv": [7, 9.75, 6.5, 9.5], "texture": "#2"},
				"down": {"uv": [10, 7, 9.5, 7.25], "texture": "#2"}
			}
		},
		{
			"from": [7.00003, 11.00376, 6.27138],
			"to": [9.00003, 12.00376, 7.27138],
			"rotation": {"angle": 0, "axis": "y", "origin": [8, 11.02753, 5.05271]},
			"faces": {
				"north": {"uv": [9.5, 7.25, 10, 7.5], "texture": "#2"},
				"east": {"uv": [2.5, 9.75, 2.75, 10], "texture": "#2"},
				"south": {"uv": [8.25, 9.5, 8.75, 9.75], "texture": "#2"},
				"west": {"uv": [2.75, 9.75, 3, 10], "texture": "#2"},
				"up": {"uv": [10, 9.25, 9.5, 9], "texture": "#2"},
				"down": {"uv": [10, 9.25, 9.5, 9.5], "texture": "#2"}
			}
		},
		{
			"from": [7.50023, 2.84629, 6.99345],
			"to": [8.50023, 4.84629, 9.99345],
			"rotation": {"angle": 0, "axis": "x", "origin": [8, 10.79709, 4.8942]},
			"faces": {
				"north": {"uv": [6, 9.5, 6.25, 10], "texture": "#2"},
				"east": {"uv": [5.5, 8.75, 6.25, 9.25], "texture": "#2"},
				"south": {"uv": [8.75, 9.5, 9, 10], "texture": "#2"},
				"west": {"uv": [8.75, 7, 9.5, 7.5], "texture": "#2"},
				"up": {"uv": [7.5, 9.75, 7.25, 9], "texture": "#2"},
				"down": {"uv": [7.75, 9, 7.5, 9.75], "texture": "#2"}
			}
		},
		{
			"from": [7.50023, 3.42608, 4.2519],
			"to": [8.49923, 8.42608, 7.2519],
			"rotation": {"angle": -22.5, "axis": "x", "origin": [8, 11.02753, 5.05271]},
			"faces": {
				"north": {"uv": [6.25, 8.75, 6.5, 10], "texture": "#2"},
				"east": {"uv": [5, 6.75, 5.75, 8], "texture": "#2"},
				"south": {"uv": [0.5, 9, 0.75, 10.25], "texture": "#2"},
				"west": {"uv": [7.5, 1.25, 8.25, 2.5], "texture": "#2"},
				"up": {"uv": [8, 9.75, 7.75, 9], "texture": "#2"},
				"down": {"uv": [8.25, 9, 8, 9.75], "texture": "#2"}
			}
		},
		{
			"from": [7.50053, 7.49324, 4.91641],
			"to": [8.49853, 8.49324, 5.91641],
			"rotation": {"angle": 22.5, "axis": "x", "origin": [8, 11.02753, 5.05271]},
			"faces": {
				"north": {"uv": [3, 9.75, 3.25, 10], "texture": "#2"},
				"east": {"uv": [3.25, 9.75, 3.5, 10], "texture": "#2"},
				"south": {"uv": [4.5, 9.75, 4.75, 10], "texture": "#2"},
				"west": {"uv": [4.75, 9.75, 5, 10], "texture": "#2"},
				"up": {"uv": [5.5, 10, 5.25, 9.75], "texture": "#2"},
				"down": {"uv": [6.75, 9.75, 6.5, 10], "texture": "#2"}
			}
		},
		{
			"from": [6.00003, 7.50376, 0.27138],
			"to": [10.00003, 11.50376, 2.27138],
			"rotation": {"angle": 0, "axis": "y", "origin": [8, 11.02753, 5.05271]},
			"faces": {
				"north": {"uv": [6.75, 6.5, 7.75, 7.5], "texture": "#2"},
				"east": {"uv": [8.5, 0.25, 9, 1.25], "texture": "#2"},
				"south": {"uv": [7.5, 0.25, 8.5, 1.25], "texture": "#2"},
				"west": {"uv": [1, 8.5, 1.5, 9.5], "texture": "#2"},
				"up": {"uv": [9.5, 2.75, 8.5, 2.25], "texture": "#2"},
				"down": {"uv": [7.5, 8.5, 6.5, 9], "texture": "#2"}
			}
		},
		{
			"from": [10.00003, 9.00376, -2.72862],
			"to": [11.00003, 10.00376, 0.27138],
			"rotation": {"angle": 0, "axis": "y", "origin": [8, 11.02753, 5.05271]},
			"faces": {
				"north": {"uv": [6.75, 9.75, 7, 10], "texture": "#2"},
				"east": {"uv": [8.5, 2.75, 9.25, 3], "texture": "#2"},
				"south": {"uv": [7, 9.75, 7.25, 10], "texture": "#2"},
				"west": {"uv": [8.25, 9, 9, 9.25], "texture": "#2"},
				"up": {"uv": [9.25, 9.25, 9, 8.5], "texture": "#2"},
				"down": {"uv": [9.5, 1.25, 9.25, 2], "texture": "#2"}
			}
		},
		{
			"from": [5.00003, 9.00376, -2.72862],
			"to": [6.00003, 10.00376, 0.27138],
			"rotation": {"angle": 0, "axis": "y", "origin": [8, 11.02753, 5.05271]},
			"faces": {
				"north": {"uv": [7.25, 9.75, 7.5, 10], "texture": "#2"},
				"east": {"uv": [9.25, 2, 10, 2.25], "texture": "#2"},
				"south": {"uv": [7.5, 9.75, 7.75, 10], "texture": "#2"},
				"west": {"uv": [9.25, 2.75, 10, 3], "texture": "#2"},
				"up": {"uv": [3.75, 10, 3.5, 9.25], "texture": "#2"},
				"down": {"uv": [4, 9.25, 3.75, 10], "texture": "#2"}
			}
		},
		{
			"from": [1.00003, 7.50376, 0.27138],
			"to": [5.00003, 11.50376, 2.27138],
			"rotation": {"angle": 0, "axis": "y", "origin": [8, 11.02753, 5.05271]},
			"faces": {
				"north": {"uv": [6.5, 0.25, 7.5, 1.25], "texture": "#2"},
				"east": {"uv": [2.5, 7.75, 3, 8.75], "texture": "#2"},
				"south": {"uv": [6.5, 1.25, 7.5, 2.25], "texture": "#2"},
				"west": {"uv": [3, 7.75, 3.5, 8.75], "texture": "#2"},
				"up": {"uv": [8.5, 3, 7.5, 2.5], "texture": "#2"},
				"down": {"uv": [4.5, 7.75, 3.5, 8.25], "texture": "#2"}
			}
		},
		{
			"from": [11.00003, 7.50376, 0.27138],
			"to": [15.00003, 11.50376, 2.27138],
			"rotation": {"angle": 0, "axis": "y", "origin": [8, 11.02753, 5.05271]},
			"faces": {
				"north": {"uv": [5.75, 6.5, 6.75, 7.5], "texture": "#2"},
				"east": {"uv": [4.5, 7.75, 5, 8.75], "texture": "#2"},
				"south": {"uv": [0, 6.75, 1, 7.75], "texture": "#2"},
				"west": {"uv": [7.75, 6.5, 8.25, 7.5], "texture": "#2"},
				"up": {"uv": [9.25, 1.75, 8.25, 1.25], "texture": "#2"},
				"down": {"uv": [9.25, 1.75, 8.25, 2.25], "texture": "#2"}
			}
		},
		{
			"from": [-3.99997, 7.50376, 0.27138],
			"to": [0.00003, 11.50376, 2.27138],
			"rotation": {"angle": 0, "axis": "y", "origin": [8, 11.02753, 5.05271]},
			"faces": {
				"north": {"uv": [3, 6.75, 4, 7.75], "texture": "#2"},
				"east": {"uv": [4, 8.25, 4.5, 9.25], "texture": "#2"},
				"south": {"uv": [4, 6.75, 5, 7.75], "texture": "#2"},
				"west": {"uv": [8.25, 7, 8.75, 8], "texture": "#2"},
				"up": {"uv": [9.25, 8.5, 8.25, 8], "texture": "#2"},
				"down": {"uv": [1, 8.5, 0, 9], "texture": "#2"}
			}
		},
		{
			"from": [0.00003, 9.00376, -2.72862],
			"to": [1.00003, 10.00376, 0.27138],
			"rotation": {"angle": 0, "axis": "y", "origin": [8, 11.02753, 5.05271]},
			"faces": {
				"north": {"uv": [7.75, 9.75, 8, 10], "texture": "#2"},
				"east": {"uv": [5.5, 9.25, 6.25, 9.5], "texture": "#2"},
				"south": {"uv": [8, 9.75, 8.25, 10], "texture": "#2"},
				"west": {"uv": [9.25, 6.5, 10, 6.75], "texture": "#2"},
				"up": {"uv": [4.25, 10, 4, 9.25], "texture": "#2"},
				"down": {"uv": [4.5, 9.25, 4.25, 10], "texture": "#2"}
			}
		},
		{
			"from": [-4.99997, 8.00376, -2.72862],
			"to": [21.00003, 9.00376, 0.27138],
			"rotation": {"angle": 0, "axis": "y", "origin": [8, 11.02753, 5.05271]},
			"faces": {
				"north": {"uv": [6, 4.75, 12.5, 5], "texture": "#2"},
				"east": {"uv": [9.25, 6.75, 10, 7], "texture": "#2"},
				"south": {"uv": [6, 5, 12.5, 5.25], "texture": "#2"},
				"west": {"uv": [9.25, 7.5, 10, 7.75], "texture": "#2"},
				"up": {"uv": [6.5, 0.75, 0, 0], "texture": "#2"},
				"down": {"uv": [6.5, 0.75, 0, 1.5], "texture": "#2"}
			}
		},
		{
			"from": [-4.99997, 10.00376, -2.72862],
			"to": [21.00003, 11.00376, 0.27138],
			"rotation": {"angle": 0, "axis": "y", "origin": [8, 11.02753, 5.05271]},
			"faces": {
				"north": {"uv": [6, 5.25, 12.5, 5.5], "texture": "#2"},
				"east": {"uv": [9.25, 7.75, 10, 8], "texture": "#2"},
				"south": {"uv": [6, 5.5, 12.5, 5.75], "texture": "#2"},
				"west": {"uv": [9.25, 8, 10, 8.25], "texture": "#2"},
				"up": {"uv": [6.5, 2.25, 0, 1.5], "texture": "#2"},
				"down": {"uv": [6.5, 2.25, 0, 3], "texture": "#2"}
			}
		},
		{
			"from": [-3.99997, 11.00376, -2.72862],
			"to": [20.00003, 12.00376, 0.27138],
			"rotation": {"angle": 0, "axis": "y", "origin": [8, 11.02753, 5.05271]},
			"faces": {
				"north": {"uv": [5.75, 6, 11.75, 6.25], "texture": "#2"},
				"east": {"uv": [8.25, 9.25, 9, 9.5], "texture": "#2"},
				"south": {"uv": [6, 5.75, 12, 6], "texture": "#2"},
				"west": {"uv": [9.25, 8.25, 10, 8.5], "texture": "#2"},
				"up": {"uv": [6, 3.75, 0, 3], "texture": "#2"},
				"down": {"uv": [6, 3.75, 0, 4.5], "texture": "#2"}
			}
		},
		{
			"from": [-3.99997, 7.00376, -2.72862],
			"to": [20.00003, 8.00376, 0.27138],
			"rotation": {"angle": 0, "axis": "y", "origin": [8, 11.02753, 5.05271]},
			"faces": {
				"north": {"uv": [5.75, 6.25, 11.75, 6.5], "texture": "#2"},
				"east": {"uv": [9.5, 1.75, 10.25, 2], "texture": "#2"},
				"south": {"uv": [6.5, 0, 12.5, 0.25], "texture": "#2"},
				"west": {"uv": [9.5, 2.25, 10.25, 2.5], "texture": "#2"},
				"up": {"uv": [6, 5.25, 0, 4.5], "texture": "#2"},
				"down": {"uv": [6, 5.25, 0, 6], "texture": "#2"}
			}
		},
		{
			"from": [-4.99997, 9.00376, -2.72862],
			"to": [-3.99997, 10.00376, 0.27138],
			"rotation": {"angle": 0, "axis": "y", "origin": [8, 11.02753, 5.05271]},
			"faces": {
				"north": {"uv": [8.25, 9.75, 8.5, 10], "texture": "#2"},
				"east": {"uv": [9.25, 8.5, 10, 8.75], "texture": "#2"},
				"south": {"uv": [8.5, 9.75, 8.75, 10], "texture": "#2"},
				"west": {"uv": [9.25, 8.75, 10, 9], "texture": "#2"},
				"up": {"uv": [9.25, 10, 9, 9.25], "texture": "#2"},
				"down": {"uv": [9.5, 9, 9.25, 9.75], "texture": "#2"}
			}
		},
		{
			"from": [16.00003, 7.50376, 0.27138],
			"to": [20.00003, 11.50376, 2.27138],
			"rotation": {"angle": 0, "axis": "y", "origin": [8, 11.02753, 5.05271]},
			"faces": {
				"north": {"uv": [1, 6.75, 2, 7.75], "texture": "#2"},
				"east": {"uv": [5, 8, 5.5, 9], "texture": "#2"},
				"south": {"uv": [2, 6.75, 3, 7.75], "texture": "#2"},
				"west": {"uv": [3.5, 8.25, 4, 9.25], "texture": "#2"},
				"up": {"uv": [6.5, 8.75, 5.5, 8.25], "texture": "#2"},
				"down": {"uv": [9.25, 6.5, 8.25, 7], "texture": "#2"}
			}
		},
		{
			"from": [20.00003, 9.00376, -2.72862],
			"to": [21.00003, 10.00376, 0.27138],
			"rotation": {"angle": 0, "axis": "y", "origin": [8, 11.02753, 5.05271]},
			"faces": {
				"north": {"uv": [9.25, 9.75, 9.5, 10], "texture": "#2"},
				"east": {"uv": [9.5, 0.25, 10.25, 0.5], "texture": "#2"},
				"south": {"uv": [9.5, 9.75, 9.75, 10], "texture": "#2"},
				"west": {"uv": [9.5, 0.5, 10.25, 0.75], "texture": "#2"},
				"up": {"uv": [9.75, 1.5, 9.5, 0.75], "texture": "#2"},
				"down": {"uv": [1.25, 9.5, 1, 10.25], "texture": "#2"}
			}
		},
		{
			"from": [15.00003, 9.00376, -2.72862],
			"to": [16.00003, 10.00376, 0.27138],
			"rotation": {"angle": 0, "axis": "y", "origin": [8, 11.02753, 5.05271]},
			"faces": {
				"north": {"uv": [9.75, 9.5, 10, 9.75], "texture": "#2"},
				"east": {"uv": [1.25, 9.5, 2, 9.75], "texture": "#2"},
				"south": {"uv": [9.75, 9.75, 10, 10], "texture": "#2"},
				"west": {"uv": [9.5, 1.5, 10.25, 1.75], "texture": "#2"},
				"up": {"uv": [2.25, 10.25, 2, 9.5], "texture": "#2"},
				"down": {"uv": [2.5, 9.5, 2.25, 10.25], "texture": "#2"}
			}
		}
	],
	"gui_light": "front",
	"display": {
		"thirdperson_righthand": {
			"rotation": [0, -12, 0],
			"translation": [0, 0, 2.25],
			"scale": [0.75, 0.75, 0.75]
		},
		"thirdperson_lefthand": {
			"rotation": [0, -12, 0],
			"translation": [0, 0, 2.25],
			"scale": [0.75, 0.75, 0.75]
		},
		"firstperson_righthand": {
			"rotation": [0, -10, 0],
			"translation": [0.5, 11.5, 4.5],
			"scale": [0.85, 0.85, 0.85]
		},
		"firstperson_lefthand": {
			"rotation": [0, -10, 0],
			"translation": [0.5, 11.5, 4.5],
			"scale": [0.85, 0.85, 0.85]
		},
		"ground": {
			"translation": [0, 4, 4],
			"scale": [0.55, 0.55, 0.55]
		},
		"gui": {
			"rotation": [-90, 135, 90],
			"translation": [1.5, -2, 0],
			"scale": [0.75, 0.75, 0.75]
		},
		"fixed": {
			"rotation": [-90, -135, -90],
			"translation": [-1, -2, -0.25],
			"scale": [0.75, 0.75, 0.75]
		}
	},
	"groups": [0, 1, 2, 3, 4, 5, 6, 7, 8, 9, 10, 11,
		{
			"name": "barrel",
			"origin": [6, 6.5, 4],
			"color": 0,
			"children": [12, 13, 14]
		},
		{
			"name": "barrel",
			"origin": [6, 6.5, 4],
			"color": 0,
			"children": [15]
		},
		{
			"name": "barrel",
			"origin": [6, 6.5, 4],
			"color": 0,
			"children": [16]
		},
		{
			"name": "barrel",
			"origin": [6, 6.5, 4],
			"color": 0,
			"children": [17, 18, 19, 20, 21, 22, 23]
		},
		{
			"name": "barrel",
			"origin": [6, 6.5, 4],
			"color": 0,
			"children": [24, 25, 26]
		}
	]
}