{
	"parent": "item/generated",
	"textures": {
		"layer0": "item/apple"
	},
	
	"overrides": [
		{"predicate": {"custom_model_data":2}, "model": "item/baconultimatecheeseburger"},
                {"predicate": {"custom_model_data":4}, "model": "item/wafflebreakfastsandwich"},
                {"predicate": {"custom_model_data":6}, "model": "item/baconatorwendys"},
                {"predicate": {"custom_model_data":8}, "model": "item/filetofish"},
                {"predicate": {"custom_model_data":10}, "model": "item/integralbreadburger"},
                {"predicate": {"custom_model_data":12}, "model": "item/chickenbreastslider"},
                {"predicate": {"custom_model_data":14}, "model": "item/bigbabol1"},
                {"predicate": {"custom_model_data":16}, "model": "item/bigbabol2"},
                {"predicate": {"custom_model_data":18}, "model": "item/bigbabol3"},
                {"predicate": {"custom_model_data":20}, "model": "item/bigbabol4"},
                {"predicate": {"custom_model_data":22}, "model": "item/mentos1"},
                {"predicate": {"custom_model_data":24}, "model": "item/mentos2"},
                {"predicate": {"custom_model_data":26}, "model": "item/mentos3"},
                {"predicate": {"custom_model_data":28}, "model": "item/mentos4"},
                {"predicate": {"custom_model_data":32}, "model": "item/mcflurry2"},
                {"predicate": {"custom_model_data":34}, "model": "item/mcflurry3"},
                {"predicate": {"custom_model_data":36}, "model": "item/mcflurry4"},
                {"predicate": {"custom_model_data":38}, "model": "item/golia1"},
                {"predicate": {"custom_model_data":40}, "model": "item/golia2"},
                {"predicate": {"custom_model_data":42}, "model": "item/golia3"},
                {"predicate": {"custom_model_data":44}, "model": "item/golia4"}, 
                {"predicate": {"custom_model_data":46}, "model": "item/yogurt1"},
                {"predicate": {"custom_model_data":48}, "model": "item/yogurt2"},
                {"predicate": {"custom_model_data":50}, "model": "item/triplechocodonut"},
                {"predicate": {"custom_model_data":52}, "model": "item/chocodonut"},
                {"predicate": {"custom_model_data":54}, "model": "item/cooldonut"},
                {"predicate": {"custom_model_data":56}, "model": "item/donuts"},
                {"predicate": {"custom_model_data":58}, "model": "item/bakedapplepie"},
                {"predicate": {"custom_model_data":60}, "model": "item/butterfingernestle"},
                {"predicate": {"custom_model_data":62}, "model": "item/chococake"},
                {"predicate": {"custom_model_data":64}, "model": "item/chococream"},
                {"predicate": {"custom_model_data":66}, "model": "item/chocolatebar"},
                {"predicate": {"custom_model_data":68}, "model": "item/chocoruller"},
                {"predicate": {"custom_model_data":70}, "model": "item/churros"},
                {"predicate": {"custom_model_data":72}, "model": "item/cone"},
                {"predicate": {"custom_model_data":74}, "model": "item/crunchnestle"},
                {"predicate": {"custom_model_data":76}, "model": "item/glazedonut"},
                {"predicate": {"custom_model_data":78}, "model": "item/glazedruller"},
                {"predicate": {"custom_model_data":80}, "model": "item/nestleaero"},
                {"predicate": {"custom_model_data":82}, "model": "item/nestlekitkat"},
                {"predicate": {"custom_model_data":84}, "model": "item/cake1"},
                {"predicate": {"custom_model_data":86}, "model": "item/cake2"},
		{"predicate": {"custom_model_data":88}, "model": "item/hotdog"}
	]
}