{
	"credit": "Made with Blockbench",
	"texture_size": [32, 32],
	"textures": {
		"1": "block/chainsawhand",
		"particle": "iron_block"
	},
	"elements": [
		{
			"from": [6.5, 8.25, -2.5],
			"to": [7, 8.75, -2],
			"rotation": {"angle": 0, "axis": "y", "origin": [-2, -3, -6]},
			"faces": {
				"north": {"uv": [9.5, 10, 9.75, 10.25], "texture": "#1"},
				"east": {"uv": [10, 9.5, 10.25, 9.75], "texture": "#1"},
				"south": {"uv": [10, 10, 10.25, 10.25], "texture": "#1"},
				"west": {"uv": [10.5, 0, 10.75, 0.25], "texture": "#1"},
				"up": {"uv": [10.75, 0.75, 10.5, 0.5], "texture": "#1"},
				"down": {"uv": [1.25, 10.5, 1, 10.75], "texture": "#1"}
			}
		},
		{
			"from": [6.5, 2.75, 2],
			"to": [7, 3.25, 2.5],
			"rotation": {"angle": 0, "axis": "y", "origin": [-2, -3, -6]},
			"faces": {
				"north": {"uv": [7.5, 5, 7.75, 5.25], "texture": "#1"},
				"east": {"uv": [5.5, 7.5, 5.75, 7.75], "texture": "#1"},
				"south": {"uv": [7.5, 5.5, 7.75, 5.75], "texture": "#1"},
				"west": {"uv": [6, 7.5, 6.25, 7.75], "texture": "#1"},
				"up": {"uv": [7.75, 6.25, 7.5, 6], "texture": "#1"},
				"down": {"uv": [6.75, 7.5, 6.5, 7.75], "texture": "#1"}
			}
		},
		{
			"from": [6.5, 2.75, 4.25],
			"to": [7, 3.25, 4.75],
			"rotation": {"angle": 0, "axis": "y", "origin": [-2, -3, -6]},
			"faces": {
				"north": {"uv": [6.5, 6, 6.75, 6.25], "texture": "#1"},
				"east": {"uv": [6.5, 6.5, 6.75, 6.75], "texture": "#1"},
				"south": {"uv": [7, 5, 7.25, 5.25], "texture": "#1"},
				"west": {"uv": [7, 5.5, 7.25, 5.75], "texture": "#1"},
				"up": {"uv": [6.25, 7.25, 6, 7], "texture": "#1"},
				"down": {"uv": [7.25, 6, 7, 6.25], "texture": "#1"}
			}
		},
		{
			"from": [6.5, 2.75, 1.25],
			"to": [7, 3.25, 1.75],
			"rotation": {"angle": 0, "axis": "y", "origin": [-2, -3, -6]},
			"faces": {
				"north": {"uv": [7.5, 6.5, 7.75, 6.75], "texture": "#1"},
				"east": {"uv": [7, 7.5, 7.25, 7.75], "texture": "#1"},
				"south": {"uv": [7.5, 7, 7.75, 7.25], "texture": "#1"},
				"west": {"uv": [7.5, 7.5, 7.75, 7.75], "texture": "#1"},
				"up": {"uv": [1.25, 8.25, 1, 8], "texture": "#1"},
				"down": {"uv": [1.75, 8, 1.5, 8.25], "texture": "#1"}
			}
		},
		{
			"from": [6.5, 2.75, -0.25],
			"to": [7, 3.25, 0.25],
			"rotation": {"angle": 0, "axis": "y", "origin": [-2, -3, -6]},
			"faces": {
				"north": {"uv": [2, 8, 2.25, 8.25], "texture": "#1"},
				"east": {"uv": [2.5, 8, 2.75, 8.25], "texture": "#1"},
				"south": {"uv": [3, 8, 3.25, 8.25], "texture": "#1"},
				"west": {"uv": [3.5, 8, 3.75, 8.25], "texture": "#1"},
				"up": {"uv": [4.25, 8.25, 4, 8], "texture": "#1"},
				"down": {"uv": [4.75, 8, 4.5, 8.25], "texture": "#1"}
			}
		},
		{
			"from": [6.5, 2.75, 0.5],
			"to": [7, 3.25, 1],
			"rotation": {"angle": 0, "axis": "y", "origin": [-2, -3, -6]},
			"faces": {
				"north": {"uv": [5, 8, 5.25, 8.25], "texture": "#1"},
				"east": {"uv": [8, 5, 8.25, 5.25], "texture": "#1"},
				"south": {"uv": [5.5, 8, 5.75, 8.25], "texture": "#1"},
				"west": {"uv": [8, 5.5, 8.25, 5.75], "texture": "#1"},
				"up": {"uv": [6.25, 8.25, 6, 8], "texture": "#1"},
				"down": {"uv": [8.25, 6, 8, 6.25], "texture": "#1"}
			}
		},
		{
			"from": [6.5, 8.25, -10.75],
			"to": [7, 8.75, -10.25],
			"rotation": {"angle": 0, "axis": "y", "origin": [-2, -3, -6]},
			"faces": {
				"north": {"uv": [6, 5, 6.25, 5.25], "texture": "#1"},
				"east": {"uv": [6, 5.5, 6.25, 5.75], "texture": "#1"},
				"south": {"uv": [6, 6, 6.25, 6.25], "texture": "#1"},
				"west": {"uv": [6.5, 5, 6.75, 5.25], "texture": "#1"},
				"up": {"uv": [6.75, 5.75, 6.5, 5.5], "texture": "#1"},
				"down": {"uv": [6.25, 6.5, 6, 6.75], "texture": "#1"}
			}
		},
		{
			"from": [6.5, 3.25, -15.3],
			"to": [7, 8.25, 5],
			"rotation": {"angle": 0, "axis": "y", "origin": [-2, -3, -6]},
			"faces": {
				"north": {"uv": [1, 5, 1.25, 7.5], "texture": "#1"},
				"east": {"uv": [0, 0, 10.125, 2.5], "texture": "#1"},
				"south": {"uv": [1.5, 5, 1.75, 7.5], "texture": "#1"},
				"west": {"uv": [0, 2.5, 10.125, 5], "texture": "#1"},
				"up": {"uv": [0.25, 15.125, 0, 5], "texture": "#1"},
				"down": {"uv": [0.75, 5, 0.5, 15.125], "texture": "#1"}
			}
		},
		{
			"from": [6.5, 2.75, 2.75],
			"to": [7, 3.25, 3.25],
			"rotation": {"angle": 0, "axis": "y", "origin": [-2, -3, -6]},
			"faces": {
				"north": {"uv": [6.5, 7, 6.75, 7.25], "texture": "#1"},
				"east": {"uv": [7, 6.5, 7.25, 6.75], "texture": "#1"},
				"south": {"uv": [7, 7, 7.25, 7.25], "texture": "#1"},
				"west": {"uv": [1, 7.5, 1.25, 7.75], "texture": "#1"},
				"up": {"uv": [1.75, 7.75, 1.5, 7.5], "texture": "#1"},
				"down": {"uv": [2.25, 7.5, 2, 7.75], "texture": "#1"}
			}
		},
		{
			"from": [6.5, 2.75, 3.5],
			"to": [7, 3.25, 4],
			"rotation": {"angle": 0, "axis": "y", "origin": [-2, -3, -6]},
			"faces": {
				"north": {"uv": [2.5, 7.5, 2.75, 7.75], "texture": "#1"},
				"east": {"uv": [3, 7.5, 3.25, 7.75], "texture": "#1"},
				"south": {"uv": [3.5, 7.5, 3.75, 7.75], "texture": "#1"},
				"west": {"uv": [4, 7.5, 4.25, 7.75], "texture": "#1"},
				"up": {"uv": [4.75, 7.75, 4.5, 7.5], "texture": "#1"},
				"down": {"uv": [5.25, 7.5, 5, 7.75], "texture": "#1"}
			}
		},
		{
			"from": [6.5, 2.75, -1],
			"to": [7, 3.25, -0.5],
			"rotation": {"angle": 0, "axis": "y", "origin": [-2, -3, -6]},
			"faces": {
				"north": {"uv": [6.5, 8, 6.75, 8.25], "texture": "#1"},
				"east": {"uv": [8, 6.5, 8.25, 6.75], "texture": "#1"},
				"south": {"uv": [7, 8, 7.25, 8.25], "texture": "#1"},
				"west": {"uv": [8, 7, 8.25, 7.25], "texture": "#1"},
				"up": {"uv": [7.75, 8.25, 7.5, 8], "texture": "#1"},
				"down": {"uv": [8.25, 7.5, 8, 7.75], "texture": "#1"}
			}
		},
		{
			"from": [6.5, 2.75, -1.75],
			"to": [7, 3.25, -1.25],
			"rotation": {"angle": 0, "axis": "y", "origin": [-2, -3, -6]},
			"faces": {
				"north": {"uv": [8, 8, 8.25, 8.25], "texture": "#1"},
				"east": {"uv": [1, 8.5, 1.25, 8.75], "texture": "#1"},
				"south": {"uv": [1.5, 8.5, 1.75, 8.75], "texture": "#1"},
				"west": {"uv": [2, 8.5, 2.25, 8.75], "texture": "#1"},
				"up": {"uv": [2.75, 8.75, 2.5, 8.5], "texture": "#1"},
				"down": {"uv": [3.25, 8.5, 3, 8.75], "texture": "#1"}
			}
		},
		{
			"from": [6.5, 2.75, -4],
			"to": [7, 3.25, -3.5],
			"rotation": {"angle": 0, "axis": "y", "origin": [-2, -3, -6]},
			"faces": {
				"north": {"uv": [8.5, 7, 8.75, 7.25], "texture": "#1"},
				"east": {"uv": [7.5, 8.5, 7.75, 8.75], "texture": "#1"},
				"south": {"uv": [8.5, 7.5, 8.75, 7.75], "texture": "#1"},
				"west": {"uv": [8, 8.5, 8.25, 8.75], "texture": "#1"},
				"up": {"uv": [8.75, 8.25, 8.5, 8], "texture": "#1"},
				"down": {"uv": [8.75, 8.5, 8.5, 8.75], "texture": "#1"}
			}
		},
		{
			"from": [6.5, 2.75, -2.5],
			"to": [7, 3.25, -2],
			"rotation": {"angle": 0, "axis": "y", "origin": [-2, -3, -6]},
			"faces": {
				"north": {"uv": [8.5, 5.5, 8.75, 5.75], "texture": "#1"},
				"east": {"uv": [6, 8.5, 6.25, 8.75], "texture": "#1"},
				"south": {"uv": [8.5, 6, 8.75, 6.25], "texture": "#1"},
				"west": {"uv": [6.5, 8.5, 6.75, 8.75], "texture": "#1"},
				"up": {"uv": [8.75, 6.75, 8.5, 6.5], "texture": "#1"},
				"down": {"uv": [7.25, 8.5, 7, 8.75], "texture": "#1"}
			}
		},
		{
			"from": [6.5, 3.5, 5.5],
			"to": [7, 4, 6],
			"rotation": {"angle": 0, "axis": "y", "origin": [-2, -3, -6]},
			"faces": {
				"north": {"uv": [1.5, 11, 1.75, 11.25], "texture": "#1"},
				"east": {"uv": [11, 1.5, 11.25, 1.75], "texture": "#1"},
				"south": {"uv": [2, 11, 2.25, 11.25], "texture": "#1"},
				"west": {"uv": [11, 2, 11.25, 2.25], "texture": "#1"},
				"up": {"uv": [2.75, 11.25, 2.5, 11], "texture": "#1"},
				"down": {"uv": [11.25, 2.5, 11, 2.75], "texture": "#1"}
			}
		},
		{
			"from": [6.5, 2.75, -3.25],
			"to": [7, 3.25, -2.75],
			"rotation": {"angle": 0, "axis": "y", "origin": [-2, -3, -6]},
			"faces": {
				"north": {"uv": [3.5, 8.5, 3.75, 8.75], "texture": "#1"},
				"east": {"uv": [4, 8.5, 4.25, 8.75], "texture": "#1"},
				"south": {"uv": [4.5, 8.5, 4.75, 8.75], "texture": "#1"},
				"west": {"uv": [5, 8.5, 5.25, 8.75], "texture": "#1"},
				"up": {"uv": [8.75, 5.25, 8.5, 5], "texture": "#1"},
				"down": {"uv": [5.75, 8.5, 5.5, 8.75], "texture": "#1"}
			}
		},
		{
			"from": [6.5, 2.75, -7.75],
			"to": [7, 3.25, -7.25],
			"rotation": {"angle": 0, "axis": "y", "origin": [-2, -3, -6]},
			"faces": {
				"north": {"uv": [9, 9, 9.25, 9.25], "texture": "#1"},
				"east": {"uv": [1, 9.5, 1.25, 9.75], "texture": "#1"},
				"south": {"uv": [1.5, 9.5, 1.75, 9.75], "texture": "#1"},
				"west": {"uv": [2, 9.5, 2.25, 9.75], "texture": "#1"},
				"up": {"uv": [2.75, 9.75, 2.5, 9.5], "texture": "#1"},
				"down": {"uv": [3.25, 9.5, 3, 9.75], "texture": "#1"}
			}
		},
		{
			"from": [6.5, 2.75, -6.25],
			"to": [7, 3.25, -5.75],
			"rotation": {"angle": 0, "axis": "y", "origin": [-2, -3, -6]},
			"faces": {
				"north": {"uv": [4, 9, 4.25, 9.25], "texture": "#1"},
				"east": {"uv": [4.5, 9, 4.75, 9.25], "texture": "#1"},
				"south": {"uv": [5, 9, 5.25, 9.25], "texture": "#1"},
				"west": {"uv": [9, 5, 9.25, 5.25], "texture": "#1"},
				"up": {"uv": [5.75, 9.25, 5.5, 9], "texture": "#1"},
				"down": {"uv": [9.25, 5.5, 9, 5.75], "texture": "#1"}
			}
		},
		{
			"from": [6.5, 2.75, -4.75],
			"to": [7, 3.25, -4.25],
			"rotation": {"angle": 0, "axis": "y", "origin": [-2, -3, -6]},
			"faces": {
				"north": {"uv": [1, 9, 1.25, 9.25], "texture": "#1"},
				"east": {"uv": [1.5, 9, 1.75, 9.25], "texture": "#1"},
				"south": {"uv": [2, 9, 2.25, 9.25], "texture": "#1"},
				"west": {"uv": [2.5, 9, 2.75, 9.25], "texture": "#1"},
				"up": {"uv": [3.25, 9.25, 3, 9], "texture": "#1"},
				"down": {"uv": [3.75, 9, 3.5, 9.25], "texture": "#1"}
			}
		},
		{
			"from": [6.5, 2.75, -7],
			"to": [7, 3.25, -6.5],
			"rotation": {"angle": 0, "axis": "y", "origin": [-2, -3, -6]},
			"faces": {
				"north": {"uv": [7.5, 9, 7.75, 9.25], "texture": "#1"},
				"east": {"uv": [9, 7.5, 9.25, 7.75], "texture": "#1"},
				"south": {"uv": [8, 9, 8.25, 9.25], "texture": "#1"},
				"west": {"uv": [9, 8, 9.25, 8.25], "texture": "#1"},
				"up": {"uv": [8.75, 9.25, 8.5, 9], "texture": "#1"},
				"down": {"uv": [9.25, 8.5, 9, 8.75], "texture": "#1"}
			}
		},
		{
			"from": [6.5, 8.25, -0.25],
			"to": [7, 8.75, 0.25],
			"rotation": {"angle": 0, "axis": "y", "origin": [-2, -3, -6]},
			"faces": {
				"north": {"uv": [2, 10, 2.25, 10.25], "texture": "#1"},
				"east": {"uv": [2.5, 10, 2.75, 10.25], "texture": "#1"},
				"south": {"uv": [3, 10, 3.25, 10.25], "texture": "#1"},
				"west": {"uv": [3.5, 10, 3.75, 10.25], "texture": "#1"},
				"up": {"uv": [4.25, 10.25, 4, 10], "texture": "#1"},
				"down": {"uv": [4.75, 10, 4.5, 10.25], "texture": "#1"}
			}
		},
		{
			"from": [6.5, 2.75, -10],
			"to": [7, 3.25, -9.5],
			"rotation": {"angle": 0, "axis": "y", "origin": [-2, -3, -6]},
			"faces": {
				"north": {"uv": [9.5, 7, 9.75, 7.25], "texture": "#1"},
				"east": {"uv": [7.5, 9.5, 7.75, 9.75], "texture": "#1"},
				"south": {"uv": [9.5, 7.5, 9.75, 7.75], "texture": "#1"},
				"west": {"uv": [8, 9.5, 8.25, 9.75], "texture": "#1"},
				"up": {"uv": [9.75, 8.25, 9.5, 8], "texture": "#1"},
				"down": {"uv": [8.75, 9.5, 8.5, 9.75], "texture": "#1"}
			}
		},
		{
			"from": [6.5, 2.75, -8.5],
			"to": [7, 3.25, -8],
			"rotation": {"angle": 0, "axis": "y", "origin": [-2, -3, -6]},
			"faces": {
				"north": {"uv": [9.5, 5.5, 9.75, 5.75], "texture": "#1"},
				"east": {"uv": [6, 9.5, 6.25, 9.75], "texture": "#1"},
				"south": {"uv": [9.5, 6, 9.75, 6.25], "texture": "#1"},
				"west": {"uv": [6.5, 9.5, 6.75, 9.75], "texture": "#1"},
				"up": {"uv": [9.75, 6.75, 9.5, 6.5], "texture": "#1"},
				"down": {"uv": [7.25, 9.5, 7, 9.75], "texture": "#1"}
			}
		},
		{
			"from": [6.5, 2.75, -9.25],
			"to": [7, 3.25, -8.75],
			"rotation": {"angle": 0, "axis": "y", "origin": [-2, -3, -6]},
			"faces": {
				"north": {"uv": [3.5, 9.5, 3.75, 9.75], "texture": "#1"},
				"east": {"uv": [4, 9.5, 4.25, 9.75], "texture": "#1"},
				"south": {"uv": [4.5, 9.5, 4.75, 9.75], "texture": "#1"},
				"west": {"uv": [5, 9.5, 5.25, 9.75], "texture": "#1"},
				"up": {"uv": [9.75, 5.25, 9.5, 5], "texture": "#1"},
				"down": {"uv": [5.75, 9.5, 5.5, 9.75], "texture": "#1"}
			}
		},
		{
			"from": [6.5, 2.75, -10.75],
			"to": [7, 3.25, -10.25],
			"rotation": {"angle": 0, "axis": "y", "origin": [-2, -3, -6]},
			"faces": {
				"north": {"uv": [9.5, 8.5, 9.75, 8.75], "texture": "#1"},
				"east": {"uv": [9, 9.5, 9.25, 9.75], "texture": "#1"},
				"south": {"uv": [9.5, 9, 9.75, 9.25], "texture": "#1"},
				"west": {"uv": [9.5, 9.5, 9.75, 9.75], "texture": "#1"},
				"up": {"uv": [1.25, 10.25, 1, 10], "texture": "#1"},
				"down": {"uv": [1.75, 10, 1.5, 10.25], "texture": "#1"}
			}
		},
		{
			"from": [6.5, 8.25, -3.25],
			"to": [7, 8.75, -2.75],
			"rotation": {"angle": 0, "axis": "y", "origin": [-2, -3, -6]},
			"faces": {
				"north": {"uv": [10.5, 4, 10.75, 4.25], "texture": "#1"},
				"east": {"uv": [4.5, 10.5, 4.75, 10.75], "texture": "#1"},
				"south": {"uv": [10.5, 4.5, 10.75, 4.75], "texture": "#1"},
				"west": {"uv": [5, 10.5, 5.25, 10.75], "texture": "#1"},
				"up": {"uv": [10.75, 5.25, 10.5, 5], "texture": "#1"},
				"down": {"uv": [5.75, 10.5, 5.5, 10.75], "texture": "#1"}
			}
		},
		{
			"from": [6.5, 5.75, 5.5],
			"to": [7, 6.25, 6],
			"rotation": {"angle": 0, "axis": "y", "origin": [-2, -3, -6]},
			"faces": {
				"north": {"uv": [10.5, 7, 10.75, 7.25], "texture": "#1"},
				"east": {"uv": [7.5, 10.5, 7.75, 10.75], "texture": "#1"},
				"south": {"uv": [10.5, 7.5, 10.75, 7.75], "texture": "#1"},
				"west": {"uv": [8, 10.5, 8.25, 10.75], "texture": "#1"},
				"up": {"uv": [10.75, 8.25, 10.5, 8], "texture": "#1"},
				"down": {"uv": [8.75, 10.5, 8.5, 10.75], "texture": "#1"}
			}
		},
		{
			"from": [6.5, 8.25, 0.5],
			"to": [7, 8.75, 1],
			"rotation": {"angle": 0, "axis": "y", "origin": [-2, -3, -6]},
			"faces": {
				"north": {"uv": [5, 10, 5.25, 10.25], "texture": "#1"},
				"east": {"uv": [10, 5, 10.25, 5.25], "texture": "#1"},
				"south": {"uv": [5.5, 10, 5.75, 10.25], "texture": "#1"},
				"west": {"uv": [10, 5.5, 10.25, 5.75], "texture": "#1"},
				"up": {"uv": [6.25, 10.25, 6, 10], "texture": "#1"},
				"down": {"uv": [10.25, 6, 10, 6.25], "texture": "#1"}
			}
		},
		{
			"from": [6.5, 8.25, -1],
			"to": [7, 8.75, -0.5],
			"rotation": {"angle": 0, "axis": "y", "origin": [-2, -3, -6]},
			"faces": {
				"north": {"uv": [6.5, 10, 6.75, 10.25], "texture": "#1"},
				"east": {"uv": [10, 6.5, 10.25, 6.75], "texture": "#1"},
				"south": {"uv": [7, 10, 7.25, 10.25], "texture": "#1"},
				"west": {"uv": [10, 7, 10.25, 7.25], "texture": "#1"},
				"up": {"uv": [7.75, 10.25, 7.5, 10], "texture": "#1"},
				"down": {"uv": [10.25, 7.5, 10, 7.75], "texture": "#1"}
			}
		},
		{
			"from": [6.5, 8.25, -1.75],
			"to": [7, 8.75, -1.25],
			"rotation": {"angle": 0, "axis": "y", "origin": [-2, -3, -6]},
			"faces": {
				"north": {"uv": [8, 10, 8.25, 10.25], "texture": "#1"},
				"east": {"uv": [10, 8, 10.25, 8.25], "texture": "#1"},
				"south": {"uv": [8.5, 10, 8.75, 10.25], "texture": "#1"},
				"west": {"uv": [10, 8.5, 10.25, 8.75], "texture": "#1"},
				"up": {"uv": [9.25, 10.25, 9, 10], "texture": "#1"},
				"down": {"uv": [10.25, 9, 10, 9.25], "texture": "#1"}
			}
		},
		{
			"from": [6.5, 8.25, -4.75],
			"to": [7, 8.75, -4.25],
			"rotation": {"angle": 0, "axis": "y", "origin": [-2, -3, -6]},
			"faces": {
				"north": {"uv": [10.5, 2.5, 10.75, 2.75], "texture": "#1"},
				"east": {"uv": [3, 10.5, 3.25, 10.75], "texture": "#1"},
				"south": {"uv": [10.5, 3, 10.75, 3.25], "texture": "#1"},
				"west": {"uv": [3.5, 10.5, 3.75, 10.75], "texture": "#1"},
				"up": {"uv": [10.75, 3.75, 10.5, 3.5], "texture": "#1"},
				"down": {"uv": [4.25, 10.5, 4, 10.75], "texture": "#1"}
			}
		},
		{
			"from": [6.5, 8.25, -4],
			"to": [7, 8.75, -3.5],
			"rotation": {"angle": 0, "axis": "y", "origin": [-2, -3, -6]},
			"faces": {
				"north": {"uv": [10.5, 1, 10.75, 1.25], "texture": "#1"},
				"east": {"uv": [1.5, 10.5, 1.75, 10.75], "texture": "#1"},
				"south": {"uv": [10.5, 1.5, 10.75, 1.75], "texture": "#1"},
				"west": {"uv": [2, 10.5, 2.25, 10.75], "texture": "#1"},
				"up": {"uv": [10.75, 2.25, 10.5, 2], "texture": "#1"},
				"down": {"uv": [2.75, 10.5, 2.5, 10.75], "texture": "#1"}
			}
		},
		{
			"from": [6.5, 8.25, -6.25],
			"to": [7, 8.75, -5.75],
			"rotation": {"angle": 0, "axis": "y", "origin": [-2, -3, -6]},
			"faces": {
				"north": {"uv": [11.5, 2.5, 11.75, 2.75], "texture": "#1"},
				"east": {"uv": [3, 11.5, 3.25, 11.75], "texture": "#1"},
				"south": {"uv": [11.5, 3, 11.75, 3.25], "texture": "#1"},
				"west": {"uv": [3.5, 11.5, 3.75, 11.75], "texture": "#1"},
				"up": {"uv": [11.75, 3.75, 11.5, 3.5], "texture": "#1"},
				"down": {"uv": [4.25, 11.5, 4, 11.75], "texture": "#1"}
			}
		},
		{
			"from": [6.5, 6.5, 5.5],
			"to": [7, 7, 6],
			"rotation": {"angle": 0, "axis": "y", "origin": [-2, -3, -6]},
			"faces": {
				"north": {"uv": [10.5, 5.5, 10.75, 5.75], "texture": "#1"},
				"east": {"uv": [6, 10.5, 6.25, 10.75], "texture": "#1"},
				"south": {"uv": [10.5, 6, 10.75, 6.25], "texture": "#1"},
				"west": {"uv": [6.5, 10.5, 6.75, 10.75], "texture": "#1"},
				"up": {"uv": [10.75, 6.75, 10.5, 6.5], "texture": "#1"},
				"down": {"uv": [7.25, 10.5, 7, 10.75], "texture": "#1"}
			}
		},
		{
			"from": [6.5, 7.25, 5.5],
			"to": [7, 7.75, 6],
			"rotation": {"angle": 0, "axis": "y", "origin": [-2, -3, -6]},
			"faces": {
				"north": {"uv": [2, 12, 2.25, 12.25], "texture": "#1"},
				"east": {"uv": [12, 2, 12.25, 2.25], "texture": "#1"},
				"south": {"uv": [2.5, 12, 2.75, 12.25], "texture": "#1"},
				"west": {"uv": [12, 2.5, 12.25, 2.75], "texture": "#1"},
				"up": {"uv": [3.25, 12.25, 3, 12], "texture": "#1"},
				"down": {"uv": [12.25, 3, 12, 3.25], "texture": "#1"}
			}
		},
		{
			"from": [6.5, 8.05, 4.95],
			"to": [7, 8.55, 5.45],
			"rotation": {"angle": 0, "axis": "y", "origin": [-2, -3, -6]},
			"faces": {
				"north": {"uv": [4.5, 11, 4.75, 11.25], "texture": "#1"},
				"east": {"uv": [11, 4.5, 11.25, 4.75], "texture": "#1"},
				"south": {"uv": [5, 11, 5.25, 11.25], "texture": "#1"},
				"west": {"uv": [11, 5, 11.25, 5.25], "texture": "#1"},
				"up": {"uv": [5.75, 11.25, 5.5, 11], "texture": "#1"},
				"down": {"uv": [11.25, 5.5, 11, 5.75], "texture": "#1"}
			}
		},
		{
			"from": [6.5, 5, 5.5],
			"to": [7, 5.5, 6],
			"rotation": {"angle": 0, "axis": "y", "origin": [-2, -3, -6]},
			"faces": {
				"north": {"uv": [10.5, 8.5, 10.75, 8.75], "texture": "#1"},
				"east": {"uv": [9, 10.5, 9.25, 10.75], "texture": "#1"},
				"south": {"uv": [10.5, 9, 10.75, 9.25], "texture": "#1"},
				"west": {"uv": [9.5, 10.5, 9.75, 10.75], "texture": "#1"},
				"up": {"uv": [10.75, 9.75, 10.5, 9.5], "texture": "#1"},
				"down": {"uv": [10.25, 10.5, 10, 10.75], "texture": "#1"}
			}
		},
		{
			"from": [6.5, 4.25, 5.5],
			"to": [7, 4.75, 6],
			"rotation": {"angle": 0, "axis": "y", "origin": [-2, -3, -6]},
			"faces": {
				"north": {"uv": [10.5, 10, 10.75, 10.25], "texture": "#1"},
				"east": {"uv": [10.5, 10.5, 10.75, 10.75], "texture": "#1"},
				"south": {"uv": [11, 0, 11.25, 0.25], "texture": "#1"},
				"west": {"uv": [11, 0.5, 11.25, 0.75], "texture": "#1"},
				"up": {"uv": [1.25, 11.25, 1, 11], "texture": "#1"},
				"down": {"uv": [11.25, 1, 11, 1.25], "texture": "#1"}
			}
		},
		{
			"from": [6.5, 8.25, -15.25],
			"to": [7, 8.75, -14.75],
			"rotation": {"angle": 0, "axis": "y", "origin": [-2, -3, -6]},
			"faces": {
				"north": {"uv": [3.5, 12, 3.75, 12.25], "texture": "#1"},
				"east": {"uv": [12, 3.5, 12.25, 3.75], "texture": "#1"},
				"south": {"uv": [4, 12, 4.25, 12.25], "texture": "#1"},
				"west": {"uv": [12, 4, 12.25, 4.25], "texture": "#1"},
				"up": {"uv": [4.75, 12.25, 4.5, 12], "texture": "#1"},
				"down": {"uv": [12.25, 4.5, 12, 4.75], "texture": "#1"}
			}
		},
		{
			"from": [6.5, 8.25, 3.5],
			"to": [7, 8.75, 4],
			"rotation": {"angle": 0, "axis": "y", "origin": [-2, -3, -6]},
			"faces": {
				"north": {"uv": [9, 11, 9.25, 11.25], "texture": "#1"},
				"east": {"uv": [11, 9, 11.25, 9.25], "texture": "#1"},
				"south": {"uv": [9.5, 11, 9.75, 11.25], "texture": "#1"},
				"west": {"uv": [11, 9.5, 11.25, 9.75], "texture": "#1"},
				"up": {"uv": [10.25, 11.25, 10, 11], "texture": "#1"},
				"down": {"uv": [11.25, 10, 11, 10.25], "texture": "#1"}
			}
		},
		{
			"from": [6.5, 3.6, 5.305],
			"to": [7, 7.85, 5.62],
			"rotation": {"angle": 0, "axis": "y", "origin": [-2, -3, -3.04]},
			"faces": {
				"north": {"uv": [3, 5, 3.25, 7.125], "texture": "#1"},
				"east": {"uv": [5, 5, 5.125, 7.125], "texture": "#1"},
				"south": {"uv": [3.5, 5, 3.75, 7.125], "texture": "#1"},
				"west": {"uv": [5.5, 5, 5.625, 7.125], "texture": "#1"},
				"up": {"uv": [12.75, 10.125, 12.5, 10], "texture": "#1"},
				"down": {"uv": [10.75, 12.5, 10.5, 12.625], "texture": "#1"}
			}
		},
		{
			"from": [6.5, 8.25, -10],
			"to": [7, 8.75, -9.5],
			"rotation": {"angle": 0, "axis": "y", "origin": [-2, -3, -6]},
			"faces": {
				"north": {"uv": [11.5, 8.5, 11.75, 8.75], "texture": "#1"},
				"east": {"uv": [9, 11.5, 9.25, 11.75], "texture": "#1"},
				"south": {"uv": [11.5, 9, 11.75, 9.25], "texture": "#1"},
				"west": {"uv": [9.5, 11.5, 9.75, 11.75], "texture": "#1"},
				"up": {"uv": [11.75, 9.75, 11.5, 9.5], "texture": "#1"},
				"down": {"uv": [10.25, 11.5, 10, 11.75], "texture": "#1"}
			}
		},
		{
			"from": [6.5, 3.35, 4.99],
			"to": [7, 8.1, 5.305],
			"rotation": {"angle": 0, "axis": "y", "origin": [-2, -3, -3.04]},
			"faces": {
				"north": {"uv": [2, 5, 2.25, 7.375], "texture": "#1"},
				"east": {"uv": [4, 5, 4.125, 7.375], "texture": "#1"},
				"south": {"uv": [2.5, 5, 2.75, 7.375], "texture": "#1"},
				"west": {"uv": [4.5, 5, 4.625, 7.375], "texture": "#1"},
				"up": {"uv": [12.75, 9.625, 12.5, 9.5], "texture": "#1"},
				"down": {"uv": [10.25, 12.5, 10, 12.625], "texture": "#1"}
			}
		},
		{
			"from": [6.5, 8.25, -5.5],
			"to": [7, 8.75, -5],
			"rotation": {"angle": 0, "axis": "y", "origin": [-2, -3, -6]},
			"faces": {
				"north": {"uv": [11.5, 4, 11.75, 4.25], "texture": "#1"},
				"east": {"uv": [4.5, 11.5, 4.75, 11.75], "texture": "#1"},
				"south": {"uv": [11.5, 4.5, 11.75, 4.75], "texture": "#1"},
				"west": {"uv": [5, 11.5, 5.25, 11.75], "texture": "#1"},
				"up": {"uv": [11.75, 5.25, 11.5, 5], "texture": "#1"},
				"down": {"uv": [5.75, 11.5, 5.5, 11.75], "texture": "#1"}
			}
		},
		{
			"from": [6.5, 8.25, -9.25],
			"to": [7, 8.75, -8.75],
			"rotation": {"angle": 0, "axis": "y", "origin": [-2, -3, -6]},
			"faces": {
				"north": {"uv": [11.5, 10, 11.75, 10.25], "texture": "#1"},
				"east": {"uv": [10.5, 11.5, 10.75, 11.75], "texture": "#1"},
				"south": {"uv": [11.5, 10.5, 11.75, 10.75], "texture": "#1"},
				"west": {"uv": [11, 11.5, 11.25, 11.75], "texture": "#1"},
				"up": {"uv": [11.75, 11.25, 11.5, 11], "texture": "#1"},
				"down": {"uv": [11.75, 11.5, 11.5, 11.75], "texture": "#1"}
			}
		},
		{
			"from": [6.5, 8.25, -7.75],
			"to": [7, 8.75, -7.25],
			"rotation": {"angle": 0, "axis": "y", "origin": [-2, -3, -6]},
			"faces": {
				"north": {"uv": [11.5, 7, 11.75, 7.25], "texture": "#1"},
				"east": {"uv": [7.5, 11.5, 7.75, 11.75], "texture": "#1"},
				"south": {"uv": [11.5, 7.5, 11.75, 7.75], "texture": "#1"},
				"west": {"uv": [8, 11.5, 8.25, 11.75], "texture": "#1"},
				"up": {"uv": [11.75, 8.25, 11.5, 8], "texture": "#1"},
				"down": {"uv": [8.75, 11.5, 8.5, 11.75], "texture": "#1"}
			}
		},
		{
			"from": [6.5, 8.25, 2],
			"to": [7, 8.75, 2.5],
			"rotation": {"angle": 0, "axis": "y", "origin": [-2, -3, -6]},
			"faces": {
				"north": {"uv": [10.5, 11, 10.75, 11.25], "texture": "#1"},
				"east": {"uv": [11, 10.5, 11.25, 10.75], "texture": "#1"},
				"south": {"uv": [11, 11, 11.25, 11.25], "texture": "#1"},
				"west": {"uv": [11.5, 0, 11.75, 0.25], "texture": "#1"},
				"up": {"uv": [11.75, 0.75, 11.5, 0.5], "texture": "#1"},
				"down": {"uv": [1.25, 11.5, 1, 11.75], "texture": "#1"}
			}
		},
		{
			"from": [6.5, 2.75, -11.5],
			"to": [7, 3.25, -11],
			"rotation": {"angle": 0, "axis": "y", "origin": [-2, -3, -6]},
			"faces": {
				"north": {"uv": [12.5, 2, 12.75, 2.25], "texture": "#1"},
				"east": {"uv": [2.5, 12.5, 2.75, 12.75], "texture": "#1"},
				"south": {"uv": [12.5, 2.5, 12.75, 2.75], "texture": "#1"},
				"west": {"uv": [3, 12.5, 3.25, 12.75], "texture": "#1"},
				"up": {"uv": [12.75, 3.25, 12.5, 3], "texture": "#1"},
				"down": {"uv": [3.75, 12.5, 3.5, 12.75], "texture": "#1"}
			}
		},
		{
			"from": [6.5, 2.75, -14.5],
			"to": [7, 3.25, -14],
			"rotation": {"angle": 0, "axis": "y", "origin": [-2, -3, -6]},
			"faces": {
				"north": {"uv": [12.5, 5, 12.75, 5.25], "texture": "#1"},
				"east": {"uv": [5.5, 12.5, 5.75, 12.75], "texture": "#1"},
				"south": {"uv": [12.5, 5.5, 12.75, 5.75], "texture": "#1"},
				"west": {"uv": [6, 12.5, 6.25, 12.75], "texture": "#1"},
				"up": {"uv": [12.75, 6.25, 12.5, 6], "texture": "#1"},
				"down": {"uv": [6.75, 12.5, 6.5, 12.75], "texture": "#1"}
			}
		},
		{
			"from": [6.5, 2.75, -12.25],
			"to": [7, 3.25, -11.75],
			"rotation": {"angle": 0, "axis": "y", "origin": [-2, -3, -6]},
			"faces": {
				"north": {"uv": [12.5, 3.5, 12.75, 3.75], "texture": "#1"},
				"east": {"uv": [4, 12.5, 4.25, 12.75], "texture": "#1"},
				"south": {"uv": [12.5, 4, 12.75, 4.25], "texture": "#1"},
				"west": {"uv": [4.5, 12.5, 4.75, 12.75], "texture": "#1"},
				"up": {"uv": [12.75, 4.75, 12.5, 4.5], "texture": "#1"},
				"down": {"uv": [5.25, 12.5, 5, 12.75], "texture": "#1"}
			}
		},
		{
			"from": [6.5, 2.75, -13],
			"to": [7, 3.25, -12.5],
			"rotation": {"angle": 0, "axis": "y", "origin": [-2, -3, -6]},
			"faces": {
				"north": {"uv": [12.5, 8, 12.75, 8.25], "texture": "#1"},
				"east": {"uv": [8.5, 12.5, 8.75, 12.75], "texture": "#1"},
				"south": {"uv": [12.5, 8.5, 12.75, 8.75], "texture": "#1"},
				"west": {"uv": [9, 12.5, 9.25, 12.75], "texture": "#1"},
				"up": {"uv": [12.75, 9.25, 12.5, 9], "texture": "#1"},
				"down": {"uv": [9.75, 12.5, 9.5, 12.75], "texture": "#1"}
			}
		},
		{
			"from": [6.5, 2.75, -15.25],
			"to": [7, 3.25, -14.75],
			"rotation": {"angle": 0, "axis": "y", "origin": [-2, -3, -6]},
			"faces": {
				"north": {"uv": [12.5, 0.5, 12.75, 0.75], "texture": "#1"},
				"east": {"uv": [1, 12.5, 1.25, 12.75], "texture": "#1"},
				"south": {"uv": [12.5, 1, 12.75, 1.25], "texture": "#1"},
				"west": {"uv": [1.5, 12.5, 1.75, 12.75], "texture": "#1"},
				"up": {"uv": [12.75, 1.75, 12.5, 1.5], "texture": "#1"},
				"down": {"uv": [2.25, 12.5, 2, 12.75], "texture": "#1"}
			}
		},
		{
			"from": [6.5, 2.75, -13.75],
			"to": [7, 3.25, -13.25],
			"rotation": {"angle": 0, "axis": "y", "origin": [-2, -3, -6]},
			"faces": {
				"north": {"uv": [12.5, 6.5, 12.75, 6.75], "texture": "#1"},
				"east": {"uv": [7, 12.5, 7.25, 12.75], "texture": "#1"},
				"south": {"uv": [12.5, 7, 12.75, 7.25], "texture": "#1"},
				"west": {"uv": [7.5, 12.5, 7.75, 12.75], "texture": "#1"},
				"up": {"uv": [12.75, 7.75, 12.5, 7.5], "texture": "#1"},
				"down": {"uv": [8.25, 12.5, 8, 12.75], "texture": "#1"}
			}
		},
		{
			"from": [6.5, 8.25, -12.25],
			"to": [7, 8.75, -11.75],
			"rotation": {"angle": 0, "axis": "y", "origin": [-2, -3, -6]},
			"faces": {
				"north": {"uv": [6.5, 12, 6.75, 12.25], "texture": "#1"},
				"east": {"uv": [12, 6.5, 12.25, 6.75], "texture": "#1"},
				"south": {"uv": [7, 12, 7.25, 12.25], "texture": "#1"},
				"west": {"uv": [12, 7, 12.25, 7.25], "texture": "#1"},
				"up": {"uv": [7.75, 12.25, 7.5, 12], "texture": "#1"},
				"down": {"uv": [12.25, 7.5, 12, 7.75], "texture": "#1"}
			}
		},
		{
			"from": [6.5, 8.25, -14.5],
			"to": [7, 8.75, -14],
			"rotation": {"angle": 0, "axis": "y", "origin": [-2, -3, -6]},
			"faces": {
				"north": {"uv": [8, 12, 8.25, 12.25], "texture": "#1"},
				"east": {"uv": [12, 8, 12.25, 8.25], "texture": "#1"},
				"south": {"uv": [8.5, 12, 8.75, 12.25], "texture": "#1"},
				"west": {"uv": [12, 8.5, 12.25, 8.75], "texture": "#1"},
				"up": {"uv": [9.25, 12.25, 9, 12], "texture": "#1"},
				"down": {"uv": [12.25, 9, 12, 9.25], "texture": "#1"}
			}
		},
		{
			"from": [6.5, 8.25, -13],
			"to": [7, 8.75, -12.5],
			"rotation": {"angle": 0, "axis": "y", "origin": [-2, -3, -6]},
			"faces": {
				"north": {"uv": [11, 12, 11.25, 12.25], "texture": "#1"},
				"east": {"uv": [12, 11, 12.25, 11.25], "texture": "#1"},
				"south": {"uv": [11.5, 12, 11.75, 12.25], "texture": "#1"},
				"west": {"uv": [12, 11.5, 12.25, 11.75], "texture": "#1"},
				"up": {"uv": [12.25, 12.25, 12, 12], "texture": "#1"},
				"down": {"uv": [12.75, 0, 12.5, 0.25], "texture": "#1"}
			}
		},
		{
			"from": [6.5, 8.25, -13.75],
			"to": [7, 8.75, -13.25],
			"rotation": {"angle": 0, "axis": "y", "origin": [-2, -3, -6]},
			"faces": {
				"north": {"uv": [9.5, 12, 9.75, 12.25], "texture": "#1"},
				"east": {"uv": [12, 9.5, 12.25, 9.75], "texture": "#1"},
				"south": {"uv": [10, 12, 10.25, 12.25], "texture": "#1"},
				"west": {"uv": [12, 10, 12.25, 10.25], "texture": "#1"},
				"up": {"uv": [10.75, 12.25, 10.5, 12], "texture": "#1"},
				"down": {"uv": [12.25, 10.5, 12, 10.75], "texture": "#1"}
			}
		},
		{
			"from": [6.5, 8.25, -11.5],
			"to": [7, 8.75, -11],
			"rotation": {"angle": 0, "axis": "y", "origin": [-2, -3, -6]},
			"faces": {
				"north": {"uv": [5, 12, 5.25, 12.25], "texture": "#1"},
				"east": {"uv": [12, 5, 12.25, 5.25], "texture": "#1"},
				"south": {"uv": [5.5, 12, 5.75, 12.25], "texture": "#1"},
				"west": {"uv": [12, 5.5, 12.25, 5.75], "texture": "#1"},
				"up": {"uv": [6.25, 12.25, 6, 12], "texture": "#1"},
				"down": {"uv": [12.25, 6, 12, 6.25], "texture": "#1"}
			}
		},
		{
			"from": [6.5, 8.25, -8.5],
			"to": [7, 8.75, -8],
			"rotation": {"angle": 0, "axis": "y", "origin": [-2, -3, -6]},
			"faces": {
				"north": {"uv": [12, 0, 12.25, 0.25], "texture": "#1"},
				"east": {"uv": [12, 0.5, 12.25, 0.75], "texture": "#1"},
				"south": {"uv": [1, 12, 1.25, 12.25], "texture": "#1"},
				"west": {"uv": [12, 1, 12.25, 1.25], "texture": "#1"},
				"up": {"uv": [1.75, 12.25, 1.5, 12], "texture": "#1"},
				"down": {"uv": [12.25, 1.5, 12, 1.75], "texture": "#1"}
			}
		},
		{
			"from": [6.5, 8.25, -7],
			"to": [7, 8.75, -6.5],
			"rotation": {"angle": 0, "axis": "y", "origin": [-2, -3, -6]},
			"faces": {
				"north": {"uv": [11.5, 5.5, 11.75, 5.75], "texture": "#1"},
				"east": {"uv": [6, 11.5, 6.25, 11.75], "texture": "#1"},
				"south": {"uv": [11.5, 6, 11.75, 6.25], "texture": "#1"},
				"west": {"uv": [6.5, 11.5, 6.75, 11.75], "texture": "#1"},
				"up": {"uv": [11.75, 6.75, 11.5, 6.5], "texture": "#1"},
				"down": {"uv": [7.25, 11.5, 7, 11.75], "texture": "#1"}
			}
		},
		{
			"from": [6.5, 8.25, 1.25],
			"to": [7, 8.75, 1.75],
			"rotation": {"angle": 0, "axis": "y", "origin": [-2, -3, -6]},
			"faces": {
				"north": {"uv": [11.5, 1, 11.75, 1.25], "texture": "#1"},
				"east": {"uv": [1.5, 11.5, 1.75, 11.75], "texture": "#1"},
				"south": {"uv": [11.5, 1.5, 11.75, 1.75], "texture": "#1"},
				"west": {"uv": [2, 11.5, 2.25, 11.75], "texture": "#1"},
				"up": {"uv": [11.75, 2.25, 11.5, 2], "texture": "#1"},
				"down": {"uv": [2.75, 11.5, 2.5, 11.75], "texture": "#1"}
			}
		},
		{
			"from": [6.5, 8.25, 2.75],
			"to": [7, 8.75, 3.25],
			"rotation": {"angle": 0, "axis": "y", "origin": [-2, -3, -6]},
			"faces": {
				"north": {"uv": [7.5, 11, 7.75, 11.25], "texture": "#1"},
				"east": {"uv": [11, 7.5, 11.25, 7.75], "texture": "#1"},
				"south": {"uv": [8, 11, 8.25, 11.25], "texture": "#1"},
				"west": {"uv": [11, 8, 11.25, 8.25], "texture": "#1"},
				"up": {"uv": [8.75, 11.25, 8.5, 11], "texture": "#1"},
				"down": {"uv": [11.25, 8.5, 11, 8.75], "texture": "#1"}
			}
		},
		{
			"from": [6.5, 8.25, 4.25],
			"to": [7, 8.75, 4.75],
			"rotation": {"angle": 0, "axis": "y", "origin": [-2, -3, -6]},
			"faces": {
				"north": {"uv": [6, 11, 6.25, 11.25], "texture": "#1"},
				"east": {"uv": [11, 6, 11.25, 6.25], "texture": "#1"},
				"south": {"uv": [6.5, 11, 6.75, 11.25], "texture": "#1"},
				"west": {"uv": [11, 6.5, 11.25, 6.75], "texture": "#1"},
				"up": {"uv": [7.25, 11.25, 7, 11], "texture": "#1"},
				"down": {"uv": [11.25, 7, 11, 7.25], "texture": "#1"}
			}
		},
		{
			"from": [6.5, 3, 5],
			"to": [7, 3.5, 5.5],
			"rotation": {"angle": 0, "axis": "y", "origin": [-2, -3, -6]},
			"faces": {
				"north": {"uv": [3, 11, 3.25, 11.25], "texture": "#1"},
				"east": {"uv": [11, 3, 11.25, 3.25], "texture": "#1"},
				"south": {"uv": [3.5, 11, 3.75, 11.25], "texture": "#1"},
				"west": {"uv": [11, 3.5, 11.25, 3.75], "texture": "#1"},
				"up": {"uv": [4.25, 11.25, 4, 11], "texture": "#1"},
				"down": {"uv": [11.25, 4, 11, 4.25], "texture": "#1"}
			}
		},
		{
			"from": [6.5, 2.75, -5.5],
			"to": [7, 3.25, -5],
			"rotation": {"angle": 0, "axis": "y", "origin": [-2, -3, -6]},
			"faces": {
				"north": {"uv": [6, 9, 6.25, 9.25], "texture": "#1"},
				"east": {"uv": [9, 6, 9.25, 6.25], "texture": "#1"},
				"south": {"uv": [6.5, 9, 6.75, 9.25], "texture": "#1"},
				"west": {"uv": [9, 6.5, 9.25, 6.75], "texture": "#1"},
				"up": {"uv": [7.25, 9.25, 7, 9], "texture": "#1"},
				"down": {"uv": [9.25, 7, 9, 7.25], "texture": "#1"}
			}
		}
	],
	"display": {
		"thirdperson_righthand": {
			"rotation": [0, -180, 0],
			"translation": [-1, 0.25, -15.25]
		},
		"thirdperson_lefthand": {
			"rotation": [0, -180, 0],
			"translation": [1.5, 0, -13.75]
		},
		"firstperson_righthand": {
			"rotation": [0, -180, 0],
			"translation": [0, 3.5, -10]
		},
		"firstperson_lefthand": {
			"rotation": [0, -180, 0],
			"translation": [0, 3.5, -10]
		},
		"ground": {
			"translation": [0, 0, 12.75]
		},
		"gui": {
			"rotation": [23, -27, 15],
			"translation": [-4.75, -2, 0]
		},
		"head": {
			"scale": ["", "", ""]
		}
	},
	"groups": [
		{
			"name": "group",
			"origin": [-2, -3, -6],
			"color": 0,
			"children": [
				0,
				1,
				2,
				3,
				4,
				5,
				6,
				7,
				8,
				9,
				10,
				11,
				12,
				13,
				14,
				15,
				16,
				17,
				18,
				19,
				20,
				21,
				22,
				23,
				24,
				25,
				26,
				27,
				28,
				29,
				30,
				31,
				32,
				33,
				34,
				35,
				36,
				37,
				38,
				39,
				40,
				41,
				42,
				43,
				44,
				45,
				46,
				47,
				48,
				49,
				50,
				51,
				52,
				53,
				54,
				55,
				56,
				57,
				58,
				59,
				60,
				61,
				62,
				63,
				64
			]
		}
	]
}