{
  "ice_queen.idle": {
    "sounds": [
      "custom/ice_queen_idle"
    ]
 },
   "ice_queen.start": {
    "sounds": [
      "custom/ice_queen_start"
    ]
 },
   "ice_queen.middle": {
    "sounds": [
      "custom/ice_queen_middle"
    ]
 },
   "ice_queen.end_transition": {
    "sounds": [
      "custom/ice_queen_end_transition"
    ]
 },
   "ice_queen.end_loop": {
    "sounds": [
      "custom/ice_queen_end_loop"
    ]
 },
   "the_cave_sanctum.idle": {
    "sounds": [
      "custom/the_cave_sanctum_lobby"
    ]
 },
   "the_cave_sanctum.phase1": {
    "sounds": [
      "custom/the_cave_sanctum_phase_1"
    ]
 },
   "the_cave_sanctum.phase2": {
    "sounds": [
      "custom/the_cave_sanctum_phase_2"
    ]
 },
   "craftenmines_sanctum.battle": {
    "sounds": [
      "custom/dr_craftemine_battle"
    ]
 },
   "craftenmines_sanctum.opening": {
    "sounds": [
      "custom/dr_craftenmine_op"
    ]
 }
}