{
	"credit": "Made with Blockbench",
	"texture_size": [64, 64],
	"textures": {
		"0": "item/custom_item/world_enchanter",
		"particle": "item/custom_item/world_enchanter"
	},
	"elements": [
		{
			"from": [7.01429, 5.45714, 2.5],
			"to": [9.01429, 6.45714, 13.5],
			"rotation": {"angle": 0, "axis": "y", "origin": [15.01429, 13.45714, 11.5]},
			"faces": {
				"north": {"uv": [3.5, 2.75, 4, 3], "texture": "#0"},
				"east": {"uv": [5.75, 2.5, 8.5, 2.75], "texture": "#0"},
				"south": {"uv": [3.5, 3, 4, 3.25], "texture": "#0"},
				"west": {"uv": [5.75, 2.75, 8.5, 3], "texture": "#0"},
				"up": {"uv": [5.75, 5.25, 5.25, 2.5], "texture": "#0"},
				"down": {"uv": [0.5, 5.5, 0, 8.25], "texture": "#0"}
			}
		},
		{
			"from": [8.96429, 6.40714, 2.5],
			"to": [9.96429, 13.40714, 13.5],
			"rotation": {"angle": 0, "axis": "z", "origin": [8.96429, 9.60714, 8]},
			"faces": {
				"north": {"uv": [1.75, 0, 3.5, 0.25], "rotation": 90, "texture": "#0"},
				"east": {"uv": [3.5, 1.75, 1.75, 4.5], "rotation": 270, "texture": "#0"},
				"south": {"uv": [1.75, 0.25, 3.5, 0.5], "rotation": 270, "texture": "#0"},
				"west": {"uv": [1.75, 2.75, 0, 0], "rotation": 270, "texture": "#0"},
				"up": {"uv": [5.75, 3, 8.5, 3.25], "rotation": 270, "texture": "#0"},
				"down": {"uv": [5.75, 3.25, 8.5, 3.5], "rotation": 270, "texture": "#0"}
			}
		},
		{
			"from": [6.01429, 6.40714, 2.5],
			"to": [7.01429, 13.40714, 13.5],
			"rotation": {"angle": 0, "axis": "z", "origin": [7.01429, 9.40714, 8]},
			"faces": {
				"north": {"uv": [1.75, 0.5, 3.5, 0.75], "rotation": 270, "texture": "#0"},
				"east": {"uv": [1.75, 5.5, 0, 2.75], "rotation": 90, "texture": "#0"},
				"south": {"uv": [1.75, 0.75, 3.5, 1], "rotation": 90, "texture": "#0"},
				"west": {"uv": [5.25, 3.5, 3.5, 6.25], "rotation": 90, "texture": "#0"},
				"up": {"uv": [5.75, 3.75, 8.5, 4], "rotation": 90, "texture": "#0"},
				"down": {"uv": [5.75, 3.5, 8.5, 3.75], "rotation": 90, "texture": "#0"}
			}
		},
		{
			"from": [7.96429, 6.40714, 3],
			"to": [8.96429, 12.40714, 13],
			"rotation": {"angle": 0, "axis": "z", "origin": [8.96429, 9.60714, 8]},
			"faces": {
				"north": {"uv": [1.75, 1.5, 3.25, 1.75], "rotation": 90, "texture": "#0"},
				"east": {"uv": [6.75, 0, 5.25, 2.5], "rotation": 270, "texture": "#0"},
				"south": {"uv": [3.5, 2.5, 5, 2.75], "rotation": 270, "texture": "#0"},
				"west": {"uv": [6.75, 7.75, 5.25, 5.25], "rotation": 270, "texture": "#0"},
				"up": {"uv": [5.75, 4.5, 8.25, 4.75], "rotation": 270, "texture": "#0"},
				"down": {"uv": [5.75, 4.75, 8.25, 5], "rotation": 270, "texture": "#0"}
			}
		},
		{
			"from": [7.01429, 6.40714, 3],
			"to": [8.01429, 12.40714, 13],
			"rotation": {"angle": 0, "axis": "z", "origin": [7.01429, 10.40714, 8]},
			"faces": {
				"north": {"uv": [1.75, 1, 3.5, 1.25], "rotation": 270, "texture": "#0"},
				"east": {"uv": [5.25, 2.5, 3.5, 0], "rotation": 90, "texture": "#0"},
				"south": {"uv": [1.75, 1.25, 3.5, 1.5], "rotation": 90, "texture": "#0"},
				"west": {"uv": [3.5, 4.5, 1.75, 7], "rotation": 90, "texture": "#0"},
				"up": {"uv": [5.75, 4.25, 8.25, 4.5], "rotation": 90, "texture": "#0"},
				"down": {"uv": [5.75, 4, 8.25, 4.25], "rotation": 90, "texture": "#0"}
			}
		},
		{
			"from": [7.01429, 5.20714, 2.5],
			"to": [9.01429, 6.20714, 3.5],
			"rotation": {"angle": 0, "axis": "y", "origin": [8.01429, 13.45714, 8]},
			"faces": {
				"north": {"uv": [3.5, 3.25, 4, 3.5], "texture": "#0"},
				"east": {"uv": [3.25, 1.5, 3.5, 1.75], "texture": "#0"},
				"south": {"uv": [4, 2.75, 4.5, 3], "texture": "#0"},
				"west": {"uv": [5, 2.5, 5.25, 2.75], "texture": "#0"},
				"up": {"uv": [4.5, 3.25, 4, 3], "texture": "#0"},
				"down": {"uv": [4.5, 3.25, 4, 3.5], "texture": "#0"}
			}
		},
		{
			"from": [7.01429, 5.20714, 12.5],
			"to": [9.01429, 6.20714, 13.5],
			"rotation": {"angle": 0, "axis": "y", "origin": [8.01429, 13.45714, 8]},
			"faces": {
				"north": {"uv": [4.5, 2.75, 5, 3], "texture": "#0"},
				"east": {"uv": [5, 2.75, 5.25, 3], "texture": "#0"},
				"south": {"uv": [4.5, 3, 5, 3.25], "texture": "#0"},
				"west": {"uv": [5, 3, 5.25, 3.25], "texture": "#0"},
				"up": {"uv": [5, 3.5, 4.5, 3.25], "texture": "#0"},
				"down": {"uv": [1, 5.5, 0.5, 5.75], "texture": "#0"}
			}
		}
	],
	"display": {
		"thirdperson_righthand": {
			"rotation": [50, 25, 15],
			"translation": [-1.75, 1, -0.5],
			"scale": [0.75, 0.75, 0.75]
		},
		"thirdperson_lefthand": {
			"rotation": [50, 25, 15],
			"translation": [-1.75, 1, -0.5],
			"scale": [0.75, 0.75, 0.75]
		},
		"firstperson_righthand": {
			"rotation": [65, 0, 8],
			"translation": [-1, 4, -5]
		},
		"firstperson_lefthand": {
			"rotation": [65, 0, 8],
			"translation": [-1, 4, -5]
		},
		"ground": {
			"rotation": [0, 0, 90],
			"translation": [1.5, 0, 0]
		},
		"gui": {
			"rotation": [45, -25, 0],
			"translation": [0, -1, 0]
		},
		"fixed": {
			"rotation": [-90, 0, 90],
			"translation": [1.25, 0, 0]
		}
	}
}