{
	"credit": "Made with Blockbench",
	"texture_size": [64, 64],
	"textures": {
		"0": "item/custom_item/world_enchanter",
		"particle": "item/custom_item/world_enchanter"
	},
	"elements": [
		{
			"from": [7, 1.8, 2.49],
			"to": [9, 2.8, 13.51],
			"rotation": {"angle": 0, "axis": "y", "origin": [15, 9.8, 11.5]},
			"faces": {
				"north": {"uv": [3.5, 2.75, 4, 3], "texture": "#0"},
				"east": {"uv": [5.75, 2.5, 8.5, 2.75], "texture": "#0"},
				"south": {"uv": [3.5, 3, 4, 3.25], "texture": "#0"},
				"west": {"uv": [5.75, 2.75, 8.5, 3], "texture": "#0"},
				"up": {"uv": [5.75, 5.25, 5.25, 2.5], "texture": "#0"},
				"down": {"uv": [0.5, 5.5, 0, 8.25], "texture": "#0"}
			}
		},
		{
			"from": [8.65, 1.9, 2.5],
			"to": [15.65, 2.9, 13.5],
			"rotation": {"angle": 45, "axis": "z", "origin": [8.65, 2.4, 8.5]},
			"faces": {
				"north": {"uv": [1.75, 0, 3.5, 0.25], "texture": "#0"},
				"east": {"uv": [5.75, 3, 8.5, 3.25], "texture": "#0"},
				"south": {"uv": [1.75, 0.25, 3.5, 0.5], "texture": "#0"},
				"west": {"uv": [5.75, 3.25, 8.5, 3.5], "texture": "#0"},
				"up": {"uv": [1.75, 2.75, 0, 0], "texture": "#0"},
				"down": {"uv": [3.5, 1.75, 1.75, 4.5], "texture": "#0"}
			}
		},
		{
			"from": [0.4, 1.9, 2.5],
			"to": [7.4, 2.9, 13.5],
			"rotation": {"angle": -45, "axis": "z", "origin": [7.4, 2.4, 8.5]},
			"faces": {
				"north": {"uv": [1.75, 0.5, 3.5, 0.75], "texture": "#0"},
				"east": {"uv": [5.75, 3.5, 8.5, 3.75], "texture": "#0"},
				"south": {"uv": [1.75, 0.75, 3.5, 1], "texture": "#0"},
				"west": {"uv": [5.75, 3.75, 8.5, 4], "texture": "#0"},
				"up": {"uv": [1.75, 5.5, 0, 2.75], "texture": "#0"},
				"down": {"uv": [5.25, 3.5, 3.5, 6.25], "texture": "#0"}
			}
		},
		{
			"from": [8.8, 2, 3],
			"to": [14.8, 3, 13],
			"rotation": {"angle": 45, "axis": "z", "origin": [7.5, 2.5, 8]},
			"faces": {
				"north": {"uv": [1.75, 1.5, 3.25, 1.75], "texture": "#0"},
				"east": {"uv": [5.75, 4.5, 8.25, 4.75], "texture": "#0"},
				"south": {"uv": [3.5, 2.5, 5, 2.75], "texture": "#0"},
				"west": {"uv": [5.75, 4.75, 8.25, 5], "texture": "#0"},
				"up": {"uv": [6.75, 7.75, 5.25, 5.25], "texture": "#0"},
				"down": {"uv": [6.75, 0, 5.25, 2.5], "texture": "#0"}
			}
		},
		{
			"from": [1.7, 3.1, 3],
			"to": [8.7, 4.1, 13],
			"rotation": {"angle": -45, "axis": "z", "origin": [7.5, 3.5, 8]},
			"faces": {
				"north": {"uv": [1.75, 1, 3.5, 1.25], "texture": "#0"},
				"east": {"uv": [5.75, 4, 8.25, 4.25], "texture": "#0"},
				"south": {"uv": [1.75, 1.25, 3.5, 1.5], "texture": "#0"},
				"west": {"uv": [5.75, 4.25, 8.25, 4.5], "texture": "#0"},
				"up": {"uv": [5.25, 2.5, 3.5, 0], "texture": "#0"},
				"down": {"uv": [3.5, 4.5, 1.75, 7], "texture": "#0"}
			}
		}
	],
	"display": {
		"thirdperson_righthand": {
			"rotation": [50, 0, 0],
			"translation": [0, 3.5, 0.5],
			"scale": [0.75, 0.75, 0.75]
		},
		"thirdperson_lefthand": {
			"rotation": [50, 0, 0],
			"translation": [0, 3.5, 0.5],
			"scale": [0.75, 0.75, 0.75]
		},
		"firstperson_righthand": {
			"rotation": [65, 0, 8],
			"translation": [11, 5.25, -0.25]
		},
		"firstperson_lefthand": {
			"rotation": [65, 0, 8],
			"translation": [11, 5.25, -0.25]
		},
		"gui": {
			"rotation": [45, -25, 0],
			"translation": [0, 2, 0]
		}
	}
}