{
	"credit": "Made with Blockbench",
	"textures": {
		"0": "block/3dmodel/lee1",
		"1": "block/3dmodel/lee3",
		"4": "block/3dmodel/metal_weapon3",
		"6": "block/3dmodel/Decorative_weapon"
	},
	"elements": [
		{
			"name": "Back",
			"from": [6.98958, 3.2, -9.1],
			"to": [9.00958, 7.6, -7.58],
			"rotation": {"angle": 0, "axis": "y", "origin": [8, 10, 8]},
			"faces": {
				"north": {"uv": [0, 0, 6.8, 4.6], "rotation": 90, "texture": "#0"},
				"east": {"uv": [0, 2.5, 6.8, 9.1], "texture": "#0"},
				"south": {"uv": [0, 0, 2, 2.2], "texture": "#0"},
				"west": {"uv": [0, 2.5, 6.8, 9.1], "texture": "#0"},
				"up": {"uv": [0, 0, 8.55, 3.6], "rotation": 90, "texture": "#0"},
				"down": {"uv": [0, 0, 2, 2.5], "texture": "#0"}
			}
		},
		{
			"name": "Back",
			"from": [7.124, 6.61, -8.3],
			"to": [8.924, 7.61, 0.7],
			"rotation": {"angle": -22.5, "axis": "x", "origin": [8, 9, 3]},
			"faces": {
				"north": {"uv": [0, 0, 6.8, 4.6], "rotation": 90, "texture": "#0"},
				"east": {"uv": [1, 12, 15.8, 15.6], "texture": "#0"},
				"south": {"uv": [0, 0, 8.55, 3.6], "rotation": 90, "texture": "#0"},
				"west": {"uv": [3, 7, 12.8, 10.1], "texture": "#0"},
				"up": {"uv": [0, 0, 15.8, 4.6], "rotation": 90, "texture": "#0"},
				"down": {"uv": [0, 0, 2, 2.8], "texture": "#0"}
			}
		},
		{
			"name": "Back",
			"from": [7.00968, 8.61, -8.3],
			"to": [8.98968, 9.61, -2.3],
			"rotation": {"angle": -22.5, "axis": "x", "origin": [8, 9, 3]},
			"faces": {
				"north": {"uv": [0, 0, 6.8, 4.6], "rotation": 90, "texture": "#0"},
				"east": {"uv": [1, 12, 15.8, 15.6], "texture": "#0"},
				"south": {"uv": [0, 0, 8.55, 3.6], "rotation": 90, "texture": "#0"},
				"west": {"uv": [6, 12.5, 15.8, 15.6], "texture": "#0"},
				"up": {"uv": [0, 0, 15.8, 4.6], "rotation": 90, "texture": "#0"},
				"down": {"uv": [0, 0, 2, 2.8], "texture": "#0"}
			}
		},
		{
			"name": "Back",
			"from": [7.00968, 9.61, -8.3],
			"to": [8.98968, 10.61, -4.3],
			"rotation": {"angle": -22.5, "axis": "x", "origin": [8, 9, 3]},
			"faces": {
				"north": {"uv": [0, 0, 6.8, 4.6], "rotation": 90, "texture": "#0"},
				"east": {"uv": [1, 12, 15.8, 15.6], "texture": "#0"},
				"south": {"uv": [0, 0, 8.55, 3.6], "rotation": 90, "texture": "#0"},
				"west": {"uv": [6, 12.5, 15.8, 15.6], "texture": "#0"},
				"up": {"uv": [0, 0, 15.8, 4.6], "rotation": 90, "texture": "#0"},
				"down": {"uv": [0, 0, 2, 2.8], "texture": "#0"}
			}
		},
		{
			"name": "Back",
			"from": [7.00968, 7.61, -8.3],
			"to": [8.98968, 8.61, -0.3],
			"rotation": {"angle": -22.5, "axis": "x", "origin": [8, 9, 3]},
			"faces": {
				"north": {"uv": [0, 0, 6.8, 4.6], "rotation": 90, "texture": "#0"},
				"east": {"uv": [1, 6, 15.8, 9.6], "texture": "#0"},
				"south": {"uv": [0, 0, 8.55, 3.6], "rotation": 90, "texture": "#0"},
				"west": {"uv": [1, 8.5, 10.8, 11.6], "texture": "#0"},
				"up": {"uv": [0, 0, 15.8, 4.6], "rotation": 90, "texture": "#0"},
				"down": {"uv": [0, 0, 2, 2.8], "texture": "#0"}
			}
		},
		{
			"name": "Back",
			"from": [7.123, 5.61, -8.3],
			"to": [8.923, 6.61, 1.7],
			"rotation": {"angle": -22.5, "axis": "x", "origin": [8, 9, 3]},
			"faces": {
				"north": {"uv": [0, 0, 6.8, 4.6], "rotation": 90, "texture": "#0"},
				"east": {"uv": [1.2, 5.5, 16, 9.1], "texture": "#0"},
				"south": {"uv": [0, 0, 8.55, 3.6], "rotation": 90, "texture": "#0"},
				"west": {"uv": [3.5, 7.5, 13.3, 10.6], "texture": "#0"},
				"up": {"uv": [0, 0, 15.8, 4.6], "rotation": 90, "texture": "#0"},
				"down": {"uv": [0, 0, 12.5, 13.8], "texture": "#0"}
			}
		},
		{
			"name": "Frame",
			"from": [7.001, 6.3, 4.1],
			"to": [9.001, 7.9, 13.1],
			"faces": {
				"north": {"uv": [0, 0, 8.55, 3.6], "rotation": 90, "texture": "#0"},
				"east": {"uv": [0, 0, 15.8, 4.1], "texture": "#0"},
				"south": {"uv": [0, 3.5, 15.8, 7.6], "texture": "#0"},
				"west": {"uv": [0, 0, 15.8, 4.1], "texture": "#0"},
				"up": {"uv": [0, 0, 15.8, 3.6], "rotation": 90, "texture": "#0"},
				"down": {"uv": [0, 5, 16, 13.1], "rotation": 90, "texture": "#0"}
			}
		},
		{
			"name": "Barrel",
			"from": [7.2, 6.9, 11.5],
			"to": [8.8, 7.5, 22.4],
			"rotation": {"angle": 0, "axis": "y", "origin": [8, 8, 6]},
			"faces": {
				"north": {"uv": [0, 0, 0.6, 0.6], "texture": "#0"},
				"east": {"uv": [0, 5.75, 15.8, 8.35], "texture": "#0"},
				"south": {"uv": [0, 9, 10.3, 12.1], "texture": "#0"},
				"west": {"uv": [0, 4.5, 15.8, 7.1], "texture": "#0"},
				"up": {"uv": [0, 0, 0.6, 12], "texture": "#0"},
				"down": {"uv": [0, 0, 15.8, 3.6], "rotation": 90, "texture": "#0"}
			}
		},
		{
			"name": "Barrel",
			"from": [7.2, 7.5, 12.9],
			"to": [8.8, 8.3, 22.4],
			"faces": {
				"north": {"uv": [0, 0, 0.8, 0.8], "texture": "#0"},
				"east": {"uv": [0, 8.75, 15.8, 11.85], "texture": "#0"},
				"south": {"uv": [0, 9, 10.3, 12.1], "texture": "#0"},
				"west": {"uv": [0, 2, 15.8, 5.85], "texture": "#0"},
				"up": {"uv": [0, 0, 15.8, 7.35], "rotation": 90, "texture": "#0"},
				"down": {"uv": [0, 0, 0.8, 13.1], "texture": "#0"}
			}
		},
		{
			"name": "Trigger",
			"from": [7.4, 4.9, 5.6],
			"to": [8.6, 5.1, 7.45],
			"rotation": {"angle": 0, "axis": "y", "origin": [8, 8, 9]},
			"faces": {
				"north": {"uv": [0, 0, 7.15, 1.05], "texture": "#4"},
				"east": {"uv": [0, 0, 7.15, 1.05], "texture": "#4"},
				"south": {"uv": [0, 0, 7.15, 1.05], "texture": "#4"},
				"west": {"uv": [0, 0, 7.15, 1.05], "texture": "#4"},
				"up": {"uv": [0, 0, 6.9, 3.05], "rotation": 90, "texture": "#4"},
				"down": {"uv": [0, 0, 6.9, 3.05], "rotation": 90, "texture": "#4"}
			}
		},
		{
			"name": "Trigger",
			"from": [7.59894, 5.48, 6.19196],
			"to": [8.39894, 6.68, 6.39196],
			"rotation": {"angle": 0, "axis": "y", "origin": [8, 8, 9]},
			"faces": {
				"north": {"uv": [0, 8.25, 1.5, 10], "rotation": 90, "texture": "#4"},
				"east": {"uv": [0, 8.25, 1.25, 9.5], "rotation": 90, "texture": "#4"},
				"south": {"uv": [7.75, 7.75, 9.25, 9.5], "rotation": 90, "texture": "#4"},
				"west": {"uv": [0, 8.25, 1.25, 9.5], "rotation": 90, "texture": "#4"},
				"up": {"uv": [0, 0, 2, 3.5], "texture": "#4"},
				"down": {"uv": [0, 8.25, 1.25, 9.5], "texture": "#4"}
			}
		},
		{
			"name": "Barrel",
			"from": [7.6, 6.9, 22],
			"to": [8.4, 7.7, 26.01],
			"rotation": {"angle": 0, "axis": "y", "origin": [8, 7, 5]},
			"faces": {
				"north": {"uv": [0, 0, 0.8, 0.8], "texture": "#missing"},
				"east": {"uv": [0, 0, 4.4, 2.55], "texture": "#4"},
				"south": {"uv": [5.5, 2.75, 8.25, 5.5], "texture": "#6"},
				"west": {"uv": [0, 0, 4.4, 2.55], "texture": "#4"},
				"up": {"uv": [0, 0, 4.4, 2.55], "rotation": 90, "texture": "#4"},
				"down": {"uv": [0, 0, 4.4, 2.55], "rotation": 90, "texture": "#4"}
			}
		},
		{
			"name": "Barrel",
			"from": [7.6, 6.9, 26],
			"to": [8.4, 7.7, 31.6],
			"rotation": {"angle": 0, "axis": "y", "origin": [8, 7, 9]},
			"faces": {
				"north": {"uv": [0, 0, 0.8, 0.8], "texture": "#missing"},
				"east": {"uv": [0, 0, 4.4, 2.55], "texture": "#4"},
				"south": {"uv": [5.5, 2.75, 8.25, 5.5], "texture": "#6"},
				"west": {"uv": [0, 0, 4.4, 2.55], "texture": "#4"},
				"up": {"uv": [0, 0, 4.4, 2.55], "rotation": 90, "texture": "#4"},
				"down": {"uv": [0, 0, 4.4, 2.55], "rotation": 90, "texture": "#4"}
			}
		},
		{
			"name": "Trigger",
			"from": [7.4, 5.19, 7.56],
			"to": [8.6, 7.69, 7.76],
			"rotation": {"angle": 0, "axis": "y", "origin": [8, 8, 9]},
			"faces": {
				"north": {"uv": [0, 0, 6.9, 3.05], "rotation": 90, "texture": "#4"},
				"east": {"uv": [0, 0, 7.15, 1.05], "rotation": 90, "texture": "#4"},
				"south": {"uv": [0, 0, 6.9, 3.05], "rotation": 90, "texture": "#4"},
				"west": {"uv": [0, 0, 6.9, 0.8], "rotation": 90, "texture": "#4"},
				"up": {"uv": [0, 0, 2, 3.5], "texture": "#missing"},
				"down": {"uv": [0, 0, 7.15, 1.05], "texture": "#4"}
			}
		},
		{
			"name": "Barrel",
			"from": [7.7, 8, 21.7],
			"to": [8.3, 8.6, 23.71],
			"rotation": {"angle": 0, "axis": "y", "origin": [8, 8, 5]},
			"faces": {
				"north": {"uv": [0, 0, 1, 1.7], "texture": "#missing"},
				"east": {"uv": [0, 0, 4.4, 2.55], "texture": "#4"},
				"south": {"uv": [0, 0, 1.9, 2.55], "texture": "#4"},
				"west": {"uv": [0, 0, 4.4, 2.55], "texture": "#4"},
				"up": {"uv": [0, 0, 4.4, 2.55], "rotation": 90, "texture": "#4"},
				"down": {"uv": [0, 0, 4.4, 2.55], "rotation": 90, "texture": "#4"}
			}
		},
		{
			"name": "Barrel",
			"from": [7.7, 8, 23.7],
			"to": [8.3, 8.6, 26.1],
			"rotation": {"angle": 0, "axis": "y", "origin": [8, 8, 7]},
			"faces": {
				"north": {"uv": [0, 0, 1, 1.7], "texture": "#missing"},
				"east": {"uv": [0, 0, 4.4, 2.55], "texture": "#4"},
				"south": {"uv": [0, 0, 1.9, 2.55], "texture": "#4"},
				"west": {"uv": [0, 0, 4.4, 2.55], "texture": "#4"},
				"up": {"uv": [0, 0, 4.4, 2.55], "rotation": 90, "texture": "#4"},
				"down": {"uv": [0, 0, 4.4, 2.55], "rotation": 90, "texture": "#4"}
			}
		},
		{
			"name": "Barrel",
			"from": [7.701, -1, 24.4],
			"to": [8.301, 0.3, 25],
			"rotation": {"angle": -22.5, "axis": "x", "origin": [8, 7, 5]},
			"faces": {
				"north": {"uv": [0, 0, 0.6, 0.8], "rotation": 180, "texture": "#4"},
				"east": {"uv": [0, 0, 0.9, 1.3], "rotation": 270, "texture": "#4"},
				"south": {"uv": [0, 0, 0.9, 1.3], "texture": "#4"},
				"west": {"uv": [0, 0, 0.9, 1.3], "rotation": 90, "texture": "#4"},
				"up": {"uv": [0, 0, 0.9, 1.3], "rotation": 180, "texture": "#4"},
				"down": {"uv": [0, 0, 0.9, 1.3], "texture": "#4"}
			}
		},
		{
			"name": "Barrel",
			"from": [7.4, 6, 12.7],
			"to": [8.6, 6.6, 22.2],
			"rotation": {"angle": 0, "axis": "y", "origin": [8, 6, 0]},
			"faces": {
				"north": {"uv": [0, 0, 0.8, 0.8], "texture": "#0"},
				"east": {"uv": [0, 2, 15.8, 5.85], "texture": "#0"},
				"south": {"uv": [0, 9, 10.3, 12.1], "texture": "#0"},
				"west": {"uv": [0, 2, 15.8, 5.85], "texture": "#0"},
				"up": {"uv": [0, 0, 15.8, 3.6], "rotation": 90, "texture": "#0"},
				"down": {"uv": [0, 0, 10.8, 14.6], "texture": "#0"}
			}
		},
		{
			"name": "Barrel",
			"from": [7.4, 8.2, 16.5],
			"to": [8.6, 8.8, 17.5],
			"rotation": {"angle": 0, "axis": "y", "origin": [8, 8, 4]},
			"faces": {
				"north": {"uv": [0, 0, 0.8, 0.8], "texture": "#0"},
				"east": {"uv": [0, 2, 15.8, 5.85], "texture": "#0"},
				"south": {"uv": [0, 9, 10.3, 12.1], "texture": "#0"},
				"west": {"uv": [0, 2, 15.8, 5.85], "texture": "#0"},
				"up": {"uv": [0, 0, 15.8, 3.6], "rotation": 90, "texture": "#0"},
				"down": {"uv": [0, 0, 0.8, 13.1], "texture": "#0"}
			}
		},
		{
			"name": "Barrel",
			"from": [7.4, 8.2, 17.5],
			"to": [8.6, 8.8, 22.2],
			"rotation": {"angle": 0, "axis": "y", "origin": [8, 8, 5]},
			"faces": {
				"north": {"uv": [0, 0, 0.8, 0.8], "texture": "#0"},
				"east": {"uv": [0, 2, 15.8, 5.85], "texture": "#0"},
				"south": {"uv": [0, 9, 10.3, 12.1], "texture": "#0"},
				"west": {"uv": [0, 2, 15.8, 5.85], "texture": "#0"},
				"up": {"uv": [0, 0, 15.8, 3.6], "rotation": 90, "texture": "#0"},
				"down": {"uv": [0, 0, 0.8, 13.1], "texture": "#0"}
			}
		},
		{
			"name": "Barrel",
			"from": [6, 8.1, 12.5],
			"to": [7.7, 8.6, 13],
			"rotation": {"angle": 0, "axis": "y", "origin": [8, 8, 14]},
			"faces": {
				"north": {"uv": [0, 0, 4, 2], "texture": "#1"},
				"east": {"uv": [0, 7, 5, 8], "texture": "#1"},
				"south": {"uv": [0, 0, 4, 2], "texture": "#1"},
				"west": {"uv": [0, 7, 5, 8], "texture": "#1"},
				"up": {"uv": [0, 0, 4, 2], "texture": "#1"},
				"down": {"uv": [0, 0, 4, 2], "texture": "#1"}
			}
		},
		{
			"name": "Barrel",
			"from": [5.7, 8, 12.4],
			"to": [6.45, 8.7, 13.1],
			"rotation": {"angle": 0, "axis": "y", "origin": [8, 8, 14]},
			"faces": {
				"north": {"uv": [0, 8.25, 1, 10.25], "texture": "#1"},
				"east": {"uv": [0, 8.25, 1, 10.25], "texture": "#1"},
				"south": {"uv": [0, 8.25, 1, 10.25], "rotation": 180, "texture": "#1"},
				"west": {"uv": [0, 8.25, 1, 10.25], "texture": "#1"},
				"up": {"uv": [0, 8.25, 1, 10.25], "rotation": 180, "texture": "#1"},
				"down": {"uv": [0, 8.25, 1, 10.25], "texture": "#1"}
			}
		},
		{
			"name": "Back",
			"from": [6.998, 6.2, -9],
			"to": [8.998, 7.7, 0.4],
			"rotation": {"angle": 0, "axis": "x", "origin": [8, 7, 8]},
			"faces": {
				"north": {"uv": [0, 0, 6.8, 4.6], "rotation": 90, "texture": "#0"},
				"east": {"uv": [2.5, 12.5, 15.3, 15.6], "texture": "#0"},
				"south": {"uv": [0, 0, 2, 1.3], "texture": "#0"},
				"west": {"uv": [5, 13, 15.8, 15.6], "texture": "#0"},
				"up": {"uv": [0, 0, 8.55, 3.6], "rotation": 90, "texture": "#0"},
				"down": {"uv": [0, 0, 15.8, 4.6], "rotation": 90, "texture": "#0"}
			}
		},
		{
			"name": "Hammer",
			"from": [7.55, 7.1, 8.6],
			"to": [8.45, 8, 13.4],
			"faces": {
				"north": {"uv": [0, 0, 1.25, 1.25], "texture": "#4"},
				"east": {"uv": [0, 0, 5.65, 1.05], "rotation": 90, "texture": "#4"},
				"south": {"uv": [0, 0, 1.25, 1.25], "texture": "#4"},
				"west": {"uv": [0, 0, 6.4, 1.8], "texture": "#4"},
				"up": {"uv": [0, 0, 5.65, 1.05], "rotation": 90, "texture": "#4"},
				"down": {"uv": [0, 0, 6.4, 1.8], "texture": "#4"}
			}
		},
		{
			"name": "Back",
			"from": [7.121, 1.53, -9],
			"to": [8.921, 5.57, -6.15],
			"rotation": {"angle": 0, "axis": "y", "origin": [8, 10, 11]},
			"faces": {
				"north": {"uv": [0, 0, 6.8, 4.6], "rotation": 90, "texture": "#0"},
				"east": {"uv": [0, 2.5, 10.8, 11.6], "texture": "#0"},
				"south": {"uv": [0, 0, 2, 3.1], "texture": "#0"},
				"west": {"uv": [0, 2.5, 10.8, 11.6], "texture": "#0"},
				"up": {"uv": [0, 0, 15.8, 4.6], "rotation": 90, "texture": "#0"},
				"down": {"uv": [0, 0, 2, 3.9], "texture": "#0"}
			}
		},
		{
			"name": "Frame",
			"from": [7.101, 6.4, 12.2],
			"to": [8.901, 7.8, 16.2],
			"faces": {
				"north": {"uv": [0, 0, 2, 1.8], "texture": "#0"},
				"east": {"uv": [0, 0, 15.8, 4.1], "texture": "#0"},
				"south": {"uv": [0, 3.5, 15.8, 7.6], "texture": "#0"},
				"west": {"uv": [0, 0, 15.8, 4.1], "texture": "#0"},
				"up": {"uv": [0, 0, 15.8, 3.6], "rotation": 90, "texture": "#0"},
				"down": {"uv": [0, 5, 15.8, 9.1], "rotation": 90, "texture": "#0"}
			}
		},
		{
			"name": "Frame",
			"from": [7.101, 6.4, 16.2],
			"to": [8.901, 7.8, 22.4],
			"rotation": {"angle": 0, "axis": "y", "origin": [8, 8, 12]},
			"faces": {
				"north": {"uv": [0, 0, 2, 1.8], "texture": "#0"},
				"east": {"uv": [0, 0, 15.8, 4.1], "texture": "#0"},
				"south": {"uv": [0, 3.5, 15.8, 7.6], "texture": "#0"},
				"west": {"uv": [0, 0, 15.8, 4.1], "texture": "#0"},
				"up": {"uv": [0, 0, 15.8, 3.6], "rotation": 90, "texture": "#0"},
				"down": {"uv": [0, 5, 15.8, 9.1], "rotation": 90, "texture": "#0"}
			}
		},
		{
			"name": "Trigger",
			"from": [7.40401, 7.72, 7.3],
			"to": [8.60401, 7.92, 7.72],
			"rotation": {"angle": -45, "axis": "x", "origin": [8.00401, 6.50211, 10.79388]},
			"faces": {
				"north": {"uv": [0, 0, 7.15, 1.05], "texture": "#4"},
				"east": {"uv": [0, 0, 7.15, 1.05], "texture": "#4"},
				"south": {"uv": [0, 0, 7.15, 1.05], "texture": "#4"},
				"west": {"uv": [0, 0, 7.15, 1.05], "texture": "#4"},
				"up": {"uv": [0, 0, 6.9, 3.05], "rotation": 90, "texture": "#4"},
				"down": {"uv": [0, 0, 6.9, 3.05], "rotation": 90, "texture": "#4"}
			}
		},
		{
			"name": "Trigger",
			"from": [7.40401, 5.9, 5.54],
			"to": [8.60401, 6.3, 5.74],
			"rotation": {"angle": -45, "axis": "x", "origin": [8.00401, 5.50211, 6.79388]},
			"faces": {
				"north": {"uv": [0, 0, 6.9, 3.05], "rotation": 270, "texture": "#4"},
				"east": {"uv": [0, 0, 7.15, 1.05], "rotation": 90, "texture": "#4"},
				"south": {"uv": [0, 0, 6.9, 3.05], "rotation": 90, "texture": "#4"},
				"west": {"uv": [0, 0, 7.15, 1.05], "rotation": 270, "texture": "#4"},
				"up": {"uv": [0, 0, 7.15, 1.05], "texture": "#4"},
				"down": {"uv": [0, 0, 7.15, 1.05], "rotation": 180, "texture": "#4"}
			}
		},
		{
			"name": "Trigger",
			"from": [7.6, 7.45, 9.645],
			"to": [8.4001, 7.85, 9.845],
			"rotation": {"angle": -45, "axis": "x", "origin": [8.00401, 2.50211, 10.79388]},
			"faces": {
				"north": {"uv": [0, 0, 6.9, 3.05], "rotation": 270, "texture": "#4"},
				"east": {"uv": [0, 0, 7.15, 1.05], "rotation": 90, "texture": "#4"},
				"south": {"uv": [0, 0, 6.9, 3.05], "rotation": 90, "texture": "#4"},
				"west": {"uv": [0, 0, 7.15, 1.05], "rotation": 270, "texture": "#4"},
				"up": {"uv": [0, 0, 7.15, 1.05], "texture": "#4"},
				"down": {"uv": [0, 0, 7.15, 1.05], "rotation": 180, "texture": "#4"}
			}
		},
		{
			"name": "Trigger",
			"from": [7.4, 5.18, 5.34],
			"to": [8.6, 7.68, 5.54],
			"rotation": {"angle": 0, "axis": "y", "origin": [8, 8, 9]},
			"faces": {
				"north": {"uv": [0, 0, 6.9, 3.05], "rotation": 90, "texture": "#4"},
				"east": {"uv": [0, 0, 7.15, 1.05], "rotation": 90, "texture": "#4"},
				"south": {"uv": [0, 0, 6.9, 3.05], "rotation": 90, "texture": "#4"},
				"west": {"uv": [0, 0, 6.9, 0.8], "rotation": 90, "texture": "#4"},
				"up": {"uv": [0, 0, 2, 3.5], "texture": "#missing"},
				"down": {"uv": [0, 0, 7.15, 1.05], "texture": "#4"}
			}
		},
		{
			"name": "Trigger",
			"from": [7.404, 6.4, 9.15],
			"to": [8.604, 6.6, 9.55],
			"rotation": {"angle": -45, "axis": "x", "origin": [8.00401, 4.50211, 8.79388]},
			"faces": {
				"north": {"uv": [0, 0, 7.15, 1.05], "texture": "#4"},
				"east": {"uv": [0, 0, 7.15, 1.05], "texture": "#4"},
				"south": {"uv": [0, 0, 7.15, 1.05], "texture": "#4"},
				"west": {"uv": [0, 0, 7.15, 1.05], "texture": "#4"},
				"up": {"uv": [0, 0, 6.9, 3.05], "rotation": 90, "texture": "#4"},
				"down": {"uv": [0, 0, 6.9, 3.05], "rotation": 90, "texture": "#4"}
			}
		},
		{
			"name": "Frame",
			"from": [7.301, 6.6, 15.4],
			"to": [8.701, 7.6, 20.2],
			"faces": {
				"north": {"uv": [0, 0, 2, 1.8], "texture": "#0"},
				"east": {"uv": [0, 3.5, 15.8, 7.6], "texture": "#0"},
				"south": {"uv": [0, 3.5, 15.8, 7.6], "texture": "#0"},
				"west": {"uv": [0, 3.5, 15.8, 7.6], "texture": "#0"},
				"up": {"uv": [0, 0, 15.8, 3.6], "rotation": 90, "texture": "#0"},
				"down": {"uv": [0, 5, 15.8, 9.1], "rotation": 90, "texture": "#0"}
			}
		},
		{
			"name": "Hammer",
			"from": [7.41, 7.41, 13],
			"to": [8.59, 8.69, 21],
			"faces": {
				"north": {"uv": [0, 0, 6.9, 3.05], "texture": "#4"},
				"east": {"uv": [0, 0, 6.9, 2.3], "texture": "#4"},
				"south": {"uv": [0, 0, 6.9, 3.05], "texture": "#4"},
				"west": {"uv": [0, 0, 6.9, 2.3], "texture": "#4"},
				"up": {"uv": [0, 0, 6.9, 2.3], "rotation": 90, "texture": "#4"},
				"down": {"uv": [0, 0, 2.2, 1.9], "texture": "#missing"}
			}
		},
		{
			"name": "Hammer",
			"from": [7.45, 7.41, 9],
			"to": [8.55, 8.61, 13],
			"faces": {
				"north": {"uv": [0, 0, 6.9, 3.05], "texture": "#1"},
				"east": {"uv": [0, 0, 6.9, 2.3], "texture": "#1"},
				"south": {"uv": [0, 0, 6.9, 3.05], "texture": "#1"},
				"west": {"uv": [0, 0, 6.9, 2.3], "texture": "#1"},
				"up": {"uv": [0, 0, 6.9, 2.3], "rotation": 90, "texture": "#1"},
				"down": {"uv": [0, 0, 2.2, 1.9], "texture": "#1"}
			}
		},
		{
			"name": "Hammer",
			"from": [7.8, 6.6, 22],
			"to": [8.2, 7.5, 30],
			"faces": {
				"north": {"uv": [0, 0, 6.9, 3.05], "texture": "#1"},
				"east": {"uv": [0, 0, 6.9, 2.3], "texture": "#1"},
				"south": {"uv": [0, 0, 6.9, 3.05], "texture": "#1"},
				"west": {"uv": [0, 0, 6.9, 2.3], "texture": "#1"},
				"up": {"uv": [0, 0, 6.9, 2.3], "rotation": 90, "texture": "#1"},
				"down": {"uv": [0, 0, 2.2, 1.9], "texture": "#1"}
			}
		},
		{
			"name": "Hammer",
			"from": [7.41, 7.41, 4.41],
			"to": [8.59, 8.69, 9.41],
			"rotation": {"angle": 0, "axis": "y", "origin": [8, 8, 0]},
			"faces": {
				"north": {"uv": [0, 0, 6.9, 3.05], "texture": "#4"},
				"east": {"uv": [4, 5.25, 10.9, 7.55], "texture": "#4"},
				"south": {"uv": [0, 0, 6.9, 3.05], "texture": "#4"},
				"west": {"uv": [0, 0, 6.9, 2.3], "texture": "#4"},
				"up": {"uv": [0, 0, 6.9, 2.3], "rotation": 90, "texture": "#4"},
				"down": {"uv": [0, 0, 2.2, 1.9], "texture": "#missing"}
			}
		},
		{
			"name": "Hammer",
			"from": [6.9, 1.4, -9.69],
			"to": [9.08, 7.9, -8.41],
			"rotation": {"angle": 0, "axis": "x", "origin": [8, -4, -9]},
			"faces": {
				"north": {"uv": [0, 0, 6.9, 2.3], "rotation": 270, "texture": "#4"},
				"east": {"uv": [0, 0, 6.9, 2.3], "rotation": 90, "texture": "#4"},
				"south": {"uv": [0, 0, 7.699, 10.4], "texture": "#4"},
				"west": {"uv": [0, 0, 6.9, 2.3], "rotation": 270, "texture": "#4"},
				"up": {"uv": [0, 0, 6.9, 3.05], "texture": "#4"},
				"down": {"uv": [0, 0, 6.9, 3.05], "rotation": 180, "texture": "#4"}
			}
		},
		{
			"name": "Hammer",
			"from": [7.31, 7.31, 15.31],
			"to": [8.69, 8.79, 16.51],
			"rotation": {"angle": 0, "axis": "y", "origin": [8, 8, 4]},
			"faces": {
				"north": {"uv": [0, 0, 6.9, 3.05], "texture": "#4"},
				"east": {"uv": [0, 0, 6.9, 2.3], "rotation": 90, "texture": "#4"},
				"south": {"uv": [0, 0, 6.9, 3.05], "texture": "#4"},
				"west": {"uv": [0, 0, 6.9, 2.3], "rotation": 90, "texture": "#4"},
				"up": {"uv": [0, 0, 6.9, 2.3], "texture": "#4"},
				"down": {"uv": [0, 0, 2.2, 1.9], "texture": "#missing"}
			}
		},
		{
			"name": "Hammer",
			"from": [7.55, 8.7, 14.41086],
			"to": [8.45, 8.9, 17.41086],
			"rotation": {"angle": 22.5, "axis": "x", "origin": [8.14, 8.49096, 15.91086]},
			"faces": {
				"north": {"uv": [0, 0, 6.9, 3.05], "texture": "#4"},
				"east": {"uv": [0, 0, 6.9, 2.3], "texture": "#4"},
				"south": {"uv": [0, 0, 6.9, 3.05], "texture": "#4"},
				"west": {"uv": [0, 0, 6.9, 2.3], "texture": "#4"},
				"up": {"uv": [0, 0, 6.9, 2.3], "rotation": 90, "texture": "#4"},
				"down": {"uv": [0, 0, 6.9, 2.3], "rotation": 90, "texture": "#4"}
			}
		},
		{
			"name": "Hammer",
			"from": [7.1, 7.8, 20.41086],
			"to": [8.9, 8, 21.41086],
			"rotation": {"angle": 0, "axis": "x", "origin": [8.14, 8.49096, 21.91086]},
			"faces": {
				"north": {"uv": [0, 0, 6.9, 3.05], "texture": "#4"},
				"east": {"uv": [0, 0, 6.9, 2.3], "texture": "#4"},
				"south": {"uv": [0, 0, 6.9, 3.05], "texture": "#4"},
				"west": {"uv": [0, 0, 6.9, 2.3], "texture": "#4"},
				"up": {"uv": [0, 0, 6.9, 2.3], "rotation": 90, "texture": "#4"},
				"down": {"uv": [0, 0, 6.9, 2.3], "rotation": 90, "texture": "#4"}
			}
		},
		{
			"name": "Hammer",
			"from": [7.1, 7.8, 19],
			"to": [8.9, 8, 20],
			"rotation": {"angle": 0, "axis": "x", "origin": [8.14, 8.49096, 19.91086]},
			"faces": {
				"north": {"uv": [0, 0, 6.9, 3.05], "texture": "#4"},
				"east": {"uv": [0, 0, 6.9, 2.3], "texture": "#4"},
				"south": {"uv": [0, 0, 6.9, 3.05], "texture": "#4"},
				"west": {"uv": [0, 0, 6.9, 2.3], "texture": "#4"},
				"up": {"uv": [0, 0, 6.9, 2.3], "rotation": 90, "texture": "#4"},
				"down": {"uv": [0, 0, 6.9, 2.3], "rotation": 90, "texture": "#4"}
			}
		},
		{
			"name": "Hammer",
			"from": [7.1, 7.8, 17.6],
			"to": [8.9, 8, 18.6],
			"rotation": {"angle": 0, "axis": "x", "origin": [8.14, 8.49096, 17.91086]},
			"faces": {
				"north": {"uv": [0, 0, 6.9, 3.05], "texture": "#4"},
				"east": {"uv": [0, 0, 6.9, 2.3], "texture": "#4"},
				"south": {"uv": [0, 0, 6.9, 3.05], "texture": "#4"},
				"west": {"uv": [0, 0, 6.9, 2.3], "texture": "#4"},
				"up": {"uv": [0, 0, 6.9, 2.3], "rotation": 90, "texture": "#4"},
				"down": {"uv": [0, 0, 6.9, 2.3], "rotation": 90, "texture": "#4"}
			}
		},
		{
			"name": "Hammer",
			"from": [7.55, 6.85, 30.2],
			"to": [8.45, 8.45, 30.8],
			"rotation": {"angle": 0, "axis": "x", "origin": [8.14, 8.49096, 30.91086]},
			"faces": {
				"north": {"uv": [0, 0, 6.9, 2.3], "rotation": 270, "texture": "#4"},
				"east": {"uv": [0, 0, 6.9, 2.3], "rotation": 270, "texture": "#4"},
				"south": {"uv": [0, 0, 6.9, 2.3], "rotation": 90, "texture": "#4"},
				"west": {"uv": [0, 0, 6.9, 2.3], "rotation": 90, "texture": "#4"},
				"up": {"uv": [0, 0, 6.9, 3.05], "rotation": 180, "texture": "#4"},
				"down": {"uv": [0, 0, 6.9, 3.05], "texture": "#4"}
			}
		},
		{
			"name": "Hammer",
			"from": [8.4, 8.66, 30.2],
			"to": [8.55, 8.99, 30.8],
			"rotation": {"angle": 0, "axis": "z", "origin": [8.14, 8.49096, 30.91086]},
			"faces": {
				"north": {"uv": [0, 0, 6.9, 2.3], "rotation": 270, "texture": "#4"},
				"east": {"uv": [0, 0, 6.9, 2.3], "rotation": 270, "texture": "#4"},
				"south": {"uv": [0, 0, 6.9, 2.3], "rotation": 90, "texture": "#4"},
				"west": {"uv": [0, 0, 6.9, 2.3], "rotation": 90, "texture": "#4"},
				"up": {"uv": [0, 0, 6.9, 3.05], "rotation": 180, "texture": "#4"},
				"down": {"uv": [0, 0, 6.9, 3.05], "texture": "#4"}
			}
		},
		{
			"name": "Hammer",
			"from": [7.45, 8.66, 30.2],
			"to": [7.6, 8.99, 30.8],
			"rotation": {"angle": 0, "axis": "z", "origin": [8.14, 8.49096, 30.91086]},
			"faces": {
				"north": {"uv": [0, 0, 6.9, 2.3], "rotation": 270, "texture": "#4"},
				"east": {"uv": [0, 0, 6.9, 2.3], "rotation": 270, "texture": "#4"},
				"south": {"uv": [0, 0, 6.9, 2.3], "rotation": 90, "texture": "#4"},
				"west": {"uv": [0, 0, 6.9, 2.3], "rotation": 90, "texture": "#4"},
				"up": {"uv": [0, 0, 6.9, 3.05], "rotation": 180, "texture": "#4"},
				"down": {"uv": [0, 0, 6.9, 3.05], "texture": "#4"}
			}
		},
		{
			"name": "Hammer",
			"from": [8.3, 8.4, 30.2],
			"to": [8.45, 8.8, 30.8],
			"rotation": {"angle": -22.5, "axis": "z", "origin": [8.14, 8.49096, 30.91086]},
			"faces": {
				"north": {"uv": [0, 0, 6.9, 2.3], "rotation": 270, "texture": "#4"},
				"east": {"uv": [0, 0, 6.9, 2.3], "rotation": 270, "texture": "#4"},
				"south": {"uv": [0, 0, 6.9, 2.3], "rotation": 90, "texture": "#4"},
				"west": {"uv": [0, 0, 6.9, 2.3], "rotation": 90, "texture": "#4"},
				"up": {"uv": [0, 0, 6.9, 3.05], "rotation": 180, "texture": "#4"},
				"down": {"uv": [0, 0, 6.9, 3.05], "texture": "#4"}
			}
		},
		{
			"name": "Hammer",
			"from": [7.69, 8.99, 30.2],
			"to": [8.069, 9.14, 30.8],
			"rotation": {"angle": -45, "axis": "z", "origin": [8.14, 8.49096, 30.91086]},
			"faces": {
				"north": {"uv": [0, 0, 6.9, 2.3], "rotation": 270, "texture": "#4"},
				"east": {"uv": [0, 0, 6.9, 2.3], "rotation": 270, "texture": "#4"},
				"south": {"uv": [0, 0, 6.9, 2.3], "rotation": 90, "texture": "#4"},
				"west": {"uv": [0, 0, 6.9, 2.3], "rotation": 90, "texture": "#4"},
				"up": {"uv": [0, 0, 6.9, 3.05], "rotation": 180, "texture": "#4"},
				"down": {"uv": [0, 0, 6.9, 3.05], "texture": "#4"}
			}
		},
		{
			"name": "Hammer",
			"from": [8, 9.18, 30.2],
			"to": [8.4, 9.33, 30.8],
			"rotation": {"angle": 45, "axis": "z", "origin": [8.14, 8.49096, 30.91086]},
			"faces": {
				"north": {"uv": [0, 0, 6.9, 2.3], "rotation": 270, "texture": "#4"},
				"east": {"uv": [0, 0, 6.9, 2.3], "rotation": 270, "texture": "#4"},
				"south": {"uv": [0, 0, 6.9, 2.3], "rotation": 90, "texture": "#4"},
				"west": {"uv": [0, 0, 6.9, 2.3], "rotation": 90, "texture": "#4"},
				"up": {"uv": [0, 0, 6.9, 3.05], "rotation": 180, "texture": "#4"},
				"down": {"uv": [0, 0, 6.9, 3.05], "texture": "#4"}
			}
		},
		{
			"name": "Hammer",
			"from": [7.73, 9.12, 30.2],
			"to": [8.28, 9.27, 30.8],
			"rotation": {"angle": 0, "axis": "z", "origin": [8.14, 8.49096, 30.91086]},
			"faces": {
				"north": {"uv": [0, 0, 6.9, 2.3], "rotation": 270, "texture": "#4"},
				"east": {"uv": [0, 0, 6.9, 2.3], "rotation": 270, "texture": "#4"},
				"south": {"uv": [0, 0, 6.9, 2.3], "rotation": 90, "texture": "#4"},
				"west": {"uv": [0, 0, 6.9, 2.3], "rotation": 90, "texture": "#4"},
				"up": {"uv": [0, 0, 6.9, 3.05], "rotation": 180, "texture": "#4"},
				"down": {"uv": [0, 0, 6.9, 3.05], "texture": "#4"}
			}
		},
		{
			"name": "Hammer",
			"from": [7.56, 8.55, 30.2],
			"to": [7.71, 8.91, 30.8],
			"rotation": {"angle": 22.5, "axis": "z", "origin": [8.14, 8.49096, 30.91086]},
			"faces": {
				"north": {"uv": [0, 0, 6.9, 2.3], "rotation": 270, "texture": "#4"},
				"east": {"uv": [0, 0, 6.9, 2.3], "rotation": 270, "texture": "#4"},
				"south": {"uv": [0, 0, 6.9, 2.3], "rotation": 90, "texture": "#4"},
				"west": {"uv": [0, 0, 6.9, 2.3], "rotation": 90, "texture": "#4"},
				"up": {"uv": [0, 0, 6.9, 3.05], "rotation": 180, "texture": "#4"},
				"down": {"uv": [0, 0, 6.9, 3.05], "texture": "#4"}
			}
		},
		{
			"name": "Hammer",
			"from": [7.93, 8.4, 30.4],
			"to": [8.08, 8.8, 30.6],
			"rotation": {"angle": 0, "axis": "x", "origin": [8.14, 8.49096, 30.91086]},
			"faces": {
				"north": {"uv": [0, 0, 6.9, 2.3], "rotation": 270, "texture": "#4"},
				"east": {"uv": [0, 0, 6.9, 2.3], "rotation": 270, "texture": "#4"},
				"south": {"uv": [0, 0, 6.9, 2.3], "rotation": 90, "texture": "#4"},
				"west": {"uv": [0, 0, 6.9, 2.3], "rotation": 90, "texture": "#4"},
				"up": {"uv": [0, 0, 6.9, 3.05], "rotation": 180, "texture": "#4"},
				"down": {"uv": [0, 0, 6.9, 3.05], "texture": "#4"}
			}
		},
		{
			"name": "Hammer",
			"from": [7.55, 6.85, 25.65],
			"to": [8.45, 7.75, 26.45],
			"rotation": {"angle": 0, "axis": "x", "origin": [8.14, 8.49096, 30.91086]},
			"faces": {
				"north": {"uv": [0, 0, 6.9, 2.3], "rotation": 270, "texture": "#4"},
				"east": {"uv": [0, 0, 6.9, 2.3], "rotation": 270, "texture": "#4"},
				"south": {"uv": [0, 0, 6.9, 2.3], "rotation": 90, "texture": "#4"},
				"west": {"uv": [0, 0, 6.9, 2.3], "rotation": 90, "texture": "#4"},
				"up": {"uv": [0, 0, 6.9, 3.05], "rotation": 180, "texture": "#4"},
				"down": {"uv": [0, 0, 6.9, 3.05], "texture": "#4"}
			}
		},
		{
			"name": "Hammer",
			"from": [7.25, 6.3, 22.2],
			"to": [8.75, 8.8, 22.8],
			"rotation": {"angle": 0, "axis": "x", "origin": [8.14, 8.49096, 22.91086]},
			"faces": {
				"north": {"uv": [0, 0, 6.9, 2.3], "rotation": 270, "texture": "#4"},
				"east": {"uv": [0, 0, 6.9, 2.3], "rotation": 270, "texture": "#4"},
				"south": {"uv": [0, 0, 6.9, 2.3], "rotation": 90, "texture": "#4"},
				"west": {"uv": [0, 0, 6.9, 2.3], "rotation": 90, "texture": "#4"},
				"up": {"uv": [0, 0, 6.9, 3.05], "rotation": 180, "texture": "#4"},
				"down": {"uv": [0, 0, 6.9, 3.05], "texture": "#4"}
			}
		},
		{
			"name": "Hammer",
			"from": [7.65, 7.8, 14.51086],
			"to": [8.35, 8.8, 17.31086],
			"rotation": {"angle": 22.5, "axis": "x", "origin": [8.14, 8.49096, 15.91086]},
			"faces": {
				"north": {"uv": [0, 0, 6.9, 3.05], "texture": "#4"},
				"east": {"uv": [0, 0, 6.9, 2.3], "texture": "#4"},
				"south": {"uv": [0, 0, 6.9, 3.05], "texture": "#4"},
				"west": {"uv": [0, 0, 6.9, 2.3], "texture": "#4"},
				"up": {"uv": [0, 0, 6.9, 2.3], "rotation": 90, "texture": "#4"},
				"down": {"uv": [0, 0, 6.9, 2.3], "rotation": 90, "texture": "#4"}
			}
		},
		{
			"name": "Hammer",
			"from": [7.45, 5.4, 10],
			"to": [8.57, 7.4, 13.8],
			"rotation": {"angle": -22.5, "axis": "x", "origin": [8.14, 6.49096, 11.91086]},
			"faces": {
				"north": {"uv": [0, 0, 6.9, 3.05], "texture": "#4"},
				"east": {"uv": [0, 0, 6.9, 2.3], "texture": "#4"},
				"south": {"uv": [0, 0, 6.9, 3.05], "texture": "#4"},
				"west": {"uv": [0, 0, 6.9, 2.3], "texture": "#4"},
				"up": {"uv": [0, 0, 6.9, 2.3], "rotation": 90, "texture": "#4"},
				"down": {"uv": [0, 0, 6.9, 2.3], "rotation": 90, "texture": "#4"}
			}
		},
		{
			"name": "Frame",
			"from": [7.35, 7.1, 17.4],
			"to": [8.65, 8.2, 22.2],
			"rotation": {"angle": 0, "axis": "y", "origin": [8, 8, 5]},
			"faces": {
				"north": {"uv": [0, 0, 2, 1.8], "texture": "#0"},
				"east": {"uv": [0, 3.5, 15.8, 7.6], "texture": "#0"},
				"south": {"uv": [0, 3.5, 15.8, 7.6], "texture": "#0"},
				"west": {"uv": [0, 3.5, 15.8, 7.6], "texture": "#0"},
				"up": {"uv": [0, 0, 15.8, 3.6], "rotation": 90, "texture": "#0"},
				"down": {"uv": [0, 5, 15.8, 9.1], "rotation": 90, "texture": "#0"}
			}
		},
		{
			"name": "Barrel",
			"from": [7.8, 7.1, 23.2],
			"to": [8.2, 7.5, 28.4],
			"faces": {
				"north": {"uv": [0, 0, 0.8, 0.8], "texture": "#missing"},
				"east": {"uv": [0, 0, 4.4, 2.55], "texture": "#4"},
				"south": {"uv": [0, 0, 4.4, 2.55], "texture": "#4"},
				"west": {"uv": [0, 0, 4.4, 2.55], "texture": "#4"},
				"up": {"uv": [0, 0, 4.4, 2.55], "rotation": 90, "texture": "#4"},
				"down": {"uv": [0, 0, 4.4, 2.55], "rotation": 90, "texture": "#4"}
			}
		},
		{
			"name": "Back",
			"from": [7.12393, 6.4, 1],
			"to": [8.92393, 11.4, 2.4],
			"rotation": {"angle": 45, "axis": "x", "origin": [8.10393, 5.85777, -1.75168]},
			"faces": {
				"north": {"uv": [0, 0, 6.8, 4.6], "rotation": 90, "texture": "#0"},
				"east": {"uv": [0, 5, 12.6, 0.7], "rotation": 90, "texture": "#0", "cullface": "south"},
				"south": {"uv": [0, 0, 10.5, 10.4], "texture": "#0"},
				"west": {"uv": [0, 2.5, 14.6, 9.8], "rotation": 90, "texture": "#0"},
				"up": {"uv": [0, 0, 6.8, 4.6], "rotation": 90, "texture": "#0"},
				"down": {"uv": [0, 0, 9, 6.4], "texture": "#0"}
			}
		},
		{
			"name": "Back",
			"from": [7.121, 3.70609, -1.20945],
			"to": [8.921, 5.10609, 3.79055],
			"rotation": {"angle": -22.5, "axis": "x", "origin": [8.10393, 5.85777, -1.75168]},
			"faces": {
				"north": {"uv": [0, 0, 2, 1.4], "rotation": 180, "texture": "#0"},
				"east": {"uv": [0, 2.5, 5.3, 8.1], "rotation": 270, "texture": "#0"},
				"south": {"uv": [0, 0, 6.8, 4.6], "rotation": 90, "texture": "#0"},
				"west": {"uv": [0, 2.5, 5.3, 8.1], "rotation": 90, "texture": "#0"},
				"up": {"uv": [0, 0, 6.8, 4.6], "rotation": 270, "texture": "#0"},
				"down": {"uv": [0, 0, 2, 1.4], "texture": "#0"}
			}
		},
		{
			"name": "Back",
			"from": [7.129, 3.70609, 0.79055],
			"to": [8.889, 4.70609, 5.79055],
			"rotation": {"angle": -22.5, "axis": "x", "origin": [8.10393, 5.85777, -1.75168]},
			"faces": {
				"north": {"uv": [0, 0, 2, 1.4], "rotation": 180, "texture": "#0"},
				"east": {"uv": [0, 2.5, 5.3, 8.1], "rotation": 270, "texture": "#0"},
				"south": {"uv": [0, 0, 6.8, 4.6], "rotation": 90, "texture": "#0"},
				"west": {"uv": [0, 2.5, 5.3, 8.1], "rotation": 90, "texture": "#0"},
				"up": {"uv": [0, 0, 6.8, 4.6], "rotation": 270, "texture": "#0"},
				"down": {"uv": [0, 0, 8.5, 9.9], "texture": "#0"}
			}
		},
		{
			"name": "Back",
			"from": [7.122, 7.10609, -0.5],
			"to": [8.922, 8.30609, 2.5],
			"rotation": {"angle": 22.5, "axis": "x", "origin": [8.10393, 5.85777, -1.75168]},
			"faces": {
				"north": {"uv": [0, 0, 2, 1.4], "rotation": 180, "texture": "#0"},
				"east": {"uv": [0, 2.5, 5.3, 8.1], "rotation": 270, "texture": "#0"},
				"south": {"uv": [0, 0, 6.8, 4.6], "rotation": 90, "texture": "#0"},
				"west": {"uv": [0, 2.5, 5.3, 8.1], "rotation": 90, "texture": "#0"},
				"up": {"uv": [0, 0, 6.8, 4.6], "rotation": 270, "texture": "#0"},
				"down": {"uv": [0, 0, 2, 1.4], "texture": "#0"}
			}
		}
	],
	"display": {
		"thirdperson_righthand": {
			"rotation": [-180, 0, -180],
			"translation": [-1.25, 0.5, -1.25],
			"scale": [0.48, 0.58, 0.61]
		},
		"thirdperson_lefthand": {
			"scale": [0, 0, 0]
		},
		"firstperson_righthand": {
			"rotation": [-179, 11, -180],
			"translation": [4.75, 6.5, -3.5],
			"scale": [0.88, 1.07, 1.05]
		},
		"firstperson_lefthand": {
			"scale": [0, 0, 0]
		},
		"ground": {
			"rotation": [0, -10, -88],
			"scale": [0.6, 0.6, 0.74]
		},
		"gui": {
			"rotation": [-90, 50, 100],
			"translation": [-1.7, 1, 0],
			"scale": [0.08, 0.67, 0.48]
		},
		"fixed": {
			"rotation": [0, 90, 0],
			"translation": [-2, 0, -1.5],
			"scale": [0.99, 1.03, 1.18]
		}
	}
}