{
	"credit": "Made with Blockbench",
	"textures": {
		"particle": "block/black_concrete"
	},
	"elements": [
		{
			"from": [5.1, 4.9, 5.6],
			"to": [7.1, 6.9, 15.6],
			"rotation": {"angle": 22.5, "axis": "y", "origin": [0, 0, 0]},
			"faces": {
				"north": {"uv": [0, 0, 2, 2], "texture": "#particle"},
				"east": {"uv": [0, 0, 10, 2], "texture": "#particle"},
				"south": {"uv": [0, 0, 2, 2], "texture": "#missing"},
				"west": {"uv": [0, 0, 10, 2], "texture": "#particle"},
				"up": {"uv": [0, 0, 2, 10], "texture": "#particle"},
				"down": {"uv": [0, 0, 2, 10], "texture": "#particle"}
			}
		},
		{
			"from": [7.7, 4.9, -0.6],
			"to": [9.7, 6.9, 9.4],
			"rotation": {"angle": -22.5, "axis": "y", "origin": [0, 0, 0]},
			"faces": {
				"north": {"uv": [0, 0, 2, 2], "texture": "#particle"},
				"east": {"uv": [0, 0, 10, 2], "texture": "#particle"},
				"south": {"uv": [0, 0, 2, 2], "texture": "#missing"},
				"west": {"uv": [0, 0, 10, 2], "texture": "#particle"},
				"up": {"uv": [0, 0, 2, 10], "texture": "#particle"},
				"down": {"uv": [0, 0, 2, 10], "texture": "#particle"}
			}
		}
	],
	"display": {
		"thirdperson_righthand": {
			"translation": [0, 1, 5],
			"scale": [0, 0, 0]
		},
		"thirdperson_lefthand": {
			"translation": [0, 1, 5],
			"scale": [0, 0, 0]
		},
		"firstperson_righthand": {
			"translation": [-9, 6, 3],
			"scale": [4, 4, 4]
		},
		"firstperson_lefthand": {
			"translation": [-9.09, 6, 3],
			"scale": [4, 4, 4]
		},
		"ground": {
			"translation": [0, 0, 3]
		},
		"gui": {
			"rotation": [90, 47.25, -90],
			"translation": [7.25, -3.5, 0],
			"scale": [-1.03, 0, 0]
		},
		"fixed": {
			"rotation": [90, -47.25, 90],
			"translation": [-7, -4, 0],
			"scale": [2, 2, 2]
		}
	}
}