{
    "parent": "item/3dmodel/weapon/revo_reloader/normal",
        "display": {
			"thirdperson_righthand": {
				"rotation": [25, -12, 0],
				"translation": [0.75, 3.5, -0.5],
				"scale": [0.75, 0.75, 0.75]
			},
			"thirdperson_lefthand": {
				"rotation": [25, -12, 0],
				"translation": [0.75, 3.5, -0.5],
				"scale": [0.75, 0.75, 0.75]
			},
			"firstperson_righthand": {
				"rotation": [0, -10, 0],
				"translation": [0.85, 15.6, 2.5],
				"scale": [0.85, 0.85, 0.85]
			},
			"firstperson_lefthand": {
				"rotation": [0, -10, 0],
				"translation": [0.85, 6, 2.5],
				"scale": [0.85, 0.85, 0.85]
			}
    }
}