{
	"credit": "Made with Blockbench",
	"texture_size": [32, 32],
	"textures": {
		"1": "item/custom_item/revo_reloader/tech_glow",
		"2": "item/custom_item/revo_reloader/new_revo"
	},
	"elements": [
		{
			"from": [7, -2, 9],
			"to": [9, -1, 16],
			"rotation": {"angle": 0, "axis": "y", "origin": [15, 9.76748, 19.83102]},
			"faces": {
				"north": {"uv": [14, 10.5, 15, 11], "texture": "#2"},
				"east": {"uv": [10, 4, 13.5, 4.5], "texture": "#2"},
				"south": {"uv": [11, 14, 12, 14.5], "texture": "#2"},
				"west": {"uv": [10, 4.5, 13.5, 5], "texture": "#2"},
				"up": {"uv": [4.5, 3.5, 3.5, 0], "texture": "#2"},
				"down": {"uv": [4.5, 3.5, 3.5, 7], "texture": "#2"}
			}
		},
		{
			"from": [7, -1, 8],
			"to": [9, 4, 9],
			"rotation": {"angle": 0, "axis": "y", "origin": [15, 9.76748, 19.83102]},
			"faces": {
				"north": {"uv": [3, 7, 4, 9.5], "texture": "#2"},
				"east": {"uv": [3, 13, 3.5, 15.5], "texture": "#2"},
				"south": {"uv": [4, 7, 5, 9.5], "texture": "#2"},
				"west": {"uv": [3.5, 13, 4, 15.5], "texture": "#2"},
				"up": {"uv": [15.5, 0.5, 14.5, 0], "texture": "#2"},
				"down": {"uv": [1.5, 14.5, 0.5, 15], "texture": "#2"}
			}
		},
		{
			"from": [6.5, 4, 15],
			"to": [9.5, 8, 17],
			"rotation": {"angle": 0, "axis": "y", "origin": [15, 9.76748, 19.83102]},
			"faces": {
				"north": {"uv": [2, 5, 3.5, 7], "texture": "#2"},
				"east": {"uv": [9, 4, 10, 6], "texture": "#2"},
				"south": {"uv": [5.5, 0, 7, 2], "texture": "#2"},
				"west": {"uv": [8, 9, 9, 11], "texture": "#2"},
				"up": {"uv": [11.5, 10, 10, 9], "texture": "#2"},
				"down": {"uv": [11.5, 10, 10, 11], "texture": "#2"}
			}
		},
		{
			"from": [7.5, 5, 17],
			"to": [8.5, 6, 20],
			"rotation": {"angle": 0, "axis": "y", "origin": [15, 9.76748, 19.83102]},
			"faces": {
				"north": {"uv": [6, 15, 6.5, 15.5], "texture": "#2"},
				"east": {"uv": [13.5, 8.5, 15, 9], "texture": "#2"},
				"south": {"uv": [15, 8.5, 15.5, 9], "texture": "#2"},
				"west": {"uv": [13.5, 13, 15, 13.5], "texture": "#2"},
				"up": {"uv": [7, 9.5, 6.5, 8], "texture": "#2"},
				"down": {"uv": [6.5, 13.5, 6, 15], "texture": "#2"}
			}
		},
		{
			"from": [7.5, 4, 20],
			"to": [8.5, 6, 21],
			"rotation": {"angle": 0, "axis": "y", "origin": [15, 9.76748, 19.83102]},
			"faces": {
				"north": {"uv": [5, 7, 5.5, 8], "texture": "#2"},
				"east": {"uv": [8.5, 1, 9, 2], "texture": "#2"},
				"south": {"uv": [1.5, 8.5, 2, 9.5], "texture": "#2"},
				"west": {"uv": [12, 14, 12.5, 15], "texture": "#2"},
				"up": {"uv": [9.5, 15.5, 9, 15], "texture": "#2"},
				"down": {"uv": [10, 15, 9.5, 15.5], "texture": "#2"}
			}
		},
		{
			"from": [7.5, -1, 8.5],
			"to": [8.5, 4, 9.5],
			"rotation": {"angle": 0, "axis": "y", "origin": [15, 9.76748, 19.83102]},
			"faces": {
				"north": {"uv": [6.5, 13, 7, 15.5], "texture": "#2"},
				"east": {"uv": [7, 13, 7.5, 15.5], "texture": "#2"},
				"south": {"uv": [7.5, 13, 8, 15.5], "texture": "#2"},
				"west": {"uv": [13, 12.5, 13.5, 15], "texture": "#2"},
				"up": {"uv": [10.5, 15.5, 10, 15], "texture": "#2"},
				"down": {"uv": [11, 15, 10.5, 15.5], "texture": "#2"}
			}
		},
		{
			"from": [7.5, -1.5, 9.5],
			"to": [8.5, -0.5, 15.5],
			"rotation": {"angle": 0, "axis": "y", "origin": [15, 9.76748, 19.83102]},
			"faces": {
				"north": {"uv": [15, 10.5, 15.5, 11], "texture": "#2"},
				"east": {"uv": [10.5, 1, 13.5, 1.5], "texture": "#2"},
				"south": {"uv": [11, 15, 11.5, 15.5], "texture": "#2"},
				"west": {"uv": [10.5, 1.5, 13.5, 2], "texture": "#2"},
				"up": {"uv": [5, 13.5, 4.5, 10.5], "texture": "#2"},
				"down": {"uv": [5.5, 10.5, 5, 13.5], "texture": "#2"}
			}
		},
		{
			"from": [7.5, 8, 15],
			"to": [8.5, 9, 21],
			"rotation": {"angle": 0, "axis": "y", "origin": [15, 9.76748, 19.83102]},
			"faces": {
				"north": {"uv": [15, 11.5, 15.5, 12], "texture": "#2"},
				"east": {"uv": [10.5, 2, 13.5, 2.5], "texture": "#2"},
				"south": {"uv": [12, 15, 12.5, 15.5], "texture": "#2"},
				"west": {"uv": [10.5, 2.5, 13.5, 3], "texture": "#2"},
				"up": {"uv": [9, 14, 8.5, 11], "texture": "#2"},
				"down": {"uv": [9.5, 11, 9, 14], "texture": "#2"}
			}
		},
		{
			"from": [7.001, -1.5, 11],
			"to": [8.999, 5.5, 13],
			"rotation": {"angle": -22.5, "axis": "x", "origin": [7, 3, 13]},
			"faces": {
				"north": {"uv": [4.5, 0, 5.5, 3.5], "texture": "#2"},
				"east": {"uv": [4.5, 3.5, 5.5, 7], "texture": "#2"},
				"south": {"uv": [0, 5, 1, 8.5], "texture": "#2"},
				"west": {"uv": [1, 5, 2, 8.5], "texture": "#2"},
				"up": {"uv": [14, 11, 13, 10], "texture": "#2"},
				"down": {"uv": [1.5, 13.5, 0.5, 14.5], "texture": "#2"}
			}
		},
		{
			"from": [7.5, 3.5, 10.5],
			"to": [8.5, 5.5, 11.5],
			"rotation": {"angle": -22.5, "axis": "x", "origin": [7, 3, 13]},
			"faces": {
				"north": {"uv": [14.5, 0.5, 15, 1.5], "texture": "#2"},
				"east": {"uv": [2, 14.5, 2.5, 15.5], "texture": "#2"},
				"south": {"uv": [2.5, 14.5, 3, 15.5], "texture": "#2"},
				"west": {"uv": [14.5, 2.5, 15, 3.5], "texture": "#2"},
				"up": {"uv": [15.5, 12.5, 15, 12], "texture": "#2"},
				"down": {"uv": [13, 15, 12.5, 15.5], "texture": "#2"}
			}
		},
		{
			"from": [7.001, 2.5, 13],
			"to": [8.999, 5.5, 14],
			"rotation": {"angle": -22.5, "axis": "x", "origin": [7, 3, 13]},
			"faces": {
				"north": {"uv": [9.5, 11, 10.5, 12.5], "texture": "#2"},
				"east": {"uv": [13.5, 13.5, 14, 15], "texture": "#2"},
				"south": {"uv": [10.5, 11, 11.5, 12.5], "texture": "#2"},
				"west": {"uv": [14, 0, 14.5, 1.5], "texture": "#2"},
				"up": {"uv": [15.5, 4, 14.5, 3.5], "texture": "#2"},
				"down": {"uv": [15.5, 4, 14.5, 4.5], "texture": "#2"}
			}
		},
		{
			"name": "light",
			"from": [7.5, 6, 0.998],
			"to": [8.5, 8, 0.998],
			"rotation": {"angle": 0, "axis": "y", "origin": [15, 26, 12]},
			"faces": {
				"north": {"uv": [8, 14.5, 8.5, 15.5], "texture": "#1"},
				"east": {"uv": [0, 0, 0, 1], "texture": "#1"},
				"south": {"uv": [1, 15, 1.5, 16], "texture": "#1"},
				"west": {"uv": [0, 0, 0, 1], "texture": "#1"},
				"up": {"uv": [0.5, 0, 0, 0], "texture": "#1"},
				"down": {"uv": [0.5, 0, 0, 0], "texture": "#1"}
			}
		},
		{
			"name": "light",
			"from": [7, 2, 3.998],
			"to": [9, 3, 4.998],
			"rotation": {"angle": 0, "axis": "y", "origin": [15, 26, 12]},
			"faces": {
				"north": {"uv": [13.5, 14.5, 14.5, 15], "texture": "#1"},
				"east": {"uv": [15.5, 3.5, 16, 4], "texture": "#1"},
				"south": {"uv": [14.5, 14.5, 15.5, 15], "texture": "#1"},
				"west": {"uv": [4, 15.5, 4.5, 16], "texture": "#1"},
				"up": {"uv": [1, 15.5, 0, 15], "texture": "#1"},
				"down": {"uv": [16, 4, 15, 4.5], "texture": "#1"}
			}
		},
		{
			"name": "light",
			"from": [7, 6, 13.998],
			"to": [9, 7, 14.998],
			"rotation": {"angle": 0, "axis": "y", "origin": [15, 26, 12]},
			"faces": {
				"north": {"uv": [13.5, 14.5, 14.5, 15], "texture": "#1"},
				"east": {"uv": [15.5, 3.5, 16, 4], "texture": "#1"},
				"south": {"uv": [14.5, 14.5, 15.5, 15], "texture": "#1"},
				"west": {"uv": [4, 15.5, 4.5, 16], "texture": "#1"},
				"up": {"uv": [1, 15.5, 0, 15], "texture": "#1"},
				"down": {"uv": [16, 4, 15, 4.5], "texture": "#1"}
			}
		},
		{
			"from": [6.5, 4, 3],
			"to": [9.5, 8, 5],
			"rotation": {"angle": 0, "axis": "y", "origin": [15, 20, 15]},
			"faces": {
				"north": {"uv": [5.5, 2, 7, 4], "texture": "#2"},
				"east": {"uv": [9, 9, 10, 11], "texture": "#2"},
				"south": {"uv": [5.5, 4, 7, 6], "texture": "#2"},
				"west": {"uv": [1.5, 9.5, 2.5, 11.5], "texture": "#2"},
				"up": {"uv": [12, 4, 10.5, 3], "texture": "#2"},
				"down": {"uv": [3, 11.5, 1.5, 12.5], "texture": "#2"}
			}
		},
		{
			"from": [7, 7, 5],
			"to": [9, 8, 10],
			"rotation": {"angle": 0, "axis": "y", "origin": [15, 25, 11]},
			"faces": {
				"north": {"uv": [4.5, 14.5, 5.5, 15], "texture": "#2"},
				"east": {"uv": [13, 9, 15.5, 9.5], "texture": "#2"},
				"south": {"uv": [14.5, 4.5, 15.5, 5], "texture": "#2"},
				"west": {"uv": [13, 9.5, 15.5, 10], "texture": "#2"},
				"up": {"uv": [8, 7, 7, 4.5], "texture": "#2"},
				"down": {"uv": [8, 7, 7, 9.5], "texture": "#2"}
			}
		},
		{
			"from": [7, 4, 2],
			"to": [9, 9, 3],
			"rotation": {"angle": 0, "axis": "y", "origin": [15, 25, 13]},
			"faces": {
				"north": {"uv": [8, 2, 9, 4.5], "texture": "#2"},
				"east": {"uv": [0, 13.5, 0.5, 16], "texture": "#2"},
				"south": {"uv": [8, 4.5, 9, 7], "texture": "#2"},
				"west": {"uv": [13.5, 0, 14, 2.5], "texture": "#2"},
				"up": {"uv": [15.5, 5.5, 14.5, 5], "texture": "#2"},
				"down": {"uv": [15.5, 5.5, 14.5, 6], "texture": "#2"}
			}
		},
		{
			"from": [7, 5, 1],
			"to": [9, 9, 2],
			"rotation": {"angle": 0, "axis": "y", "origin": [15, 26, 12]},
			"faces": {
				"north": {"uv": [2.5, 9.5, 3.5, 11.5], "texture": "#2"},
				"east": {"uv": [10.5, 7, 11, 9], "texture": "#2"},
				"south": {"uv": [3.5, 9.5, 4.5, 11.5], "texture": "#2"},
				"west": {"uv": [1.5, 13.5, 2, 15.5], "texture": "#2"},
				"up": {"uv": [15.5, 7, 14.5, 6.5], "texture": "#2"},
				"down": {"uv": [15.5, 7, 14.5, 7.5], "texture": "#2"}
			}
		},
		{
			"from": [7, 3, 6],
			"to": [9, 4, 8],
			"rotation": {"angle": 0, "axis": "y", "origin": [15, 23, 11]},
			"faces": {
				"north": {"uv": [14.5, 7.5, 15.5, 8], "texture": "#2"},
				"east": {"uv": [8, 14.5, 9, 15], "texture": "#2"},
				"south": {"uv": [14.5, 8, 15.5, 8.5], "texture": "#2"},
				"west": {"uv": [9, 14.5, 10, 15], "texture": "#2"},
				"up": {"uv": [3, 14.5, 2, 13.5], "texture": "#2"},
				"down": {"uv": [14.5, 2.5, 13.5, 3.5], "texture": "#2"}
			}
		},
		{
			"from": [7, 1, 3],
			"to": [9, 4, 6],
			"rotation": {"angle": 0, "axis": "y", "origin": [15, 23, 11]},
			"faces": {
				"north": {"uv": [3, 11.5, 4, 13], "texture": "#2"},
				"east": {"uv": [5, 8, 6.5, 9.5], "texture": "#2"},
				"south": {"uv": [11.5, 6, 12.5, 7.5], "texture": "#2"},
				"west": {"uv": [0, 8.5, 1.5, 10], "texture": "#2"},
				"up": {"uv": [7.5, 13, 6.5, 11.5], "texture": "#2"},
				"down": {"uv": [12.5, 7.5, 11.5, 9], "texture": "#2"}
			}
		},
		{
			"from": [6.5, 5, 5],
			"to": [9.5, 7, 10],
			"rotation": {"angle": 0, "axis": "y", "origin": [14.5, 24, 12]},
			"faces": {
				"north": {"uv": [11.5, 9, 13, 10], "texture": "#2"},
				"east": {"uv": [8, 7, 10.5, 8], "texture": "#2"},
				"south": {"uv": [11.5, 10, 13, 11], "texture": "#2"},
				"west": {"uv": [8, 8, 10.5, 9], "texture": "#2"},
				"up": {"uv": [3.5, 2.5, 2, 0], "texture": "#2"},
				"down": {"uv": [3.5, 2.5, 2, 5], "texture": "#2"}
			}
		},
		{
			"from": [7.5, 8, 3],
			"to": [8.5, 9, 10],
			"rotation": {"angle": 0, "axis": "y", "origin": [15.5, 27, 5]},
			"faces": {
				"north": {"uv": [15, 12.5, 15.5, 13], "texture": "#2"},
				"east": {"uv": [10, 5, 13.5, 5.5], "texture": "#2"},
				"south": {"uv": [13, 15, 13.5, 15.5], "texture": "#2"},
				"west": {"uv": [10, 5.5, 13.5, 6], "texture": "#2"},
				"up": {"uv": [8, 13, 7.5, 9.5], "texture": "#2"},
				"down": {"uv": [1.5, 10, 1, 13.5], "texture": "#2"}
			}
		},
		{
			"from": [7.5, 8.5, 1.01],
			"to": [8.5, 9.5, 3.01],
			"rotation": {"angle": 0, "axis": "y", "origin": [15.5, 27.5, 3]},
			"faces": {
				"north": {"uv": [15, 13, 15.5, 13.5], "texture": "#2"},
				"east": {"uv": [10, 14.5, 11, 15], "texture": "#2"},
				"south": {"uv": [13.5, 15, 14, 15.5], "texture": "#2"},
				"west": {"uv": [11, 14.5, 12, 15], "texture": "#2"},
				"up": {"uv": [15, 12, 14.5, 11], "texture": "#2"},
				"down": {"uv": [15, 12, 14.5, 13], "texture": "#2"}
			}
		},
		{
			"from": [7.5, 8.5, 10.01],
			"to": [8.5, 9.5, 13.01],
			"rotation": {"angle": 0, "axis": "y", "origin": [15.5, 27.5, 3]},
			"faces": {
				"north": {"uv": [15, 13.5, 15.5, 14], "texture": "#2"},
				"east": {"uv": [14, 1.5, 15.5, 2], "texture": "#2"},
				"south": {"uv": [14, 15, 14.5, 15.5], "texture": "#2"},
				"west": {"uv": [14, 2, 15.5, 2.5], "texture": "#2"},
				"up": {"uv": [4.5, 15.5, 4, 14], "texture": "#2"},
				"down": {"uv": [14.5, 4.5, 14, 6], "texture": "#2"}
			}
		},
		{
			"from": [6.5, 5, 10],
			"to": [9.5, 8, 12],
			"rotation": {"angle": 0, "axis": "y", "origin": [14.5, 24, 16]},
			"faces": {
				"north": {"uv": [9, 1, 10.5, 2.5], "texture": "#2"},
				"east": {"uv": [11.5, 11, 12.5, 12.5], "texture": "#2"},
				"south": {"uv": [9, 2.5, 10.5, 4], "texture": "#2"},
				"west": {"uv": [0, 12, 1, 13.5], "texture": "#2"},
				"up": {"uv": [13.5, 4, 12, 3], "texture": "#2"},
				"down": {"uv": [3, 12.5, 1.5, 13.5], "texture": "#2"}
			}
		},
		{
			"from": [7, 8, 10],
			"to": [9, 9, 12],
			"rotation": {"angle": 0, "axis": "y", "origin": [15, 26, 10]},
			"faces": {
				"north": {"uv": [14, 14.5, 15, 15], "texture": "#2"},
				"east": {"uv": [0.5, 15, 1.5, 15.5], "texture": "#2"},
				"south": {"uv": [15, 0.5, 16, 1], "texture": "#2"},
				"west": {"uv": [15, 1, 16, 1.5], "texture": "#2"},
				"up": {"uv": [14.5, 4.5, 13.5, 3.5], "texture": "#2"},
				"down": {"uv": [5.5, 13.5, 4.5, 14.5], "texture": "#2"}
			}
		},
		{
			"from": [6.5, 5, 12],
			"to": [9.5, 9, 13],
			"rotation": {"angle": 0, "axis": "y", "origin": [14.5, 25, 18]},
			"faces": {
				"north": {"uv": [5.5, 6, 7, 8], "texture": "#2"},
				"east": {"uv": [13.5, 4.5, 14, 6.5], "texture": "#2"},
				"south": {"uv": [7, 0, 8.5, 2], "texture": "#2"},
				"west": {"uv": [5.5, 13.5, 6, 15.5], "texture": "#2"},
				"up": {"uv": [15.5, 6.5, 14, 6], "texture": "#2"},
				"down": {"uv": [9.5, 14, 8, 14.5], "texture": "#2"}
			}
		},
		{
			"from": [7, 6, 13],
			"to": [9, 9, 15],
			"rotation": {"angle": 0, "axis": "y", "origin": [15, 25, 19]},
			"faces": {
				"north": {"uv": [12.5, 6, 13.5, 7.5], "texture": "#2"},
				"east": {"uv": [12.5, 7.5, 13.5, 9], "texture": "#2"},
				"south": {"uv": [9.5, 12.5, 10.5, 14], "texture": "#2"},
				"west": {"uv": [10.5, 12.5, 11.5, 14], "texture": "#2"},
				"up": {"uv": [14.5, 7.5, 13.5, 6.5], "texture": "#2"},
				"down": {"uv": [14.5, 7.5, 13.5, 8.5], "texture": "#2"}
			}
		},
		{
			"from": [7, 6, 17],
			"to": [9, 8, 21],
			"rotation": {"angle": 0, "axis": "y", "origin": [15, 9.76748, 19.83102]},
			"faces": {
				"north": {"uv": [13.5, 11, 14.5, 12], "texture": "#2"},
				"east": {"uv": [9, 6, 11, 7], "texture": "#2"},
				"south": {"uv": [13.5, 12, 14.5, 13], "texture": "#2"},
				"west": {"uv": [4.5, 9.5, 6.5, 10.5], "texture": "#2"},
				"up": {"uv": [7.5, 11.5, 6.5, 9.5], "texture": "#2"},
				"down": {"uv": [1, 10, 0, 12], "texture": "#2"}
			}
		},
		{
			"from": [7, 4, 5],
			"to": [9, 5, 15],
			"rotation": {"angle": 0, "axis": "y", "origin": [15, 9.76748, 19.83102]},
			"faces": {
				"north": {"uv": [15, 2.5, 16, 3], "texture": "#2"},
				"east": {"uv": [8.5, 0, 13.5, 0.5], "texture": "#2"},
				"south": {"uv": [15, 3, 16, 3.5], "texture": "#2"},
				"west": {"uv": [8.5, 0.5, 13.5, 1], "texture": "#2"},
				"up": {"uv": [1, 5, 0, 0], "texture": "#2"},
				"down": {"uv": [2, 0, 1, 5], "texture": "#2"}
			}
		},
		{
			"from": [7, 5, 13],
			"to": [9, 6, 16],
			"rotation": {"angle": 0, "axis": "y", "origin": [15, 9.76748, 19.83102]},
			"faces": {
				"north": {"uv": [4.5, 15, 5.5, 15.5], "texture": "#2"},
				"east": {"uv": [9.5, 14, 11, 14.5], "texture": "#2"},
				"south": {"uv": [8, 15, 9, 15.5], "texture": "#2"},
				"west": {"uv": [14, 10, 15.5, 10.5], "texture": "#2"},
				"up": {"uv": [13.5, 12.5, 12.5, 11], "texture": "#2"},
				"down": {"uv": [12.5, 12.5, 11.5, 14], "texture": "#2"}
			}
		}
	],
	"gui_light": "front",
	"display": {
		"thirdperson_righthand": {
			"rotation": [0, -12, 0],
			"translation": [0.75, 3, -2],
			"scale": [0.75, 0.75, 0.75]
		},
		"thirdperson_lefthand": {
			"rotation": [0, -12, 0],
			"translation": [0.75, 3, -2],
			"scale": [0.75, 0.75, 0.75]
		},
		"firstperson_righthand": {
			"rotation": [0, -10, 0],
			"translation": [9, 15.6, 2.5],
			"scale": [0.85, 0.85, 0.85]
		},
		"firstperson_lefthand": {
			"rotation": [0, -10, 0],
			"translation": [9, 15.6, 2.5],
			"scale": [0.85, 0.85, 0.85]
		},
		"ground": {
			"rotation": [45, 1, 0],
			"translation": [0, 5, 0],
			"scale": [0.5, 0.5, 0.5]
		},
		"gui": {
			"rotation": [-90, 135, 90],
			"translation": [0, 2.5, 0],
			"scale": [0.75, 0.75, 0.75]
		},
		"head": {
			"translation": [0, -1.5, -6],
			"scale": [2.28571, 2.28571, 2.28571]
		},
		"fixed": {
			"rotation": [-90, -135, -90],
			"translation": [0, 2.5, -0.25],
			"scale": [0.75, 0.75, 0.75]
		}
	},
	"groups": [
		0,
		1,
		2,
		3,
		4,
		5,
		6,
		7,
		8,
		9,
		10,
		{
			"name": "group",
			"origin": [15, 29, 12],
			"color": 0,
			"children": [11, 12, 13]
		},
		{
			"name": "old_barrel",
			"origin": [15, 28, 19],
			"color": 0,
			"children": [14, 15, 16, 17, 18, 19, 20, 21, 22, 23, 24, 25, 26, 27, 28, 29, 30]
		}
	]
}