{"textures":{"0":"modelengine:entity/em_primis_ravager_skin"},"elements":[{"from":[3.4285712,-16.0,3.4285712],"to":[12.571428,20.57143,12.571428],"rotation":{"angle":0.0,"axis":"y","origin":[-5.714287,-16.0,31.428572]},"faces":{"east":{"uv":[0.0,6.75,1.0,10.75],"rotation":0,"texture":"#0","tintindex":0},"south":{"uv":[1.0,6.75,2.0,10.75],"rotation":0,"texture":"#0","tintindex":0},"north":{"uv":[6.6875,2.25,7.6875,6.25],"rotation":0,"texture":"#0","tintindex":0},"west":{"uv":[7.6875,0.0,8.6875,4.0],"rotation":0,"texture":"#0","tintindex":0},"up":{"uv":[11.6875,2.75,10.6875,1.75],"rotation":0,"texture":"#0","tintindex":0},"down":{"uv":[11.6875,2.75,10.6875,3.75],"rotation":0,"texture":"#0","tintindex":0}}}],"display":{"head":{"translation":[0.0,-56.685722,0.0],"scale":[4.0,4.0,4.0]}}}