{"textures":{"0":"modelengine:entity/em_primis_ravager_skin"},"elements":[{"from":[3.4285712,-16.0,3.4285712],"to":[12.571428,20.57143,12.571428],"rotation":{"angle":0.0,"axis":"y","origin":[21.714287,-16.0,31.428572]},"faces":{"east":{"uv":[6.4375,8.4375,7.4375,12.4375],"rotation":0,"texture":"#0","tintindex":0},"south":{"uv":[7.4375,8.4375,8.4375,12.4375],"rotation":0,"texture":"#0","tintindex":0},"north":{"uv":[8.4375,4.0,9.4375,8.0],"rotation":0,"texture":"#0","tintindex":0},"west":{"uv":[8.4375,8.0,9.4375,12.0],"rotation":0,"texture":"#0","tintindex":0},"up":{"uv":[1.0,11.75,0.0,10.75],"rotation":0,"texture":"#0","tintindex":0},"down":{"uv":[2.0,10.75,1.0,11.75],"rotation":0,"texture":"#0","tintindex":0}}}],"display":{"head":{"translation":[0.0,-56.685722,0.0],"scale":[4.0,4.0,4.0]}}}