{
	"credit": "Made with Blockbench",
	"texture_size": [48, 48],
	"textures": {
		"1": "item/custom_item/great_sword/texture"
	},
	"elements": [
		{
			"from": [7.5, 26, 10.5],
			"to": [8.5, 28, 11.5],
			"faces": {
				"north": {"uv": [1, 12.66667, 1.33333, 13.33333], "texture": "#1"},
				"east": {"uv": [12.66667, 2, 13, 2.66667], "texture": "#1"},
				"south": {"uv": [2.33333, 12.66667, 2.66667, 13.33333], "texture": "#1"},
				"west": {"uv": [2.66667, 12.66667, 3, 13.33333], "texture": "#1"},
				"up": {"uv": [13.33333, 10.33333, 13, 10], "texture": "#1"},
				"down": {"uv": [13.33333, 10.33333, 13, 10.66667], "texture": "#1"}
			}
		},
		{
			"from": [7.5, 31, 7.5],
			"to": [8.5, 32, 8.5],
			"faces": {
				"north": {"uv": [13, 12.66667, 13.33333, 13], "texture": "#1"},
				"east": {"uv": [13, 13, 13.33333, 13.33333], "texture": "#1"},
				"south": {"uv": [0, 13.33333, 0.33333, 13.66667], "texture": "#1"},
				"west": {"uv": [0.33333, 13.33333, 0.66667, 13.66667], "texture": "#1"},
				"up": {"uv": [13.66667, 0.66667, 13.33333, 0.33333], "texture": "#1"},
				"down": {"uv": [1, 13.33333, 0.66667, 13.66667], "texture": "#1"}
			}
		},
		{
			"from": [7.5, 30, 8.5],
			"to": [8.5, 31, 9.5],
			"faces": {
				"north": {"uv": [11.66667, 13, 12, 13.33333], "texture": "#1"},
				"east": {"uv": [13, 11.66667, 13.33333, 12], "texture": "#1"},
				"south": {"uv": [12, 13, 12.33333, 13.33333], "texture": "#1"},
				"west": {"uv": [13, 12, 13.33333, 12.33333], "texture": "#1"},
				"up": {"uv": [12.66667, 13.33333, 12.33333, 13], "texture": "#1"},
				"down": {"uv": [13.33333, 12.33333, 13, 12.66667], "texture": "#1"}
			}
		},
		{
			"from": [7.5, 30, 6.5],
			"to": [8.5, 31, 7.5],
			"faces": {
				"north": {"uv": [10.66667, 13, 11, 13.33333], "texture": "#1"},
				"east": {"uv": [13, 10.66667, 13.33333, 11], "texture": "#1"},
				"south": {"uv": [11, 13, 11.33333, 13.33333], "texture": "#1"},
				"west": {"uv": [13, 11, 13.33333, 11.33333], "texture": "#1"},
				"up": {"uv": [11.66667, 13.33333, 11.33333, 13], "texture": "#1"},
				"down": {"uv": [13.33333, 11.33333, 13, 11.66667], "texture": "#1"}
			}
		},
		{
			"from": [7.5, 26, 4.5],
			"to": [8.5, 28, 5.5],
			"faces": {
				"north": {"uv": [12.33333, 12.33333, 12.66667, 13], "texture": "#1"},
				"east": {"uv": [0, 12.66667, 0.33333, 13.33333], "texture": "#1"},
				"south": {"uv": [0.33333, 12.66667, 0.66667, 13.33333], "texture": "#1"},
				"west": {"uv": [0.66667, 12.66667, 1, 13.33333], "texture": "#1"},
				"up": {"uv": [13.33333, 9, 13, 8.66667], "texture": "#1"},
				"down": {"uv": [13.33333, 9, 13, 9.33333], "texture": "#1"}
			}
		},
		{
			"from": [7.5, 28, 5.5],
			"to": [8.5, 30, 6.5],
			"faces": {
				"north": {"uv": [9, 12.66667, 9.33333, 13.33333], "texture": "#1"},
				"east": {"uv": [9.33333, 12.66667, 9.66667, 13.33333], "texture": "#1"},
				"south": {"uv": [9.66667, 12.66667, 10, 13.33333], "texture": "#1"},
				"west": {"uv": [10, 12.66667, 10.33333, 13.33333], "texture": "#1"},
				"up": {"uv": [13.66667, 1, 13.33333, 0.66667], "texture": "#1"},
				"down": {"uv": [1.33333, 13.33333, 1, 13.66667], "texture": "#1"}
			}
		},
		{
			"from": [7.5, 28, 9.5],
			"to": [8.5, 30, 10.5],
			"faces": {
				"north": {"uv": [12.66667, 10, 13, 10.66667], "texture": "#1"},
				"east": {"uv": [10.33333, 12.66667, 10.66667, 13.33333], "texture": "#1"},
				"south": {"uv": [12.66667, 10.66667, 13, 11.33333], "texture": "#1"},
				"west": {"uv": [12.66667, 11.33333, 13, 12], "texture": "#1"},
				"up": {"uv": [13.66667, 1.33333, 13.33333, 1], "texture": "#1"},
				"down": {"uv": [13.66667, 1.33333, 13.33333, 1.66667], "texture": "#1"}
			}
		},
		{
			"from": [7.5, 21, 3.5],
			"to": [8.5, 26, 4.5],
			"faces": {
				"north": {"uv": [7.66667, 2.33333, 8, 4], "texture": "#1"},
				"east": {"uv": [4.33333, 11, 4.66667, 12.66667], "texture": "#1"},
				"south": {"uv": [5, 11, 5.33333, 12.66667], "texture": "#1"},
				"west": {"uv": [5.33333, 11, 5.66667, 12.66667], "texture": "#1"},
				"up": {"uv": [5.33333, 13.33333, 5, 13], "texture": "#1"},
				"down": {"uv": [13.33333, 5, 13, 5.33333], "texture": "#1"}
			}
		},
		{
			"from": [7.5, 21, 11.5],
			"to": [8.5, 26, 12.5],
			"faces": {
				"north": {"uv": [8.33333, 11, 8.66667, 12.66667], "texture": "#1"},
				"east": {"uv": [11, 8.66667, 11.33333, 10.33333], "texture": "#1"},
				"south": {"uv": [9, 11, 9.33333, 12.66667], "texture": "#1"},
				"west": {"uv": [11, 10.33333, 11.33333, 12], "texture": "#1"},
				"up": {"uv": [13.33333, 9.66667, 13, 9.33333], "texture": "#1"},
				"down": {"uv": [13.33333, 9.66667, 13, 10], "texture": "#1"}
			}
		},
		{
			"from": [7.5, 7, 10.5],
			"to": [8.5, 21, 11.5],
			"faces": {
				"north": {"uv": [4.66667, 6.66667, 5, 11.33333], "texture": "#1"},
				"east": {"uv": [6.33333, 8.66667, 6.66667, 13.33333], "texture": "#1"},
				"south": {"uv": [6.66667, 8.66667, 7, 13.33333], "texture": "#1"},
				"west": {"uv": [9, 1.66667, 9.33333, 6.33333], "texture": "#1"},
				"up": {"uv": [5.66667, 13.33333, 5.33333, 13], "texture": "#1"},
				"down": {"uv": [13.33333, 5.33333, 13, 5.66667], "texture": "#1"}
			}
		},
		{
			"from": [7.5, 7, 4.5],
			"to": [8.5, 21, 5.5],
			"faces": {
				"north": {"uv": [9, 6.33333, 9.33333, 11], "texture": "#1"},
				"east": {"uv": [7, 9, 7.33333, 13.66667], "texture": "#1"},
				"south": {"uv": [7.33333, 9, 7.66667, 13.66667], "texture": "#1"},
				"west": {"uv": [7.66667, 9, 8, 13.66667], "texture": "#1"},
				"up": {"uv": [6, 13.33333, 5.66667, 13], "texture": "#1"},
				"down": {"uv": [6.33333, 13, 6, 13.33333], "texture": "#1"}
			}
		},
		{
			"from": [6.5, 0, 6.5],
			"to": [9.5, 28, 9.5],
			"faces": {
				"north": {"uv": [0, 0, 1, 9.33333], "texture": "#1"},
				"east": {"uv": [1, 0, 2, 9.33333], "texture": "#1"},
				"south": {"uv": [2, 0, 3, 9.33333], "texture": "#1"},
				"west": {"uv": [3, 0, 4, 9.33333], "texture": "#1"},
				"up": {"uv": [10.66667, 3, 9.66667, 2], "texture": "#1"},
				"down": {"uv": [10.66667, 3, 9.66667, 4], "texture": "#1"}
			}
		},
		{
			"from": [7.5, 0, 3.5],
			"to": [8.5, 7, 4.5],
			"faces": {
				"north": {"uv": [3.66667, 9.33333, 4, 11.66667], "texture": "#1"},
				"east": {"uv": [8.66667, 9.66667, 9, 12], "texture": "#1"},
				"south": {"uv": [10, 7, 10.33333, 9.33333], "texture": "#1"},
				"west": {"uv": [10, 9.33333, 10.33333, 11.66667], "texture": "#1"},
				"up": {"uv": [13.33333, 6.33333, 13, 6], "texture": "#1"},
				"down": {"uv": [13.33333, 6.33333, 13, 6.66667], "texture": "#1"}
			}
		},
		{
			"from": [7.5, 0, 11.5],
			"to": [8.5, 7, 12.5],
			"faces": {
				"north": {"uv": [10.33333, 4, 10.66667, 6.33333], "texture": "#1"},
				"east": {"uv": [10.33333, 7, 10.66667, 9.33333], "texture": "#1"},
				"south": {"uv": [9.33333, 10.33333, 9.66667, 12.66667], "texture": "#1"},
				"west": {"uv": [10.33333, 9.33333, 10.66667, 11.66667], "texture": "#1"},
				"up": {"uv": [13.33333, 7, 13, 6.66667], "texture": "#1"},
				"down": {"uv": [13.33333, 7, 13, 7.33333], "texture": "#1"}
			}
		},
		{
			"from": [7, 0, 10.5],
			"to": [9, 7, 11.5],
			"faces": {
				"north": {"uv": [0, 9.33333, 0.66667, 11.66667], "texture": "#1"},
				"east": {"uv": [9.66667, 10.33333, 10, 12.66667], "texture": "#1"},
				"south": {"uv": [0.66667, 9.33333, 1.33333, 11.66667], "texture": "#1"},
				"west": {"uv": [10.66667, 0, 11, 2.33333], "texture": "#1"},
				"up": {"uv": [12.66667, 12.33333, 12, 12], "texture": "#1"},
				"down": {"uv": [0.66667, 12.33333, 0, 12.66667], "texture": "#1"}
			}
		},
		{
			"from": [7, 0, 4.5],
			"to": [9, 7, 5.5],
			"faces": {
				"north": {"uv": [2.33333, 9.33333, 3, 11.66667], "texture": "#1"},
				"east": {"uv": [10.66667, 2.33333, 11, 4.66667], "texture": "#1"},
				"south": {"uv": [3, 9.33333, 3.66667, 11.66667], "texture": "#1"},
				"west": {"uv": [10.66667, 7, 11, 9.33333], "texture": "#1"},
				"up": {"uv": [13, 4.66667, 12.33333, 4.33333], "texture": "#1"},
				"down": {"uv": [10.66667, 12.33333, 10, 12.66667], "texture": "#1"}
			}
		},
		{
			"from": [6.5, 0, 9.5],
			"to": [9.5, 7, 10.5],
			"faces": {
				"north": {"uv": [7.66667, 0, 8.66667, 2.33333], "texture": "#1"},
				"east": {"uv": [11, 2.33333, 11.33333, 4.66667], "texture": "#1"},
				"south": {"uv": [8, 2.33333, 9, 4.66667], "texture": "#1"},
				"west": {"uv": [4, 11, 4.33333, 13.33333], "texture": "#1"},
				"up": {"uv": [13, 4, 12, 3.66667], "texture": "#1"},
				"down": {"uv": [13, 4.66667, 12, 5], "texture": "#1"}
			}
		},
		{
			"from": [6.5, 0, 5.5],
			"to": [9.5, 7, 6.5],
			"faces": {
				"north": {"uv": [7, 4.33333, 8, 6.66667], "texture": "#1"},
				"east": {"uv": [10.66667, 9.33333, 11, 11.66667], "texture": "#1"},
				"south": {"uv": [7, 6.66667, 8, 9], "texture": "#1"},
				"west": {"uv": [11, 0, 11.33333, 2.33333], "texture": "#1"},
				"up": {"uv": [3.33333, 12.33333, 2.33333, 12], "texture": "#1"},
				"down": {"uv": [13, 3.33333, 12, 3.66667], "texture": "#1"}
			}
		},
		{
			"from": [6.5, 21, 9.5],
			"to": [9.5, 26, 10.5],
			"faces": {
				"north": {"uv": [8, 8, 9, 9.66667], "texture": "#1"},
				"east": {"uv": [4.66667, 11.33333, 5, 13], "texture": "#1"},
				"south": {"uv": [8.66667, 0, 9.66667, 1.66667], "texture": "#1"},
				"west": {"uv": [11.33333, 7, 11.66667, 8.66667], "texture": "#1"},
				"up": {"uv": [13, 6.33333, 12, 6], "texture": "#1"},
				"down": {"uv": [13, 7, 12, 7.33333], "texture": "#1"}
			}
		},
		{
			"from": [6.5, 21, 5.5],
			"to": [9.5, 26, 6.5],
			"faces": {
				"north": {"uv": [8, 4.66667, 9, 6.33333], "texture": "#1"},
				"east": {"uv": [11.33333, 0, 11.66667, 1.66667], "texture": "#1"},
				"south": {"uv": [8, 6.33333, 9, 8], "texture": "#1"},
				"west": {"uv": [11.33333, 1.66667, 11.66667, 3.33333], "texture": "#1"},
				"up": {"uv": [13, 5.33333, 12, 5], "texture": "#1"},
				"down": {"uv": [13, 5.33333, 12, 5.66667], "texture": "#1"}
			}
		},
		{
			"from": [6.5, 28, 7.5],
			"to": [9.5, 29, 8.5],
			"faces": {
				"north": {"uv": [12, 7.33333, 13, 7.66667], "texture": "#1"},
				"east": {"uv": [2.33333, 13.33333, 2.66667, 13.66667], "texture": "#1"},
				"south": {"uv": [12, 7.66667, 13, 8], "texture": "#1"},
				"west": {"uv": [2.66667, 13.33333, 3, 13.66667], "texture": "#1"},
				"up": {"uv": [13, 9, 12, 8.66667], "texture": "#1"},
				"down": {"uv": [13, 9, 12, 9.33333], "texture": "#1"}
			}
		},
		{
			"from": [7, 7, 5.5],
			"to": [9, 21, 6.5],
			"faces": {
				"north": {"uv": [5, 0, 5.66667, 4.66667], "texture": "#1"},
				"east": {"uv": [1.33333, 9.33333, 1.66667, 14], "texture": "#1"},
				"south": {"uv": [5, 4.66667, 5.66667, 9.33333], "texture": "#1"},
				"west": {"uv": [1.66667, 9.33333, 2, 14], "texture": "#1"},
				"up": {"uv": [13, 0.33333, 12.33333, 0], "texture": "#1"},
				"down": {"uv": [13, 0.33333, 12.33333, 0.66667], "texture": "#1"}
			}
		},
		{
			"from": [7, 7, 9.5],
			"to": [9, 21, 10.5],
			"faces": {
				"north": {"uv": [5.66667, 0, 6.33333, 4.66667], "texture": "#1"},
				"east": {"uv": [9.33333, 1.66667, 9.66667, 6.33333], "texture": "#1"},
				"south": {"uv": [5.66667, 4.66667, 6.33333, 9.33333], "texture": "#1"},
				"west": {"uv": [2, 9.33333, 2.33333, 14], "texture": "#1"},
				"up": {"uv": [13, 1.33333, 12.33333, 1], "texture": "#1"},
				"down": {"uv": [13, 1.33333, 12.33333, 1.66667], "texture": "#1"}
			}
		},
		{
			"from": [7, 21, 4.5],
			"to": [9, 26, 5.5],
			"faces": {
				"north": {"uv": [5, 9.33333, 5.66667, 11], "texture": "#1"},
				"east": {"uv": [5.66667, 11, 6, 12.66667], "texture": "#1"},
				"south": {"uv": [5.66667, 9.33333, 6.33333, 11], "texture": "#1"},
				"west": {"uv": [6, 11, 6.33333, 12.66667], "texture": "#1"},
				"up": {"uv": [1.33333, 12.66667, 0.66667, 12.33333], "texture": "#1"},
				"down": {"uv": [13, 0.66667, 12.33333, 1], "texture": "#1"}
			}
		},
		{
			"from": [7, 28, 6.5],
			"to": [9, 30, 7.5],
			"faces": {
				"north": {"uv": [11.33333, 10, 12, 10.66667], "texture": "#1"},
				"east": {"uv": [3.66667, 12.66667, 4, 13.33333], "texture": "#1"},
				"south": {"uv": [11.33333, 10.66667, 12, 11.33333], "texture": "#1"},
				"west": {"uv": [4.33333, 12.66667, 4.66667, 13.33333], "texture": "#1"},
				"up": {"uv": [6.33333, 13, 5.66667, 12.66667], "texture": "#1"},
				"down": {"uv": [13.33333, 5.66667, 12.66667, 6], "texture": "#1"}
			}
		},
		{
			"from": [7, 26, 5.5],
			"to": [9, 28, 6.5],
			"faces": {
				"north": {"uv": [11.66667, 0, 12.33333, 0.66667], "texture": "#1"},
				"east": {"uv": [12.66667, 12, 13, 12.66667], "texture": "#1"},
				"south": {"uv": [0.66667, 11.66667, 1.33333, 12.33333], "texture": "#1"},
				"west": {"uv": [12.66667, 12.66667, 13, 13.33333], "texture": "#1"},
				"up": {"uv": [13.33333, 8.66667, 12.66667, 8.33333], "texture": "#1"},
				"down": {"uv": [13.66667, 0, 13, 0.33333], "texture": "#1"}
			}
		},
		{
			"from": [7, 26, 9.5],
			"to": [9, 28, 10.5],
			"faces": {
				"north": {"uv": [11.66667, 0.66667, 12.33333, 1.33333], "texture": "#1"},
				"east": {"uv": [13, 0.33333, 13.33333, 1], "texture": "#1"},
				"south": {"uv": [11.66667, 1.33333, 12.33333, 2], "texture": "#1"},
				"west": {"uv": [13, 1, 13.33333, 1.66667], "texture": "#1"},
				"up": {"uv": [13.66667, 2, 13, 1.66667], "texture": "#1"},
				"down": {"uv": [13.66667, 2, 13, 2.33333], "texture": "#1"}
			}
		},
		{
			"from": [7, 29, 7.5],
			"to": [9, 31, 8.5],
			"faces": {
				"north": {"uv": [11.33333, 8.66667, 12, 9.33333], "texture": "#1"},
				"east": {"uv": [12.66667, 2.66667, 13, 3.33333], "texture": "#1"},
				"south": {"uv": [11.33333, 9.33333, 12, 10], "texture": "#1"},
				"west": {"uv": [3.33333, 12.66667, 3.66667, 13.33333], "texture": "#1"},
				"up": {"uv": [13.33333, 4.33333, 12.66667, 4], "texture": "#1"},
				"down": {"uv": [5.66667, 12.66667, 5, 13], "texture": "#1"}
			}
		},
		{
			"from": [7, 28, 8.5],
			"to": [9, 30, 9.5],
			"faces": {
				"north": {"uv": [11.33333, 11.33333, 12, 12], "texture": "#1"},
				"east": {"uv": [12.66667, 6.33333, 13, 7], "texture": "#1"},
				"south": {"uv": [0, 11.66667, 0.66667, 12.33333], "texture": "#1"},
				"west": {"uv": [8, 12.66667, 8.33333, 13.33333], "texture": "#1"},
				"up": {"uv": [13.33333, 8.33333, 12.66667, 8], "texture": "#1"},
				"down": {"uv": [9, 12.66667, 8.33333, 13], "texture": "#1"}
			}
		},
		{
			"from": [7, 21, 10.5],
			"to": [9, 26, 11.5],
			"faces": {
				"north": {"uv": [9.33333, 7, 10, 8.66667], "texture": "#1"},
				"east": {"uv": [11, 7, 11.33333, 8.66667], "texture": "#1"},
				"south": {"uv": [9.33333, 8.66667, 10, 10.33333], "texture": "#1"},
				"west": {"uv": [8, 11, 8.33333, 12.66667], "texture": "#1"},
				"up": {"uv": [13, 2, 12.33333, 1.66667], "texture": "#1"},
				"down": {"uv": [3, 12.33333, 2.33333, 12.66667], "texture": "#1"}
			}
		},
		{
			"name": "hilt",
			"from": [7, -15, 7],
			"to": [9, -2, 9],
			"rotation": {"angle": 0, "axis": "y", "origin": [8, 12.60526, 8.13158]},
			"faces": {
				"north": {"uv": [6.33333, 0, 7, 4.33333], "texture": "#1"},
				"east": {"uv": [6.33333, 4.33333, 7, 8.66667], "texture": "#1"},
				"south": {"uv": [4, 6.66667, 4.66667, 11], "texture": "#1"},
				"west": {"uv": [7, 0, 7.66667, 4.33333], "texture": "#1"},
				"up": {"uv": [10.33333, 6, 9.66667, 5.33333], "texture": "#1"},
				"down": {"uv": [12, 3.33333, 11.33333, 4], "texture": "#1"}
			}
		},
		{
			"name": "hilt",
			"from": [7, -2, 6],
			"to": [9, -1, 10],
			"rotation": {"angle": 0, "axis": "y", "origin": [8, 12.60526, 8.13158]},
			"faces": {
				"north": {"uv": [9.66667, 6, 10.33333, 6.33333], "texture": "#1"},
				"east": {"uv": [10.66667, 6, 12, 6.33333], "texture": "#1"},
				"south": {"uv": [10, 12, 10.66667, 12.33333], "texture": "#1"},
				"west": {"uv": [11.33333, 4, 12.66667, 4.33333], "texture": "#1"},
				"up": {"uv": [10.33333, 5.33333, 9.66667, 4], "texture": "#1"},
				"down": {"uv": [8.66667, 9.66667, 8, 11], "texture": "#1"}
			}
		},
		{
			"name": "hilt",
			"from": [6.5, -1, 3],
			"to": [9.5, 0, 13],
			"rotation": {"angle": 0, "axis": "y", "origin": [8, 12.60526, 8.13158]},
			"faces": {
				"north": {"uv": [11.33333, 4.33333, 12.33333, 4.66667], "texture": "#1"},
				"east": {"uv": [9.33333, 6.33333, 12.66667, 6.66667], "texture": "#1"},
				"south": {"uv": [11.66667, 2, 12.66667, 2.33333], "texture": "#1"},
				"west": {"uv": [9.33333, 6.66667, 12.66667, 7], "texture": "#1"},
				"up": {"uv": [5, 3.33333, 4, 0], "texture": "#1"},
				"down": {"uv": [5, 3.33333, 4, 6.66667], "texture": "#1"}
			}
		},
		{
			"name": "hilt",
			"from": [7, -1, 2],
			"to": [9, 0, 3],
			"rotation": {"angle": 0, "axis": "y", "origin": [8, 12.60526, 8.13158]},
			"faces": {
				"north": {"uv": [12, 10, 12.66667, 10.33333], "texture": "#1"},
				"east": {"uv": [7.66667, 4, 8, 4.33333], "texture": "#1"},
				"south": {"uv": [12, 10.33333, 12.66667, 10.66667], "texture": "#1"},
				"west": {"uv": [3, 13, 3.33333, 13.33333], "texture": "#1"},
				"up": {"uv": [11.33333, 12.33333, 10.66667, 12], "texture": "#1"},
				"down": {"uv": [12.66667, 10.66667, 12, 11], "texture": "#1"}
			}
		},
		{
			"name": "hilt",
			"from": [7, -1, 13],
			"to": [9, 0, 14],
			"rotation": {"angle": 0, "axis": "y", "origin": [8, 12.60526, 8.13158]},
			"faces": {
				"north": {"uv": [12, 11, 12.66667, 11.33333], "texture": "#1"},
				"east": {"uv": [13, 3, 13.33333, 3.33333], "texture": "#1"},
				"south": {"uv": [11.33333, 12, 12, 12.33333], "texture": "#1"},
				"west": {"uv": [13, 3.33333, 13.33333, 3.66667], "texture": "#1"},
				"up": {"uv": [12.66667, 11.66667, 12, 11.33333], "texture": "#1"},
				"down": {"uv": [12.66667, 11.66667, 12, 12], "texture": "#1"}
			}
		},
		{
			"name": "hilt",
			"from": [7.5, -2, 10],
			"to": [8.5, -1, 13],
			"rotation": {"angle": 0, "axis": "y", "origin": [8, 12.60526, 8.13158]},
			"faces": {
				"north": {"uv": [13, 3.66667, 13.33333, 4], "texture": "#1"},
				"east": {"uv": [2.33333, 11.66667, 3.33333, 12], "texture": "#1"},
				"south": {"uv": [13, 4.33333, 13.33333, 4.66667], "texture": "#1"},
				"west": {"uv": [11.66667, 2.33333, 12.66667, 2.66667], "texture": "#1"},
				"up": {"uv": [3.66667, 12.66667, 3.33333, 11.66667], "texture": "#1"},
				"down": {"uv": [4, 11.66667, 3.66667, 12.66667], "texture": "#1"}
			}
		},
		{
			"name": "hilt",
			"from": [7.5, -4, 9],
			"to": [8.5, -2, 10],
			"rotation": {"angle": 0, "axis": "y", "origin": [8, 12.60526, 8.13158]},
			"faces": {
				"north": {"uv": [8.66667, 1.66667, 9, 2.33333], "texture": "#1"},
				"east": {"uv": [8.66667, 12, 9, 12.66667], "texture": "#1"},
				"south": {"uv": [3, 12.33333, 3.33333, 13], "texture": "#1"},
				"west": {"uv": [10.66667, 12.33333, 11, 13], "texture": "#1"},
				"up": {"uv": [13.33333, 7.66667, 13, 7.33333], "texture": "#1"},
				"down": {"uv": [13.33333, 7.66667, 13, 8], "texture": "#1"}
			}
		},
		{
			"name": "hilt",
			"from": [7.5, -4, 6],
			"to": [8.5, -2, 7],
			"rotation": {"angle": 0, "axis": "y", "origin": [8, 12.60526, 8.13158]},
			"faces": {
				"north": {"uv": [11, 12.33333, 11.33333, 13], "texture": "#1"},
				"east": {"uv": [11.33333, 12.33333, 11.66667, 13], "texture": "#1"},
				"south": {"uv": [11.66667, 12.33333, 12, 13], "texture": "#1"},
				"west": {"uv": [12, 12.33333, 12.33333, 13], "texture": "#1"},
				"up": {"uv": [8.66667, 13.33333, 8.33333, 13], "texture": "#1"},
				"down": {"uv": [9, 13, 8.66667, 13.33333], "texture": "#1"}
			}
		},
		{
			"name": "hilt",
			"from": [7.5, -2, 3],
			"to": [8.5, -1, 6],
			"rotation": {"angle": 0, "axis": "y", "origin": [8, 12.60526, 8.13158]},
			"faces": {
				"north": {"uv": [4.66667, 13, 5, 13.33333], "texture": "#1"},
				"east": {"uv": [11.66667, 2.66667, 12.66667, 3], "texture": "#1"},
				"south": {"uv": [13, 4.66667, 13.33333, 5], "texture": "#1"},
				"west": {"uv": [11.66667, 3, 12.66667, 3.33333], "texture": "#1"},
				"up": {"uv": [12, 5.66667, 11.66667, 4.66667], "texture": "#1"},
				"down": {"uv": [12, 7, 11.66667, 8], "texture": "#1"}
			}
		},
		{
			"name": "hilt",
			"from": [6.5, -16, 6],
			"to": [9.5, -15, 9],
			"rotation": {"angle": 0, "axis": "y", "origin": [8, 12.60526, 8.13158]},
			"faces": {
				"north": {"uv": [11.66667, 5.66667, 12.66667, 6], "texture": "#1"},
				"east": {"uv": [11.66667, 8, 12.66667, 8.33333], "texture": "#1"},
				"south": {"uv": [11.66667, 8.33333, 12.66667, 8.66667], "texture": "#1"},
				"west": {"uv": [10, 11.66667, 11, 12], "texture": "#1"},
				"up": {"uv": [10.66667, 1, 9.66667, 0], "texture": "#1"},
				"down": {"uv": [10.66667, 1, 9.66667, 2], "texture": "#1"}
			}
		},
		{
			"name": "hilt",
			"from": [6.5, -15, 8],
			"to": [9.5, -14, 10],
			"rotation": {"angle": 0, "axis": "y", "origin": [8, 12.60526, 8.13158]},
			"faces": {
				"north": {"uv": [12, 9.33333, 13, 9.66667], "texture": "#1"},
				"east": {"uv": [13, 2.33333, 13.66667, 2.66667], "texture": "#1"},
				"south": {"uv": [12, 9.66667, 13, 10], "texture": "#1"},
				"west": {"uv": [13, 2.66667, 13.66667, 3], "texture": "#1"},
				"up": {"uv": [11.66667, 5.33333, 10.66667, 4.66667], "texture": "#1"},
				"down": {"uv": [11.66667, 5.33333, 10.66667, 6], "texture": "#1"}
			}
		}
	],
	"gui_light": "front",
	"display": {
		"thirdperson_righthand": {
			"rotation": [-8, 0, 0],
			"translation": [0, 10, 0],
			"scale": [0.75, 0.75, 0.75]
		},
		"thirdperson_lefthand": {
			"rotation": [-8, 0, 0],
			"translation": [0, 10, 0],
			"scale": [0.75, 0.75, 0.75]
		},
		"firstperson_righthand": {
			"rotation": [10, 10, 0],
			"translation": [1.5, 9.5, 0],
			"scale": [0.75, 0.75, 0.75]
		},
		"firstperson_lefthand": {
			"rotation": [10, 10, 0],
			"translation": [1.5, 9.5, 0],
			"scale": [0.75, 0.75, 0.75]
		},
		"ground": {
			"rotation": [45, 0, 0],
			"translation": [0, 8, 0],
			"scale": [0.5, 0.5, 0.5]
		},
		"gui": {
			"rotation": [-90, 135, 90],
			"translation": [0.25, 0, 0],
			"scale": [0.44, 0.44, 0.44]
		},
		"fixed": {
			"rotation": [-90, 45, 90],
			"translation": [0.25, 0, 0],
			"scale": [0.5, 0.5, 0.5]
		}
	},
	"groups": [
		{
			"name": "blade",
			"origin": [8, 7, 8],
			"color": 0,
			"children": [0, 1, 2, 3, 4, 5, 6, 7, 8, 9, 10, 11, 12, 13, 14, 15, 16, 17, 18, 19, 20, 21, 22, 23, 24, 25, 26, 27, 28, 29]
		},
		{
			"name": "hilt",
			"origin": [8, 7, 8],
			"color": 0,
			"children": [30, 31, 32, 33, 34, 35, 36, 37, 38, 39, 40]
		}
	]
}