{
	"credit": "Made with Blockbench",
	"texture_size": [32, 32],
	"textures": {
		"1": "item/custom_item/terra_blade/sweep",
		"2": "item/custom_item/terra_blade/terra_doublis_sweep",
		"particle": "item/custom_item/terra_blade/sweep"
	},
	"elements": [
		{
			"name": "blade",
			"from": [14, 7, 7],
			"to": [16, 10, 9],
			"rotation": {"angle": -45, "axis": "z", "origin": [8, 8, 8]},
			"faces": {
				"north": {"uv": [6.5, 4, 8, 5], "rotation": 270, "texture": "#2"},
				"east": {"uv": [5.5, 8, 4.5, 6.5], "rotation": 180, "texture": "#2"},
				"south": {"uv": [6.5, 3, 8, 4], "rotation": 90, "texture": "#2"},
				"west": {"uv": [7.5, 5, 6.5, 6.5], "texture": "#2"},
				"up": {"uv": [9, 0, 10, 1], "rotation": 90, "texture": "#2"},
				"down": {"uv": [8.5, 8.5, 9.5, 9.5], "rotation": 90, "texture": "#2"}
			}
		},
		{
			"name": "blade",
			"from": [18, 7, 7],
			"to": [20, 10, 9],
			"rotation": {"angle": -45, "axis": "z", "origin": [8, 8, 8]},
			"faces": {
				"north": {"uv": [1, 7, 2.5, 8], "rotation": 270, "texture": "#2"},
				"east": {"uv": [3.5, 8.5, 2.5, 7], "rotation": 180, "texture": "#2"},
				"south": {"uv": [5.5, 6.5, 7, 7.5], "rotation": 90, "texture": "#2"},
				"west": {"uv": [4.5, 7, 3.5, 8.5], "texture": "#2"},
				"up": {"uv": [9, 3, 10, 4], "rotation": 90, "texture": "#2"},
				"down": {"uv": [9, 1, 10, 2], "rotation": 90, "texture": "#2"}
			}
		},
		{
			"name": "blade",
			"from": [22, 7, 7],
			"to": [24, 10, 9],
			"rotation": {"angle": -45, "axis": "z", "origin": [8, 8, 8]},
			"faces": {
				"north": {"uv": [7.5, 1, 9, 2], "rotation": 270, "texture": "#2"},
				"east": {"uv": [8.5, 6.5, 7.5, 5], "rotation": 180, "texture": "#2"},
				"south": {"uv": [7.5, 0, 9, 1], "rotation": 90, "texture": "#2"},
				"west": {"uv": [6.5, 7.5, 5.5, 9], "texture": "#2"},
				"up": {"uv": [9.5, 10.5, 10.5, 11.5], "rotation": 90, "texture": "#2"},
				"down": {"uv": [10.5, 8.5, 11.5, 9.5], "rotation": 90, "texture": "#2"}
			}
		},
		{
			"name": "blade",
			"from": [16, 9, 7],
			"to": [18, 10, 9],
			"rotation": {"angle": -45, "axis": "z", "origin": [8, 8, 8]},
			"faces": {
				"north": {"uv": [2, 10.5, 2.5, 11.5], "rotation": 270, "texture": "#2"},
				"east": {"uv": [12, 1.5, 11, 1], "rotation": 180, "texture": "#2"},
				"south": {"uv": [1, 6, 1.5, 7], "rotation": 90, "texture": "#2"},
				"west": {"uv": [12, 1.5, 11, 2], "texture": "#2"},
				"up": {"uv": [5.5, 9, 6.5, 10], "rotation": 90, "texture": "#2"},
				"down": {"uv": [9, 4, 10, 5], "rotation": 90, "texture": "#2"}
			}
		},
		{
			"name": "blade",
			"from": [20, 9, 7],
			"to": [22, 10, 9],
			"rotation": {"angle": -45, "axis": "z", "origin": [8, 8, 8]},
			"faces": {
				"north": {"uv": [3, 11, 3.5, 12], "rotation": 270, "texture": "#2"},
				"east": {"uv": [12, 6.5, 11, 6], "rotation": 180, "texture": "#2"},
				"south": {"uv": [2.5, 11, 3, 12], "rotation": 90, "texture": "#2"},
				"west": {"uv": [12, 6.5, 11, 7], "texture": "#2"},
				"up": {"uv": [3.5, 9.5, 4.5, 10.5], "rotation": 90, "texture": "#2"},
				"down": {"uv": [9.5, 2, 10.5, 3], "rotation": 90, "texture": "#2"}
			}
		},
		{
			"name": "blade",
			"from": [24, 9, 7],
			"to": [26, 10, 9],
			"rotation": {"angle": -45, "axis": "z", "origin": [8, 8, 8]},
			"faces": {
				"north": {"uv": [6.5, 12, 7, 13], "rotation": 270, "texture": "#2"},
				"east": {"uv": [13, 7, 12, 6.5], "rotation": 180, "texture": "#2"},
				"south": {"uv": [6, 12, 6.5, 13], "rotation": 90, "texture": "#2"},
				"west": {"uv": [8, 12, 7, 12.5], "texture": "#2"},
				"up": {"uv": [10.5, 4.5, 11.5, 5.5], "rotation": 90, "texture": "#2"},
				"down": {"uv": [4.5, 10.5, 5.5, 11.5], "rotation": 90, "texture": "#2"}
			}
		},
		{
			"name": "blade",
			"from": [16, 7, 7],
			"to": [18, 8, 9],
			"rotation": {"angle": -45, "axis": "z", "origin": [8, 8, 8]},
			"faces": {
				"north": {"uv": [11, 11, 11.5, 12], "rotation": 270, "texture": "#2"},
				"east": {"uv": [1, 12, 0, 11.5], "rotation": 180, "texture": "#2"},
				"south": {"uv": [10.5, 11, 11, 12], "rotation": 90, "texture": "#2"},
				"west": {"uv": [2, 11.5, 1, 12], "texture": "#2"},
				"up": {"uv": [8.5, 9.5, 9.5, 10.5], "rotation": 90, "texture": "#2"},
				"down": {"uv": [9.5, 5, 10.5, 6], "rotation": 90, "texture": "#2"}
			}
		},
		{
			"name": "blade",
			"from": [20, 7, 7],
			"to": [22, 8, 9],
			"rotation": {"angle": -45, "axis": "z", "origin": [8, 8, 8]},
			"faces": {
				"north": {"uv": [11.5, 2, 12, 3], "rotation": 270, "texture": "#2"},
				"east": {"uv": [12.5, 3.5, 11.5, 3], "rotation": 180, "texture": "#2"},
				"south": {"uv": [2, 11.5, 2.5, 12.5], "rotation": 90, "texture": "#2"},
				"west": {"uv": [4.5, 11.5, 3.5, 12], "texture": "#2"},
				"up": {"uv": [9.5, 9.5, 10.5, 10.5], "rotation": 90, "texture": "#2"},
				"down": {"uv": [9.5, 8.5, 10.5, 9.5], "rotation": 90, "texture": "#2"}
			}
		},
		{
			"name": "blade",
			"from": [24, 7, 7],
			"to": [26, 8, 9],
			"rotation": {"angle": -45, "axis": "z", "origin": [8, 8, 8]},
			"faces": {
				"north": {"uv": [8, 12, 8.5, 13], "rotation": 270, "texture": "#2"},
				"east": {"uv": [13, 8.5, 12, 8], "rotation": 180, "texture": "#2"},
				"south": {"uv": [12, 7, 12.5, 8], "rotation": 90, "texture": "#2"},
				"west": {"uv": [13, 8.5, 12, 9], "texture": "#2"},
				"up": {"uv": [8.5, 10.5, 9.5, 11.5], "rotation": 90, "texture": "#2"},
				"down": {"uv": [10.5, 7.5, 11.5, 8.5], "rotation": 90, "texture": "#2"}
			}
		},
		{
			"name": "blade",
			"from": [21, 6, 7.5],
			"to": [26, 7, 8.5],
			"rotation": {"angle": -45, "axis": "z", "origin": [8, 8, 8]},
			"faces": {
				"north": {"uv": [0, 8, 0.5, 10.5], "rotation": 270, "texture": "#2"},
				"east": {"uv": [9.5, 5.5, 9, 5], "rotation": 180, "texture": "#2"},
				"south": {"uv": [7, 7.5, 7.5, 10], "rotation": 90, "texture": "#2"},
				"west": {"uv": [10, 6, 9.5, 6.5], "texture": "#2"},
				"up": {"uv": [7.5, 7.5, 8, 10], "rotation": 90, "texture": "#2"},
				"down": {"uv": [6.5, 7.5, 7, 10], "rotation": 90, "texture": "#2"}
			}
		},
		{
			"name": "blade",
			"from": [16, 6, 7],
			"to": [21, 7, 9],
			"rotation": {"angle": -45, "axis": "z", "origin": [8, 8, 8]},
			"faces": {
				"north": {"uv": [1, 8, 1.5, 10.5], "rotation": 270, "texture": "#2"},
				"east": {"uv": [12.5, 4, 11.5, 3.5], "rotation": 180, "texture": "#2"},
				"south": {"uv": [0.5, 8, 1, 10.5], "rotation": 90, "texture": "#2"},
				"west": {"uv": [5.5, 11.5, 4.5, 12], "texture": "#2"},
				"up": {"uv": [5.5, 0, 6.5, 2.5], "rotation": 90, "texture": "#2"},
				"down": {"uv": [4.5, 4, 5.5, 6.5], "rotation": 90, "texture": "#2"}
			}
		},
		{
			"name": "blade",
			"from": [14, 6, 7.5],
			"to": [16, 7, 8.5],
			"rotation": {"angle": -45, "axis": "z", "origin": [8, 8, 8]},
			"faces": {
				"north": {"uv": [11.5, 8.5, 12, 9.5], "rotation": 270, "texture": "#2"},
				"east": {"uv": [12.5, 9.5, 12, 9], "rotation": 180, "texture": "#2"},
				"south": {"uv": [11.5, 7.5, 12, 8.5], "rotation": 90, "texture": "#2"},
				"west": {"uv": [12.5, 9.5, 12, 10], "texture": "#2"},
				"up": {"uv": [8.5, 11.5, 9, 12.5], "rotation": 90, "texture": "#2"},
				"down": {"uv": [11.5, 4.5, 12, 5.5], "rotation": 90, "texture": "#2"}
			}
		},
		{
			"name": "blade",
			"from": [28, 10, 7],
			"to": [30, 11, 9],
			"rotation": {"angle": -45, "axis": "z", "origin": [8, 8, 8]},
			"faces": {
				"north": {"uv": [9.5, 11.5, 10, 12.5], "rotation": 270, "texture": "#2"},
				"east": {"uv": [12.5, 11.5, 11.5, 11], "rotation": 180, "texture": "#2"},
				"south": {"uv": [9, 11.5, 9.5, 12.5], "rotation": 90, "texture": "#2"},
				"west": {"uv": [12.5, 11.5, 11.5, 12], "texture": "#2"},
				"up": {"uv": [10, 1, 11, 2], "rotation": 90, "texture": "#2"},
				"down": {"uv": [10, 0, 11, 1], "rotation": 90, "texture": "#2"}
			}
		},
		{
			"name": "blade",
			"from": [30, 10, 7.5],
			"to": [31, 11, 8.5],
			"rotation": {"angle": -45, "axis": "z", "origin": [8, 8, 8]},
			"faces": {
				"north": {"uv": [11, 12, 11.5, 12.5], "rotation": 270, "texture": "#2"},
				"east": {"uv": [12, 12.5, 11.5, 12], "rotation": 180, "texture": "#2"},
				"south": {"uv": [10.5, 12, 11, 12.5], "rotation": 90, "texture": "#2"},
				"west": {"uv": [12.5, 12, 12, 12.5], "texture": "#2"},
				"up": {"uv": [12, 10.5, 12.5, 11], "rotation": 90, "texture": "#2"},
				"down": {"uv": [12, 10, 12.5, 10.5], "rotation": 90, "texture": "#2"}
			}
		},
		{
			"name": "blade",
			"from": [24, 10, 7.5],
			"to": [28, 11, 8.5],
			"rotation": {"angle": -45, "axis": "z", "origin": [8, 8, 8]},
			"faces": {
				"north": {"uv": [6, 10, 6.5, 12], "rotation": 270, "texture": "#2"},
				"east": {"uv": [0.5, 13, 0, 12.5], "rotation": 180, "texture": "#2"},
				"south": {"uv": [10, 3, 10.5, 5], "rotation": 90, "texture": "#2"},
				"west": {"uv": [1, 12.5, 0.5, 13], "texture": "#2"},
				"up": {"uv": [5.5, 10, 6, 12], "rotation": 90, "texture": "#2"},
				"down": {"uv": [8, 3, 8.5, 5], "rotation": 90, "texture": "#2"}
			}
		},
		{
			"name": "blade",
			"from": [28, 11, 7.5],
			"to": [32, 12, 8.5],
			"rotation": {"angle": -45, "axis": "z", "origin": [8, 8, 8]},
			"faces": {
				"north": {"uv": [8, 10, 8.5, 12], "rotation": 270, "texture": "#2"},
				"east": {"uv": [1.5, 13, 1, 12.5], "rotation": 180, "texture": "#2"},
				"south": {"uv": [7, 10, 7.5, 12], "rotation": 90, "texture": "#2"},
				"west": {"uv": [13, 1, 12.5, 1.5], "texture": "#2"},
				"up": {"uv": [7.5, 10, 8, 12], "rotation": 90, "texture": "#2"},
				"down": {"uv": [6.5, 10, 7, 12], "rotation": 90, "texture": "#2"}
			}
		},
		{
			"name": "blade",
			"from": [29, 9, 7.5],
			"to": [30, 10, 8.5],
			"rotation": {"angle": -45, "axis": "z", "origin": [8, 8, 8]},
			"faces": {
				"north": {"uv": [12.5, 2, 13, 2.5], "rotation": 270, "texture": "#2"},
				"east": {"uv": [13, 3, 12.5, 2.5], "rotation": 180, "texture": "#2"},
				"south": {"uv": [12.5, 1.5, 13, 2], "rotation": 90, "texture": "#2"},
				"west": {"uv": [3.5, 12.5, 3, 13], "texture": "#2"},
				"up": {"uv": [2, 12.5, 2.5, 13], "rotation": 90, "texture": "#2"},
				"down": {"uv": [1.5, 12.5, 2, 13], "rotation": 90, "texture": "#2"}
			}
		},
		{
			"name": "blade",
			"from": [26, 8, 7],
			"to": [28, 10, 9],
			"rotation": {"angle": -45, "axis": "z", "origin": [8, 8, 8]},
			"faces": {
				"north": {"uv": [10.5, 2, 11.5, 3], "rotation": 270, "texture": "#2"},
				"east": {"uv": [11.5, 4, 10.5, 3], "rotation": 180, "texture": "#2"},
				"south": {"uv": [0, 10.5, 1, 11.5], "rotation": 90, "texture": "#2"},
				"west": {"uv": [4.5, 10.5, 3.5, 11.5], "texture": "#2"},
				"up": {"uv": [1, 10.5, 2, 11.5], "rotation": 90, "texture": "#2"},
				"down": {"uv": [10, 6, 11, 7], "rotation": 90, "texture": "#2"}
			}
		},
		{
			"name": "blade",
			"from": [28, 9, 7],
			"to": [29, 10, 9],
			"rotation": {"angle": -45, "axis": "z", "origin": [8, 8, 8]},
			"faces": {
				"north": {"uv": [3.5, 12.5, 4, 13], "rotation": 270, "texture": "#2"},
				"east": {"uv": [13, 1, 12, 0.5], "rotation": 180, "texture": "#2"},
				"south": {"uv": [12.5, 3, 13, 3.5], "rotation": 90, "texture": "#2"},
				"west": {"uv": [2, 12, 1, 12.5], "texture": "#2"},
				"up": {"uv": [12, 0, 13, 0.5], "rotation": 90, "texture": "#2"},
				"down": {"uv": [0, 12, 1, 12.5], "rotation": 90, "texture": "#2"}
			}
		},
		{
			"name": "blade",
			"from": [28, 8, 7.5],
			"to": [29, 9, 8.5],
			"rotation": {"angle": -45, "axis": "z", "origin": [8, 8, 8]},
			"faces": {
				"north": {"uv": [4.5, 12.5, 5, 13], "rotation": 270, "texture": "#2"},
				"east": {"uv": [13, 5, 12.5, 4.5], "rotation": 180, "texture": "#2"},
				"south": {"uv": [4, 12.5, 4.5, 13], "rotation": 90, "texture": "#2"},
				"west": {"uv": [13, 5, 12.5, 5.5], "texture": "#2"},
				"up": {"uv": [12.5, 4, 13, 4.5], "rotation": 90, "texture": "#2"},
				"down": {"uv": [12.5, 3.5, 13, 4], "rotation": 90, "texture": "#2"}
			}
		},
		{
			"name": "blade",
			"from": [26, 7, 7.5],
			"to": [28, 8, 8.5],
			"rotation": {"angle": -45, "axis": "z", "origin": [8, 8, 8]},
			"faces": {
				"north": {"uv": [2.5, 12, 3, 13], "rotation": 270, "texture": "#2"},
				"east": {"uv": [13, 6, 12.5, 5.5], "rotation": 180, "texture": "#2"},
				"south": {"uv": [12, 1, 12.5, 2], "rotation": 90, "texture": "#2"},
				"west": {"uv": [13, 6, 12.5, 6.5], "texture": "#2"},
				"up": {"uv": [12, 2, 12.5, 3], "rotation": 90, "texture": "#2"},
				"down": {"uv": [10, 11.5, 10.5, 12.5], "rotation": 90, "texture": "#2"}
			}
		},
		{
			"name": "blade",
			"from": [16, 10, 7.5],
			"to": [21, 11, 8.5],
			"rotation": {"angle": -45, "axis": "z", "origin": [8, 8, 8]},
			"faces": {
				"north": {"uv": [5, 8, 5.5, 10.5], "rotation": 270, "texture": "#2"},
				"east": {"uv": [7.5, 13, 7, 12.5], "rotation": 180, "texture": "#2"},
				"south": {"uv": [2, 8, 2.5, 10.5], "rotation": 90, "texture": "#2"},
				"west": {"uv": [13, 7, 12.5, 7.5], "texture": "#2"},
				"up": {"uv": [4.5, 8, 5, 10.5], "rotation": 90, "texture": "#2"},
				"down": {"uv": [1.5, 8, 2, 10.5], "rotation": 90, "texture": "#2"}
			}
		},
		{
			"name": "blade",
			"from": [17, 11, 7.5],
			"to": [19, 12, 8.5],
			"rotation": {"angle": -45, "axis": "z", "origin": [8, 8, 8]},
			"faces": {
				"north": {"uv": [12, 5.5, 12.5, 6.5], "rotation": 270, "texture": "#2"},
				"east": {"uv": [8, 13, 7.5, 12.5], "rotation": 180, "texture": "#2"},
				"south": {"uv": [5, 12, 5.5, 13], "rotation": 90, "texture": "#2"},
				"west": {"uv": [13, 7.5, 12.5, 8], "texture": "#2"},
				"up": {"uv": [5.5, 12, 6, 13], "rotation": 90, "texture": "#2"},
				"down": {"uv": [12, 4.5, 12.5, 5.5], "rotation": 90, "texture": "#2"}
			}
		},
		{
			"name": "blade",
			"from": [16, 5, 7.5],
			"to": [21, 6, 8.5],
			"rotation": {"angle": -45, "axis": "z", "origin": [8, 8, 8]},
			"faces": {
				"north": {"uv": [8.5, 3, 9, 5.5], "rotation": 270, "texture": "#2"},
				"east": {"uv": [9, 13, 8.5, 12.5], "rotation": 180, "texture": "#2"},
				"south": {"uv": [2.5, 8.5, 3, 11], "rotation": 90, "texture": "#2"},
				"west": {"uv": [9.5, 12.5, 9, 13], "texture": "#2"},
				"up": {"uv": [3, 8.5, 3.5, 11], "rotation": 90, "texture": "#2"},
				"down": {"uv": [8, 7.5, 8.5, 10], "rotation": 90, "texture": "#2"}
			}
		},
		{
			"from": [2, 5, 6.5],
			"to": [3, 11, 9.5],
			"rotation": {"angle": -45, "axis": "z", "origin": [8, 8, 8]},
			"faces": {
				"north": {"uv": [7, 7, 10, 7.5], "rotation": 270, "texture": "#2"},
				"east": {"uv": [1.5, 6, 0, 3], "rotation": 180, "texture": "#2"},
				"south": {"uv": [7, 6.5, 10, 7], "rotation": 90, "texture": "#2"},
				"west": {"uv": [4.5, 0, 3, 3], "texture": "#2"},
				"up": {"uv": [10.5, 10.5, 12, 11], "rotation": 90, "texture": "#2"},
				"down": {"uv": [10.5, 10, 12, 10.5], "rotation": 90, "texture": "#2"}
			}
		},
		{
			"from": [13, 5, 6.5],
			"to": [14, 11, 9.5],
			"rotation": {"angle": -45, "axis": "z", "origin": [8, 8, 8]},
			"faces": {
				"north": {"uv": [6.5, 2.5, 9.5, 3], "rotation": 270, "texture": "#2"},
				"east": {"uv": [1.5, 3, 0, 0], "rotation": 180, "texture": "#2"},
				"south": {"uv": [6.5, 2, 9.5, 2.5], "rotation": 90, "texture": "#2"},
				"west": {"uv": [3, 0, 1.5, 3], "texture": "#2"},
				"up": {"uv": [10.5, 9.5, 12, 10], "rotation": 90, "texture": "#2"},
				"down": {"uv": [10.5, 5.5, 12, 6], "rotation": 90, "texture": "#2"}
			}
		},
		{
			"name": "hilt",
			"from": [4, 7, 7],
			"to": [12, 9, 9],
			"rotation": {"angle": -45, "axis": "z", "origin": [8, 8, 8]},
			"faces": {
				"north": {"uv": [4.5, 0, 5.5, 4], "rotation": 270, "texture": "#2"},
				"east": {"uv": [4.5, 9.5, 3.5, 8.5], "rotation": 180, "texture": "#2"},
				"south": {"uv": [2.5, 3, 3.5, 7], "rotation": 90, "texture": "#2"},
				"west": {"uv": [9.5, 5.5, 8.5, 6.5], "texture": "#2"},
				"up": {"uv": [3.5, 3, 4.5, 7], "rotation": 90, "texture": "#2"},
				"down": {"uv": [1.5, 3, 2.5, 7], "rotation": 90, "texture": "#2"}
			}
		},
		{
			"name": "hilt",
			"from": [12, 6, 7],
			"to": [13, 10, 9],
			"rotation": {"angle": -45, "axis": "z", "origin": [8, 8, 8]},
			"faces": {
				"north": {"uv": [8.5, 8, 10.5, 8.5], "rotation": 270, "texture": "#2"},
				"east": {"uv": [6.5, 4.5, 5.5, 2.5], "rotation": 180, "texture": "#2"},
				"south": {"uv": [8.5, 7.5, 10.5, 8], "rotation": 90, "texture": "#2"},
				"west": {"uv": [6.5, 4.5, 5.5, 6.5], "texture": "#2"},
				"up": {"uv": [11, 0.5, 12, 1], "rotation": 90, "texture": "#2"},
				"down": {"uv": [11, 0, 12, 0.5], "rotation": 90, "texture": "#2"}
			}
		},
		{
			"name": "hilt",
			"from": [3, 6, 7],
			"to": [4, 10, 9],
			"rotation": {"angle": -45, "axis": "z", "origin": [8, 8, 8]},
			"faces": {
				"north": {"uv": [10.5, 4, 12.5, 4.5], "rotation": 270, "texture": "#2"},
				"east": {"uv": [1, 8, 0, 6], "rotation": 180, "texture": "#2"},
				"south": {"uv": [10, 7, 12, 7.5], "rotation": 90, "texture": "#2"},
				"west": {"uv": [7.5, 0, 6.5, 2], "texture": "#2"},
				"up": {"uv": [4, 12, 5, 12.5], "rotation": 90, "texture": "#2"},
				"down": {"uv": [3, 12, 4, 12.5], "rotation": 90, "texture": "#2"}
			}
		},
		{
			"name": "blade",
			"from": [0, 6, 7],
			"to": [2, 9, 9],
			"rotation": {"angle": -45, "axis": "z", "origin": [8, 8, 8]},
			"faces": {
				"north": {"uv": [8, 5, 6.5, 4], "rotation": 270, "texture": "#2"},
				"east": {"uv": [7.5, 5, 6.5, 6.5], "rotation": 180, "texture": "#2"},
				"south": {"uv": [8, 4, 6.5, 3], "rotation": 90, "texture": "#2"},
				"west": {"uv": [5.5, 8, 4.5, 6.5], "texture": "#2"},
				"up": {"uv": [9.5, 9.5, 8.5, 8.5], "rotation": 90, "texture": "#2"},
				"down": {"uv": [10, 1, 9, 0], "rotation": 90, "texture": "#2"}
			}
		},
		{
			"name": "blade",
			"from": [-4, 6, 7],
			"to": [-2, 9, 9],
			"rotation": {"angle": -45, "axis": "z", "origin": [8, 8, 8]},
			"faces": {
				"north": {"uv": [2.5, 8, 1, 7], "rotation": 270, "texture": "#2"},
				"east": {"uv": [4.5, 7, 3.5, 8.5], "rotation": 180, "texture": "#2"},
				"south": {"uv": [7, 7.5, 5.5, 6.5], "rotation": 90, "texture": "#2"},
				"west": {"uv": [3.5, 8.5, 2.5, 7], "texture": "#2"},
				"up": {"uv": [10, 2, 9, 1], "rotation": 90, "texture": "#2"},
				"down": {"uv": [10, 4, 9, 3], "rotation": 90, "texture": "#2"}
			}
		},
		{
			"name": "blade",
			"from": [-8, 6, 7],
			"to": [-6, 9, 9],
			"rotation": {"angle": -45, "axis": "z", "origin": [8, 8, 8]},
			"faces": {
				"north": {"uv": [9, 2, 7.5, 1], "rotation": 270, "texture": "#2"},
				"east": {"uv": [6.5, 7.5, 5.5, 9], "rotation": 180, "texture": "#2"},
				"south": {"uv": [9, 1, 7.5, 0], "rotation": 90, "texture": "#2"},
				"west": {"uv": [8.5, 6.5, 7.5, 5], "texture": "#2"},
				"up": {"uv": [11.5, 9.5, 10.5, 8.5], "rotation": 90, "texture": "#2"},
				"down": {"uv": [10.5, 11.5, 9.5, 10.5], "rotation": 90, "texture": "#2"}
			}
		},
		{
			"name": "blade",
			"from": [-2, 6, 7],
			"to": [0, 7, 9],
			"rotation": {"angle": -45, "axis": "z", "origin": [8, 8, 8]},
			"faces": {
				"north": {"uv": [2.5, 11.5, 2, 10.5], "rotation": 270, "texture": "#2"},
				"east": {"uv": [12, 1.5, 11, 2], "rotation": 180, "texture": "#2"},
				"south": {"uv": [1.5, 7, 1, 6], "rotation": 90, "texture": "#2"},
				"west": {"uv": [12, 1.5, 11, 1], "texture": "#2"},
				"up": {"uv": [10, 5, 9, 4], "rotation": 90, "texture": "#2"},
				"down": {"uv": [6.5, 10, 5.5, 9], "rotation": 90, "texture": "#2"}
			}
		},
		{
			"name": "blade",
			"from": [-6, 6, 7],
			"to": [-4, 7, 9],
			"rotation": {"angle": -45, "axis": "z", "origin": [8, 8, 8]},
			"faces": {
				"north": {"uv": [3.5, 12, 3, 11], "rotation": 270, "texture": "#2"},
				"east": {"uv": [12, 6.5, 11, 7], "rotation": 180, "texture": "#2"},
				"south": {"uv": [3, 12, 2.5, 11], "rotation": 90, "texture": "#2"},
				"west": {"uv": [12, 6.5, 11, 6], "texture": "#2"},
				"up": {"uv": [10.5, 3, 9.5, 2], "rotation": 90, "texture": "#2"},
				"down": {"uv": [4.5, 10.5, 3.5, 9.5], "rotation": 90, "texture": "#2"}
			}
		},
		{
			"name": "blade",
			"from": [-10, 6, 7],
			"to": [-8, 7, 9],
			"rotation": {"angle": -45, "axis": "z", "origin": [8, 8, 8]},
			"faces": {
				"north": {"uv": [7, 13, 6.5, 12], "rotation": 270, "texture": "#2"},
				"east": {"uv": [8, 12, 7, 12.5], "rotation": 180, "texture": "#2"},
				"south": {"uv": [6.5, 13, 6, 12], "rotation": 90, "texture": "#2"},
				"west": {"uv": [13, 7, 12, 6.5], "texture": "#2"},
				"up": {"uv": [5.5, 11.5, 4.5, 10.5], "rotation": 90, "texture": "#2"},
				"down": {"uv": [11.5, 5.5, 10.5, 4.5], "rotation": 90, "texture": "#2"}
			}
		},
		{
			"name": "blade",
			"from": [-2, 8, 7],
			"to": [0, 9, 9],
			"rotation": {"angle": -45, "axis": "z", "origin": [8, 8, 8]},
			"faces": {
				"north": {"uv": [11.5, 12, 11, 11], "rotation": 270, "texture": "#2"},
				"east": {"uv": [2, 11.5, 1, 12], "rotation": 180, "texture": "#2"},
				"south": {"uv": [11, 12, 10.5, 11], "rotation": 90, "texture": "#2"},
				"west": {"uv": [1, 12, 0, 11.5], "texture": "#2"},
				"up": {"uv": [10.5, 6, 9.5, 5], "rotation": 90, "texture": "#2"},
				"down": {"uv": [9.5, 10.5, 8.5, 9.5], "rotation": 90, "texture": "#2"}
			}
		},
		{
			"name": "blade",
			"from": [-6, 8, 7],
			"to": [-4, 9, 9],
			"rotation": {"angle": -45, "axis": "z", "origin": [8, 8, 8]},
			"faces": {
				"north": {"uv": [12, 3, 11.5, 2], "rotation": 270, "texture": "#2"},
				"east": {"uv": [4.5, 11.5, 3.5, 12], "rotation": 180, "texture": "#2"},
				"south": {"uv": [2.5, 12.5, 2, 11.5], "rotation": 90, "texture": "#2"},
				"west": {"uv": [12.5, 3.5, 11.5, 3], "texture": "#2"},
				"up": {"uv": [10.5, 9.5, 9.5, 8.5], "rotation": 90, "texture": "#2"},
				"down": {"uv": [10.5, 10.5, 9.5, 9.5], "rotation": 90, "texture": "#2"}
			}
		},
		{
			"name": "blade",
			"from": [-10, 8, 7],
			"to": [-8, 9, 9],
			"rotation": {"angle": -45, "axis": "z", "origin": [8, 8, 8]},
			"faces": {
				"north": {"uv": [8.5, 13, 8, 12], "rotation": 270, "texture": "#2"},
				"east": {"uv": [13, 8.5, 12, 9], "rotation": 180, "texture": "#2"},
				"south": {"uv": [12.5, 8, 12, 7], "rotation": 90, "texture": "#2"},
				"west": {"uv": [13, 8.5, 12, 8], "texture": "#2"},
				"up": {"uv": [11.5, 8.5, 10.5, 7.5], "rotation": 90, "texture": "#2"},
				"down": {"uv": [9.5, 11.5, 8.5, 10.5], "rotation": 90, "texture": "#2"}
			}
		},
		{
			"name": "blade",
			"from": [-10, 9, 7.5],
			"to": [-5, 10, 8.5],
			"rotation": {"angle": -45, "axis": "z", "origin": [8, 8, 8]},
			"faces": {
				"north": {"uv": [0.5, 10.5, 0, 8], "rotation": 270, "texture": "#2"},
				"east": {"uv": [10, 6, 9.5, 6.5], "rotation": 180, "texture": "#2"},
				"south": {"uv": [7.5, 10, 7, 7.5], "rotation": 90, "texture": "#2"},
				"west": {"uv": [9.5, 5.5, 9, 5], "texture": "#2"},
				"up": {"uv": [7, 10, 6.5, 7.5], "rotation": 90, "texture": "#2"},
				"down": {"uv": [8, 10, 7.5, 7.5], "rotation": 90, "texture": "#2"}
			}
		},
		{
			"name": "blade",
			"from": [-5, 9, 7],
			"to": [0, 10, 9],
			"rotation": {"angle": -45, "axis": "z", "origin": [8, 8, 8]},
			"faces": {
				"north": {"uv": [1.5, 10.5, 1, 8], "rotation": 270, "texture": "#2"},
				"east": {"uv": [5.5, 11.5, 4.5, 12], "rotation": 180, "texture": "#2"},
				"south": {"uv": [1, 10.5, 0.5, 8], "rotation": 90, "texture": "#2"},
				"west": {"uv": [12.5, 4, 11.5, 3.5], "texture": "#2"},
				"up": {"uv": [5.5, 6.5, 4.5, 4], "rotation": 90, "texture": "#2"},
				"down": {"uv": [6.5, 2.5, 5.5, 0], "rotation": 90, "texture": "#2"}
			}
		},
		{
			"name": "blade",
			"from": [0, 9, 7.5],
			"to": [2, 10, 8.5],
			"rotation": {"angle": -45, "axis": "z", "origin": [8, 8, 8]},
			"faces": {
				"north": {"uv": [12, 9.5, 11.5, 8.5], "rotation": 270, "texture": "#2"},
				"east": {"uv": [12.5, 9.5, 12, 10], "rotation": 180, "texture": "#2"},
				"south": {"uv": [12, 8.5, 11.5, 7.5], "rotation": 90, "texture": "#2"},
				"west": {"uv": [12.5, 9.5, 12, 9], "texture": "#2"},
				"up": {"uv": [12, 5.5, 11.5, 4.5], "rotation": 90, "texture": "#2"},
				"down": {"uv": [9, 12.5, 8.5, 11.5], "rotation": 90, "texture": "#2"}
			}
		},
		{
			"name": "blade",
			"from": [-14, 5, 7],
			"to": [-12, 6, 9],
			"rotation": {"angle": -45, "axis": "z", "origin": [8, 8, 8]},
			"faces": {
				"north": {"uv": [10, 12.5, 9.5, 11.5], "rotation": 270, "texture": "#2"},
				"east": {"uv": [12.5, 11.5, 11.5, 12], "rotation": 180, "texture": "#2"},
				"south": {"uv": [9.5, 12.5, 9, 11.5], "rotation": 90, "texture": "#2"},
				"west": {"uv": [12.5, 11.5, 11.5, 11], "texture": "#2"},
				"up": {"uv": [11, 1, 10, 0], "rotation": 90, "texture": "#2"},
				"down": {"uv": [11, 2, 10, 1], "rotation": 90, "texture": "#2"}
			}
		},
		{
			"name": "blade",
			"from": [-15, 5, 7.5],
			"to": [-14, 6, 8.5],
			"rotation": {"angle": -45, "axis": "z", "origin": [8, 8, 8]},
			"faces": {
				"north": {"uv": [11.5, 12.5, 11, 12], "rotation": 270, "texture": "#2"},
				"east": {"uv": [12.5, 12, 12, 12.5], "rotation": 180, "texture": "#2"},
				"south": {"uv": [11, 12.5, 10.5, 12], "rotation": 90, "texture": "#2"},
				"west": {"uv": [12, 12.5, 11.5, 12], "texture": "#2"},
				"up": {"uv": [12.5, 10.5, 12, 10], "rotation": 90, "texture": "#2"},
				"down": {"uv": [12.5, 11, 12, 10.5], "rotation": 90, "texture": "#2"}
			}
		},
		{
			"name": "blade",
			"from": [-12, 5, 7.5],
			"to": [-8, 6, 8.5],
			"rotation": {"angle": -45, "axis": "z", "origin": [8, 8, 8]},
			"faces": {
				"north": {"uv": [6.5, 12, 6, 10], "rotation": 270, "texture": "#2"},
				"east": {"uv": [1, 12.5, 0.5, 13], "rotation": 180, "texture": "#2"},
				"south": {"uv": [10.5, 5, 10, 3], "rotation": 90, "texture": "#2"},
				"west": {"uv": [0.5, 13, 0, 12.5], "texture": "#2"},
				"up": {"uv": [8.5, 5, 8, 3], "rotation": 90, "texture": "#2"},
				"down": {"uv": [6, 12, 5.5, 10], "rotation": 90, "texture": "#2"}
			}
		},
		{
			"name": "blade",
			"from": [-16, 4, 7.5],
			"to": [-12, 5, 8.5],
			"rotation": {"angle": -45, "axis": "z", "origin": [8, 8, 8]},
			"faces": {
				"north": {"uv": [8.5, 12, 8, 10], "rotation": 270, "texture": "#2"},
				"east": {"uv": [13, 1, 12.5, 1.5], "rotation": 180, "texture": "#2"},
				"south": {"uv": [7.5, 12, 7, 10], "rotation": 90, "texture": "#2"},
				"west": {"uv": [1.5, 13, 1, 12.5], "texture": "#2"},
				"up": {"uv": [7, 12, 6.5, 10], "rotation": 90, "texture": "#2"},
				"down": {"uv": [8, 12, 7.5, 10], "rotation": 90, "texture": "#2"}
			}
		},
		{
			"name": "blade",
			"from": [-14, 6, 7.5],
			"to": [-13, 7, 8.5],
			"rotation": {"angle": -45, "axis": "z", "origin": [8, 8, 8]},
			"faces": {
				"north": {"uv": [13, 2.5, 12.5, 2], "rotation": 270, "texture": "#2"},
				"east": {"uv": [3.5, 12.5, 3, 13], "rotation": 180, "texture": "#2"},
				"south": {"uv": [13, 2, 12.5, 1.5], "rotation": 90, "texture": "#2"},
				"west": {"uv": [13, 3, 12.5, 2.5], "texture": "#2"},
				"up": {"uv": [2, 13, 1.5, 12.5], "rotation": 90, "texture": "#2"},
				"down": {"uv": [2.5, 13, 2, 12.5], "rotation": 90, "texture": "#2"}
			}
		},
		{
			"name": "blade",
			"from": [-12, 6, 7],
			"to": [-10, 8, 9],
			"rotation": {"angle": -45, "axis": "z", "origin": [8, 8, 8]},
			"faces": {
				"north": {"uv": [11.5, 3, 10.5, 2], "rotation": 270, "texture": "#2"},
				"east": {"uv": [4.5, 10.5, 3.5, 11.5], "rotation": 180, "texture": "#2"},
				"south": {"uv": [1, 11.5, 0, 10.5], "rotation": 90, "texture": "#2"},
				"west": {"uv": [11.5, 4, 10.5, 3], "texture": "#2"},
				"up": {"uv": [11, 7, 10, 6], "rotation": 90, "texture": "#2"},
				"down": {"uv": [2, 11.5, 1, 10.5], "rotation": 90, "texture": "#2"}
			}
		},
		{
			"name": "blade",
			"from": [-13, 6, 7],
			"to": [-12, 7, 9],
			"rotation": {"angle": -45, "axis": "z", "origin": [8, 8, 8]},
			"faces": {
				"north": {"uv": [4, 13, 3.5, 12.5], "rotation": 270, "texture": "#2"},
				"east": {"uv": [2, 12, 1, 12.5], "rotation": 180, "texture": "#2"},
				"south": {"uv": [13, 3.5, 12.5, 3], "rotation": 90, "texture": "#2"},
				"west": {"uv": [13, 1, 12, 0.5], "texture": "#2"},
				"up": {"uv": [1, 12.5, 0, 12], "rotation": 90, "texture": "#2"},
				"down": {"uv": [13, 0.5, 12, 0], "rotation": 90, "texture": "#2"}
			}
		},
		{
			"name": "blade",
			"from": [-13, 7, 7.5],
			"to": [-12, 8, 8.5],
			"rotation": {"angle": -45, "axis": "z", "origin": [8, 8, 8]},
			"faces": {
				"north": {"uv": [5, 13, 4.5, 12.5], "rotation": 270, "texture": "#2"},
				"east": {"uv": [13, 5, 12.5, 5.5], "rotation": 180, "texture": "#2"},
				"south": {"uv": [4.5, 13, 4, 12.5], "rotation": 90, "texture": "#2"},
				"west": {"uv": [13, 5, 12.5, 4.5], "texture": "#2"},
				"up": {"uv": [13, 4, 12.5, 3.5], "rotation": 90, "texture": "#2"},
				"down": {"uv": [13, 4.5, 12.5, 4], "rotation": 90, "texture": "#2"}
			}
		},
		{
			"name": "blade",
			"from": [-12, 8, 7.5],
			"to": [-10, 9, 8.5],
			"rotation": {"angle": -45, "axis": "z", "origin": [8, 8, 8]},
			"faces": {
				"north": {"uv": [3, 13, 2.5, 12], "rotation": 270, "texture": "#2"},
				"east": {"uv": [13, 6, 12.5, 6.5], "rotation": 180, "texture": "#2"},
				"south": {"uv": [12.5, 2, 12, 1], "rotation": 90, "texture": "#2"},
				"west": {"uv": [13, 6, 12.5, 5.5], "texture": "#2"},
				"up": {"uv": [10.5, 12.5, 10, 11.5], "rotation": 90, "texture": "#2"},
				"down": {"uv": [12.5, 3, 12, 2], "rotation": 90, "texture": "#2"}
			}
		},
		{
			"name": "blade",
			"from": [-5, 5, 7.5],
			"to": [0, 6, 8.5],
			"rotation": {"angle": -45, "axis": "z", "origin": [8, 8, 8]},
			"faces": {
				"north": {"uv": [5.5, 10.5, 5, 8], "rotation": 270, "texture": "#2"},
				"east": {"uv": [13, 7, 12.5, 7.5], "rotation": 180, "texture": "#2"},
				"south": {"uv": [2.5, 10.5, 2, 8], "rotation": 90, "texture": "#2"},
				"west": {"uv": [7.5, 13, 7, 12.5], "texture": "#2"},
				"up": {"uv": [2, 10.5, 1.5, 8], "rotation": 90, "texture": "#2"},
				"down": {"uv": [5, 10.5, 4.5, 8], "rotation": 90, "texture": "#2"}
			}
		},
		{
			"name": "blade",
			"from": [-3, 4, 7.5],
			"to": [-1, 5, 8.5],
			"rotation": {"angle": -45, "axis": "z", "origin": [8, 8, 8]},
			"faces": {
				"north": {"uv": [12.5, 6.5, 12, 5.5], "rotation": 270, "texture": "#2"},
				"east": {"uv": [13, 7.5, 12.5, 8], "rotation": 180, "texture": "#2"},
				"south": {"uv": [5.5, 13, 5, 12], "rotation": 90, "texture": "#2"},
				"west": {"uv": [8, 13, 7.5, 12.5], "texture": "#2"},
				"up": {"uv": [12.5, 5.5, 12, 4.5], "rotation": 90, "texture": "#2"},
				"down": {"uv": [6, 13, 5.5, 12], "rotation": 90, "texture": "#2"}
			}
		},
		{
			"name": "blade",
			"from": [-5, 10, 7.5],
			"to": [0, 11, 8.5],
			"rotation": {"angle": -45, "axis": "z", "origin": [8, 8, 8]},
			"faces": {
				"north": {"uv": [9, 5.5, 8.5, 3], "rotation": 270, "texture": "#2"},
				"east": {"uv": [9.5, 12.5, 9, 13], "rotation": 180, "texture": "#2"},
				"south": {"uv": [3, 11, 2.5, 8.5], "rotation": 90, "texture": "#2"},
				"west": {"uv": [9, 13, 8.5, 12.5], "texture": "#2"},
				"up": {"uv": [8.5, 10, 8, 7.5], "rotation": 90, "texture": "#2"},
				"down": {"uv": [3.5, 11, 3, 8.5], "rotation": 90, "texture": "#2"}
			}
		},
		{
			"from": [15, 10, 8],
			"to": [31, 24, 8],
			"rotation": {"angle": -45, "axis": "z", "origin": [8, 8, 8]},
			"faces": {
				"north": {"uv": [9, 0.5, 16, 8.5], "rotation": 270, "texture": "#1"},
				"east": {"uv": [9, 0.5, 9.5, 0], "rotation": 90, "texture": "#1"},
				"south": {"uv": [16, 0.5, 9, 8.5], "rotation": 90, "texture": "#1"},
				"west": {"uv": [9, 0.5, 9.5, 0], "rotation": 90, "texture": "#1"},
				"up": {"uv": [9.5, 0, 9, 0.5], "rotation": 90, "texture": "#1"},
				"down": {"uv": [9.5, 0, 9, 0.5], "rotation": 90, "texture": "#1"}
			}
		},
		{
			"from": [-15, -8, 8],
			"to": [1, 6, 8],
			"rotation": {"angle": -45, "axis": "z", "origin": [8, 8, 8]},
			"faces": {
				"north": {"uv": [16, 8.5, 9, 0.5], "rotation": 270, "texture": "#1"},
				"east": {"uv": [9.5, 0, 9, 0.5], "rotation": 90, "texture": "#1"},
				"south": {"uv": [9, 8.5, 16, 0.5], "rotation": 90, "texture": "#1"},
				"west": {"uv": [9.5, 0, 9, 0.5], "rotation": 90, "texture": "#1"},
				"up": {"uv": [9, 0.5, 9.5, 0], "rotation": 90, "texture": "#1"},
				"down": {"uv": [9, 0.5, 9.5, 0], "rotation": 90, "texture": "#1"}
			}
		}
	],
	"gui_light": "front",
	"display": {
		"thirdperson_righthand": {
			"rotation": [-15, 90, 0],
			"translation": [0, -2, 1],
			"scale": [0.75, 0.75, 0.75]
		},
		"thirdperson_lefthand": {
			"rotation": [-15, -90, 0],
			"translation": [0, -2, 1],
			"scale": [0.75, 0.75, 0.75]
		},
		"firstperson_righthand": {
			"rotation": [-8, 90, 0],
			"translation": [2, 4, -1.5],
			"scale": [0.65, 0.8, 0.8]
		},
		"firstperson_lefthand": {
			"rotation": [-8, -90, 0],
			"translation": [2, 4, -1.5],
			"scale": [0.65, 0.8, 0.8]
		},
		"ground": {
			"rotation": [0, 0, 45],
			"translation": [0, 5, 0],
			"scale": [0.5, 0.5, 0.5]
		},
		"gui": {
			"rotation": [0, -180, 45],
			"scale": [0.4, 0.4, 0.4]
		},
		"head": {
			"translation": [0, -4.5, 0],
			"scale": [1.5, 1.5, 1.5]
		},
		"fixed": {
			"rotation": [0, 0, 45],
			"translation": [0, -0.5, -0.25],
			"scale": [0.5, 0.5, 0.5]
		}
	},
	"groups": [
		{
			"name": "blade",
			"origin": [7, 2, 8],
			"color": 0,
			"children": [0, 1, 2, 3, 4, 5, 6, 7, 8, 9, 10, 11, 12, 13, 14, 15, 16, 17, 18, 19, 20, 21, 22, 23]
		},
		{
			"name": "hilt",
			"origin": [7, 2, 8],
			"color": 0,
			"children": [24, 25, 26, 27, 28]
		},
		{
			"name": "blade",
			"origin": [7, 2, 8],
			"color": 0,
			"children": [29, 30, 31, 32, 33, 34, 35, 36, 37, 38, 39, 40, 41, 42, 43, 44, 45, 46, 47, 48, 49, 50, 51, 52]
		},
		53,
		54
	]
}