{
    "parent": "item/handheld_rod",
    "textures": {
      "layer0": "item/carrot_on_a_stick"
    },
    "overrides": [
      {"predicate": {"damaged": 0,"damage": 0},"model": "item/carrot_on_a_stick"},
      {"predicate": {"damaged": 0,"custom_model_data": 10},"model": "mgs:gun/m16a4"},
      {"predicate": {"damaged": 0,"custom_model_data": 11},"model": "mgs:gun/m16a4_1"},
      {"predicate": {"damaged": 0,"custom_model_data": 12},"model": "mgs:gun/m16a4_2"},
      {"predicate": {"damaged": 0,"custom_model_data": 13},"model": "mgs:gun/m16a4_3"},
      {"predicate": {"damaged": 0,"custom_model_data": 14},"model": "mgs:gun/m16a4_4"},
      {"predicate": {"damaged": 0,"custom_model_data": 15},"model": "mgs:gun/m16a4_zoom"},
      {"predicate": {"damaged": 0,"custom_model_data": 16},"model": "mgs:gun/m16a4_zoom_1"},
      {"predicate": {"damaged": 0,"custom_model_data": 17},"model": "mgs:gun/m16a4_zoom_2"},
      {"predicate": {"damaged": 0,"custom_model_data": 18},"model": "mgs:gun/m16a4_zoom_3"},
      {"predicate": {"damaged": 0,"custom_model_data": 19},"model": "mgs:gun/m16a4_zoom_4"},
      {"predicate": {"damaged": 0,"custom_model_data": 20},"model": "mgs:gun/ak47"},
      {"predicate": {"damaged": 0,"custom_model_data": 21},"model": "mgs:gun/ak47_1"},
      {"predicate": {"damaged": 0,"custom_model_data": 22},"model": "mgs:gun/ak47_2"},
      {"predicate": {"damaged": 0,"custom_model_data": 23},"model": "mgs:gun/ak47_3"},
      {"predicate": {"damaged": 0,"custom_model_data": 24},"model": "mgs:gun/ak47_4"},
      {"predicate": {"damaged": 0,"custom_model_data": 25},"model": "mgs:gun/ak47_zoom"},
      {"predicate": {"damaged": 0,"custom_model_data": 26},"model": "mgs:gun/ak47_zoom_1"},
      {"predicate": {"damaged": 0,"custom_model_data": 27},"model": "mgs:gun/ak47_zoom_2"},
      {"predicate": {"damaged": 0,"custom_model_data": 28},"model": "mgs:gun/ak47_zoom_3"},
      {"predicate": {"damaged": 0,"custom_model_data": 29},"model": "mgs:gun/ak47_zoom_4"},
      {"predicate": {"damaged": 0,"custom_model_data": 30},"model": "mgs:gun/fnfal"},
      {"predicate": {"damaged": 0,"custom_model_data": 31},"model": "mgs:gun/fnfal_1"},
      {"predicate": {"damaged": 0,"custom_model_data": 32},"model": "mgs:gun/fnfal_2"},
      {"predicate": {"damaged": 0,"custom_model_data": 33},"model": "mgs:gun/fnfal_3"},
      {"predicate": {"damaged": 0,"custom_model_data": 34},"model": "mgs:gun/fnfal_4"},
      {"predicate": {"damaged": 0,"custom_model_data": 35},"model": "mgs:gun/fnfal_zoom"},
      {"predicate": {"damaged": 0,"custom_model_data": 36},"model": "mgs:gun/fnfal_zoom_1"},
      {"predicate": {"damaged": 0,"custom_model_data": 37},"model": "mgs:gun/fnfal_zoom_2"},
      {"predicate": {"damaged": 0,"custom_model_data": 38},"model": "mgs:gun/fnfal_zoom_3"},
      {"predicate": {"damaged": 0,"custom_model_data": 39},"model": "mgs:gun/fnfal_zoom_4"},
      {"predicate": {"damaged": 0,"custom_model_data": 40},"model": "mgs:gun/aug"},
      {"predicate": {"damaged": 0,"custom_model_data": 41},"model": "mgs:gun/aug_1"},
      {"predicate": {"damaged": 0,"custom_model_data": 42},"model": "mgs:gun/aug_2"},
      {"predicate": {"damaged": 0,"custom_model_data": 43},"model": "mgs:gun/aug_3"},
      {"predicate": {"damaged": 0,"custom_model_data": 44},"model": "mgs:gun/aug_4"},
      {"predicate": {"damaged": 0,"custom_model_data": 45},"model": "mgs:gun/aug_zoom"},
      {"predicate": {"damaged": 0,"custom_model_data": 46},"model": "mgs:gun/aug_zoom_1"},
      {"predicate": {"damaged": 0,"custom_model_data": 47},"model": "mgs:gun/aug_zoom_2"},
      {"predicate": {"damaged": 0,"custom_model_data": 48},"model": "mgs:gun/aug_zoom_3"},
      {"predicate": {"damaged": 0,"custom_model_data": 49},"model": "mgs:gun/aug_zoom_4"},
      {"predicate": {"damaged": 0,"custom_model_data": 50},"model": "mgs:gun/m4a1"},
      {"predicate": {"damaged": 0,"custom_model_data": 51},"model": "mgs:gun/m4a1_1"},
      {"predicate": {"damaged": 0,"custom_model_data": 52},"model": "mgs:gun/m4a1_2"},
      {"predicate": {"damaged": 0,"custom_model_data": 53},"model": "mgs:gun/m4a1_3"},
      {"predicate": {"damaged": 0,"custom_model_data": 54},"model": "mgs:gun/m4a1_4"},
      {"predicate": {"damaged": 0,"custom_model_data": 55},"model": "mgs:gun/m4a1_zoom"},
      {"predicate": {"damaged": 0,"custom_model_data": 56},"model": "mgs:gun/m4a1_zoom_1"},
      {"predicate": {"damaged": 0,"custom_model_data": 57},"model": "mgs:gun/m4a1_zoom_2"},
      {"predicate": {"damaged": 0,"custom_model_data": 58},"model": "mgs:gun/m4a1_zoom_3"},
      {"predicate": {"damaged": 0,"custom_model_data": 59},"model": "mgs:gun/m4a1_zoom_4"},
      {"predicate": {"damaged": 0,"custom_model_data": 60},"model": "mgs:gun/g3a3"},
      {"predicate": {"damaged": 0,"custom_model_data": 61},"model": "mgs:gun/g3a3_1"},
      {"predicate": {"damaged": 0,"custom_model_data": 62},"model": "mgs:gun/g3a3_2"},
      {"predicate": {"damaged": 0,"custom_model_data": 63},"model": "mgs:gun/g3a3_3"},
      {"predicate": {"damaged": 0,"custom_model_data": 64},"model": "mgs:gun/g3a3_4"},
      {"predicate": {"damaged": 0,"custom_model_data": 65},"model": "mgs:gun/g3a3_zoom"},
      {"predicate": {"damaged": 0,"custom_model_data": 66},"model": "mgs:gun/g3a3_zoom_1"},
      {"predicate": {"damaged": 0,"custom_model_data": 67},"model": "mgs:gun/g3a3_zoom_2"},
      {"predicate": {"damaged": 0,"custom_model_data": 68},"model": "mgs:gun/g3a3_zoom_3"},
      {"predicate": {"damaged": 0,"custom_model_data": 69},"model": "mgs:gun/g3a3_zoom_4"},
      {"predicate": {"damaged": 0,"custom_model_data": 70},"model": "mgs:gun/famas"},
      {"predicate": {"damaged": 0,"custom_model_data": 71},"model": "mgs:gun/famas_1"},
      {"predicate": {"damaged": 0,"custom_model_data": 72},"model": "mgs:gun/famas_2"},
      {"predicate": {"damaged": 0,"custom_model_data": 73},"model": "mgs:gun/famas_3"},
      {"predicate": {"damaged": 0,"custom_model_data": 74},"model": "mgs:gun/famas_4"},
      {"predicate": {"damaged": 0,"custom_model_data": 75},"model": "mgs:gun/famas_zoom"},
      {"predicate": {"damaged": 0,"custom_model_data": 76},"model": "mgs:gun/famas_zoom_1"},
      {"predicate": {"damaged": 0,"custom_model_data": 77},"model": "mgs:gun/famas_zoom_2"},
      {"predicate": {"damaged": 0,"custom_model_data": 78},"model": "mgs:gun/famas_zoom_3"},
      {"predicate": {"damaged": 0,"custom_model_data": 79},"model": "mgs:gun/famas_zoom_4"},
      {"predicate": {"damaged": 0,"custom_model_data": 80},"model": "mgs:gun/scar17"},
      {"predicate": {"damaged": 0,"custom_model_data": 81},"model": "mgs:gun/scar17_1"},
      {"predicate": {"damaged": 0,"custom_model_data": 82},"model": "mgs:gun/scar17_2"},
      {"predicate": {"damaged": 0,"custom_model_data": 83},"model": "mgs:gun/scar17_3"},
      {"predicate": {"damaged": 0,"custom_model_data": 84},"model": "mgs:gun/scar17_4"},
      {"predicate": {"damaged": 0,"custom_model_data": 85},"model": "mgs:gun/scar17_zoom"},
      {"predicate": {"damaged": 0,"custom_model_data": 86},"model": "mgs:gun/scar17_zoom_1"},
      {"predicate": {"damaged": 0,"custom_model_data": 87},"model": "mgs:gun/scar17_zoom_2"},
      {"predicate": {"damaged": 0,"custom_model_data": 88},"model": "mgs:gun/scar17_zoom_3"},
      {"predicate": {"damaged": 0,"custom_model_data": 89},"model": "mgs:gun/scar17_zoom_4"},
      {"predicate": {"damaged": 0,"custom_model_data": 90},"model": "item/carrot_on_a_stick"},
      {"predicate": {"damaged": 0,"custom_model_data": 110},"model": "mgs:gun/m1911"},
      {"predicate": {"damaged": 0,"custom_model_data": 115},"model": "mgs:gun/m1911_zoom"},
      {"predicate": {"damaged": 0,"custom_model_data": 120},"model": "mgs:gun/m9"},
      {"predicate": {"damaged": 0,"custom_model_data": 125},"model": "mgs:gun/m9_zoom"},
      {"predicate": {"damaged": 0,"custom_model_data": 130},"model": "mgs:gun/deagle"},
      {"predicate": {"damaged": 0,"custom_model_data": 134},"model": "mgs:gun/deagle_4"},
      {"predicate": {"damaged": 0,"custom_model_data": 135},"model": "mgs:gun/deagle_zoom"},
      {"predicate": {"damaged": 0,"custom_model_data": 139},"model": "mgs:gun/deagle_zoom_4"},
      {"predicate": {"damaged": 0,"custom_model_data": 140},"model": "mgs:gun/makarov"},
      {"predicate": {"damaged": 0,"custom_model_data": 145},"model": "mgs:gun/makarov_zoom"},
      {"predicate": {"damaged": 0,"custom_model_data": 150},"model": "mgs:gun/glock17"},
      {"predicate": {"damaged": 0,"custom_model_data": 155},"model": "mgs:gun/glock17_zoom"},
      {"predicate": {"damaged": 0,"custom_model_data": 160},"model": "mgs:gun/glock18"},
      {"predicate": {"damaged": 0,"custom_model_data": 165},"model": "mgs:gun/glock18_zoom"},
      {"predicate": {"damaged": 0,"custom_model_data": 170},"model": "mgs:gun/vz61"},
      {"predicate": {"damaged": 0,"custom_model_data": 175},"model": "mgs:gun/vz61_zoom"},
      {"predicate": {"damaged": 0,"custom_model_data": 180},"model": "item/carrot_on_a_stick"},
      {"predicate": {"damaged": 0,"custom_model_data": 210},"model": "mgs:gun/mp5"},
      {"predicate": {"damaged": 0,"custom_model_data": 211},"model": "mgs:gun/mp5_1"},
      {"predicate": {"damaged": 0,"custom_model_data": 212},"model": "mgs:gun/mp5_2"},
      {"predicate": {"damaged": 0,"custom_model_data": 213},"model": "mgs:gun/mp5_3"},
      {"predicate": {"damaged": 0,"custom_model_data": 214},"model": "mgs:gun/mp5_4"},
      {"predicate": {"damaged": 0,"custom_model_data": 215},"model": "mgs:gun/mp5_zoom"},
      {"predicate": {"damaged": 0,"custom_model_data": 216},"model": "mgs:gun/mp5_zoom_1"},
      {"predicate": {"damaged": 0,"custom_model_data": 217},"model": "mgs:gun/mp5_zoom_2"},
      {"predicate": {"damaged": 0,"custom_model_data": 218},"model": "mgs:gun/mp5_zoom_3"},
      {"predicate": {"damaged": 0,"custom_model_data": 219},"model": "mgs:gun/mp5_zoom_4"},
      {"predicate": {"damaged": 0,"custom_model_data": 220},"model": "mgs:gun/mac10"},
      {"predicate": {"damaged": 0,"custom_model_data": 225},"model": "mgs:gun/mac10_zoom"},
      {"predicate": {"damaged": 0,"custom_model_data": 230},"model": "mgs:gun/mp7"},
      {"predicate": {"damaged": 0,"custom_model_data": 231},"model": "mgs:gun/mp7_1"},
      {"predicate": {"damaged": 0,"custom_model_data": 232},"model": "mgs:gun/mp7_2"},
      {"predicate": {"damaged": 0,"custom_model_data": 233},"model": "mgs:gun/mp7_3"},
      {"predicate": {"damaged": 0,"custom_model_data": 234},"model": "mgs:gun/mp7_4"},
      {"predicate": {"damaged": 0,"custom_model_data": 235},"model": "mgs:gun/mp7_zoom"},
      {"predicate": {"damaged": 0,"custom_model_data": 236},"model": "mgs:gun/mp7_zoom_1"},
      {"predicate": {"damaged": 0,"custom_model_data": 237},"model": "mgs:gun/mp7_zoom_2"},
      {"predicate": {"damaged": 0,"custom_model_data": 238},"model": "mgs:gun/mp7_zoom_3"},
      {"predicate": {"damaged": 0,"custom_model_data": 239},"model": "mgs:gun/mp7_zoom_4"},
      {"predicate": {"damaged": 0,"custom_model_data": 240},"model": "mgs:gun/ppsh41"},
      {"predicate": {"damaged": 0,"custom_model_data": 245},"model": "mgs:gun/ppsh41_zoom"},
      {"predicate": {"damaged": 0,"custom_model_data": 250},"model": "mgs:gun/sten"},
      {"predicate": {"damaged": 0,"custom_model_data": 255},"model": "mgs:gun/sten_zoom"},
      {"predicate": {"damaged": 0,"custom_model_data": 260},"model": "item/carrot_on_a_stick"},
      {"predicate": {"damaged": 0,"custom_model_data": 310},"model": "mgs:gun/spas12"},
      {"predicate": {"damaged": 0,"custom_model_data": 311},"model": "mgs:gun/spas12_1"},
      {"predicate": {"damaged": 0,"custom_model_data": 312},"model": "mgs:gun/spas12_2"},
      {"predicate": {"damaged": 0,"custom_model_data": 313},"model": "mgs:gun/spas12_3"},
      {"predicate": {"damaged": 0,"custom_model_data": 315},"model": "mgs:gun/spas12_zoom"},
      {"predicate": {"damaged": 0,"custom_model_data": 316},"model": "mgs:gun/spas12_zoom_1"},
      {"predicate": {"damaged": 0,"custom_model_data": 317},"model": "mgs:gun/spas12_zoom_2"},
      {"predicate": {"damaged": 0,"custom_model_data": 318},"model": "mgs:gun/spas12_zoom_3"},
      {"predicate": {"damaged": 0,"custom_model_data": 320},"model": "mgs:gun/m500"},
      {"predicate": {"damaged": 0,"custom_model_data": 321},"model": "mgs:gun/m500_1"},
      {"predicate": {"damaged": 0,"custom_model_data": 322},"model": "mgs:gun/m500_2"},
      {"predicate": {"damaged": 0,"custom_model_data": 323},"model": "mgs:gun/m500_3"},
      {"predicate": {"damaged": 0,"custom_model_data": 325},"model": "mgs:gun/m500_zoom"},
      {"predicate": {"damaged": 0,"custom_model_data": 326},"model": "mgs:gun/m500_zoom_1"},
      {"predicate": {"damaged": 0,"custom_model_data": 327},"model": "mgs:gun/m500_zoom_2"},
      {"predicate": {"damaged": 0,"custom_model_data": 328},"model": "mgs:gun/m500_zoom_3"},
      {"predicate": {"damaged": 0,"custom_model_data": 330},"model": "mgs:gun/m590"},
      {"predicate": {"damaged": 0,"custom_model_data": 331},"model": "mgs:gun/m590_1"},
      {"predicate": {"damaged": 0,"custom_model_data": 332},"model": "mgs:gun/m590_2"},
      {"predicate": {"damaged": 0,"custom_model_data": 333},"model": "mgs:gun/m590_3"},
      {"predicate": {"damaged": 0,"custom_model_data": 335},"model": "mgs:gun/m590_zoom"},
      {"predicate": {"damaged": 0,"custom_model_data": 336},"model": "mgs:gun/m590_zoom_1"},
      {"predicate": {"damaged": 0,"custom_model_data": 337},"model": "mgs:gun/m590_zoom_2"},
      {"predicate": {"damaged": 0,"custom_model_data": 338},"model": "mgs:gun/m590_zoom_3"},
      {"predicate": {"damaged": 0,"custom_model_data": 340},"model": "item/carrot_on_a_stick"},
      {"predicate": {"damaged": 0,"custom_model_data": 410},"model": "mgs:gun/svd"},
      {"predicate": {"damaged": 0,"custom_model_data": 411},"model": "mgs:gun/svd_1"},
      {"predicate": {"damaged": 0,"custom_model_data": 412},"model": "mgs:gun/svd_2"},
      {"predicate": {"damaged": 0,"custom_model_data": 413},"model": "mgs:gun/svd_3"},
      {"predicate": {"damaged": 0,"custom_model_data": 414},"model": "mgs:gun/svd_4"},
      {"predicate": {"damaged": 0,"custom_model_data": 415},"model": "mgs:gun/svd_zoom"},
      {"predicate": {"damaged": 0,"custom_model_data": 416},"model": "mgs:gun/svd_zoom_1"},
      {"predicate": {"damaged": 0,"custom_model_data": 417},"model": "mgs:gun/svd_zoom_2"},
      {"predicate": {"damaged": 0,"custom_model_data": 418},"model": "mgs:gun/svd_zoom_3"},
      {"predicate": {"damaged": 0,"custom_model_data": 419},"model": "mgs:gun/svd_zoom_4"},
      {"predicate": {"damaged": 0,"custom_model_data": 420},"model": "mgs:gun/m82"},
      {"predicate": {"damaged": 0,"custom_model_data": 421},"model": "mgs:gun/m82_1"},
      {"predicate": {"damaged": 0,"custom_model_data": 422},"model": "mgs:gun/m82_2"},
      {"predicate": {"damaged": 0,"custom_model_data": 423},"model": "mgs:gun/m82_3"},
      {"predicate": {"damaged": 0,"custom_model_data": 424},"model": "mgs:gun/m82_4"},
      {"predicate": {"damaged": 0,"custom_model_data": 425},"model": "mgs:gun/m82_zoom"},
      {"predicate": {"damaged": 0,"custom_model_data": 426},"model": "mgs:gun/m82_zoom_1"},
      {"predicate": {"damaged": 0,"custom_model_data": 427},"model": "mgs:gun/m82_zoom_2"},
      {"predicate": {"damaged": 0,"custom_model_data": 428},"model": "mgs:gun/m82_zoom_3"},
      {"predicate": {"damaged": 0,"custom_model_data": 429},"model": "mgs:gun/m82_zoom_4"},
      {"predicate": {"damaged": 0,"custom_model_data": 430},"model": "mgs:gun/mosin"},
      {"predicate": {"damaged": 0,"custom_model_data": 431},"model": "mgs:gun/mosin_1"},
      {"predicate": {"damaged": 0,"custom_model_data": 435},"model": "mgs:gun/mosin_zoom"},
      {"predicate": {"damaged": 0,"custom_model_data": 436},"model": "mgs:gun/mosin_zoom_1"},
      {"predicate": {"damaged": 0,"custom_model_data": 440},"model": "mgs:gun/m24"},
      {"predicate": {"damaged": 0,"custom_model_data": 441},"model": "mgs:gun/m24_1"},
      {"predicate": {"damaged": 0,"custom_model_data": 442},"model": "mgs:gun/m24_2"},
      {"predicate": {"damaged": 0,"custom_model_data": 443},"model": "mgs:gun/m24_3"},
      {"predicate": {"damaged": 0,"custom_model_data": 444},"model": "mgs:gun/m24_4"},
      {"predicate": {"damaged": 0,"custom_model_data": 445},"model": "mgs:gun/m24_zoom"},
      {"predicate": {"damaged": 0,"custom_model_data": 446},"model": "mgs:gun/m24_zoom_1"},
      {"predicate": {"damaged": 0,"custom_model_data": 447},"model": "mgs:gun/m24_zoom_2"},
      {"predicate": {"damaged": 0,"custom_model_data": 448},"model": "mgs:gun/m24_zoom_3"},
      {"predicate": {"damaged": 0,"custom_model_data": 449},"model": "mgs:gun/m24_zoom_4"},
      {"predicate": {"damaged": 0,"custom_model_data": 450},"model": "item/carrot_on_a_stick"},
      {"predicate": {"damaged": 0,"custom_model_data": 510},"model": "mgs:gun/rpg7_empty"},
      {"predicate": {"damaged": 0,"damage": 0.04,"custom_model_data": 510},"model": "mgs:gun/rpg7"},
      {"predicate": {"damaged": 0,"custom_model_data": 515},"model": "mgs:gun/rpg7_zoom_empty"},
      {"predicate": {"damaged": 0,"damage": 0.04,"custom_model_data": 515},"model": "mgs:gun/rpg7_zoom"},
      {"predicate": {"damaged": 0,"custom_model_data": 520},"model": "mgs:gun/rpk"},
      {"predicate": {"damaged": 0,"custom_model_data": 521},"model": "mgs:gun/rpk_1"},
      {"predicate": {"damaged": 0,"custom_model_data": 522},"model": "mgs:gun/rpk_2"},
      {"predicate": {"damaged": 0,"custom_model_data": 523},"model": "mgs:gun/rpk_3"},
      {"predicate": {"damaged": 0,"custom_model_data": 524},"model": "mgs:gun/rpk_4"},
      {"predicate": {"damaged": 0,"custom_model_data": 525},"model": "mgs:gun/rpk_zoom"},
      {"predicate": {"damaged": 0,"custom_model_data": 526},"model": "mgs:gun/rpk_zoom_1"},
      {"predicate": {"damaged": 0,"custom_model_data": 527},"model": "mgs:gun/rpk_zoom_2"},
      {"predicate": {"damaged": 0,"custom_model_data": 528},"model": "mgs:gun/rpk_zoom_3"},
      {"predicate": {"damaged": 0,"custom_model_data": 529},"model": "mgs:gun/rpk_zoom_4"},
      {"predicate": {"damaged": 0,"custom_model_data": 530},"model": "mgs:gun/m249"},
      {"predicate": {"damaged": 0,"custom_model_data": 531},"model": "mgs:gun/m249_1"},
      {"predicate": {"damaged": 0,"custom_model_data": 532},"model": "mgs:gun/m249_2"},
      {"predicate": {"damaged": 0,"custom_model_data": 533},"model": "mgs:gun/m249_3"},
      {"predicate": {"damaged": 0,"custom_model_data": 535},"model": "mgs:gun/m249_zoom"},
      {"predicate": {"damaged": 0,"custom_model_data": 536},"model": "mgs:gun/m249_zoom_1"},
      {"predicate": {"damaged": 0,"custom_model_data": 537},"model": "mgs:gun/m249_zoom_2"},
      {"predicate": {"damaged": 0,"custom_model_data": 538},"model": "mgs:gun/m249_zoom_3"},
      {"predicate": {"damaged": 0,"custom_model_data": 540},"model": "item/carrot_on_a_stick"},
      {"predicate": {"damaged": 1},"model": "item/carrot_on_a_stick"
      }
    ]
  }