{
	"credit": "Made with Blockbench",
	"textures": {
		"1": "block/anvil",
		"3": "block/black_concrete",
		"4": "block/black_concrete_powder"
	},
	"elements": [
		{
			"from": [7.7, 7.9, 12.8],
			"to": [8.3, 8, 14.2],
			"rotation": {"angle": 0, "axis": "y", "origin": [7.05, 7.35, 7.35]},
			"faces": {
				"north": {"uv": [0, 0, 0.6, 0.1], "texture": "#1"},
				"east": {"uv": [0, 0, 1.4, 0.1], "texture": "#1"},
				"south": {"uv": [0, 0, 0.6, 0.1], "texture": "#1"},
				"west": {"uv": [0, 0, 1.4, 0.1], "texture": "#1"},
				"up": {"uv": [0, 0, 0.6, 1.4], "rotation": 180, "texture": "#1"},
				"down": {"uv": [0, 0, 0.6, 1.4], "rotation": 180, "texture": "#1"}
			}
		},
		{
			"from": [7.7, 7.9, 14.1],
			"to": [8.3, 10.3, 14.2],
			"rotation": {"angle": 0, "axis": "y", "origin": [7.05, 7.35, 7.35]},
			"faces": {
				"north": {"uv": [0, 0, 0.6, 2.4], "texture": "#1"},
				"east": {"uv": [0, 0, 0.1, 2.4], "texture": "#1"},
				"south": {"uv": [0, 0, 0.6, 2.4], "texture": "#1"},
				"west": {"uv": [0, 0, 0.1, 2.4], "texture": "#1"},
				"up": {"uv": [0, 0, 0.6, 0.1], "rotation": 180, "texture": "#1"},
				"down": {"uv": [0, 0, 0.6, 0.1], "rotation": 180, "texture": "#1"}
			}
		},
		{
			"from": [7.7, 10.2, 7.7],
			"to": [8.3, 10.3, 14.2],
			"rotation": {"angle": 0, "axis": "y", "origin": [7.05, 7.35, 7.35]},
			"faces": {
				"north": {"uv": [0, 0, 0.6, 0.1], "texture": "#1"},
				"east": {"uv": [0, 0, 6.5, 0.1], "texture": "#1"},
				"south": {"uv": [0, 0, 0.6, 0.1], "texture": "#1"},
				"west": {"uv": [0, 0, 6.5, 0.1], "texture": "#1"},
				"up": {"uv": [0, 0, 0.6, 6.5], "rotation": 180, "texture": "#1"},
				"down": {"uv": [0, 0, 0.6, 6.5], "rotation": 180, "texture": "#1"}
			}
		},
		{
			"from": [7.7, 10.2, 7.7],
			"to": [8.3, 10.6, 7.8],
			"rotation": {"angle": 0, "axis": "y", "origin": [7.05, 7.35, 7.35]},
			"faces": {
				"north": {"uv": [0, 0, 0.6, 0.4], "texture": "#1"},
				"east": {"uv": [0, 0, 0.1, 0.4], "texture": "#1"},
				"south": {"uv": [0, 0, 0.6, 0.4], "texture": "#1"},
				"west": {"uv": [0, 0, 0.1, 0.4], "texture": "#1"},
				"up": {"uv": [0, 0, 0.6, 0.1], "rotation": 180, "texture": "#1"},
				"down": {"uv": [0, 0, 0.6, 0.1], "rotation": 180, "texture": "#1"}
			}
		},
		{
			"from": [7.7, 10.5, 2.3],
			"to": [8.3, 10.6, 7.8],
			"rotation": {"angle": 0, "axis": "y", "origin": [7.05, 7.35, 7.35]},
			"faces": {
				"north": {"uv": [0, 0, 0.6, 0.1], "texture": "#1"},
				"east": {"uv": [0, 0, 5.5, 0.1], "texture": "#1"},
				"south": {"uv": [0, 0, 0.6, 0.1], "texture": "#1"},
				"west": {"uv": [0, 0, 5.5, 0.1], "texture": "#1"},
				"up": {"uv": [0, 0, 0.6, 5.5], "rotation": 180, "texture": "#1"},
				"down": {"uv": [0, 0, 0.6, 5.5], "rotation": 180, "texture": "#1"}
			}
		},
		{
			"from": [7.7, 10.1, 2.3],
			"to": [8.3, 10.6, 2.4],
			"rotation": {"angle": 0, "axis": "y", "origin": [7.05, 7.35, 7.35]},
			"faces": {
				"north": {"uv": [0, 0, 0.6, 0.5], "texture": "#1"},
				"east": {"uv": [0, 0, 0.1, 0.5], "texture": "#1"},
				"south": {"uv": [0, 0, 0.6, 0.5], "texture": "#1"},
				"west": {"uv": [0, 0, 0.1, 0.5], "texture": "#1"},
				"up": {"uv": [0, 0, 0.6, 0.1], "rotation": 180, "texture": "#1"},
				"down": {"uv": [0, 0, 0.6, 0.1], "rotation": 180, "texture": "#1"}
			}
		},
		{
			"from": [7.7, 10.1, 2.2],
			"to": [8.3, 10.2, 2.4],
			"rotation": {"angle": 0, "axis": "y", "origin": [7.05, 7.35, 7.35]},
			"faces": {
				"north": {"uv": [0, 0, 0.6, 0.1], "texture": "#1"},
				"east": {"uv": [0, 0, 0.2, 0.1], "texture": "#1"},
				"south": {"uv": [0, 0, 0.6, 0.1], "texture": "#1"},
				"west": {"uv": [0, 0, 0.2, 0.1], "texture": "#1"},
				"up": {"uv": [0, 0, 0.6, 0.2], "rotation": 180, "texture": "#1"},
				"down": {"uv": [0, 0, 0.6, 0.2], "rotation": 180, "texture": "#1"}
			}
		},
		{
			"from": [7.7, 10, 2.1],
			"to": [8.3, 10.1, 2.3],
			"rotation": {"angle": 0, "axis": "y", "origin": [7.05, 7.35, 7.35]},
			"faces": {
				"north": {"uv": [0, 0, 0.6, 0.1], "texture": "#1"},
				"east": {"uv": [0, 0, 0.2, 0.1], "texture": "#1"},
				"south": {"uv": [0, 0, 0.6, 0.1], "texture": "#1"},
				"west": {"uv": [0, 0, 0.2, 0.1], "texture": "#1"},
				"up": {"uv": [0, 0, 0.6, 0.2], "rotation": 180, "texture": "#1"},
				"down": {"uv": [0, 0, 0.6, 0.2], "rotation": 180, "texture": "#1"}
			}
		},
		{
			"from": [7.7, 9.8, 2.1],
			"to": [8.3, 10.1, 2.2],
			"rotation": {"angle": 0, "axis": "y", "origin": [7.05, 7.35, 7.35]},
			"faces": {
				"north": {"uv": [0, 0, 0.6, 0.3], "texture": "#1"},
				"east": {"uv": [0, 0, 0.1, 0.3], "texture": "#1"},
				"south": {"uv": [0, 0, 0.6, 0.3], "texture": "#1"},
				"west": {"uv": [0, 0, 0.1, 0.3], "texture": "#1"},
				"up": {"uv": [0, 0, 0.6, 0.1], "rotation": 180, "texture": "#1"},
				"down": {"uv": [0, 0, 0.6, 0.1], "rotation": 180, "texture": "#1"}
			}
		},
		{
			"from": [7.8, 9.8, 1.5],
			"to": [8.2, 9.9, 2.2],
			"rotation": {"angle": 0, "axis": "y", "origin": [7.05, 7.35, 7.35]},
			"faces": {
				"north": {"uv": [0, 0, 0.4, 0.1], "texture": "#1"},
				"east": {"uv": [0, 0, 0.7, 0.1], "texture": "#1"},
				"south": {"uv": [0, 0, 0.4, 0.1], "texture": "#1"},
				"west": {"uv": [0, 0, 0.7, 0.1], "texture": "#1"},
				"up": {"uv": [0, 0, 0.4, 0.7], "rotation": 180, "texture": "#1"},
				"down": {"uv": [0, 0, 0.4, 0.7], "rotation": 180, "texture": "#1"}
			}
		},
		{
			"from": [7.8, 9.9, 1.4],
			"to": [8.1, 10.2, 2.2],
			"rotation": {"angle": 0, "axis": "y", "origin": [7.05, 7.35, 7.35]},
			"faces": {
				"north": {"uv": [0, 0, 0.3, 0.3], "texture": "#1"},
				"east": {"uv": [0, 0, 0.8, 0.3], "texture": "#1"},
				"south": {"uv": [0, 0, 0.3, 0.3], "texture": "#1"},
				"west": {"uv": [0, 0, 0.8, 0.3], "texture": "#1"},
				"up": {"uv": [0, 0, 0.3, 0.8], "rotation": 180, "texture": "#1"},
				"down": {"uv": [0, 0, 0.3, 0.8], "rotation": 180, "texture": "#1"}
			}
		},
		{
			"from": [7.8, 9.1, 1.5],
			"to": [8.2, 9.2, 2.2],
			"rotation": {"angle": 0, "axis": "y", "origin": [7.05, 7.35, 7.35]},
			"faces": {
				"north": {"uv": [0, 0, 0.4, 0.1], "texture": "#1"},
				"east": {"uv": [0, 0, 0.7, 0.1], "texture": "#1"},
				"south": {"uv": [0, 0, 0.4, 0.1], "texture": "#1"},
				"west": {"uv": [0, 0, 0.7, 0.1], "texture": "#1"},
				"up": {"uv": [0, 0, 0.4, 0.7], "rotation": 180, "texture": "#1"},
				"down": {"uv": [0, 0, 0.4, 0.7], "rotation": 180, "texture": "#1"}
			}
		},
		{
			"from": [7.7, 8.4, 2.1],
			"to": [8.3, 9.2, 2.2],
			"rotation": {"angle": 0, "axis": "y", "origin": [7.05, 7.35, 7.35]},
			"faces": {
				"north": {"uv": [0, 0, 0.6, 0.8], "texture": "#1"},
				"east": {"uv": [0, 0, 0.1, 0.8], "texture": "#1"},
				"south": {"uv": [0, 0, 0.6, 0.8], "texture": "#1"},
				"west": {"uv": [0, 0, 0.1, 0.8], "texture": "#1"},
				"up": {"uv": [0, 0, 0.6, 0.1], "rotation": 180, "texture": "#1"},
				"down": {"uv": [0, 0, 0.6, 0.1], "rotation": 180, "texture": "#1"}
			}
		},
		{
			"from": [7.7, 8.4, 2.1],
			"to": [8.3, 8.5, 2.5],
			"rotation": {"angle": 0, "axis": "y", "origin": [7.05, 7.35, 7.35]},
			"faces": {
				"north": {"uv": [0, 0, 0.6, 0.1], "texture": "#1"},
				"east": {"uv": [0, 0, 0.4, 0.1], "texture": "#1"},
				"south": {"uv": [0, 0, 0.6, 0.1], "texture": "#1"},
				"west": {"uv": [0, 0, 0.4, 0.1], "texture": "#1"},
				"up": {"uv": [0, 0, 0.6, 0.4], "rotation": 180, "texture": "#1"},
				"down": {"uv": [0, 0, 0.6, 0.4], "rotation": 180, "texture": "#1"}
			}
		},
		{
			"from": [7.7, 8.4, 2.4],
			"to": [8.3, 8.7, 2.5],
			"rotation": {"angle": 0, "axis": "y", "origin": [7.05, 7.35, 7.35]},
			"faces": {
				"north": {"uv": [0, 0, 0.6, 0.3], "texture": "#1"},
				"east": {"uv": [0, 0, 0.1, 0.3], "texture": "#1"},
				"south": {"uv": [0, 0, 0.6, 0.3], "texture": "#1"},
				"west": {"uv": [0, 0, 0.1, 0.3], "texture": "#1"},
				"up": {"uv": [0, 0, 0.6, 0.1], "rotation": 180, "texture": "#1"},
				"down": {"uv": [0, 0, 0.6, 0.1], "rotation": 180, "texture": "#1"}
			}
		},
		{
			"from": [7.7, 8.6, 2.4],
			"to": [8.3, 8.7, 5.4],
			"rotation": {"angle": 0, "axis": "y", "origin": [7.05, 7.35, 7.35]},
			"faces": {
				"north": {"uv": [0, 0, 0.6, 0.1], "texture": "#1"},
				"east": {"uv": [0, 0, 3, 0.1], "texture": "#1"},
				"south": {"uv": [0, 0, 0.6, 0.1], "texture": "#1"},
				"west": {"uv": [0, 0, 3, 0.1], "texture": "#1"},
				"up": {"uv": [0, 0, 0.6, 3], "rotation": 180, "texture": "#1"},
				"down": {"uv": [0, 0, 0.6, 3], "rotation": 180, "texture": "#1"}
			}
		},
		{
			"from": [7.7, 8.5, 5.4],
			"to": [8.3, 8.6, 5.7],
			"rotation": {"angle": 0, "axis": "y", "origin": [7.05, 7.35, 7.35]},
			"faces": {
				"north": {"uv": [0, 0, 0.6, 0.1], "texture": "#1"},
				"east": {"uv": [0, 0, 0.3, 0.1], "texture": "#1"},
				"south": {"uv": [0, 0, 0.6, 0.1], "texture": "#1"},
				"west": {"uv": [0, 0, 0.3, 0.1], "texture": "#1"},
				"up": {"uv": [0, 0, 0.6, 0.3], "rotation": 180, "texture": "#1"},
				"down": {"uv": [0, 0, 0.6, 0.3], "rotation": 180, "texture": "#1"}
			}
		},
		{
			"from": [7.7, 8.4, 5.5],
			"to": [8.3, 8.5, 5.7],
			"rotation": {"angle": 0, "axis": "y", "origin": [7.05, 7.35, 7.35]},
			"faces": {
				"north": {"uv": [0, 0, 0.6, 0.1], "texture": "#1"},
				"east": {"uv": [0, 0, 0.2, 0.1], "texture": "#1"},
				"south": {"uv": [0, 0, 0.6, 0.1], "texture": "#1"},
				"west": {"uv": [0, 0, 0.2, 0.1], "texture": "#1"},
				"up": {"uv": [0, 0, 0.6, 0.2], "rotation": 180, "texture": "#1"},
				"down": {"uv": [0, 0, 0.6, 0.2], "rotation": 180, "texture": "#1"}
			}
		},
		{
			"from": [7.7, 8.2, 5.6],
			"to": [8.3, 8.4, 5.7],
			"rotation": {"angle": 0, "axis": "y", "origin": [7.05, 7.35, 7.35]},
			"faces": {
				"north": {"uv": [0, 0, 0.6, 0.2], "texture": "#1"},
				"east": {"uv": [0, 0, 0.1, 0.2], "texture": "#1"},
				"south": {"uv": [0, 0, 0.6, 0.2], "texture": "#1"},
				"west": {"uv": [0, 0, 0.1, 0.2], "texture": "#1"},
				"up": {"uv": [0, 0, 0.6, 0.1], "rotation": 180, "texture": "#1"},
				"down": {"uv": [0, 0, 0.6, 0.1], "rotation": 180, "texture": "#1"}
			}
		},
		{
			"from": [7.7, 8.1, 5.7],
			"to": [8.3, 8.2, 5.8],
			"rotation": {"angle": 0, "axis": "y", "origin": [7.05, 7.35, 7.35]},
			"faces": {
				"north": {"uv": [0, 0, 0.6, 0.1], "texture": "#1"},
				"east": {"uv": [0, 0, 0.1, 0.1], "texture": "#1"},
				"south": {"uv": [0, 0, 0.6, 0.1], "texture": "#1"},
				"west": {"uv": [0, 0, 0.1, 0.1], "texture": "#1"},
				"up": {"uv": [0, 0, 0.6, 0.1], "rotation": 180, "texture": "#1"},
				"down": {"uv": [0, 0, 0.6, 0.1], "rotation": 180, "texture": "#1"}
			}
		},
		{
			"from": [7.7, 8, 5.8],
			"to": [8.3, 8.1, 5.9],
			"rotation": {"angle": 0, "axis": "y", "origin": [7.05, 7.35, 7.35]},
			"faces": {
				"north": {"uv": [0, 0, 0.6, 0.1], "texture": "#1"},
				"east": {"uv": [0, 0, 0.1, 0.1], "texture": "#1"},
				"south": {"uv": [0, 0, 0.6, 0.1], "texture": "#1"},
				"west": {"uv": [0, 0, 0.1, 0.1], "texture": "#1"},
				"up": {"uv": [0, 0, 0.6, 0.1], "rotation": 180, "texture": "#1"},
				"down": {"uv": [0, 0, 0.6, 0.1], "rotation": 180, "texture": "#1"}
			}
		},
		{
			"from": [7.7, 7.9, 5.9],
			"to": [8.3, 8, 7],
			"rotation": {"angle": 0, "axis": "y", "origin": [7.05, 7.35, 7.35]},
			"faces": {
				"north": {"uv": [0, 0, 0.6, 0.1], "texture": "#1"},
				"east": {"uv": [0, 0, 1.1, 0.1], "texture": "#1"},
				"south": {"uv": [0, 0, 0.6, 0.1], "texture": "#1"},
				"west": {"uv": [0, 0, 1.1, 0.1], "texture": "#1"},
				"up": {"uv": [0, 0, 0.6, 1.1], "rotation": 180, "texture": "#1"},
				"down": {"uv": [0, 0, 0.6, 1.1], "rotation": 180, "texture": "#1"}
			}
		},
		{
			"from": [7.7, 7.7, 6.9],
			"to": [8.3, 8, 7],
			"rotation": {"angle": 0, "axis": "y", "origin": [7.05, 7.35, 7.35]},
			"faces": {
				"north": {"uv": [0, 0, 0.6, 0.3], "texture": "#1"},
				"east": {"uv": [0, 0, 0.1, 0.3], "texture": "#1"},
				"south": {"uv": [0, 0, 0.6, 0.3], "texture": "#1"},
				"west": {"uv": [0, 0, 0.1, 0.3], "texture": "#1"},
				"up": {"uv": [0, 0, 0.6, 0.1], "rotation": 180, "texture": "#1"},
				"down": {"uv": [0, 0, 0.6, 0.1], "rotation": 180, "texture": "#1"}
			}
		},
		{
			"from": [7.7, 7.4, 7],
			"to": [8.3, 7.7, 7.1],
			"rotation": {"angle": 0, "axis": "y", "origin": [7.05, 7.35, 7.35]},
			"faces": {
				"north": {"uv": [0, 0, 0.6, 0.3], "texture": "#1"},
				"east": {"uv": [0, 0, 0.1, 0.3], "texture": "#1"},
				"south": {"uv": [0, 0, 0.6, 0.3], "texture": "#1"},
				"west": {"uv": [0, 0, 0.1, 0.3], "texture": "#1"},
				"up": {"uv": [0, 0, 0.6, 0.1], "rotation": 180, "texture": "#1"},
				"down": {"uv": [0, 0, 0.6, 0.1], "rotation": 180, "texture": "#1"}
			}
		},
		{
			"from": [7.7, 7.1, 7.1],
			"to": [8.3, 7.4, 7.2],
			"rotation": {"angle": 0, "axis": "y", "origin": [7.05, 7.35, 7.35]},
			"faces": {
				"north": {"uv": [0, 0, 0.6, 0.3], "texture": "#1"},
				"east": {"uv": [0, 0, 0.1, 0.3], "texture": "#1"},
				"south": {"uv": [0, 0, 0.6, 0.3], "texture": "#1"},
				"west": {"uv": [0, 0, 0.1, 0.3], "texture": "#1"},
				"up": {"uv": [0, 0, 0.6, 0.1], "rotation": 180, "texture": "#1"},
				"down": {"uv": [0, 0, 0.6, 0.1], "rotation": 180, "texture": "#1"}
			}
		},
		{
			"from": [7.7, 6.5, 7.2],
			"to": [8.3, 7.1, 7.3],
			"rotation": {"angle": 0, "axis": "y", "origin": [7.05, 7.35, 7.35]},
			"faces": {
				"north": {"uv": [0, 0, 0.6, 0.6], "texture": "#1"},
				"east": {"uv": [0, 0, 0.1, 0.6], "texture": "#1"},
				"south": {"uv": [0, 0, 0.6, 0.6], "texture": "#1"},
				"west": {"uv": [0, 0, 0.1, 0.6], "texture": "#1"},
				"up": {"uv": [0, 0, 0.6, 0.1], "rotation": 180, "texture": "#1"},
				"down": {"uv": [0, 0, 0.6, 0.1], "rotation": 180, "texture": "#1"}
			}
		},
		{
			"from": [7.7, 6.4, 7.3],
			"to": [8.3, 6.5, 8.3],
			"rotation": {"angle": 0, "axis": "y", "origin": [7.05, 7.35, 7.35]},
			"faces": {
				"north": {"uv": [0, 0, 0.6, 0.1], "texture": "#1"},
				"east": {"uv": [0, 0, 1, 0.1], "texture": "#1"},
				"south": {"uv": [0, 0, 0.6, 0.1], "texture": "#1"},
				"west": {"uv": [0, 0, 1, 0.1], "texture": "#1"},
				"up": {"uv": [0, 0, 0.6, 1], "rotation": 180, "texture": "#1"},
				"down": {"uv": [0, 0, 0.6, 1], "rotation": 180, "texture": "#1"}
			}
		},
		{
			"from": [7.7, 6.5, 8.3],
			"to": [8.3, 6.6, 8.6],
			"rotation": {"angle": 0, "axis": "y", "origin": [7.05, 7.35, 7.35]},
			"faces": {
				"north": {"uv": [0, 0, 0.6, 0.1], "texture": "#1"},
				"east": {"uv": [0, 0, 0.3, 0.1], "texture": "#1"},
				"south": {"uv": [0, 0, 0.6, 0.1], "texture": "#1"},
				"west": {"uv": [0, 0, 0.3, 0.1], "texture": "#1"},
				"up": {"uv": [0, 0, 0.6, 0.3], "rotation": 180, "texture": "#1"},
				"down": {"uv": [0, 0, 0.6, 0.3], "rotation": 180, "texture": "#1"}
			}
		},
		{
			"from": [7.7, 6.6, 8.6],
			"to": [8.3, 6.8, 8.7],
			"rotation": {"angle": 0, "axis": "y", "origin": [7.05, 7.35, 7.35]},
			"faces": {
				"north": {"uv": [0, 0, 0.6, 0.2], "texture": "#1"},
				"east": {"uv": [0, 0, 0.1, 0.2], "texture": "#1"},
				"south": {"uv": [0, 0, 0.6, 0.2], "texture": "#1"},
				"west": {"uv": [0, 0, 0.1, 0.2], "texture": "#1"},
				"up": {"uv": [0, 0, 0.6, 0.1], "rotation": 180, "texture": "#1"},
				"down": {"uv": [0, 0, 0.6, 0.1], "rotation": 180, "texture": "#1"}
			}
		},
		{
			"from": [7.7, 6.8, 8.5],
			"to": [8.3, 7.1, 8.6],
			"rotation": {"angle": 0, "axis": "y", "origin": [7.05, 7.35, 7.35]},
			"faces": {
				"north": {"uv": [0, 0, 0.6, 0.3], "texture": "#1"},
				"east": {"uv": [0, 0, 0.1, 0.3], "texture": "#1"},
				"south": {"uv": [0, 0, 0.6, 0.3], "texture": "#1"},
				"west": {"uv": [0, 0, 0.1, 0.3], "texture": "#1"},
				"up": {"uv": [0, 0, 0.6, 0.1], "rotation": 180, "texture": "#1"},
				"down": {"uv": [0, 0, 0.6, 0.1], "rotation": 180, "texture": "#1"}
			}
		},
		{
			"from": [7.7, 7.1, 8.4],
			"to": [8.3, 7.4, 8.5],
			"rotation": {"angle": 0, "axis": "y", "origin": [7.05, 7.35, 7.35]},
			"faces": {
				"north": {"uv": [0, 0, 0.6, 0.3], "texture": "#1"},
				"east": {"uv": [0, 0, 0.1, 0.3], "texture": "#1"},
				"south": {"uv": [0, 0, 0.6, 0.3], "texture": "#1"},
				"west": {"uv": [0, 0, 0.1, 0.3], "texture": "#1"},
				"up": {"uv": [0, 0, 0.6, 0.1], "rotation": 180, "texture": "#1"},
				"down": {"uv": [0, 0, 0.6, 0.1], "rotation": 180, "texture": "#1"}
			}
		},
		{
			"from": [7.7, 7.4, 8.3],
			"to": [8.3, 7.6, 8.4],
			"rotation": {"angle": 0, "axis": "y", "origin": [7.05, 7.35, 7.35]},
			"faces": {
				"north": {"uv": [0, 0, 0.6, 0.2], "texture": "#1"},
				"east": {"uv": [0, 0, 0.1, 0.2], "texture": "#1"},
				"south": {"uv": [0, 0, 0.6, 0.2], "texture": "#1"},
				"west": {"uv": [0, 0, 0.1, 0.2], "texture": "#1"},
				"up": {"uv": [0, 0, 0.6, 0.1], "rotation": 180, "texture": "#1"},
				"down": {"uv": [0, 0, 0.6, 0.1], "rotation": 180, "texture": "#1"}
			}
		},
		{
			"from": [7.7, 7.6, 8.2],
			"to": [8.3, 7.8, 8.3],
			"rotation": {"angle": 0, "axis": "y", "origin": [7.05, 7.35, 7.35]},
			"faces": {
				"north": {"uv": [0, 0, 0.6, 0.2], "texture": "#1"},
				"east": {"uv": [0, 0, 0.1, 0.2], "texture": "#1"},
				"south": {"uv": [0, 0, 0.6, 0.2], "texture": "#1"},
				"west": {"uv": [0, 0, 0.1, 0.2], "texture": "#1"},
				"up": {"uv": [0, 0, 0.6, 0.1], "rotation": 180, "texture": "#1"},
				"down": {"uv": [0, 0, 0.6, 0.1], "rotation": 180, "texture": "#1"}
			}
		},
		{
			"from": [7.7, 7.8, 8.1],
			"to": [8.3, 8, 8.2],
			"rotation": {"angle": 0, "axis": "y", "origin": [7.05, 7.35, 7.35]},
			"faces": {
				"north": {"uv": [0, 0, 0.6, 0.2], "texture": "#1"},
				"east": {"uv": [0, 0, 0.1, 0.2], "texture": "#1"},
				"south": {"uv": [0, 0, 0.6, 0.2], "texture": "#1"},
				"west": {"uv": [0, 0, 0.1, 0.2], "texture": "#1"},
				"up": {"uv": [0, 0, 0.6, 0.1], "rotation": 180, "texture": "#1"},
				"down": {"uv": [0, 0, 0.6, 0.1], "rotation": 180, "texture": "#1"}
			}
		},
		{
			"from": [7.7, 8, 8],
			"to": [8.3, 8.2, 8.1],
			"rotation": {"angle": 0, "axis": "y", "origin": [7.05, 7.35, 7.35]},
			"faces": {
				"north": {"uv": [0, 0, 0.6, 0.2], "texture": "#1"},
				"east": {"uv": [0, 0, 0.1, 0.2], "texture": "#1"},
				"south": {"uv": [0, 0, 0.6, 0.2], "texture": "#1"},
				"west": {"uv": [0, 0, 0.1, 0.2], "texture": "#1"},
				"up": {"uv": [0, 0, 0.6, 0.1], "rotation": 180, "texture": "#1"},
				"down": {"uv": [0, 0, 0.6, 0.1], "rotation": 180, "texture": "#1"}
			}
		},
		{
			"from": [7.7, 8.2, 7.9],
			"to": [8.3, 8.8, 8],
			"rotation": {"angle": 0, "axis": "y", "origin": [7.05, 7.35, 7.35]},
			"faces": {
				"north": {"uv": [0, 0, 0.6, 0.6], "texture": "#1"},
				"east": {"uv": [0, 0, 0.1, 0.6], "texture": "#1"},
				"south": {"uv": [0, 0, 0.6, 0.6], "texture": "#1"},
				"west": {"uv": [0, 0, 0.1, 0.6], "texture": "#1"},
				"up": {"uv": [0, 0, 0.6, 0.1], "rotation": 180, "texture": "#1"},
				"down": {"uv": [0, 0, 0.6, 0.1], "rotation": 180, "texture": "#1"}
			}
		},
		{
			"from": [7.7, 8.2, 7.9],
			"to": [8.3, 8.8, 8],
			"rotation": {"angle": 0, "axis": "y", "origin": [7.05, 7.35, 7.35]},
			"faces": {
				"north": {"uv": [0, 0, 0.6, 0.6], "texture": "#1"},
				"east": {"uv": [0, 0, 0.1, 0.6], "texture": "#1"},
				"south": {"uv": [0, 0, 0.6, 0.6], "texture": "#1"},
				"west": {"uv": [0, 0, 0.1, 0.6], "texture": "#1"},
				"up": {"uv": [0, 0, 0.6, 0.1], "rotation": 180, "texture": "#1"},
				"down": {"uv": [0, 0, 0.6, 0.1], "rotation": 180, "texture": "#1"}
			}
		},
		{
			"from": [7.7, 8.7, 7.9],
			"to": [8.3, 8.8, 9.3],
			"rotation": {"angle": 0, "axis": "y", "origin": [7.05, 7.35, 7.35]},
			"faces": {
				"north": {"uv": [0, 0, 0.6, 0.1], "texture": "#1"},
				"east": {"uv": [0, 0, 1.4, 0.1], "texture": "#1"},
				"south": {"uv": [0, 0, 0.6, 0.1], "texture": "#1"},
				"west": {"uv": [0, 0, 1.4, 0.1], "texture": "#1"},
				"up": {"uv": [0, 0, 0.6, 1.4], "rotation": 180, "texture": "#1"},
				"down": {"uv": [0, 0, 0.6, 1.4], "rotation": 180, "texture": "#1"}
			}
		},
		{
			"from": [7.7, 8, 12.7],
			"to": [8.3, 8.1, 12.8],
			"rotation": {"angle": 0, "axis": "y", "origin": [7.05, 7.35, 7.35]},
			"faces": {
				"north": {"uv": [0, 0, 0.6, 0.1], "texture": "#1"},
				"east": {"uv": [0, 0, 0.1, 0.1], "texture": "#1"},
				"south": {"uv": [0, 0, 0.6, 0.1], "texture": "#1"},
				"west": {"uv": [0, 0, 0.1, 0.1], "texture": "#1"},
				"up": {"uv": [0, 0, 0.6, 0.1], "rotation": 180, "texture": "#1"},
				"down": {"uv": [0, 0, 0.6, 0.1], "rotation": 180, "texture": "#1"}
			}
		},
		{
			"from": [7.7, 8.1, 11.5],
			"to": [8.3, 8.2, 12.7],
			"rotation": {"angle": 0, "axis": "y", "origin": [7.05, 7.35, 7.35]},
			"faces": {
				"north": {"uv": [0, 0, 0.6, 0.1], "texture": "#1"},
				"east": {"uv": [0, 0, 1.2, 0.1], "texture": "#1"},
				"south": {"uv": [0, 0, 0.6, 0.1], "texture": "#1"},
				"west": {"uv": [0, 0, 1.2, 0.1], "texture": "#1"},
				"up": {"uv": [0, 0, 0.6, 1.2], "rotation": 180, "texture": "#1"},
				"down": {"uv": [0, 0, 0.6, 1.2], "rotation": 180, "texture": "#1"}
			}
		},
		{
			"from": [7.7, 6.1, 11.3],
			"to": [8.3, 8.8, 11.4],
			"rotation": {"angle": 0, "axis": "y", "origin": [7.05, 7.35, 7.35]},
			"faces": {
				"north": {"uv": [0, 0, 0.6, 2.7], "texture": "#1"},
				"east": {"uv": [0, 0, 0.1, 2.7], "texture": "#1"},
				"south": {"uv": [0, 0, 0.6, 2.7], "texture": "#1"},
				"west": {"uv": [0, 0, 0.1, 2.7], "texture": "#1"},
				"up": {"uv": [0, 0, 0.6, 0.1], "rotation": 180, "texture": "#1"},
				"down": {"uv": [0, 0, 0.6, 0.1], "rotation": 180, "texture": "#1"}
			}
		},
		{
			"from": [7.7, 6.1, 10.6],
			"to": [8.3, 6.2, 11.4],
			"rotation": {"angle": 0, "axis": "y", "origin": [7.05, 7.35, 7.35]},
			"faces": {
				"north": {"uv": [0, 0, 0.6, 0.1], "texture": "#1"},
				"east": {"uv": [0, 0, 0.8, 0.1], "texture": "#1"},
				"south": {"uv": [0, 0, 0.6, 0.1], "texture": "#1"},
				"west": {"uv": [0, 0, 0.8, 0.1], "texture": "#1"},
				"up": {"uv": [0, 0, 0.6, 0.8], "rotation": 180, "texture": "#1"},
				"down": {"uv": [0, 0, 0.6, 0.8], "rotation": 180, "texture": "#1"}
			}
		},
		{
			"from": [7.7, 6.2, 10],
			"to": [8.3, 6.3, 10.6],
			"rotation": {"angle": 0, "axis": "y", "origin": [7.05, 7.35, 7.35]},
			"faces": {
				"north": {"uv": [0, 0, 0.6, 0.1], "texture": "#1"},
				"east": {"uv": [0, 0, 0.6, 0.1], "texture": "#1"},
				"south": {"uv": [0, 0, 0.6, 0.1], "texture": "#1"},
				"west": {"uv": [0, 0, 0.6, 0.1], "texture": "#1"},
				"up": {"uv": [0, 0, 0.6, 0.6], "rotation": 180, "texture": "#1"},
				"down": {"uv": [0, 0, 0.6, 0.6], "rotation": 180, "texture": "#1"}
			}
		},
		{
			"from": [7.7, 6.3, 9.7],
			"to": [8.3, 6.4, 10],
			"rotation": {"angle": 0, "axis": "y", "origin": [7.05, 7.35, 7.35]},
			"faces": {
				"north": {"uv": [0, 0, 0.6, 0.1], "texture": "#1"},
				"east": {"uv": [0, 0, 0.3, 0.1], "texture": "#1"},
				"south": {"uv": [0, 0, 0.6, 0.1], "texture": "#1"},
				"west": {"uv": [0, 0, 0.3, 0.1], "texture": "#1"},
				"up": {"uv": [0, 0, 0.6, 0.3], "rotation": 180, "texture": "#1"},
				"down": {"uv": [0, 0, 0.6, 0.3], "rotation": 180, "texture": "#1"}
			}
		},
		{
			"from": [7.7, 6.3, 9.7],
			"to": [8.3, 8.8, 9.8],
			"rotation": {"angle": 0, "axis": "y", "origin": [7.05, 7.35, 7.35]},
			"faces": {
				"north": {"uv": [0, 0, 0.6, 2.5], "texture": "#1"},
				"east": {"uv": [0, 0, 0.1, 2.5], "texture": "#1"},
				"south": {"uv": [0, 0, 0.6, 2.5], "texture": "#1"},
				"west": {"uv": [0, 0, 0.1, 2.5], "texture": "#1"},
				"up": {"uv": [0, 0, 0.6, 0.1], "rotation": 180, "texture": "#1"},
				"down": {"uv": [0, 0, 0.6, 0.1], "rotation": 180, "texture": "#1"}
			}
		},
		{
			"from": [7.7, 8.6, 9.3],
			"to": [8.3, 8.7, 9.6],
			"rotation": {"angle": 0, "axis": "y", "origin": [7.05, 7.35, 7.35]},
			"faces": {
				"north": {"uv": [0, 0, 0.6, 0.1], "texture": "#1"},
				"east": {"uv": [0, 0, 0.3, 0.1], "texture": "#1"},
				"south": {"uv": [0, 0, 0.6, 0.1], "texture": "#1"},
				"west": {"uv": [0, 0, 0.3, 0.1], "texture": "#1"},
				"up": {"uv": [0, 0, 0.6, 0.3], "rotation": 180, "texture": "#1"},
				"down": {"uv": [0, 0, 0.6, 0.3], "rotation": 180, "texture": "#1"}
			}
		},
		{
			"from": [7.7, 8.7, 9.6],
			"to": [8.3, 8.8, 9.7],
			"rotation": {"angle": 0, "axis": "y", "origin": [7.05, 7.35, 7.35]},
			"faces": {
				"north": {"uv": [0, 0, 0.6, 0.1], "texture": "#1"},
				"east": {"uv": [0, 0, 0.1, 0.1], "texture": "#1"},
				"south": {"uv": [0, 0, 0.6, 0.1], "texture": "#1"},
				"west": {"uv": [0, 0, 0.1, 0.1], "texture": "#1"},
				"up": {"uv": [0, 0, 0.6, 0.1], "rotation": 180, "texture": "#1"},
				"down": {"uv": [0, 0, 0.6, 0.1], "rotation": 180, "texture": "#1"}
			}
		},
		{
			"from": [7.8, 9.7, -1.1],
			"to": [8.2, 9.8, 2.2],
			"rotation": {"angle": 0, "axis": "y", "origin": [7.05, 7.35, 7.35]},
			"faces": {
				"north": {"uv": [0, 0, 0.4, 0.1], "texture": "#1"},
				"east": {"uv": [0, 0, 3.3, 0.1], "texture": "#1"},
				"south": {"uv": [0, 0, 0.4, 0.1], "texture": "#1"},
				"west": {"uv": [0, 0, 3.3, 0.1], "texture": "#1"},
				"up": {"uv": [0, 0, 0.4, 3.3], "rotation": 180, "texture": "#1"},
				"down": {"uv": [0, 0, 0.4, 3.3], "rotation": 180, "texture": "#1"}
			}
		},
		{
			"from": [7.8, 9.2, -1.1],
			"to": [8.2, 9.3, 2.2],
			"rotation": {"angle": 0, "axis": "y", "origin": [7.05, 7.35, 7.35]},
			"faces": {
				"north": {"uv": [0, 0, 0.4, 0.1], "texture": "#1"},
				"east": {"uv": [0, 0, 3.3, 0.1], "texture": "#1"},
				"south": {"uv": [0, 0, 0.4, 0.1], "texture": "#1"},
				"west": {"uv": [0, 0, 3.3, 0.1], "texture": "#1"},
				"up": {"uv": [0, 0, 0.4, 3.3], "rotation": 180, "texture": "#1"},
				"down": {"uv": [0, 0, 0.4, 3.3], "rotation": 180, "texture": "#1"}
			}
		},
		{
			"from": [7.7, 9.3, -1.1],
			"to": [7.8, 9.7, 2.2],
			"rotation": {"angle": 0, "axis": "y", "origin": [7.05, 7.35, 7.35]},
			"faces": {
				"north": {"uv": [0, 0, 0.1, 0.4], "texture": "#1"},
				"east": {"uv": [0, 0, 3.3, 0.4], "texture": "#1"},
				"south": {"uv": [0, 0, 0.1, 0.4], "texture": "#1"},
				"west": {"uv": [0, 0, 3.3, 0.4], "texture": "#1"},
				"up": {"uv": [0, 0, 0.1, 3.3], "rotation": 180, "texture": "#1"},
				"down": {"uv": [0, 0, 0.1, 3.3], "rotation": 180, "texture": "#1"}
			}
		},
		{
			"from": [8.2, 9.3, -1.1],
			"to": [8.3, 9.7, 2.2],
			"rotation": {"angle": 0, "axis": "y", "origin": [7.05, 7.35, 7.35]},
			"faces": {
				"north": {"uv": [0, 0, 0.1, 0.4], "texture": "#1"},
				"east": {"uv": [0, 0, 3.3, 0.4], "texture": "#1"},
				"south": {"uv": [0, 0, 0.1, 0.4], "texture": "#1"},
				"west": {"uv": [0, 0, 3.3, 0.4], "texture": "#1"},
				"up": {"uv": [0, 0, 0.1, 3.3], "rotation": 180, "texture": "#1"},
				"down": {"uv": [0, 0, 0.1, 3.3], "rotation": 180, "texture": "#1"}
			}
		},
		{
			"from": [7.7, 8.4, 5.7],
			"to": [8.3, 8.6, 5.8],
			"rotation": {"angle": 0, "axis": "y", "origin": [7.05, 7.35, 7.35]},
			"faces": {
				"north": {"uv": [0, 0, 0.6, 0.2], "texture": "#1"},
				"east": {"uv": [0, 0, 0.1, 0.2], "texture": "#1"},
				"south": {"uv": [0, 0, 0.6, 0.2], "texture": "#1"},
				"west": {"uv": [0, 0, 0.1, 0.2], "texture": "#1"},
				"up": {"uv": [0, 0, 0.6, 0.1], "rotation": 180, "texture": "#1"},
				"down": {"uv": [0, 0, 0.6, 0.1], "rotation": 180, "texture": "#1"}
			}
		},
		{
			"from": [7.7, 8, 6.6],
			"to": [8.3, 8.1, 6.8],
			"rotation": {"angle": 0, "axis": "y", "origin": [7.05, 7.35, 7.35]},
			"faces": {
				"north": {"uv": [0, 0, 0.6, 0.1], "texture": "#1"},
				"east": {"uv": [0, 0, 0.2, 0.1], "texture": "#1"},
				"south": {"uv": [0, 0, 0.6, 0.1], "texture": "#1"},
				"west": {"uv": [0, 0, 0.2, 0.1], "texture": "#1"},
				"up": {"uv": [0, 0, 0.6, 0.2], "rotation": 180, "texture": "#1"},
				"down": {"uv": [0, 0, 0.6, 0.2], "rotation": 180, "texture": "#1"}
			}
		},
		{
			"from": [7.7, 8.1, 6.7],
			"to": [8.3, 8.6, 6.8],
			"rotation": {"angle": 0, "axis": "y", "origin": [7.05, 7.35, 7.35]},
			"faces": {
				"north": {"uv": [0, 0, 0.6, 0.5], "texture": "#1"},
				"east": {"uv": [0, 0, 0.1, 0.5], "texture": "#1"},
				"south": {"uv": [0, 0, 0.6, 0.5], "texture": "#1"},
				"west": {"uv": [0, 0, 0.1, 0.5], "texture": "#1"},
				"up": {"uv": [0, 0, 0.6, 0.1], "rotation": 180, "texture": "#1"},
				"down": {"uv": [0, 0, 0.6, 0.1], "rotation": 180, "texture": "#1"}
			}
		},
		{
			"from": [7.7, 8.6, 5.8],
			"to": [8.3, 8.7, 6.7],
			"rotation": {"angle": 0, "axis": "y", "origin": [7.05, 7.35, 7.35]},
			"faces": {
				"north": {"uv": [0, 0, 0.6, 0.1], "texture": "#1"},
				"east": {"uv": [0, 0, 0.9, 0.1], "texture": "#1"},
				"south": {"uv": [0, 0, 0.6, 0.1], "texture": "#1"},
				"west": {"uv": [0, 0, 0.9, 0.1], "texture": "#1"},
				"up": {"uv": [0, 0, 0.6, 0.9], "rotation": 180, "texture": "#1"},
				"down": {"uv": [0, 0, 0.6, 0.9], "rotation": 180, "texture": "#1"}
			}
		},
		{
			"from": [7.7, 9.6, 3.6],
			"to": [8.3, 9.9, 6.4],
			"rotation": {"angle": 0, "axis": "y", "origin": [7.05, 7.35, 7.35]},
			"faces": {
				"north": {"uv": [0, 0, 0.6, 0.3], "texture": "#4"},
				"east": {"uv": [0, 0, 2.8, 0.3], "texture": "#4"},
				"south": {"uv": [0, 0, 0.6, 0.3], "texture": "#4"},
				"west": {"uv": [0, 0, 2.8, 0.3], "texture": "#4"},
				"up": {"uv": [0, 0, 0.6, 2.8], "rotation": 180, "texture": "#4"},
				"down": {"uv": [0, 0, 0.6, 2.8], "rotation": 180, "texture": "#4"}
			}
		},
		{
			"from": [7.7, 8.5, 12.7],
			"to": [8.3, 8.8, 12.8],
			"rotation": {"angle": 0, "axis": "y", "origin": [7.05, 7.35, 7.35]},
			"faces": {
				"north": {"uv": [0, 0, 0.6, 0.3], "texture": "#1"},
				"east": {"uv": [0, 0, 0.1, 0.3], "texture": "#1"},
				"south": {"uv": [0, 0, 0.6, 0.3], "texture": "#1"},
				"west": {"uv": [0, 0, 0.1, 0.3], "texture": "#1"},
				"up": {"uv": [0, 0, 0.6, 0.1], "rotation": 180, "texture": "#1"},
				"down": {"uv": [0, 0, 0.6, 0.1], "rotation": 180, "texture": "#1"}
			}
		},
		{
			"from": [7.7, 8.4, 12.4],
			"to": [8.3, 8.5, 12.9],
			"rotation": {"angle": 0, "axis": "y", "origin": [7.05, 7.35, 7.35]},
			"faces": {
				"north": {"uv": [0, 0, 0.6, 0.1], "texture": "#1"},
				"east": {"uv": [0, 0, 0.5, 0.1], "texture": "#1"},
				"south": {"uv": [0, 0, 0.6, 0.1], "texture": "#1"},
				"west": {"uv": [0, 0, 0.5, 0.1], "texture": "#1"},
				"up": {"uv": [0, 0, 0.6, 0.5], "rotation": 180, "texture": "#1"},
				"down": {"uv": [0, 0, 0.6, 0.5], "rotation": 180, "texture": "#1"}
			}
		},
		{
			"from": [7.7, 8.3, 12.5],
			"to": [8.3, 8.4, 13],
			"rotation": {"angle": 0, "axis": "y", "origin": [7.05, 7.35, 7.35]},
			"faces": {
				"north": {"uv": [0, 0, 0.6, 0.1], "texture": "#1"},
				"east": {"uv": [0, 0, 0.5, 0.1], "texture": "#1"},
				"south": {"uv": [0, 0, 0.6, 0.1], "texture": "#1"},
				"west": {"uv": [0, 0, 0.5, 0.1], "texture": "#1"},
				"up": {"uv": [0, 0, 0.6, 0.5], "rotation": 180, "texture": "#1"},
				"down": {"uv": [0, 0, 0.6, 0.5], "rotation": 180, "texture": "#1"}
			}
		},
		{
			"from": [7.7, 8.2, 12.6],
			"to": [8.3, 8.3, 13.1],
			"rotation": {"angle": 0, "axis": "y", "origin": [7.05, 7.35, 7.35]},
			"faces": {
				"north": {"uv": [0, 0, 0.6, 0.1], "texture": "#1"},
				"east": {"uv": [0, 0, 0.5, 0.1], "texture": "#1"},
				"south": {"uv": [0, 0, 0.6, 0.1], "texture": "#1"},
				"west": {"uv": [0, 0, 0.5, 0.1], "texture": "#1"},
				"up": {"uv": [0, 0, 0.6, 0.5], "rotation": 180, "texture": "#1"},
				"down": {"uv": [0, 0, 0.6, 0.5], "rotation": 180, "texture": "#1"}
			}
		},
		{
			"from": [7.7, 8.1, 12.7],
			"to": [8.3, 8.2, 14],
			"rotation": {"angle": 0, "axis": "y", "origin": [7.05, 7.35, 7.35]},
			"faces": {
				"north": {"uv": [0, 0, 0.6, 0.1], "texture": "#1"},
				"east": {"uv": [0, 0, 1.3, 0.1], "texture": "#1"},
				"south": {"uv": [0, 0, 0.6, 0.1], "texture": "#1"},
				"west": {"uv": [0, 0, 1.3, 0.1], "texture": "#1"},
				"up": {"uv": [0, 0, 0.6, 1.3], "rotation": 180, "texture": "#1"},
				"down": {"uv": [0, 0, 0.6, 1.3], "rotation": 180, "texture": "#1"}
			}
		},
		{
			"from": [7.7, 8.2, 13.4],
			"to": [8.3, 8.4, 14],
			"rotation": {"angle": 0, "axis": "y", "origin": [7.05, 7.35, 7.35]},
			"faces": {
				"north": {"uv": [0, 0, 0.6, 0.2], "texture": "#1"},
				"east": {"uv": [0, 0, 0.6, 0.2], "texture": "#1"},
				"south": {"uv": [0, 0, 0.6, 0.2], "texture": "#1"},
				"west": {"uv": [0, 0, 0.6, 0.2], "texture": "#1"},
				"up": {"uv": [0, 0, 0.6, 0.6], "rotation": 180, "texture": "#1"},
				"down": {"uv": [0, 0, 0.6, 0.6], "rotation": 180, "texture": "#1"}
			}
		},
		{
			"from": [7.7, 8.4, 13.3],
			"to": [8.3, 8.5, 13.9],
			"rotation": {"angle": 0, "axis": "y", "origin": [7.05, 7.35, 7.35]},
			"faces": {
				"north": {"uv": [0, 0, 0.6, 0.1], "texture": "#1"},
				"east": {"uv": [0, 0, 0.6, 0.1], "texture": "#1"},
				"south": {"uv": [0, 0, 0.6, 0.1], "texture": "#1"},
				"west": {"uv": [0, 0, 0.6, 0.1], "texture": "#1"},
				"up": {"uv": [0, 0, 0.6, 0.6], "rotation": 180, "texture": "#1"},
				"down": {"uv": [0, 0, 0.6, 0.6], "rotation": 180, "texture": "#1"}
			}
		},
		{
			"from": [7.7, 8.5, 13.2],
			"to": [8.3, 8.6, 13.8],
			"rotation": {"angle": 0, "axis": "y", "origin": [7.05, 7.35, 7.35]},
			"faces": {
				"north": {"uv": [0, 0, 0.6, 0.1], "texture": "#1"},
				"east": {"uv": [0, 0, 0.6, 0.1], "texture": "#1"},
				"south": {"uv": [0, 0, 0.6, 0.1], "texture": "#1"},
				"west": {"uv": [0, 0, 0.6, 0.1], "texture": "#1"},
				"up": {"uv": [0, 0, 0.6, 0.6], "rotation": 180, "texture": "#1"},
				"down": {"uv": [0, 0, 0.6, 0.6], "rotation": 180, "texture": "#1"}
			}
		},
		{
			"from": [7.7, 8.6, 13.1],
			"to": [8.3, 8.8, 13.7],
			"rotation": {"angle": 0, "axis": "y", "origin": [7.05, 7.35, 7.35]},
			"faces": {
				"north": {"uv": [0, 0, 0.6, 0.2], "texture": "#1"},
				"east": {"uv": [0, 0, 0.6, 0.2], "texture": "#1"},
				"south": {"uv": [0, 0, 0.6, 0.2], "texture": "#1"},
				"west": {"uv": [0, 0, 0.6, 0.2], "texture": "#1"},
				"up": {"uv": [0, 0, 0.6, 0.6], "rotation": 180, "texture": "#1"},
				"down": {"uv": [0, 0, 0.6, 0.6], "rotation": 180, "texture": "#1"}
			}
		},
		{
			"from": [7.7, 8.7, 13],
			"to": [8.3, 8.9, 13.2],
			"rotation": {"angle": 0, "axis": "y", "origin": [7.05, 7.35, 7.35]},
			"faces": {
				"north": {"uv": [0, 0, 0.6, 0.2], "texture": "#1"},
				"east": {"uv": [0, 0, 0.2, 0.2], "texture": "#1"},
				"south": {"uv": [0, 0, 0.6, 0.2], "texture": "#1"},
				"west": {"uv": [0, 0, 0.2, 0.2], "texture": "#1"},
				"up": {"uv": [0, 0, 0.6, 0.2], "rotation": 180, "texture": "#1"},
				"down": {"uv": [0, 0, 0.6, 0.2], "rotation": 180, "texture": "#1"}
			}
		},
		{
			"from": [7.7, 8.8, 12.7],
			"to": [8.3, 9, 13.1],
			"rotation": {"angle": 0, "axis": "y", "origin": [7.05, 7.35, 7.35]},
			"faces": {
				"north": {"uv": [0, 0, 0.6, 0.2], "texture": "#1"},
				"east": {"uv": [0, 0, 0.4, 0.2], "texture": "#1"},
				"south": {"uv": [0, 0, 0.6, 0.2], "texture": "#1"},
				"west": {"uv": [0, 0, 0.4, 0.2], "texture": "#1"},
				"up": {"uv": [0, 0, 0.6, 0.4], "rotation": 180, "texture": "#1"},
				"down": {"uv": [0, 0, 0.6, 0.4], "rotation": 180, "texture": "#1"}
			}
		},
		{
			"from": [7.7, 9, 13.5],
			"to": [8.3, 9.2, 13.9],
			"rotation": {"angle": 0, "axis": "y", "origin": [7.05, 7.35, 7.35]},
			"faces": {
				"north": {"uv": [0, 0, 0.6, 0.2], "texture": "#1"},
				"east": {"uv": [0, 0, 0.4, 0.2], "texture": "#1"},
				"south": {"uv": [0, 0, 0.6, 0.2], "texture": "#1"},
				"west": {"uv": [0, 0, 0.4, 0.2], "texture": "#1"},
				"up": {"uv": [0, 0, 0.6, 0.4], "rotation": 180, "texture": "#1"},
				"down": {"uv": [0, 0, 0.6, 0.4], "rotation": 180, "texture": "#1"}
			}
		},
		{
			"from": [7.7, 9.1, 13.4],
			"to": [8.3, 9.3, 13.8],
			"rotation": {"angle": 0, "axis": "y", "origin": [7.05, 7.35, 7.35]},
			"faces": {
				"north": {"uv": [0, 0, 0.6, 0.2], "texture": "#1"},
				"east": {"uv": [0, 0, 0.4, 0.2], "texture": "#1"},
				"south": {"uv": [0, 0, 0.6, 0.2], "texture": "#1"},
				"west": {"uv": [0, 0, 0.4, 0.2], "texture": "#1"},
				"up": {"uv": [0, 0, 0.6, 0.4], "rotation": 180, "texture": "#1"},
				"down": {"uv": [0, 0, 0.6, 0.4], "rotation": 180, "texture": "#1"}
			}
		},
		{
			"from": [7.7, 9.3, 13.2],
			"to": [8.3, 9.5, 13.9],
			"rotation": {"angle": 0, "axis": "y", "origin": [7.05, 7.35, 7.35]},
			"faces": {
				"north": {"uv": [0, 0, 0.6, 0.2], "texture": "#1"},
				"east": {"uv": [0, 0, 0.7, 0.2], "texture": "#1"},
				"south": {"uv": [0, 0, 0.6, 0.2], "texture": "#1"},
				"west": {"uv": [0, 0, 0.7, 0.2], "texture": "#1"},
				"up": {"uv": [0, 0, 0.6, 0.7], "rotation": 180, "texture": "#1"},
				"down": {"uv": [0, 0, 0.6, 0.7], "rotation": 180, "texture": "#1"}
			}
		},
		{
			"from": [7.7, 9.2, 13.3],
			"to": [8.3, 9.4, 13.7],
			"rotation": {"angle": 0, "axis": "y", "origin": [7.05, 7.35, 7.35]},
			"faces": {
				"north": {"uv": [0, 0, 0.6, 0.2], "texture": "#1"},
				"east": {"uv": [0, 0, 0.4, 0.2], "texture": "#1"},
				"south": {"uv": [0, 0, 0.6, 0.2], "texture": "#1"},
				"west": {"uv": [0, 0, 0.4, 0.2], "texture": "#1"},
				"up": {"uv": [0, 0, 0.6, 0.4], "rotation": 180, "texture": "#1"},
				"down": {"uv": [0, 0, 0.6, 0.4], "rotation": 180, "texture": "#1"}
			}
		},
		{
			"from": [7.7, 9.4, 12.5],
			"to": [8.3, 9.5, 13.2],
			"rotation": {"angle": 0, "axis": "y", "origin": [7.05, 7.35, 7.35]},
			"faces": {
				"north": {"uv": [0, 0, 0.6, 0.1], "texture": "#1"},
				"east": {"uv": [0, 0, 0.7, 0.1], "texture": "#1"},
				"south": {"uv": [0, 0, 0.6, 0.1], "texture": "#1"},
				"west": {"uv": [0, 0, 0.7, 0.1], "texture": "#1"},
				"up": {"uv": [0, 0, 0.6, 0.7], "rotation": 180, "texture": "#1"},
				"down": {"uv": [0, 0, 0.6, 0.7], "rotation": 180, "texture": "#1"}
			}
		},
		{
			"from": [7.7, 9.1, 12.5],
			"to": [8.3, 9.4, 13],
			"rotation": {"angle": 0, "axis": "y", "origin": [7.05, 7.35, 7.35]},
			"faces": {
				"north": {"uv": [0, 0, 0.6, 0.3], "texture": "#1"},
				"east": {"uv": [0, 0, 0.5, 0.3], "texture": "#1"},
				"south": {"uv": [0, 0, 0.6, 0.3], "texture": "#1"},
				"west": {"uv": [0, 0, 0.5, 0.3], "texture": "#1"},
				"up": {"uv": [0, 0, 0.6, 0.5], "rotation": 180, "texture": "#1"},
				"down": {"uv": [0, 0, 0.6, 0.5], "rotation": 180, "texture": "#1"}
			}
		},
		{
			"from": [7.7, 9, 12.6],
			"to": [8.3, 9.1, 13.1],
			"rotation": {"angle": 0, "axis": "y", "origin": [7.05, 7.35, 7.35]},
			"faces": {
				"north": {"uv": [0, 0, 0.6, 0.1], "texture": "#1"},
				"east": {"uv": [0, 0, 0.5, 0.1], "texture": "#1"},
				"south": {"uv": [0, 0, 0.6, 0.1], "texture": "#1"},
				"west": {"uv": [0, 0, 0.5, 0.1], "texture": "#1"},
				"up": {"uv": [0, 0, 0.6, 0.5], "rotation": 180, "texture": "#1"},
				"down": {"uv": [0, 0, 0.6, 0.5], "rotation": 180, "texture": "#1"}
			}
		},
		{
			"from": [7.7, 8.9, 13.1],
			"to": [8.3, 9, 13.2],
			"rotation": {"angle": 0, "axis": "y", "origin": [7.05, 7.35, 7.35]},
			"faces": {
				"north": {"uv": [0, 0, 0.6, 0.1], "texture": "#1"},
				"east": {"uv": [0, 0, 0.1, 0.1], "texture": "#1"},
				"south": {"uv": [0, 0, 0.6, 0.1], "texture": "#1"},
				"west": {"uv": [0, 0, 0.1, 0.1], "texture": "#1"},
				"up": {"uv": [0, 0, 0.6, 0.1], "rotation": 180, "texture": "#1"},
				"down": {"uv": [0, 0, 0.6, 0.1], "rotation": 180, "texture": "#1"}
			}
		},
		{
			"from": [7.7, 8.8, 13.2],
			"to": [8.3, 8.9, 13.3],
			"rotation": {"angle": 0, "axis": "y", "origin": [7.05, 7.35, 7.35]},
			"faces": {
				"north": {"uv": [0, 0, 0.6, 0.1], "texture": "#1"},
				"east": {"uv": [0, 0, 0.1, 0.1], "texture": "#1"},
				"south": {"uv": [0, 0, 0.6, 0.1], "texture": "#1"},
				"west": {"uv": [0, 0, 0.1, 0.1], "texture": "#1"},
				"up": {"uv": [0, 0, 0.6, 0.1], "rotation": 180, "texture": "#1"},
				"down": {"uv": [0, 0, 0.6, 0.1], "rotation": 180, "texture": "#1"}
			}
		},
		{
			"from": [7.7, 8.7, 13.3],
			"to": [8.3, 8.8, 13.7],
			"rotation": {"angle": 0, "axis": "y", "origin": [7.05, 7.35, 7.35]},
			"faces": {
				"north": {"uv": [0, 0, 0.6, 0.1], "texture": "#1"},
				"east": {"uv": [0, 0, 0.4, 0.1], "texture": "#1"},
				"south": {"uv": [0, 0, 0.6, 0.1], "texture": "#1"},
				"west": {"uv": [0, 0, 0.4, 0.1], "texture": "#1"},
				"up": {"uv": [0, 0, 0.6, 0.4], "rotation": 180, "texture": "#1"},
				"down": {"uv": [0, 0, 0.6, 0.4], "rotation": 180, "texture": "#1"}
			}
		},
		{
			"from": [7.7, 8.8, 13.6],
			"to": [8.3, 9, 13.7],
			"rotation": {"angle": 0, "axis": "y", "origin": [7.05, 7.35, 7.35]},
			"faces": {
				"north": {"uv": [0, 0, 0.6, 0.2], "texture": "#1"},
				"east": {"uv": [0, 0, 0.1, 0.2], "texture": "#1"},
				"south": {"uv": [0, 0, 0.6, 0.2], "texture": "#1"},
				"west": {"uv": [0, 0, 0.1, 0.2], "texture": "#1"},
				"up": {"uv": [0, 0, 0.6, 0.1], "rotation": 180, "texture": "#1"},
				"down": {"uv": [0, 0, 0.6, 0.1], "rotation": 180, "texture": "#1"}
			}
		},
		{
			"from": [7.9, 8.2, 6.2],
			"to": [8.1, 8.6, 6.3],
			"rotation": {"angle": 0, "axis": "y", "origin": [7.05, 7.35, 7.35]},
			"faces": {
				"north": {"uv": [0, 0, 0.2, 0.4], "texture": "#1"},
				"east": {"uv": [0, 0, 0.1, 0.4], "texture": "#1"},
				"south": {"uv": [0, 0, 0.2, 0.4], "texture": "#1"},
				"west": {"uv": [0, 0, 0.1, 0.4], "texture": "#1"},
				"up": {"uv": [0, 0, 0.2, 0.1], "rotation": 180, "texture": "#1"},
				"down": {"uv": [0, 0, 0.2, 0.1], "rotation": 180, "texture": "#1"}
			}
		},
		{
			"from": [7.6, 8.8, 7.7],
			"to": [8.4, 10.2, 12.7],
			"faces": {
				"north": {"uv": [0, 0, 0.8, 1.4], "texture": "#1"},
				"east": {"uv": [0, 0, 5, 1.4], "texture": "#1"},
				"south": {"uv": [0, 0, 0.8, 1.4], "texture": "#1"},
				"west": {"uv": [0, 0, 5, 1.4], "texture": "#1"},
				"up": {"uv": [0, 0, 0.8, 5], "texture": "#1"},
				"down": {"uv": [0, 0, 0.8, 5], "texture": "#1"}
			}
		},
		{
			"from": [7.6, 8.7, 2.4],
			"to": [8.4, 9.6, 7.7],
			"faces": {
				"north": {"uv": [0, 0, 0.8, 0.9], "texture": "#1"},
				"east": {"uv": [0, 0, 5.3, 0.9], "texture": "#1"},
				"south": {"uv": [0, 0, 0.8, 0.9], "texture": "#1"},
				"west": {"uv": [0, 0, 5.3, 0.9], "texture": "#1"},
				"up": {"uv": [0, 0, 0.8, 5.3], "texture": "#1"},
				"down": {"uv": [0, 0, 0.8, 5.3], "texture": "#1"}
			}
		},
		{
			"from": [7.6, 8.5, 2.2],
			"to": [8.4, 10, 2.4],
			"faces": {
				"north": {"uv": [0, 0, 0.8, 1.5], "texture": "#1"},
				"east": {"uv": [0, 0, 0.2, 1.5], "texture": "#1"},
				"south": {"uv": [0, 0, 0.8, 1.5], "texture": "#1"},
				"west": {"uv": [0, 0, 0.2, 1.5], "texture": "#1"},
				"up": {"uv": [0, 0, 0.8, 0.2], "texture": "#1"},
				"down": {"uv": [0, 0, 0.8, 0.2], "texture": "#1"}
			}
		},
		{
			"from": [7.6, 10, 2.3],
			"to": [8.4, 10.1, 2.4],
			"faces": {
				"north": {"uv": [0, 0, 0.8, 0.1], "texture": "#1"},
				"east": {"uv": [0, 0, 0.1, 0.1], "texture": "#1"},
				"south": {"uv": [0, 0, 0.8, 0.1], "texture": "#1"},
				"west": {"uv": [0, 0, 0.1, 0.1], "texture": "#1"},
				"up": {"uv": [0, 0, 0.8, 0.1], "texture": "#1"},
				"down": {"uv": [0, 0, 0.8, 0.1], "texture": "#1"}
			}
		},
		{
			"from": [7.6, 8.7, 9.3],
			"to": [8.4, 8.8, 9.6],
			"faces": {
				"north": {"uv": [0, 0, 0.8, 0.1], "texture": "#1"},
				"east": {"uv": [0, 0, 0.3, 0.1], "texture": "#1"},
				"south": {"uv": [0, 0, 0.8, 0.1], "texture": "#1"},
				"west": {"uv": [0, 0, 0.3, 0.1], "texture": "#1"},
				"up": {"uv": [0, 0, 0.8, 0.3], "texture": "#1"},
				"down": {"uv": [0, 0, 0.8, 0.3], "texture": "#1"}
			}
		},
		{
			"from": [7.6, 8.2, 11.5],
			"to": [8.4, 8.8, 12.7],
			"faces": {
				"north": {"uv": [0, 0, 0.8, 0.6], "texture": "#1"},
				"east": {"uv": [0, 0, 1.2, 0.6], "texture": "#1"},
				"south": {"uv": [0, 0, 0.8, 0.6], "texture": "#1"},
				"west": {"uv": [0, 0, 1.2, 0.6], "texture": "#1"},
				"up": {"uv": [0, 0, 0.8, 1.2], "texture": "#1"},
				"down": {"uv": [0, 0, 0.8, 1.2], "texture": "#1"}
			}
		},
		{
			"from": [7.6, 9.5, 12.7],
			"to": [8.4, 10.2, 14.2],
			"faces": {
				"north": {"uv": [0, 0, 0.8, 0.7], "texture": "#1"},
				"east": {"uv": [0, 0, 1.5, 0.7], "texture": "#1"},
				"south": {"uv": [0, 0, 0.8, 0.7], "texture": "#1"},
				"west": {"uv": [0, 0, 1.5, 0.7], "texture": "#1"},
				"up": {"uv": [0, 0, 0.8, 1.5], "texture": "#1"},
				"down": {"uv": [0, 0, 0.8, 1.5], "texture": "#1"}
			}
		},
		{
			"from": [7.6, 8, 13.7],
			"to": [8.4, 9.5, 14.2],
			"faces": {
				"north": {"uv": [0, 0, 0.8, 1.5], "texture": "#1"},
				"east": {"uv": [0, 0, 0.5, 1.5], "texture": "#1"},
				"south": {"uv": [0, 0, 0.8, 1.5], "texture": "#1"},
				"west": {"uv": [0, 0, 0.5, 1.5], "texture": "#1"},
				"up": {"uv": [0, 0, 0.8, 0.5], "texture": "#1"},
				"down": {"uv": [0, 0, 0.8, 0.5], "texture": "#1"}
			}
		},
		{
			"from": [7.6, 8, 14.2],
			"to": [8.4, 9.1, 14.3],
			"faces": {
				"north": {"uv": [0, 0, 0.8, 1.1], "texture": "#1"},
				"east": {"uv": [0, 0, 0.1, 1.1], "texture": "#1"},
				"south": {"uv": [0, 0, 0.8, 1.1], "texture": "#1"},
				"west": {"uv": [0, 0, 0.1, 1.1], "texture": "#1"},
				"up": {"uv": [0, 0, 0.8, 0.1], "texture": "#1"},
				"down": {"uv": [0, 0, 0.8, 0.1], "texture": "#1"}
			}
		},
		{
			"from": [7.7, 8, 12.8],
			"to": [8.4, 8.1, 13.7],
			"faces": {
				"north": {"uv": [0, 0, 0.7, 0.1], "texture": "#1"},
				"east": {"uv": [0, 0, 0.9, 0.1], "texture": "#1"},
				"south": {"uv": [0, 0, 0.7, 0.1], "texture": "#1"},
				"west": {"uv": [0, 0, 0.9, 0.1], "texture": "#1"},
				"up": {"uv": [0, 0, 0.7, 0.9], "texture": "#1"},
				"down": {"uv": [0, 0, 0.7, 0.9], "texture": "#1"}
			}
		},
		{
			"from": [7.6, 8, 12.8],
			"to": [8.4, 8.1, 13.7],
			"faces": {
				"north": {"uv": [0, 0, 0.8, 0.1], "texture": "#1"},
				"east": {"uv": [0, 0, 0.9, 0.1], "texture": "#1"},
				"south": {"uv": [0, 0, 0.8, 0.1], "texture": "#1"},
				"west": {"uv": [0, 0, 0.9, 0.1], "texture": "#1"},
				"up": {"uv": [0, 0, 0.8, 0.9], "texture": "#1"},
				"down": {"uv": [0, 0, 0.8, 0.9], "texture": "#1"}
			}
		},
		{
			"from": [7.6, 8.1, 12.7],
			"to": [8.4, 8.2, 12.8],
			"faces": {
				"north": {"uv": [0, 0, 0.8, 0.1], "texture": "#1"},
				"east": {"uv": [0, 0, 0.1, 0.1], "texture": "#1"},
				"south": {"uv": [0, 0, 0.8, 0.1], "texture": "#1"},
				"west": {"uv": [0, 0, 0.1, 0.1], "texture": "#1"},
				"up": {"uv": [0, 0, 0.8, 0.1], "texture": "#1"},
				"down": {"uv": [0, 0, 0.8, 0.1], "texture": "#1"}
			}
		},
		{
			"from": [7.6, 8.1, 13.6],
			"to": [8.4, 8.2, 13.7],
			"faces": {
				"north": {"uv": [0, 0, 0.8, 0.1], "texture": "#1"},
				"east": {"uv": [0, 0, 0.1, 0.1], "texture": "#1"},
				"south": {"uv": [0, 0, 0.8, 0.1], "texture": "#1"},
				"west": {"uv": [0, 0, 0.1, 0.1], "texture": "#1"},
				"up": {"uv": [0, 0, 0.8, 0.1], "texture": "#1"},
				"down": {"uv": [0, 0, 0.8, 0.1], "texture": "#1"}
			}
		},
		{
			"from": [7.6, 9.4, 13.6],
			"to": [8.4, 9.5, 13.7],
			"faces": {
				"north": {"uv": [0, 0, 0.8, 0.1], "texture": "#1"},
				"east": {"uv": [0, 0, 0.1, 0.1], "texture": "#1"},
				"south": {"uv": [0, 0, 0.8, 0.1], "texture": "#1"},
				"west": {"uv": [0, 0, 0.1, 0.1], "texture": "#1"},
				"up": {"uv": [0, 0, 0.8, 0.1], "texture": "#1"},
				"down": {"uv": [0, 0, 0.8, 0.1], "texture": "#1"}
			}
		},
		{
			"from": [7.6, 9.4, 12.7],
			"to": [8.4, 9.5, 12.8],
			"faces": {
				"north": {"uv": [0, 0, 0.8, 0.1], "texture": "#1"},
				"east": {"uv": [0, 0, 0.1, 0.1], "texture": "#1"},
				"south": {"uv": [0, 0, 0.8, 0.1], "texture": "#1"},
				"west": {"uv": [0, 0, 0.1, 0.1], "texture": "#1"},
				"up": {"uv": [0, 0, 0.8, 0.1], "texture": "#1"},
				"down": {"uv": [0, 0, 0.8, 0.1], "texture": "#1"}
			}
		},
		{
			"from": [7.6, 9.9, 2.4],
			"to": [8.4, 10.5, 7.7],
			"faces": {
				"north": {"uv": [0, 0, 0.8, 0.6], "texture": "#1"},
				"east": {"uv": [0, 0, 5.3, 0.6], "texture": "#1"},
				"south": {"uv": [0, 0, 0.8, 0.6], "texture": "#1"},
				"west": {"uv": [0, 0, 5.3, 0.6], "texture": "#1"},
				"up": {"uv": [0, 0, 0.8, 5.3], "texture": "#1"},
				"down": {"uv": [0, 0, 0.8, 5.3], "texture": "#1"}
			}
		},
		{
			"from": [7.6, 9.6, 6.4],
			"to": [8.4, 9.9, 7.7],
			"faces": {
				"north": {"uv": [0, 0, 0.8, 0.3], "texture": "#1"},
				"east": {"uv": [0, 0, 1.3, 0.3], "texture": "#1"},
				"south": {"uv": [0, 0, 0.8, 0.3], "texture": "#1"},
				"west": {"uv": [0, 0, 1.3, 0.3], "texture": "#1"},
				"up": {"uv": [0, 0, 0.8, 1.3], "texture": "#1"},
				"down": {"uv": [0, 0, 0.8, 1.3], "texture": "#1"}
			}
		},
		{
			"from": [7.6, 9.6, 2.4],
			"to": [8.4, 9.9, 3.6],
			"faces": {
				"north": {"uv": [0, 0, 0.8, 0.3], "texture": "#1"},
				"east": {"uv": [0, 0, 1.2, 0.3], "texture": "#1"},
				"south": {"uv": [0, 0, 0.8, 0.3], "texture": "#1"},
				"west": {"uv": [0, 0, 1.2, 0.3], "texture": "#1"},
				"up": {"uv": [0, 0, 0.8, 1.2], "texture": "#1"},
				"down": {"uv": [0, 0, 0.8, 1.2], "texture": "#1"}
			}
		},
		{
			"from": [7.2, 9.6, 3.6],
			"to": [7.7, 9.9, 3.9],
			"rotation": {"angle": 0, "axis": "y", "origin": [7.05, 7.35, 7.35]},
			"faces": {
				"north": {"uv": [0, 0, 0.5, 0.3], "texture": "#3"},
				"east": {"uv": [0, 0, 0.3, 0.3], "texture": "#3"},
				"south": {"uv": [0, 0, 0.5, 0.3], "texture": "#3"},
				"west": {"uv": [0, 0, 0.3, 0.3], "texture": "#3"},
				"up": {"uv": [0, 0, 0.5, 0.3], "rotation": 180, "texture": "#3"},
				"down": {"uv": [0, 0, 0.5, 0.3], "rotation": 180, "texture": "#3"}
			}
		},
		{
			"from": [7.7, 10.6, 2.4],
			"to": [8.3, 10.7, 2.6],
			"rotation": {"angle": 0, "axis": "y", "origin": [7.05, 7.35, 7.35]},
			"faces": {
				"north": {"uv": [0, 0, 0.6, 0.1], "texture": "#1"},
				"east": {"uv": [0, 0, 0.2, 0.1], "texture": "#1"},
				"south": {"uv": [0, 0, 0.6, 0.1], "texture": "#1"},
				"west": {"uv": [0, 0, 0.2, 0.1], "texture": "#1"},
				"up": {"uv": [0, 0, 0.6, 0.2], "rotation": 180, "texture": "#1"},
				"down": {"uv": [0, 0, 0.6, 0.2], "rotation": 180, "texture": "#1"}
			}
		},
		{
			"from": [7.7, 10.6, 2.7],
			"to": [8.3, 10.7, 2.9],
			"rotation": {"angle": 0, "axis": "y", "origin": [7.05, 7.35, 7.35]},
			"faces": {
				"north": {"uv": [0, 0, 0.6, 0.1], "texture": "#1"},
				"east": {"uv": [0, 0, 0.2, 0.1], "texture": "#1"},
				"south": {"uv": [0, 0, 0.6, 0.1], "texture": "#1"},
				"west": {"uv": [0, 0, 0.2, 0.1], "texture": "#1"},
				"up": {"uv": [0, 0, 0.6, 0.2], "rotation": 180, "texture": "#1"},
				"down": {"uv": [0, 0, 0.6, 0.2], "rotation": 180, "texture": "#1"}
			}
		},
		{
			"from": [7.7, 10.6, 3],
			"to": [8.3, 10.7, 3.2],
			"rotation": {"angle": 0, "axis": "y", "origin": [7.05, 7.35, 7.35]},
			"faces": {
				"north": {"uv": [0, 0, 0.6, 0.1], "texture": "#1"},
				"east": {"uv": [0, 0, 0.2, 0.1], "texture": "#1"},
				"south": {"uv": [0, 0, 0.6, 0.1], "texture": "#1"},
				"west": {"uv": [0, 0, 0.2, 0.1], "texture": "#1"},
				"up": {"uv": [0, 0, 0.6, 0.2], "rotation": 180, "texture": "#1"},
				"down": {"uv": [0, 0, 0.6, 0.2], "rotation": 180, "texture": "#1"}
			}
		},
		{
			"from": [7.7, 10.6, 3.3],
			"to": [8.3, 10.7, 3.5],
			"rotation": {"angle": 0, "axis": "y", "origin": [7.05, 7.35, 7.35]},
			"faces": {
				"north": {"uv": [0, 0, 0.6, 0.1], "texture": "#1"},
				"east": {"uv": [0, 0, 0.2, 0.1], "texture": "#1"},
				"south": {"uv": [0, 0, 0.6, 0.1], "texture": "#1"},
				"west": {"uv": [0, 0, 0.2, 0.1], "texture": "#1"},
				"up": {"uv": [0, 0, 0.6, 0.2], "rotation": 180, "texture": "#1"},
				"down": {"uv": [0, 0, 0.6, 0.2], "rotation": 180, "texture": "#1"}
			}
		},
		{
			"from": [7.7, 10.6, 3.6],
			"to": [8.3, 10.7, 3.8],
			"rotation": {"angle": 0, "axis": "y", "origin": [7.05, 7.35, 7.35]},
			"faces": {
				"north": {"uv": [0, 0, 0.6, 0.1], "texture": "#1"},
				"east": {"uv": [0, 0, 0.2, 0.1], "texture": "#1"},
				"south": {"uv": [0, 0, 0.6, 0.1], "texture": "#1"},
				"west": {"uv": [0, 0, 0.2, 0.1], "texture": "#1"},
				"up": {"uv": [0, 0, 0.6, 0.2], "rotation": 180, "texture": "#1"},
				"down": {"uv": [0, 0, 0.6, 0.2], "rotation": 180, "texture": "#1"}
			}
		},
		{
			"from": [7.7, 10.6, 3.9],
			"to": [8.3, 10.7, 4.1],
			"rotation": {"angle": 0, "axis": "y", "origin": [7.05, 7.35, 7.35]},
			"faces": {
				"north": {"uv": [0, 0, 0.6, 0.1], "texture": "#1"},
				"east": {"uv": [0, 0, 0.2, 0.1], "texture": "#1"},
				"south": {"uv": [0, 0, 0.6, 0.1], "texture": "#1"},
				"west": {"uv": [0, 0, 0.2, 0.1], "texture": "#1"},
				"up": {"uv": [0, 0, 0.6, 0.2], "rotation": 180, "texture": "#1"},
				"down": {"uv": [0, 0, 0.6, 0.2], "rotation": 180, "texture": "#1"}
			}
		},
		{
			"from": [7.7, 10.6, 4.2],
			"to": [8.3, 10.7, 4.4],
			"rotation": {"angle": 0, "axis": "y", "origin": [7.05, 7.35, 7.35]},
			"faces": {
				"north": {"uv": [0, 0, 0.6, 0.1], "texture": "#1"},
				"east": {"uv": [0, 0, 0.2, 0.1], "texture": "#1"},
				"south": {"uv": [0, 0, 0.6, 0.1], "texture": "#1"},
				"west": {"uv": [0, 0, 0.2, 0.1], "texture": "#1"},
				"up": {"uv": [0, 0, 0.6, 0.2], "rotation": 180, "texture": "#1"},
				"down": {"uv": [0, 0, 0.6, 0.2], "rotation": 180, "texture": "#1"}
			}
		},
		{
			"from": [7.7, 10.6, 4.5],
			"to": [8.3, 10.7, 4.7],
			"rotation": {"angle": 0, "axis": "y", "origin": [7.05, 7.35, 7.35]},
			"faces": {
				"north": {"uv": [0, 0, 0.6, 0.1], "texture": "#1"},
				"east": {"uv": [0, 0, 0.2, 0.1], "texture": "#1"},
				"south": {"uv": [0, 0, 0.6, 0.1], "texture": "#1"},
				"west": {"uv": [0, 0, 0.2, 0.1], "texture": "#1"},
				"up": {"uv": [0, 0, 0.6, 0.2], "rotation": 180, "texture": "#1"},
				"down": {"uv": [0, 0, 0.6, 0.2], "rotation": 180, "texture": "#1"}
			}
		},
		{
			"from": [7.7, 10.6, 4.8],
			"to": [8.3, 10.7, 5],
			"rotation": {"angle": 0, "axis": "y", "origin": [7.05, 7.35, 7.35]},
			"faces": {
				"north": {"uv": [0, 0, 0.6, 0.1], "texture": "#1"},
				"east": {"uv": [0, 0, 0.2, 0.1], "texture": "#1"},
				"south": {"uv": [0, 0, 0.6, 0.1], "texture": "#1"},
				"west": {"uv": [0, 0, 0.2, 0.1], "texture": "#1"},
				"up": {"uv": [0, 0, 0.6, 0.2], "rotation": 180, "texture": "#1"},
				"down": {"uv": [0, 0, 0.6, 0.2], "rotation": 180, "texture": "#1"}
			}
		},
		{
			"from": [7.7, 10.6, 5.1],
			"to": [8.3, 10.7, 5.3],
			"rotation": {"angle": 0, "axis": "y", "origin": [7.05, 7.35, 7.35]},
			"faces": {
				"north": {"uv": [0, 0, 0.6, 0.1], "texture": "#1"},
				"east": {"uv": [0, 0, 0.2, 0.1], "texture": "#1"},
				"south": {"uv": [0, 0, 0.6, 0.1], "texture": "#1"},
				"west": {"uv": [0, 0, 0.2, 0.1], "texture": "#1"},
				"up": {"uv": [0, 0, 0.6, 0.2], "rotation": 180, "texture": "#1"},
				"down": {"uv": [0, 0, 0.6, 0.2], "rotation": 180, "texture": "#1"}
			}
		},
		{
			"from": [7.7, 10.6, 5.4],
			"to": [8.3, 10.7, 5.6],
			"rotation": {"angle": 0, "axis": "y", "origin": [7.05, 7.35, 7.35]},
			"faces": {
				"north": {"uv": [0, 0, 0.6, 0.1], "texture": "#1"},
				"east": {"uv": [0, 0, 0.2, 0.1], "texture": "#1"},
				"south": {"uv": [0, 0, 0.6, 0.1], "texture": "#1"},
				"west": {"uv": [0, 0, 0.2, 0.1], "texture": "#1"},
				"up": {"uv": [0, 0, 0.6, 0.2], "rotation": 180, "texture": "#1"},
				"down": {"uv": [0, 0, 0.6, 0.2], "rotation": 180, "texture": "#1"}
			}
		},
		{
			"from": [7.7, 10.6, 5.7],
			"to": [8.3, 10.7, 5.9],
			"rotation": {"angle": 0, "axis": "y", "origin": [7.05, 7.35, 7.35]},
			"faces": {
				"north": {"uv": [0, 0, 0.6, 0.1], "texture": "#1"},
				"east": {"uv": [0, 0, 0.2, 0.1], "texture": "#1"},
				"south": {"uv": [0, 0, 0.6, 0.1], "texture": "#1"},
				"west": {"uv": [0, 0, 0.2, 0.1], "texture": "#1"},
				"up": {"uv": [0, 0, 0.6, 0.2], "rotation": 180, "texture": "#1"},
				"down": {"uv": [0, 0, 0.6, 0.2], "rotation": 180, "texture": "#1"}
			}
		},
		{
			"from": [7.7, 10.6, 6],
			"to": [8.3, 10.7, 6.2],
			"rotation": {"angle": 0, "axis": "y", "origin": [7.05, 7.35, 7.35]},
			"faces": {
				"north": {"uv": [0, 0, 0.6, 0.1], "texture": "#1"},
				"east": {"uv": [0, 0, 0.2, 0.1], "texture": "#1"},
				"south": {"uv": [0, 0, 0.6, 0.1], "texture": "#1"},
				"west": {"uv": [0, 0, 0.2, 0.1], "texture": "#1"},
				"up": {"uv": [0, 0, 0.6, 0.2], "rotation": 180, "texture": "#1"},
				"down": {"uv": [0, 0, 0.6, 0.2], "rotation": 180, "texture": "#1"}
			}
		},
		{
			"from": [7.7, 10.6, 6.3],
			"to": [8.3, 10.7, 6.5],
			"rotation": {"angle": 0, "axis": "y", "origin": [7.05, 7.35, 7.35]},
			"faces": {
				"north": {"uv": [0, 0, 0.6, 0.1], "texture": "#1"},
				"east": {"uv": [0, 0, 0.2, 0.1], "texture": "#1"},
				"south": {"uv": [0, 0, 0.6, 0.1], "texture": "#1"},
				"west": {"uv": [0, 0, 0.2, 0.1], "texture": "#1"},
				"up": {"uv": [0, 0, 0.6, 0.2], "rotation": 180, "texture": "#1"},
				"down": {"uv": [0, 0, 0.6, 0.2], "rotation": 180, "texture": "#1"}
			}
		},
		{
			"from": [7.7, 10.6, 6.6],
			"to": [8.3, 10.7, 6.8],
			"rotation": {"angle": 0, "axis": "y", "origin": [7.05, 7.35, 7.35]},
			"faces": {
				"north": {"uv": [0, 0, 0.6, 0.1], "texture": "#1"},
				"east": {"uv": [0, 0, 0.2, 0.1], "texture": "#1"},
				"south": {"uv": [0, 0, 0.6, 0.1], "texture": "#1"},
				"west": {"uv": [0, 0, 0.2, 0.1], "texture": "#1"},
				"up": {"uv": [0, 0, 0.6, 0.2], "rotation": 180, "texture": "#1"},
				"down": {"uv": [0, 0, 0.6, 0.2], "rotation": 180, "texture": "#1"}
			}
		},
		{
			"from": [7.7, 10.6, 6.9],
			"to": [8.3, 10.7, 7.1],
			"rotation": {"angle": 0, "axis": "y", "origin": [7.05, 7.35, 7.35]},
			"faces": {
				"north": {"uv": [0, 0, 0.6, 0.1], "texture": "#1"},
				"east": {"uv": [0, 0, 0.2, 0.1], "texture": "#1"},
				"south": {"uv": [0, 0, 0.6, 0.1], "texture": "#1"},
				"west": {"uv": [0, 0, 0.2, 0.1], "texture": "#1"},
				"up": {"uv": [0, 0, 0.6, 0.2], "rotation": 180, "texture": "#1"},
				"down": {"uv": [0, 0, 0.6, 0.2], "rotation": 180, "texture": "#1"}
			}
		},
		{
			"from": [7.7, 10.6, 7.2],
			"to": [8.3, 10.7, 7.4],
			"rotation": {"angle": 0, "axis": "y", "origin": [7.05, 7.35, 7.35]},
			"faces": {
				"north": {"uv": [0, 0, 0.6, 0.1], "texture": "#1"},
				"east": {"uv": [0, 0, 0.2, 0.1], "texture": "#1"},
				"south": {"uv": [0, 0, 0.6, 0.1], "texture": "#1"},
				"west": {"uv": [0, 0, 0.2, 0.1], "texture": "#1"},
				"up": {"uv": [0, 0, 0.6, 0.2], "rotation": 180, "texture": "#1"},
				"down": {"uv": [0, 0, 0.6, 0.2], "rotation": 180, "texture": "#1"}
			}
		},
		{
			"from": [7.7, 10.6, 7.5],
			"to": [8.3, 10.7, 7.7],
			"rotation": {"angle": 0, "axis": "y", "origin": [7.05, 7.35, 7.35]},
			"faces": {
				"north": {"uv": [0, 0, 0.6, 0.1], "texture": "#1"},
				"east": {"uv": [0, 0, 0.2, 0.1], "texture": "#1"},
				"south": {"uv": [0, 0, 0.6, 0.1], "texture": "#1"},
				"west": {"uv": [0, 0, 0.2, 0.1], "texture": "#1"},
				"up": {"uv": [0, 0, 0.6, 0.2], "rotation": 180, "texture": "#1"},
				"down": {"uv": [0, 0, 0.6, 0.2], "rotation": 180, "texture": "#1"}
			}
		},
		{
			"from": [7.6, 8.6, 5.4],
			"to": [8.4, 8.7, 5.8],
			"faces": {
				"north": {"uv": [0, 0, 0.8, 0.1], "texture": "#1"},
				"east": {"uv": [0, 0, 0.4, 0.1], "texture": "#1"},
				"south": {"uv": [0, 0, 0.8, 0.1], "texture": "#1"},
				"west": {"uv": [0, 0, 0.4, 0.1], "texture": "#1"},
				"up": {"uv": [0, 0, 0.8, 0.4], "texture": "#1"},
				"down": {"uv": [0, 0, 0.8, 0.4], "texture": "#1"}
			}
		},
		{
			"from": [7.6, 6.6, 7.3],
			"to": [8.4, 6.8, 8.6],
			"faces": {
				"north": {"uv": [0, 0, 0.8, 0.2], "texture": "#4"},
				"east": {"uv": [0, 0, 1.3, 0.2], "texture": "#4"},
				"south": {"uv": [0, 0, 0.8, 0.2], "texture": "#4"},
				"west": {"uv": [0, 0, 1.3, 0.2], "texture": "#4"},
				"up": {"uv": [0, 0, 0.8, 1.3], "texture": "#4"},
				"down": {"uv": [0, 0, 0.8, 1.3], "texture": "#4"}
			}
		},
		{
			"from": [7.6, 6.8, 7.3],
			"to": [8.4, 7.1, 8.5],
			"faces": {
				"north": {"uv": [0, 0, 0.8, 0.3], "texture": "#4"},
				"east": {"uv": [0, 0, 1.2, 0.3], "texture": "#4"},
				"south": {"uv": [0, 0, 0.8, 0.3], "texture": "#4"},
				"west": {"uv": [0, 0, 1.2, 0.3], "texture": "#4"},
				"up": {"uv": [0, 0, 0.8, 1.2], "texture": "#4"},
				"down": {"uv": [0, 0, 0.8, 1.2], "texture": "#4"}
			}
		},
		{
			"from": [7.6, 7.1, 7.2],
			"to": [8.4, 7.4, 8.4],
			"faces": {
				"north": {"uv": [0, 0, 0.8, 0.3], "texture": "#4"},
				"east": {"uv": [0, 0, 1.2, 0.3], "texture": "#4"},
				"south": {"uv": [0, 0, 0.8, 0.3], "texture": "#4"},
				"west": {"uv": [0, 0, 1.2, 0.3], "texture": "#4"},
				"up": {"uv": [0, 0, 0.8, 1.2], "texture": "#4"},
				"down": {"uv": [0, 0, 0.8, 1.2], "texture": "#4"}
			}
		},
		{
			"from": [7.6, 7.4, 7.1],
			"to": [8.4, 7.7, 8.2],
			"faces": {
				"north": {"uv": [0, 0, 0.8, 0.3], "texture": "#4"},
				"east": {"uv": [0, 0, 1.1, 0.3], "texture": "#4"},
				"south": {"uv": [0, 0, 0.8, 0.3], "texture": "#4"},
				"west": {"uv": [0, 0, 1.1, 0.3], "texture": "#4"},
				"up": {"uv": [0, 0, 0.8, 1.1], "texture": "#4"},
				"down": {"uv": [0, 0, 0.8, 1.1], "texture": "#4"}
			}
		},
		{
			"from": [7.6, 7.7, 7],
			"to": [8.4, 8, 8.1],
			"faces": {
				"north": {"uv": [0, 0, 0.8, 0.3], "texture": "#4"},
				"east": {"uv": [0, 0, 1.1, 0.3], "texture": "#4"},
				"south": {"uv": [0, 0, 0.8, 0.3], "texture": "#4"},
				"west": {"uv": [0, 0, 1.1, 0.3], "texture": "#4"},
				"up": {"uv": [0, 0, 0.8, 1.1], "texture": "#4"},
				"down": {"uv": [0, 0, 0.8, 1.1], "texture": "#4"}
			}
		},
		{
			"from": [7.6, 7.9, 7],
			"to": [8.4, 8.2, 8],
			"faces": {
				"north": {"uv": [0, 0, 0.8, 0.3], "texture": "#4"},
				"east": {"uv": [0, 0, 1, 0.3], "texture": "#4"},
				"south": {"uv": [0, 0, 0.8, 0.3], "texture": "#4"},
				"west": {"uv": [0, 0, 1, 0.3], "texture": "#4"},
				"up": {"uv": [0, 0, 0.8, 1], "texture": "#4"},
				"down": {"uv": [0, 0, 0.8, 1], "texture": "#4"}
			}
		},
		{
			"from": [7.6, 8, 6.8],
			"to": [8.4, 8.2, 7],
			"faces": {
				"north": {"uv": [0, 0, 0.8, 0.2], "texture": "#4"},
				"east": {"uv": [0, 0, 0.2, 0.2], "texture": "#4"},
				"south": {"uv": [0, 0, 0.8, 0.2], "texture": "#4"},
				"west": {"uv": [0, 0, 0.2, 0.2], "texture": "#4"},
				"up": {"uv": [0, 0, 0.8, 0.2], "texture": "#4"},
				"down": {"uv": [0, 0, 0.8, 0.2], "texture": "#4"}
			}
		},
		{
			"from": [7.6, 7.4, 8.2],
			"to": [8.4, 7.6, 8.3],
			"faces": {
				"north": {"uv": [1, 0, 1.8, 0.2], "texture": "#4"},
				"east": {"uv": [0, 0, 0.1, 0.2], "texture": "#4"},
				"south": {"uv": [1, 0, 1.8, 0.2], "texture": "#4"},
				"west": {"uv": [1, 0, 1.1, 0.2], "texture": "#4"},
				"up": {"uv": [1, 0, 1.8, 0.1], "texture": "#4"},
				"down": {"uv": [1, 0, 1.8, 0.1], "texture": "#4"}
			}
		},
		{
			"from": [7.6, 7.7, 8.1],
			"to": [8.4, 7.8, 8.2],
			"faces": {
				"north": {"uv": [1, 0, 1.8, 0.2], "texture": "#4"},
				"east": {"uv": [0, 0, 0.1, 0.2], "texture": "#4"},
				"south": {"uv": [1, 0, 1.8, 0.2], "texture": "#4"},
				"west": {"uv": [1, 0, 1.1, 0.2], "texture": "#4"},
				"up": {"uv": [1, 0, 1.8, 0.1], "texture": "#4"},
				"down": {"uv": [1, 0, 1.8, 0.1], "texture": "#4"}
			}
		},
		{
			"from": [7.6, 6.5, 7.3],
			"to": [8.4, 6.6, 8.3],
			"faces": {
				"north": {"uv": [0, 0, 0.8, 0.1], "texture": "#4"},
				"east": {"uv": [0, 0, 1, 0.1], "texture": "#4"},
				"south": {"uv": [0, 0, 0.8, 0.1], "texture": "#4"},
				"west": {"uv": [0, 0, 1, 0.1], "texture": "#4"},
				"up": {"uv": [0, 0, 0.8, 1], "texture": "#4"},
				"down": {"uv": [0, 0, 0.8, 1], "texture": "#4"}
			}
		},
		{
			"from": [7.6, 8.2, 6.8],
			"to": [8.4, 8.6, 7.9],
			"faces": {
				"north": {"uv": [0, 0, 0.8, 0.4], "texture": "#4"},
				"east": {"uv": [0, 0, 1.1, 0.4], "texture": "#4"},
				"south": {"uv": [0, 0, 0.8, 0.4], "texture": "#4"},
				"west": {"uv": [0, 0, 1.1, 0.4], "texture": "#4"},
				"up": {"uv": [0, 0, 0.8, 1.1], "texture": "#4"},
				"down": {"uv": [0, 0, 0.8, 1.1], "texture": "#4"}
			}
		},
		{
			"from": [7.6, 8.6, 6.7],
			"to": [8.4, 8.7, 7.9],
			"faces": {
				"north": {"uv": [0, 0, 0.8, 0.1], "texture": "#4"},
				"east": {"uv": [0, 0, 1.2, 0.1], "texture": "#4"},
				"south": {"uv": [0, 0, 0.8, 0.1], "texture": "#4"},
				"west": {"uv": [0, 0, 1.2, 0.1], "texture": "#4"},
				"up": {"uv": [0, 0, 0.8, 1.2], "texture": "#4"},
				"down": {"uv": [0, 0, 0.8, 1.2], "texture": "#4"}
			}
		},
		{
			"from": [7.6, 8.7, 7.7],
			"to": [8.4, 8.8, 7.9],
			"faces": {
				"north": {"uv": [1, 0, 1.8, 0.2], "texture": "#4"},
				"east": {"uv": [0, 0, 0.1, 0.2], "texture": "#4"},
				"south": {"uv": [1, 0, 1.8, 0.2], "texture": "#4"},
				"west": {"uv": [1, 0, 1.1, 0.2], "texture": "#4"},
				"up": {"uv": [1, 0, 1.8, 0.1], "texture": "#4"},
				"down": {"uv": [1, 0, 1.8, 0.1], "texture": "#4"}
			}
		},
		{
			"from": [7.7, 8.2, 11.4],
			"to": [8.3, 8.8, 11.5],
			"rotation": {"angle": 0, "axis": "y", "origin": [7.05, 7.35, 7.35]},
			"faces": {
				"north": {"uv": [0, 0, 0.6, 0.6], "texture": "#1"},
				"east": {"uv": [0, 0, 0.1, 0.6], "texture": "#1"},
				"south": {"uv": [0, 0, 0.6, 0.6], "texture": "#1"},
				"west": {"uv": [0, 0, 0.1, 0.6], "texture": "#1"},
				"up": {"uv": [0, 0, 0.6, 0.1], "rotation": 180, "texture": "#1"},
				"down": {"uv": [0, 0, 0.6, 0.1], "rotation": 180, "texture": "#1"}
			}
		},
		{
			"from": [7.7, 6.3, 9.9],
			"to": [8.3, 8.8, 10],
			"rotation": {"angle": 0, "axis": "y", "origin": [7.05, 7.35, 7.35]},
			"faces": {
				"north": {"uv": [0, 0, 0.6, 2.5], "texture": "#1"},
				"east": {"uv": [0, 0, 0.1, 2.5], "texture": "#1"},
				"south": {"uv": [0, 0, 0.6, 2.5], "texture": "#1"},
				"west": {"uv": [0, 0, 0.1, 2.5], "texture": "#1"},
				"up": {"uv": [0, 0, 0.6, 0.1], "rotation": 180, "texture": "#1"},
				"down": {"uv": [0, 0, 0.6, 0.1], "rotation": 180, "texture": "#1"}
			}
		},
		{
			"from": [7.7, 6.3, 10.1],
			"to": [8.3, 8.8, 10.2],
			"rotation": {"angle": 0, "axis": "y", "origin": [7.05, 7.35, 7.35]},
			"faces": {
				"north": {"uv": [0, 0, 0.6, 2.5], "texture": "#1"},
				"east": {"uv": [0, 0, 0.1, 2.5], "texture": "#1"},
				"south": {"uv": [0, 0, 0.6, 2.5], "texture": "#1"},
				"west": {"uv": [0, 0, 0.1, 2.5], "texture": "#1"},
				"up": {"uv": [0, 0, 0.6, 0.1], "rotation": 180, "texture": "#1"},
				"down": {"uv": [0, 0, 0.6, 0.1], "rotation": 180, "texture": "#1"}
			}
		},
		{
			"from": [7.7, 6.3, 10.3],
			"to": [8.3, 8.8, 10.4],
			"rotation": {"angle": 0, "axis": "y", "origin": [7.05, 7.35, 7.35]},
			"faces": {
				"north": {"uv": [0, 0, 0.6, 2.5], "texture": "#1"},
				"east": {"uv": [0, 0, 0.1, 2.5], "texture": "#1"},
				"south": {"uv": [0, 0, 0.6, 2.5], "texture": "#1"},
				"west": {"uv": [0, 0, 0.1, 2.5], "texture": "#1"},
				"up": {"uv": [0, 0, 0.6, 0.1], "rotation": 180, "texture": "#1"},
				"down": {"uv": [0, 0, 0.6, 0.1], "rotation": 180, "texture": "#1"}
			}
		},
		{
			"from": [7.7, 6.3, 10.5],
			"to": [8.3, 8.8, 10.6],
			"rotation": {"angle": 0, "axis": "y", "origin": [7.05, 7.35, 7.35]},
			"faces": {
				"north": {"uv": [0, 0, 0.6, 2.5], "texture": "#1"},
				"east": {"uv": [0, 0, 0.1, 2.5], "texture": "#1"},
				"south": {"uv": [0, 0, 0.6, 2.5], "texture": "#1"},
				"west": {"uv": [0, 0, 0.1, 2.5], "texture": "#1"},
				"up": {"uv": [0, 0, 0.6, 0.1], "rotation": 180, "texture": "#1"},
				"down": {"uv": [0, 0, 0.6, 0.1], "rotation": 180, "texture": "#1"}
			}
		},
		{
			"from": [7.7, 6.2, 10.7],
			"to": [8.3, 8.8, 10.8],
			"rotation": {"angle": 0, "axis": "y", "origin": [7.05, 7.35, 7.35]},
			"faces": {
				"north": {"uv": [0, 0, 0.6, 2.6], "texture": "#1"},
				"east": {"uv": [0, 0, 0.1, 2.6], "texture": "#1"},
				"south": {"uv": [0, 0, 0.6, 2.6], "texture": "#1"},
				"west": {"uv": [0, 0, 0.1, 2.6], "texture": "#1"},
				"up": {"uv": [0, 0, 0.6, 0.1], "rotation": 180, "texture": "#1"},
				"down": {"uv": [0, 0, 0.6, 0.1], "rotation": 180, "texture": "#1"}
			}
		},
		{
			"from": [7.7, 6.2, 10.9],
			"to": [8.3, 8.8, 11],
			"rotation": {"angle": 0, "axis": "y", "origin": [7.05, 7.35, 7.35]},
			"faces": {
				"north": {"uv": [0, 0, 0.6, 2.6], "texture": "#1"},
				"east": {"uv": [0, 0, 0.1, 2.6], "texture": "#1"},
				"south": {"uv": [0, 0, 0.6, 2.6], "texture": "#1"},
				"west": {"uv": [0, 0, 0.1, 2.6], "texture": "#1"},
				"up": {"uv": [0, 0, 0.6, 0.1], "rotation": 180, "texture": "#1"},
				"down": {"uv": [0, 0, 0.6, 0.1], "rotation": 180, "texture": "#1"}
			}
		},
		{
			"from": [7.7, 6.2, 11.1],
			"to": [8.3, 8.8, 11.2],
			"rotation": {"angle": 0, "axis": "y", "origin": [7.05, 7.35, 7.35]},
			"faces": {
				"north": {"uv": [0, 0, 0.6, 2.6], "texture": "#1"},
				"east": {"uv": [0, 0, 0.1, 2.6], "texture": "#1"},
				"south": {"uv": [0, 0, 0.6, 2.6], "texture": "#1"},
				"west": {"uv": [0, 0, 0.1, 2.6], "texture": "#1"},
				"up": {"uv": [0, 0, 0.6, 0.1], "rotation": 180, "texture": "#1"},
				"down": {"uv": [0, 0, 0.6, 0.1], "rotation": 180, "texture": "#1"}
			}
		},
		{
			"from": [7.8, 6.2, 10.6],
			"to": [8.2, 8.8, 11.3],
			"rotation": {"angle": 0, "axis": "y", "origin": [7.05, 7.35, 7.35]},
			"faces": {
				"north": {"uv": [0, 0, 0.4, 2.6], "texture": "#1"},
				"east": {"uv": [0, 0, 0.7, 2.6], "texture": "#1"},
				"south": {"uv": [0, 0, 0.4, 2.6], "texture": "#1"},
				"west": {"uv": [0, 0, 0.7, 2.6], "texture": "#1"},
				"up": {"uv": [0, 0, 0.4, 0.7], "rotation": 180, "texture": "#1"},
				"down": {"uv": [0, 0, 0.4, 0.7], "rotation": 180, "texture": "#1"}
			}
		},
		{
			"from": [7.8, 6.3, 9.8],
			"to": [8.2, 8.9, 10.5],
			"rotation": {"angle": 0, "axis": "y", "origin": [7.05, 7.35, 7.35]},
			"faces": {
				"north": {"uv": [0, 0, 0.4, 2.6], "texture": "#1"},
				"east": {"uv": [0, 0, 0.7, 2.6], "texture": "#1"},
				"south": {"uv": [0, 0, 0.4, 2.6], "texture": "#1"},
				"west": {"uv": [0, 0, 0.7, 2.6], "texture": "#1"},
				"up": {"uv": [0, 0, 0.4, 0.7], "rotation": 180, "texture": "#1"},
				"down": {"uv": [0, 0, 0.4, 0.7], "rotation": 180, "texture": "#1"}
			}
		}
	],
	"display": {
		"firstperson_righthand": {
			"translation": [0, -0.75, 0],
			"scale": [3, 3, 3]
		},
		"firstperson_lefthand": {
			"translation": [0, -0.75, 0],
			"scale": [3, 3, 3]
		},
		"ground": {
			"translation": [0, -4.25, 0]
		},
		"gui": {
			"rotation": [90, 52, -90],
			"translation": [0.5, -1, 0]
		}
	},
	"groups": [
		{
			"name": "group",
			"origin": [0, 0, 0],
			"color": 0,
			"children": [
				{
					"name": "group",
					"origin": [7.05, 7.35, 7.35],
					"color": 0,
					"children": []
				},
				{
					"name": "group",
					"origin": [7.05, 7.35, 7.35],
					"color": 0,
					"children": [
						0,
						1,
						2,
						3,
						4,
						5,
						6,
						7,
						8,
						9,
						10,
						11,
						12,
						13,
						14,
						15,
						16,
						17,
						18,
						19,
						20,
						21,
						22,
						23,
						24,
						25,
						26,
						27,
						28,
						29,
						30,
						31,
						32,
						33,
						34,
						35,
						36,
						37,
						38,
						39,
						40,
						41,
						42,
						43,
						44,
						45,
						46,
						47,
						48,
						49,
						50,
						51,
						52,
						53,
						54,
						55,
						56,
						57,
						58,
						59,
						60,
						61,
						62,
						63,
						64,
						65,
						66,
						67,
						68,
						69,
						70,
						71,
						72,
						73,
						74,
						75,
						76,
						77,
						78,
						79,
						80,
						81,
						82,
						83,
						84,
						85,
						86,
						87,
						88,
						89,
						90,
						91,
						92,
						93,
						94,
						95,
						96,
						97,
						98,
						99,
						100,
						101,
						102,
						103,
						104,
						105,
						106,
						107,
						108,
						109,
						110,
						111,
						112,
						113,
						114,
						115,
						116,
						117,
						118,
						119,
						120,
						121,
						122,
						123,
						124,
						125,
						126,
						127,
						128,
						129,
						130,
						131,
						132,
						133,
						134,
						135,
						136,
						137,
						138,
						139
					]
				}
			]
		},
		{
			"name": "group",
			"origin": [8, 8, 8],
			"color": 0,
			"children": []
		},
		{
			"name": "group",
			"origin": [8, 8, 8],
			"color": 0,
			"children": []
		}
	]
}