{
	"credit": "Made with Blockbench",
	"texture_size": [64, 64],
	"textures": {
		"2": "item/custom_item/shooting_star_longbow"
	},
	"elements": [
		{
			"from": [7, 11.4783, 1.94186],
			"to": [9, 21.4783, 2.94186],
			"rotation": {"angle": 22.5, "axis": "x", "origin": [8, 8, 9.12606]},
			"faces": {
				"north": {"uv": [3.5, 0, 4, 2.5], "texture": "#2"},
				"east": {"uv": [5.5, 4, 5.75, 6.5], "texture": "#2"},
				"south": {"uv": [0.5, 3.5, 1, 6], "texture": "#2"},
				"west": {"uv": [5.75, 4, 6, 6.5], "texture": "#2"},
				"up": {"uv": [7.5, 8, 7, 7.75], "texture": "#2"},
				"down": {"uv": [2.75, 8, 2.25, 8.25], "texture": "#2"}
			}
		},
		{
			"from": [7, 11.4783, 3.94186],
			"to": [9, 21.4783, 4.94186],
			"rotation": {"angle": 22.5, "axis": "x", "origin": [8, 8, 9.12606]},
			"faces": {
				"north": {"uv": [1, 3.5, 1.5, 6], "texture": "#2"},
				"east": {"uv": [6, 0, 6.25, 2.5], "texture": "#2"},
				"south": {"uv": [1.5, 3.5, 2, 6], "texture": "#2"},
				"west": {"uv": [0.5, 6, 0.75, 8.5], "texture": "#2"},
				"up": {"uv": [8.5, 6.75, 8, 6.5], "texture": "#2"},
				"down": {"uv": [8.5, 6.75, 8, 7], "texture": "#2"}
			}
		},
		{
			"from": [7.01, 10.91757, 9.86535],
			"to": [8.99, 13.91757, 11.86535],
			"rotation": {"angle": -45, "axis": "x", "origin": [8, 8, 9.12606]},
			"faces": {
				"north": {"uv": [0.75, 7.25, 1.25, 8], "texture": "#2"},
				"east": {"uv": [1.25, 7.25, 1.75, 8], "texture": "#2"},
				"south": {"uv": [1.75, 7.25, 2.25, 8], "texture": "#2"},
				"west": {"uv": [2.25, 7.25, 2.75, 8], "texture": "#2"},
				"up": {"uv": [4.5, 8.25, 4, 7.75], "texture": "#2"},
				"down": {"uv": [5.75, 7.75, 5.25, 8.25], "texture": "#2"}
			}
		},
		{
			"from": [6.5, 13.56883, 4.14928],
			"to": [9.5, 14.56883, 11.14928],
			"rotation": {"angle": -22.5, "axis": "x", "origin": [8, 8, 9.12606]},
			"faces": {
				"north": {"uv": [8, 3, 8.75, 3.25], "texture": "#2"},
				"east": {"uv": [7, 1, 8.75, 1.25], "texture": "#2"},
				"south": {"uv": [8, 3.25, 8.75, 3.5], "texture": "#2"},
				"west": {"uv": [7, 1.25, 8.75, 1.5], "texture": "#2"},
				"up": {"uv": [3.5, 1.75, 2.75, 0], "texture": "#2"},
				"down": {"uv": [3.5, 1.75, 2.75, 3.5], "texture": "#2"}
			}
		},
		{
			"from": [6.5, 14.56883, 5.14928],
			"to": [9.5, 15.56883, 12.14928],
			"rotation": {"angle": -22.5, "axis": "x", "origin": [8, 8, 9.12606]},
			"faces": {
				"north": {"uv": [0.75, 8, 1.5, 8.25], "texture": "#2"},
				"east": {"uv": [6.75, 2, 8.5, 2.25], "texture": "#2"},
				"south": {"uv": [1.5, 8, 2.25, 8.25], "texture": "#2"},
				"west": {"uv": [6.75, 2.25, 8.5, 2.5], "texture": "#2"},
				"up": {"uv": [1.25, 1.75, 0.5, 0], "texture": "#2"},
				"down": {"uv": [2, 0, 1.25, 1.75], "texture": "#2"}
			}
		},
		{
			"from": [6.5, 1.43117, 4.14928],
			"to": [9.5, 2.43117, 11.14928],
			"rotation": {"angle": 22.5, "axis": "x", "origin": [8, 8, 9.12606]},
			"faces": {
				"north": {"uv": [8, 2.5, 8.75, 2.75], "texture": "#2"},
				"east": {"uv": [7, 0.5, 8.75, 0.75], "texture": "#2"},
				"south": {"uv": [8, 2.75, 8.75, 3], "texture": "#2"},
				"west": {"uv": [7, 0.75, 8.75, 1], "texture": "#2"},
				"up": {"uv": [2.75, 1.75, 2, 0], "texture": "#2"},
				"down": {"uv": [2.75, 1.75, 2, 3.5], "texture": "#2"}
			}
		},
		{
			"from": [6.5, 0.43117, 5.14928],
			"to": [9.5, 1.43117, 12.14928],
			"rotation": {"angle": 22.5, "axis": "x", "origin": [8, 8, 9.12606]},
			"faces": {
				"north": {"uv": [8, 1.5, 8.75, 1.75], "texture": "#2"},
				"east": {"uv": [7, 0, 8.75, 0.25], "texture": "#2"},
				"south": {"uv": [8, 1.75, 8.75, 2], "texture": "#2"},
				"west": {"uv": [7, 0.25, 8.75, 0.5], "texture": "#2"},
				"up": {"uv": [1.25, 3.5, 0.5, 1.75], "texture": "#2"},
				"down": {"uv": [2, 1.75, 1.25, 3.5], "texture": "#2"}
			}
		},
		{
			"from": [8, -12, 13.25],
			"to": [8, 27, 19.25],
			"rotation": {"angle": 0, "axis": "y", "origin": [8, 9, 11.12606]},
			"faces": {
				"east": {"uv": [10.25, 0, 8.75, 9.75], "texture": "#2"},
				"west": {"uv": [8.75, 0, 10.25, 9.75], "texture": "#2"},
				"up": {"uv": [0, 0.25, 0, 0], "texture": "#2"},
				"down": {"uv": [0, 0, 0, 0.25], "texture": "#2"}
			}
		},
		{
			"from": [7, 4, 7],
			"to": [9, 12, 9],
			"rotation": {"angle": 0, "axis": "y", "origin": [8, 8, 9.12606]},
			"faces": {
				"north": {"uv": [4, 0, 4.5, 2], "texture": "#2"},
				"east": {"uv": [4, 2, 4.5, 4], "texture": "#2"},
				"south": {"uv": [4, 4, 4.5, 6], "texture": "#2"},
				"west": {"uv": [4.5, 0, 5, 2], "texture": "#2"},
				"up": {"uv": [8, 3, 7.5, 2.5], "texture": "#2"},
				"down": {"uv": [8, 3, 7.5, 3.5], "texture": "#2"}
			}
		},
		{
			"from": [6.75, 3.75, 6.75],
			"to": [9.25, 12.25, 9.25],
			"rotation": {"angle": 0, "axis": "y", "origin": [8, 8, 9.12606]},
			"faces": {
				"north": {"uv": [4.5, 2, 5, 4], "texture": "#2"},
				"east": {"uv": [4.5, 4, 5, 6], "texture": "#2"},
				"south": {"uv": [5, 0, 5.5, 2], "texture": "#2"},
				"west": {"uv": [5, 2, 5.5, 4], "texture": "#2"},
				"up": {"uv": [8, 6.5, 7.5, 6], "texture": "#2"},
				"down": {"uv": [8, 6.5, 7.5, 7], "texture": "#2"}
			}
		},
		{
			"from": [6.75, 3.75, 6.75],
			"to": [9.25, 12.25, 9.25],
			"rotation": {"angle": 0, "axis": "y", "origin": [8, 8, 9.12606]},
			"faces": {
				"north": {"uv": [4.5, 2, 5, 4], "texture": "#2"},
				"east": {"uv": [4.5, 4, 5, 6], "texture": "#2"},
				"south": {"uv": [5, 0, 5.5, 2], "texture": "#2"},
				"west": {"uv": [5, 2, 5.5, 4], "texture": "#2"},
				"up": {"uv": [8, 6.5, 7.5, 6], "texture": "#2"},
				"down": {"uv": [8, 6.5, 7.5, 7], "texture": "#2"}
			}
		},
		{
			"from": [7.01, 2.08243, 9.86535],
			"to": [8.99, 5.08243, 11.86535],
			"rotation": {"angle": 45, "axis": "x", "origin": [8, 8, 9.12606]},
			"faces": {
				"north": {"uv": [7, 2.5, 7.5, 3.25], "texture": "#2"},
				"east": {"uv": [7, 3.25, 7.5, 4], "texture": "#2"},
				"south": {"uv": [3.5, 7, 4, 7.75], "texture": "#2"},
				"west": {"uv": [7, 4, 7.5, 4.75], "texture": "#2"},
				"up": {"uv": [4.5, 7.75, 4, 7.25], "texture": "#2"},
				"down": {"uv": [8, 1.5, 7.5, 2], "texture": "#2"}
			}
		},
		{
			"from": [7, 19.4783, 2.94186],
			"to": [9, 21.4783, 3.94186],
			"rotation": {"angle": 22.5, "axis": "x", "origin": [8, 8, 9.12606]},
			"faces": {
				"north": {"uv": [7, 1.5, 7.5, 2], "texture": "#2"},
				"east": {"uv": [5.25, 6, 5.5, 6.5], "texture": "#2"},
				"south": {"uv": [2.75, 7.25, 3.25, 7.75], "texture": "#2"},
				"west": {"uv": [8, 4.5, 8.25, 5], "texture": "#2"},
				"up": {"uv": [8.5, 5.25, 8, 5], "texture": "#2"},
				"down": {"uv": [8.5, 5.25, 8, 5.5], "texture": "#2"}
			}
		},
		{
			"from": [7, 22.06931, -3.98815],
			"to": [9, 27.06931, -1.98815],
			"rotation": {"angle": 45, "axis": "x", "origin": [8, 8.59101, 3.19605]},
			"faces": {
				"north": {"uv": [0.75, 6, 1.25, 7.25], "texture": "#2"},
				"east": {"uv": [1.25, 6, 1.75, 7.25], "texture": "#2"},
				"south": {"uv": [1.75, 6, 2.25, 7.25], "texture": "#2"},
				"west": {"uv": [2.25, 6, 2.75, 7.25], "texture": "#2"},
				"up": {"uv": [8, 4, 7.5, 3.5], "texture": "#2"},
				"down": {"uv": [8, 4, 7.5, 4.5], "texture": "#2"}
			}
		},
		{
			"from": [6.75, 21.81931, -4.23815],
			"to": [9.25, 27.31931, -1.73815],
			"rotation": {"angle": 45, "axis": "x", "origin": [8, 8.59101, 3.19605]},
			"faces": {
				"north": {"uv": [6, 5, 6.5, 6.25], "texture": "#2"},
				"east": {"uv": [6.25, 0, 6.75, 1.25], "texture": "#2"},
				"south": {"uv": [6.25, 1.25, 6.75, 2.5], "texture": "#2"},
				"west": {"uv": [6, 6.25, 6.5, 7.5], "texture": "#2"},
				"up": {"uv": [8, 7.5, 7.5, 7], "texture": "#2"},
				"down": {"uv": [8, 7.5, 7.5, 8], "texture": "#2"}
			}
		},
		{
			"from": [7, 29.03378, -2.98815],
			"to": [9, 30.03378, 0.01185],
			"rotation": {"angle": 45, "axis": "x", "origin": [8, 8.59101, 3.19605]},
			"faces": {
				"north": {"uv": [7, 8, 7.5, 8.25], "texture": "#2"},
				"east": {"uv": [8, 3.5, 8.75, 3.75], "texture": "#2"},
				"south": {"uv": [8, 7, 8.5, 7.25], "texture": "#2"},
				"west": {"uv": [8, 3.75, 8.75, 4], "texture": "#2"},
				"up": {"uv": [7.5, 5.5, 7, 4.75], "texture": "#2"},
				"down": {"uv": [7.5, 5.5, 7, 6.25], "texture": "#2"}
			}
		},
		{
			"from": [7.5, 27.06931, -2.98815],
			"to": [8.5, 29.06931, -1.98815],
			"rotation": {"angle": 45, "axis": "x", "origin": [8, 8.59101, 3.19605]},
			"faces": {
				"north": {"uv": [8, 5.5, 8.25, 6], "texture": "#2"},
				"east": {"uv": [6, 8, 6.25, 8.5], "texture": "#2"},
				"south": {"uv": [8, 6, 8.25, 6.5], "texture": "#2"},
				"west": {"uv": [6.25, 8, 6.5, 8.5], "texture": "#2"},
				"up": {"uv": [3.25, 8.5, 3, 8.25], "texture": "#2"},
				"down": {"uv": [8.5, 5.75, 8.25, 6], "texture": "#2"}
			}
		},
		{
			"from": [7, -5.4783, 1.94186],
			"to": [9, 4.5217, 2.94186],
			"rotation": {"angle": -22.5, "axis": "x", "origin": [8, 8, 9.12606]},
			"faces": {
				"north": {"uv": [3.5, 2.5, 4, 5], "texture": "#2"},
				"east": {"uv": [4.75, 6, 5, 8.5], "texture": "#2"},
				"south": {"uv": [3, 3.5, 3.5, 6], "texture": "#2"},
				"west": {"uv": [5, 6, 5.25, 8.5], "texture": "#2"},
				"up": {"uv": [4, 8.5, 3.5, 8.25], "texture": "#2"},
				"down": {"uv": [4.5, 8.25, 4, 8.5], "texture": "#2"}
			}
		},
		{
			"from": [6.75, 11.2283, 1.69186],
			"to": [9.25, 19.7283, 3.19186],
			"rotation": {"angle": 22.5, "axis": "x", "origin": [8, 8, 9.12606]},
			"faces": {
				"north": {"uv": [3.5, 5, 4, 7], "texture": "#2"},
				"east": {"uv": [5.75, 6.5, 6, 8.5], "texture": "#2"},
				"south": {"uv": [5, 4, 5.5, 6], "texture": "#2"},
				"west": {"uv": [6.5, 6.25, 6.75, 8.25], "texture": "#2"},
				"up": {"uv": [8.75, 4.75, 8.25, 4.5], "texture": "#2"},
				"down": {"uv": [8.75, 4.75, 8.25, 5], "texture": "#2"}
			}
		},
		{
			"from": [6.75, -3.7283, 1.69186],
			"to": [9.25, 4.7717, 3.19186],
			"rotation": {"angle": -22.5, "axis": "x", "origin": [8, 8, 9.12606]},
			"faces": {
				"north": {"uv": [5.5, 0, 6, 2], "texture": "#2"},
				"east": {"uv": [6.75, 0, 7, 2], "texture": "#2"},
				"south": {"uv": [5.5, 2, 6, 4], "texture": "#2"},
				"west": {"uv": [6.75, 6.25, 7, 8.25], "texture": "#2"},
				"up": {"uv": [5.75, 8.5, 5.25, 8.25], "texture": "#2"},
				"down": {"uv": [8.75, 5.5, 8.25, 5.75], "texture": "#2"}
			}
		},
		{
			"from": [7, -5.4783, 2.94186],
			"to": [9, -3.4783, 3.94186],
			"rotation": {"angle": -22.5, "axis": "x", "origin": [8, 8, 9.12606]},
			"faces": {
				"north": {"uv": [7.5, 5.5, 8, 6], "texture": "#2"},
				"east": {"uv": [1.5, 8.25, 1.75, 8.75], "texture": "#2"},
				"south": {"uv": [6, 7.5, 6.5, 8], "texture": "#2"},
				"west": {"uv": [1.75, 8.25, 2, 8.75], "texture": "#2"},
				"up": {"uv": [2.5, 8.5, 2, 8.25], "texture": "#2"},
				"down": {"uv": [3, 8.25, 2.5, 8.5], "texture": "#2"}
			}
		},
		{
			"from": [7.5, -13.06931, -2.98815],
			"to": [8.5, -11.06931, -1.98815],
			"rotation": {"angle": -45, "axis": "x", "origin": [8, 7.40899, 3.19605]},
			"faces": {
				"north": {"uv": [8, 8, 8.25, 8.5], "texture": "#2"},
				"east": {"uv": [0.75, 8.25, 1, 8.75], "texture": "#2"},
				"south": {"uv": [1, 8.25, 1.25, 8.75], "texture": "#2"},
				"west": {"uv": [1.25, 8.25, 1.5, 8.75], "texture": "#2"},
				"up": {"uv": [8.5, 6.25, 8.25, 6], "texture": "#2"},
				"down": {"uv": [8.5, 6.25, 8.25, 6.5], "texture": "#2"}
			}
		},
		{
			"from": [7, -5.4783, 3.94186],
			"to": [9, 4.5217, 4.94186],
			"rotation": {"angle": -22.5, "axis": "x", "origin": [8, 8, 9.12606]},
			"faces": {
				"north": {"uv": [2, 3.5, 2.5, 6], "texture": "#2"},
				"east": {"uv": [3.25, 6, 3.5, 8.5], "texture": "#2"},
				"south": {"uv": [2.5, 3.5, 3, 6], "texture": "#2"},
				"west": {"uv": [4.5, 6, 4.75, 8.5], "texture": "#2"},
				"up": {"uv": [8.5, 7.75, 8, 7.5], "texture": "#2"},
				"down": {"uv": [8.5, 7.75, 8, 8], "texture": "#2"}
			}
		},
		{
			"from": [7, -11.06931, -3.98815],
			"to": [9, -6.06931, -1.98815],
			"rotation": {"angle": -45, "axis": "x", "origin": [8, 7.40899, 3.19605]},
			"faces": {
				"north": {"uv": [6, 2.5, 6.5, 3.75], "texture": "#2"},
				"east": {"uv": [2.75, 6, 3.25, 7.25], "texture": "#2"},
				"south": {"uv": [6, 3.75, 6.5, 5], "texture": "#2"},
				"west": {"uv": [4, 6, 4.5, 7.25], "texture": "#2"},
				"up": {"uv": [8, 5, 7.5, 4.5], "texture": "#2"},
				"down": {"uv": [8, 5, 7.5, 5.5], "texture": "#2"}
			}
		},
		{
			"from": [6.75, -11.31931, -4.23815],
			"to": [9.25, -5.81931, -1.73815],
			"rotation": {"angle": -45, "axis": "x", "origin": [8, 7.40899, 3.19605]},
			"faces": {
				"north": {"uv": [6.5, 2.5, 7, 3.75], "texture": "#2"},
				"east": {"uv": [6.5, 3.75, 7, 5], "texture": "#2"},
				"south": {"uv": [6.5, 5, 7, 6.25], "texture": "#2"},
				"west": {"uv": [5.25, 6.5, 5.75, 7.75], "texture": "#2"},
				"up": {"uv": [3.25, 8.25, 2.75, 7.75], "texture": "#2"},
				"down": {"uv": [4, 7.75, 3.5, 8.25], "texture": "#2"}
			}
		},
		{
			"from": [7, -14.03378, -2.98815],
			"to": [9, -13.03378, 0.01185],
			"rotation": {"angle": -45, "axis": "x", "origin": [8, 7.40899, 3.19605]},
			"faces": {
				"north": {"uv": [8, 7.25, 8.5, 7.5], "texture": "#2"},
				"east": {"uv": [8, 4, 8.75, 4.25], "texture": "#2"},
				"south": {"uv": [7.5, 8, 8, 8.25], "texture": "#2"},
				"west": {"uv": [8, 4.25, 8.75, 4.5], "texture": "#2"},
				"up": {"uv": [7.5, 7, 7, 6.25], "texture": "#2"},
				"down": {"uv": [7.5, 7, 7, 7.75], "texture": "#2"}
			}
		},
		{
			"from": [4.25, 8, 0.25],
			"to": [9.25, 8, 19.25],
			"rotation": {"angle": 45, "axis": "z", "origin": [6.75, 8, 9.75]},
			"faces": {
				"up": {"uv": [0, 10.75, 4.75, 12], "rotation": 270, "texture": "#2"},
				"down": {"uv": [4.75, 10.75, 0, 12], "rotation": 270, "texture": "#2"}
			}
		},
		{
			"from": [4.25, 8, 0.25],
			"to": [9.25, 8, 19.25],
			"rotation": {"angle": -45, "axis": "z", "origin": [6.75, 8, 11.75]},
			"faces": {
				"up": {"uv": [0, 12, 4.75, 10.75], "rotation": 270, "texture": "#2"},
				"down": {"uv": [4.75, 12, 0, 10.75], "rotation": 270, "texture": "#2"}
			}
		},
		{
			"from": [4.25, 5.5, 18.25],
			"to": [9.25, 10.5, 18.25],
			"rotation": {"angle": 45, "axis": "z", "origin": [6.75, 8, 14.75]},
			"faces": {
				"north": {"uv": [0, 12, 1.25, 13.25], "rotation": 270, "texture": "#2"},
				"south": {"uv": [0, 12, 1.25, 13.25], "rotation": 270, "texture": "#2"}
			}
		},
		{
			"name": "cube_outline",
			"from": [9.25, 19.7283, 3.19186],
			"to": [6.75, 11.2283, 1.69186],
			"rotation": {"angle": 22.5, "axis": "x", "origin": [8, 8, 9.12606]},
			"faces": {
				"north": {"uv": [5.5, 4, 5, 6], "rotation": 180, "texture": "#2"},
				"east": {"uv": [6, 6.5, 5.75, 8.5], "rotation": 180, "texture": "#2"},
				"south": {"uv": [4, 5, 3.5, 7], "rotation": 180, "texture": "#2"},
				"west": {"uv": [6.75, 6.25, 6.5, 8.25], "rotation": 180, "texture": "#2"},
				"up": {"uv": [8.25, 4.75, 8.75, 5], "rotation": 180, "texture": "#2"},
				"down": {"uv": [8.25, 4.75, 8.75, 4.5], "rotation": 180, "texture": "#2"}
			}
		},
		{
			"name": "cube_outline",
			"from": [9.25, 4.7717, 3.19186],
			"to": [6.75, -3.7283, 1.69186],
			"rotation": {"angle": -22.5, "axis": "x", "origin": [8, 8, 9.12606]},
			"faces": {
				"north": {"uv": [5.5, 2, 6, 4], "rotation": 180, "texture": "#2"},
				"east": {"uv": [6.75, 6.25, 7, 8.25], "rotation": 180, "texture": "#2"},
				"south": {"uv": [5.5, 0, 6, 2], "rotation": 180, "texture": "#2"},
				"west": {"uv": [6.75, 0, 7, 2], "rotation": 180, "texture": "#2"},
				"up": {"uv": [8.75, 5.5, 8.25, 5.75], "rotation": 180, "texture": "#2"},
				"down": {"uv": [5.75, 8.5, 5.25, 8.25], "rotation": 180, "texture": "#2"}
			}
		},
		{
			"name": "cube_outline",
			"from": [9.25, 27.31931, -1.73815],
			"to": [6.75, 21.81931, -4.23815],
			"rotation": {"angle": 45, "axis": "x", "origin": [8, 8.59101, 3.19605]},
			"faces": {
				"north": {"uv": [6.25, 1.25, 6.75, 2.5], "rotation": 180, "texture": "#2"},
				"east": {"uv": [6.5, 6.25, 6, 7.5], "rotation": 180, "texture": "#2"},
				"south": {"uv": [6, 5, 6.5, 6.25], "rotation": 180, "texture": "#2"},
				"west": {"uv": [6.75, 0, 6.25, 1.25], "rotation": 180, "texture": "#2"},
				"up": {"uv": [8, 7.5, 7.5, 8], "rotation": 180, "texture": "#2"},
				"down": {"uv": [8, 7, 7.5, 7.5], "rotation": 180, "texture": "#2"}
			}
		},
		{
			"name": "cube_outline",
			"from": [9.25, -5.81931, -1.73815],
			"to": [6.75, -11.31931, -4.23815],
			"rotation": {"angle": -45, "axis": "x", "origin": [8, 7.40899, 3.19605]},
			"faces": {
				"north": {"uv": [6.5, 5, 7, 6.25], "rotation": 180, "texture": "#2"},
				"east": {"uv": [5.75, 6.5, 5.25, 7.75], "rotation": 180, "texture": "#2"},
				"south": {"uv": [6.5, 2.5, 7, 3.75], "rotation": 180, "texture": "#2"},
				"west": {"uv": [7, 3.75, 6.5, 5], "rotation": 180, "texture": "#2"},
				"up": {"uv": [4, 8.25, 3.5, 7.75], "rotation": 180, "texture": "#2"},
				"down": {"uv": [3.25, 8.25, 2.75, 7.75], "rotation": 180, "texture": "#2"}
			}
		},
		{
			"name": "cube_outline",
			"from": [9.25, 12.25, 9.25],
			"to": [6.75, 3.75, 6.75],
			"rotation": {"angle": 0, "axis": "y", "origin": [8, 8, 9.12606]},
			"faces": {
				"north": {"uv": [5, 0, 5.5, 2], "rotation": 180, "texture": "#2"},
				"east": {"uv": [5, 2, 5.5, 4], "rotation": 180, "texture": "#2"},
				"south": {"uv": [4.5, 2, 5, 4], "rotation": 180, "texture": "#2"},
				"west": {"uv": [4.5, 4, 5, 6], "rotation": 180, "texture": "#2"},
				"up": {"uv": [8, 6.5, 7.5, 7], "rotation": 180, "texture": "#2"},
				"down": {"uv": [8, 6.5, 7.5, 6], "rotation": 180, "texture": "#2"}
			}
		}
	],
	"display": {
		"thirdperson_righthand": {
			"translation": [0, -2, 1.5],
			"scale": [0.75, 0.75, 0.75]
		},
		"thirdperson_lefthand": {
			"translation": [0, -2, 1.5],
			"scale": [0.75, 0.75, 0.75]
		},
		"firstperson_righthand": {
			"rotation": [15, 10, 0],
			"translation": [3, 6, -6],
			"scale": [0.7, 0.7, 0.7]
		},
		"firstperson_lefthand": {
			"rotation": [15, 10, 0],
			"translation": [3, 6, -6],
			"scale": [0.7, 0.7, 0.7]
		},
		"ground": {
			"rotation": [45, 0, 0],
			"translation": [0, 5, -1],
			"scale": [0.35, 0.35, 0.35]
		},
		"gui": {
			"rotation": [-90, 135, 90],
			"translation": [-1, 1, 0],
			"scale": [0.4, 0.4, 0.4]
		},
		"fixed": {
			"rotation": [90, -45, 90],
			"translation": [1, 1, 0],
			"scale": [0.5, 0.5, 0.5]
		}
	},
	"groups": [
		0,
		1,
		2,
		3,
		4,
		5,
		6,
		7,
		8,
		9,
		10,
		11,
		12,
		13,
		14,
		15,
		16,
		17,
		18,
		19,
		20,
		21,
		22,
		23,
		24,
		25,
		{
			"name": "arrow",
			"origin": [8, 8, 8],
			"color": 0,
			"children": [26, 27, 28]
		},
		29,
		30,
		31,
		32,
		33
	]
}