{"textures":{"1":"mgs:gun/metal","3":"mgs:gun/metal_dark","2":"mgs:gun/copper","particle":"mgs:gun/metal_dark"},"gui_light":"front","elements":[{"to":[11.83916,27.899,10.551],"from":[11.23916,15.8,5.449],"faces":{"west":{"rotation":90,"uv":[7,10.5,10,11],"texture":"#3"},"east":{"rotation":90,"uv":[0,15,3,16],"texture":"#3"},"up":{"rotation":90,"uv":[8,15.5,11,16],"texture":"#3"}}},{"to":[10.83916,15.8,10.55],"rotation":{"origin":[-1.66084,15.8,5.75],"angle":22.5,"axis":"z"},"from":[-1.66084,-0.6,5.45],"faces":{"west":{"rotation":90,"uv":[5.75,11.75,8.75,12.75],"texture":"#3"},"east":{"rotation":90,"uv":[4.5,15,7.5,16],"texture":"#3"},"north":{"rotation":270,"uv":[6.75,12.5,9.25,15.5],"texture":"#3"},"south":{"rotation":270,"uv":[4.5,12.5,7,15.5],"texture":"#3"}}},{"to":[18.12416,0.67,10.551],"rotation":{"origin":[4.63916,0.65,5.375],"angle":45,"axis":"z"},"from":[4.62416,-15.73,5.449],"faces":{"down":{"rotation":270,"uv":[5.25,11.75,6.25,13],"texture":"#3"},"west":{"rotation":90,"uv":[6.5,11.75,9.5,12.75],"texture":"#3"},"east":{"rotation":90,"uv":[11.25,15,14.25,16],"texture":"#3"},"north":{"rotation":270,"uv":[0,12.5,2.5,15.5],"texture":"#3"},"south":{"rotation":270,"uv":[0,12.5,2.5,15.5],"texture":"#3"}}},{"to":[5.03916,29.5,5.651],"rotation":{"origin":[0.93916,27.9,5.449],"angle":22.5,"axis":"x"},"from":[-1.66084,27.9,5.449],"faces":{"west":{"rotation":270,"uv":[6.5,11.5,9.5,12],"texture":"#3"},"east":{"rotation":270,"uv":[6.5,11.5,9.5,12],"texture":"#3"},"north":{"uv":[7.75,15,9,15.5],"texture":"#3"},"up":{"rotation":180,"uv":[8,15.5,11,16],"texture":"#3"},"south":{"rotation":90,"uv":[7,10.5,10,11],"texture":"#3"}}},{"to":[5.03916,29.5,10.551],"rotation":{"origin":[0.93916,27.9,10.551],"angle":-22.5,"axis":"x"},"from":[-1.66084,27.9,10.349],"faces":{"west":{"rotation":270,"uv":[6.5,11.5,9.5,12],"texture":"#3"},"east":{"rotation":90,"uv":[6.5,11.5,9.5,12],"texture":"#3"},"north":{"rotation":90,"uv":[7,10.5,10,11],"texture":"#3"},"up":{"rotation":180,"uv":[8,15.5,11,16],"texture":"#3"},"south":{"uv":[7.75,15,9,15.5],"texture":"#3"}}},{"to":[11.83916,27.9,5.651],"from":[-1.66084,15.8,5.449],"faces":{"north":{"rotation":270,"uv":[4.5,12.5,7,15.5],"texture":"#3"},"up":{"rotation":180,"uv":[8,15.5,11,16],"texture":"#3"},"south":{"rotation":90,"uv":[7,10.5,10,11],"texture":"#3"}}},{"to":[11.83916,27.9,10.551],"from":[-1.66084,15.8,10.349],"faces":{"north":{"rotation":90,"uv":[7,10.5,10,11],"texture":"#3"},"up":{"rotation":180,"uv":[8,15.5,11,16],"texture":"#3"},"south":{"rotation":270,"uv":[12.5,12.5,15,15.5],"texture":"#3"}}},{"to":[-1.36084,27.9,10.551],"from":[-1.66084,15.8,5.449],"faces":{"west":{"rotation":90,"uv":[4,11.75,5.5,12.75],"texture":"#3"},"east":{"rotation":90,"uv":[7,10.5,10,11],"texture":"#3"},"up":{"rotation":90,"uv":[8,15.5,11,16],"texture":"#3"}}},{"to":[-1.36084,25.2,9.5],"from":[-3.16084,24.3,6.5],"faces":{"down":{"uv":[10,10,10.75,10.5],"texture":"#3"},"west":{"uv":[6.25,7.25,8,7.75],"texture":"#3"},"north":{"uv":[15.25,7.25,16,7.75],"texture":"#3"},"up":{"rotation":270,"uv":[7.25,5,9,5.75],"texture":"#3"},"south":{"uv":[15.25,7.25,16,7.75],"texture":"#3"}}},{"to":[11.63916,27.399,10.451],"from":[-1.56084,17.8,5.549],"faces":{"up":{"rotation":180,"uv":[2.75,15,5.75,16],"texture":"#3"}}},{"to":[5.23916,28.299,7.951],"from":[-1.06084,18.8,5.849],"faces":{"west":{"uv":[3.75,11.5,5,12.25],"texture":"#3"},"north":{"uv":[3.75,11.5,5,12.25],"texture":"#3"},"up":{"uv":[3.5,11.75,4.75,12.5],"texture":"#3"},"south":{"uv":[3.75,11.5,5,12.25],"texture":"#3"}}},{"to":[1.08657,30.49824,7.951],"rotation":{"origin":[-0.39186,22.21321,6.9],"angle":-45,"axis":"z"},"from":[-0.71343,28.49924,5.849],"faces":{"north":{"uv":[3.75,11.5,5,12.25],"texture":"#3"},"up":{"rotation":180,"uv":[6.25,15,7,15.75],"texture":"#3"},"south":{"uv":[3.75,11.5,5,12.25],"texture":"#3"}}}],"display":{"thirdperson_righthand":{"rotation":[0,100,0],"scale":[0.125,0.125,0.125],"translation":[-1,-2,-0.5]},"head":{"scale":[0.25,0.25,0.25]},"thirdperson_lefthand":{"rotation":[0,-77,0],"scale":[0.125,0.125,0.125],"translation":[-1,-2,-0.5]},"gui":{"rotation":[0,180,10],"scale":[0.5,0.5,0.5],"translation":[1,-1.5,0]},"firstperson_lefthand":{"rotation":[-77,-99,-74],"scale":[0.25,0.25,0.25],"translation":[2,-2,0.5]},"firstperson_righthand":{"rotation":[34,96,-37],"scale":[0.25,0.25,0.25],"translation":[1,-1.5,0.5]},"fixed":{"translation":[0,0,-2],"scale":[-0.25,0.25,-0.25]},"ground":{"translation":[0,2,0],"scale":[0.125,0.125,0.125]}},"credit":"thebradqq's guns"}