{"textures":{"a":"mgs:misc/reticles","b":"mgs:misc/reticles_1024","particle":"mgs:misc/reticles","1":"mgs:gun/augmag","0":"mgs:gun/augdetails","3":"mgs:gun/metal_brighter","2":"mgs:gun/olive_polymer","5":"mgs:gun/metal_dark","4":"mgs:gun/metal","7":"mgs:gun/kobradetails","6":"mgs:gun/holodetails","9":"mgs:gun/mk4details","8":"mgs:gun/acogdetails"},"gui_light":"front","elements":[{"to":[25.1,8.5,8.09946],"rotation":{"origin":[19.5,8,8],"angle":0,"axis":"y"},"from":[16,8.3,7.90054],"faces":{"down":{"rotation":180,"uv":[15.75,15.75,16,16],"texture":"#5"},"east":{"rotation":180,"uv":[15.75,15.75,16,16],"texture":"#5"},"up":{"rotation":180,"uv":[6.75,1.25,16,1.75],"texture":"#5"}}},{"to":[25.1,8.09946,8.5],"rotation":{"origin":[19.5,8,8],"angle":0,"axis":"x"},"from":[16,7.90054,8.3],"faces":{"east":{"rotation":180,"uv":[15.75,15.75,16,16],"texture":"#5"},"north":{"uv":[9.75,11.25,10,11.75],"texture":"#5"},"south":{"uv":[3.5,5,12.75,5.5],"texture":"#5"}}},{"to":[25.1,8.5,8.09946],"rotation":{"origin":[19.5,8,8],"angle":-45,"axis":"x"},"from":[16,8.3,7.90054],"faces":{"down":{"rotation":180,"uv":[9.5,8,9.75,8.5],"texture":"#5"},"east":{"rotation":180,"uv":[15.75,15.75,16,16],"texture":"#5"},"up":{"rotation":180,"uv":[0,4.5,9.25,5],"texture":"#5"}}},{"to":[25.1,8.5,8.09946],"rotation":{"origin":[19.5,8,8],"angle":45,"axis":"x"},"from":[16,8.3,7.90054],"faces":{"down":{"rotation":180,"uv":[9.5,8,9.75,8.5],"texture":"#5"},"east":{"rotation":180,"uv":[15.75,15.75,16,16],"texture":"#5"},"up":{"uv":[5.25,4.5,14.5,5],"texture":"#5"}}},{"to":[25.1,8.5,8.09946],"rotation":{"origin":[19.5,8,8],"angle":22.5,"axis":"x"},"from":[16,8.3,7.90054],"faces":{"down":{"rotation":180,"uv":[9.5,8,9.75,8.5],"texture":"#5"},"east":{"rotation":180,"uv":[15.75,15.75,16,16],"texture":"#5"},"up":{"uv":[2.75,4.25,12,4.75],"texture":"#5"}}},{"to":[25.1,8.09946,8.5],"rotation":{"origin":[19.5,8,8],"angle":22.5,"axis":"x"},"from":[16,7.90054,8.3],"faces":{"east":{"rotation":180,"uv":[15.75,15.75,16,16],"texture":"#5"},"north":{"uv":[9.75,11.25,10,11.75],"texture":"#5"},"south":{"uv":[0,5.25,9.25,5.75],"texture":"#5"}}},{"to":[25.1,8.5,8.09946],"rotation":{"origin":[19.5,8,8],"angle":-22.5,"axis":"x"},"from":[16,8.3,7.90054],"faces":{"down":{"rotation":180,"uv":[9.5,8,9.75,8.5],"texture":"#5"},"east":{"rotation":180,"uv":[15.75,15.75,16,16],"texture":"#5"},"up":{"rotation":180,"uv":[6.75,4.25,16,4.75],"texture":"#5"}}},{"to":[25.1,8.09946,8.5],"rotation":{"origin":[19.5,8,8],"angle":-22.5,"axis":"x"},"from":[16,7.90054,8.3],"faces":{"east":{"rotation":180,"uv":[15.75,15.75,16,16],"texture":"#5"},"north":{"uv":[9.5,8,9.75,8.5],"texture":"#5"},"south":{"uv":[2,4.75,11.25,5.25],"texture":"#5"}}},{"to":[25.1,7.7,8.09946],"rotation":{"origin":[19.5,8,8],"angle":0,"axis":"y"},"from":[16,7.5,7.90054],"faces":{"down":{"rotation":180,"uv":[5.75,8,15,8.25],"texture":"#5"},"east":{"rotation":180,"uv":[15.75,15.75,16,16],"texture":"#5"},"up":{"rotation":180,"uv":[9.75,11.5,10,12],"texture":"#5"}}},{"to":[25.1,7.7,8.09946],"rotation":{"origin":[19.5,8,8],"angle":-45,"axis":"x"},"from":[16,7.5,7.90054],"faces":{"down":{"rotation":180,"uv":[6.75,8.25,16,8.75],"texture":"#5"},"east":{"rotation":180,"uv":[15.75,15.75,16,16],"texture":"#5"},"up":{"rotation":180,"uv":[9.75,11.5,10,12],"texture":"#5"}}},{"to":[25.1,7.7,8.09946],"rotation":{"origin":[19.5,8,8],"angle":45,"axis":"x"},"from":[16,7.5,7.90054],"faces":{"down":{"uv":[6.75,8.25,16,8.75],"texture":"#5"},"east":{"rotation":180,"uv":[15.75,15.75,16,16],"texture":"#5"},"up":{"rotation":180,"uv":[9.75,11.5,10,12],"texture":"#5"}}},{"to":[25.1,8.09946,7.7],"rotation":{"origin":[19.5,8,8],"angle":0,"axis":"x"},"from":[16,7.90054,7.5],"faces":{"east":{"rotation":180,"uv":[15.75,15.75,16,16],"texture":"#5"},"north":{"uv":[3.5,5,12.75,5.5],"texture":"#5"},"south":{"rotation":180,"uv":[9.75,11.25,10,11.75],"texture":"#5"}}},{"to":[25.1,7.7,8.09946],"rotation":{"origin":[19.5,8,8],"angle":22.5,"axis":"x"},"from":[16,7.5,7.90054],"faces":{"down":{"uv":[3.5,8.25,12.75,8.75],"texture":"#5"},"east":{"rotation":180,"uv":[15.75,15.75,16,16],"texture":"#5"},"up":{"rotation":180,"uv":[9.75,11.5,10,12],"texture":"#5"}}},{"to":[25.1,7.7,8.09946],"rotation":{"origin":[19.5,8,8],"angle":-22.5,"axis":"x"},"from":[16,7.5,7.90054],"faces":{"down":{"rotation":180,"uv":[3.5,8.25,12.75,8.75],"texture":"#5"},"east":{"rotation":180,"uv":[15.75,15.75,16,16],"texture":"#5"},"up":{"rotation":180,"uv":[9.75,11.5,10,12],"texture":"#5"}}},{"to":[25.1,8.09946,7.7],"rotation":{"origin":[19.5,8,8],"angle":-22.5,"axis":"x"},"from":[16,7.90054,7.5],"faces":{"east":{"rotation":180,"uv":[15.75,15.75,16,16],"texture":"#5"},"north":{"uv":[0,5.25,9.25,5.75],"texture":"#5"},"south":{"rotation":180,"uv":[9.75,11.25,10,11.75],"texture":"#5"}}},{"to":[25.1,8.09946,7.7],"rotation":{"origin":[19.5,8,8],"angle":22.5,"axis":"x"},"from":[16,7.90054,7.5],"faces":{"east":{"rotation":180,"uv":[15.75,15.75,16,16],"texture":"#5"},"north":{"uv":[6.75,4.75,16,5.25],"texture":"#5"},"south":{"rotation":180,"uv":[9.75,11.25,10,11.75],"texture":"#5"}}},{"to":[16.45,8.65,8.12929],"rotation":{"origin":[13,8,8],"angle":0,"axis":"y"},"from":[13.3,7.35,7.87071],"faces":{"down":{"rotation":180,"uv":[5.75,8,8.75,8.25],"texture":"#5"},"east":{"uv":[4.5,0,5,3],"texture":"#5"},"up":{"rotation":180,"uv":[6.75,1.25,9.75,1.75],"texture":"#5"}}},{"to":[28.05,7.55,8.12929],"rotation":{"origin":[24.6,8,8],"angle":0,"axis":"y"},"from":[24.05,7.35,7.87071],"faces":{"down":{"rotation":180,"uv":[5.75,8,8.75,8.25],"texture":"#5"},"west":{"rotation":180,"uv":[15.75,15.75,16,16],"texture":"#5"},"east":{"rotation":180,"uv":[5.5,11.5,5.75,12],"texture":"#5"},"up":{"rotation":180,"uv":[6.25,4.5,6.5,4.75],"texture":"#5"}}},{"to":[25.15,8.65,8.12929],"rotation":{"origin":[24.6,8,8],"angle":0,"axis":"y"},"from":[24.05,8.45,7.87071],"faces":{"down":{"uv":[15.75,15.75,16,16],"texture":"#5"},"west":{"rotation":180,"uv":[6.75,4.25,7,4.5],"texture":"#5"},"east":{"rotation":180,"uv":[6.75,4.25,7,4.5],"texture":"#5"},"up":{"uv":[12.25,2.25,13,2.75],"texture":"#4"}}},{"to":[28.05,8.65,8.12929],"rotation":{"origin":[27.5,8,8],"angle":0,"axis":"y"},"from":[27.55,8.45,7.87071],"faces":{"down":{"rotation":180,"uv":[15.75,15.75,16,16],"texture":"#5"},"west":{"rotation":180,"uv":[6.75,4.25,7,4.5],"texture":"#5"},"east":{"uv":[6.25,4.5,6.5,5],"texture":"#5"},"up":{"uv":[11,2.25,11.5,2.75],"texture":"#4"}}},{"to":[16.45,8.12929,8.65],"rotation":{"origin":[13,8,8],"angle":0,"axis":"x"},"from":[13.3,7.87071,7.35],"faces":{"east":{"rotation":90,"uv":[4.5,0,5,3],"texture":"#5"},"north":{"uv":[3.5,5,6.5,5.5],"texture":"#5"},"south":{"uv":[0,5.25,3,5.75],"texture":"#5"}}},{"to":[28.05,8.12929,8.65],"rotation":{"origin":[24.6,8,8],"angle":0,"axis":"x"},"from":[24.05,7.87071,8.45],"faces":{"west":{"rotation":180,"uv":[8.25,11.75,8.5,12],"texture":"#5"},"east":{"rotation":90,"uv":[5.5,11.5,5.75,12],"texture":"#5"},"north":{"rotation":180,"uv":[7.75,8.75,8,9],"texture":"#5"},"up":{"uv":[5,2.5,8,3],"texture":"#5"},"south":{"uv":[5.25,4.5,8.25,5],"texture":"#4"}}},{"to":[28.05,8.12929,7.55],"rotation":{"origin":[24.6,8,8],"angle":0,"axis":"x"},"from":[24.05,7.87071,7.35],"faces":{"west":{"rotation":180,"uv":[8.25,11.75,8.5,12],"texture":"#5"},"east":{"rotation":270,"uv":[5.25,11.5,5.5,12],"texture":"#5"},"north":{"uv":[8.25,4.5,11.25,5],"texture":"#4"},"up":{"rotation":180,"uv":[5,2.5,8,3],"texture":"#5"},"south":{"rotation":180,"uv":[7.75,8.75,8,9],"texture":"#5"}}},{"to":[16.45,8.65,8.12929],"rotation":{"origin":[13,8,8],"angle":-45,"axis":"x"},"from":[13.3,7.35,7.87071],"faces":{"down":{"rotation":180,"uv":[5.75,8,8.75,8.25],"texture":"#5"},"east":{"uv":[4.5,0,5,3],"texture":"#5"},"up":{"rotation":180,"uv":[0,4.5,3,5],"texture":"#5"}}},{"to":[25.15,7.55,8.12929],"rotation":{"origin":[24.6,8,8],"angle":-45,"axis":"x"},"from":[24.05,7.35,7.87071],"faces":{"down":{"uv":[6.25,5,7,5.5],"texture":"#5"},"west":{"rotation":180,"uv":[7.75,8.75,8,9],"texture":"#5"},"east":{"rotation":180,"uv":[15.75,15.75,16,16],"texture":"#5"},"up":{"rotation":180,"uv":[8.25,11.75,8.5,12],"texture":"#5"}}},{"to":[28.05,7.55,8.12929],"rotation":{"origin":[27.5,8,8],"angle":-45,"axis":"x"},"from":[27.55,7.35,7.87071],"faces":{"down":{"uv":[8,5,8.5,5.5],"texture":"#5"},"west":{"rotation":180,"uv":[15.75,15.75,16,16],"texture":"#5"},"east":{"rotation":180,"uv":[5.5,11.5,5.75,12],"texture":"#5"},"up":{"rotation":180,"uv":[8.25,11.75,8.5,12],"texture":"#5"}}},{"to":[28.05,8.65,8.12929],"rotation":{"origin":[24.6,8,8],"angle":-45,"axis":"x"},"from":[24.05,8.45,7.87071],"faces":{"down":{"rotation":180,"uv":[9,8,9.25,8.25],"texture":"#5"},"west":{"rotation":180,"uv":[8,15.75,8.25,16],"texture":"#5"},"east":{"uv":[6.5,4.75,6.75,5.25],"texture":"#5"},"north":{"uv":[4.75,7.25,7.75,7.75],"texture":"#5"},"up":{"rotation":180,"uv":[2,4.25,5,4.75],"texture":"#4"}}},{"to":[16.45,8.65,8.12929],"rotation":{"origin":[13,8,8],"angle":45,"axis":"x"},"from":[13.3,7.35,7.87071],"faces":{"down":{"uv":[6.75,8.25,9.75,8.75],"texture":"#5"},"east":{"uv":[4.5,0,5,3],"texture":"#5"},"up":{"uv":[2,4.75,5,5.25],"texture":"#5"}}},{"to":[25.15,7.55,8.12929],"rotation":{"origin":[24.6,8,8],"angle":45,"axis":"x"},"from":[24.05,7.35,7.87071],"faces":{"down":{"rotation":180,"uv":[6.25,5,7,5.5],"texture":"#5"},"west":{"rotation":180,"uv":[7.75,8.75,8,9],"texture":"#5"},"east":{"rotation":180,"uv":[15.75,15.75,16,16],"texture":"#5"},"up":{"rotation":180,"uv":[8.25,11.75,8.5,12],"texture":"#5"}}},{"to":[28.05,7.55,8.12929],"rotation":{"origin":[27.5,8,8],"angle":45,"axis":"x"},"from":[27.55,7.35,7.87071],"faces":{"down":{"rotation":180,"uv":[8,5,8.5,5.5],"texture":"#5"},"west":{"rotation":180,"uv":[15.75,15.75,16,16],"texture":"#5"},"east":{"rotation":180,"uv":[5.5,11.5,5.75,12],"texture":"#5"},"up":{"rotation":180,"uv":[8.25,11.75,8.5,12],"texture":"#5"}}},{"to":[28.05,8.65,8.12929],"rotation":{"origin":[24.6,8,8],"angle":45,"axis":"x"},"from":[24.05,8.45,7.87071],"faces":{"down":{"rotation":180,"uv":[9,8,9.25,8.25],"texture":"#5"},"west":{"rotation":180,"uv":[8,15.75,8.25,16],"texture":"#5"},"east":{"uv":[6,4.75,6.25,5.25],"texture":"#5"},"up":{"uv":[5.5,4.25,8.5,4.75],"texture":"#4"},"south":{"uv":[4.75,7.25,7.75,7.75],"texture":"#5"}}},{"to":[16.45,8.65,8.12929],"rotation":{"origin":[13,8,8],"angle":22.5,"axis":"x"},"from":[13.3,7.35,7.87071],"faces":{"down":{"uv":[3.5,8.25,6.5,8.75],"texture":"#5"},"east":{"uv":[4.5,0,5,3],"texture":"#5"},"up":{"uv":[2.75,4.25,5.75,4.75],"texture":"#5"}}},{"to":[28.05,7.55,8.12929],"rotation":{"origin":[24.6,8,8],"angle":22.5,"axis":"x"},"from":[24.05,7.35,7.87071],"faces":{"down":{"uv":[5.5,8,8.5,8.5],"texture":"#5"},"west":{"rotation":180,"uv":[9,8,9.25,8.25],"texture":"#5"},"east":{"rotation":180,"uv":[5.5,11.5,5.75,12],"texture":"#5"},"north":{"rotation":180,"uv":[4.75,7.25,7.75,7.75],"texture":"#5"},"up":{"rotation":180,"uv":[8,15.75,8.25,16],"texture":"#5"}}},{"to":[28.0505,8.65,8.12929],"rotation":{"origin":[24.6,8,8],"angle":22.5,"axis":"x"},"from":[24.05,8.45,7.87071],"faces":{"down":{"rotation":180,"uv":[15.75,15.75,16,16],"texture":"#5"},"west":{"rotation":180,"uv":[6.75,4.5,7,4.75],"texture":"#5"},"east":{"uv":[6.25,4.5,6.5,5],"texture":"#5"},"north":{"uv":[10.5,4.75,13.5,5.25],"texture":"#4"},"up":{"rotation":180,"uv":[10.5,4.25,13.5,4.75],"texture":"#4"}}},{"to":[16.45,8.12929,8.65],"rotation":{"origin":[13,8,8],"angle":22.5,"axis":"x"},"from":[13.3,7.87071,7.35],"faces":{"east":{"rotation":90,"uv":[4.5,0,5,3],"texture":"#5"},"north":{"uv":[6.75,4.75,9.75,5.25],"texture":"#5"},"south":{"rotation":180,"uv":[3.5,8.25,6.5,8.75],"texture":"#5"}}},{"to":[28.05,8.12929,8.65],"rotation":{"origin":[24.6,8,8],"angle":22.5,"axis":"x"},"from":[24.05,7.87071,8.45],"faces":{"down":{"rotation":180,"uv":[15.75,15.75,16,16],"texture":"#5"},"west":{"rotation":180,"uv":[8.75,11.5,9,11.75],"texture":"#5"},"east":{"rotation":270,"uv":[5.5,11.5,5.75,12],"texture":"#5"},"north":{"rotation":180,"uv":[7.75,8.75,8,9],"texture":"#5"},"south":{"uv":[4.5,12.75,7.5,13.25],"texture":"#5"}}},{"to":[25.15,8.12929,7.55],"rotation":{"origin":[24.6,8,8],"angle":22.5,"axis":"x"},"from":[24.05,7.87071,7.35],"faces":{"west":{"rotation":180,"uv":[8,15.75,8.25,16],"texture":"#5"},"east":{"rotation":180,"uv":[8,15.75,8.25,16],"texture":"#5"},"north":{"uv":[7.25,1.75,8,2.25],"texture":"#4"},"south":{"rotation":180,"uv":[9,8,9.25,8.25],"texture":"#5"}}},{"to":[28.05,8.12929,7.55],"rotation":{"origin":[27.5,8,8],"angle":22.5,"axis":"x"},"from":[27.55,7.87071,7.35],"faces":{"west":{"rotation":180,"uv":[8,15.75,8.25,16],"texture":"#5"},"east":{"rotation":90,"uv":[5,12.75,5.25,13.25],"texture":"#5"},"north":{"uv":[6.25,1.75,6.75,2.25],"texture":"#4"},"south":{"rotation":180,"uv":[9,8,9.25,8.25],"texture":"#5"}}},{"to":[16.45,8.65,8.12929],"rotation":{"origin":[13,8,8],"angle":-22.5,"axis":"x"},"from":[13.3,7.35,7.87071],"faces":{"down":{"rotation":180,"uv":[5.75,8,8.75,8.25],"texture":"#5"},"east":{"uv":[4.5,0,5,3],"texture":"#5"},"up":{"rotation":180,"uv":[6.75,4.25,9.75,4.75],"texture":"#5"}}},{"to":[28.05,7.55,8.12929],"rotation":{"origin":[24.6,8,8],"angle":-22.5,"axis":"x"},"from":[24.05,7.35,7.87071],"faces":{"down":{"rotation":180,"uv":[5.5,8,8.5,8.5],"texture":"#5"},"west":{"rotation":180,"uv":[9,8,9.25,8.25],"texture":"#5"},"east":{"rotation":180,"uv":[5.5,11.5,5.75,12],"texture":"#5"},"up":{"rotation":180,"uv":[8,15.75,8.25,16],"texture":"#5"},"south":{"rotation":180,"uv":[4.75,7.25,7.75,7.75],"texture":"#5"}}},{"to":[28.0505,8.65,8.12929],"rotation":{"origin":[24.6,8,8],"angle":-22.5,"axis":"x"},"from":[24.05,8.45,7.87071],"faces":{"down":{"rotation":180,"uv":[15.75,15.75,16,16],"texture":"#5"},"west":{"rotation":180,"uv":[6.25,4.5,6.5,4.75],"texture":"#5"},"east":{"uv":[6.25,4.5,6.5,5],"texture":"#5"},"up":{"uv":[11.25,4.25,14.25,4.75],"texture":"#4"},"south":{"uv":[10.5,4.75,13.5,5.25],"texture":"#4"}}},{"to":[16.45,8.12929,8.65],"rotation":{"origin":[13,8,8],"angle":-22.5,"axis":"x"},"from":[13.3,7.87071,7.35],"faces":{"east":{"rotation":90,"uv":[4.5,0,5,3],"texture":"#5"},"north":{"uv":[0,5.25,3,5.75],"texture":"#5"},"south":{"uv":[3.5,5,6.5,5.5],"texture":"#5"}}},{"to":[25.15,8.12929,8.65],"rotation":{"origin":[24.6,8,8],"angle":-22.5,"axis":"x"},"from":[24.05,7.87071,8.45],"faces":{"west":{"rotation":180,"uv":[8,15.75,8.25,16],"texture":"#5"},"east":{"rotation":180,"uv":[8,15.75,8.25,16],"texture":"#5"},"north":{"rotation":180,"uv":[9,8,9.25,8.25],"texture":"#5"},"south":{"uv":[7.25,1.75,8,2.25],"texture":"#4"}}},{"to":[28.05,8.12929,8.65],"rotation":{"origin":[27.5,8,8],"angle":-22.5,"axis":"x"},"from":[27.55,7.87071,8.45],"faces":{"west":{"rotation":180,"uv":[8,15.75,8.25,16],"texture":"#5"},"east":{"rotation":270,"uv":[5,12.75,5.25,13.25],"texture":"#5"},"north":{"rotation":180,"uv":[9,8,9.25,8.25],"texture":"#5"},"south":{"uv":[6.25,1.75,6.75,2.25],"texture":"#4"}}},{"to":[28.05,8.12929,7.55],"rotation":{"origin":[24.6,8,8],"angle":-22.5,"axis":"x"},"from":[24.05,7.87071,7.35],"faces":{"down":{"rotation":180,"uv":[15.75,15.75,16,16],"texture":"#5"},"west":{"rotation":180,"uv":[8.75,11.5,9,11.75],"texture":"#5"},"east":{"rotation":90,"uv":[5.5,11.5,5.75,12],"texture":"#5"},"north":{"uv":[4.5,12.75,7.5,13.25],"texture":"#5"},"south":{"rotation":180,"uv":[7.75,8.75,8,9],"texture":"#5"}}},{"to":[13.8059,9.67008,8.55],"rotation":{"origin":[12.0559,8.92008,8.075],"angle":-22.5,"axis":"z"},"from":[11.3059,9.47008,7.45],"faces":{"down":{"uv":[15.75,15.75,16,16],"texture":"#5"},"east":{"uv":[5.75,7.5,8,8],"texture":"#5"},"north":{"uv":[5.5,7.25,7.75,7.75],"texture":"#5"},"up":{"uv":[5.75,6.5,8,8],"texture":"#4"},"south":{"uv":[5.5,7.25,7.75,7.75],"texture":"#5"}}},{"to":[13.8059,9.57008,8.3998],"rotation":{"origin":[12.0559,9.02008,8.1252],"angle":-22.5,"axis":"z"},"from":[11.3059,7.77008,7.6002],"faces":{"east":{"uv":[3.25,5.25,3.5,5.5],"texture":"#5"},"north":{"uv":[1,6.25,3.25,8.5],"texture":"#5"},"south":{"uv":[1,6.25,3.25,8.5],"texture":"#5"}}},{"to":[13.35,10.0002,8.12425],"rotation":{"origin":[13.05,9.6375,8],"angle":0,"axis":"z"},"from":[12.75,9.075,7.87575],"faces":{"west":{"rotation":270,"uv":[13,11,16,12],"texture":"#0"},"east":{"rotation":90,"uv":[11,13,14,14],"texture":"#0"},"up":{"rotation":90,"uv":[13.5,12.5,14,14],"texture":"#0"}}},{"to":[-12,5.86325,9.1625],"rotation":{"origin":[-12.15,5.6375,6.8],"angle":0,"axis":"x"},"from":[-12.35,5.51325,6.4375],"faces":{"north":{"uv":[14,13.5,15.5,15],"texture":"#0"},"west":{"rotation":180,"uv":[15.5,13.5,16,15],"texture":"#0"},"up":{"rotation":180,"uv":[14,13.5,15.5,14],"texture":"#0"},"down":{"uv":[13,15.5,13.5,16],"texture":"#0"},"east":{"uv":[14,13.5,14.5,15],"texture":"#0"},"south":{"uv":[15,13.5,13.5,15],"texture":"#0"}}},{"to":[13.17425,10.0005,8.3],"rotation":{"origin":[13.05,9.6375,8],"angle":0,"axis":"y"},"from":[12.92575,9.075,7.7],"faces":{"north":{"rotation":270,"uv":[12,14,15,15],"texture":"#0"},"up":{"rotation":180,"uv":[13.5,12.5,14,14],"texture":"#0"},"south":{"rotation":270,"uv":[11.5,11.5,14.5,12.5],"texture":"#0"}}},{"to":[13.05,9.85,7.3],"rotation":{"origin":[13.05,9.75,8],"angle":0,"axis":"z"},"from":[12.35,9.65,7.1],"faces":{"north":{"uv":[11,13,13,14.5],"texture":"#0"},"west":{"uv":[12,14,12.5,15.5],"texture":"#0"},"up":{"uv":[11,13,14,14.5],"texture":"#0"},"down":{"uv":[12.5,15,14,16],"texture":"#0"},"east":{"uv":[12,14,12.5,15.5],"texture":"#0"},"south":{"uv":[11,14,14,15.5],"texture":"#0"}}},{"to":[-12.15,4.9375,6.7875],"rotation":{"origin":[-12.15,5.6375,6.8],"angle":0,"axis":"x"},"from":[-12.85,4.7375,6.5875],"faces":{"north":{"uv":[12,13,14,14.5],"texture":"#0"},"west":{"rotation":270,"uv":[11,14,11.5,15.5],"texture":"#0"},"up":{"uv":[12.5,7,14.5,8.5],"texture":"#0"},"down":{"rotation":180,"uv":[12,14.5,14,16],"texture":"#0"},"east":{"rotation":90,"uv":[11,14,11.5,15.5],"texture":"#0"},"south":{"uv":[12.5,15,14,16],"texture":"#0"}}},{"to":[13.15,9.85,8.7],"rotation":{"origin":[13.05,9.75,8],"angle":0,"axis":"z"},"from":[12.95,9.65,7.3],"faces":{"north":{"uv":[11,13,11.5,14.5],"texture":"#0"},"west":{"uv":[11,14,14.5,15.5],"texture":"#0"},"up":{"rotation":90,"uv":[9,6.5,13,8],"texture":"#0"},"down":{"uv":[12.5,15,14,16],"texture":"#0"},"east":{"uv":[11,13,13,14.5],"texture":"#0"},"south":{"uv":[11,13,11.5,14.5],"texture":"#0"}}},{"to":[-12.05,6.3375,6.7875],"rotation":{"origin":[-12.15,5.6375,6.8],"angle":0,"axis":"x"},"from":[-12.25,4.9375,6.5875],"faces":{"north":{"rotation":90,"uv":[9,6.5,13,8],"texture":"#0"},"west":{"rotation":270,"uv":[11,14.5,14.5,16],"texture":"#0"},"up":{"uv":[11,13,11.5,14.5],"texture":"#0"},"down":{"rotation":180,"uv":[12,14.5,12.5,16],"texture":"#0"},"east":{"rotation":90,"uv":[11,14,14.5,15.5],"texture":"#0"},"south":{"uv":[12.5,15,14,16],"texture":"#0"}}},{"to":[13.05,9.85,8.9],"rotation":{"origin":[13.05,9.75,8],"angle":0,"axis":"z"},"from":[12.35,9.65,8.7],"faces":{"north":{"uv":[11,14,14,15.5],"texture":"#0"},"west":{"uv":[12,14,12.5,15.5],"texture":"#0"},"up":{"rotation":180,"uv":[11,13,14,14.5],"texture":"#0"},"down":{"uv":[12.5,15,14,16],"texture":"#0"},"east":{"uv":[12,14,12.5,15.5],"texture":"#0"},"south":{"uv":[11,13,13,14.5],"texture":"#0"}}},{"to":[-12.15,6.5375,6.7875],"rotation":{"origin":[-12.15,5.6375,6.8],"angle":0,"axis":"x"},"from":[-12.85,6.3375,6.5875],"faces":{"north":{"uv":[11,13,14,14.5],"texture":"#0"},"west":{"rotation":270,"uv":[12,14,12.5,15.5],"texture":"#0"},"up":{"uv":[11,13,13,14.5],"texture":"#0"},"down":{"rotation":180,"uv":[12,14.5,14,16],"texture":"#0"},"east":{"rotation":90,"uv":[12,14,12.5,15.5],"texture":"#0"},"south":{"uv":[12.5,15,14,16],"texture":"#0"}}},{"to":[12.45,9.85,8.7],"rotation":{"origin":[13.05,9.75,8],"angle":0,"axis":"z"},"from":[12.25,9.65,7.3],"faces":{"north":{"uv":[11,13,11.5,14.5],"texture":"#0"},"west":{"uv":[11,14,14.5,15.5],"texture":"#0"},"up":{"rotation":270,"uv":[11,6,15,7.5],"texture":"#0"},"down":{"uv":[12.5,15,14,16],"texture":"#0"},"east":{"uv":[11,14,14.5,15.5],"texture":"#0"},"south":{"uv":[11,13,11.5,14.5],"texture":"#0"}}},{"to":[-12.75,6.3375,6.7875],"rotation":{"origin":[-12.15,5.6375,6.8],"angle":0,"axis":"x"},"from":[-12.95,4.9375,6.5875],"faces":{"north":{"rotation":270,"uv":[11,6,15,7.5],"texture":"#0"},"west":{"rotation":270,"uv":[11,14,14.5,15.5],"texture":"#0"},"up":{"uv":[11,13,11.5,14.5],"texture":"#0"},"down":{"rotation":180,"uv":[12,14.5,12.5,16],"texture":"#0"},"east":{"rotation":90,"uv":[11,14.5,14.5,16],"texture":"#0"},"south":{"uv":[12.5,15,14,16],"texture":"#0"}}},{"to":[13.35,10,8.12425],"rotation":{"origin":[13.05,9.6375,8],"angle":-45,"axis":"y"},"from":[12.75,9.075,7.87575],"faces":{"west":{"rotation":270,"uv":[12,11,15,12],"texture":"#0"},"east":{"rotation":270,"uv":[15,12,12,13],"texture":"#0"},"up":{"rotation":90,"uv":[13.5,12.5,14,14],"texture":"#0"}}},{"to":[13.35,10,8.12425],"rotation":{"origin":[13.05,9.6375,8],"angle":45,"axis":"y"},"from":[12.75,9.075,7.87575],"faces":{"west":{"rotation":270,"uv":[12.5,11,15.5,12],"texture":"#0"},"east":{"rotation":270,"uv":[11,13,14,14],"texture":"#0"},"up":{"rotation":90,"uv":[13.5,12.5,14,14],"texture":"#0"}}},{"to":[10.175,6.9,8.5495],"rotation":{"origin":[9.4,6.05,8.0005],"angle":45,"axis":"z"},"from":[8.65,5.3,7.4505],"faces":{"down":{"rotation":90,"uv":[15,9.5,16,11.5],"texture":"#2"},"west":{"rotation":180,"uv":[10.25,5.5,11.5,6],"texture":"#2"},"north":{"rotation":180,"uv":[10.5,4,11.5,5],"texture":"#2"},"south":{"rotation":180,"uv":[10.5,4,11.5,5],"texture":"#2"}}},{"to":[8.94794,5.09793,8.55],"rotation":{"origin":[8.19794,4.14793,8],"angle":-45,"axis":"z"},"from":[8.34794,-0.00207,7.45],"faces":{"west":{"rotation":180,"uv":[9.75,0,11,5.25],"texture":"#2"},"east":{"rotation":270,"uv":[0,11.75,10.75,12.75],"texture":"#2"},"north":{"rotation":90,"uv":[0,4.25,6,5],"texture":"#2"},"south":{"rotation":270,"uv":[0,4.25,6,5],"texture":"#2"}}},{"to":[5.28162,1.07096,8.55],"rotation":{"origin":[4.63162,1.22096,8],"angle":0,"axis":"z"},"from":[3.98162,0.47096,7.45],"faces":{"down":{"rotation":270,"uv":[14.75,9.25,16,11.5],"texture":"#2"},"north":{"uv":[3,4.5,4.25,5.25],"texture":"#2"},"up":{"rotation":90,"uv":[12,4.25,13.25,5.25],"texture":"#2"},"south":{"uv":[1.5,4.5,2.75,5.25],"texture":"#2"}}},{"to":[5.54896,1.01387,8.5495],"rotation":{"origin":[4.99461,1.16387,8.0005],"angle":22.5,"axis":"z"},"from":[4.99461,0.41387,7.4505],"faces":{"down":{"rotation":270,"uv":[14.75,11,16,12],"texture":"#2"},"north":{"uv":[8.5,4.5,9.25,5.25],"texture":"#2"},"up":{"rotation":90,"uv":[13.5,2.75,14.75,3],"texture":"#2"},"south":{"uv":[1,4.5,1.75,5.25],"texture":"#2"}}},{"to":[4.48162,0.97096,8.5499],"rotation":{"origin":[4.53162,1.12096,8.0001],"angle":-45,"axis":"z"},"from":[3.88162,0.37096,7.4501],"faces":{"north":{"rotation":180,"uv":[11,2.5,11.25,2.75],"texture":"#2"},"up":{"rotation":90,"uv":[10.25,4.75,11.5,5.5],"texture":"#2"},"south":{"rotation":180,"uv":[11,2.5,11.25,2.75],"texture":"#2"}}},{"to":[3.78162,2.57096,8.8],"rotation":{"origin":[3.13162,1.22096,7.75],"angle":0,"axis":"z"},"from":[2.18162,0.47096,7.2],"faces":{"down":{"rotation":90,"uv":[8.25,9,9.5,11.25],"texture":"#2"},"west":{"uv":[14.5,3.25,15.75,5.5],"texture":"#2"},"east":{"uv":[14.5,3.25,15.75,5.5],"texture":"#2"},"north":{"uv":[12.75,3,14,5.25],"texture":"#2"},"south":{"uv":[11,3,12.25,5.25],"texture":"#2"}}},{"to":[3.98162,2.57096,8.6],"rotation":{"origin":[3.33162,1.22096,7.75],"angle":0,"axis":"z"},"from":[3.78162,0.47096,7.4],"faces":{"down":{"rotation":90,"uv":[8,9.25,9.25,9.5],"texture":"#2"},"east":{"uv":[10.75,4.25,12,6.5],"texture":"#2"},"north":{"uv":[11,3,11.25,5.25],"texture":"#2"},"south":{"uv":[11,3,11.25,5.25],"texture":"#2"}}},{"to":[2.18162,2.57096,8.55],"rotation":{"origin":[2.83162,1.22096,7.8],"angle":0,"axis":"z"},"from":[1.88162,0.47096,7.45],"faces":{"down":{"rotation":90,"uv":[12.5,10,13.25,10.5],"texture":"#2"},"west":{"uv":[14.5,3.25,15.75,5.5],"texture":"#2"},"north":{"uv":[14.25,2.75,14.5,5],"texture":"#2"},"south":{"uv":[14.25,2.75,14.5,5],"texture":"#2"}}},{"to":[4.20351,7.08922,8.79978],"rotation":{"origin":[3.55351,3.13922,8.00022],"angle":-22.5,"axis":"z"},"from":[2.50351,2.08922,7.20022],"faces":{"west":{"rotation":180,"uv":[12,3.25,13.25,6.25],"texture":"#2"},"east":{"rotation":180,"uv":[13.5,4.5,14.75,6.75],"texture":"#2"},"north":{"rotation":180,"uv":[10.5,0.75,12,6],"texture":"#2"},"south":{"rotation":180,"uv":[13,0.75,14.5,6],"texture":"#2"}}},{"to":[4.40351,5.28922,8.5999],"rotation":{"origin":[3.75351,3.13922,8.0001],"angle":-22.5,"axis":"z"},"from":[4.10351,2.08922,7.4001],"faces":{"east":{"uv":[10.75,9,12,12.25],"texture":"#2"},"north":{"rotation":180,"uv":[10.5,0.75,10.75,4.25],"texture":"#2"},"south":{"rotation":180,"uv":[10.5,0.75,10.75,4.25],"texture":"#2"}}},{"to":[5.90351,6.51422,8.6],"rotation":{"origin":[5.25351,5.53922,8],"angle":0,"axis":"z"},"from":[5.00351,4.48922,7.4],"faces":{"down":{"rotation":180,"uv":[0,9.5,1,10.5],"texture":"#2"},"east":{"uv":[10,9.75,11.25,12],"texture":"#2"},"north":{"rotation":180,"uv":[9.5,4,10.25,6.25],"texture":"#2"},"south":{"rotation":180,"uv":[9.5,4,10.25,6.25],"texture":"#2"}}},{"to":[5.72851,6.78922,8.95],"rotation":{"origin":[5.47851,7.33922,8.35],"angle":0,"axis":"z"},"from":[5.02851,6.08922,6.825],"faces":{"north":{"rotation":180,"uv":[5,12.75,7.25,15.25],"texture":"#2"},"west":{"uv":[5.75,11.5,7.5,12.5],"texture":"#2"},"up":{"rotation":180,"uv":[13.5,9.5,14,10],"texture":"#2"},"down":{"rotation":180,"uv":[10.25,5.5,10.75,6],"texture":"#2"},"east":{"uv":[6.5,11.25,8.25,12.25],"texture":"#2"},"south":{"rotation":180,"uv":[5,12.75,7.25,15.25],"texture":"#2"}}},{"to":[5.728,6.51422,7.125],"rotation":{"origin":[5.47851,7.31422,8.4],"angle":0,"axis":"z"},"from":[5.028,6.36422,6.975],"faces":{"west":{"uv":[0,15,1,16],"texture":"#0"}}},{"to":[6.85351,6.33922,8.25],"rotation":{"origin":[6.20351,5.56422,7.95],"angle":0,"axis":"z"},"from":[5.85351,4.71422,7.75],"faces":{"down":{"rotation":180,"uv":[10.25,5.5,11.5,6],"texture":"#2"},"east":{"uv":[8,11.5,8.5,12],"texture":"#2"},"north":{"uv":[8,11,9,12.75],"texture":"#2"},"south":{"uv":[8,11,9,12.75],"texture":"#2"}}},{"to":[6.70812,5.12563,8.2499],"rotation":{"origin":[6.45812,5.53813,8.0001],"angle":22.5,"axis":"z"},"from":[6.50812,4.62563,7.7501],"faces":{"down":{"rotation":180,"uv":[10.25,5.5,10.75,6],"texture":"#2"},"east":{"uv":[8,11.75,8.5,12.25],"texture":"#2"},"north":{"uv":[8,12.5,8.5,13],"texture":"#2"},"south":{"uv":[8,12.5,8.5,13],"texture":"#2"}}},{"to":[7.10812,6.22563,8.2499],"rotation":{"origin":[6.85812,6.33813,8.0001],"angle":-22.5,"axis":"z"},"from":[6.93312,5.70063,7.7501],"faces":{"east":{"uv":[8,11.25,8.5,11.75],"texture":"#2"},"north":{"uv":[8,11.25,8.25,11.75],"texture":"#2"},"south":{"uv":[8,11.25,8.25,11.75],"texture":"#2"}}},{"to":[2.50351,4.98922,8.54975],"rotation":{"origin":[3.25351,3.13922,8.05025],"angle":-22.5,"axis":"z"},"from":[2.20351,2.08922,7.45025],"faces":{"west":{"rotation":180,"uv":[12.75,2.75,14,5],"texture":"#2"},"north":{"rotation":180,"uv":[11.25,2.75,11.5,5],"texture":"#2"},"south":{"rotation":180,"uv":[11.25,2.75,11.5,5],"texture":"#2"}}},{"to":[4.70351,6.78922,8.8],"rotation":{"origin":[4.25351,4.63922,8],"angle":0,"axis":"z"},"from":[3.20351,4.98922,7.2],"faces":{"west":{"rotation":180,"uv":[9.75,4.75,10,5.25],"texture":"#2"},"north":{"rotation":180,"uv":[9.5,4,10.75,5.75],"texture":"#2"},"south":{"rotation":180,"uv":[9.5,4,10.75,5.75],"texture":"#2"}}},{"to":[3.20351,5.68922,8.55],"rotation":{"origin":[3.95351,4.63922,8.05],"angle":0,"axis":"z"},"from":[2.90351,4.98922,7.45],"faces":{"west":{"rotation":180,"uv":[9.75,4.75,11,5.75],"texture":"#2"},"north":{"rotation":180,"uv":[8,5,8.25,5.25],"texture":"#2"},"south":{"rotation":180,"uv":[8,5,8.25,5.25],"texture":"#2"}}},{"to":[3.45351,5.81422,8.7995],"rotation":{"origin":[3.55351,5.23922,8.0005],"angle":22.5,"axis":"z"},"from":[3.25351,5.41422,7.2005],"faces":{"west":{"rotation":180,"uv":[9.75,5,10,5.5],"texture":"#2"},"north":{"rotation":180,"uv":[7.75,4.75,8,5],"texture":"#2"},"south":{"rotation":180,"uv":[7.75,4.75,8,5],"texture":"#2"}}},{"to":[3.15351,5.73922,8.55],"rotation":{"origin":[3.25351,5.23922,8.05],"angle":22.5,"axis":"z"},"from":[2.95351,5.41422,7.45],"faces":{"west":{"rotation":180,"uv":[9.75,5,11,5.5],"texture":"#2"},"north":{"rotation":180,"uv":[8,5,8.25,5.25],"texture":"#2"},"south":{"rotation":180,"uv":[8,5,8.25,5.25],"texture":"#2"}}},{"to":[3.67851,6.23922,8.8],"rotation":{"origin":[3.65351,5.13922,8],"angle":45,"axis":"z"},"from":[3.55351,5.81422,7.2],"faces":{"west":{"rotation":180,"uv":[9.75,5.25,10,5.75],"texture":"#2"},"north":{"rotation":180,"uv":[7.75,4.75,8,5],"texture":"#2"},"south":{"rotation":180,"uv":[7.75,4.75,8,5],"texture":"#2"}}},{"to":[3.42851,6.23922,8.55],"rotation":{"origin":[3.35351,5.13922,8.05],"angle":45,"axis":"z"},"from":[3.25351,5.78922,7.45],"faces":{"west":{"rotation":180,"uv":[9.75,5.25,11,5.75],"texture":"#2"},"north":{"rotation":180,"uv":[8,5,8.25,5.25],"texture":"#2"},"south":{"rotation":180,"uv":[8,5,8.25,5.25],"texture":"#2"}}},{"to":[3.15351,5.76422,8.7992],"rotation":{"origin":[3.65351,5.13922,8.0002],"angle":-22.5,"axis":"z"},"from":[2.17851,5.43922,7.2002],"faces":{"down":{"rotation":180,"uv":[9.75,5.5,10,6],"texture":"#2"},"north":{"rotation":180,"uv":[7.75,4.75,8,5],"texture":"#2"},"south":{"rotation":180,"uv":[7.75,4.75,8,5],"texture":"#2"}}},{"to":[2.85351,5.73922,8.55],"rotation":{"origin":[3.35351,5.13922,8.05],"angle":-22.5,"axis":"z"},"from":[1.85351,5.43922,7.45],"faces":{"down":{"rotation":90,"uv":[9.75,5.5,11,6],"texture":"#2"},"north":{"rotation":180,"uv":[8,5,8.25,5.25],"texture":"#2"},"south":{"rotation":180,"uv":[8,5,8.25,5.25],"texture":"#2"}}},{"to":[3.2035,6.775,8.8],"rotation":{"origin":[3.20351,5.28922,8],"angle":0,"axis":"z"},"from":[-1.15,5.975,7.2],"faces":{"down":{"rotation":90,"uv":[8.25,10,9.25,11],"texture":"#2"},"north":{"rotation":180,"uv":[10.75,5,13.25,5.75],"texture":"#2"},"south":{"rotation":180,"uv":[8,5,10.5,5.75],"texture":"#2"}}},{"to":[1.7,7.675,8.79925],"rotation":{"origin":[3.20351,5.28922,8.00075],"angle":22.5,"axis":"z"},"from":[-0.95,6.675,7.20075],"faces":{"down":{"rotation":90,"uv":[8.5,10.75,9.5,12.25],"texture":"#2"},"north":{"rotation":180,"uv":[11,4.25,12.75,5.25],"texture":"#2"},"south":{"rotation":180,"uv":[11,4.25,12.75,5.25],"texture":"#2"}}},{"to":[-1,7.275,9.2],"rotation":{"origin":[3.20351,5.28922,8],"angle":0,"axis":"z"},"from":[-5.15,4.575,6.8],"faces":{"east":{"uv":[11,10,12.5,13],"texture":"#2"},"north":{"rotation":180,"uv":[9.5,2.75,12,5.5],"texture":"#2"},"south":{"rotation":180,"uv":[13.5,2.75,16,5.5],"texture":"#2"}}},{"to":[0.15,7.175,7.45],"rotation":{"origin":[-0.425,6.675,7.25],"angle":-22.5,"axis":"x"},"from":[-0.8,6.275,7.05],"faces":{"west":{"rotation":270,"uv":[15.5,0,16,0.5],"texture":"#0"},"east":{"rotation":270,"uv":[15.5,0,16,0.5],"texture":"#0"},"north":{"rotation":180,"uv":[3,0,7,4],"texture":"#0"}}},{"to":[0.15,7.175,8.95],"rotation":{"origin":[-0.425,6.675,8.75],"angle":22.5,"axis":"x"},"from":[-0.8,6.275,8.55],"faces":{"west":{"rotation":270,"uv":[15.5,0,16,0.5],"texture":"#0"},"east":{"rotation":270,"uv":[15.5,0,16,0.5],"texture":"#0"},"south":{"rotation":180,"uv":[3,0,7,4],"texture":"#0"}}},{"to":[-5.35,6.95,6.9],"rotation":{"origin":[-5.925,6.65,6.975],"angle":0,"axis":"x"},"from":[-6.2,4.85,6.775],"faces":{"down":{"rotation":270,"uv":[7.5,13.5,8,14],"texture":"#0"},"west":{"rotation":270,"uv":[15.5,0,16,0.5],"texture":"#0"},"east":{"rotation":270,"uv":[15.5,0,16,0.5],"texture":"#0"},"north":{"rotation":270,"uv":[7,0,16,4],"texture":"#0"},"up":{"rotation":270,"uv":[15.5,0,16,0.5],"texture":"#0"}}},{"to":[-5.0354,7.175,9.02388],"rotation":{"origin":[-5.5354,6.275,8.82388],"angle":-22.5,"axis":"y"},"from":[-5.5354,4.475,8.42388],"faces":{"down":{"rotation":180,"uv":[15.75,15.75,16,16],"texture":"#2"},"south":{"rotation":180,"uv":[13.25,2.5,13.5,5.5],"texture":"#2"}}},{"to":[-5.0354,7.175,7.57612],"rotation":{"origin":[-5.5354,6.275,7.17612],"angle":22.5,"axis":"y"},"from":[-5.5354,4.475,6.97612],"faces":{"down":{"rotation":180,"uv":[15.75,15.75,16,16],"texture":"#2"},"north":{"rotation":180,"uv":[13.25,2.5,13.5,5.5],"texture":"#2"}}},{"to":[-4.575,9.575,9.099],"rotation":{"origin":[-0.97149,7.08922,8.001],"angle":22.5,"axis":"z"},"from":[-8.125,6.375,6.901],"faces":{"down":{"rotation":90,"uv":[6.5,7.75,7,8.75],"texture":"#2"},"north":{"rotation":180,"uv":[10.75,3.25,12,5.75],"texture":"#2"},"south":{"rotation":180,"uv":[10.75,3.25,12,5.75],"texture":"#2"}}},{"to":[-4.575,6.375,8.5999],"rotation":{"origin":[-0.97149,6.58922,8.0001],"angle":22.5,"axis":"z"},"from":[-8.125,5.875,7.4001],"faces":{"down":{"rotation":90,"uv":[6.5,7.75,6.75,8.75],"texture":"#2"},"north":{"uv":[8.25,7.25,10.25,7.75],"texture":"#2"},"south":{"uv":[8.25,7.25,10.25,7.75],"texture":"#2"}}},{"to":[-7.975,8.3,8.4],"rotation":{"origin":[-2.17149,8.51422,8],"angle":45,"axis":"z"},"from":[-9.325,7.8,7.6],"faces":{"down":{"rotation":90,"uv":[8.5,11,9.25,12.5],"texture":"#2"},"west":{"uv":[7.75,8,8.75,9.25],"texture":"#2"},"north":{"rotation":180,"uv":[7.75,7,8.75,8.25],"texture":"#2"},"south":{"rotation":180,"uv":[7.75,7,8.75,8.25],"texture":"#2"}}},{"to":[-5.675,6.35,8.4],"rotation":{"origin":[0.12851,6.86422,8.0005],"angle":22.5,"axis":"z"},"from":[-7.025,6.15,7.6],"faces":{"down":{"rotation":90,"uv":[8.25,10.25,9,11.75],"texture":"#2"},"north":{"rotation":180,"uv":[7.75,7,8.75,7.5],"texture":"#2"},"south":{"rotation":180,"uv":[7.75,7,8.75,7.5],"texture":"#2"}}},{"to":[-8.675,7.875,9.0998],"rotation":{"origin":[-4.87149,7.08922,8.0002],"angle":45,"axis":"z"},"from":[-11.825,6.375,6.9002],"faces":{"down":{"rotation":90,"uv":[8.5,11,9,12.5],"texture":"#2"},"north":{"uv":[13.25,3,15.25,4.75],"texture":"#2"},"south":{"uv":[11.5,3,13.5,4.75],"texture":"#2"}}},{"to":[-8.85,6.375,8.6],"rotation":{"origin":[-4.87149,6.58922,8],"angle":45,"axis":"z"},"from":[-11.825,5.875,7.4],"faces":{"down":{"rotation":90,"uv":[8.5,11,9.25,12.5],"texture":"#2"},"north":{"uv":[8.25,7.25,10.25,7.75],"texture":"#2"},"south":{"uv":[8.25,7.25,10.25,7.75],"texture":"#2"}}},{"to":[-9.2,7.075,9.1],"rotation":{"origin":[-6.52149,4.18922,8],"angle":0,"axis":"z"},"from":[-13.65,0.475,6.9],"faces":{"down":{"rotation":90,"uv":[8.25,9,9.5,11.25],"texture":"#2"},"west":{"rotation":180,"uv":[6.75,12.5,7,12.75],"texture":"#2"},"east":{"uv":[11,0,12.25,5.5],"texture":"#2"},"north":{"rotation":180,"uv":[9.75,0.5,12.25,5.5],"texture":"#2"},"south":{"rotation":180,"uv":[13.75,0.5,11.25,5.5],"texture":"#2"}}},{"to":[-13.65,7.875,9],"rotation":{"origin":[-6.52149,4.18922,8],"angle":0,"axis":"z"},"from":[-14.1,0.575,7],"faces":{"down":{"rotation":270,"uv":[5,8,5.5,8.5],"texture":"#5"},"west":{"rotation":270,"uv":[0,5.25,6.25,7],"texture":"#5"},"north":{"rotation":180,"uv":[2.5,8,3,12],"texture":"#5"},"south":{"rotation":180,"uv":[2.5,8,3,12],"texture":"#5"}}},{"to":[-13.6495,7.875,9],"rotation":{"origin":[-13.875,7.46079,8],"angle":-45,"axis":"x"},"from":[-14.0995,7.04657,8.4],"faces":{"west":{"rotation":90,"uv":[0,5,0.75,5.75],"texture":"#5"},"south":{"rotation":180,"uv":[2.25,11.75,2.75,12.25],"texture":"#5"}}},{"to":[-13.6495,7.875,7.6],"rotation":{"origin":[-13.875,7.46079,8],"angle":45,"axis":"x"},"from":[-14.0995,7.04657,7],"faces":{"west":{"rotation":90,"uv":[0,6,0.75,6.75],"texture":"#5"},"north":{"rotation":180,"uv":[2.25,11.75,2.75,12.25],"texture":"#5"}}},{"to":[-13.65,8.46079,8.41421],"rotation":{"origin":[-13.875,7.46079,8],"angle":0,"axis":"x"},"from":[-14.1,7.86079,7.58579],"faces":{"west":{"uv":[0,5,0.75,5.75],"texture":"#5"},"up":{"rotation":180,"uv":[2.75,12,3.25,12.5],"texture":"#5"}}},{"to":[-6.95,7.075,9.1],"rotation":{"origin":[-2.07149,4.58922,8],"angle":0,"axis":"z"},"from":[-9.2,3.875,6.9],"faces":{"north":{"rotation":180,"uv":[13.5,3,14.75,5.5],"texture":"#2"},"south":{"rotation":180,"uv":[13.5,3,14.75,5.5],"texture":"#2"}}},{"to":[-2.34502,6.60844,9.1998],"rotation":{"origin":[1.67931,8.62265,8.0002],"angle":22.5,"axis":"z"},"from":[-4.17421,5.90844,6.8002],"faces":{"down":{"rotation":270,"uv":[7.25,8,9.25,9.25],"texture":"#2"},"north":{"uv":[8.5,4.25,9.75,5],"texture":"#2"},"south":{"uv":[8.5,4.25,9.75,5],"texture":"#2"}}},{"to":[-2.68995,4.575,9.2],"rotation":{"origin":[1.85351,8.68922,8],"angle":0,"axis":"z"},"from":[-5.15,3.875,6.8],"faces":{"down":{"rotation":180,"uv":[15.75,15.75,16,16],"texture":"#2"},"west":{"rotation":180,"uv":[8.5,5.25,9.75,6],"texture":"#2"},"north":{"uv":[8.5,4.25,10,5],"texture":"#2"},"south":{"uv":[8.5,4.25,10,5],"texture":"#2"}}},{"to":[9.40002,5.68935,8.5499],"rotation":{"origin":[8.65002,4.03935,8.0001],"angle":0,"axis":"z"},"from":[8.80002,4.28935,7.4501],"faces":{"west":{"rotation":180,"uv":[10.25,4.75,11.5,6],"texture":"#2"},"north":{"rotation":180,"uv":[10.25,2.25,11,3.5],"texture":"#2"},"south":{"rotation":180,"uv":[10.25,2.25,11,3.5],"texture":"#2"}}},{"to":[9.36144,5.89539,8.55],"rotation":{"origin":[8.61144,4.34539,8],"angle":-22.5,"axis":"z"},"from":[9.06144,4.59539,7.45],"faces":{"east":{"uv":[6.75,10.5,7.75,12.5],"texture":"#2"},"north":{"uv":[12.75,3.5,13,4.75],"texture":"#2"},"south":{"uv":[12.75,3.5,13,4.75],"texture":"#2"}}},{"to":[8.43856,4.49539,8.55],"rotation":{"origin":[9.08856,3.44539,8],"angle":-22.5,"axis":"z"},"from":[8.33856,4.19539,7.45],"faces":{"west":{"rotation":180,"uv":[10.25,4.75,11.5,5.25],"texture":"#2"},"north":{"rotation":180,"uv":[10.25,2.25,10.5,2.5],"texture":"#2"},"south":{"rotation":180,"uv":[10.25,2.25,10.5,2.5],"texture":"#2"}}},{"to":[10.45,6.6,8.55],"rotation":{"origin":[7.9,6.85,8],"angle":0,"axis":"z"},"from":[4.65,6.1,7.45],"faces":{"down":{"rotation":180,"uv":[8,8,9.25,8.25],"texture":"#2"},"north":{"rotation":180,"uv":[10.5,4.75,14.25,5.5],"texture":"#2"},"south":{"rotation":180,"uv":[10.5,4.75,14.25,5.5],"texture":"#2"}}},{"to":[11.31656,6.77992,8.5498],"rotation":{"origin":[10.86656,7.02992,8.0002],"angle":22.5,"axis":"z"},"from":[10.11656,6.27992,7.4502],"faces":{"down":{"rotation":90,"uv":[15,9.25,15.5,9.75],"texture":"#2"},"north":{"rotation":180,"uv":[10.75,4.75,11.75,5.5],"texture":"#2"},"south":{"rotation":180,"uv":[10.75,4.75,11.75,5.5],"texture":"#2"}}},{"to":[5.75,9,8.07957],"rotation":{"origin":[1.5,8.6,8],"angle":0,"axis":"y"},"from":[-13.65,8.4,7.92044],"faces":{"west":{"rotation":180,"uv":[6.75,12.75,7,13],"texture":"#2"},"up":{"rotation":180,"uv":[4,2.5,16,2.75],"texture":"#2"}}},{"to":[12.75,7.73223,8.43309],"rotation":{"origin":[1.5,6.83223,7.64645],"angle":0,"axis":"y"},"from":[-13.65,6.43223,7.56688],"faces":{"down":{"rotation":90,"uv":[15,9.25,15.5,9.75],"texture":"#2"}}},{"to":[13.55,7.73223,8.43309],"rotation":{"origin":[1.5,6.83223,7.64645],"angle":0,"axis":"y"},"from":[12.75,6.43223,7.56688],"faces":{"down":{"uv":[15.75,15.75,16,16],"texture":"#5"},"east":{"uv":[3.25,5.25,3.5,5.5],"texture":"#5"}}},{"to":[14.55,7.73223,8.3331],"rotation":{"origin":[28.7,6.83223,7.44646],"angle":0,"axis":"y"},"from":[13.55,6.43223,7.6669],"faces":{"down":{"uv":[15.75,15.75,16,16],"texture":"#5"},"east":{"rotation":90,"uv":[9,12.75,9.25,14.25],"texture":"#5"},"north":{"rotation":90,"uv":[0,10.25,2,12.25],"texture":"#5"},"south":{"rotation":270,"uv":[0,10.25,2,12.25],"texture":"#5"}}},{"to":[14.35,6.73223,8.33325],"rotation":{"origin":[28.5,6.93223,7.44631],"angle":0,"axis":"y"},"from":[14.15,6.53223,7.66675],"faces":{"north":{"rotation":90,"uv":[13.5,14.5,15,13],"texture":"#0"},"south":{"rotation":90,"uv":[13.5,13.5,15,15],"texture":"#0"}}},{"to":[14.45,6.53223,8.2],"rotation":{"origin":[28.7,5.63223,7.47957],"angle":0,"axis":"y"},"from":[14.05,6.13223,7.8],"faces":{"west":{"uv":[6.5,6.5,7.25,7.75],"texture":"#5"},"east":{"uv":[10.25,6.5,11,7.75],"texture":"#5"},"north":{"uv":[9,6.5,9.75,7.75],"texture":"#5"},"south":{"uv":[10,6.5,10.75,7.75],"texture":"#5"}}},{"to":[13.35,7.33223,7],"rotation":{"origin":[27.6,6.43223,6.27957],"angle":45,"axis":"x"},"from":[12.95,6.93223,6.6],"faces":{"down":{"rotation":180,"uv":[13.5,13.5,15,15],"texture":"#0"},"west":{"rotation":180,"uv":[14.5,14.5,16,16],"texture":"#0"},"east":{"rotation":180,"uv":[14,14,15.5,15.5],"texture":"#0"},"north":{"rotation":180,"uv":[12,7,13.5,8.5],"texture":"#0"},"south":{"rotation":180,"uv":[14.5,14.5,16,16],"texture":"#0"}}},{"to":[15.05,6.13223,8.33137],"rotation":{"origin":[14.25,3.48223,8],"angle":0,"axis":"y"},"from":[13.45,0.83223,7.66863],"faces":{"down":{"uv":[15.75,5,16,5.25],"texture":"#2"},"west":{"uv":[11.25,2,11.75,5.5],"texture":"#2"},"east":{"uv":[11.25,1.75,11.75,5.25],"texture":"#2"},"up":{"uv":[14.75,5,15,5.25],"texture":"#2"}}},{"to":[15.2817,1.97832,8.33137],"rotation":{"origin":[15.0817,1.27832,8],"angle":22.5,"axis":"z"},"from":[14.8817,0.87832,7.66863],"faces":{"down":{"rotation":90,"uv":[13.75,4.75,14.25,5.25],"texture":"#2"},"east":{"rotation":180,"uv":[11.5,4,12,5],"texture":"#2"},"north":{"uv":[11.5,4,12,5],"texture":"#2"},"south":{"uv":[11.5,4,12,5],"texture":"#2"}}},{"to":[14.58137,6.13233,8.8],"rotation":{"origin":[14.25,3.48223,8],"angle":0,"axis":"y"},"from":[13.91863,0.83223,7.2],"faces":{"down":{"uv":[15.75,5,16,5.25],"texture":"#2"},"north":{"uv":[11.25,1.5,11.75,5],"texture":"#2"},"up":{"uv":[14.75,5,15,5.25],"texture":"#2"},"south":{"uv":[11.25,1.5,11.75,5],"texture":"#2"}}},{"to":[15.0495,6.08594,8.66412],"rotation":{"origin":[13.98137,5.18594,8.26412],"angle":22.5,"axis":"x"},"from":[13.4505,4.38594,7.96412],"faces":{"west":{"rotation":180,"uv":[9.25,3.25,9.75,4.75],"texture":"#2"},"east":{"rotation":180,"uv":[14.75,3.25,15.25,4.75],"texture":"#2"},"up":{"rotation":180,"uv":[14.75,4.5,16,5],"texture":"#2"},"south":{"rotation":180,"uv":[10.25,4,11.5,5.25],"texture":"#2"}}},{"to":[15.0495,6.08594,8.03588],"rotation":{"origin":[13.98137,5.18594,7.73588],"angle":-22.5,"axis":"x"},"from":[13.4505,4.38594,7.33588],"faces":{"west":{"rotation":180,"uv":[14.75,3.25,15.25,4.75],"texture":"#2"},"east":{"rotation":180,"uv":[10.25,3.25,10.75,4.75],"texture":"#2"},"north":{"rotation":180,"uv":[10.25,4,11.5,5.25],"texture":"#2"},"up":{"uv":[14.75,4.5,16,5],"texture":"#2"}}},{"to":[15.05,6.13213,8.33137],"rotation":{"origin":[14.25,3.48223,8],"angle":-45,"axis":"y"},"from":[13.45,0.83223,7.66863],"faces":{"down":{"uv":[15.75,5,16,5.25],"texture":"#2"},"west":{"uv":[14,1.75,14.5,5.25],"texture":"#2"},"east":{"uv":[11,1.5,11.5,5],"texture":"#2"},"up":{"uv":[14.75,5,15,5.25],"texture":"#2"}}},{"to":[15.05,6.13213,8.33137],"rotation":{"origin":[14.25,3.48223,8],"angle":45,"axis":"y"},"from":[13.45,0.83223,7.66863],"faces":{"down":{"uv":[15.75,5,16,5.25],"texture":"#2"},"west":{"uv":[10.5,1.75,11,5.25],"texture":"#2"},"east":{"uv":[12.5,1.5,13,5],"texture":"#2"},"up":{"uv":[14.75,5,15,5.25],"texture":"#2"}}},{"to":[16.25,7.725,8.87956],"rotation":{"origin":[15.465,7.325,8.8],"angle":22.5,"axis":"x"},"from":[11.25,6.925,8.72043],"faces":{"down":{"uv":[3.5,8.25,6.5,8.75],"texture":"#5"},"east":{"uv":[15.75,15.75,16,16],"texture":"#5"},"up":{"uv":[2.75,4.25,5.75,4.75],"texture":"#5"}}},{"to":[16.55,7.625,8.92426],"rotation":{"origin":[15.465,7.325,8.8],"angle":22.5,"axis":"x"},"from":[16.25,7.025,8.67574],"faces":{"down":{"rotation":270,"uv":[16,12.5,15,14],"texture":"#0"},"up":{"rotation":270,"uv":[12,12.5,13,14],"texture":"#0"}}},{"to":[16.55,7.44926,9.1],"rotation":{"origin":[15.465,7.325,8.8],"angle":22.5,"axis":"x"},"from":[16.25,7.20074,8.5],"faces":{"north":{"rotation":270,"uv":[15.5,12.5,14.5,14],"texture":"#0"},"south":{"rotation":270,"uv":[14.5,12.5,13.5,14],"texture":"#0"}}},{"to":[16.55,7.625,8.92426],"rotation":{"origin":[15.465,7.325,8.8],"angle":-22.5,"axis":"x"},"from":[16.25,7.025,8.67574],"faces":{"down":{"rotation":270,"uv":[15.5,12.5,14.5,14],"texture":"#0"},"up":{"rotation":270,"uv":[14,12.5,15,14],"texture":"#0"}}},{"to":[16.55,7.44926,9.1],"rotation":{"origin":[15.465,7.325,8.8],"angle":-22.5,"axis":"x"},"from":[16.25,7.20074,8.5],"faces":{"north":{"rotation":270,"uv":[16,14.5,15,16],"texture":"#0"},"south":{"rotation":270,"uv":[12.5,12.5,13.5,14],"texture":"#0"}}},{"to":[16.85,7.725,8.87956],"rotation":{"origin":[15.465,7.325,8.8],"angle":22.5,"axis":"x"},"from":[16.55,6.925,8.72043],"faces":{"down":{"rotation":90,"uv":[11,15,11.5,16],"texture":"#0"},"west":{"rotation":90,"uv":[11,10.5,11.5,11],"texture":"#0"},"east":{"uv":[12.5,14,13,15.5],"texture":"#0"},"up":{"rotation":90,"uv":[11,13,11.5,14],"texture":"#0"}}},{"to":[5.75,7.6189,9.46066],"rotation":{"origin":[1.5,7.53934,9.06066],"angle":0,"axis":"x"},"from":[-13.65,7.45977,9.16066],"faces":{"west":{"rotation":180,"uv":[6.75,12.5,7,12.75],"texture":"#2"},"east":{"rotation":180,"uv":[6.75,12.5,7,12.75],"texture":"#2"},"south":{"rotation":180,"uv":[2.75,4.75,14.75,5],"texture":"#2"}}},{"to":[13.55,7.40677,9.24853],"rotation":{"origin":[10.5,7.32721,8.84853],"angle":0,"axis":"x"},"from":[5.75,7.24764,8.94853],"faces":{"east":{"uv":[3,4.75,3.25,5],"texture":"#5"},"south":{"uv":[3,4.5,15,5],"texture":"#5"}}},{"to":[13.55,7.40677,7.05147],"rotation":{"origin":[10.5,7.32721,7.15147],"angle":0,"axis":"x"},"from":[5.75,7.24764,6.75147],"faces":{"east":{"rotation":90,"uv":[3.25,5.25,3.5,6],"texture":"#5"},"north":{"uv":[3,4.5,15,5],"texture":"#5"}}},{"to":[5.75,7.6189,6.83934],"rotation":{"origin":[1.5,7.53934,6.93934],"angle":0,"axis":"x"},"from":[-13.65,7.45977,6.53934],"faces":{"west":{"rotation":180,"uv":[6.75,12.5,7,12.75],"texture":"#2"},"east":{"rotation":180,"uv":[6.75,12.5,7,12.75],"texture":"#2"},"north":{"rotation":180,"uv":[2.75,4.75,14.75,5],"texture":"#2"}}},{"to":[16.25,7.40456,9.2],"rotation":{"origin":[15.465,7.325,8.8],"angle":22.5,"axis":"x"},"from":[11.25,7.24543,8.4],"faces":{"east":{"uv":[15.75,15.75,16,16],"texture":"#5"},"north":{"rotation":180,"uv":[5.75,8,8.75,8.25],"texture":"#5"},"south":{"uv":[0,5.25,3,5.75],"texture":"#5"}}},{"to":[16.85,7.40456,9.2],"rotation":{"origin":[15.465,7.325,8.8],"angle":45,"axis":"x"},"from":[16.55,7.24543,8.4],"faces":{"west":{"rotation":90,"uv":[11,10.5,11.5,11],"texture":"#0"},"east":{"rotation":90,"uv":[12.5,14,13,15.5],"texture":"#0"},"north":{"rotation":270,"uv":[14.5,13.5,15,14.5],"texture":"#0"},"south":{"rotation":90,"uv":[14,14.5,14.5,15.5],"texture":"#0"}}},{"to":[-5.25,9,9.57957],"rotation":{"origin":[1.5,8.6,8],"angle":45,"axis":"x"},"from":[-5.85,8.7,7.92044],"faces":{"west":{"uv":[7.75,15.75,8,16],"texture":"#2"},"east":{"uv":[7.75,15.75,8,16],"texture":"#2"},"up":{"uv":[8.75,3,9,5],"texture":"#2"}}},{"to":[-1.15,9,9.57957],"rotation":{"origin":[5.6,8.6,8],"angle":45,"axis":"x"},"from":[-5.25,8.675,9.12044],"faces":{"north":{"uv":[14.5,2.25,14.75,2.5],"texture":"#2"},"up":{"uv":[8.75,4.5,10.75,5],"texture":"#2"}}},{"to":[-1.15,8.8,9.12957],"rotation":{"origin":[5.6,8.6,8],"angle":45,"axis":"x"},"from":[-5.25,8.475,8.37044],"faces":{"up":{"uv":[1.25,6.5,5.5,7.25],"texture":"#5"}}},{"to":[-5.85,8.875,9.12957],"rotation":{"origin":[5.6,8.6,8],"angle":45,"axis":"x"},"from":[-13.65,8.55,8.37044],"faces":{"west":{"rotation":180,"uv":[6.75,12.75,7,13],"texture":"#2"},"up":{"rotation":180,"uv":[7.75,3.75,12.5,5],"texture":"#2"}}},{"to":[-5.85,8.875,7.62956],"rotation":{"origin":[5.6,8.6,8],"angle":-45,"axis":"x"},"from":[-13.65,8.55,6.87043],"faces":{"west":{"rotation":180,"uv":[6.75,12.75,7,13],"texture":"#2"},"up":{"uv":[8.75,3.75,13.5,5],"texture":"#2"}}},{"to":[-1.05,9.05,7.72956],"rotation":{"origin":[5.6,8.6,8],"angle":-45,"axis":"x"},"from":[-5.35,8.725,6.77043],"faces":{"west":{"rotation":180,"uv":[2.5,5.25,5.5,5.5],"texture":"#2"},"east":{"rotation":180,"uv":[2.5,5.25,5.5,5.5],"texture":"#2"},"north":{"rotation":180,"uv":[2.5,5.25,8.5,5.5],"texture":"#2"},"up":{"uv":[10.5,4.75,13.5,3.75],"texture":"#2"},"south":{"rotation":180,"uv":[2.5,5.25,8.5,5.5],"texture":"#2"}}},{"to":[-1.15,9,8.37957],"rotation":{"origin":[5.6,8.6,8],"angle":45,"axis":"x"},"from":[-5.25,8.675,7.92044],"faces":{"up":{"uv":[8.75,3,10.75,3.5],"texture":"#2"},"south":{"uv":[15.75,15.75,16,16],"texture":"#2"}}},{"to":[5.75,9,9.57957],"rotation":{"origin":[12,8.6,8],"angle":45,"axis":"x"},"from":[-1.15,8.675,7.92044],"faces":{"west":{"uv":[7.75,15.75,8,16],"texture":"#2"},"east":{"rotation":180,"uv":[6.75,12.5,7,12.75],"texture":"#2"},"up":{"uv":[8.75,2.5,5,4.5],"texture":"#2"}}},{"to":[13.55,8.78787,9.36743],"rotation":{"origin":[10.5,8.38787,7.78787],"angle":45,"axis":"x"},"from":[5.75,8.46287,8.7083],"faces":{"east":{"uv":[3,4.75,3.25,5.75],"texture":"#5"},"up":{"rotation":180,"uv":[3,4.5,15,5.75],"texture":"#5"}}},{"to":[13.5505,8.78787,7.3917],"rotation":{"origin":[10.5,8.38787,8.21213],"angle":-45,"axis":"x"},"from":[12.75,8.46287,6.63257],"faces":{"west":{"uv":[15.75,15.75,16,16],"texture":"#5"},"east":{"uv":[3,4.75,3.25,5.75],"texture":"#5"},"up":{"uv":[3,4.5,4.25,5.75],"texture":"#5"}}},{"to":[13.35,9.18787,7.2167],"rotation":{"origin":[10.5,8.38787,8.21213],"angle":-45,"axis":"x"},"from":[11.75,8.78787,6.65757],"faces":{"west":{"rotation":180,"uv":[7,11.5,7.75,12],"texture":"#2"},"east":{"rotation":180,"uv":[5,11.5,5.5,12],"texture":"#2"},"north":{"rotation":180,"uv":[4.75,11.25,6.25,11.75],"texture":"#2"},"up":{"rotation":270,"uv":[9.75,4.5,10.5,5.75],"texture":"#2"},"south":{"rotation":180,"uv":[4.75,11.75,6.25,12.25],"texture":"#2"}}},{"to":[12.95,10.38787,7.2167],"rotation":{"origin":[10.5,8.38787,8.21213],"angle":-45,"axis":"x"},"from":[11.95,9.18787,6.65757],"faces":{"west":{"uv":[11.25,3.75,12,5],"texture":"#2"},"east":{"uv":[6,4,6.75,5.25],"texture":"#2"},"north":{"rotation":180,"uv":[7,11.5,8,12.75],"texture":"#2"},"up":{"rotation":180,"uv":[2.5,1,3.5,1.75],"texture":"#2"},"south":{"uv":[8,3.75,9,5],"texture":"#2"}}},{"to":[13.15,10.68787,7.2167],"rotation":{"origin":[10.5,8.38787,8.21213],"angle":-45,"axis":"x"},"from":[12.25,10.38787,6.65757],"faces":{"north":{"rotation":180,"uv":[8,12.5,9,12.75],"texture":"#2"},"west":{"rotation":180,"uv":[2.5,1,3.25,1.5],"texture":"#2"},"up":{"rotation":180,"uv":[2.5,1,3.5,1.75],"texture":"#2"},"down":{"rotation":180,"uv":[9,5.5,9.75,6],"texture":"#2"},"east":{"rotation":180,"uv":[2.5,1,3.25,1.5],"texture":"#2"},"south":{"rotation":180,"uv":[11.25,3.25,12.25,3.75],"texture":"#2"}}},{"to":[5.95,8.78787,7.3917],"rotation":{"origin":[10.5,8.38787,8.21213],"angle":-45,"axis":"x"},"from":[5.15,8.48787,6.63257],"faces":{"east":{"uv":[15.75,15.75,16,16],"texture":"#5"},"up":{"uv":[3,4.5,3.5,5.75],"texture":"#5"}}},{"to":[12.75,8.78787,6.8917],"rotation":{"origin":[10.5,8.38787,8.21213],"angle":-45,"axis":"x"},"from":[5.95,8.48787,6.63257],"faces":{"up":{"uv":[2.75,4.5,14.75,5],"texture":"#5"},"south":{"uv":[10,11.75,10.25,12],"texture":"#5"}}},{"to":[12.75,8.63787,7.1917],"rotation":{"origin":[10.5,8.38787,8.21213],"angle":-45,"axis":"x"},"from":[5.95,8.33787,6.73257],"faces":{"up":{"uv":[15.75,15.75,16,16],"texture":"#5"}}},{"to":[5.75,9,8.07956],"rotation":{"origin":[1.5,8.6,8],"angle":-45,"axis":"x"},"from":[-5.85,8.7,6.42044],"faces":{"west":{"uv":[7.75,15.75,8,16],"texture":"#2"},"east":{"rotation":180,"uv":[6.75,12.5,7,12.75],"texture":"#2"},"up":{"rotation":180,"uv":[4.5,2.5,11.75,4.5],"texture":"#2"}}},{"to":[16.25,7.40456,9.2],"rotation":{"origin":[15.465,7.325,8.8],"angle":-22.5,"axis":"x"},"from":[11.25,7.24543,8.4],"faces":{"east":{"uv":[15.75,15.75,16,16],"texture":"#5"},"north":{"rotation":180,"uv":[5.75,8,8.75,8.25],"texture":"#5"},"south":{"uv":[2,4.75,5,5.25],"texture":"#5"}}},{"to":[16.8505,7.40456,9.2],"rotation":{"origin":[15.465,7.325,8.8],"angle":-22.5,"axis":"x"},"from":[16.55,7.24543,8.4],"faces":{"west":{"rotation":90,"uv":[11,10.5,11.5,11],"texture":"#0"},"east":{"rotation":270,"uv":[12.5,14,13,15.5],"texture":"#0"},"north":{"rotation":270,"uv":[13,15,13.5,16],"texture":"#0"},"south":{"rotation":90,"uv":[13.5,13.5,14,14.5],"texture":"#0"}}},{"to":[5.75,8.67956,9.9],"rotation":{"origin":[1.5,8.6,8],"angle":45,"axis":"x"},"from":[-13.65,7.52043,9.3],"faces":{"west":{"rotation":180,"uv":[6.75,12.5,7,12.75],"texture":"#2"},"east":{"rotation":180,"uv":[6.75,12.5,7,12.75],"texture":"#2"},"south":{"rotation":180,"uv":[2.75,8.5,14.75,10],"texture":"#2"}}},{"to":[12.75,8.37956,9.9],"rotation":{"origin":[10.5,8.6,8],"angle":45,"axis":"x"},"from":[5.75,7.52043,9],"faces":{"south":{"rotation":180,"uv":[6,9.5,13.75,10.5],"texture":"#2"}}},{"to":[13.55,8.37956,9.9],"rotation":{"origin":[10.5,8.6,8],"angle":45,"axis":"x"},"from":[12.75,7.52043,9],"faces":{"east":{"uv":[3.25,5.25,3.5,5.5],"texture":"#5"},"south":{"rotation":180,"uv":[9.5,8.25,10.25,9.25],"texture":"#5"}}},{"to":[5.75,8.67956,6.725],"rotation":{"origin":[1.5,8.6,8],"angle":-45,"axis":"x"},"from":[-13.65,7.52043,6.1],"faces":{"west":{"rotation":180,"uv":[6.75,12.5,7,12.75],"texture":"#2"},"east":{"rotation":180,"uv":[6.75,12.5,7,12.75],"texture":"#2"},"north":{"rotation":180,"uv":[2.75,8.5,14.75,10],"texture":"#2"}}},{"to":[12.75,8.37956,7],"rotation":{"origin":[10.5,8.6,8],"angle":-45,"axis":"x"},"from":[5.75,7.52043,6.1],"faces":{"north":{"rotation":180,"uv":[13.75,9.5,6,10.5],"texture":"#2"}}},{"to":[13.55,8.37956,7],"rotation":{"origin":[10.5,8.6,8],"angle":-45,"axis":"x"},"from":[12.75,7.52043,6.1],"faces":{"east":{"uv":[3.25,5.25,3.5,5.5],"texture":"#5"},"north":{"rotation":180,"uv":[8.5,8.25,9.25,9.25],"texture":"#5"}}},{"to":[16.25,7.725,8.87956],"rotation":{"origin":[15.465,7.325,8.8],"angle":-22.5,"axis":"x"},"from":[11.25,6.925,8.72043],"faces":{"down":{"rotation":180,"uv":[3.5,8.25,6.5,8.75],"texture":"#5"},"east":{"uv":[15.75,15.75,16,16],"texture":"#5"},"up":{"rotation":180,"uv":[2,4.75,5,5.25],"texture":"#5"}}},{"to":[16.8505,7.725,8.87956],"rotation":{"origin":[15.465,7.325,8.8],"angle":-22.5,"axis":"x"},"from":[16.55,6.925,8.72043],"faces":{"down":{"rotation":90,"uv":[13.5,14.5,14,15.5],"texture":"#0"},"west":{"rotation":90,"uv":[11,10.5,11.5,11],"texture":"#0"},"east":{"uv":[12.5,14,13,15.5],"texture":"#0"},"up":{"rotation":90,"uv":[14,13.5,14.5,14.5],"texture":"#0"}}},{"to":[5.75,9,8.07957],"rotation":{"origin":[1.5,8.6,8],"angle":22.5,"axis":"x"},"from":[-13.65,8.7,7.92044],"faces":{"west":{"rotation":180,"uv":[6.75,12.75,7,13],"texture":"#2"},"up":{"rotation":180,"uv":[3.75,0.75,15.75,1],"texture":"#2"}}},{"to":[-5.85,8.67956,8.4],"rotation":{"origin":[1.5,8.6,8],"angle":-45,"axis":"x"},"from":[-13.65,8.52043,8.1],"faces":{"west":{"rotation":180,"uv":[6.75,12.75,7,13],"texture":"#2"},"south":{"rotation":180,"uv":[8.75,3.25,13.5,3.5],"texture":"#2"}}},{"to":[-5.85,8.67956,7.9],"rotation":{"origin":[1.5,8.6,8],"angle":45,"axis":"x"},"from":[-13.65,8.52043,7.6],"faces":{"west":{"rotation":180,"uv":[6.75,12.75,7,13],"texture":"#2"},"north":{"rotation":180,"uv":[8.75,3.25,13.5,3.5],"texture":"#2"}}},{"to":[-5.85,8.67956,8.4],"rotation":{"origin":[1.5,8.6,8],"angle":-22.5,"axis":"x"},"from":[-13.65,8.02043,8],"faces":{"west":{"rotation":180,"uv":[6.75,12.75,7,13],"texture":"#2"},"south":{"uv":[8.75,4,13.5,4.75],"texture":"#2"}}},{"to":[-5.85,8.67956,8],"rotation":{"origin":[1.5,8.6,8],"angle":22.5,"axis":"x"},"from":[-13.65,8.02043,7.6],"faces":{"west":{"rotation":180,"uv":[6.75,12.75,7,13],"texture":"#2"},"north":{"uv":[8.75,4,13.5,4.75],"texture":"#2"}}},{"to":[16.25,7.725,8.87956],"rotation":{"origin":[15.465,7.325,8.8],"angle":45,"axis":"x"},"from":[11.25,6.925,8.72043],"faces":{"down":{"rotation":180,"uv":[3.5,8.25,6.5,8.75],"texture":"#5"},"east":{"uv":[15.75,15.75,16,16],"texture":"#5"},"up":{"uv":[5.25,4.5,8.25,5],"texture":"#5"}}},{"to":[16.85,7.725,8.87956],"rotation":{"origin":[15.465,7.325,8.8],"angle":45,"axis":"x"},"from":[16.55,6.925,8.72043],"faces":{"down":{"rotation":90,"uv":[11,15,11.5,16],"texture":"#0"},"west":{"rotation":90,"uv":[11,10.5,11.5,11],"texture":"#0"},"east":{"uv":[12.5,14,13,15.5],"texture":"#0"},"up":{"rotation":90,"uv":[12.5,13,13,14],"texture":"#0"}}},{"to":[5.75,7.6189,9.46066],"rotation":{"origin":[1.5,7.53934,9.06066],"angle":22.5,"axis":"x"},"from":[-13.65,7.45977,9.16066],"faces":{"west":{"rotation":180,"uv":[6.75,12.5,7,12.75],"texture":"#2"},"east":{"rotation":180,"uv":[6.75,12.5,7,12.75],"texture":"#2"},"south":{"rotation":180,"uv":[2.5,5.25,14.5,5.5],"texture":"#2"}}},{"to":[13.55,7.40677,9.24853],"rotation":{"origin":[10.5,7.32721,8.84853],"angle":22.5,"axis":"x"},"from":[5.75,7.24764,8.94853],"faces":{"east":{"uv":[3,5,3.25,5.25],"texture":"#5"},"south":{"uv":[3.25,7.5,15.25,8],"texture":"#5"}}},{"to":[13.55,7.40677,7.05147],"rotation":{"origin":[10.5,7.32721,7.15147],"angle":-22.5,"axis":"x"},"from":[5.75,7.24764,6.75147],"faces":{"east":{"uv":[3.25,5.25,3.5,5.5],"texture":"#5"},"north":{"uv":[3.25,7.5,15.25,8],"texture":"#5"}}},{"to":[5.75,7.6189,6.83934],"rotation":{"origin":[1.5,7.53934,6.93934],"angle":-22.5,"axis":"x"},"from":[-13.65,7.45977,6.53934],"faces":{"west":{"rotation":180,"uv":[6.75,12.5,7,12.75],"texture":"#2"},"east":{"rotation":180,"uv":[6.75,12.5,7,12.75],"texture":"#2"},"north":{"rotation":180,"uv":[2.5,5.25,14.5,5.5],"texture":"#2"}}},{"to":[16.25,7.40456,9.2],"rotation":{"origin":[15.465,7.325,8.8],"angle":45,"axis":"x"},"from":[11.25,7.24543,8.4],"faces":{"east":{"uv":[15.75,15.75,16,16],"texture":"#5"},"north":{"uv":[0,5.25,9.25,5.75],"texture":"#5"},"south":{"rotation":180,"uv":[6.75,8.25,9.75,8.75],"texture":"#5"}}},{"to":[17.05,7.40456,9.2],"rotation":{"origin":[15.465,7.325,8.8],"angle":22.5,"axis":"x"},"from":[16.55,7.24543,8.4],"faces":{"north":{"rotation":270,"uv":[15.5,14.5,16,16],"texture":"#0"},"west":{"rotation":90,"uv":[11,10.5,11.5,11],"texture":"#0"},"up":{"rotation":90,"uv":[11,13.5,14.5,15],"texture":"#0"},"down":{"rotation":90,"uv":[11,14.5,14.5,16],"texture":"#0"},"east":{"uv":[11,13.5,14.5,14.5],"texture":"#0"},"south":{"rotation":90,"uv":[13.5,14,14,15.5],"texture":"#0"}}},{"to":[5.75,7.6189,9.46066],"rotation":{"origin":[1.5,7.53934,9.06066],"angle":-22.5,"axis":"x"},"from":[-13.65,7.45977,9.16066],"faces":{"west":{"rotation":180,"uv":[6.75,12.5,7,12.75],"texture":"#2"},"east":{"rotation":180,"uv":[6.75,12.5,7,12.75],"texture":"#2"},"south":{"rotation":180,"uv":[3,4,15,4.25],"texture":"#2"}}},{"to":[-5.85,7.6189,9.46066],"rotation":{"origin":[1.5,7.53934,9.06066],"angle":-45,"axis":"x"},"from":[-13.65,7.45977,9.13566],"faces":{"west":{"rotation":180,"uv":[6.75,12.5,7,12.75],"texture":"#2"},"south":{"uv":[8.75,4.75,13.5,5],"texture":"#2"}}},{"to":[-5.85,7.6189,6.88934],"rotation":{"origin":[1.5,7.53934,6.93934],"angle":45,"axis":"x"},"from":[-13.65,7.45977,6.53934],"faces":{"west":{"rotation":90,"uv":[6.75,12.5,7,12.75],"texture":"#2"},"north":{"uv":[8.75,4.75,13.5,5],"texture":"#2"}}},{"to":[-5.85,7.93934,9.14023],"rotation":{"origin":[1.5,7.53934,9.06066],"angle":22.5,"axis":"x"},"from":[-13.65,7.63934,8.7811],"faces":{"west":{"rotation":90,"uv":[6.75,12.5,7,13],"texture":"#2"},"up":{"uv":[8.75,4.25,13.5,4.75],"texture":"#2"}}},{"to":[-5.85,7.93934,7.2189],"rotation":{"origin":[1.5,7.53934,6.93934],"angle":-22.5,"axis":"x"},"from":[-13.65,7.63934,6.85977],"faces":{"west":{"rotation":270,"uv":[6.75,12.5,7,13],"texture":"#2"},"up":{"rotation":180,"uv":[8.75,4.25,13.5,4.75],"texture":"#2"}}},{"to":[13.55,8.8189,8.76066],"rotation":{"origin":[1.5,7.93934,8.86066],"angle":-22.5,"axis":"x"},"from":[12.35,7.85977,8.36066],"faces":{"west":{"uv":[3,4.25,3.25,6.25],"texture":"#5"},"east":{"uv":[3,4.75,3.25,6.75],"texture":"#5"},"south":{"uv":[3,4.25,5,6.25],"texture":"#5"}}},{"to":[13.55,8.8189,7.63934],"rotation":{"origin":[1.5,7.93934,7.13934],"angle":22.5,"axis":"x"},"from":[12.35,7.85977,7.23934],"faces":{"down":{"uv":[15.75,15.75,16,16],"texture":"#5"},"west":{"uv":[3,4.25,3.25,6.25],"texture":"#5"},"east":{"uv":[3,4.75,3.25,6.75],"texture":"#5"},"north":{"uv":[3,4.25,5,6.25],"texture":"#5"}}},{"to":[10.55,8.8189,8.76066],"rotation":{"origin":[1.5,7.93934,8.86066],"angle":-22.5,"axis":"x"},"from":[10.25,7.85977,8.36066],"faces":{"west":{"uv":[3,4.25,3.25,6.25],"texture":"#5"},"east":{"uv":[3,4.25,3.25,6.25],"texture":"#5"},"south":{"uv":[3,4.25,3.5,6.25],"texture":"#5"}}},{"to":[10.55,8.8189,7.63934],"rotation":{"origin":[1.5,7.93934,7.13934],"angle":22.5,"axis":"x"},"from":[10.25,7.85977,7.23934],"faces":{"down":{"uv":[15.75,15.75,16,16],"texture":"#5"},"west":{"uv":[3,4.25,3.25,6.25],"texture":"#5"},"east":{"uv":[3,4.25,3.25,6.25],"texture":"#5"},"north":{"uv":[3,4.25,3.5,6.25],"texture":"#5"}}},{"to":[10.25,8.8189,8.76066],"rotation":{"origin":[1.5,7.93934,8.86066],"angle":-22.5,"axis":"x"},"from":[8.45,8.65977,8.46066],"faces":{"down":{"uv":[2.75,8,5,8.5],"texture":"#5"},"south":{"uv":[3,4,5.25,4.5],"texture":"#5"}}},{"to":[10.25,8.8189,7.53934],"rotation":{"origin":[1.5,7.93934,7.13934],"angle":22.5,"axis":"x"},"from":[8.45,8.65977,7.23934],"faces":{"down":{"uv":[2.75,8,5,8.5],"texture":"#5"},"north":{"uv":[2.75,4,5,4.5],"texture":"#5"}}},{"to":[10.25,8.2189,8.76066],"rotation":{"origin":[1.5,7.93934,8.86066],"angle":-22.5,"axis":"x"},"from":[8.45,8.05977,8.36066],"faces":{"up":{"rotation":180,"uv":[5,4.5,7.25,5.25],"texture":"#5"},"south":{"uv":[7.25,7.25,9.5,7.75],"texture":"#5"}}},{"to":[10.25,8.2189,7.63934],"rotation":{"origin":[1.5,7.93934,7.13934],"angle":22.5,"axis":"x"},"from":[8.45,7.85977,7.23934],"faces":{"down":{"uv":[15.75,15.75,16,16],"texture":"#5"},"north":{"uv":[11,7.5,13.25,8.5],"texture":"#5"},"up":{"uv":[5,4.5,7.25,5.25],"texture":"#5"}}},{"to":[12.35,8.8189,8.76066],"rotation":{"origin":[1.5,7.93934,8.86066],"angle":-22.5,"axis":"x"},"from":[10.55,8.65977,8.46066],"faces":{"down":{"uv":[2.75,8,5,8.5],"texture":"#5"},"south":{"uv":[2.75,4,5,4.5],"texture":"#5"}}},{"to":[12.35,8.8189,7.53934],"rotation":{"origin":[1.5,7.93934,7.13934],"angle":22.5,"axis":"x"},"from":[10.55,8.65977,7.23934],"faces":{"down":{"uv":[2.75,8,5,8.5],"texture":"#5"},"north":{"uv":[3,4,5.25,4.5],"texture":"#5"}}},{"to":[12.35,8.2189,8.76066],"rotation":{"origin":[1.5,7.93934,8.86066],"angle":-22.5,"axis":"x"},"from":[10.55,8.05977,8.36066],"faces":{"up":{"rotation":180,"uv":[5,4.5,7.25,5.25],"texture":"#5"},"south":{"uv":[11,7.25,13.25,7.75],"texture":"#5"}}},{"to":[12.35,8.2189,7.63934],"rotation":{"origin":[1.5,7.93934,7.13934],"angle":22.5,"axis":"x"},"from":[10.55,7.85977,7.23934],"faces":{"down":{"uv":[15.75,15.75,16,16],"texture":"#5"},"north":{"uv":[11,7.5,13.25,8.5],"texture":"#5"},"up":{"uv":[5,4.5,7.25,5.25],"texture":"#5"}}},{"to":[8.45,8.8189,8.76066],"rotation":{"origin":[1.5,7.93934,8.86066],"angle":-22.5,"axis":"x"},"from":[5.75,7.85977,8.36066],"faces":{"east":{"uv":[3,4.25,3.25,6.25],"texture":"#5"},"south":{"uv":[3,4.25,7.25,6.25],"texture":"#5"}}},{"to":[8.45,8.8189,7.63934],"rotation":{"origin":[1.5,7.93934,7.13934],"angle":22.5,"axis":"x"},"from":[5.75,7.85977,7.23934],"faces":{"down":{"uv":[15.75,15.75,16,16],"texture":"#5"},"east":{"uv":[3,4.25,3.25,6.25],"texture":"#5"},"north":{"uv":[3,4.25,7.25,6.25],"texture":"#5"}}},{"to":[13.55,8.92022,8.34613],"rotation":{"origin":[1.5,8.84066,8.44613],"angle":-45,"axis":"x"},"from":[5.75,8.76109,8.04613],"faces":{"east":{"uv":[15.75,15.75,16,16],"texture":"#5"},"south":{"uv":[2.75,4.75,14.75,5],"texture":"#5"}}},{"to":[13.55,8.92022,7.95387],"rotation":{"origin":[1.5,8.84066,7.55387],"angle":45,"axis":"x"},"from":[5.75,8.76109,7.65387],"faces":{"east":{"uv":[15.75,15.75,16,16],"texture":"#5"},"north":{"uv":[2.5,4.75,14.5,5],"texture":"#5"}}},{"to":[8.35,8.2189,7.33934],"rotation":{"origin":[7.5,8.43934,7.38934],"angle":-22.5,"axis":"y"},"from":[7.65,7.95977,7.03934],"faces":{"down":{"uv":[15.75,15.75,16,16],"texture":"#5"},"west":{"uv":[8,4.75,7.25,5.5],"texture":"#5"},"north":{"uv":[7,4.5,5.5,5.25],"texture":"#5"},"up":{"uv":[15.75,4,14.25,4.75],"texture":"#5"}}},{"to":[13.55,7.40677,9.24853],"rotation":{"origin":[10.5,7.32721,8.84853],"angle":-22.5,"axis":"x"},"from":[5.75,7.24764,8.94853],"faces":{"east":{"uv":[3,4.75,3.25,5],"texture":"#5"},"south":{"uv":[4,4,16,4.5],"texture":"#5"}}},{"to":[13.55,7.40677,7.05147],"rotation":{"origin":[10.5,7.32721,7.15147],"angle":22.5,"axis":"x"},"from":[5.75,7.24764,6.75147],"faces":{"east":{"rotation":90,"uv":[3,5,3.25,5.75],"texture":"#5"},"north":{"uv":[4,4,16,4.5],"texture":"#5"}}},{"to":[5.75,7.6189,6.83934],"rotation":{"origin":[1.5,7.53934,6.93934],"angle":22.5,"axis":"x"},"from":[-13.65,7.45977,6.53934],"faces":{"west":{"rotation":180,"uv":[6.75,12.5,7,12.75],"texture":"#2"},"east":{"rotation":180,"uv":[6.75,12.5,7,12.75],"texture":"#2"},"north":{"rotation":180,"uv":[3,4,15,4.25],"texture":"#2"}}},{"to":[16.25,7.40456,9.2],"rotation":{"origin":[15.465,7.325,8.8],"angle":0,"axis":"x"},"from":[11.25,7.24543,8.4],"faces":{"east":{"uv":[15.75,15.75,16,16],"texture":"#5"},"north":{"rotation":180,"uv":[5.75,8,8.75,8.25],"texture":"#5"},"south":{"uv":[3.5,5,6.5,5.5],"texture":"#5"}}},{"to":[16.85,7.40456,9.2],"rotation":{"origin":[15.465,7.325,8.8],"angle":0,"axis":"x"},"from":[16.55,7.24543,8.4],"faces":{"west":{"rotation":90,"uv":[11,10.5,11.5,11],"texture":"#0"},"east":{"rotation":270,"uv":[12.5,14,13,15.5],"texture":"#0"},"north":{"rotation":270,"uv":[15.5,14.5,16,15.5],"texture":"#0"},"south":{"rotation":90,"uv":[14,13.5,14.5,14.5],"texture":"#0"}}},{"to":[5.75,9,8.07956],"rotation":{"origin":[1.5,8.6,8],"angle":-22.5,"axis":"x"},"from":[-13.65,8.7,7.92044],"faces":{"west":{"rotation":180,"uv":[6.75,12.75,7,13],"texture":"#2"},"up":{"rotation":180,"uv":[4,0.75,16,1],"texture":"#2"}}},{"to":[12.75,6.73223,8.43312],"rotation":{"origin":[1.5,6.83223,8.35355],"angle":-22.5,"axis":"x"},"from":[-13.65,6.43223,8.27399],"faces":{"down":{"rotation":90,"uv":[12,10.75,12.25,11],"texture":"#2"}}},{"to":[13.55,6.73223,8.43312],"rotation":{"origin":[1.5,6.83223,8.35355],"angle":-22.5,"axis":"x"},"from":[12.75,6.43223,8.27399],"faces":{"down":{"uv":[10.25,8,10.5,8.25],"texture":"#5"},"east":{"uv":[3.25,5.25,3.5,5.5],"texture":"#5"}}},{"to":[12.75,6.73223,7.72601],"rotation":{"origin":[1.5,6.83223,7.64645],"angle":22.5,"axis":"x"},"from":[-13.65,6.43223,7.56688],"faces":{"down":{"rotation":90,"uv":[12,10.75,12.25,11],"texture":"#2"}}},{"to":[13.55,6.73223,7.72601],"rotation":{"origin":[2.4,6.83223,7.64645],"angle":22.5,"axis":"x"},"from":[12.75,6.43223,7.56688],"faces":{"down":{"uv":[10.25,8,10.5,8.25],"texture":"#5"},"east":{"uv":[3.25,5.25,3.5,5.5],"texture":"#5"}}},{"to":[16.25,7.725,8.87956],"rotation":{"origin":[15.465,7.325,8.8],"angle":0,"axis":"x"},"from":[11.25,6.925,8.72043],"faces":{"down":{"rotation":180,"uv":[5.75,8,8.75,8.25],"texture":"#5"},"east":{"uv":[15.75,15.75,16,16],"texture":"#5"},"up":{"rotation":180,"uv":[2.75,4.25,5.75,4.75],"texture":"#5"}}},{"to":[16.85,7.725,8.87956],"rotation":{"origin":[15.465,7.325,8.8],"angle":0,"axis":"x"},"from":[16.55,6.925,8.72043],"faces":{"down":{"rotation":90,"uv":[11,15,11.5,16],"texture":"#0"},"west":{"rotation":90,"uv":[11,10.5,11.5,11],"texture":"#0"},"east":{"uv":[12.5,14,13,15.5],"texture":"#0"},"up":{"rotation":90,"uv":[14,13,14.5,14],"texture":"#0"}}},{"to":[-3.025,4.475,8.6995],"rotation":{"origin":[3.20351,2.48922,8.0005],"angle":0,"axis":"z"},"from":[-4.85,2.775,7.3005],"faces":{"west":{"uv":[6,0,7.25,3.5],"texture":"#1"},"north":{"rotation":180,"uv":[0,6,3.15,2.5],"texture":"#1"},"south":{"rotation":180,"uv":[3.15,6,0,2.5],"texture":"#1"}}},{"to":[-1.2,4.475,8.6995],"rotation":{"origin":[3.20351,2.48922,8.0005],"angle":0,"axis":"z"},"from":[-3.025,2.775,7.3005],"faces":{"east":{"uv":[6,0,7.25,2],"texture":"#1"},"north":{"rotation":180,"uv":[3.25,6,6.4,2.5],"texture":"#1"},"south":{"rotation":180,"uv":[6.4,6,3.25,2.5],"texture":"#1"}}},{"to":[-3.025,2.775,8.6995],"rotation":{"origin":[3.20351,2.78922,8.0005],"angle":0,"axis":"z"},"from":[-4.85,1.075,7.3005],"faces":{"west":{"uv":[6,4,7.25,7.5],"texture":"#1"},"north":{"rotation":180,"uv":[0,9.25,3.15,5.75],"texture":"#1"},"south":{"rotation":180,"uv":[3.15,9.25,0,5.75],"texture":"#1"}}},{"to":[-1.2,2.775,8.6995],"rotation":{"origin":[3.20351,2.78922,8.0005],"angle":0,"axis":"z"},"from":[-3.025,1.075,7.3005],"faces":{"east":{"uv":[6,1.75,7.25,3.5],"texture":"#1"},"north":{"rotation":180,"uv":[3.25,9.25,6.4,5.75],"texture":"#1"},"south":{"rotation":180,"uv":[6.4,9.25,3.25,5.75],"texture":"#1"}}},{"to":[-2.45596,1.91422,8.7],"rotation":{"origin":[-2.45596,0.06422,8],"angle":22.5,"axis":"z"},"from":[-4.28096,0.11422,7.3],"faces":{"west":{"uv":[6,6.75,7.25,10.75],"texture":"#1"},"north":{"rotation":180,"uv":[0,13,3.15,9.25],"texture":"#1"},"south":{"rotation":180,"uv":[3.15,13,0,9.25],"texture":"#1"}}},{"to":[-0.63096,1.31422,8.7],"rotation":{"origin":[-2.45596,0.06422,8],"angle":22.5,"axis":"z"},"from":[-2.45596,0.11422,7.3],"faces":{"east":{"uv":[6,11.5,7.25,12.75],"texture":"#1"},"north":{"rotation":180,"uv":[3.25,10.75,6.4,8.25],"texture":"#1"},"south":{"rotation":180,"uv":[6.4,10.75,3.25,8.25],"texture":"#1"}}},{"to":[-2.45596,0.11422,8.7],"rotation":{"origin":[-2.45596,0.06422,8],"angle":22.5,"axis":"z"},"from":[-4.28096,-1.58578,7.3],"faces":{"west":{"uv":[6,4.75,7.25,8.25],"texture":"#1"},"north":{"rotation":180,"uv":[0,14.75,3.15,11],"texture":"#1"},"south":{"rotation":180,"uv":[3.15,14.75,0,11],"texture":"#1"}}},{"to":[-0.63096,0.11422,8.7],"rotation":{"origin":[-2.45596,0.06422,8],"angle":22.5,"axis":"z"},"from":[-2.45596,-1.58578,7.3],"faces":{"east":{"uv":[6,14.25,7.25,16],"texture":"#1"},"north":{"rotation":180,"uv":[3.25,14.5,6.4,11],"texture":"#1"},"south":{"rotation":180,"uv":[6.4,14.5,3.25,11],"texture":"#1"}}},{"to":[-0.55596,-1.48578,8.8],"rotation":{"origin":[-2.45596,0.06422,7.9],"angle":22.5,"axis":"z"},"from":[-4.38096,-2.18578,7.2],"faces":{"north":{"uv":[11.5,6.25,15.9,7.25],"texture":"#1"},"west":{"uv":[11.5,3.75,13,4.75],"texture":"#1"},"up":{"rotation":180,"uv":[13.75,5.75,15.9,6.5],"texture":"#1"},"down":{"uv":[13,4,13.9,5],"texture":"#1"},"east":{"uv":[12.75,6.5,14.25,7.5],"texture":"#1"},"south":{"uv":[15.9,6.25,11.5,7.25],"texture":"#1"}}},{"to":[3.13,12.64047,7.1588],"rotation":{"origin":[1.96,12.59274,7.2788],"angle":22.5,"axis":"x"},"from":[1.15,12.545,7.0388],"faces":{"west":{"uv":[15.75,15.75,16,16],"texture":"#5"},"east":{"rotation":180,"uv":[11,5.25,11.25,5.5],"texture":"#5"},"north":{"uv":[15.75,15.75,16,16],"texture":"#5"},"south":{"uv":[15.75,15.75,16,16],"texture":"#5"}}},{"to":[7.73532,11.47534,8.96],"rotation":{"origin":[7.22532,11.14534,8.0012],"angle":-45,"axis":"z"},"from":[7.43532,10.81534,7.04],"faces":{"north":{"rotation":180,"uv":[10.5,11,11,11.5],"texture":"#5"},"up":{"rotation":270,"uv":[11.75,11.5,13.75,11.75],"texture":"#5"},"south":{"rotation":180,"uv":[10.5,11,11,11.5],"texture":"#5"}}},{"to":[7.33,11.345,8.9612],"rotation":{"origin":[3.73,9.725,8],"angle":0,"axis":"y"},"from":[0.67,10.085,7.0388],"faces":{"down":{"uv":[15.75,15.75,16,16],"texture":"#5"},"west":{"uv":[0,10,3,12],"texture":"#5"},"north":{"rotation":90,"uv":[7.5,7.75,8.75,11.5],"texture":"#5"},"up":{"rotation":270,"uv":[11.5,6.5,13.5,12.25],"texture":"#5"},"south":{"rotation":270,"uv":[7.5,7.75,8.75,11.5],"texture":"#5"}}},{"to":[4.33,11.3462,8.16774],"rotation":{"origin":[1.96,6.91726,8.72],"angle":0,"axis":"x"},"from":[3.07,11.2262,7.83226],"faces":{"up":{"uv":[0,6.5,1,8],"texture":"#5"}}},{"to":[7.40972,11.25753,8.9606],"rotation":{"origin":[7.43972,10.74753,8.0006],"angle":-22.5,"axis":"z"},"from":[7.10972,10.59753,7.0394],"faces":{"north":{"rotation":180,"uv":[10.5,11,11,11.5],"texture":"#5"},"up":{"rotation":270,"uv":[8.5,11.75,10.5,12],"texture":"#5"},"south":{"rotation":180,"uv":[10.5,11,11,11.5],"texture":"#5"}}},{"to":[7.53444,10.83012,8.9606],"rotation":{"origin":[7.20444,11.64012,8.0006],"angle":22.5,"axis":"z"},"from":[6.87444,10.53012,7.0394],"faces":{"east":{"rotation":180,"uv":[11.75,11.5,13.75,11.75],"texture":"#5"},"north":{"rotation":90,"uv":[10.5,11,11,11.5],"texture":"#5"},"south":{"rotation":270,"uv":[10.5,11,11,11.5],"texture":"#5"}}},{"to":[7.9341,10.74092,8.9624],"rotation":{"origin":[7.0041,11.6709,8.0012],"angle":0,"axis":"z"},"from":[7.3041,10.08452,7.04],"faces":{"down":{"uv":[15.75,15.75,16,16],"texture":"#5"},"east":{"rotation":180,"uv":[10.75,11.25,12.75,11.75],"texture":"#5"},"north":{"rotation":90,"uv":[10,11.25,10.5,11.75],"texture":"#5"},"south":{"rotation":270,"uv":[10,11.25,10.5,11.75],"texture":"#5"}}},{"to":[7.39,10.085,8.9012],"rotation":{"origin":[3.73,9.485,7.94],"angle":0,"axis":"y"},"from":[4.75,9.665,7.0988],"faces":{"down":{"uv":[15.75,15.75,16,16],"texture":"#5"},"west":{"uv":[15.75,15.75,16,16],"texture":"#5"},"east":{"uv":[15.75,15.75,16,16],"texture":"#5"},"north":{"uv":[10.75,8,11,8.75],"texture":"#5"},"south":{"uv":[10.75,8,11,8.75],"texture":"#5"}}},{"to":[3.79,10.085,8.9012],"rotation":{"origin":[3.73,9.485,7.94],"angle":0,"axis":"y"},"from":[1.15,9.665,7.0988],"faces":{"down":{"uv":[15.75,15.75,16,16],"texture":"#5"},"west":{"uv":[15.75,15.75,16,16],"texture":"#5"},"east":{"uv":[15.75,15.75,16,16],"texture":"#5"},"north":{"uv":[10.75,8,11,8.75],"texture":"#5"},"south":{"uv":[10.75,8,11,8.75],"texture":"#5"}}},{"to":[3.13,11.345,7.0088],"rotation":{"origin":[3.85,8.675,7.85],"angle":0,"axis":"y"},"from":[0.64,10.055,6.8888],"faces":{"down":{"uv":[15.75,15.75,16,16],"texture":"#5"},"west":{"uv":[15.75,15.75,16,16],"texture":"#5"},"north":{"rotation":180,"uv":[0,9.25,2,10.25],"texture":"#5"},"south":{"uv":[15.75,15.75,16,16],"texture":"#5"}}},{"to":[1.75,10.745,9.1124],"rotation":{"origin":[4.81,9.725,7.9988],"angle":0,"axis":"y"},"from":[1.45,10.445,6.8876],"faces":{"north":{"uv":[13.5,13.5,16,16],"texture":"#6"},"west":{"uv":[15.75,15.75,16,16],"texture":"#5"},"up":{"uv":[15.75,15.75,16,16],"texture":"#5"},"down":{"uv":[15.75,15.75,16,16],"texture":"#5"},"east":{"uv":[15.75,15.75,16,16],"texture":"#5"},"south":{"uv":[16,13.5,13.5,16],"texture":"#6"}}},{"to":[3.31,10.745,7.9124],"rotation":{"origin":[4.81,9.725,7.9988],"angle":0,"axis":"y"},"from":[2.77,10.205,6.7676],"faces":{"down":{"uv":[15.75,15.75,16,16],"texture":"#5"},"west":{"uv":[11,9.25,11.25,10.25],"texture":"#5"},"east":{"uv":[10.5,4.75,10.75,6.25],"texture":"#5"},"north":{"rotation":270,"uv":[16,13,13,16],"texture":"#6"},"up":{"rotation":90,"uv":[10.5,4,10.75,5.5],"texture":"#5"}}},{"to":[0.8236,10.745,7.7588],"rotation":{"origin":[4.75,9.725,7.9988],"angle":0,"axis":"y"},"from":[0.5188,10.445,7.3388],"faces":{"down":{"uv":[9.5,9,10,9.5],"texture":"#5"},"west":{"uv":[7,0,0.5,5.5],"texture":"#6"},"north":{"uv":[6.75,4.75,7.25,5.75],"texture":"#5"},"up":{"rotation":270,"uv":[3,4.75,4.75,5.75],"texture":"#5"},"south":{"uv":[6.75,4.75,7.25,5.75],"texture":"#5"}}},{"to":[0.8236,10.745,8.6612],"rotation":{"origin":[4.75,9.725,8.0012],"angle":0,"axis":"y"},"from":[0.5188,10.445,8.2412],"faces":{"down":{"uv":[9.5,9,10,9.5],"texture":"#5"},"west":{"uv":[14,0,7.5,5.5],"texture":"#6"},"north":{"uv":[6.75,4.75,7.25,5.75],"texture":"#5"},"up":{"rotation":270,"uv":[3,4.75,4.75,5.75],"texture":"#5"},"south":{"uv":[6.75,4.75,7.25,5.75],"texture":"#5"}}},{"to":[0.93688,11.237,8.08947],"rotation":{"origin":[0.75544,11.021,8],"angle":0,"axis":"y"},"from":[0.57112,10.805,7.91053],"faces":{"down":{"rotation":270,"uv":[13,15.5,13.5,16],"texture":"#6"},"west":{"rotation":270,"uv":[3,9.5,3.5,10],"texture":"#6"},"up":{"rotation":270,"uv":[4,6,4.5,6.5],"texture":"#6"}}},{"to":[0.93616,11.177,8.156],"rotation":{"origin":[0.75544,11.021,7.99347],"angle":0,"axis":"y"},"from":[0.5704,10.865,7.844],"faces":{"west":{"uv":[0.5,6,5.5,10],"texture":"#6"}}},{"to":[0.93832,11.11047,8.216],"rotation":{"origin":[0.75544,11.021,8],"angle":0,"axis":"x"},"from":[0.57256,10.93153,7.784],"faces":{"west":{"rotation":270,"uv":[3,9.5,3.5,10],"texture":"#6"},"north":{"rotation":270,"uv":[3,9.5,3.5,10],"texture":"#6"},"south":{"rotation":270,"uv":[3,9.5,3.5,10],"texture":"#6"}}},{"to":[0.93832,11.237,8.08947],"rotation":{"origin":[0.75544,11.021,8],"angle":-45,"axis":"x"},"from":[0.57256,10.805,7.91053],"faces":{"down":{"rotation":270,"uv":[15.5,15.5,16,16],"texture":"#6"},"west":{"rotation":270,"uv":[3,9.5,3.5,10],"texture":"#6"},"up":{"rotation":270,"uv":[4,6,4.5,6.5],"texture":"#6"}}},{"to":[0.93832,11.237,8.08947],"rotation":{"origin":[0.75544,11.021,8],"angle":45,"axis":"x"},"from":[0.57256,10.805,7.91053],"faces":{"down":{"rotation":270,"uv":[3,9.5,3.5,10],"texture":"#6"},"west":{"rotation":270,"uv":[3,9.5,3.5,10],"texture":"#6"},"up":{"rotation":270,"uv":[4,6,4.5,6.5],"texture":"#6"}}},{"to":[4.27,10.745,9.1124],"rotation":{"origin":[4.81,9.725,7.9988],"angle":0,"axis":"y"},"from":[3.97,10.445,6.8876],"faces":{"north":{"uv":[13.5,13.5,16,16],"texture":"#6"},"west":{"uv":[15.75,15.75,16,16],"texture":"#5"},"up":{"uv":[15.75,15.75,16,16],"texture":"#5"},"down":{"uv":[15.75,15.75,16,16],"texture":"#5"},"east":{"uv":[15.75,15.75,16,16],"texture":"#5"},"south":{"uv":[16,13.5,13.5,16],"texture":"#6"}}},{"to":[3.57436,11.97142,7.0076],"rotation":{"origin":[3.36436,11.56366,6.9488],"angle":45,"axis":"z"},"from":[2.97436,10.1959,6.89],"faces":{"east":{"uv":[8.75,4.25,9,5.5],"texture":"#5"},"north":{"rotation":180,"uv":[11.25,10,11.5,10.25],"texture":"#5"},"south":{"uv":[15.75,15.75,16,16],"texture":"#5"}}},{"to":[3.45189,12.31308,7.0082],"rotation":{"origin":[3.12189,11.48532,6.9488],"angle":22.5,"axis":"z"},"from":[2.82189,10.59756,6.8894],"faces":{"east":{"rotation":180,"uv":[11.25,3.75,11.5,5],"texture":"#5"},"north":{"rotation":180,"uv":[11.25,10,11.5,10.25],"texture":"#5"},"south":{"uv":[15.75,15.75,16,16],"texture":"#5"}}},{"to":[3.13,12.76052,7.0088],"rotation":{"origin":[3.85,9.845,7.85],"angle":0,"axis":"y"},"from":[1.15,11.345,6.8888],"faces":{"west":{"uv":[11.75,8.5,12,8.75],"texture":"#5"},"east":{"rotation":180,"uv":[11,5.25,11.25,5.5],"texture":"#5"},"north":{"rotation":180,"uv":[0.25,9.25,1.75,10.25],"texture":"#5"},"south":{"uv":[15.75,15.75,16,16],"texture":"#5"}}},{"to":[1.11785,12.47419,7.0082],"rotation":{"origin":[1.20785,11.22643,6.9488],"angle":-22.5,"axis":"z"},"from":[0.63785,11.11867,6.8894],"faces":{"west":{"rotation":180,"uv":[10.75,6.75,11,7.5],"texture":"#5"},"north":{"rotation":180,"uv":[0,9.25,0.5,10.25],"texture":"#5"},"south":{"uv":[15.75,15.75,16,16],"texture":"#5"}}},{"to":[4.48,10.745,7.0088],"rotation":{"origin":[3.85,8.675,7.85],"angle":0,"axis":"y"},"from":[3.13,10.055,6.8888],"faces":{"down":{"uv":[15.75,15.75,16,16],"texture":"#5"},"east":{"uv":[7.5,7.5,7.75,8.25],"texture":"#5"},"north":{"rotation":180,"uv":[2.25,9.25,3,9.75],"texture":"#5"},"south":{"uv":[15.75,15.75,16,16],"texture":"#5"}}},{"to":[3.13,11.345,9.1112],"rotation":{"origin":[3.85,8.675,8.15],"angle":0,"axis":"y"},"from":[0.64,10.055,8.9912],"faces":{"down":{"uv":[15.75,15.75,16,16],"texture":"#5"},"west":{"uv":[15.75,15.75,16,16],"texture":"#5"},"north":{"uv":[15.75,15.75,16,16],"texture":"#5"},"south":{"rotation":180,"uv":[2,9.25,0,10.25],"texture":"#5"}}},{"to":[4.48,10.745,9.1112],"rotation":{"origin":[3.85,8.675,8.15],"angle":0,"axis":"y"},"from":[3.13,10.055,8.9912],"faces":{"down":{"uv":[15.75,15.75,16,16],"texture":"#5"},"east":{"uv":[7.5,7.5,7.75,8.25],"texture":"#5"},"north":{"uv":[15.75,15.75,16,16],"texture":"#5"},"south":{"rotation":180,"uv":[2.25,9.25,3,9.75],"texture":"#5"}}},{"to":[3.57436,11.97142,9.11],"rotation":{"origin":[3.36436,11.56366,9.0512],"angle":45,"axis":"z"},"from":[2.97436,10.1959,8.9924],"faces":{"east":{"uv":[8.75,4.25,9,5.5],"texture":"#5"},"north":{"uv":[15.75,15.75,16,16],"texture":"#5"},"south":{"rotation":180,"uv":[11.25,10,11.5,10.25],"texture":"#5"}}},{"to":[3.45189,12.31308,9.1106],"rotation":{"origin":[3.12189,11.48532,9.0512],"angle":22.5,"axis":"z"},"from":[2.82189,10.59756,8.9918],"faces":{"east":{"rotation":180,"uv":[11.25,3.75,11.5,5],"texture":"#5"},"north":{"uv":[15.75,15.75,16,16],"texture":"#5"},"south":{"rotation":180,"uv":[11.25,10,11.5,10.25],"texture":"#5"}}},{"to":[3.13,12.76052,9.1112],"rotation":{"origin":[3.85,9.845,8.15],"angle":0,"axis":"y"},"from":[1.15,11.345,8.9912],"faces":{"west":{"uv":[11.75,8.5,12,8.75],"texture":"#5"},"east":{"rotation":180,"uv":[11,5.25,11.25,5.5],"texture":"#5"},"north":{"uv":[15.75,15.75,16,16],"texture":"#5"},"south":{"rotation":180,"uv":[0.25,9.25,1.75,10.25],"texture":"#5"}}},{"to":[1.11785,12.47419,9.1106],"rotation":{"origin":[1.20785,11.22643,9.0512],"angle":-22.5,"axis":"z"},"from":[0.63785,11.11867,8.9918],"faces":{"west":{"rotation":180,"uv":[10.75,6.75,11,7.5],"texture":"#5"},"north":{"uv":[15.75,15.75,16,16],"texture":"#5"},"south":{"uv":[0,9.25,0.5,10.25],"texture":"#5"}}},{"to":[3.13,12.76047,9.1112],"rotation":{"origin":[1.96,12.71274,8.8712],"angle":-22.5,"axis":"x"},"from":[1.15,12.665,8.9912],"faces":{"west":{"uv":[11.75,8.5,12,8.75],"texture":"#5"},"east":{"rotation":180,"uv":[11,5.25,11.25,5.5],"texture":"#5"},"north":{"uv":[15.75,15.75,16,16],"texture":"#5"},"south":{"uv":[5.75,5.5,6.5,5.75],"texture":"#5"}}},{"to":[3.13024,12.95274,8.91894],"rotation":{"origin":[1.96,12.71274,8.8712],"angle":22.5,"axis":"x"},"from":[1.15024,12.83274,8.82346],"faces":{"down":{"uv":[15.75,15.75,16,16],"texture":"#5"},"west":{"uv":[11.75,5,12,5.25],"texture":"#5"},"east":{"rotation":180,"uv":[11,5.25,11.25,5.5],"texture":"#5"},"up":{"uv":[8.5,5,9.25,5.25],"texture":"#5"}}},{"to":[3.13,12.76047,9.1112],"rotation":{"origin":[1.96,12.71274,8.8712],"angle":-45,"axis":"x"},"from":[1.15,12.665,8.9912],"faces":{"west":{"uv":[11.75,8.5,12,8.75],"texture":"#5"},"east":{"rotation":180,"uv":[11,5.25,11.25,5.5],"texture":"#5"},"north":{"uv":[15.75,15.75,16,16],"texture":"#5"},"south":{"uv":[5.75,5,6.5,5.25],"texture":"#5"}}},{"to":[3.13,12.95274,8.92306],"rotation":{"origin":[2.13386,12.88764,8.0133],"angle":0,"axis":"x"},"from":[1.15,12.83274,7.08106],"faces":{"down":{"uv":[15.75,15.75,16,16],"texture":"#5"},"west":{"rotation":90,"uv":[11,7,11.25,8.25],"texture":"#5"},"east":{"rotation":180,"uv":[11,5.25,11.25,5.5],"texture":"#5"},"up":{"rotation":180,"uv":[5.5,12.5,8,10.25],"texture":"#5"}}},{"to":[3.13024,12.95274,7.17654],"rotation":{"origin":[1.96,12.71274,7.1288],"angle":-22.5,"axis":"x"},"from":[1.15024,12.83274,7.08106],"faces":{"down":{"uv":[15.75,15.75,16,16],"texture":"#5"},"west":{"uv":[11.75,8.5,12,8.75],"texture":"#5"},"east":{"rotation":180,"uv":[11,5.25,11.25,5.5],"texture":"#5"},"up":{"uv":[6,5.5,6.75,5.75],"texture":"#5"}}},{"to":[3.13,12.76047,7.0088],"rotation":{"origin":[1.96,12.71274,7.1288],"angle":45,"axis":"x"},"from":[1.15,12.665,6.8888],"faces":{"west":{"uv":[11.75,8.5,12,8.75],"texture":"#5"},"east":{"rotation":180,"uv":[11,5.25,11.25,5.5],"texture":"#5"},"north":{"uv":[5.5,5.25,6.25,5.5],"texture":"#5"},"south":{"uv":[15.75,15.75,16,16],"texture":"#5"}}},{"to":[3.13,12.76047,7.0088],"rotation":{"origin":[1.96,12.71274,7.1288],"angle":22.5,"axis":"x"},"from":[1.15,12.665,6.8888],"faces":{"west":{"uv":[11.75,8.5,12,8.75],"texture":"#5"},"east":{"rotation":180,"uv":[11,5.25,11.25,5.5],"texture":"#5"},"north":{"uv":[5.5,6,6.25,6.25],"texture":"#5"},"south":{"uv":[15.75,15.75,16,16],"texture":"#5"}}},{"to":[3.13,11.56052,8.9612],"rotation":{"origin":[3.85,9.725,8],"angle":0,"axis":"y"},"from":[0.79,11.345,8.8412],"faces":{"west":{"uv":[15.75,15.75,16,16],"texture":"#5"},"east":{"rotation":180,"uv":[11,5.25,11.25,5.5],"texture":"#5"},"north":{"uv":[15.75,15.75,16,16],"texture":"#5"},"south":{"uv":[15.75,15.75,16,16],"texture":"#5"}}},{"to":[3.13,11.45274,8.76894],"rotation":{"origin":[1.96,11.57274,8.7212],"angle":-45,"axis":"x"},"from":[0.79,11.33274,8.67346],"faces":{"west":{"uv":[15.75,15.75,16,16],"texture":"#5"},"east":{"rotation":180,"uv":[11,5.25,11.25,5.5],"texture":"#5"},"up":{"uv":[12.25,8,12.5,8.25],"texture":"#5"}}},{"to":[3.13,11.62047,8.9612],"rotation":{"origin":[1.96,11.57274,8.7212],"angle":22.5,"axis":"x"},"from":[0.79,11.525,8.8412],"faces":{"west":{"uv":[15.75,15.75,16,16],"texture":"#5"},"east":{"rotation":180,"uv":[11,5.25,11.25,5.5],"texture":"#5"},"north":{"uv":[15.75,15.75,16,16],"texture":"#5"}}},{"to":[3.13,11.45274,8.76894],"rotation":{"origin":[1.96,11.57274,8.7212],"angle":-22.5,"axis":"x"},"from":[0.79,11.30274,8.55346],"faces":{"west":{"uv":[15.75,15.75,16,16],"texture":"#5"},"east":{"rotation":180,"uv":[11,5.25,11.25,5.5],"texture":"#5"},"up":{"uv":[12.25,8.5,12.5,8.75],"texture":"#5"}}},{"to":[3.13,11.44726,8.76894],"rotation":{"origin":[1.96,6.91726,8.7212],"angle":0,"axis":"x"},"from":[0.79,11.32726,7.23346],"faces":{"west":{"uv":[15.75,15.75,16,16],"texture":"#5"},"east":{"rotation":180,"uv":[11,5.25,11.25,5.5],"texture":"#5"},"up":{"uv":[9.75,8.5,10,8.75],"texture":"#5"}}},{"to":[3.13,11.45274,7.32654],"rotation":{"origin":[1.96,11.57274,7.2788],"angle":45,"axis":"x"},"from":[0.79,11.33274,7.23106],"faces":{"west":{"uv":[15.75,15.75,16,16],"texture":"#5"},"east":{"rotation":180,"uv":[11,5.25,11.25,5.5],"texture":"#5"},"up":{"uv":[12.25,8,12.5,8.25],"texture":"#5"}}},{"to":[3.13,11.45274,7.44654],"rotation":{"origin":[1.96,11.57274,7.2788],"angle":22.5,"axis":"x"},"from":[0.79,11.30274,7.23106],"faces":{"west":{"uv":[15.75,15.75,16,16],"texture":"#5"},"east":{"rotation":180,"uv":[11,5.25,11.25,5.5],"texture":"#5"},"up":{"uv":[12.25,8.5,12.5,8.75],"texture":"#5"}}},{"to":[3.13,11.62047,7.1588],"rotation":{"origin":[1.96,11.57274,7.2788],"angle":-22.5,"axis":"x"},"from":[0.79,11.525,7.0388],"faces":{"west":{"uv":[15.75,15.75,16,16],"texture":"#5"},"east":{"rotation":180,"uv":[11,5.25,11.25,5.5],"texture":"#5"},"south":{"uv":[15.75,15.75,16,16],"texture":"#5"}}},{"to":[1.14785,12.29971,7.1576],"rotation":{"origin":[1.35785,11.44195,7.0988],"angle":-22.5,"axis":"z"},"from":[0.78785,11.33419,7.0388],"faces":{"west":{"rotation":180,"uv":[6.75,8,7,9],"texture":"#5"},"north":{"uv":[15.75,15.75,16,16],"texture":"#5"},"south":{"uv":[15.75,15.75,16,16],"texture":"#5"}}},{"to":[3.13,11.56052,7.1588],"rotation":{"origin":[3.85,9.725,8],"angle":0,"axis":"y"},"from":[0.79,11.345,7.0388],"faces":{"west":{"uv":[15.75,15.75,16,16],"texture":"#5"},"east":{"rotation":180,"uv":[11,5.25,11.25,5.5],"texture":"#5"},"north":{"uv":[15.75,15.75,16,16],"texture":"#5"},"south":{"uv":[15.75,15.75,16,16],"texture":"#5"}}},{"to":[1.14785,12.29971,8.9612],"rotation":{"origin":[1.35785,11.44195,8.9012],"angle":-22.5,"axis":"z"},"from":[0.78785,11.33419,8.8424],"faces":{"west":{"rotation":180,"uv":[6.75,8,7,9],"texture":"#5"},"north":{"uv":[15.75,15.75,16,16],"texture":"#5"},"south":{"uv":[15.75,15.75,16,16],"texture":"#5"}}},{"to":[3.13,12.64052,7.1588],"rotation":{"origin":[3.85,9.725,8],"angle":0,"axis":"y"},"from":[1.15,11.555,7.0388],"faces":{"west":{"uv":[15.75,15.75,16,16],"texture":"#5"},"east":{"rotation":180,"uv":[11,5.25,11.25,5.5],"texture":"#5"},"north":{"uv":[15.75,15.75,16,16],"texture":"#5"},"south":{"uv":[15.75,15.75,16,16],"texture":"#5"}}},{"to":[3.13,12.64052,8.9612],"rotation":{"origin":[3.85,9.725,8],"angle":0,"axis":"y"},"from":[1.15,11.555,8.8412],"faces":{"west":{"uv":[15.75,15.75,16,16],"texture":"#5"},"east":{"rotation":180,"uv":[11,5.25,11.25,5.5],"texture":"#5"},"north":{"uv":[15.75,15.75,16,16],"texture":"#5"},"south":{"uv":[15.75,15.75,16,16],"texture":"#5"}}},{"to":[3.13,12.64047,8.9612],"rotation":{"origin":[1.96,12.59274,8.7212],"angle":-22.5,"axis":"x"},"from":[1.15,12.545,8.8412],"faces":{"west":{"uv":[15.75,15.75,16,16],"texture":"#5"},"east":{"rotation":180,"uv":[11,5.25,11.25,5.5],"texture":"#5"},"north":{"uv":[15.75,15.75,16,16],"texture":"#5"},"south":{"uv":[15.75,15.75,16,16],"texture":"#5"}}},{"to":[3.13,12.64047,8.9612],"rotation":{"origin":[1.96,12.59274,8.7212],"angle":-45,"axis":"x"},"from":[1.15,12.545,8.8412],"faces":{"west":{"uv":[15.75,15.75,16,16],"texture":"#5"},"east":{"rotation":180,"uv":[11,5.25,11.25,5.5],"texture":"#5"},"north":{"uv":[15.75,15.75,16,16],"texture":"#5"},"south":{"uv":[15.75,15.75,16,16],"texture":"#5"}}},{"to":[3.13,12.83274,8.76894],"rotation":{"origin":[1.96,12.59274,8.7212],"angle":22.5,"axis":"x"},"from":[1.15,12.71274,8.67346],"faces":{"down":{"uv":[15.75,15.75,16,16],"texture":"#5"},"west":{"uv":[15.75,15.75,16,16],"texture":"#5"},"east":{"rotation":180,"uv":[11,5.25,11.25,5.5],"texture":"#5"},"up":{"uv":[15.75,15.75,16,16],"texture":"#5"}}},{"to":[3.13,12.83274,8.76894],"rotation":{"origin":[1.96,12.59274,8.7212],"angle":0,"axis":"x"},"from":[1.15,12.71274,7.23346],"faces":{"down":{"uv":[15.75,15.75,16,16],"texture":"#5"},"west":{"uv":[15.75,15.75,16,16],"texture":"#5"},"east":{"rotation":180,"uv":[11,5.25,11.25,5.5],"texture":"#5"}}},{"to":[3.13,12.83274,7.32654],"rotation":{"origin":[1.96,12.59274,7.2788],"angle":-22.5,"axis":"x"},"from":[1.15,12.71274,7.23106],"faces":{"down":{"uv":[15.75,15.75,16,16],"texture":"#5"},"west":{"uv":[15.75,15.75,16,16],"texture":"#5"},"east":{"rotation":180,"uv":[11,5.25,11.25,5.5],"texture":"#5"},"up":{"uv":[15.75,15.75,16,16],"texture":"#5"}}},{"to":[3.13,12.64047,7.1588],"rotation":{"origin":[1.96,12.59274,7.2788],"angle":45,"axis":"x"},"from":[1.15,12.545,7.0388],"faces":{"west":{"uv":[15.75,15.75,16,16],"texture":"#5"},"east":{"rotation":180,"uv":[11,5.25,11.25,5.5],"texture":"#5"},"north":{"uv":[15.75,15.75,16,16],"texture":"#5"},"south":{"uv":[15.75,15.75,16,16],"texture":"#5"}}},{"to":[3.1192,12.2954,8.24],"rotation":{"origin":[3.208,12.185,8.72],"angle":0,"axis":"x"},"from":[3.1192,11.8154,7.76],"faces":{"west":{"uv":[4,0,8,4],"texture":"#a"}}},{"to":[1.7992,12.7454,8.885],"rotation":{"origin":[3.208,12.185,8.015],"angle":0,"axis":"x"},"from":[1.7992,11.3654,7.115],"faces":{"west":{"uv":[4,4,8,8],"texture":"#a"}}},{"to":[11.45,10.05,8.55],"rotation":{"origin":[19.3,9.475,8.075],"angle":0,"axis":"z"},"from":[10.85,9.9,7.45],"faces":{"west":{"uv":[6.75,7.75,8.25,8.25],"texture":"#5"},"east":{"uv":[6.75,7.75,8.25,8.25],"texture":"#5"},"north":{"uv":[6.75,4.25,7.5,4.75],"texture":"#5"},"up":{"uv":[9,12.75,9.75,14.25],"texture":"#5"},"south":{"uv":[6.75,4.25,7.5,4.75],"texture":"#5"}}},{"to":[11.65,9.675,8.4],"rotation":{"origin":[7.4,9.25,8.125],"angle":0,"axis":"z"},"from":[-0.95,7.975,7.6],"faces":{"west":{"uv":[0.25,6,1.25,8.25],"texture":"#5"},"north":{"uv":[0.25,6.25,12.25,8.5],"texture":"#5"},"south":{"uv":[0.5,6.25,12.5,8.5],"texture":"#5"}}},{"to":[11.65,9.9,8.55],"rotation":{"origin":[7.4,9.15,8.075],"angle":0,"axis":"z"},"from":[-1.05,9.675,7.45],"faces":{"down":{"uv":[15.75,15.75,16,16],"texture":"#5"},"west":{"uv":[1,7.5,2.25,8],"texture":"#5"},"north":{"uv":[0,7.25,16,7.75],"texture":"#5"},"up":{"uv":[0,6.5,16,8],"texture":"#5"},"south":{"uv":[0,7.25,16,7.75],"texture":"#5"}}},{"to":[10.35,10.05,8.55],"rotation":{"origin":[18.4,9.475,8.075],"angle":0,"axis":"z"},"from":[9.95,9.9,7.45],"faces":{"west":{"uv":[6.75,7.75,8.25,8.25],"texture":"#5"},"east":{"uv":[6.75,7.75,8.25,8.25],"texture":"#5"},"north":{"uv":[6.75,4.25,7.25,4.75],"texture":"#5"},"up":{"uv":[13,12.75,13.5,14.25],"texture":"#5"},"south":{"uv":[6.75,4.25,7.25,4.75],"texture":"#5"}}},{"to":[9.45,10.05,8.55],"rotation":{"origin":[17.5,9.475,8.075],"angle":0,"axis":"z"},"from":[9.05,9.9,7.45],"faces":{"west":{"uv":[6.75,7.75,8.25,8.25],"texture":"#5"},"east":{"uv":[6.75,7.75,8.25,8.25],"texture":"#5"},"north":{"uv":[6.75,4.25,7.25,4.75],"texture":"#5"},"up":{"uv":[7.5,12.75,8,14.25],"texture":"#5"},"south":{"uv":[6.75,4.25,7.25,4.75],"texture":"#5"}}},{"to":[8.55,10.05,8.55],"rotation":{"origin":[16.6,9.475,8.075],"angle":0,"axis":"z"},"from":[8.15,9.9,7.45],"faces":{"west":{"uv":[6.75,7.75,8.25,8.25],"texture":"#5"},"east":{"uv":[6.75,7.75,8.25,8.25],"texture":"#5"},"north":{"uv":[6.75,4.25,7.25,4.75],"texture":"#5"},"up":{"uv":[11.25,12.75,11.75,14.25],"texture":"#5"},"south":{"uv":[6.75,4.25,7.25,4.75],"texture":"#5"}}},{"to":[6.75,10.05,8.55],"rotation":{"origin":[16.6,9.475,8.075],"angle":0,"axis":"z"},"from":[6.35,9.9,7.45],"faces":{"west":{"uv":[6.75,7.75,8.25,8.25],"texture":"#5"},"east":{"uv":[6.75,7.75,8.25,8.25],"texture":"#5"},"north":{"uv":[6.75,4.25,7.25,4.75],"texture":"#5"},"up":{"uv":[13,12.75,13.5,14.25],"texture":"#5"},"south":{"uv":[6.75,4.25,7.25,4.75],"texture":"#5"}}},{"to":[3.15,10.05,8.55],"rotation":{"origin":[16.6,9.475,8.075],"angle":0,"axis":"z"},"from":[2.75,9.9,7.45],"faces":{"west":{"uv":[6.75,7.75,8.25,8.25],"texture":"#5"},"east":{"uv":[6.75,7.75,8.25,8.25],"texture":"#5"},"north":{"uv":[6.75,4.25,7.25,4.75],"texture":"#5"},"up":{"uv":[13,12.75,13.5,14.25],"texture":"#5"},"south":{"uv":[6.75,4.25,7.25,4.75],"texture":"#5"}}},{"to":[7.65,10.05,8.55],"rotation":{"origin":[15.7,9.475,8.075],"angle":0,"axis":"z"},"from":[7.25,9.9,7.45],"faces":{"west":{"uv":[6.75,7.75,8.25,8.25],"texture":"#5"},"east":{"uv":[6.75,7.75,8.25,8.25],"texture":"#5"},"north":{"uv":[6.75,4.25,7.25,4.75],"texture":"#5"},"up":{"uv":[9,12.75,9.5,14.25],"texture":"#5"},"south":{"uv":[6.75,4.25,7.25,4.75],"texture":"#5"}}},{"to":[5.85,10.05,8.55],"rotation":{"origin":[15.7,9.475,8.075],"angle":0,"axis":"z"},"from":[5.45,9.9,7.45],"faces":{"west":{"uv":[6.75,7.75,8.25,8.25],"texture":"#5"},"east":{"uv":[6.75,7.75,8.25,8.25],"texture":"#5"},"north":{"uv":[6.75,4.25,7.25,4.75],"texture":"#5"},"up":{"uv":[9,12.75,9.5,14.25],"texture":"#5"},"south":{"uv":[6.75,4.25,7.25,4.75],"texture":"#5"}}},{"to":[2.25,10.05,8.55],"rotation":{"origin":[15.7,9.475,8.075],"angle":0,"axis":"z"},"from":[1.85,9.9,7.45],"faces":{"west":{"uv":[6.75,7.75,8.25,8.25],"texture":"#5"},"east":{"uv":[6.75,7.75,8.25,8.25],"texture":"#5"},"north":{"uv":[6.75,4.25,7.25,4.75],"texture":"#5"},"up":{"uv":[7.5,12.75,8,14.25],"texture":"#5"},"south":{"uv":[6.75,4.25,7.25,4.75],"texture":"#5"}}},{"to":[4.95,10.05,8.55],"rotation":{"origin":[13,9.475,8.075],"angle":0,"axis":"z"},"from":[4.55,9.9,7.45],"faces":{"west":{"uv":[6.75,7.75,8.25,8.25],"texture":"#5"},"east":{"uv":[6.75,7.75,8.25,8.25],"texture":"#5"},"north":{"uv":[6.75,4.25,7.25,4.75],"texture":"#5"},"up":{"uv":[11.25,12.75,11.75,14.25],"texture":"#5"},"south":{"uv":[6.75,4.25,7.25,4.75],"texture":"#5"}}},{"to":[4.05,10.05,8.55],"rotation":{"origin":[12.1,9.475,8.075],"angle":0,"axis":"z"},"from":[3.65,9.9,7.45],"faces":{"west":{"uv":[6.75,7.75,8.25,8.25],"texture":"#5"},"east":{"uv":[6.75,7.75,8.25,8.25],"texture":"#5"},"north":{"uv":[6.75,4.25,7.25,4.75],"texture":"#5"},"up":{"uv":[9,12.75,9.5,14.25],"texture":"#5"},"south":{"uv":[6.75,4.25,7.25,4.75],"texture":"#5"}}},{"to":[1.35,10.05,8.55],"rotation":{"origin":[9.4,9.475,8.075],"angle":0,"axis":"z"},"from":[0.95,9.9,7.45],"faces":{"west":{"uv":[6.75,7.75,8.25,8.25],"texture":"#5"},"east":{"uv":[6.75,7.75,8.25,8.25],"texture":"#5"},"north":{"uv":[6.75,4.25,7.25,4.75],"texture":"#5"},"up":{"uv":[9,12.75,9.5,14.25],"texture":"#5"},"south":{"uv":[6.75,4.25,7.25,4.75],"texture":"#5"}}},{"to":[0.45,10.05,8.55],"rotation":{"origin":[8.5,9.475,8.075],"angle":0,"axis":"z"},"from":[0.05,9.9,7.45],"faces":{"west":{"uv":[6.75,7.75,8.25,8.25],"texture":"#5"},"east":{"uv":[6.75,7.75,8.25,8.25],"texture":"#5"},"north":{"uv":[6.75,4.25,7.25,4.75],"texture":"#5"},"up":{"uv":[7.5,12.75,8,14.25],"texture":"#5"},"south":{"uv":[6.75,4.25,7.25,4.75],"texture":"#5"}}},{"to":[-0.45,10.05,8.55],"rotation":{"origin":[7.4,9.475,8.075],"angle":0,"axis":"z"},"from":[-1.05,9.9,7.45],"faces":{"west":{"uv":[6.5,7.25,8,7.75],"texture":"#5"},"east":{"uv":[6.75,7.75,8.25,8.25],"texture":"#5"},"north":{"uv":[6.75,4.25,7.5,4.75],"texture":"#5"},"up":{"uv":[10.5,12.75,11.25,14.25],"texture":"#5"},"south":{"uv":[6.75,4.25,7.5,4.75],"texture":"#5"}}}],"display":{"thirdperson_righthand":{"rotation":[0,90,0],"scale":[0.5,0.5,0.5],"translation":[-0.75,1,0]},"head":{"scale":[2,2,2]},"thirdperson_lefthand":{"rotation":[0,-90,-165],"scale":[0.5,0.5,0.5],"translation":[-1.5,-5.5,10]},"gui":{"rotation":[0,0,45],"scale":[0.5,0.5,0.5],"translation":[-1,1.5,0]},"firstperson_lefthand":{"scale":[0,0,0]},"firstperson_righthand":{"rotation":[0,90,0],"translation":[-8.960149253731343,4.264749253731344,-1.5]},"fixed":{"translation":[0,4.25,-2.75],"scale":[-1,1,-1]},"ground":{"translation":[0,2,0],"scale":[0.5,0.5,0.5]}},"credit":"thebradqq's guns"}