{"textures":{"1":"mgs:gun/brass","0":"mgs:gun/metal_bright","2":"mgs:gun/copper"},"gui_light":"front","elements":[{"to":[8.55,16.05,6.55],"rotation":{"origin":[7.9,15.15,6.35],"angle":45,"axis":"x"},"from":[7.85,15.15,6.35],"faces":{"west":{"rotation":270,"uv":[0,11.75,0.75,12],"texture":"#0"},"east":{"rotation":270,"uv":[6.5,4.75,7,5],"texture":"#0"},"north":{"uv":[11,3.25,11.25,3.5],"texture":"#0"},"up":{"uv":[11.5,1.75,12.5,2],"texture":"#0"},"south":{"uv":[5,9.25,5.25,9.5],"texture":"#0"}}},{"to":[7.85,16.05,6.55],"rotation":{"origin":[7,15.15,6.35],"angle":45,"axis":"x"},"from":[6.75,15.75,6.35],"faces":{"down":{"rotation":270,"uv":[0,11.75,0.75,12],"texture":"#0"},"north":{"uv":[11,3.25,11.25,3.5],"texture":"#0"},"up":{"uv":[11.5,1.75,12.5,2],"texture":"#0"}}},{"to":[6.75,16.05,6.55],"rotation":{"origin":[6.9,15.15,6.35],"angle":45,"axis":"x"},"from":[3.35,15.15,6.35],"faces":{"west":{"rotation":270,"uv":[0,11.75,0.75,12],"texture":"#0"},"east":{"rotation":270,"uv":[7,11.75,7.5,12.25],"texture":"#0"},"north":{"uv":[8.75,3.5,9.75,3.75],"texture":"#0"},"up":{"uv":[11.5,1.75,12.5,2],"texture":"#0"},"south":{"uv":[5,9.25,5.25,9.5],"texture":"#0"}}},{"to":[8.55,16.05,9.65],"rotation":{"origin":[7.9,15.15,9.65],"angle":-45,"axis":"x"},"from":[3.35,15.15,9.45],"faces":{"west":{"rotation":270,"uv":[0,11.75,0.75,12],"texture":"#0"},"east":{"rotation":270,"uv":[6.5,4.75,7,5],"texture":"#0"},"north":{"uv":[5,9.25,5.25,9.5],"texture":"#0"},"up":{"uv":[11.5,1.75,12.5,2],"texture":"#0"},"south":{"uv":[8.75,3.5,10.25,3.75],"texture":"#0"}}},{"to":[10.75,14.75,9.65],"rotation":{"origin":[8,9,7.5],"angle":0,"axis":"y"},"from":[10.55,-4.75,6.35],"faces":{"west":{"uv":[6.5,10.75,6.75,11],"texture":"#0"},"east":{"rotation":270,"uv":[6.25,4,12,5],"texture":"#0"},"up":{"rotation":270,"uv":[6.5,4.25,7.5,4.5],"texture":"#0"}}},{"to":[3.55,14.75,9.65],"rotation":{"origin":[8,9,7.5],"angle":0,"axis":"y"},"from":[3.35,-4.75,6.35],"faces":{"west":{"rotation":270,"uv":[0,11.75,5.75,12.75],"texture":"#0"},"east":{"uv":[6.5,10.75,6.75,11],"texture":"#0"},"up":{"rotation":90,"uv":[8.25,2.5,9.25,2.75],"texture":"#0"}}},{"to":[10.748,15.15,6.55],"rotation":{"origin":[8,9,7.5],"angle":0,"axis":"y"},"from":[7.85,-4.75,6.35],"faces":{"west":{"uv":[7,11.75,7.5,12.25],"texture":"#0"},"east":{"rotation":270,"uv":[6.5,4.75,12.25,5],"texture":"#0"},"north":{"rotation":270,"uv":[6.5,4.5,12.25,3.75],"texture":"#0"},"up":{"uv":[11.5,1.75,12.5,2],"texture":"#0"},"south":{"uv":[6.5,10.75,6.75,11],"texture":"#0"}}},{"to":[6.751,15.15,6.55],"rotation":{"origin":[7,9,7.5],"angle":0,"axis":"y"},"from":[3.351,-4.75,6.35],"faces":{"west":{"rotation":270,"uv":[0,11.75,5.75,12],"texture":"#0"},"east":{"uv":[7,11.75,7.5,12.25],"texture":"#0"},"north":{"rotation":270,"uv":[9,3.5,14.75,4.5],"texture":"#0"},"south":{"uv":[6.5,10.75,6.75,11],"texture":"#0"}}},{"to":[7.85,10.75,6.55],"rotation":{"origin":[8.1,9,7.5],"angle":0,"axis":"y"},"from":[6.75,-4.75,6.35],"faces":{"north":{"rotation":270,"uv":[10.5,3.5,14.75,3.75],"texture":"#0"},"up":{"uv":[7,11.75,7.5,12.25],"texture":"#0"},"south":{"uv":[6.5,10.75,6.75,11],"texture":"#0"}}},{"to":[10.749,15.15,9.65],"rotation":{"origin":[8,9,8.5],"angle":0,"axis":"y"},"from":[3.351,-4.75,9.45],"faces":{"west":{"rotation":270,"uv":[0,11.75,5.75,12],"texture":"#0"},"east":{"rotation":270,"uv":[6.25,4,12,4.25],"texture":"#0"},"north":{"uv":[6.5,10.75,6.75,11],"texture":"#0"},"up":{"uv":[11.5,1.75,12.5,2],"texture":"#0"},"south":{"rotation":270,"uv":[9,4.5,14.75,2.5],"texture":"#0"}}},{"to":[12.65,-4.55,9.6505],"rotation":{"origin":[8,7,7.9995],"angle":0,"axis":"z"},"from":[3.25,-5.35,6.3495],"faces":{"north":{"uv":[7.5,4.75,11,5.25],"texture":"#0"},"west":{"uv":[7.5,4.75,9,5.25],"texture":"#0"},"up":{"rotation":180,"uv":[4.5,3.75,5.5,4.75],"texture":"#0"},"down":{"rotation":180,"uv":[4.75,9,5.75,10],"texture":"#0"},"east":{"rotation":270,"uv":[9,4.75,9.5,5.75],"texture":"#0"},"south":{"uv":[7.5,4.75,11,5.25],"texture":"#0"}}},{"to":[5.65,0.45,8.651],"rotation":{"origin":[6.5,6,7.5],"angle":0,"axis":"y"},"from":[4.85,-0.35,6.349],"faces":{"north":{"rotation":270,"uv":[6.75,8,7,8.25],"texture":"#0"}}},{"to":[5.65,5.45,8.651],"rotation":{"origin":[6.5,11,7.5],"angle":0,"axis":"y"},"from":[4.85,4.65,6.349],"faces":{"north":{"rotation":270,"uv":[6.75,8,7,8.25],"texture":"#0"}}},{"to":[5.65,2.95,8.651],"rotation":{"origin":[4.3,6,7.5],"angle":0,"axis":"y"},"from":[4.85,2.15,6.349],"faces":{"north":{"rotation":270,"uv":[6.75,8,7,8.25],"texture":"#0"}}},{"to":[4.43712,15.25711,8.91547],"rotation":{"origin":[0.53274,9.59609,8],"angle":0,"axis":"y"},"from":[3.72837,14.8929,7.08453],"faces":{"north":{"uv":[3.25,5.25,3.75,5.75],"texture":"#1"},"south":{"uv":[3.25,5.25,3.75,5.75],"texture":"#1"}}},{"to":[3.75779,16.10859,8.2056],"rotation":{"origin":[0.11914,4.85,8],"angle":0,"axis":"y"},"from":[3.58048,14.04141,7.7944],"faces":{"down":{"rotation":180,"uv":[6.25,8,6.75,8.25],"texture":"#1"},"west":{"uv":[8.25,4,8.75,6],"texture":"#1"},"east":{"uv":[12.5,7.5,13,8],"texture":"#1"},"up":{"rotation":180,"uv":[3.5,3.75,4,4.25],"texture":"#1"}}},{"to":[3.66823,15.5475,8.094],"rotation":{"origin":[3.10534,3.09922,8],"angle":0,"axis":"y"},"from":[3.5501,14.6025,7.90602],"faces":{"down":{"uv":[9.5,8,9.75,8.25],"texture":"#0"},"west":{"uv":[6.25,4.5,6.75,5.25],"texture":"#0"},"up":{"uv":[3.25,4,3.5,4.5],"texture":"#0"}}},{"to":[9.09478,16.10859,8.2056],"rotation":{"origin":[3.27282,9.59609,8],"angle":0,"axis":"y"},"from":[4.20087,14.04141,7.7944],"faces":{"down":{"rotation":180,"uv":[5.5,7.75,7.5,8.25],"texture":"#1"},"west":{"uv":[12.5,7.5,13,8],"texture":"#1"},"east":{"uv":[5.25,10.5,5.75,11],"texture":"#1"},"up":{"uv":[2,3.25,4,3.75],"texture":"#1"}}},{"to":[9.09478,15.69154,6.10891],"rotation":{"origin":[3.13149,9.59609,8],"angle":22.5,"axis":"x"},"from":[4.20087,13.62435,5.69771],"faces":{"down":{"rotation":180,"uv":[3,9,5,9.5],"texture":"#1"},"west":{"uv":[12.5,7.5,13,8],"texture":"#1"},"east":{"uv":[5.25,10.5,5.75,11],"texture":"#1"},"up":{"uv":[2,3.75,4,4.25],"texture":"#1"}}},{"to":[9.09478,15.69154,10.30229],"rotation":{"origin":[3.13149,9.59609,8],"angle":-22.5,"axis":"x"},"from":[4.20087,13.62435,9.89109],"faces":{"down":{"rotation":180,"uv":[3.5,8,5.5,8.5],"texture":"#1"},"west":{"uv":[12.5,7.5,13,8],"texture":"#1"},"east":{"uv":[5.25,10.5,5.75,11],"texture":"#1"},"up":{"uv":[0,3.25,2,3.75],"texture":"#1"}}},{"to":[9.09478,14.50386,4.33143],"rotation":{"origin":[3.13149,9.59609,8],"angle":45,"axis":"x"},"from":[4.20087,12.43667,3.92023],"faces":{"down":{"rotation":180,"uv":[5.75,5.5,7.75,6],"texture":"#1"},"west":{"uv":[12.5,7.5,13,8],"texture":"#1"},"east":{"uv":[5.25,10.5,5.75,11],"texture":"#1"},"up":{"uv":[5.25,4.25,7.25,4.75],"texture":"#1"}}},{"to":[9.09478,14.50386,12.07977],"rotation":{"origin":[3.13149,9.59609,8],"angle":-45,"axis":"x"},"from":[4.20087,12.43667,11.66857],"faces":{"down":{"uv":[4.5,5.5,6.5,6],"texture":"#1"},"west":{"uv":[12.5,7.5,13,8],"texture":"#1"},"east":{"uv":[5.25,10.5,5.75,11],"texture":"#1"},"up":{"rotation":180,"uv":[1.25,4.25,3.25,4.75],"texture":"#1"}}},{"to":[9.09478,14.86354,11.13028],"rotation":{"origin":[3.13149,9.59609,8],"angle":-22.5,"axis":"x"},"from":[4.20087,14.45234,9.06309],"faces":{"west":{"rotation":90,"uv":[12.5,7.5,13,8],"texture":"#1"},"east":{"uv":[5.25,10.5,5.75,11],"texture":"#1"},"north":{"uv":[6.25,5,8.25,5.5],"texture":"#1"},"south":{"uv":[5.25,4.75,7.25,5.25],"texture":"#1"}}},{"to":[9.09478,14.86354,6.93691],"rotation":{"origin":[3.13149,9.59609,8],"angle":22.5,"axis":"x"},"from":[4.20087,14.45234,4.86972],"faces":{"west":{"rotation":270,"uv":[12.5,7.5,13,8],"texture":"#1"},"east":{"uv":[5.25,10.5,5.75,11],"texture":"#1"},"north":{"uv":[5.25,4.75,7.25,5.25],"texture":"#1"},"south":{"uv":[6.25,5,8.25,5.5],"texture":"#1"}}},{"to":[9.09478,15.2806,9.03359],"rotation":{"origin":[3.10534,3.09922,8],"angle":0,"axis":"y"},"from":[4.20087,14.8694,6.96641],"faces":{"west":{"uv":[12.5,7.5,13,8],"texture":"#1"},"east":{"uv":[5.25,10.5,5.75,11],"texture":"#1"},"north":{"uv":[3,12.25,5,12.75],"texture":"#1"},"south":{"uv":[0,12,2,12.5],"texture":"#1"}}},{"to":[9.56728,16.02,8.18798],"rotation":{"origin":[4.68737,3.09922,8],"angle":0,"axis":"y"},"from":[8.97665,14.13,7.81202],"faces":{"down":{"rotation":180,"uv":[7.75,8,8.25,8.25],"texture":"#2"},"east":{"uv":[11,7.5,11.5,8],"texture":"#2"},"up":{"uv":[3.25,4,3.75,4.25],"texture":"#2"}}},{"to":[9.56728,15.60294,10.28466],"rotation":{"origin":[6.3968,9.59609,8],"angle":-22.5,"axis":"x"},"from":[8.97665,13.71294,9.90871],"faces":{"down":{"rotation":180,"uv":[4.25,8,4.75,8.25],"texture":"#2"},"east":{"uv":[11,7.5,11.5,8],"texture":"#2"},"up":{"uv":[7.5,4.25,8,4.5],"texture":"#2"}}},{"to":[9.56728,15.60294,6.09129],"rotation":{"origin":[6.3968,9.59609,8],"angle":22.5,"axis":"x"},"from":[8.97665,13.71294,5.71534],"faces":{"down":{"uv":[4.25,8,4.75,8.25],"texture":"#2"},"east":{"uv":[11,7.5,11.5,8],"texture":"#2"},"up":{"uv":[5.5,4.25,6,4.5],"texture":"#2"}}},{"to":[9.56728,14.41527,12.06215],"rotation":{"origin":[6.3968,9.59609,8],"angle":-45,"axis":"x"},"from":[8.97665,12.52527,11.68619],"faces":{"down":{"rotation":180,"uv":[2.75,9.25,3.25,9.5],"texture":"#2"},"east":{"uv":[11,7.5,11.5,8],"texture":"#2"},"up":{"rotation":180,"uv":[6.5,4.75,7,5],"texture":"#2"}}},{"to":[9.56728,14.41527,4.31381],"rotation":{"origin":[6.3968,9.59609,8],"angle":45,"axis":"x"},"from":[8.97665,12.52527,3.93785],"faces":{"down":{"rotation":180,"uv":[2.75,9.25,3.25,9.75],"texture":"#2"},"east":{"uv":[11,7.5,11.5,8],"texture":"#2"},"up":{"uv":[8.5,4.75,9,5],"texture":"#2"}}},{"to":[9.56728,14.84592,6.84831],"rotation":{"origin":[6.3968,9.59609,8],"angle":22.5,"axis":"x"},"from":[8.97665,14.46997,4.95831],"faces":{"east":{"rotation":90,"uv":[11,7.5,11.5,8],"texture":"#2"},"north":{"rotation":180,"uv":[5.5,11.5,6,11.75],"texture":"#2"},"south":{"rotation":180,"uv":[1.25,9.75,1.75,10],"texture":"#2"}}},{"to":[9.56728,14.84592,11.04169],"rotation":{"origin":[6.3968,9.59609,8],"angle":-22.5,"axis":"x"},"from":[8.97665,14.46997,9.15169],"faces":{"east":{"rotation":270,"uv":[11,7.5,11.5,8],"texture":"#2"},"north":{"rotation":180,"uv":[2.5,10,3,10.5],"texture":"#2"},"south":{"rotation":180,"uv":[5.5,11.5,6,11.75],"texture":"#2"}}},{"to":[9.56728,15.26298,8.945],"rotation":{"origin":[4.68737,3.09922,8],"angle":0,"axis":"y"},"from":[8.97665,14.88702,7.055],"faces":{"east":{"uv":[11,7.5,11.5,8],"texture":"#2"},"north":{"rotation":180,"uv":[5.5,11,6,11.25],"texture":"#2"},"south":{"rotation":180,"uv":[5.5,11,6,11.25],"texture":"#2"}}},{"to":[9.84255,15.96093,8.17622],"rotation":{"origin":[4.60827,3.09922,8],"angle":0,"axis":"y"},"from":[9.48817,14.18907,7.82378],"faces":{"down":{"rotation":180,"uv":[7.75,8,8.25,8.25],"texture":"#2"},"east":{"uv":[11,7.5,11.5,8],"texture":"#2"},"up":{"uv":[3.25,4,3.75,4.25],"texture":"#2"}}},{"to":[9.84255,15.54388,6.07953],"rotation":{"origin":[7.17411,9.59609,8],"angle":22.5,"axis":"x"},"from":[9.48817,13.77201,5.7271],"faces":{"down":{"uv":[4.25,8,4.75,8.25],"texture":"#2"},"east":{"uv":[11,7.5,11.5,8],"texture":"#2"},"up":{"uv":[12.75,2.25,13.25,2.5],"texture":"#2"}}},{"to":[9.84255,15.54388,10.2729],"rotation":{"origin":[7.17411,9.59609,8],"angle":-22.5,"axis":"x"},"from":[9.48817,13.77201,9.92047],"faces":{"down":{"rotation":180,"uv":[4.25,8,4.75,8.25],"texture":"#2"},"east":{"uv":[11,7.5,11.5,8],"texture":"#2"},"up":{"uv":[8.5,4.25,9,4.5],"texture":"#2"}}},{"to":[9.84255,14.3562,4.30205],"rotation":{"origin":[7.17411,9.59609,8],"angle":45,"axis":"x"},"from":[9.48817,12.58433,3.94961],"faces":{"down":{"rotation":180,"uv":[2.75,9.25,3.25,9.75],"texture":"#2"},"east":{"uv":[11,7.5,11.5,8],"texture":"#2"},"up":{"uv":[9.25,4.75,9.75,5],"texture":"#2"}}},{"to":[9.84255,14.3562,12.05039],"rotation":{"origin":[7.17411,9.59609,8],"angle":-45,"axis":"x"},"from":[9.48817,12.58433,11.69795],"faces":{"down":{"rotation":180,"uv":[2.75,9.25,3.25,9.5],"texture":"#2"},"east":{"uv":[11,7.5,11.5,8],"texture":"#2"},"up":{"rotation":180,"uv":[5.75,4.75,6.25,5],"texture":"#2"}}},{"to":[9.84255,14.83416,10.98263],"rotation":{"origin":[7.17411,9.59609,8],"angle":-22.5,"axis":"x"},"from":[9.48817,14.48173,9.21075],"faces":{"east":{"rotation":270,"uv":[11,7.5,11.5,8],"texture":"#2"},"north":{"rotation":180,"uv":[2.5,10,3,10.5],"texture":"#2"},"south":{"rotation":180,"uv":[6.25,11.5,6.75,11.75],"texture":"#2"}}},{"to":[9.84255,14.83416,6.78925],"rotation":{"origin":[7.17411,9.59609,8],"angle":22.5,"axis":"x"},"from":[9.48817,14.48173,5.01737],"faces":{"east":{"rotation":90,"uv":[11,7.5,11.5,8],"texture":"#2"},"north":{"rotation":180,"uv":[4.75,11.5,5.25,11.75],"texture":"#2"},"south":{"rotation":180,"uv":[1.25,9.75,1.75,10],"texture":"#2"}}},{"to":[9.84255,15.25122,8.88593],"rotation":{"origin":[4.60827,3.09922,8],"angle":0,"axis":"y"},"from":[9.48817,14.89878,7.11407],"faces":{"east":{"uv":[11,7.5,11.5,8],"texture":"#2"},"north":{"rotation":180,"uv":[5.5,11,6,11.25],"texture":"#2"},"south":{"rotation":180,"uv":[5.5,11,6,11.25],"texture":"#2"}}},{"to":[10.05876,15.90188,8.16448],"rotation":{"origin":[4.52917,3.09922,8],"angle":0,"axis":"y"},"from":[9.76345,14.24813,7.83552],"faces":{"down":{"rotation":180,"uv":[7.75,8,8.25,8.25],"texture":"#2"},"east":{"uv":[11,7.5,11.5,8],"texture":"#2"},"up":{"uv":[3.25,4,3.75,4.25],"texture":"#2"}}},{"to":[10.05876,15.48481,10.26117],"rotation":{"origin":[7.56751,9.59609,8],"angle":-22.5,"axis":"x"},"from":[9.76345,13.83106,9.93221],"faces":{"down":{"rotation":180,"uv":[4.25,8,4.75,8.25],"texture":"#2"},"east":{"uv":[11,7.5,11.5,8],"texture":"#2"},"up":{"uv":[8.75,4.25,9.25,4.5],"texture":"#2"}}},{"to":[10.05876,15.48481,6.06779],"rotation":{"origin":[7.56751,9.59609,8],"angle":22.5,"axis":"x"},"from":[9.76345,13.83106,5.73883],"faces":{"down":{"uv":[4.25,8,4.75,8.25],"texture":"#2"},"east":{"uv":[11,7.5,11.5,8],"texture":"#2"},"up":{"uv":[10.5,2.75,11,3],"texture":"#2"}}},{"to":[10.05876,14.29714,12.03865],"rotation":{"origin":[7.56751,9.59609,8],"angle":-45,"axis":"x"},"from":[9.76345,12.64339,11.70969],"faces":{"down":{"rotation":180,"uv":[2.75,9.25,3.25,9.5],"texture":"#2"},"east":{"uv":[11,7.5,11.5,8],"texture":"#2"},"up":{"rotation":180,"uv":[5.75,4.75,6.25,5],"texture":"#2"}}},{"to":[10.05876,14.82242,6.73019],"rotation":{"origin":[7.56751,9.59609,8],"angle":22.5,"axis":"x"},"from":[9.76345,14.49347,5.07644],"faces":{"east":{"rotation":90,"uv":[11,7.5,11.5,8],"texture":"#2"},"north":{"rotation":180,"uv":[6.75,11.5,7.25,11.75],"texture":"#2"},"south":{"rotation":180,"uv":[1.25,9.75,1.75,10],"texture":"#2"}}},{"to":[10.05876,14.29714,4.29031],"rotation":{"origin":[7.56751,9.59609,8],"angle":45,"axis":"x"},"from":[9.76345,12.64339,3.96135],"faces":{"down":{"rotation":180,"uv":[2.75,9.25,3.25,9.75],"texture":"#2"},"east":{"uv":[11,7.5,11.5,8],"texture":"#2"},"up":{"uv":[9,4.75,9.5,5],"texture":"#2"}}},{"to":[10.05876,14.82242,10.92356],"rotation":{"origin":[7.56751,9.59609,8],"angle":-22.5,"axis":"x"},"from":[9.76345,14.49347,9.26981],"faces":{"east":{"rotation":270,"uv":[11,7.5,11.5,8],"texture":"#2"},"north":{"rotation":180,"uv":[2.5,10,3,10.5],"texture":"#2"},"south":{"rotation":180,"uv":[6.25,11.5,6.75,11.75],"texture":"#2"}}},{"to":[10.05876,15.23948,8.82688],"rotation":{"origin":[4.52917,3.09922,8],"angle":0,"axis":"y"},"from":[9.76345,14.91052,7.17313],"faces":{"east":{"uv":[11,7.5,11.5,8],"texture":"#2"},"north":{"rotation":180,"uv":[5.5,11,6,11.25],"texture":"#2"},"south":{"rotation":180,"uv":[5.5,11,6,11.25],"texture":"#2"}}},{"to":[10.18321,15.84281,8.15272],"rotation":{"origin":[4.47643,3.09922,8],"angle":0,"axis":"y"},"from":[10.00602,14.30719,7.84728],"faces":{"down":{"rotation":180,"uv":[7.75,8,8.25,8.25],"texture":"#2"},"east":{"uv":[11,7.5,11.5,8],"texture":"#2"},"up":{"uv":[3.25,4,3.75,4.25],"texture":"#2"}}},{"to":[10.18321,15.42576,6.05603],"rotation":{"origin":[6.95368,9.59609,8],"angle":22.5,"axis":"x"},"from":[10.00602,13.89013,5.75059],"faces":{"down":{"uv":[4.25,8,4.75,8.25],"texture":"#2"},"east":{"uv":[11,7.5,11.5,8],"texture":"#2"},"up":{"uv":[11.25,3.25,11.75,3.5],"texture":"#2"}}},{"to":[10.18321,15.42576,10.24941],"rotation":{"origin":[6.95368,9.59609,8],"angle":-22.5,"axis":"x"},"from":[10.00602,13.89013,9.94397],"faces":{"down":{"rotation":180,"uv":[4.25,8,4.75,8.25],"texture":"#2"},"east":{"uv":[11,7.5,11.5,8],"texture":"#2"},"up":{"uv":[11,3,11.5,3.25],"texture":"#2"}}},{"to":[10.18321,14.23808,4.27855],"rotation":{"origin":[6.95368,9.59609,8],"angle":45,"axis":"x"},"from":[10.00602,12.70245,3.97311],"faces":{"down":{"rotation":180,"uv":[2.75,9.25,3.25,9.75],"texture":"#2"},"east":{"uv":[11,7.5,11.5,8],"texture":"#2"},"up":{"uv":[6.5,4.75,7,5],"texture":"#2"}}},{"to":[10.18321,14.23808,12.02689],"rotation":{"origin":[6.95368,9.59609,8],"angle":-45,"axis":"x"},"from":[10.00602,12.70245,11.72145],"faces":{"down":{"rotation":180,"uv":[2.75,9.25,3.25,9.5],"texture":"#2"},"east":{"uv":[11,7.5,11.5,8],"texture":"#2"},"up":{"rotation":180,"uv":[8,4.75,8.5,5],"texture":"#2"}}},{"to":[10.18321,14.81066,10.8645],"rotation":{"origin":[6.95368,9.59609,8],"angle":-22.5,"axis":"x"},"from":[10.00602,14.50523,9.32888],"faces":{"east":{"rotation":270,"uv":[11,7.5,11.5,8],"texture":"#2"},"north":{"rotation":180,"uv":[2.5,10,3,10.5],"texture":"#2"},"south":{"rotation":180,"uv":[7.5,11.5,8,11.75],"texture":"#2"}}},{"to":[10.18321,14.81066,6.67112],"rotation":{"origin":[6.95368,9.59609,8],"angle":22.5,"axis":"x"},"from":[10.00602,14.50523,5.1355],"faces":{"east":{"rotation":90,"uv":[11,7.5,11.5,8],"texture":"#2"},"north":{"rotation":180,"uv":[7,11.5,7.5,11.75],"texture":"#2"},"south":{"rotation":180,"uv":[1.25,9.75,1.75,10],"texture":"#2"}}},{"to":[10.18321,15.22772,8.76781],"rotation":{"origin":[4.47643,3.09922,8],"angle":0,"axis":"y"},"from":[10.00602,14.92228,7.23219],"faces":{"east":{"uv":[11,7.5,11.5,8],"texture":"#2"},"north":{"rotation":180,"uv":[5.5,11,6,11.25],"texture":"#2"},"south":{"rotation":180,"uv":[5.5,11,6,11.25],"texture":"#2"}}},{"to":[5.90335,16.44176,8.23625],"rotation":{"origin":[6.98321,10.30484,7.90473],"angle":-45,"axis":"z"},"from":[5.37178,15.85113,7.76375],"faces":{"east":{"uv":[7.5,2,8,2.5],"texture":"#2"},"north":{"uv":[6,4.5,6.5,5],"texture":"#2"},"up":{"uv":[4,4,4.5,4.5],"texture":"#2"},"south":{"uv":[5.75,4.5,6.25,5],"texture":"#2"}}},{"to":[13.65169,11.0894,8.23625],"rotation":{"origin":[6.98321,8.88734,7.90473],"angle":45,"axis":"z"},"from":[13.12013,10.49877,7.76375],"faces":{"down":{"rotation":180,"uv":[15,8,15.5,8.5],"texture":"#2"},"east":{"uv":[7.5,2,8,2.5],"texture":"#2"},"north":{"rotation":180,"uv":[5,8,5.5,8.5],"texture":"#2"},"south":{"rotation":180,"uv":[5,8,5.5,8.5],"texture":"#2"}}},{"to":[9.77752,15.31125,10.97149],"rotation":{"origin":[6.98321,9.59609,8.70875],"angle":45,"axis":"y"},"from":[9.24595,14.83875,10.3218],"faces":{"down":{"rotation":180,"uv":[9,10.25,9.5,10.75],"texture":"#2"},"east":{"uv":[7.5,2,8,2.5],"texture":"#2"},"up":{"uv":[6.5,4.75,7,5.25],"texture":"#2"},"south":{"rotation":180,"uv":[4.75,11.25,5.25,11.75],"texture":"#2"}}},{"to":[9.77752,15.31125,5.6782],"rotation":{"origin":[6.98321,9.59609,7.29125],"angle":-45,"axis":"y"},"from":[9.24595,14.83875,5.02851],"faces":{"down":{"rotation":180,"uv":[9,10.25,9.5,10.75],"texture":"#2"},"east":{"uv":[7.5,2,8,2.5],"texture":"#2"},"north":{"rotation":180,"uv":[4.75,11.25,5.25,11.75],"texture":"#2"},"up":{"rotation":180,"uv":[6.5,4.75,7,5.25],"texture":"#2"}}},{"to":[3.75789,15.69154,6.10891],"rotation":{"origin":[0.1783,9.59609,8],"angle":22.5,"axis":"x"},"from":[3.58058,13.62435,5.69771],"faces":{"down":{"rotation":180,"uv":[6.25,8,6.75,8.25],"texture":"#1"},"west":{"uv":[7.25,4,7.75,6],"texture":"#1"},"east":{"uv":[12.5,7.5,13,8],"texture":"#1"},"up":{"uv":[3.5,4.25,4,4.75],"texture":"#1"}}},{"to":[3.75789,15.69154,10.30229],"rotation":{"origin":[0.1783,9.59609,8],"angle":-22.5,"axis":"x"},"from":[3.58058,13.62435,9.89109],"faces":{"down":{"rotation":180,"uv":[6.25,8,6.75,8.25],"texture":"#1"},"west":{"uv":[7.25,4,7.75,6],"texture":"#1"},"east":{"uv":[12.5,7.5,13,8],"texture":"#1"},"up":{"rotation":180,"uv":[3.5,4.25,4,4.75],"texture":"#1"}}},{"to":[3.75779,14.50386,4.33143],"rotation":{"origin":[0.1783,9.59609,8],"angle":45,"axis":"x"},"from":[3.58048,12.43667,3.92023],"faces":{"down":{"rotation":180,"uv":[6.25,8,6.75,8.25],"texture":"#1"},"west":{"uv":[10.75,4.5,11.25,6.5],"texture":"#1"},"east":{"uv":[12.5,7.5,13,8],"texture":"#1"},"up":{"uv":[3.75,4.75,4.25,5.25],"texture":"#1"}}},{"to":[3.75779,14.50386,12.07977],"rotation":{"origin":[0.1783,9.59609,8],"angle":-45,"axis":"x"},"from":[3.58048,12.43667,11.66857],"faces":{"down":{"rotation":180,"uv":[6.25,8,6.75,8.25],"texture":"#1"},"west":{"uv":[6.75,4.5,7.25,6.5],"texture":"#1"},"east":{"uv":[12.5,7.5,13,8],"texture":"#1"},"up":{"rotation":180,"uv":[7.75,4.75,8.25,5.25],"texture":"#1"}}},{"to":[3.7579,14.86354,11.13028],"rotation":{"origin":[0.1783,9.59609,8],"angle":-22.5,"axis":"x"},"from":[3.58058,14.45234,9.06309],"faces":{"west":{"rotation":90,"uv":[0.5,4.75,1,6.75],"texture":"#1"},"east":{"rotation":270,"uv":[12.5,7.5,13,8],"texture":"#1"},"north":{"rotation":180,"uv":[6.75,8,7.25,8.5],"texture":"#1"},"south":{"uv":[5.25,5.5,5.75,6],"texture":"#1"}}},{"to":[3.7579,14.86354,6.93691],"rotation":{"origin":[0.1783,9.59609,8],"angle":22.5,"axis":"x"},"from":[3.58058,14.45234,4.86972],"faces":{"west":{"rotation":270,"uv":[0.75,4.75,1.25,6.75],"texture":"#1"},"east":{"rotation":90,"uv":[12.5,7.5,13,8],"texture":"#1"},"north":{"uv":[6.75,5.5,7.25,6],"texture":"#1"},"south":{"rotation":180,"uv":[6,8,6.5,8.5],"texture":"#1"}}},{"to":[3.75777,15.2806,9.03359],"rotation":{"origin":[3.10534,3.09922,8],"angle":0,"axis":"y"},"from":[3.58047,14.8694,6.96641],"faces":{"west":{"rotation":90,"uv":[7.25,9.5,7.75,11.5],"texture":"#1"},"east":{"uv":[12.5,7.5,13,8],"texture":"#1"},"north":{"rotation":180,"uv":[4.25,8.25,4.75,8.75],"texture":"#1"},"south":{"rotation":180,"uv":[6.25,8.25,6.75,8.75],"texture":"#1"}}},{"to":[3.66813,15.13044,10.19068],"rotation":{"origin":[0.06024,9.59609,8],"angle":-22.5,"axis":"x"},"from":[3.55,14.18544,10.0027],"faces":{"down":{"rotation":180,"uv":[9,8,9.25,8.5],"texture":"#0"},"west":{"uv":[5.25,4.5,5.75,5.25],"texture":"#0"},"up":{"rotation":180,"uv":[7.25,4.25,7.5,4.75],"texture":"#0"}}},{"to":[3.66813,15.13044,5.99731],"rotation":{"origin":[0.06024,9.59609,8],"angle":22.5,"axis":"x"},"from":[3.55,14.18544,5.80933],"faces":{"down":{"uv":[9,8,9.25,8.5],"texture":"#0"},"west":{"uv":[5.25,4.5,5.75,5.25],"texture":"#0"},"up":{"uv":[3.25,4,3.5,4.5],"texture":"#0"}}},{"to":[3.66823,13.94277,11.96817],"rotation":{"origin":[0.06024,9.59609,8],"angle":-45,"axis":"x"},"from":[3.5501,12.99777,11.78019],"faces":{"down":{"uv":[6,5.5,6.25,6],"texture":"#0"},"west":{"uv":[6.25,4.5,6.75,5.25],"texture":"#0"},"up":{"rotation":180,"uv":[8.25,4.5,8.5,5],"texture":"#0"}}},{"to":[3.66823,13.94277,4.21982],"rotation":{"origin":[0.06024,9.59609,8],"angle":45,"axis":"x"},"from":[3.5501,12.99777,4.03185],"faces":{"down":{"uv":[6,5.5,6.25,6],"texture":"#0"},"west":{"uv":[6.25,4.5,6.75,5.25],"texture":"#0"},"up":{"uv":[3.75,4,4,4.5],"texture":"#0"}}},{"to":[3.66813,14.75194,6.37581],"rotation":{"origin":[0.06024,9.59609,8],"angle":22.5,"axis":"x"},"from":[3.55,14.56396,5.43081],"faces":{"west":{"rotation":270,"uv":[9.25,4.5,9.75,5.25],"texture":"#0"},"north":{"uv":[7.25,4.25,7.5,4.75],"texture":"#0"},"south":{"uv":[6.25,5,6.5,5.5],"texture":"#0"}}},{"to":[3.66813,14.75194,10.56919],"rotation":{"origin":[0.06024,9.59609,8],"angle":-22.5,"axis":"x"},"from":[3.55,14.56396,9.62419],"faces":{"west":{"rotation":90,"uv":[9,4.5,9.5,5.25],"texture":"#0"},"north":{"uv":[6.25,5,6.5,5.5],"texture":"#0"},"south":{"uv":[7.25,4.25,7.5,4.75],"texture":"#0"}}},{"to":[3.66823,15.169,8.4725],"rotation":{"origin":[3.10534,3.09922,8],"angle":0,"axis":"y"},"from":[3.5501,14.98102,7.5275],"faces":{"west":{"uv":[6.25,4.5,6.75,5],"texture":"#0"},"north":{"uv":[6.25,4.5,6.5,5],"texture":"#0"},"south":{"uv":[6.25,4.5,6.5,5],"texture":"#0"}}},{"to":[4.43712,15.99047,8.18211],"rotation":{"origin":[0.53274,9.59609,8],"angle":0,"axis":"y"},"from":[3.72837,14.15953,7.8179],"faces":{"down":{"uv":[5.75,8,6.25,8.25],"texture":"#1"},"up":{"rotation":180,"uv":[10,2.75,10.5,3.25],"texture":"#1"}}},{"to":[4.43712,15.57341,6.08542],"rotation":{"origin":[0.53274,9.59609,8],"angle":22.5,"axis":"x"},"from":[3.72837,13.74247,5.72121],"faces":{"down":{"uv":[5.75,8,6.25,8.25],"texture":"#1"},"up":{"rotation":180,"uv":[11,2.5,11.5,3],"texture":"#1"}}},{"to":[4.43712,15.57341,10.27879],"rotation":{"origin":[0.53274,9.59609,8],"angle":-22.5,"axis":"x"},"from":[3.72837,13.74247,9.91458],"faces":{"down":{"uv":[5.75,8,6.25,8.25],"texture":"#1"},"up":{"rotation":180,"uv":[8.5,4,9,4.5],"texture":"#1"}}},{"to":[4.43712,14.38574,4.30793],"rotation":{"origin":[0.53274,9.59609,8],"angle":45,"axis":"x"},"from":[3.72837,12.55479,3.94372],"faces":{"down":{"uv":[5.75,8,6.25,8.25],"texture":"#1"},"up":{"uv":[3.25,4.25,3.75,4.75],"texture":"#1"}}},{"to":[4.43712,14.38574,12.05628],"rotation":{"origin":[0.53274,9.59609,8],"angle":-45,"axis":"x"},"from":[3.72837,12.55479,11.69207],"faces":{"down":{"uv":[5.75,8,6.25,8.25],"texture":"#1"},"up":{"rotation":180,"uv":[3.25,4.25,3.75,4.75],"texture":"#1"}}},{"to":[4.43712,14.84004,11.01215],"rotation":{"origin":[0.53274,9.59609,8],"angle":-22.5,"axis":"x"},"from":[3.72837,14.47584,9.18122],"faces":{"north":{"rotation":180,"uv":[3,8,3.5,8.5],"texture":"#1"},"south":{"uv":[3.25,4.75,3.75,5.25],"texture":"#1"}}},{"to":[4.43712,14.84004,6.81878],"rotation":{"origin":[0.53274,9.59609,8],"angle":22.5,"axis":"x"},"from":[3.72837,14.47584,4.98785],"faces":{"north":{"uv":[3.25,4.75,3.75,5.25],"texture":"#1"},"south":{"rotation":180,"uv":[3,8,3.5,8.5],"texture":"#1"}}},{"to":[4.43712,13.20711,8.91547],"rotation":{"origin":[0.53274,9.59609,8],"angle":0,"axis":"y"},"from":[3.72837,12.8429,7.08453],"faces":{"north":{"uv":[3.25,5.25,3.75,5.75],"texture":"#1"},"south":{"uv":[3.25,5.25,3.75,5.75],"texture":"#1"}}},{"to":[3.75779,14.05859,8.2056],"rotation":{"origin":[0.11914,4.85,8],"angle":0,"axis":"y"},"from":[3.58048,11.99141,7.7944],"faces":{"down":{"rotation":180,"uv":[6.25,8,6.75,8.25],"texture":"#1"},"west":{"uv":[8.25,4,8.75,6],"texture":"#1"},"east":{"uv":[12.5,7.5,13,8],"texture":"#1"},"up":{"rotation":180,"uv":[3.5,3.75,4,4.25],"texture":"#1"}}},{"to":[3.66823,13.4975,8.094],"rotation":{"origin":[3.10534,3.09922,8],"angle":0,"axis":"y"},"from":[3.5501,12.5525,7.90602],"faces":{"down":{"uv":[9.5,8,9.75,8.25],"texture":"#0"},"west":{"uv":[6.25,4.5,6.75,5.25],"texture":"#0"},"up":{"uv":[3.25,4,3.5,4.5],"texture":"#0"}}},{"to":[9.09478,14.05859,8.2056],"rotation":{"origin":[3.27282,9.59609,8],"angle":0,"axis":"y"},"from":[4.20087,11.99141,7.7944],"faces":{"down":{"rotation":180,"uv":[5.5,7.75,7.5,8.25],"texture":"#1"},"west":{"uv":[12.5,7.5,13,8],"texture":"#1"},"east":{"uv":[5.25,10.5,5.75,11],"texture":"#1"},"up":{"uv":[2,3.25,4,3.75],"texture":"#1"}}},{"to":[9.09478,13.79759,6.89341],"rotation":{"origin":[3.13149,9.59609,8],"angle":22.5,"axis":"x"},"from":[4.20087,11.73039,6.48221],"faces":{"down":{"rotation":180,"uv":[3,9,5,9.5],"texture":"#1"},"west":{"uv":[12.5,7.5,13,8],"texture":"#1"},"east":{"uv":[5.25,10.5,5.75,11],"texture":"#1"},"up":{"uv":[2,3.75,4,4.25],"texture":"#1"}}},{"to":[9.09478,13.79759,9.51779],"rotation":{"origin":[3.13149,9.59609,8],"angle":-22.5,"axis":"x"},"from":[4.20087,11.73039,9.10659],"faces":{"down":{"rotation":180,"uv":[3.5,8,5.5,8.5],"texture":"#1"},"west":{"uv":[12.5,7.5,13,8],"texture":"#1"},"east":{"uv":[5.25,10.5,5.75,11],"texture":"#1"},"up":{"uv":[0,3.25,2,3.75],"texture":"#1"}}},{"to":[9.09478,13.05429,5.781],"rotation":{"origin":[3.13149,9.59609,8],"angle":45,"axis":"x"},"from":[4.20087,10.9871,5.36979],"faces":{"down":{"rotation":180,"uv":[5.75,5.5,7.75,6],"texture":"#1"},"west":{"uv":[12.5,7.5,13,8],"texture":"#1"},"east":{"uv":[5.25,10.5,5.75,11],"texture":"#1"},"up":{"uv":[5.25,4.25,7.25,4.75],"texture":"#1"}}},{"to":[9.09478,13.05429,10.63021],"rotation":{"origin":[3.13149,9.59609,8],"angle":-45,"axis":"x"},"from":[4.20087,10.9871,10.219],"faces":{"down":{"uv":[4.5,5.5,6.5,6],"texture":"#1"},"west":{"uv":[12.5,7.5,13,8],"texture":"#1"},"east":{"uv":[5.25,10.5,5.75,11],"texture":"#1"},"up":{"rotation":180,"uv":[1.25,4.25,3.25,4.75],"texture":"#1"}}},{"to":[9.09478,12.96959,10.34578],"rotation":{"origin":[3.13149,9.59609,8],"angle":-22.5,"axis":"x"},"from":[4.20087,12.55839,8.27859],"faces":{"west":{"rotation":90,"uv":[12.5,7.5,13,8],"texture":"#1"},"east":{"uv":[5.25,10.5,5.75,11],"texture":"#1"},"north":{"uv":[6.25,5,8.25,5.5],"texture":"#1"},"south":{"uv":[5.25,4.75,7.25,5.25],"texture":"#1"}}},{"to":[9.09478,12.96959,7.72141],"rotation":{"origin":[3.13149,9.59609,8],"angle":22.5,"axis":"x"},"from":[4.20087,12.55839,5.65422],"faces":{"west":{"rotation":270,"uv":[12.5,7.5,13,8],"texture":"#1"},"east":{"uv":[5.25,10.5,5.75,11],"texture":"#1"},"north":{"uv":[5.25,4.75,7.25,5.25],"texture":"#1"},"south":{"uv":[6.25,5,8.25,5.5],"texture":"#1"}}},{"to":[9.09478,13.2306,9.03359],"rotation":{"origin":[3.10534,3.09922,8],"angle":0,"axis":"y"},"from":[4.20087,12.8194,6.96641],"faces":{"west":{"uv":[12.5,7.5,13,8],"texture":"#1"},"east":{"uv":[5.25,10.5,5.75,11],"texture":"#1"},"north":{"uv":[3,12.25,5,12.75],"texture":"#1"},"south":{"uv":[0,12,2,12.5],"texture":"#1"}}},{"to":[9.56728,13.97,8.18798],"rotation":{"origin":[4.68737,3.09922,8],"angle":0,"axis":"y"},"from":[8.97665,12.08,7.81202],"faces":{"down":{"rotation":180,"uv":[7.75,8,8.25,8.25],"texture":"#2"},"east":{"uv":[11,7.5,11.5,8],"texture":"#2"},"up":{"uv":[3.25,4,3.75,4.25],"texture":"#2"}}},{"to":[9.56728,13.70899,9.50016],"rotation":{"origin":[6.3968,9.59609,8],"angle":-22.5,"axis":"x"},"from":[8.97665,11.81899,9.12421],"faces":{"down":{"rotation":180,"uv":[4.25,8,4.75,8.25],"texture":"#2"},"east":{"uv":[11,7.5,11.5,8],"texture":"#2"},"up":{"uv":[7.5,4.25,8,4.5],"texture":"#2"}}},{"to":[9.56728,13.70899,6.87579],"rotation":{"origin":[6.3968,9.59609,8],"angle":22.5,"axis":"x"},"from":[8.97665,11.81899,6.49984],"faces":{"down":{"uv":[4.25,8,4.75,8.25],"texture":"#2"},"east":{"uv":[11,7.5,11.5,8],"texture":"#2"},"up":{"uv":[5.5,4.25,6,4.5],"texture":"#2"}}},{"to":[9.56728,12.9657,10.61258],"rotation":{"origin":[6.3968,9.59609,8],"angle":-45,"axis":"x"},"from":[8.97665,11.0757,10.23662],"faces":{"down":{"rotation":180,"uv":[2.75,9.25,3.25,9.5],"texture":"#2"},"east":{"uv":[11,7.5,11.5,8],"texture":"#2"},"up":{"rotation":180,"uv":[6.5,4.75,7,5],"texture":"#2"}}},{"to":[9.56728,12.9657,5.76338],"rotation":{"origin":[6.3968,9.59609,8],"angle":45,"axis":"x"},"from":[8.97665,11.0757,5.38742],"faces":{"down":{"rotation":180,"uv":[2.75,9.25,3.25,9.75],"texture":"#2"},"east":{"uv":[11,7.5,11.5,8],"texture":"#2"},"up":{"uv":[8.5,4.75,9,5],"texture":"#2"}}},{"to":[9.56728,12.95196,7.63281],"rotation":{"origin":[6.3968,9.59609,8],"angle":22.5,"axis":"x"},"from":[8.97665,12.57602,5.74281],"faces":{"east":{"rotation":90,"uv":[11,7.5,11.5,8],"texture":"#2"},"north":{"rotation":180,"uv":[5.5,11.5,6,11.75],"texture":"#2"},"south":{"rotation":180,"uv":[1.25,9.75,1.75,10],"texture":"#2"}}},{"to":[9.56728,12.95196,10.25719],"rotation":{"origin":[6.3968,9.59609,8],"angle":-22.5,"axis":"x"},"from":[8.97665,12.57602,8.36719],"faces":{"east":{"rotation":270,"uv":[11,7.5,11.5,8],"texture":"#2"},"north":{"rotation":180,"uv":[2.5,10,3,10.5],"texture":"#2"},"south":{"rotation":180,"uv":[5.5,11.5,6,11.75],"texture":"#2"}}},{"to":[9.56728,13.21298,8.945],"rotation":{"origin":[4.68737,3.09922,8],"angle":0,"axis":"y"},"from":[8.97665,12.83702,7.055],"faces":{"east":{"uv":[11,7.5,11.5,8],"texture":"#2"},"north":{"rotation":180,"uv":[5.5,11,6,11.25],"texture":"#2"},"south":{"rotation":180,"uv":[5.5,11,6,11.25],"texture":"#2"}}},{"to":[9.84255,13.91093,8.17622],"rotation":{"origin":[4.60827,3.09922,8],"angle":0,"axis":"y"},"from":[9.48817,12.13907,7.82378],"faces":{"down":{"rotation":180,"uv":[7.75,8,8.25,8.25],"texture":"#2"},"east":{"uv":[11,7.5,11.5,8],"texture":"#2"},"up":{"uv":[3.25,4,3.75,4.25],"texture":"#2"}}},{"to":[9.84255,13.64993,6.86403],"rotation":{"origin":[7.17411,9.59609,8],"angle":22.5,"axis":"x"},"from":[9.48817,11.87805,6.5116],"faces":{"down":{"uv":[4.25,8,4.75,8.25],"texture":"#2"},"east":{"uv":[11,7.5,11.5,8],"texture":"#2"},"up":{"uv":[12.75,2.25,13.25,2.5],"texture":"#2"}}},{"to":[9.84255,13.64993,9.4884],"rotation":{"origin":[7.17411,9.59609,8],"angle":-22.5,"axis":"x"},"from":[9.48817,11.87805,9.13597],"faces":{"down":{"rotation":180,"uv":[4.25,8,4.75,8.25],"texture":"#2"},"east":{"uv":[11,7.5,11.5,8],"texture":"#2"},"up":{"uv":[8.5,4.25,9,4.5],"texture":"#2"}}},{"to":[9.84255,12.90663,5.75162],"rotation":{"origin":[7.17411,9.59609,8],"angle":45,"axis":"x"},"from":[9.48817,11.13476,5.39918],"faces":{"down":{"rotation":180,"uv":[2.75,9.25,3.25,9.75],"texture":"#2"},"east":{"uv":[11,7.5,11.5,8],"texture":"#2"},"up":{"uv":[9.25,4.75,9.75,5],"texture":"#2"}}},{"to":[9.84255,12.90663,10.60082],"rotation":{"origin":[7.17411,9.59609,8],"angle":-45,"axis":"x"},"from":[9.48817,11.13476,10.24838],"faces":{"down":{"rotation":180,"uv":[2.75,9.25,3.25,9.5],"texture":"#2"},"east":{"uv":[11,7.5,11.5,8],"texture":"#2"},"up":{"rotation":180,"uv":[5.75,4.75,6.25,5],"texture":"#2"}}},{"to":[9.84255,12.9402,10.19813],"rotation":{"origin":[7.17411,9.59609,8],"angle":-22.5,"axis":"x"},"from":[9.48817,12.58778,8.42625],"faces":{"east":{"rotation":270,"uv":[11,7.5,11.5,8],"texture":"#2"},"north":{"rotation":180,"uv":[2.5,10,3,10.5],"texture":"#2"},"south":{"rotation":180,"uv":[6.25,11.5,6.75,11.75],"texture":"#2"}}},{"to":[9.84255,12.9402,7.57375],"rotation":{"origin":[7.17411,9.59609,8],"angle":22.5,"axis":"x"},"from":[9.48817,12.58778,5.80187],"faces":{"east":{"rotation":90,"uv":[11,7.5,11.5,8],"texture":"#2"},"north":{"rotation":180,"uv":[4.75,11.5,5.25,11.75],"texture":"#2"},"south":{"rotation":180,"uv":[1.25,9.75,1.75,10],"texture":"#2"}}},{"to":[9.84255,13.20122,8.88593],"rotation":{"origin":[4.60827,3.09922,8],"angle":0,"axis":"y"},"from":[9.48817,12.84878,7.11407],"faces":{"east":{"uv":[11,7.5,11.5,8],"texture":"#2"},"north":{"rotation":180,"uv":[5.5,11,6,11.25],"texture":"#2"},"south":{"rotation":180,"uv":[5.5,11,6,11.25],"texture":"#2"}}},{"to":[10.05876,13.85188,8.16448],"rotation":{"origin":[4.52917,3.09922,8],"angle":0,"axis":"y"},"from":[9.76345,12.19813,7.83552],"faces":{"down":{"rotation":180,"uv":[7.75,8,8.25,8.25],"texture":"#2"},"east":{"uv":[11,7.5,11.5,8],"texture":"#2"},"up":{"uv":[3.25,4,3.75,4.25],"texture":"#2"}}},{"to":[10.05876,13.59086,9.47666],"rotation":{"origin":[7.56751,9.59609,8],"angle":-22.5,"axis":"x"},"from":[9.76345,11.93711,9.14771],"faces":{"down":{"rotation":180,"uv":[4.25,8,4.75,8.25],"texture":"#2"},"east":{"uv":[11,7.5,11.5,8],"texture":"#2"},"up":{"uv":[8.75,4.25,9.25,4.5],"texture":"#2"}}},{"to":[10.05876,13.59086,6.85229],"rotation":{"origin":[7.56751,9.59609,8],"angle":22.5,"axis":"x"},"from":[9.76345,11.93711,6.52334],"faces":{"down":{"uv":[4.25,8,4.75,8.25],"texture":"#2"},"east":{"uv":[11,7.5,11.5,8],"texture":"#2"},"up":{"uv":[10.5,2.75,11,3],"texture":"#2"}}},{"to":[10.05876,12.84757,10.58908],"rotation":{"origin":[7.56751,9.59609,8],"angle":-45,"axis":"x"},"from":[9.76345,11.19382,10.26012],"faces":{"down":{"rotation":180,"uv":[2.75,9.25,3.25,9.5],"texture":"#2"},"east":{"uv":[11,7.5,11.5,8],"texture":"#2"},"up":{"rotation":180,"uv":[5.75,4.75,6.25,5],"texture":"#2"}}},{"to":[10.05876,12.92847,7.51469],"rotation":{"origin":[7.56751,9.59609,8],"angle":22.5,"axis":"x"},"from":[9.76345,12.59951,5.86094],"faces":{"east":{"rotation":90,"uv":[11,7.5,11.5,8],"texture":"#2"},"north":{"rotation":180,"uv":[6.75,11.5,7.25,11.75],"texture":"#2"},"south":{"rotation":180,"uv":[1.25,9.75,1.75,10],"texture":"#2"}}},{"to":[10.05876,12.84757,5.73988],"rotation":{"origin":[7.56751,9.59609,8],"angle":45,"axis":"x"},"from":[9.76345,11.19382,5.41092],"faces":{"down":{"rotation":180,"uv":[2.75,9.25,3.25,9.75],"texture":"#2"},"east":{"uv":[11,7.5,11.5,8],"texture":"#2"},"up":{"uv":[9,4.75,9.5,5],"texture":"#2"}}},{"to":[10.05876,12.92847,10.13906],"rotation":{"origin":[7.56751,9.59609,8],"angle":-22.5,"axis":"x"},"from":[9.76345,12.59951,8.48531],"faces":{"east":{"rotation":270,"uv":[11,7.5,11.5,8],"texture":"#2"},"north":{"rotation":180,"uv":[2.5,10,3,10.5],"texture":"#2"},"south":{"rotation":180,"uv":[6.25,11.5,6.75,11.75],"texture":"#2"}}},{"to":[10.05876,13.18948,8.82688],"rotation":{"origin":[4.52917,3.09922,8],"angle":0,"axis":"y"},"from":[9.76345,12.86052,7.17313],"faces":{"east":{"uv":[11,7.5,11.5,8],"texture":"#2"},"north":{"rotation":180,"uv":[5.5,11,6,11.25],"texture":"#2"},"south":{"rotation":180,"uv":[5.5,11,6,11.25],"texture":"#2"}}},{"to":[10.18321,13.79281,8.15272],"rotation":{"origin":[4.47643,3.09922,8],"angle":0,"axis":"y"},"from":[10.00602,12.25719,7.84728],"faces":{"down":{"rotation":180,"uv":[7.75,8,8.25,8.25],"texture":"#2"},"east":{"uv":[11,7.5,11.5,8],"texture":"#2"},"up":{"uv":[3.25,4,3.75,4.25],"texture":"#2"}}},{"to":[10.18321,13.5318,6.84053],"rotation":{"origin":[6.95368,9.59609,8],"angle":22.5,"axis":"x"},"from":[10.00602,11.99618,6.5351],"faces":{"down":{"uv":[4.25,8,4.75,8.25],"texture":"#2"},"east":{"uv":[11,7.5,11.5,8],"texture":"#2"},"up":{"uv":[11.25,3.25,11.75,3.5],"texture":"#2"}}},{"to":[10.18321,13.5318,9.4649],"rotation":{"origin":[6.95368,9.59609,8],"angle":-22.5,"axis":"x"},"from":[10.00602,11.99618,9.15947],"faces":{"down":{"rotation":180,"uv":[4.25,8,4.75,8.25],"texture":"#2"},"east":{"uv":[11,7.5,11.5,8],"texture":"#2"},"up":{"uv":[11,3,11.5,3.25],"texture":"#2"}}},{"to":[10.18321,12.78851,5.72812],"rotation":{"origin":[6.95368,9.59609,8],"angle":45,"axis":"x"},"from":[10.00602,11.25288,5.42268],"faces":{"down":{"rotation":180,"uv":[2.75,9.25,3.25,9.75],"texture":"#2"},"east":{"uv":[11,7.5,11.5,8],"texture":"#2"},"up":{"uv":[6.5,4.75,7,5],"texture":"#2"}}},{"to":[10.18321,12.78851,10.57732],"rotation":{"origin":[6.95368,9.59609,8],"angle":-45,"axis":"x"},"from":[10.00602,11.25288,10.27188],"faces":{"down":{"rotation":180,"uv":[2.75,9.25,3.25,9.5],"texture":"#2"},"east":{"uv":[11,7.5,11.5,8],"texture":"#2"},"up":{"rotation":180,"uv":[8,4.75,8.5,5],"texture":"#2"}}},{"to":[10.18321,12.91671,10.08],"rotation":{"origin":[6.95368,9.59609,8],"angle":-22.5,"axis":"x"},"from":[10.00602,12.61127,8.54438],"faces":{"east":{"rotation":270,"uv":[11,7.5,11.5,8],"texture":"#2"},"north":{"rotation":180,"uv":[2.5,10,3,10.5],"texture":"#2"},"south":{"rotation":180,"uv":[7.5,11.5,8,11.75],"texture":"#2"}}},{"to":[10.18321,12.91671,7.45562],"rotation":{"origin":[6.95368,9.59609,8],"angle":22.5,"axis":"x"},"from":[10.00602,12.61127,5.92],"faces":{"east":{"rotation":90,"uv":[11,7.5,11.5,8],"texture":"#2"},"north":{"rotation":180,"uv":[7,11.5,7.5,11.75],"texture":"#2"},"south":{"rotation":180,"uv":[1.25,9.75,1.75,10],"texture":"#2"}}},{"to":[10.18321,13.17772,8.76781],"rotation":{"origin":[4.47643,3.09922,8],"angle":0,"axis":"y"},"from":[10.00602,12.87228,7.23219],"faces":{"east":{"uv":[11,7.5,11.5,8],"texture":"#2"},"north":{"rotation":180,"uv":[5.5,11,6,11.25],"texture":"#2"},"south":{"rotation":180,"uv":[5.5,11,6,11.25],"texture":"#2"}}},{"to":[7.35292,14.99219,8.23625],"rotation":{"origin":[6.98321,10.30484,7.90473],"angle":-45,"axis":"z"},"from":[6.82135,14.40156,7.76375],"faces":{"east":{"uv":[7.5,2,8,2.5],"texture":"#2"},"north":{"uv":[6,4.5,6.5,5],"texture":"#2"},"up":{"uv":[4,4,4.5,4.5],"texture":"#2"},"south":{"uv":[5.75,4.5,6.25,5],"texture":"#2"}}},{"to":[12.20212,9.63983,8.23625],"rotation":{"origin":[6.98321,8.88734,7.90473],"angle":45,"axis":"z"},"from":[11.67056,9.04921,7.76375],"faces":{"down":{"rotation":180,"uv":[15,8,15.5,8.5],"texture":"#2"},"east":{"uv":[7.5,2,8,2.5],"texture":"#2"},"north":{"rotation":180,"uv":[5,8,5.5,8.5],"texture":"#2"},"south":{"rotation":180,"uv":[5,8,5.5,8.5],"texture":"#2"}}},{"to":[9.77752,13.26125,10.97149],"rotation":{"origin":[6.98321,9.59609,8.70875],"angle":45,"axis":"y"},"from":[9.24595,12.78875,10.3218],"faces":{"down":{"rotation":180,"uv":[9,10.25,9.5,10.75],"texture":"#2"},"east":{"uv":[7.5,2,8,2.5],"texture":"#2"},"up":{"uv":[6.5,4.75,7,5.25],"texture":"#2"},"south":{"rotation":180,"uv":[4.75,11.25,5.25,11.75],"texture":"#2"}}},{"to":[9.77752,13.26125,5.6782],"rotation":{"origin":[6.98321,9.59609,7.29125],"angle":-45,"axis":"y"},"from":[9.24595,12.78875,5.02851],"faces":{"down":{"rotation":180,"uv":[9,10.25,9.5,10.75],"texture":"#2"},"east":{"uv":[7.5,2,8,2.5],"texture":"#2"},"north":{"rotation":180,"uv":[4.75,11.25,5.25,11.75],"texture":"#2"},"up":{"rotation":180,"uv":[6.5,4.75,7,5.25],"texture":"#2"}}},{"to":[3.75789,13.79759,6.89341],"rotation":{"origin":[0.1783,9.59609,8],"angle":22.5,"axis":"x"},"from":[3.58058,11.73039,6.48221],"faces":{"down":{"rotation":180,"uv":[6.25,8,6.75,8.25],"texture":"#1"},"west":{"uv":[7.25,4,7.75,6],"texture":"#1"},"east":{"uv":[12.5,7.5,13,8],"texture":"#1"},"up":{"uv":[3.5,4.25,4,4.75],"texture":"#1"}}},{"to":[3.75789,13.79759,9.51779],"rotation":{"origin":[0.1783,9.59609,8],"angle":-22.5,"axis":"x"},"from":[3.58058,11.73039,9.10659],"faces":{"down":{"rotation":180,"uv":[6.25,8,6.75,8.25],"texture":"#1"},"west":{"uv":[7.25,4,7.75,6],"texture":"#1"},"east":{"uv":[12.5,7.5,13,8],"texture":"#1"},"up":{"rotation":180,"uv":[3.5,4.25,4,4.75],"texture":"#1"}}},{"to":[3.75779,13.05429,5.781],"rotation":{"origin":[0.1783,9.59609,8],"angle":45,"axis":"x"},"from":[3.58048,10.9871,5.36979],"faces":{"down":{"rotation":180,"uv":[6.25,8,6.75,8.25],"texture":"#1"},"west":{"uv":[10.75,4.5,11.25,6.5],"texture":"#1"},"east":{"uv":[12.5,7.5,13,8],"texture":"#1"},"up":{"uv":[3.75,4.75,4.25,5.25],"texture":"#1"}}},{"to":[3.75779,13.05429,10.63021],"rotation":{"origin":[0.1783,9.59609,8],"angle":-45,"axis":"x"},"from":[3.58048,10.9871,10.219],"faces":{"down":{"rotation":180,"uv":[6.25,8,6.75,8.25],"texture":"#1"},"west":{"uv":[6.75,4.5,7.25,6.5],"texture":"#1"},"east":{"uv":[12.5,7.5,13,8],"texture":"#1"},"up":{"rotation":180,"uv":[7.75,4.75,8.25,5.25],"texture":"#1"}}},{"to":[3.7579,12.96959,10.34578],"rotation":{"origin":[0.1783,9.59609,8],"angle":-22.5,"axis":"x"},"from":[3.58058,12.55839,8.27859],"faces":{"west":{"rotation":90,"uv":[0.5,4.75,1,6.75],"texture":"#1"},"east":{"rotation":270,"uv":[12.5,7.5,13,8],"texture":"#1"},"north":{"rotation":180,"uv":[6.75,8,7.25,8.5],"texture":"#1"},"south":{"uv":[5.25,5.5,5.75,6],"texture":"#1"}}},{"to":[3.7579,12.96959,7.72141],"rotation":{"origin":[0.1783,9.59609,8],"angle":22.5,"axis":"x"},"from":[3.58058,12.55839,5.65422],"faces":{"west":{"rotation":270,"uv":[0.75,4.75,1.25,6.75],"texture":"#1"},"east":{"rotation":90,"uv":[12.5,7.5,13,8],"texture":"#1"},"north":{"uv":[6.75,5.5,7.25,6],"texture":"#1"},"south":{"rotation":180,"uv":[6,8,6.5,8.5],"texture":"#1"}}},{"to":[3.75777,13.2306,9.03359],"rotation":{"origin":[3.10534,3.09922,8],"angle":0,"axis":"y"},"from":[3.58047,12.8194,6.96641],"faces":{"west":{"rotation":90,"uv":[7.25,9.5,7.75,11.5],"texture":"#1"},"east":{"uv":[12.5,7.5,13,8],"texture":"#1"},"north":{"rotation":180,"uv":[4.25,8.25,4.75,8.75],"texture":"#1"},"south":{"rotation":180,"uv":[6.25,8.25,6.75,8.75],"texture":"#1"}}},{"to":[3.66813,13.23649,9.40618],"rotation":{"origin":[0.06024,9.59609,8],"angle":-22.5,"axis":"x"},"from":[3.55,12.29149,9.2182],"faces":{"down":{"rotation":180,"uv":[9,8,9.25,8.5],"texture":"#0"},"west":{"uv":[5.25,4.5,5.75,5.25],"texture":"#0"},"up":{"rotation":180,"uv":[7.25,4.25,7.5,4.75],"texture":"#0"}}},{"to":[3.66813,13.23649,6.78181],"rotation":{"origin":[0.06024,9.59609,8],"angle":22.5,"axis":"x"},"from":[3.55,12.29149,6.59383],"faces":{"down":{"uv":[9,8,9.25,8.5],"texture":"#0"},"west":{"uv":[5.25,4.5,5.75,5.25],"texture":"#0"},"up":{"uv":[3.25,4,3.5,4.5],"texture":"#0"}}},{"to":[3.66823,12.4932,10.5186],"rotation":{"origin":[0.06024,9.59609,8],"angle":-45,"axis":"x"},"from":[3.5501,11.5482,10.33062],"faces":{"down":{"uv":[6,5.5,6.25,6],"texture":"#0"},"west":{"uv":[6.25,4.5,6.75,5.25],"texture":"#0"},"up":{"rotation":180,"uv":[8.25,4.5,8.5,5],"texture":"#0"}}},{"to":[3.66823,12.4932,5.66939],"rotation":{"origin":[0.06024,9.59609,8],"angle":45,"axis":"x"},"from":[3.5501,11.5482,5.48142],"faces":{"down":{"uv":[6,5.5,6.25,6],"texture":"#0"},"west":{"uv":[6.25,4.5,6.75,5.25],"texture":"#0"},"up":{"uv":[3.75,4,4,4.5],"texture":"#0"}}},{"to":[3.66813,12.85798,7.16031],"rotation":{"origin":[0.06024,9.59609,8],"angle":22.5,"axis":"x"},"from":[3.55,12.67,6.21531],"faces":{"west":{"rotation":270,"uv":[9.25,4.5,9.75,5.25],"texture":"#0"},"north":{"uv":[7.25,4.25,7.5,4.75],"texture":"#0"},"south":{"uv":[6.25,5,6.5,5.5],"texture":"#0"}}},{"to":[3.66813,12.85798,9.78469],"rotation":{"origin":[0.06024,9.59609,8],"angle":-22.5,"axis":"x"},"from":[3.55,12.67,8.83969],"faces":{"west":{"rotation":90,"uv":[9,4.5,9.5,5.25],"texture":"#0"},"north":{"uv":[6.25,5,6.5,5.5],"texture":"#0"},"south":{"uv":[7.25,4.25,7.5,4.75],"texture":"#0"}}},{"to":[3.66823,13.119,8.4725],"rotation":{"origin":[3.10534,3.09922,8],"angle":0,"axis":"y"},"from":[3.5501,12.93102,7.5275],"faces":{"west":{"uv":[6.25,4.5,6.75,5],"texture":"#0"},"north":{"uv":[6.25,4.5,6.5,5],"texture":"#0"},"south":{"uv":[6.25,4.5,6.5,5],"texture":"#0"}}},{"to":[4.43712,13.94047,8.18211],"rotation":{"origin":[0.53274,9.59609,8],"angle":0,"axis":"y"},"from":[3.72837,12.10953,7.8179],"faces":{"down":{"uv":[5.75,8,6.25,8.25],"texture":"#1"},"up":{"rotation":180,"uv":[10,2.75,10.5,3.25],"texture":"#1"}}},{"to":[4.43712,13.67946,6.86992],"rotation":{"origin":[0.53274,9.59609,8],"angle":22.5,"axis":"x"},"from":[3.72837,11.84852,6.50571],"faces":{"down":{"uv":[5.75,8,6.25,8.25],"texture":"#1"},"up":{"rotation":180,"uv":[11,2.5,11.5,3],"texture":"#1"}}},{"to":[4.43712,13.67946,9.49429],"rotation":{"origin":[0.53274,9.59609,8],"angle":-22.5,"axis":"x"},"from":[3.72837,11.84852,9.13008],"faces":{"down":{"uv":[5.75,8,6.25,8.25],"texture":"#1"},"up":{"rotation":180,"uv":[8.5,4,9,4.5],"texture":"#1"}}},{"to":[4.43712,12.93617,5.7575],"rotation":{"origin":[0.53274,9.59609,8],"angle":45,"axis":"x"},"from":[3.72837,11.10523,5.39329],"faces":{"down":{"uv":[5.75,8,6.25,8.25],"texture":"#1"},"up":{"uv":[3.25,4.25,3.75,4.75],"texture":"#1"}}},{"to":[4.43712,12.93617,10.60671],"rotation":{"origin":[0.53274,9.59609,8],"angle":-45,"axis":"x"},"from":[3.72837,11.10523,10.2425],"faces":{"down":{"uv":[5.75,8,6.25,8.25],"texture":"#1"},"up":{"rotation":180,"uv":[3.25,4.25,3.75,4.75],"texture":"#1"}}},{"to":[4.43712,12.94609,10.22765],"rotation":{"origin":[0.53274,9.59609,8],"angle":-22.5,"axis":"x"},"from":[3.72837,12.58189,8.39672],"faces":{"north":{"rotation":180,"uv":[3,8,3.5,8.5],"texture":"#1"},"south":{"uv":[3.25,4.75,3.75,5.25],"texture":"#1"}}},{"to":[4.43712,12.94609,7.60328],"rotation":{"origin":[0.53274,9.59609,8],"angle":22.5,"axis":"x"},"from":[3.72837,12.58189,5.77235],"faces":{"north":{"uv":[3.25,4.75,3.75,5.25],"texture":"#1"},"south":{"rotation":180,"uv":[3,8,3.5,8.5],"texture":"#1"}}},{"to":[4.43712,11.13211,8.91547],"rotation":{"origin":[0.53274,9.59609,8],"angle":0,"axis":"y"},"from":[3.72837,10.7679,7.08453],"faces":{"north":{"uv":[3.25,5.25,3.75,5.75],"texture":"#1"},"south":{"uv":[3.25,5.25,3.75,5.75],"texture":"#1"}}},{"to":[3.75779,11.98359,8.2056],"rotation":{"origin":[0.11914,4.85,8],"angle":0,"axis":"y"},"from":[3.58048,9.91641,7.7944],"faces":{"down":{"rotation":180,"uv":[6.25,8,6.75,8.25],"texture":"#1"},"west":{"uv":[8.25,4,8.75,6],"texture":"#1"},"east":{"uv":[12.5,7.5,13,8],"texture":"#1"},"up":{"rotation":180,"uv":[3.5,3.75,4,4.25],"texture":"#1"}}},{"to":[3.66823,11.4225,8.094],"rotation":{"origin":[3.10534,3.09922,8],"angle":0,"axis":"y"},"from":[3.5501,10.4775,7.90602],"faces":{"down":{"uv":[9.5,8,9.75,8.25],"texture":"#0"},"west":{"uv":[6.25,4.5,6.75,5.25],"texture":"#0"},"up":{"uv":[3.25,4,3.5,4.5],"texture":"#0"}}},{"to":[9.09478,11.98359,8.2056],"rotation":{"origin":[3.27282,9.59609,8],"angle":0,"axis":"y"},"from":[4.20087,9.91641,7.7944],"faces":{"down":{"rotation":180,"uv":[5.5,7.75,7.5,8.25],"texture":"#1"},"west":{"uv":[12.5,7.5,13,8],"texture":"#1"},"east":{"uv":[5.25,10.5,5.75,11],"texture":"#1"},"up":{"uv":[2,3.25,4,3.75],"texture":"#1"}}},{"to":[9.09478,11.88054,7.68748],"rotation":{"origin":[3.13149,9.59609,8],"angle":22.5,"axis":"x"},"from":[4.20087,9.81334,7.27628],"faces":{"down":{"rotation":180,"uv":[3,9,5,9.5],"texture":"#1"},"west":{"uv":[12.5,7.5,13,8],"texture":"#1"},"east":{"uv":[5.25,10.5,5.75,11],"texture":"#1"},"up":{"uv":[2,3.75,4,4.25],"texture":"#1"}}},{"to":[9.09478,11.88054,8.72372],"rotation":{"origin":[3.13149,9.59609,8],"angle":-22.5,"axis":"x"},"from":[4.20087,9.81334,8.31252],"faces":{"down":{"rotation":180,"uv":[3.5,8,5.5,8.5],"texture":"#1"},"west":{"uv":[12.5,7.5,13,8],"texture":"#1"},"east":{"uv":[5.25,10.5,5.75,11],"texture":"#1"},"up":{"uv":[0,3.25,2,3.75],"texture":"#1"}}},{"to":[9.09478,11.58705,7.24824],"rotation":{"origin":[3.13149,9.59609,8],"angle":45,"axis":"x"},"from":[4.20087,9.51985,6.83704],"faces":{"down":{"rotation":180,"uv":[5.75,5.5,7.75,6],"texture":"#1"},"west":{"uv":[12.5,7.5,13,8],"texture":"#1"},"east":{"uv":[5.25,10.5,5.75,11],"texture":"#1"},"up":{"uv":[5.25,4.25,7.25,4.75],"texture":"#1"}}},{"to":[9.09478,11.58705,9.16296],"rotation":{"origin":[3.13149,9.59609,8],"angle":-45,"axis":"x"},"from":[4.20087,9.51985,8.75176],"faces":{"down":{"uv":[4.5,5.5,6.5,6],"texture":"#1"},"west":{"uv":[12.5,7.5,13,8],"texture":"#1"},"east":{"uv":[5.25,10.5,5.75,11],"texture":"#1"},"up":{"rotation":180,"uv":[1.25,4.25,3.25,4.75],"texture":"#1"}}},{"to":[9.09478,11.05254,9.55171],"rotation":{"origin":[3.13149,9.59609,8],"angle":-22.5,"axis":"x"},"from":[4.20087,10.64134,7.48453],"faces":{"west":{"rotation":90,"uv":[12.5,7.5,13,8],"texture":"#1"},"east":{"uv":[5.25,10.5,5.75,11],"texture":"#1"},"north":{"uv":[6.25,5,8.25,5.5],"texture":"#1"},"south":{"uv":[5.25,4.75,7.25,5.25],"texture":"#1"}}},{"to":[9.09478,11.05254,8.51547],"rotation":{"origin":[3.13149,9.59609,8],"angle":22.5,"axis":"x"},"from":[4.20087,10.64134,6.44829],"faces":{"west":{"rotation":270,"uv":[12.5,7.5,13,8],"texture":"#1"},"east":{"uv":[5.25,10.5,5.75,11],"texture":"#1"},"north":{"uv":[5.25,4.75,7.25,5.25],"texture":"#1"},"south":{"uv":[6.25,5,8.25,5.5],"texture":"#1"}}},{"to":[9.09478,11.1556,9.03359],"rotation":{"origin":[3.10534,3.09922,8],"angle":0,"axis":"y"},"from":[4.20087,10.7444,6.96641],"faces":{"west":{"uv":[12.5,7.5,13,8],"texture":"#1"},"east":{"uv":[5.25,10.5,5.75,11],"texture":"#1"},"north":{"uv":[3,12.25,5,12.75],"texture":"#1"},"south":{"uv":[0,12,2,12.5],"texture":"#1"}}},{"to":[9.56728,11.895,8.18798],"rotation":{"origin":[4.68737,3.09922,8],"angle":0,"axis":"y"},"from":[8.97665,10.005,7.81202],"faces":{"down":{"rotation":180,"uv":[7.75,8,8.25,8.25],"texture":"#2"},"east":{"uv":[11,7.5,11.5,8],"texture":"#2"},"up":{"uv":[3.25,4,3.75,4.25],"texture":"#2"}}},{"to":[9.56728,11.79194,8.7061],"rotation":{"origin":[6.3968,9.59609,8],"angle":-22.5,"axis":"x"},"from":[8.97665,9.90194,8.33014],"faces":{"down":{"rotation":180,"uv":[4.25,8,4.75,8.25],"texture":"#2"},"east":{"uv":[11,7.5,11.5,8],"texture":"#2"},"up":{"uv":[7.5,4.25,8,4.5],"texture":"#2"}}},{"to":[9.56728,11.79194,7.66986],"rotation":{"origin":[6.3968,9.59609,8],"angle":22.5,"axis":"x"},"from":[8.97665,9.90194,7.2939],"faces":{"down":{"uv":[4.25,8,4.75,8.25],"texture":"#2"},"east":{"uv":[11,7.5,11.5,8],"texture":"#2"},"up":{"uv":[5.5,4.25,6,4.5],"texture":"#2"}}},{"to":[9.56728,11.49845,9.14533],"rotation":{"origin":[6.3968,9.59609,8],"angle":-45,"axis":"x"},"from":[8.97665,9.60845,8.76938],"faces":{"down":{"rotation":180,"uv":[2.75,9.25,3.25,9.5],"texture":"#2"},"east":{"uv":[11,7.5,11.5,8],"texture":"#2"},"up":{"rotation":180,"uv":[6.5,4.75,7,5],"texture":"#2"}}},{"to":[9.56728,11.49845,7.23062],"rotation":{"origin":[6.3968,9.59609,8],"angle":45,"axis":"x"},"from":[8.97665,9.60845,6.85467],"faces":{"down":{"rotation":180,"uv":[2.75,9.25,3.25,9.75],"texture":"#2"},"east":{"uv":[11,7.5,11.5,8],"texture":"#2"},"up":{"uv":[8.5,4.75,9,5],"texture":"#2"}}},{"to":[9.56728,11.03491,8.42688],"rotation":{"origin":[6.3968,9.59609,8],"angle":22.5,"axis":"x"},"from":[8.97665,10.65897,6.53688],"faces":{"east":{"rotation":90,"uv":[11,7.5,11.5,8],"texture":"#2"},"north":{"rotation":180,"uv":[5.5,11.5,6,11.75],"texture":"#2"},"south":{"rotation":180,"uv":[1.25,9.75,1.75,10],"texture":"#2"}}},{"to":[9.56728,11.03491,9.46312],"rotation":{"origin":[6.3968,9.59609,8],"angle":-22.5,"axis":"x"},"from":[8.97665,10.65897,7.57312],"faces":{"east":{"rotation":270,"uv":[11,7.5,11.5,8],"texture":"#2"},"north":{"rotation":180,"uv":[2.5,10,3,10.5],"texture":"#2"},"south":{"rotation":180,"uv":[5.5,11.5,6,11.75],"texture":"#2"}}},{"to":[9.56728,11.13798,8.945],"rotation":{"origin":[4.68737,3.09922,8],"angle":0,"axis":"y"},"from":[8.97665,10.76202,7.055],"faces":{"east":{"uv":[11,7.5,11.5,8],"texture":"#2"},"north":{"rotation":180,"uv":[5.5,11,6,11.25],"texture":"#2"},"south":{"rotation":180,"uv":[5.5,11,6,11.25],"texture":"#2"}}},{"to":[9.84255,11.83593,8.17622],"rotation":{"origin":[4.60827,3.09922,8],"angle":0,"axis":"y"},"from":[9.48817,10.06407,7.82378],"faces":{"down":{"rotation":180,"uv":[7.75,8,8.25,8.25],"texture":"#2"},"east":{"uv":[11,7.5,11.5,8],"texture":"#2"},"up":{"uv":[3.25,4,3.75,4.25],"texture":"#2"}}},{"to":[9.84255,11.73288,7.6581],"rotation":{"origin":[7.17411,9.59609,8],"angle":22.5,"axis":"x"},"from":[9.48817,9.961,7.30566],"faces":{"down":{"uv":[4.25,8,4.75,8.25],"texture":"#2"},"east":{"uv":[11,7.5,11.5,8],"texture":"#2"},"up":{"uv":[12.75,2.25,13.25,2.5],"texture":"#2"}}},{"to":[9.84255,11.73288,8.69434],"rotation":{"origin":[7.17411,9.59609,8],"angle":-22.5,"axis":"x"},"from":[9.48817,9.961,8.3419],"faces":{"down":{"rotation":180,"uv":[4.25,8,4.75,8.25],"texture":"#2"},"east":{"uv":[11,7.5,11.5,8],"texture":"#2"},"up":{"uv":[8.5,4.25,9,4.5],"texture":"#2"}}},{"to":[9.84255,11.43939,7.21886],"rotation":{"origin":[7.17411,9.59609,8],"angle":45,"axis":"x"},"from":[9.48817,9.66751,6.86643],"faces":{"down":{"rotation":180,"uv":[2.75,9.25,3.25,9.75],"texture":"#2"},"east":{"uv":[11,7.5,11.5,8],"texture":"#2"},"up":{"uv":[9.25,4.75,9.75,5],"texture":"#2"}}},{"to":[9.84255,11.43939,9.13357],"rotation":{"origin":[7.17411,9.59609,8],"angle":-45,"axis":"x"},"from":[9.48817,9.66751,8.78114],"faces":{"down":{"rotation":180,"uv":[2.75,9.25,3.25,9.5],"texture":"#2"},"east":{"uv":[11,7.5,11.5,8],"texture":"#2"},"up":{"rotation":180,"uv":[5.75,4.75,6.25,5],"texture":"#2"}}},{"to":[9.84255,11.02315,9.40406],"rotation":{"origin":[7.17411,9.59609,8],"angle":-22.5,"axis":"x"},"from":[9.48817,10.67073,7.63218],"faces":{"east":{"rotation":270,"uv":[11,7.5,11.5,8],"texture":"#2"},"north":{"rotation":180,"uv":[2.5,10,3,10.5],"texture":"#2"},"south":{"rotation":180,"uv":[6.25,11.5,6.75,11.75],"texture":"#2"}}},{"to":[9.84255,11.02315,8.36782],"rotation":{"origin":[7.17411,9.59609,8],"angle":22.5,"axis":"x"},"from":[9.48817,10.67073,6.59594],"faces":{"east":{"rotation":90,"uv":[11,7.5,11.5,8],"texture":"#2"},"north":{"rotation":180,"uv":[4.75,11.5,5.25,11.75],"texture":"#2"},"south":{"rotation":180,"uv":[1.25,9.75,1.75,10],"texture":"#2"}}},{"to":[9.84255,11.12622,8.88593],"rotation":{"origin":[4.60827,3.09922,8],"angle":0,"axis":"y"},"from":[9.48817,10.77378,7.11407],"faces":{"east":{"uv":[11,7.5,11.5,8],"texture":"#2"},"north":{"rotation":180,"uv":[5.5,11,6,11.25],"texture":"#2"},"south":{"rotation":180,"uv":[5.5,11,6,11.25],"texture":"#2"}}},{"to":[10.05876,11.77688,8.16448],"rotation":{"origin":[4.52917,3.09922,8],"angle":0,"axis":"y"},"from":[9.76345,10.12313,7.83552],"faces":{"down":{"rotation":180,"uv":[7.75,8,8.25,8.25],"texture":"#2"},"east":{"uv":[11,7.5,11.5,8],"texture":"#2"},"up":{"uv":[3.25,4,3.75,4.25],"texture":"#2"}}},{"to":[10.05876,11.67381,8.6826],"rotation":{"origin":[7.56751,9.59609,8],"angle":-22.5,"axis":"x"},"from":[9.76345,10.02006,8.35364],"faces":{"down":{"rotation":180,"uv":[4.25,8,4.75,8.25],"texture":"#2"},"east":{"uv":[11,7.5,11.5,8],"texture":"#2"},"up":{"uv":[8.75,4.25,9.25,4.5],"texture":"#2"}}},{"to":[10.05876,11.67381,7.64636],"rotation":{"origin":[7.56751,9.59609,8],"angle":22.5,"axis":"x"},"from":[9.76345,10.02006,7.3174],"faces":{"down":{"uv":[4.25,8,4.75,8.25],"texture":"#2"},"east":{"uv":[11,7.5,11.5,8],"texture":"#2"},"up":{"uv":[10.5,2.75,11,3],"texture":"#2"}}},{"to":[10.05876,11.38033,9.12183],"rotation":{"origin":[7.56751,9.59609,8],"angle":-45,"axis":"x"},"from":[9.76345,9.72658,8.79288],"faces":{"down":{"rotation":180,"uv":[2.75,9.25,3.25,9.5],"texture":"#2"},"east":{"uv":[11,7.5,11.5,8],"texture":"#2"},"up":{"rotation":180,"uv":[5.75,4.75,6.25,5],"texture":"#2"}}},{"to":[10.05876,11.01142,8.30876],"rotation":{"origin":[7.56751,9.59609,8],"angle":22.5,"axis":"x"},"from":[9.76345,10.68246,6.65501],"faces":{"east":{"rotation":90,"uv":[11,7.5,11.5,8],"texture":"#2"},"north":{"rotation":180,"uv":[6.75,11.5,7.25,11.75],"texture":"#2"},"south":{"rotation":180,"uv":[1.25,9.75,1.75,10],"texture":"#2"}}},{"to":[10.05876,11.38033,7.20712],"rotation":{"origin":[7.56751,9.59609,8],"angle":45,"axis":"x"},"from":[9.76345,9.72658,6.87817],"faces":{"down":{"rotation":180,"uv":[2.75,9.25,3.25,9.75],"texture":"#2"},"east":{"uv":[11,7.5,11.5,8],"texture":"#2"},"up":{"uv":[9,4.75,9.5,5],"texture":"#2"}}},{"to":[10.05876,11.01142,9.34499],"rotation":{"origin":[7.56751,9.59609,8],"angle":-22.5,"axis":"x"},"from":[9.76345,10.68246,7.69124],"faces":{"east":{"rotation":270,"uv":[11,7.5,11.5,8],"texture":"#2"},"north":{"rotation":180,"uv":[2.5,10,3,10.5],"texture":"#2"},"south":{"rotation":180,"uv":[6.25,11.5,6.75,11.75],"texture":"#2"}}},{"to":[10.05876,11.11448,8.82688],"rotation":{"origin":[4.52917,3.09922,8],"angle":0,"axis":"y"},"from":[9.76345,10.78552,7.17313],"faces":{"east":{"uv":[11,7.5,11.5,8],"texture":"#2"},"north":{"rotation":180,"uv":[5.5,11,6,11.25],"texture":"#2"},"south":{"rotation":180,"uv":[5.5,11,6,11.25],"texture":"#2"}}},{"to":[10.18321,11.71781,8.15272],"rotation":{"origin":[4.47643,3.09922,8],"angle":0,"axis":"y"},"from":[10.00602,10.18219,7.84728],"faces":{"down":{"rotation":180,"uv":[7.75,8,8.25,8.25],"texture":"#2"},"east":{"uv":[11,7.5,11.5,8],"texture":"#2"},"up":{"uv":[3.25,4,3.75,4.25],"texture":"#2"}}},{"to":[10.18321,11.61475,7.6346],"rotation":{"origin":[6.95368,9.59609,8],"angle":22.5,"axis":"x"},"from":[10.00602,10.07913,7.32916],"faces":{"down":{"uv":[4.25,8,4.75,8.25],"texture":"#2"},"east":{"uv":[11,7.5,11.5,8],"texture":"#2"},"up":{"uv":[11.25,3.25,11.75,3.5],"texture":"#2"}}},{"to":[10.18321,11.61475,8.67084],"rotation":{"origin":[6.95368,9.59609,8],"angle":-22.5,"axis":"x"},"from":[10.00602,10.07913,8.3654],"faces":{"down":{"rotation":180,"uv":[4.25,8,4.75,8.25],"texture":"#2"},"east":{"uv":[11,7.5,11.5,8],"texture":"#2"},"up":{"uv":[11,3,11.5,3.25],"texture":"#2"}}},{"to":[10.18321,11.32126,7.19536],"rotation":{"origin":[6.95368,9.59609,8],"angle":45,"axis":"x"},"from":[10.00602,9.78564,6.88993],"faces":{"down":{"rotation":180,"uv":[2.75,9.25,3.25,9.75],"texture":"#2"},"east":{"uv":[11,7.5,11.5,8],"texture":"#2"},"up":{"uv":[6.5,4.75,7,5],"texture":"#2"}}},{"to":[10.18321,11.32126,9.11007],"rotation":{"origin":[6.95368,9.59609,8],"angle":-45,"axis":"x"},"from":[10.00602,9.78564,8.80464],"faces":{"down":{"rotation":180,"uv":[2.75,9.25,3.25,9.5],"texture":"#2"},"east":{"uv":[11,7.5,11.5,8],"texture":"#2"},"up":{"rotation":180,"uv":[8,4.75,8.5,5],"texture":"#2"}}},{"to":[10.18321,10.99966,9.28593],"rotation":{"origin":[6.95368,9.59609,8],"angle":-22.5,"axis":"x"},"from":[10.00602,10.69422,7.75031],"faces":{"east":{"rotation":270,"uv":[11,7.5,11.5,8],"texture":"#2"},"north":{"rotation":180,"uv":[2.5,10,3,10.5],"texture":"#2"},"south":{"rotation":180,"uv":[7.5,11.5,8,11.75],"texture":"#2"}}},{"to":[10.18321,10.99966,8.24969],"rotation":{"origin":[6.95368,9.59609,8],"angle":22.5,"axis":"x"},"from":[10.00602,10.69422,6.71407],"faces":{"east":{"rotation":90,"uv":[11,7.5,11.5,8],"texture":"#2"},"north":{"rotation":180,"uv":[7,11.5,7.5,11.75],"texture":"#2"},"south":{"rotation":180,"uv":[1.25,9.75,1.75,10],"texture":"#2"}}},{"to":[10.18321,11.10272,8.76781],"rotation":{"origin":[4.47643,3.09922,8],"angle":0,"axis":"y"},"from":[10.00602,10.79728,7.23219],"faces":{"east":{"uv":[11,7.5,11.5,8],"texture":"#2"},"north":{"rotation":180,"uv":[5.5,11,6,11.25],"texture":"#2"},"south":{"rotation":180,"uv":[5.5,11,6,11.25],"texture":"#2"}}},{"to":[8.82016,13.52494,8.23625],"rotation":{"origin":[6.98321,10.30484,7.90473],"angle":-45,"axis":"z"},"from":[8.2886,12.93432,7.76375],"faces":{"east":{"uv":[7.5,2,8,2.5],"texture":"#2"},"north":{"uv":[6,4.5,6.5,5],"texture":"#2"},"up":{"uv":[4,4,4.5,4.5],"texture":"#2"},"south":{"uv":[5.75,4.5,6.25,5],"texture":"#2"}}},{"to":[10.73487,8.17258,8.23625],"rotation":{"origin":[6.98321,8.88734,7.90473],"angle":45,"axis":"z"},"from":[10.20331,7.58196,7.76375],"faces":{"down":{"rotation":180,"uv":[15,8,15.5,8.5],"texture":"#2"},"east":{"uv":[7.5,2,8,2.5],"texture":"#2"},"north":{"rotation":180,"uv":[5,8,5.5,8.5],"texture":"#2"},"south":{"rotation":180,"uv":[5,8,5.5,8.5],"texture":"#2"}}},{"to":[9.77752,11.18625,10.97149],"rotation":{"origin":[6.98321,9.59609,8.70875],"angle":45,"axis":"y"},"from":[9.24595,10.71375,10.3218],"faces":{"down":{"rotation":180,"uv":[9,10.25,9.5,10.75],"texture":"#2"},"east":{"uv":[7.5,2,8,2.5],"texture":"#2"},"up":{"uv":[6.5,4.75,7,5.25],"texture":"#2"},"south":{"rotation":180,"uv":[4.75,11.25,5.25,11.75],"texture":"#2"}}},{"to":[9.77752,11.18625,5.6782],"rotation":{"origin":[6.98321,9.59609,7.29125],"angle":-45,"axis":"y"},"from":[9.24595,10.71375,5.02851],"faces":{"down":{"rotation":180,"uv":[9,10.25,9.5,10.75],"texture":"#2"},"east":{"uv":[7.5,2,8,2.5],"texture":"#2"},"north":{"rotation":180,"uv":[4.75,11.25,5.25,11.75],"texture":"#2"},"up":{"rotation":180,"uv":[6.5,4.75,7,5.25],"texture":"#2"}}},{"to":[3.75789,11.88054,7.68748],"rotation":{"origin":[0.1783,9.59609,8],"angle":22.5,"axis":"x"},"from":[3.58058,9.81334,7.27628],"faces":{"down":{"rotation":180,"uv":[6.25,8,6.75,8.25],"texture":"#1"},"west":{"uv":[7.25,4,7.75,6],"texture":"#1"},"east":{"uv":[12.5,7.5,13,8],"texture":"#1"},"up":{"uv":[3.5,4.25,4,4.75],"texture":"#1"}}},{"to":[3.75789,11.88054,8.72372],"rotation":{"origin":[0.1783,9.59609,8],"angle":-22.5,"axis":"x"},"from":[3.58058,9.81334,8.31252],"faces":{"down":{"rotation":180,"uv":[6.25,8,6.75,8.25],"texture":"#1"},"west":{"uv":[7.25,4,7.75,6],"texture":"#1"},"east":{"uv":[12.5,7.5,13,8],"texture":"#1"},"up":{"rotation":180,"uv":[3.5,4.25,4,4.75],"texture":"#1"}}},{"to":[3.75779,11.58705,7.24824],"rotation":{"origin":[0.1783,9.59609,8],"angle":45,"axis":"x"},"from":[3.58048,9.51985,6.83704],"faces":{"down":{"rotation":180,"uv":[6.25,8,6.75,8.25],"texture":"#1"},"west":{"uv":[10.75,4.5,11.25,6.5],"texture":"#1"},"east":{"uv":[12.5,7.5,13,8],"texture":"#1"},"up":{"uv":[3.75,4.75,4.25,5.25],"texture":"#1"}}},{"to":[3.75779,11.58705,9.16296],"rotation":{"origin":[0.1783,9.59609,8],"angle":-45,"axis":"x"},"from":[3.58048,9.51985,8.75176],"faces":{"down":{"rotation":180,"uv":[6.25,8,6.75,8.25],"texture":"#1"},"west":{"uv":[6.75,4.5,7.25,6.5],"texture":"#1"},"east":{"uv":[12.5,7.5,13,8],"texture":"#1"},"up":{"rotation":180,"uv":[7.75,4.75,8.25,5.25],"texture":"#1"}}},{"to":[3.7579,11.05254,9.55171],"rotation":{"origin":[0.1783,9.59609,8],"angle":-22.5,"axis":"x"},"from":[3.58058,10.64134,7.48453],"faces":{"west":{"rotation":90,"uv":[0.5,4.75,1,6.75],"texture":"#1"},"east":{"rotation":270,"uv":[12.5,7.5,13,8],"texture":"#1"},"north":{"rotation":180,"uv":[6.75,8,7.25,8.5],"texture":"#1"},"south":{"uv":[5.25,5.5,5.75,6],"texture":"#1"}}},{"to":[3.7579,11.05254,8.51547],"rotation":{"origin":[0.1783,9.59609,8],"angle":22.5,"axis":"x"},"from":[3.58058,10.64134,6.44829],"faces":{"west":{"rotation":270,"uv":[0.75,4.75,1.25,6.75],"texture":"#1"},"east":{"rotation":90,"uv":[12.5,7.5,13,8],"texture":"#1"},"north":{"uv":[6.75,5.5,7.25,6],"texture":"#1"},"south":{"rotation":180,"uv":[6,8,6.5,8.5],"texture":"#1"}}},{"to":[3.75777,11.1556,9.03359],"rotation":{"origin":[3.10534,3.09922,8],"angle":0,"axis":"y"},"from":[3.58047,10.7444,6.96641],"faces":{"west":{"rotation":90,"uv":[7.25,9.5,7.75,11.5],"texture":"#1"},"east":{"uv":[12.5,7.5,13,8],"texture":"#1"},"north":{"rotation":180,"uv":[4.25,8.25,4.75,8.75],"texture":"#1"},"south":{"rotation":180,"uv":[6.25,8.25,6.75,8.75],"texture":"#1"}}},{"to":[3.66813,11.31944,8.61211],"rotation":{"origin":[0.06024,9.59609,8],"angle":-22.5,"axis":"x"},"from":[3.55,10.37444,8.42414],"faces":{"down":{"rotation":180,"uv":[9,8,9.25,8.5],"texture":"#0"},"west":{"uv":[5.25,4.5,5.75,5.25],"texture":"#0"},"up":{"rotation":180,"uv":[7.25,4.25,7.5,4.75],"texture":"#0"}}},{"to":[3.66813,11.31944,7.57588],"rotation":{"origin":[0.06024,9.59609,8],"angle":22.5,"axis":"x"},"from":[3.55,10.37444,7.3879],"faces":{"down":{"uv":[9,8,9.25,8.5],"texture":"#0"},"west":{"uv":[5.25,4.5,5.75,5.25],"texture":"#0"},"up":{"uv":[3.25,4,3.5,4.5],"texture":"#0"}}},{"to":[3.66823,11.02595,9.05135],"rotation":{"origin":[0.06024,9.59609,8],"angle":-45,"axis":"x"},"from":[3.5501,10.08095,8.86337],"faces":{"down":{"uv":[6,5.5,6.25,6],"texture":"#0"},"west":{"uv":[6.25,4.5,6.75,5.25],"texture":"#0"},"up":{"rotation":180,"uv":[8.25,4.5,8.5,5],"texture":"#0"}}},{"to":[3.66823,11.02595,7.13663],"rotation":{"origin":[0.06024,9.59609,8],"angle":45,"axis":"x"},"from":[3.5501,10.08095,6.94866],"faces":{"down":{"uv":[6,5.5,6.25,6],"texture":"#0"},"west":{"uv":[6.25,4.5,6.75,5.25],"texture":"#0"},"up":{"uv":[3.75,4,4,4.5],"texture":"#0"}}},{"to":[3.66813,10.94093,7.95438],"rotation":{"origin":[0.06024,9.59609,8],"angle":22.5,"axis":"x"},"from":[3.55,10.75295,7.00938],"faces":{"west":{"rotation":270,"uv":[9.25,4.5,9.75,5.25],"texture":"#0"},"north":{"uv":[7.25,4.25,7.5,4.75],"texture":"#0"},"south":{"uv":[6.25,5,6.5,5.5],"texture":"#0"}}},{"to":[3.66813,10.94093,8.99062],"rotation":{"origin":[0.06024,9.59609,8],"angle":-22.5,"axis":"x"},"from":[3.55,10.75295,8.04562],"faces":{"west":{"rotation":90,"uv":[9,4.5,9.5,5.25],"texture":"#0"},"north":{"uv":[6.25,5,6.5,5.5],"texture":"#0"},"south":{"uv":[7.25,4.25,7.5,4.75],"texture":"#0"}}},{"to":[3.66823,11.044,8.4725],"rotation":{"origin":[3.10534,3.09922,8],"angle":0,"axis":"y"},"from":[3.5501,10.85602,7.5275],"faces":{"west":{"uv":[6.25,4.5,6.75,5],"texture":"#0"},"north":{"uv":[6.25,4.5,6.5,5],"texture":"#0"},"south":{"uv":[6.25,4.5,6.5,5],"texture":"#0"}}},{"to":[4.43712,11.86547,8.18211],"rotation":{"origin":[0.53274,9.59609,8],"angle":0,"axis":"y"},"from":[3.72837,10.03453,7.8179],"faces":{"down":{"uv":[5.75,8,6.25,8.25],"texture":"#1"},"up":{"rotation":180,"uv":[10,2.75,10.5,3.25],"texture":"#1"}}},{"to":[4.43712,11.76241,7.66399],"rotation":{"origin":[0.53274,9.59609,8],"angle":22.5,"axis":"x"},"from":[3.72837,9.93147,7.29978],"faces":{"down":{"uv":[5.75,8,6.25,8.25],"texture":"#1"},"up":{"rotation":180,"uv":[11,2.5,11.5,3],"texture":"#1"}}},{"to":[4.43712,11.76241,8.70022],"rotation":{"origin":[0.53274,9.59609,8],"angle":-22.5,"axis":"x"},"from":[3.72837,9.93147,8.33601],"faces":{"down":{"uv":[5.75,8,6.25,8.25],"texture":"#1"},"up":{"rotation":180,"uv":[8.5,4,9,4.5],"texture":"#1"}}},{"to":[4.43712,11.46892,7.22474],"rotation":{"origin":[0.53274,9.59609,8],"angle":45,"axis":"x"},"from":[3.72837,9.63798,6.86054],"faces":{"down":{"uv":[5.75,8,6.25,8.25],"texture":"#1"},"up":{"uv":[3.25,4.25,3.75,4.75],"texture":"#1"}}},{"to":[4.43712,11.46892,9.13946],"rotation":{"origin":[0.53274,9.59609,8],"angle":-45,"axis":"x"},"from":[3.72837,9.63798,8.77526],"faces":{"down":{"uv":[5.75,8,6.25,8.25],"texture":"#1"},"up":{"rotation":180,"uv":[3.25,4.25,3.75,4.75],"texture":"#1"}}},{"to":[4.43712,11.02904,9.43358],"rotation":{"origin":[0.53274,9.59609,8],"angle":-22.5,"axis":"x"},"from":[3.72837,10.66484,7.60265],"faces":{"north":{"rotation":180,"uv":[3,8,3.5,8.5],"texture":"#1"},"south":{"uv":[3.25,4.75,3.75,5.25],"texture":"#1"}}},{"to":[4.43712,11.02904,8.39735],"rotation":{"origin":[0.53274,9.59609,8],"angle":22.5,"axis":"x"},"from":[3.72837,10.66484,6.56642],"faces":{"north":{"uv":[3.25,4.75,3.75,5.25],"texture":"#1"},"south":{"rotation":180,"uv":[3,8,3.5,8.5],"texture":"#1"}}},{"to":[9.05,9.751,8.95],"rotation":{"origin":[8,9,7.5],"angle":0,"axis":"y"},"from":[3.35,-4.749,6.95],"faces":{"up":{"rotation":180,"uv":[8.25,4.25,10.5,5.25],"texture":"#1"}}},{"to":[10.75,9.75,9.65],"rotation":{"origin":[8,9,7.5],"angle":0,"axis":"y"},"from":[3.35,-4.75,6.35],"faces":{"up":{"uv":[1,9.25,1.5,9.75],"texture":"#0"}}},{"to":[10.55,9.751,8.85],"rotation":{"origin":[8,9,7.5],"angle":0,"axis":"y"},"from":[9.05,-4.749,7.05],"faces":{"up":{"rotation":180,"uv":[6,4,7.5,5.25],"texture":"#2"}}},{"to":[5.65,7.95,8.651],"rotation":{"origin":[4.3,11,7.5],"angle":0,"axis":"y"},"from":[4.85,7.15,6.349],"faces":{"north":{"uv":[4,4.5,4.75,5.25],"texture":"#1"}}}],"display":{"thirdperson_righthand":{"rotation":[25,111,-23],"scale":[0.25,0.25,0.25],"translation":[-1,0,0]},"head":{"scale":[0.5,0.5,0.5]},"thirdperson_lefthand":{"rotation":[69,-71,65],"scale":[0.25,0.25,0.25],"translation":[-1,0,0]},"gui":{"rotation":[0,180,32],"scale":[0.85,0.85,0.85],"translation":[1,2,0]},"firstperson_lefthand":{"rotation":[-40,-110,-41],"scale":[0.5,0.5,0.5],"translation":[3,0,0]},"firstperson_righthand":{"rotation":[-87,65,68],"scale":[0.5,0.5,0.5],"translation":[3,0,0]},"fixed":{"rotation":[0,180,0],"scale":[0.5,0.5,0.5],"translation":[0,0,-1]},"ground":{"translation":[0,2.5,0],"scale":[0.25,0.25,0.25]}},"credit":"thebradqq's guns"}