{"textures":{"1":"mgs:gun/metal_bright","0":"mgs:gun/famasmag","3":"mgs:gun/metal_dark","2":"mgs:gun/metal","5":"mgs:gun/copper","4":"mgs:gun/brass"},"gui_light":"front","elements":[{"to":[14.21947,0.39153,11.0467],"rotation":{"origin":[6.445,-2.82875,8.39051],"angle":22.5,"axis":"z"},"from":[-1.32947,-6.04902,4.9533],"faces":{"down":{"rotation":180,"uv":[0.75,8.25,4.25,9.5],"texture":"#2"},"north":{"uv":[15,11,1,16],"texture":"#0"},"south":{"uv":[1,11,15,16],"texture":"#0"}}},{"to":[0.4947,-2.82875,11.0434],"rotation":{"origin":[5.80447,-5.55877,8.39381],"angle":0,"axis":"y"},"from":[-2.3,-8.77911,4.9566],"faces":{"down":{"rotation":180,"uv":[0.75,8.25,1.25,9.5],"texture":"#2"},"west":{"rotation":270,"uv":[14.75,11.75,16,13],"texture":"#2"},"north":{"uv":[3,11,5,16],"texture":"#0"},"south":{"uv":[3,11,5,16],"texture":"#0"}}},{"to":[14.86,13.67125,11.05],"rotation":{"origin":[10.11823,27.62781,7.72721],"angle":0,"axis":"y"},"from":[-2.3,-2.82875,4.95],"faces":{"west":{"rotation":270,"uv":[11,11.75,14.25,13],"texture":"#2"},"east":{"rotation":90,"uv":[3.5,11.75,6.75,13],"texture":"#3"},"north":{"uv":[15,3,1,16],"texture":"#0"},"south":{"uv":[1,3,15,16],"texture":"#0"}}},{"to":[14.86,30.17125,5.35],"rotation":{"origin":[10.09264,27.62788,7.72721],"angle":0,"axis":"y"},"from":[-2.3,13.67125,4.95],"faces":{"north":{"uv":[15,3,1,16],"texture":"#0"},"up":{"uv":[11.5,1.5,15,1.75],"texture":"#3"},"south":{"rotation":180,"uv":[3,9.5,6,12.5],"texture":"#3"}}},{"to":[-1.9,30.17125,11.05],"rotation":{"origin":[10.09264,27.62788,7.72721],"angle":0,"axis":"y"},"from":[-2.3,13.67125,4.95],"faces":{"west":{"rotation":270,"uv":[11,11.75,14.25,13],"texture":"#2"},"east":{"rotation":180,"uv":[6.5,9.25,7.75,12.5],"texture":"#3"},"up":{"uv":[13,1.75,13.25,3],"texture":"#3"}}},{"to":[14.86,30.17125,11.05],"rotation":{"origin":[26.85264,27.62788,7.72721],"angle":0,"axis":"y"},"from":[14.46,13.67125,4.95],"faces":{"west":{"rotation":180,"uv":[6.5,9.25,7.75,12.5],"texture":"#3"},"east":{"rotation":90,"uv":[3.5,11.75,6.75,13],"texture":"#3"},"up":{"uv":[13,1.75,13.25,3],"texture":"#3"}}},{"to":[14.86,30.17125,11.05],"rotation":{"origin":[10.09264,27.62788,7.72721],"angle":0,"axis":"y"},"from":[-2.3,13.67125,10.65],"faces":{"north":{"rotation":180,"uv":[3,9.5,6,12.5],"texture":"#3"},"up":{"uv":[8.75,3.25,12.25,3.5],"texture":"#3"},"south":{"uv":[1,3,15,16],"texture":"#0"}}},{"to":[5.06,32,10.72081],"rotation":{"origin":[1.38,30.92621,10.52081],"angle":-22.5,"axis":"x"},"from":[-2.3,30.02621,10.32081],"faces":{"west":{"rotation":180,"uv":[11.25,4.25,11.5,4.75],"texture":"#3"},"east":{"rotation":180,"uv":[11.25,4.5,11.5,5],"texture":"#3"},"north":{"rotation":180,"uv":[3,12,4.5,12.5],"texture":"#3"},"up":{"uv":[8.75,3.25,12.25,3.5],"texture":"#3"},"south":{"uv":[1,1,7,3],"texture":"#0"}}},{"to":[5.06,32,5.67919],"rotation":{"origin":[1.38,30.92621,5.47919],"angle":22.5,"axis":"x"},"from":[-2.3,30.02621,5.27919],"faces":{"west":{"rotation":180,"uv":[11.75,4.75,11.5,5.25],"texture":"#3"},"east":{"rotation":180,"uv":[11.5,4.5,11.25,5],"texture":"#3"},"north":{"uv":[7,1,1,3],"texture":"#0"},"up":{"uv":[8.75,3.5,12.25,3.25],"texture":"#3"},"south":{"rotation":180,"uv":[4.5,12,3,12.5],"texture":"#3"}}},{"to":[14.851,25.275,9.45],"rotation":{"origin":[0,-15.625,10],"angle":0,"axis":"y"},"from":[9.649,24.025,6.55],"faces":{"east":{"uv":[7.5,8.25,9,7.75],"texture":"#3"}}},{"to":[9.67579,31.78281,7.44851],"rotation":{"origin":[9.18805,6.9375,7.7],"angle":0,"axis":"y"},"from":[9.18594,29.61719,6.55149],"faces":{"down":{"uv":[6.25,7.75,6.75,8.5],"texture":"#4"},"east":{"uv":[9.5,7.25,10.25,8.25],"texture":"#4"},"up":{"rotation":180,"uv":[1.25,3.75,1.75,4.5],"texture":"#4"}}},{"to":[-1.69677,30.8282,7.64454],"rotation":{"origin":[9.18805,6.9375,7.7],"angle":0,"axis":"y"},"from":[-1.7999,30.5718,6.35548],"faces":{"west":{"uv":[6.25,4.5,6.75,5],"texture":"#1"},"north":{"uv":[6.25,4.5,6.5,5],"texture":"#1"},"south":{"uv":[6.25,4.5,6.5,5],"texture":"#1"}}},{"to":[-1.69687,28.75152,-1.3957],"rotation":{"origin":[9.18805,6.9375,7.7],"angle":22.5,"axis":"x"},"from":[-1.8,28.49511,-2.68476],"faces":{"west":{"rotation":270,"uv":[9.25,4.5,9.75,5.25],"texture":"#1"},"north":{"uv":[7.25,4.25,7.5,4.75],"texture":"#1"},"south":{"uv":[6.25,5,6.5,5.5],"texture":"#1"}}},{"to":[-1.69687,29.28728,16.79133],"rotation":{"origin":[9.18805,6.9375,7.7],"angle":-22.5,"axis":"x"},"from":[-1.8,29.03087,15.50227],"faces":{"west":{"rotation":90,"uv":[9,4.5,9.5,5.25],"texture":"#1"},"north":{"uv":[6.25,5,6.5,5.5],"texture":"#1"},"south":{"uv":[7.25,4.25,7.5,4.75],"texture":"#1"}}},{"to":[-1.69677,23.37335,-8.95306],"rotation":{"origin":[9.18805,6.9375,7.7],"angle":45,"axis":"x"},"from":[-1.7999,23.11693,-10.24212],"faces":{"west":{"rotation":270,"uv":[6.25,4.5,6.75,5.25],"texture":"#1"},"north":{"uv":[8.25,4.5,8.5,5],"texture":"#1"},"south":{"uv":[6,5.5,6.25,6],"texture":"#1"}}},{"to":[-1.69677,24.3633,24.65217],"rotation":{"origin":[9.18805,6.9375,7.7],"angle":-45,"axis":"x"},"from":[-1.7999,24.10688,23.36311],"faces":{"west":{"rotation":90,"uv":[6.25,4.5,6.75,5.25],"texture":"#1"},"north":{"uv":[6,5.5,6.25,6],"texture":"#1"},"south":{"uv":[3.75,4,4,4.5],"texture":"#1"}}},{"to":[-1.69687,29.8036,16.27501],"rotation":{"origin":[9.18805,6.9375,7.7],"angle":-22.5,"axis":"x"},"from":[-1.8,28.51454,16.01859],"faces":{"down":{"rotation":180,"uv":[9,8,9.25,8.5],"texture":"#1"},"west":{"uv":[5.25,4.5,5.75,5.25],"texture":"#1"},"up":{"rotation":180,"uv":[7.25,4.25,7.5,4.75],"texture":"#1"}}},{"to":[-1.69687,29.26785,-1.91203],"rotation":{"origin":[9.18805,6.9375,7.7],"angle":22.5,"axis":"x"},"from":[-1.8,27.97878,-2.16844],"faces":{"down":{"uv":[9,8,9.25,8.5],"texture":"#1"},"west":{"uv":[5.25,4.5,5.75,5.25],"texture":"#1"},"up":{"uv":[3.25,4,3.5,4.5],"texture":"#1"}}},{"to":[-1.69677,31.34454,7.1282],"rotation":{"origin":[0.05166,24.125,7.7],"angle":0,"axis":"y"},"from":[-1.7999,30.05548,6.8718],"faces":{"down":{"uv":[9.5,8,9.75,8.25],"texture":"#1"},"west":{"uv":[6.25,4.5,6.75,5.25],"texture":"#1"},"up":{"uv":[3.25,4,3.5,4.5],"texture":"#1"}}},{"to":[9.18594,29.91237,-1.78381],"rotation":{"origin":[9.18805,6.9375,7.7],"angle":22.5,"axis":"x"},"from":[-1.07812,27.33425,-2.29664],"faces":{"down":{"rotation":180,"uv":[3,9,7,9.5],"texture":"#4"},"west":{"uv":[12.5,7.5,13,8],"texture":"#4"},"east":{"uv":[9.5,7.25,10.25,8.25],"texture":"#4"},"up":{"uv":[2,3.75,6,4.25],"texture":"#4"}}},{"to":[9.18594,30.44813,16.40321],"rotation":{"origin":[9.18805,6.9375,7.7],"angle":-22.5,"axis":"x"},"from":[-1.07812,27.87,15.89038],"faces":{"down":{"rotation":180,"uv":[3.5,8,7.5,8.5],"texture":"#4"},"west":{"uv":[12.5,7.5,13,8],"texture":"#4"},"east":{"uv":[9.5,7.25,10.25,8.25],"texture":"#4"},"up":{"uv":[0,3.25,4,3.75],"texture":"#4"}}},{"to":[9.18594,24.53421,-9.34118],"rotation":{"origin":[9.18805,6.9375,7.7],"angle":45,"axis":"x"},"from":[-1.07812,21.95608,-9.85401],"faces":{"down":{"rotation":180,"uv":[5.75,5.5,9.75,6],"texture":"#4"},"west":{"uv":[12.5,7.5,13,8],"texture":"#4"},"east":{"uv":[9.5,7.25,10.25,8.25],"texture":"#4"},"up":{"uv":[5.25,4.25,9.25,4.75],"texture":"#4"}}},{"to":[9.18594,25.52416,24.26406],"rotation":{"origin":[9.18805,6.9375,7.7],"angle":-45,"axis":"x"},"from":[-1.07812,22.94603,23.75123],"faces":{"down":{"uv":[4.5,5.5,8.5,6],"texture":"#4"},"west":{"uv":[12.5,7.5,13,8],"texture":"#4"},"east":{"uv":[9.5,7.25,10.25,8.25],"texture":"#4"},"up":{"rotation":180,"uv":[1.25,4.25,5.25,4.75],"texture":"#4"}}},{"to":[9.18594,29.41548,17.43586],"rotation":{"origin":[9.18805,6.9375,7.7],"angle":-22.5,"axis":"x"},"from":[-1.07812,28.90265,14.85773],"faces":{"west":{"rotation":90,"uv":[12.5,7.5,13,8],"texture":"#4"},"east":{"uv":[9.5,7.25,10.25,7.75],"texture":"#4"},"north":{"uv":[6.25,5,10.25,5.5],"texture":"#4"},"south":{"uv":[5.25,4.75,9.25,5.25],"texture":"#4"}}},{"to":[9.18594,28.87972,-0.75116],"rotation":{"origin":[9.18805,6.9375,7.7],"angle":22.5,"axis":"x"},"from":[-1.07812,28.3669,-3.32929],"faces":{"west":{"rotation":270,"uv":[12.5,7.5,13,8],"texture":"#4"},"east":{"uv":[9.5,7.25,10.25,7.75],"texture":"#4"},"north":{"uv":[5.25,4.75,9.25,5.25],"texture":"#4"},"south":{"uv":[6.25,5,10.25,5.5],"texture":"#4"}}},{"to":[9.18594,30.95641,8.28906],"rotation":{"origin":[9.18805,6.9375,7.7],"angle":0,"axis":"y"},"from":[-1.07812,30.44359,5.71094],"faces":{"west":{"uv":[12.5,7.5,13,8],"texture":"#4"},"north":{"uv":[3,12.25,7,12.75],"texture":"#4"},"south":{"uv":[0,12,4,12.5],"texture":"#4"}}},{"to":[7.84949,30.59235,7.25641],"rotation":{"origin":[11.38409,24.69104,7.7],"angle":-22.5,"axis":"z"},"from":[6.56043,29.5611,6.74359],"faces":{"north":{"rotation":180,"uv":[10.5,2.75,11,3.25],"texture":"#4"},"up":{"uv":[2,3.25,2.75,3.75],"texture":"#4"},"south":{"rotation":180,"uv":[10.5,2.75,11,3.25],"texture":"#4"}}},{"to":[19.07536,28.73231,7.25641],"rotation":{"origin":[9.18805,6.9375,7.7],"angle":22.5,"axis":"z"},"from":[17.7863,27.70106,6.74359],"faces":{"down":{"rotation":180,"uv":[5.5,7.75,6.25,8.25],"texture":"#4"},"north":{"rotation":180,"uv":[7.5,8,7.75,8.25],"texture":"#4"},"south":{"rotation":180,"uv":[7.5,8,7.75,8.25],"texture":"#4"}}},{"to":[10.24974,30.95641,8.24341],"rotation":{"origin":[9.18806,6.9375,7.7],"angle":22.5,"axis":"y"},"from":[8.96067,30.44359,7.21216],"faces":{"down":{"rotation":180,"uv":[4.5,12,5,12.5],"texture":"#4"},"up":{"rotation":180,"uv":[4.5,12,5,12.5],"texture":"#4"},"south":{"uv":[0,12,0.75,12.5],"texture":"#4"}}},{"to":[9.71398,30.95641,6.8944],"rotation":{"origin":[9.18805,6.9375,7.7],"angle":-22.5,"axis":"y"},"from":[8.42491,30.44359,5.86315],"faces":{"down":{"rotation":180,"uv":[4.5,12,5,12.5],"texture":"#4"},"north":{"uv":[0,12,0.75,12.5],"texture":"#4"},"up":{"rotation":180,"uv":[4.5,12,5,12.5],"texture":"#4"}}},{"to":[9.18594,31.98906,7.25643],"rotation":{"origin":[9.18805,6.9375,7.7],"angle":0,"axis":"y"},"from":[-1.07812,29.41094,6.74359],"faces":{"down":{"rotation":180,"uv":[5.5,7.75,9.5,8.25],"texture":"#4"},"west":{"uv":[12.5,7.5,13,8],"texture":"#4"},"up":{"uv":[2,3.25,6,3.75],"texture":"#4"}}},{"to":[9.67579,25.31791,24.45616],"rotation":{"origin":[9.18805,6.9375,7.7],"angle":-45,"axis":"x"},"from":[9.18594,23.15228,23.55913],"faces":{"down":{"rotation":180,"uv":[2,5.75,2.5,6.5],"texture":"#4"},"east":{"uv":[9.5,7.25,10.25,8.25],"texture":"#4"},"up":{"rotation":180,"uv":[1.25,4.25,1.75,5],"texture":"#4"}}},{"to":[9.67579,24.32796,-9.14908],"rotation":{"origin":[9.18805,6.9375,7.7],"angle":45,"axis":"x"},"from":[9.18594,22.16233,-10.04611],"faces":{"down":{"uv":[2,5.75,2.5,6.5],"texture":"#4"},"east":{"uv":[9.5,7.25,10.25,8.25],"texture":"#4"},"up":{"uv":[1.25,4.25,1.75,5],"texture":"#4"}}},{"to":[9.67579,31.14851,8.08281],"rotation":{"origin":[9.18805,6.9375,7.7],"angle":0,"axis":"y"},"from":[9.18594,30.25149,5.91719],"faces":{"east":{"uv":[9.5,7.25,10.25,8.25],"texture":"#4"},"north":{"uv":[3,4.75,3.5,5.5],"texture":"#4"},"south":{"uv":[3,4.75,3.5,5.5],"texture":"#4"}}},{"to":[11.34844,31.52031,7.16318],"rotation":{"origin":[8.35277,8.5,7.7],"angle":0,"axis":"y"},"from":[9.47344,29.87969,6.83683],"faces":{"down":{"rotation":180,"uv":[7.25,8,8.25,8.25],"texture":"#4"},"east":{"uv":[5.25,10.5,5.75,11],"texture":"#4"},"up":{"rotation":180,"uv":[3.5,4,4.5,4.25],"texture":"#4"}}},{"to":[11.34844,29.56256,-1.27911],"rotation":{"origin":[8.35277,8.5,7.7],"angle":22.5,"axis":"x"},"from":[9.47344,27.92193,-1.60546],"faces":{"down":{"rotation":180,"uv":[5.25,7.75,6.25,8],"texture":"#4"},"east":{"uv":[5.25,10.5,5.75,11],"texture":"#4"},"up":{"rotation":180,"uv":[5.25,4.25,6.25,4.5],"texture":"#4"}}},{"to":[11.34844,30.09832,15.71203],"rotation":{"origin":[8.35277,8.5,7.7],"angle":-22.5,"axis":"x"},"from":[9.47344,28.45769,15.38568],"faces":{"down":{"rotation":180,"uv":[2.5,8.25,3.5,8.5],"texture":"#4"},"east":{"uv":[5.25,10.5,5.75,11],"texture":"#4"},"up":{"rotation":180,"uv":[4.75,4.25,5.75,4.5],"texture":"#4"}}},{"to":[11.34844,24.52311,-8.32957],"rotation":{"origin":[8.35277,8.5,7.7],"angle":45,"axis":"x"},"from":[9.47344,22.88248,-8.65591],"faces":{"down":{"rotation":180,"uv":[4.75,5.5,5.75,5.75],"texture":"#4"},"east":{"uv":[5.25,10.5,5.75,11],"texture":"#4"},"up":{"rotation":180,"uv":[6.75,4.5,7.75,4.75],"texture":"#4"}}},{"to":[11.34844,25.51306,23.06596],"rotation":{"origin":[8.35277,8.5,7.7],"angle":-45,"axis":"x"},"from":[9.47344,23.87243,22.73962],"faces":{"down":{"rotation":180,"uv":[4.25,5.75,5.25,6],"texture":"#4"},"east":{"uv":[5.25,10.5,5.75,11],"texture":"#4"},"up":{"rotation":180,"uv":[1.25,4.25,2.25,4.5],"texture":"#4"}}},{"to":[11.34844,29.44118,16.36917],"rotation":{"origin":[8.35277,8.5,7.7],"angle":-22.5,"axis":"x"},"from":[9.47344,29.11483,14.72854],"faces":{"east":{"uv":[5.25,10.5,5.75,11],"texture":"#4"},"north":{"rotation":180,"uv":[3,5.25,4,5.5],"texture":"#4"},"south":{"rotation":180,"uv":[6.75,4.75,7.75,5],"texture":"#4"}}},{"to":[11.34844,28.90542,-0.62198],"rotation":{"origin":[8.35277,8.5,7.7],"angle":22.5,"axis":"x"},"from":[9.47344,28.57907,-2.2626],"faces":{"east":{"uv":[5.25,10.5,5.75,11],"texture":"#4"},"north":{"rotation":180,"uv":[1.5,4.75,2.5,5],"texture":"#4"},"south":{"rotation":180,"uv":[8,5.25,9,5.5],"texture":"#4"}}},{"to":[11.34844,30.86318,7.82031],"rotation":{"origin":[8.35277,8.5,7.7],"angle":0,"axis":"y"},"from":[9.47344,30.53683,6.17969],"faces":{"east":{"uv":[5.25,10.5,5.75,11],"texture":"#4"},"north":{"rotation":180,"uv":[2,5,3,5.25],"texture":"#4"},"south":{"rotation":180,"uv":[5,5,6,5.25],"texture":"#4"}}},{"to":[11.94219,31.45,7.14919],"rotation":{"origin":[8.35277,8.5,7.7],"angle":0,"axis":"y"},"from":[11.00469,29.95,6.85081],"faces":{"down":{"rotation":180,"uv":[7.75,8,8.25,8.25],"texture":"#5"},"east":{"uv":[11,7.5,11.5,8],"texture":"#5"},"up":{"uv":[3.25,4,3.75,4.25],"texture":"#5"}}},{"to":[11.94219,30.028,15.69804],"rotation":{"origin":[8.35277,8.5,7.7],"angle":-22.5,"axis":"x"},"from":[11.00469,28.528,15.39967],"faces":{"down":{"rotation":180,"uv":[4.25,8,4.75,8.25],"texture":"#5"},"east":{"uv":[11,7.5,11.5,8],"texture":"#5"},"up":{"uv":[7.5,4.25,8,4.5],"texture":"#5"}}},{"to":[11.94219,29.49225,-1.2931],"rotation":{"origin":[8.35277,8.5,7.7],"angle":22.5,"axis":"x"},"from":[11.00469,27.99225,-1.59148],"faces":{"down":{"uv":[4.25,8,4.75,8.25],"texture":"#5"},"east":{"uv":[11,7.5,11.5,8],"texture":"#5"},"up":{"uv":[5.5,4.25,6,4.5],"texture":"#5"}}},{"to":[11.94219,25.44275,23.05197],"rotation":{"origin":[8.35277,8.5,7.7],"angle":-45,"axis":"x"},"from":[11.00469,23.94275,22.75361],"faces":{"down":{"rotation":180,"uv":[2.75,9.25,3.25,9.5],"texture":"#5"},"east":{"uv":[11,7.5,11.5,8],"texture":"#5"},"up":{"rotation":180,"uv":[6.5,4.75,7,5],"texture":"#5"}}},{"to":[11.94219,24.4528,-8.34356],"rotation":{"origin":[8.35277,8.5,7.7],"angle":45,"axis":"x"},"from":[11.00469,22.9528,-8.64192],"faces":{"down":{"rotation":180,"uv":[2.75,9.25,3.25,9.75],"texture":"#5"},"east":{"uv":[11,7.5,11.5,8],"texture":"#5"},"up":{"uv":[8.5,4.75,9,5],"texture":"#5"}}},{"to":[11.94219,28.89143,-0.69229],"rotation":{"origin":[8.35277,8.5,7.7],"angle":22.5,"axis":"x"},"from":[11.00469,28.59306,-2.19229],"faces":{"east":{"rotation":90,"uv":[11,7.5,11.5,8],"texture":"#5"},"north":{"rotation":180,"uv":[5.5,11.5,6,11.75],"texture":"#5"},"south":{"rotation":180,"uv":[1.25,9.75,1.75,10],"texture":"#5"}}},{"to":[11.94219,29.42719,16.29886],"rotation":{"origin":[8.35277,8.5,7.7],"angle":-22.5,"axis":"x"},"from":[11.00469,29.12882,14.79886],"faces":{"east":{"rotation":270,"uv":[11,7.5,11.5,8],"texture":"#5"},"north":{"rotation":180,"uv":[2.5,10,3,10.5],"texture":"#5"},"south":{"rotation":180,"uv":[5.5,11.5,6,11.75],"texture":"#5"}}},{"to":[11.94219,30.84919,7.75],"rotation":{"origin":[8.35277,8.5,7.7],"angle":0,"axis":"y"},"from":[11.00469,30.55081,6.25],"faces":{"east":{"uv":[11,7.5,11.5,8],"texture":"#5"},"north":{"rotation":180,"uv":[5.5,11,6,11.25],"texture":"#5"},"south":{"rotation":180,"uv":[5.5,11,6,11.25],"texture":"#5"}}},{"to":[12.59844,31.40313,7.13985],"rotation":{"origin":[8.35277,8.5,7.7],"angle":0,"axis":"y"},"from":[11.94219,29.99688,6.86015],"faces":{"down":{"rotation":180,"uv":[7.75,8,8.25,8.25],"texture":"#5"},"east":{"uv":[11,7.5,11.5,8],"texture":"#5"},"up":{"uv":[3.25,4,3.75,4.25],"texture":"#5"}}},{"to":[12.59844,29.44537,-1.30243],"rotation":{"origin":[8.35277,8.5,7.7],"angle":22.5,"axis":"x"},"from":[11.94219,28.03912,-1.58214],"faces":{"down":{"uv":[4.25,8,4.75,8.25],"texture":"#5"},"east":{"uv":[11,7.5,11.5,8],"texture":"#5"},"up":{"uv":[12.75,2.25,13.25,2.5],"texture":"#5"}}},{"to":[12.59844,29.98113,15.68871],"rotation":{"origin":[8.35277,8.5,7.7],"angle":-22.5,"axis":"x"},"from":[11.94219,28.57488,15.40899],"faces":{"down":{"rotation":180,"uv":[4.25,8,4.75,8.25],"texture":"#5"},"east":{"uv":[11,7.5,11.5,8],"texture":"#5"},"up":{"uv":[8.5,4.25,9,4.5],"texture":"#5"}}},{"to":[12.59844,24.40592,-8.35288],"rotation":{"origin":[8.35277,8.5,7.7],"angle":45,"axis":"x"},"from":[11.94219,22.99967,-8.6326],"faces":{"down":{"rotation":180,"uv":[2.75,9.25,3.25,9.75],"texture":"#5"},"east":{"uv":[11,7.5,11.5,8],"texture":"#5"},"up":{"uv":[9.25,4.75,9.75,5],"texture":"#5"}}},{"to":[12.59844,25.39587,23.04265],"rotation":{"origin":[8.35277,8.5,7.7],"angle":-45,"axis":"x"},"from":[11.94219,23.98962,22.76293],"faces":{"down":{"rotation":180,"uv":[2.75,9.25,3.25,9.5],"texture":"#5"},"east":{"uv":[11,7.5,11.5,8],"texture":"#5"},"up":{"rotation":180,"uv":[5.75,4.75,6.25,5],"texture":"#5"}}},{"to":[12.59844,29.41787,16.25198],"rotation":{"origin":[8.35277,8.5,7.7],"angle":-22.5,"axis":"x"},"from":[11.94219,29.13815,14.84573],"faces":{"east":{"rotation":270,"uv":[11,7.5,11.5,8],"texture":"#5"},"north":{"rotation":180,"uv":[2.5,10,3,10.5],"texture":"#5"},"south":{"rotation":180,"uv":[6.25,11.5,6.75,11.75],"texture":"#5"}}},{"to":[12.59844,28.88211,-0.73916],"rotation":{"origin":[8.35277,8.5,7.7],"angle":22.5,"axis":"x"},"from":[11.94219,28.6024,-2.14541],"faces":{"east":{"rotation":90,"uv":[11,7.5,11.5,8],"texture":"#5"},"north":{"rotation":180,"uv":[4.75,11.5,5.25,11.75],"texture":"#5"},"south":{"rotation":180,"uv":[1.25,9.75,1.75,10],"texture":"#5"}}},{"to":[12.59844,30.83986,7.70313],"rotation":{"origin":[8.35277,8.5,7.7],"angle":0,"axis":"y"},"from":[11.94219,30.56015,6.29688],"faces":{"east":{"uv":[11,7.5,11.5,8],"texture":"#5"},"north":{"rotation":180,"uv":[6.5,11,7,11.25],"texture":"#5"},"south":{"rotation":180,"uv":[5.5,11,6,11.25],"texture":"#5"}}},{"to":[13.02031,31.35625,7.13054],"rotation":{"origin":[8.35277,8.5,7.7],"angle":0,"axis":"y"},"from":[12.59844,30.04375,6.86946],"faces":{"down":{"rotation":180,"uv":[7.75,8,8.25,8.25],"texture":"#5"},"east":{"uv":[11,7.5,11.5,8],"texture":"#5"},"up":{"uv":[3.25,4,3.75,4.25],"texture":"#5"}}},{"to":[13.02031,29.93425,15.67939],"rotation":{"origin":[8.35277,8.5,7.7],"angle":-22.5,"axis":"x"},"from":[12.59844,28.62175,15.41832],"faces":{"down":{"rotation":180,"uv":[4.25,8,4.75,8.25],"texture":"#5"},"east":{"uv":[11,7.5,11.5,8],"texture":"#5"},"up":{"uv":[8.75,4.25,9.25,4.5],"texture":"#5"}}},{"to":[13.02031,29.3985,-1.31175],"rotation":{"origin":[8.35277,8.5,7.7],"angle":22.5,"axis":"x"},"from":[12.59844,28.086,-1.57283],"faces":{"down":{"uv":[4.25,8,4.75,8.25],"texture":"#5"},"east":{"uv":[11,7.5,11.5,8],"texture":"#5"},"up":{"uv":[10.5,2.75,11,3],"texture":"#5"}}},{"to":[13.02031,25.349,23.03333],"rotation":{"origin":[8.35277,8.5,7.7],"angle":-45,"axis":"x"},"from":[12.59844,24.0365,22.77226],"faces":{"down":{"rotation":180,"uv":[2.75,9.25,3.25,9.5],"texture":"#5"},"east":{"uv":[11,7.5,11.5,8],"texture":"#5"},"up":{"rotation":180,"uv":[7.5,4.75,8,5],"texture":"#5"}}},{"to":[13.02031,28.87278,-0.78604],"rotation":{"origin":[8.35277,8.5,7.7],"angle":22.5,"axis":"x"},"from":[12.59844,28.61171,-2.09854],"faces":{"east":{"rotation":90,"uv":[11,7.5,11.5,8],"texture":"#5"},"north":{"rotation":180,"uv":[6.75,11.5,7.25,11.75],"texture":"#5"},"south":{"rotation":180,"uv":[1.25,9.75,1.75,10],"texture":"#5"}}},{"to":[13.02031,24.35905,-8.36221],"rotation":{"origin":[8.35277,8.5,7.7],"angle":45,"axis":"x"},"from":[12.59844,23.04655,-8.62328],"faces":{"down":{"rotation":180,"uv":[2.75,9.25,3.25,9.75],"texture":"#5"},"east":{"uv":[11,7.5,11.5,8],"texture":"#5"},"up":{"uv":[9,4.75,9.5,5],"texture":"#5"}}},{"to":[13.02031,29.40854,16.20511],"rotation":{"origin":[8.35277,8.5,7.7],"angle":-22.5,"axis":"x"},"from":[12.59844,29.14747,14.89261],"faces":{"east":{"rotation":270,"uv":[11,7.5,11.5,8],"texture":"#5"},"north":{"rotation":180,"uv":[2.5,10,3,10.5],"texture":"#5"},"south":{"rotation":180,"uv":[6.25,11.5,6.75,11.75],"texture":"#5"}}},{"to":[13.02031,30.83054,7.65625],"rotation":{"origin":[8.35277,8.5,7.7],"angle":0,"axis":"y"},"from":[12.59844,30.56946,6.34375],"faces":{"east":{"uv":[11,7.5,11.5,8],"texture":"#5"},"north":{"rotation":180,"uv":[4.75,11,5.25,11.25],"texture":"#5"},"south":{"rotation":180,"uv":[5.5,11,6,11.25],"texture":"#5"}}},{"to":[13.25469,31.30938,7.12121],"rotation":{"origin":[8.35277,8.5,7.7],"angle":0,"axis":"y"},"from":[13.02031,30.09063,6.87879],"faces":{"down":{"rotation":180,"uv":[7.75,8,8.25,8.25],"texture":"#5"},"east":{"uv":[11,7.5,11.5,8],"texture":"#5"},"up":{"uv":[3.25,4,3.75,4.25],"texture":"#5"}}},{"to":[13.25469,29.35162,-1.32108],"rotation":{"origin":[8.35277,8.5,7.7],"angle":22.5,"axis":"x"},"from":[13.02031,28.13287,-1.5635],"faces":{"down":{"uv":[4.25,8,4.75,8.25],"texture":"#5"},"east":{"uv":[11,7.5,11.5,8],"texture":"#5"},"up":{"uv":[11.25,3.25,11.75,3.5],"texture":"#5"}}},{"to":[13.25469,29.88738,15.67007],"rotation":{"origin":[8.35277,8.5,7.7],"angle":-22.5,"axis":"x"},"from":[13.02031,28.66863,15.42764],"faces":{"down":{"rotation":180,"uv":[4.25,8,4.75,8.25],"texture":"#5"},"east":{"uv":[11,7.5,11.5,8],"texture":"#5"},"up":{"uv":[11,3,11.5,3.25],"texture":"#5"}}},{"to":[13.25469,24.31217,-8.37153],"rotation":{"origin":[8.35277,8.5,7.7],"angle":45,"axis":"x"},"from":[13.02031,23.09342,-8.61395],"faces":{"down":{"rotation":180,"uv":[2.75,9.25,3.25,9.75],"texture":"#5"},"east":{"uv":[11,7.5,11.5,8],"texture":"#5"},"up":{"uv":[6.5,4.75,7,5],"texture":"#5"}}},{"to":[13.25469,25.30212,23.024],"rotation":{"origin":[8.35277,8.5,7.7],"angle":-45,"axis":"x"},"from":[13.02031,24.08337,22.78158],"faces":{"down":{"rotation":180,"uv":[2.75,9.25,3.25,9.5],"texture":"#5"},"east":{"uv":[11,7.5,11.5,8],"texture":"#5"},"up":{"rotation":180,"uv":[8,4.75,8.5,5],"texture":"#5"}}},{"to":[13.25469,29.39922,16.15823],"rotation":{"origin":[8.35277,8.5,7.7],"angle":-22.5,"axis":"x"},"from":[13.02031,29.15679,14.93948],"faces":{"east":{"rotation":270,"uv":[11,7.5,11.5,8],"texture":"#5"},"north":{"rotation":180,"uv":[2.5,10,3,10.5],"texture":"#5"},"south":{"rotation":180,"uv":[7.5,11.5,8,11.75],"texture":"#5"}}},{"to":[13.25469,28.86346,-0.83291],"rotation":{"origin":[8.35277,8.5,7.7],"angle":22.5,"axis":"x"},"from":[13.02031,28.62103,-2.05166],"faces":{"east":{"rotation":90,"uv":[11,7.5,11.5,8],"texture":"#5"},"north":{"rotation":180,"uv":[7,11.5,7.5,11.75],"texture":"#5"},"south":{"rotation":180,"uv":[1.25,9.75,1.75,10],"texture":"#5"}}},{"to":[13.25469,30.82121,7.60938],"rotation":{"origin":[8.35277,8.5,7.7],"angle":0,"axis":"y"},"from":[13.02031,30.57879,6.39063],"faces":{"east":{"uv":[11,7.5,11.5,8],"texture":"#5"},"north":{"rotation":180,"uv":[6.25,11,6.75,11.25],"texture":"#5"},"south":{"rotation":180,"uv":[5.5,11,6,11.25],"texture":"#5"}}},{"to":[5.15509,31.4057,7.1875],"rotation":{"origin":[8.35277,8.5,7.7],"angle":-22.5,"axis":"z"},"from":[4.17072,31.0307,6.8125],"faces":{"east":{"uv":[7.5,2,8,2.5],"texture":"#5"},"north":{"uv":[6,4.5,6.5,5],"texture":"#5"},"up":{"uv":[4,4,4.5,4.5],"texture":"#5"},"south":{"uv":[5.75,4.5,6.25,5],"texture":"#5"}}},{"to":[22.14624,26.98957,7.1875],"rotation":{"origin":[8.35277,8.5,7.7],"angle":22.5,"axis":"z"},"from":[21.16186,26.61457,6.8125],"faces":{"down":{"rotation":180,"uv":[15,8,15.5,8.5],"texture":"#5"},"east":{"uv":[7.5,2,8,2.5],"texture":"#5"},"north":{"rotation":180,"uv":[5,8,5.5,8.5],"texture":"#5"},"south":{"rotation":180,"uv":[5,8,5.5,8.5],"texture":"#5"}}},{"to":[13.91855,30.8875,9.44885],"rotation":{"origin":[8.35277,8.5,7.7],"angle":22.5,"axis":"y"},"from":[12.93417,30.5125,9.02698],"faces":{"down":{"rotation":180,"uv":[9,10.25,9.5,10.75],"texture":"#5"},"east":{"uv":[7.5,2,8,2.5],"texture":"#5"},"up":{"uv":[6.5,4.75,7,5.25],"texture":"#5"},"south":{"rotation":180,"uv":[4.75,11.25,5.25,11.75],"texture":"#5"}}},{"to":[13.38279,30.8875,5.07959],"rotation":{"origin":[8.35277,8.5,7.7],"angle":-22.5,"axis":"y"},"from":[12.39841,30.5125,4.65771],"faces":{"down":{"rotation":180,"uv":[9,10.25,9.5,10.75],"texture":"#5"},"east":{"uv":[7.5,2,8,2.5],"texture":"#5"},"north":{"rotation":180,"uv":[4.75,11.25,5.25,11.75],"texture":"#5"},"up":{"rotation":180,"uv":[6.5,4.75,7,5.25],"texture":"#5"}}},{"to":[-1.43906,31.98906,7.25643],"rotation":{"origin":[9.18805,6.9375,7.7],"angle":0,"axis":"y"},"from":[-1.69697,29.41094,6.74358],"faces":{"down":{"rotation":180,"uv":[6.25,8,6.75,8.25],"texture":"#4"},"west":{"uv":[8.25,4,8.75,6],"texture":"#4"},"east":{"uv":[12.5,7.5,13,8],"texture":"#4"},"up":{"rotation":180,"uv":[3.5,3.75,4,4.25],"texture":"#4"}}},{"to":[-1.43896,29.91237,-1.78381],"rotation":{"origin":[9.18805,6.9375,7.7],"angle":22.5,"axis":"x"},"from":[-1.69687,27.33425,-2.29665],"faces":{"down":{"rotation":180,"uv":[6.25,8,6.75,8.25],"texture":"#4"},"west":{"uv":[7.25,4,7.75,6],"texture":"#4"},"east":{"uv":[12.5,7.5,13,8],"texture":"#4"},"up":{"uv":[3.5,4.25,4,4.75],"texture":"#4"}}},{"to":[-1.43896,30.44813,16.40322],"rotation":{"origin":[9.18805,6.9375,7.7],"angle":-22.5,"axis":"x"},"from":[-1.69687,27.87,15.89038],"faces":{"down":{"rotation":180,"uv":[6.25,8,6.75,8.25],"texture":"#4"},"west":{"uv":[7.25,4,7.75,6],"texture":"#4"},"east":{"uv":[12.5,7.5,13,8],"texture":"#4"},"up":{"rotation":180,"uv":[3.5,4.25,4,4.75],"texture":"#4"}}},{"to":[-1.43906,24.53421,-9.34117],"rotation":{"origin":[9.18805,6.9375,7.7],"angle":45,"axis":"x"},"from":[-1.69697,21.95608,-9.85402],"faces":{"down":{"rotation":180,"uv":[6.25,8,6.75,8.25],"texture":"#4"},"west":{"uv":[10.75,4.5,11.25,6.5],"texture":"#4"},"east":{"uv":[12.5,7.5,13,8],"texture":"#4"},"up":{"uv":[3.75,4.75,4.25,5.25],"texture":"#4"}}},{"to":[-1.43906,25.52416,24.26407],"rotation":{"origin":[9.18805,6.9375,7.7],"angle":-45,"axis":"x"},"from":[-1.69697,22.94603,23.75122],"faces":{"down":{"rotation":180,"uv":[6.25,8,6.75,8.25],"texture":"#4"},"west":{"uv":[6.75,4.5,7.25,6.5],"texture":"#4"},"east":{"uv":[12.5,7.5,13,8],"texture":"#4"},"up":{"rotation":180,"uv":[7.75,4.75,8.25,5.25],"texture":"#4"}}},{"to":[-1.43896,29.41549,17.43586],"rotation":{"origin":[9.18805,6.9375,7.7],"angle":-22.5,"axis":"x"},"from":[-1.69687,28.90265,14.85773],"faces":{"west":{"rotation":90,"uv":[0.5,4.75,1,6.75],"texture":"#4"},"east":{"rotation":270,"uv":[12.5,7.5,13,8],"texture":"#4"},"north":{"rotation":180,"uv":[6.75,8,7.25,8.5],"texture":"#4"},"south":{"uv":[5.25,5.5,5.75,6],"texture":"#4"}}},{"to":[-1.43896,28.87973,-0.75116],"rotation":{"origin":[9.18805,6.9375,7.7],"angle":22.5,"axis":"x"},"from":[-1.69687,28.3669,-3.32929],"faces":{"west":{"rotation":270,"uv":[0.75,4.75,1.25,6.75],"texture":"#4"},"east":{"rotation":90,"uv":[12.5,7.5,13,8],"texture":"#4"},"north":{"uv":[6.75,5.5,7.25,6],"texture":"#4"},"south":{"rotation":180,"uv":[6,8,6.5,8.5],"texture":"#4"}}},{"to":[-1.43906,30.95643,8.28906],"rotation":{"origin":[9.18805,6.9375,7.7],"angle":0,"axis":"y"},"from":[-1.69697,30.44358,5.71094],"faces":{"west":{"rotation":90,"uv":[7.25,9.5,7.75,11.5],"texture":"#4"},"east":{"uv":[12.5,7.5,13,8],"texture":"#4"},"north":{"rotation":180,"uv":[4.25,8.25,4.75,8.75],"texture":"#4"},"south":{"rotation":180,"uv":[6.25,8.25,6.75,8.75],"texture":"#4"}}},{"to":[-1.02656,31.73125,7.20513],"rotation":{"origin":[9.18805,6.9375,7.7],"angle":0,"axis":"y"},"from":[-1.43916,29.66875,6.79488],"faces":{"down":{"uv":[5.75,8,6.25,8.25],"texture":"#4"},"up":{"rotation":180,"uv":[10,2.75,10.5,3.25],"texture":"#4"}}},{"to":[-1.02656,29.65456,-1.8351],"rotation":{"origin":[9.18805,6.9375,7.7],"angle":22.5,"axis":"x"},"from":[-1.43916,27.59206,-2.24535],"faces":{"down":{"uv":[5.75,8,6.25,8.25],"texture":"#4"},"up":{"rotation":180,"uv":[11,2.5,11.5,3],"texture":"#4"}}},{"to":[-1.02656,30.19032,16.35192],"rotation":{"origin":[9.18805,6.9375,7.7],"angle":-22.5,"axis":"x"},"from":[-1.43916,28.12782,15.94167],"faces":{"down":{"uv":[5.75,8,6.25,8.25],"texture":"#4"},"up":{"rotation":180,"uv":[8.5,4,9,4.5],"texture":"#4"}}},{"to":[-1.02656,24.2764,-9.39247],"rotation":{"origin":[9.18805,6.9375,7.7],"angle":45,"axis":"x"},"from":[-1.43916,22.2139,-9.80272],"faces":{"down":{"uv":[5.75,8,6.25,8.25],"texture":"#4"},"up":{"uv":[3.25,4.25,3.75,4.75],"texture":"#4"}}},{"to":[-1.02656,29.36419,17.17804],"rotation":{"origin":[9.18805,6.9375,7.7],"angle":-22.5,"axis":"x"},"from":[-1.43916,28.95394,15.11554],"faces":{"north":{"rotation":180,"uv":[3,8,3.5,8.5],"texture":"#4"},"south":{"uv":[3.25,4.75,3.75,5.25],"texture":"#4"}}},{"to":[-1.02656,25.26635,24.21277],"rotation":{"origin":[9.18805,6.9375,7.7],"angle":-45,"axis":"x"},"from":[-1.43916,23.20385,23.80252],"faces":{"down":{"uv":[5.75,8,6.25,8.25],"texture":"#4"},"up":{"rotation":180,"uv":[3.25,4.25,3.75,4.75],"texture":"#4"}}},{"to":[-1.02656,28.82843,-1.00898],"rotation":{"origin":[9.18805,6.9375,7.7],"angle":22.5,"axis":"x"},"from":[-1.43916,28.41818,-3.07148],"faces":{"north":{"uv":[3.25,4.75,3.75,5.25],"texture":"#4"},"south":{"rotation":180,"uv":[3,8,3.5,8.5],"texture":"#4"}}},{"to":[-1.02656,30.90513,8.03125],"rotation":{"origin":[9.18805,6.9375,7.7],"angle":0,"axis":"y"},"from":[-1.43916,30.49488,5.96875],"faces":{"north":{"uv":[3.25,5.25,3.75,5.75],"texture":"#4"},"south":{"uv":[3.25,5.25,3.75,5.75],"texture":"#4"}}},{"to":[9.67579,30.55781,9.72351],"rotation":{"origin":[9.18805,7.7125,8.35],"angle":0,"axis":"y"},"from":[9.18594,28.39219,8.82649],"faces":{"down":{"uv":[6.25,7.75,6.75,8.5],"texture":"#4"},"east":{"uv":[9.5,7.25,10.25,8.25],"texture":"#4"},"up":{"rotation":180,"uv":[1.25,3.75,1.75,4.5],"texture":"#4"}}},{"to":[-1.69677,29.6032,9.91954],"rotation":{"origin":[9.18805,7.7125,8.35],"angle":0,"axis":"y"},"from":[-1.7999,29.3468,8.63047],"faces":{"west":{"uv":[6.25,4.5,6.75,5],"texture":"#1"},"north":{"uv":[6.25,4.5,6.5,5],"texture":"#1"},"south":{"uv":[6.25,4.5,6.5,5],"texture":"#1"}}},{"to":[-1.69687,28.30062,1.52097],"rotation":{"origin":[9.18805,7.7125,8.35],"angle":22.5,"axis":"x"},"from":[-1.8,28.04421,0.23191],"faces":{"west":{"rotation":270,"uv":[9.25,4.5,9.75,5.25],"texture":"#1"},"north":{"uv":[7.25,4.25,7.5,4.75],"texture":"#1"},"south":{"uv":[6.25,5,6.5,5.5],"texture":"#1"}}},{"to":[-1.69687,27.59266,18.17727],"rotation":{"origin":[9.18805,7.7125,8.35],"angle":-22.5,"axis":"x"},"from":[-1.8,27.33625,16.88821],"faces":{"west":{"rotation":90,"uv":[9,4.5,9.5,5.25],"texture":"#1"},"north":{"uv":[6.25,5,6.5,5.5],"texture":"#1"},"south":{"uv":[7.25,4.25,7.5,4.75],"texture":"#1"}}},{"to":[-1.69677,23.88318,-5.7398],"rotation":{"origin":[9.18805,7.7125,8.35],"angle":45,"axis":"x"},"from":[-1.7999,23.62677,-7.02886],"faces":{"west":{"rotation":270,"uv":[6.25,4.5,6.75,5.25],"texture":"#1"},"north":{"uv":[8.25,4.5,8.5,5],"texture":"#1"},"south":{"uv":[6,5.5,6.25,6],"texture":"#1"}}},{"to":[-1.69677,22.57503,25.03701],"rotation":{"origin":[9.18805,7.7125,8.35],"angle":-45,"axis":"x"},"from":[-1.7999,22.31862,23.74794],"faces":{"west":{"rotation":90,"uv":[6.25,4.5,6.75,5.25],"texture":"#1"},"north":{"uv":[6,5.5,6.25,6],"texture":"#1"},"south":{"uv":[3.75,4,4,4.5],"texture":"#1"}}},{"to":[-1.69687,28.10898,17.66094],"rotation":{"origin":[9.18805,7.7125,8.35],"angle":-22.5,"axis":"x"},"from":[-1.8,26.81992,17.40453],"faces":{"down":{"rotation":180,"uv":[9,8,9.25,8.5],"texture":"#1"},"west":{"uv":[5.25,4.5,5.75,5.25],"texture":"#1"},"up":{"rotation":180,"uv":[7.25,4.25,7.5,4.75],"texture":"#1"}}},{"to":[-1.69687,28.81695,1.00465],"rotation":{"origin":[9.18805,7.7125,8.35],"angle":22.5,"axis":"x"},"from":[-1.8,27.52789,0.74823],"faces":{"down":{"uv":[9,8,9.25,8.5],"texture":"#1"},"west":{"uv":[5.25,4.5,5.75,5.25],"texture":"#1"},"up":{"uv":[3.25,4,3.5,4.5],"texture":"#1"}}},{"to":[-1.69677,30.11954,9.4032],"rotation":{"origin":[0.05166,24.9,8.35],"angle":0,"axis":"y"},"from":[-1.7999,28.83047,9.1468],"faces":{"down":{"uv":[9.5,8,9.75,8.25],"texture":"#1"},"west":{"uv":[6.25,4.5,6.75,5.25],"texture":"#1"},"up":{"uv":[3.25,4,3.5,4.5],"texture":"#1"}}},{"to":[9.18594,29.46147,1.13286],"rotation":{"origin":[9.18805,7.7125,8.35],"angle":22.5,"axis":"x"},"from":[-1.07812,26.88335,0.62003],"faces":{"down":{"rotation":180,"uv":[3,9,7,9.5],"texture":"#4"},"west":{"uv":[12.5,7.5,13,8],"texture":"#4"},"east":{"uv":[9.5,7.25,10.25,8.25],"texture":"#4"},"up":{"uv":[2,3.75,6,4.25],"texture":"#4"}}},{"to":[9.18594,28.75351,17.78914],"rotation":{"origin":[9.18805,7.7125,8.35],"angle":-22.5,"axis":"x"},"from":[-1.07812,26.17538,17.27632],"faces":{"down":{"rotation":180,"uv":[3.5,8,7.5,8.5],"texture":"#4"},"west":{"uv":[12.5,7.5,13,8],"texture":"#4"},"east":{"uv":[9.5,7.25,10.25,8.25],"texture":"#4"},"up":{"uv":[0,3.25,4,3.75],"texture":"#4"}}},{"to":[9.18594,25.04404,-6.12792],"rotation":{"origin":[9.18805,7.7125,8.35],"angle":45,"axis":"x"},"from":[-1.07812,22.46592,-6.64075],"faces":{"down":{"rotation":180,"uv":[5.75,5.5,9.75,6],"texture":"#4"},"west":{"uv":[12.5,7.5,13,8],"texture":"#4"},"east":{"uv":[9.5,7.25,10.25,8.25],"texture":"#4"},"up":{"uv":[5.25,4.25,9.25,4.75],"texture":"#4"}}},{"to":[9.18594,23.7359,24.64889],"rotation":{"origin":[9.18805,7.7125,8.35],"angle":-45,"axis":"x"},"from":[-1.07812,21.15777,24.13607],"faces":{"down":{"uv":[4.5,5.5,8.5,6],"texture":"#4"},"west":{"uv":[12.5,7.5,13,8],"texture":"#4"},"east":{"uv":[9.5,7.25,10.25,8.25],"texture":"#4"},"up":{"rotation":180,"uv":[1.25,4.25,5.25,4.75],"texture":"#4"}}},{"to":[9.18594,27.72086,18.82179],"rotation":{"origin":[9.18805,7.7125,8.35],"angle":-22.5,"axis":"x"},"from":[-1.07812,27.20803,16.24367],"faces":{"west":{"rotation":90,"uv":[12.5,7.5,13,8],"texture":"#4"},"east":{"uv":[9.5,7.25,10.25,7.75],"texture":"#4"},"north":{"uv":[6.25,5,10.25,5.5],"texture":"#4"},"south":{"uv":[5.25,4.75,9.25,5.25],"texture":"#4"}}},{"to":[9.18594,28.42882,2.16551],"rotation":{"origin":[9.18805,7.7125,8.35],"angle":22.5,"axis":"x"},"from":[-1.07812,27.916,-0.41262],"faces":{"west":{"rotation":270,"uv":[12.5,7.5,13,8],"texture":"#4"},"east":{"uv":[9.5,7.25,10.25,7.75],"texture":"#4"},"north":{"uv":[5.25,4.75,9.25,5.25],"texture":"#4"},"south":{"uv":[6.25,5,10.25,5.5],"texture":"#4"}}},{"to":[9.18594,29.73141,10.56406],"rotation":{"origin":[9.18805,7.7125,8.35],"angle":0,"axis":"y"},"from":[-1.07812,29.21859,7.98594],"faces":{"west":{"uv":[12.5,7.5,13,8],"texture":"#4"},"north":{"uv":[3,12.25,7,12.75],"texture":"#4"},"south":{"uv":[0,12,4,12.5],"texture":"#4"}}},{"to":[8.61486,29.51959,9.53141],"rotation":{"origin":[11.38409,25.46604,8.35],"angle":-22.5,"axis":"z"},"from":[7.3258,28.48834,9.01859],"faces":{"north":{"rotation":180,"uv":[10.5,2.75,11,3.25],"texture":"#4"},"up":{"uv":[2,3.25,2.75,3.75],"texture":"#4"},"south":{"rotation":180,"uv":[10.5,2.75,11,3.25],"texture":"#4"}}},{"to":[18.31,27.65955,9.53141],"rotation":{"origin":[9.18805,7.7125,8.35],"angle":22.5,"axis":"z"},"from":[17.02093,26.6283,9.01859],"faces":{"down":{"rotation":180,"uv":[5.5,7.75,6.25,8.25],"texture":"#4"},"north":{"rotation":180,"uv":[7.5,8,7.75,8.25],"texture":"#4"},"south":{"rotation":180,"uv":[7.5,8,7.75,8.25],"texture":"#4"}}},{"to":[9.62788,29.73141,10.39472],"rotation":{"origin":[9.18806,7.7125,8.35],"angle":22.5,"axis":"y"},"from":[8.33881,29.21859,9.36347],"faces":{"down":{"rotation":180,"uv":[4.5,12,5,12.5],"texture":"#4"},"up":{"rotation":180,"uv":[4.5,12,5,12.5],"texture":"#4"},"south":{"uv":[0,12,0.75,12.5],"texture":"#4"}}},{"to":[10.33584,29.73141,9.04571],"rotation":{"origin":[9.18805,7.7125,8.35],"angle":-22.5,"axis":"y"},"from":[9.04677,29.21859,8.01446],"faces":{"down":{"rotation":180,"uv":[4.5,12,5,12.5],"texture":"#4"},"north":{"uv":[0,12,0.75,12.5],"texture":"#4"},"up":{"rotation":180,"uv":[4.5,12,5,12.5],"texture":"#4"}}},{"to":[9.18594,30.76406,9.53142],"rotation":{"origin":[9.18805,7.7125,8.35],"angle":0,"axis":"y"},"from":[-1.07812,28.18594,9.01859],"faces":{"down":{"rotation":180,"uv":[5.5,7.75,9.5,8.25],"texture":"#4"},"west":{"uv":[12.5,7.5,13,8],"texture":"#4"},"up":{"uv":[2,3.25,6,3.75],"texture":"#4"}}},{"to":[9.67579,23.52965,24.84099],"rotation":{"origin":[9.18805,7.7125,8.35],"angle":-45,"axis":"x"},"from":[9.18594,21.36402,23.94397],"faces":{"down":{"rotation":180,"uv":[2,5.75,2.5,6.5],"texture":"#4"},"east":{"uv":[9.5,7.25,10.25,8.25],"texture":"#4"},"up":{"rotation":180,"uv":[1.25,4.25,1.75,5],"texture":"#4"}}},{"to":[9.67579,24.83779,-5.93582],"rotation":{"origin":[9.18805,7.7125,8.35],"angle":45,"axis":"x"},"from":[9.18594,22.67217,-6.83285],"faces":{"down":{"uv":[2,5.75,2.5,6.5],"texture":"#4"},"east":{"uv":[9.5,7.25,10.25,8.25],"texture":"#4"},"up":{"uv":[1.25,4.25,1.75,5],"texture":"#4"}}},{"to":[9.67579,29.92351,10.35781],"rotation":{"origin":[9.18805,7.7125,8.35],"angle":0,"axis":"y"},"from":[9.18594,29.02649,8.19219],"faces":{"east":{"uv":[9.5,7.25,10.25,8.25],"texture":"#4"},"north":{"uv":[3,4.75,3.5,5.5],"texture":"#4"},"south":{"uv":[3,4.75,3.5,5.5],"texture":"#4"}}},{"to":[11.34844,30.29531,9.43817],"rotation":{"origin":[8.35277,9.275,8.35],"angle":0,"axis":"y"},"from":[9.47344,28.65469,9.11183],"faces":{"down":{"rotation":180,"uv":[7.25,8,8.25,8.25],"texture":"#4"},"east":{"uv":[5.25,10.5,5.75,11],"texture":"#4"},"up":{"rotation":180,"uv":[3.5,4,4.5,4.25],"texture":"#4"}}},{"to":[11.34844,29.11166,1.63756],"rotation":{"origin":[8.35277,9.275,8.35],"angle":22.5,"axis":"x"},"from":[9.47344,27.47104,1.31121],"faces":{"down":{"rotation":180,"uv":[5.25,7.75,6.25,8],"texture":"#4"},"east":{"uv":[5.25,10.5,5.75,11],"texture":"#4"},"up":{"rotation":180,"uv":[5.25,4.25,6.25,4.5],"texture":"#4"}}},{"to":[11.34844,28.4037,17.09797],"rotation":{"origin":[8.35277,9.275,8.35],"angle":-22.5,"axis":"x"},"from":[9.47344,26.76307,16.77162],"faces":{"down":{"rotation":180,"uv":[2.5,8.25,3.5,8.5],"texture":"#4"},"east":{"uv":[5.25,10.5,5.75,11],"texture":"#4"},"up":{"rotation":180,"uv":[4.75,4.25,5.75,4.5],"texture":"#4"}}},{"to":[11.34844,25.03294,-5.11631],"rotation":{"origin":[8.35277,9.275,8.35],"angle":45,"axis":"x"},"from":[9.47344,23.39232,-5.44265],"faces":{"down":{"rotation":180,"uv":[4.75,5.5,5.75,5.75],"texture":"#4"},"east":{"uv":[5.25,10.5,5.75,11],"texture":"#4"},"up":{"rotation":180,"uv":[6.75,4.5,7.75,4.75],"texture":"#4"}}},{"to":[11.34844,23.7248,23.45079],"rotation":{"origin":[8.35277,9.275,8.35],"angle":-45,"axis":"x"},"from":[9.47344,22.08417,23.12446],"faces":{"down":{"rotation":180,"uv":[4.25,5.75,5.25,6],"texture":"#4"},"east":{"uv":[5.25,10.5,5.75,11],"texture":"#4"},"up":{"rotation":180,"uv":[1.25,4.25,2.25,4.5],"texture":"#4"}}},{"to":[11.34844,27.74656,17.75511],"rotation":{"origin":[8.35277,9.275,8.35],"angle":-22.5,"axis":"x"},"from":[9.47344,27.42021,16.11448],"faces":{"east":{"uv":[5.25,10.5,5.75,11],"texture":"#4"},"north":{"rotation":180,"uv":[3,5.25,4,5.5],"texture":"#4"},"south":{"rotation":180,"uv":[6.75,4.75,7.75,5],"texture":"#4"}}},{"to":[11.34844,28.45452,2.2947],"rotation":{"origin":[8.35277,9.275,8.35],"angle":22.5,"axis":"x"},"from":[9.47344,28.12817,0.65407],"faces":{"east":{"uv":[5.25,10.5,5.75,11],"texture":"#4"},"north":{"rotation":180,"uv":[1.5,4.75,2.5,5],"texture":"#4"},"south":{"rotation":180,"uv":[8,5.25,9,5.5],"texture":"#4"}}},{"to":[11.34844,29.63817,10.09531],"rotation":{"origin":[8.35277,9.275,8.35],"angle":0,"axis":"y"},"from":[9.47344,29.31182,8.45469],"faces":{"east":{"uv":[5.25,10.5,5.75,11],"texture":"#4"},"north":{"rotation":180,"uv":[2,5,3,5.25],"texture":"#4"},"south":{"rotation":180,"uv":[5,5,6,5.25],"texture":"#4"}}},{"to":[11.94219,30.225,9.42419],"rotation":{"origin":[8.35277,9.275,8.35],"angle":0,"axis":"y"},"from":[11.00469,28.725,9.12581],"faces":{"down":{"rotation":180,"uv":[7.75,8,8.25,8.25],"texture":"#5"},"east":{"uv":[11,7.5,11.5,8],"texture":"#5"},"up":{"uv":[3.25,4,3.75,4.25],"texture":"#5"}}},{"to":[11.94219,28.33338,17.08398],"rotation":{"origin":[8.35277,9.275,8.35],"angle":-22.5,"axis":"x"},"from":[11.00469,26.83338,16.78561],"faces":{"down":{"rotation":180,"uv":[4.25,8,4.75,8.25],"texture":"#5"},"east":{"uv":[11,7.5,11.5,8],"texture":"#5"},"up":{"uv":[7.5,4.25,8,4.5],"texture":"#5"}}},{"to":[11.94219,29.04135,1.62357],"rotation":{"origin":[8.35277,9.275,8.35],"angle":22.5,"axis":"x"},"from":[11.00469,27.54135,1.3252],"faces":{"down":{"uv":[4.25,8,4.75,8.25],"texture":"#5"},"east":{"uv":[11,7.5,11.5,8],"texture":"#5"},"up":{"uv":[5.5,4.25,6,4.5],"texture":"#5"}}},{"to":[11.94219,23.65448,23.43681],"rotation":{"origin":[8.35277,9.275,8.35],"angle":-45,"axis":"x"},"from":[11.00469,22.15448,23.13844],"faces":{"down":{"rotation":180,"uv":[2.75,9.25,3.25,9.5],"texture":"#5"},"east":{"uv":[11,7.5,11.5,8],"texture":"#5"},"up":{"rotation":180,"uv":[6.5,4.75,7,5],"texture":"#5"}}},{"to":[11.94219,24.96263,-5.1303],"rotation":{"origin":[8.35277,9.275,8.35],"angle":45,"axis":"x"},"from":[11.00469,23.46263,-5.42866],"faces":{"down":{"rotation":180,"uv":[2.75,9.25,3.25,9.75],"texture":"#5"},"east":{"uv":[11,7.5,11.5,8],"texture":"#5"},"up":{"uv":[8.5,4.75,9,5],"texture":"#5"}}},{"to":[11.94219,28.44054,2.22438],"rotation":{"origin":[8.35277,9.275,8.35],"angle":22.5,"axis":"x"},"from":[11.00469,28.14216,0.72438],"faces":{"east":{"rotation":90,"uv":[11,7.5,11.5,8],"texture":"#5"},"north":{"rotation":180,"uv":[5.5,11.5,6,11.75],"texture":"#5"},"south":{"rotation":180,"uv":[1.25,9.75,1.75,10],"texture":"#5"}}},{"to":[11.94219,27.73257,17.68479],"rotation":{"origin":[8.35277,9.275,8.35],"angle":-22.5,"axis":"x"},"from":[11.00469,27.4342,16.18479],"faces":{"east":{"rotation":270,"uv":[11,7.5,11.5,8],"texture":"#5"},"north":{"rotation":180,"uv":[2.5,10,3,10.5],"texture":"#5"},"south":{"rotation":180,"uv":[5.5,11.5,6,11.75],"texture":"#5"}}},{"to":[11.94219,29.62419,10.025],"rotation":{"origin":[8.35277,9.275,8.35],"angle":0,"axis":"y"},"from":[11.00469,29.32581,8.525],"faces":{"east":{"uv":[11,7.5,11.5,8],"texture":"#5"},"north":{"rotation":180,"uv":[5.5,11,6,11.25],"texture":"#5"},"south":{"rotation":180,"uv":[5.5,11,6,11.25],"texture":"#5"}}},{"to":[12.59844,30.17812,9.41485],"rotation":{"origin":[8.35277,9.275,8.35],"angle":0,"axis":"y"},"from":[11.94219,28.77187,9.13515],"faces":{"down":{"rotation":180,"uv":[7.75,8,8.25,8.25],"texture":"#5"},"east":{"uv":[11,7.5,11.5,8],"texture":"#5"},"up":{"uv":[3.25,4,3.75,4.25],"texture":"#5"}}},{"to":[12.59844,28.99447,1.61425],"rotation":{"origin":[8.35277,9.275,8.35],"angle":22.5,"axis":"x"},"from":[11.94219,27.58822,1.33453],"faces":{"down":{"uv":[4.25,8,4.75,8.25],"texture":"#5"},"east":{"uv":[11,7.5,11.5,8],"texture":"#5"},"up":{"uv":[12.75,2.25,13.25,2.5],"texture":"#5"}}},{"to":[12.59844,28.28651,17.07464],"rotation":{"origin":[8.35277,9.275,8.35],"angle":-22.5,"axis":"x"},"from":[11.94219,26.88026,16.79493],"faces":{"down":{"rotation":180,"uv":[4.25,8,4.75,8.25],"texture":"#5"},"east":{"uv":[11,7.5,11.5,8],"texture":"#5"},"up":{"uv":[8.5,4.25,9,4.5],"texture":"#5"}}},{"to":[12.59844,24.91576,-5.13962],"rotation":{"origin":[8.35277,9.275,8.35],"angle":45,"axis":"x"},"from":[11.94219,23.50951,-5.41933],"faces":{"down":{"rotation":180,"uv":[2.75,9.25,3.25,9.75],"texture":"#5"},"east":{"uv":[11,7.5,11.5,8],"texture":"#5"},"up":{"uv":[9.25,4.75,9.75,5],"texture":"#5"}}},{"to":[12.59844,23.60761,23.42748],"rotation":{"origin":[8.35277,9.275,8.35],"angle":-45,"axis":"x"},"from":[11.94219,22.20136,23.14777],"faces":{"down":{"rotation":180,"uv":[2.75,9.25,3.25,9.5],"texture":"#5"},"east":{"uv":[11,7.5,11.5,8],"texture":"#5"},"up":{"rotation":180,"uv":[5.75,4.75,6.25,5],"texture":"#5"}}},{"to":[12.59844,27.72325,17.63792],"rotation":{"origin":[8.35277,9.275,8.35],"angle":-22.5,"axis":"x"},"from":[11.94219,27.44353,16.23167],"faces":{"east":{"rotation":270,"uv":[11,7.5,11.5,8],"texture":"#5"},"north":{"rotation":180,"uv":[2.5,10,3,10.5],"texture":"#5"},"south":{"rotation":180,"uv":[6.25,11.5,6.75,11.75],"texture":"#5"}}},{"to":[12.59844,28.43121,2.17751],"rotation":{"origin":[8.35277,9.275,8.35],"angle":22.5,"axis":"x"},"from":[11.94219,28.1515,0.77126],"faces":{"east":{"rotation":90,"uv":[11,7.5,11.5,8],"texture":"#5"},"north":{"rotation":180,"uv":[4.75,11.5,5.25,11.75],"texture":"#5"},"south":{"rotation":180,"uv":[1.25,9.75,1.75,10],"texture":"#5"}}},{"to":[12.59844,29.61486,9.97812],"rotation":{"origin":[8.35277,9.275,8.35],"angle":0,"axis":"y"},"from":[11.94219,29.33515,8.57187],"faces":{"east":{"uv":[11,7.5,11.5,8],"texture":"#5"},"north":{"rotation":180,"uv":[6.5,11,7,11.25],"texture":"#5"},"south":{"rotation":180,"uv":[5.5,11,6,11.25],"texture":"#5"}}},{"to":[13.02031,30.13125,9.40554],"rotation":{"origin":[8.35277,9.275,8.35],"angle":0,"axis":"y"},"from":[12.59844,28.81875,9.14446],"faces":{"down":{"rotation":180,"uv":[7.75,8,8.25,8.25],"texture":"#5"},"east":{"uv":[11,7.5,11.5,8],"texture":"#5"},"up":{"uv":[3.25,4,3.75,4.25],"texture":"#5"}}},{"to":[13.02031,28.23963,17.06533],"rotation":{"origin":[8.35277,9.275,8.35],"angle":-22.5,"axis":"x"},"from":[12.59844,26.92713,16.80426],"faces":{"down":{"rotation":180,"uv":[4.25,8,4.75,8.25],"texture":"#5"},"east":{"uv":[11,7.5,11.5,8],"texture":"#5"},"up":{"uv":[8.75,4.25,9.25,4.5],"texture":"#5"}}},{"to":[13.02031,28.9476,1.60492],"rotation":{"origin":[8.35277,9.275,8.35],"angle":22.5,"axis":"x"},"from":[12.59844,27.6351,1.34385],"faces":{"down":{"uv":[4.25,8,4.75,8.25],"texture":"#5"},"east":{"uv":[11,7.5,11.5,8],"texture":"#5"},"up":{"uv":[10.5,2.75,11,3],"texture":"#5"}}},{"to":[13.02031,23.56073,23.41817],"rotation":{"origin":[8.35277,9.275,8.35],"angle":-45,"axis":"x"},"from":[12.59844,22.24823,23.15709],"faces":{"down":{"rotation":180,"uv":[2.75,9.25,3.25,9.5],"texture":"#5"},"east":{"uv":[11,7.5,11.5,8],"texture":"#5"},"up":{"rotation":180,"uv":[7.5,4.75,8,5],"texture":"#5"}}},{"to":[13.02031,28.42189,2.13063],"rotation":{"origin":[8.35277,9.275,8.35],"angle":22.5,"axis":"x"},"from":[12.59844,28.16081,0.81813],"faces":{"east":{"rotation":90,"uv":[11,7.5,11.5,8],"texture":"#5"},"north":{"rotation":180,"uv":[6.75,11.5,7.25,11.75],"texture":"#5"},"south":{"rotation":180,"uv":[1.25,9.75,1.75,10],"texture":"#5"}}},{"to":[13.02031,24.86888,-5.14895],"rotation":{"origin":[8.35277,9.275,8.35],"angle":45,"axis":"x"},"from":[12.59844,23.55638,-5.41002],"faces":{"down":{"rotation":180,"uv":[2.75,9.25,3.25,9.75],"texture":"#5"},"east":{"uv":[11,7.5,11.5,8],"texture":"#5"},"up":{"uv":[9,4.75,9.5,5],"texture":"#5"}}},{"to":[13.02031,27.71392,17.59104],"rotation":{"origin":[8.35277,9.275,8.35],"angle":-22.5,"axis":"x"},"from":[12.59844,27.45285,16.27854],"faces":{"east":{"rotation":270,"uv":[11,7.5,11.5,8],"texture":"#5"},"north":{"rotation":180,"uv":[2.5,10,3,10.5],"texture":"#5"},"south":{"rotation":180,"uv":[6.25,11.5,6.75,11.75],"texture":"#5"}}},{"to":[13.02031,29.60554,9.93125],"rotation":{"origin":[8.35277,9.275,8.35],"angle":0,"axis":"y"},"from":[12.59844,29.34446,8.61875],"faces":{"east":{"uv":[11,7.5,11.5,8],"texture":"#5"},"north":{"rotation":180,"uv":[4.75,11,5.25,11.25],"texture":"#5"},"south":{"rotation":180,"uv":[5.5,11,6,11.25],"texture":"#5"}}},{"to":[13.25469,30.08437,9.39621],"rotation":{"origin":[8.35277,9.275,8.35],"angle":0,"axis":"y"},"from":[13.02031,28.86562,9.15379],"faces":{"down":{"rotation":180,"uv":[7.75,8,8.25,8.25],"texture":"#5"},"east":{"uv":[11,7.5,11.5,8],"texture":"#5"},"up":{"uv":[3.25,4,3.75,4.25],"texture":"#5"}}},{"to":[13.25469,28.90072,1.5956],"rotation":{"origin":[8.35277,9.275,8.35],"angle":22.5,"axis":"x"},"from":[13.02031,27.68197,1.35317],"faces":{"down":{"uv":[4.25,8,4.75,8.25],"texture":"#5"},"east":{"uv":[11,7.5,11.5,8],"texture":"#5"},"up":{"uv":[11.25,3.25,11.75,3.5],"texture":"#5"}}},{"to":[13.25469,28.19276,17.05601],"rotation":{"origin":[8.35277,9.275,8.35],"angle":-22.5,"axis":"x"},"from":[13.02031,26.97401,16.81358],"faces":{"down":{"rotation":180,"uv":[4.25,8,4.75,8.25],"texture":"#5"},"east":{"uv":[11,7.5,11.5,8],"texture":"#5"},"up":{"uv":[11,3,11.5,3.25],"texture":"#5"}}},{"to":[13.25469,24.82201,-5.15827],"rotation":{"origin":[8.35277,9.275,8.35],"angle":45,"axis":"x"},"from":[13.02031,23.60326,-5.40068],"faces":{"down":{"rotation":180,"uv":[2.75,9.25,3.25,9.75],"texture":"#5"},"east":{"uv":[11,7.5,11.5,8],"texture":"#5"},"up":{"uv":[6.5,4.75,7,5],"texture":"#5"}}},{"to":[13.25469,23.51386,23.40883],"rotation":{"origin":[8.35277,9.275,8.35],"angle":-45,"axis":"x"},"from":[13.02031,22.29511,23.16642],"faces":{"down":{"rotation":180,"uv":[2.75,9.25,3.25,9.5],"texture":"#5"},"east":{"uv":[11,7.5,11.5,8],"texture":"#5"},"up":{"rotation":180,"uv":[8,4.75,8.5,5],"texture":"#5"}}},{"to":[13.25469,27.7046,17.54417],"rotation":{"origin":[8.35277,9.275,8.35],"angle":-22.5,"axis":"x"},"from":[13.02031,27.46217,16.32542],"faces":{"east":{"rotation":270,"uv":[11,7.5,11.5,8],"texture":"#5"},"north":{"rotation":180,"uv":[2.5,10,3,10.5],"texture":"#5"},"south":{"rotation":180,"uv":[7.5,11.5,8,11.75],"texture":"#5"}}},{"to":[13.25469,28.41256,2.08376],"rotation":{"origin":[8.35277,9.275,8.35],"angle":22.5,"axis":"x"},"from":[13.02031,28.17014,0.86501],"faces":{"east":{"rotation":90,"uv":[11,7.5,11.5,8],"texture":"#5"},"north":{"rotation":180,"uv":[7,11.5,7.5,11.75],"texture":"#5"},"south":{"rotation":180,"uv":[1.25,9.75,1.75,10],"texture":"#5"}}},{"to":[13.25469,29.59621,9.88437],"rotation":{"origin":[8.35277,9.275,8.35],"angle":0,"axis":"y"},"from":[13.02031,29.35379,8.66562],"faces":{"east":{"uv":[11,7.5,11.5,8],"texture":"#5"},"north":{"rotation":180,"uv":[6.25,11,6.75,11.25],"texture":"#5"},"south":{"rotation":180,"uv":[5.5,11,6,11.25],"texture":"#5"}}},{"to":[5.92046,30.33294,9.4625],"rotation":{"origin":[8.35277,9.275,8.35],"angle":-22.5,"axis":"z"},"from":[4.93609,29.95794,9.0875],"faces":{"east":{"uv":[7.5,2,8,2.5],"texture":"#5"},"north":{"uv":[6,4.5,6.5,5],"texture":"#5"},"up":{"uv":[4,4,4.5,4.5],"texture":"#5"},"south":{"uv":[5.75,4.5,6.25,5],"texture":"#5"}}},{"to":[21.38087,25.91681,9.4625],"rotation":{"origin":[8.35277,9.275,8.35],"angle":22.5,"axis":"z"},"from":[20.3965,25.54181,9.0875],"faces":{"down":{"rotation":180,"uv":[15,8,15.5,8.5],"texture":"#5"},"east":{"uv":[7.5,2,8,2.5],"texture":"#5"},"north":{"rotation":180,"uv":[5,8,5.5,8.5],"texture":"#5"},"south":{"rotation":180,"uv":[5,8,5.5,8.5],"texture":"#5"}}},{"to":[13.29668,29.6625,11.60016],"rotation":{"origin":[8.35277,9.275,8.35],"angle":22.5,"axis":"y"},"from":[12.31231,29.2875,11.17828],"faces":{"down":{"rotation":180,"uv":[9,10.25,9.5,10.75],"texture":"#5"},"east":{"uv":[7.5,2,8,2.5],"texture":"#5"},"up":{"uv":[6.5,4.75,7,5.25],"texture":"#5"},"south":{"rotation":180,"uv":[4.75,11.25,5.25,11.75],"texture":"#5"}}},{"to":[14.00465,29.6625,7.23089],"rotation":{"origin":[8.35277,9.275,8.35],"angle":-22.5,"axis":"y"},"from":[13.02027,29.2875,6.80902],"faces":{"down":{"rotation":180,"uv":[9,10.25,9.5,10.75],"texture":"#5"},"east":{"uv":[7.5,2,8,2.5],"texture":"#5"},"north":{"rotation":180,"uv":[4.75,11.25,5.25,11.75],"texture":"#5"},"up":{"rotation":180,"uv":[6.5,4.75,7,5.25],"texture":"#5"}}},{"to":[-1.43906,30.76406,9.53142],"rotation":{"origin":[9.18805,7.7125,8.35],"angle":0,"axis":"y"},"from":[-1.69697,28.18594,9.01857],"faces":{"down":{"rotation":180,"uv":[6.25,8,6.75,8.25],"texture":"#4"},"west":{"uv":[8.25,4,8.75,6],"texture":"#4"},"east":{"uv":[12.5,7.5,13,8],"texture":"#4"},"up":{"rotation":180,"uv":[3.5,3.75,4,4.25],"texture":"#4"}}},{"to":[-1.43896,29.46147,1.13286],"rotation":{"origin":[9.18805,7.7125,8.35],"angle":22.5,"axis":"x"},"from":[-1.69687,26.88335,0.62002],"faces":{"down":{"rotation":180,"uv":[6.25,8,6.75,8.25],"texture":"#4"},"west":{"uv":[7.25,4,7.75,6],"texture":"#4"},"east":{"uv":[12.5,7.5,13,8],"texture":"#4"},"up":{"uv":[3.5,4.25,4,4.75],"texture":"#4"}}},{"to":[-1.43896,28.75351,17.78916],"rotation":{"origin":[9.18805,7.7125,8.35],"angle":-22.5,"axis":"x"},"from":[-1.69687,26.17538,17.27632],"faces":{"down":{"rotation":180,"uv":[6.25,8,6.75,8.25],"texture":"#4"},"west":{"uv":[7.25,4,7.75,6],"texture":"#4"},"east":{"uv":[12.5,7.5,13,8],"texture":"#4"},"up":{"rotation":180,"uv":[3.5,4.25,4,4.75],"texture":"#4"}}},{"to":[-1.43906,25.04404,-6.12791],"rotation":{"origin":[9.18805,7.7125,8.35],"angle":45,"axis":"x"},"from":[-1.69697,22.46592,-6.64076],"faces":{"down":{"rotation":180,"uv":[6.25,8,6.75,8.25],"texture":"#4"},"west":{"uv":[10.75,4.5,11.25,6.5],"texture":"#4"},"east":{"uv":[12.5,7.5,13,8],"texture":"#4"},"up":{"uv":[3.75,4.75,4.25,5.25],"texture":"#4"}}},{"to":[-1.43906,23.7359,24.64891],"rotation":{"origin":[9.18805,7.7125,8.35],"angle":-45,"axis":"x"},"from":[-1.69697,21.15777,24.13606],"faces":{"down":{"rotation":180,"uv":[6.25,8,6.75,8.25],"texture":"#4"},"west":{"uv":[6.75,4.5,7.25,6.5],"texture":"#4"},"east":{"uv":[12.5,7.5,13,8],"texture":"#4"},"up":{"rotation":180,"uv":[7.75,4.75,8.25,5.25],"texture":"#4"}}},{"to":[-1.43896,27.72087,18.82179],"rotation":{"origin":[9.18805,7.7125,8.35],"angle":-22.5,"axis":"x"},"from":[-1.69687,27.20803,16.24367],"faces":{"west":{"rotation":90,"uv":[0.5,4.75,1,6.75],"texture":"#4"},"east":{"rotation":270,"uv":[12.5,7.5,13,8],"texture":"#4"},"north":{"rotation":180,"uv":[6.75,8,7.25,8.5],"texture":"#4"},"south":{"uv":[5.25,5.5,5.75,6],"texture":"#4"}}},{"to":[-1.43896,28.42884,2.16551],"rotation":{"origin":[9.18805,7.7125,8.35],"angle":22.5,"axis":"x"},"from":[-1.69687,27.916,-0.41262],"faces":{"west":{"rotation":270,"uv":[0.75,4.75,1.25,6.75],"texture":"#4"},"east":{"rotation":90,"uv":[12.5,7.5,13,8],"texture":"#4"},"north":{"uv":[6.75,5.5,7.25,6],"texture":"#4"},"south":{"rotation":180,"uv":[6,8,6.5,8.5],"texture":"#4"}}},{"to":[-1.43906,29.73142,10.56406],"rotation":{"origin":[9.18805,7.7125,8.35],"angle":0,"axis":"y"},"from":[-1.69697,29.21857,7.98594],"faces":{"west":{"rotation":90,"uv":[7.25,9.5,7.75,11.5],"texture":"#4"},"east":{"uv":[12.5,7.5,13,8],"texture":"#4"},"north":{"rotation":180,"uv":[4.25,8.25,4.75,8.75],"texture":"#4"},"south":{"rotation":180,"uv":[6.25,8.25,6.75,8.75],"texture":"#4"}}},{"to":[-1.02656,30.50625,9.48012],"rotation":{"origin":[9.18805,7.7125,8.35],"angle":0,"axis":"y"},"from":[-1.43916,28.44375,9.06987],"faces":{"down":{"uv":[5.75,8,6.25,8.25],"texture":"#4"},"up":{"rotation":180,"uv":[10,2.75,10.5,3.25],"texture":"#4"}}},{"to":[-1.02656,29.20366,1.08157],"rotation":{"origin":[9.18805,7.7125,8.35],"angle":22.5,"axis":"x"},"from":[-1.43916,27.14116,0.67132],"faces":{"down":{"uv":[5.75,8,6.25,8.25],"texture":"#4"},"up":{"rotation":180,"uv":[11,2.5,11.5,3],"texture":"#4"}}},{"to":[-1.02656,28.4957,17.73786],"rotation":{"origin":[9.18805,7.7125,8.35],"angle":-22.5,"axis":"x"},"from":[-1.43916,26.4332,17.32761],"faces":{"down":{"uv":[5.75,8,6.25,8.25],"texture":"#4"},"up":{"rotation":180,"uv":[8.5,4,9,4.5],"texture":"#4"}}},{"to":[-1.02656,24.78623,-6.17921],"rotation":{"origin":[9.18805,7.7125,8.35],"angle":45,"axis":"x"},"from":[-1.43916,22.72373,-6.58946],"faces":{"down":{"uv":[5.75,8,6.25,8.25],"texture":"#4"},"up":{"uv":[3.25,4.25,3.75,4.75],"texture":"#4"}}},{"to":[-1.02656,27.66957,18.56398],"rotation":{"origin":[9.18805,7.7125,8.35],"angle":-22.5,"axis":"x"},"from":[-1.43916,27.25932,16.50148],"faces":{"north":{"rotation":180,"uv":[3,8,3.5,8.5],"texture":"#4"},"south":{"uv":[3.25,4.75,3.75,5.25],"texture":"#4"}}},{"to":[-1.02656,23.47808,24.59761],"rotation":{"origin":[9.18805,7.7125,8.35],"angle":-45,"axis":"x"},"from":[-1.43916,21.41558,24.18736],"faces":{"down":{"uv":[5.75,8,6.25,8.25],"texture":"#4"},"up":{"rotation":180,"uv":[3.25,4.25,3.75,4.75],"texture":"#4"}}},{"to":[-1.02656,28.37754,1.9077],"rotation":{"origin":[9.18805,7.7125,8.35],"angle":22.5,"axis":"x"},"from":[-1.43916,27.96729,-0.1548],"faces":{"north":{"uv":[3.25,4.75,3.75,5.25],"texture":"#4"},"south":{"rotation":180,"uv":[3,8,3.5,8.5],"texture":"#4"}}},{"to":[-1.02656,29.68012,10.30625],"rotation":{"origin":[9.18805,7.7125,8.35],"angle":0,"axis":"y"},"from":[-1.43916,29.26987,8.24375],"faces":{"north":{"uv":[3.25,5.25,3.75,5.75],"texture":"#4"},"south":{"uv":[3.25,5.25,3.75,5.75],"texture":"#4"}}},{"to":[10.95,27.55,8.1],"rotation":{"origin":[0,0,-0.3],"angle":0,"axis":"y"},"from":[-1.75,26.85,5.7],"faces":{"up":{"rotation":180,"uv":[10,4.25,11,5.25],"texture":"#4"}}},{"to":[12.75,27.55,7.7],"rotation":{"origin":[0,0,-0.3],"angle":0,"axis":"y"},"from":[10.95,26.85,6.2],"faces":{"up":{"rotation":180,"uv":[9.5,4.25,10.5,5.25],"texture":"#5"}}},{"to":[14.86,27.5,11],"from":[-2.3,26.8,5],"faces":{"up":{"uv":[0,15,1,16],"texture":"#3"}}},{"to":[14.15,27.55,7.4],"rotation":{"origin":[0,0,-0.3],"angle":0,"axis":"y"},"from":[12.75,26.85,6.5],"faces":{"up":{"rotation":180,"uv":[9.5,4.25,10.5,5.25],"texture":"#5"}}}],"display":{"thirdperson_righthand":{"rotation":[20,117,0],"scale":[0.11,0.11,0.11],"translation":[-0.5,0,0]},"head":{"scale":[0.22,0.22,0.22]},"thirdperson_lefthand":{"rotation":[22,-72,0],"scale":[0.11,0.11,0.11],"translation":[-0.5,0,0]},"gui":{"rotation":[0,-180,30],"scale":[0.4,0.4,0.4],"translation":[-2.25,-1,0]},"firstperson_lefthand":{"rotation":[180,-66,168],"scale":[0.175,0.175,0.175],"translation":[2.5,0,0]},"firstperson_righthand":{"rotation":[-71,66,80],"scale":[0.175,0.175,0.175],"translation":[2.5,0,0]},"fixed":{"rotation":[0,180,0],"scale":[0.22,0.22,0.22],"translation":[0,0,-1]},"ground":{"translation":[0,3,0],"scale":[0.11,0.11,0.11]}},"credit":"thebradqq's guns"}