{"textures":{"1":"mgs:gun/copper","0":"mgs:gun/brass","2":"mgs:gun/metal_dark"},"gui_light":"front","elements":[{"to":[12.15663,-10.68625,9.998],"rotation":{"origin":[8.7481,-12.65185,8],"angle":22.5,"axis":"z"},"from":[5.10063,-12.09025,6.002],"faces":{"east":{"rotation":180,"uv":[5.75,5,7.25,5.5],"texture":"#2"},"north":{"rotation":180,"uv":[4.25,12,6.75,12.5],"texture":"#2"},"up":{"uv":[3,12.25,5.5,12.75],"texture":"#2"},"south":{"rotation":180,"uv":[4.25,12,6.75,12.5],"texture":"#2"}}},{"to":[11.68207,-12.2317,9.99908],"rotation":{"origin":[8.7481,-12.65185,8],"angle":0,"axis":"z"},"from":[4.62608,-13.9597,6.00092],"faces":{"down":{"uv":[5.75,8.75,8.25,9.75],"texture":"#2"},"west":{"rotation":180,"uv":[6.25,7.75,7.75,8.25],"texture":"#2"},"east":{"uv":[6.5,5.25,8,5.75],"texture":"#2"},"north":{"rotation":180,"uv":[4.5,11.5,7,12],"texture":"#2"},"south":{"rotation":180,"uv":[4.5,11.5,7,12],"texture":"#2"}}},{"to":[11.68207,-10.8277,9.99746],"rotation":{"origin":[8.7481,-12.65185,8],"angle":0,"axis":"z"},"from":[8.19007,-12.2317,6.00254],"faces":{"west":{"uv":[6.25,7.5,7.75,8],"texture":"#2"},"east":{"uv":[6,5,7.5,5.5],"texture":"#2"},"north":{"rotation":180,"uv":[4.5,12,5.75,12.5],"texture":"#2"},"south":{"rotation":180,"uv":[4.5,12,5.75,12.5],"texture":"#2"}}},{"to":[5.5211,8.3959,9.8],"rotation":{"origin":[6.9211,-0.6041,6.9],"angle":0,"axis":"z"},"from":[5.4211,-12.1041,6.2],"faces":{"west":{"rotation":270,"uv":[2,10,12.5,11.51],"texture":"#2"},"east":{"rotation":270,"uv":[8.5,8,8.75,8.25],"texture":"#2"}}},{"to":[5.52,-2.5041,7.35],"rotation":{"origin":[6.9211,-0.6041,6.65],"angle":0,"axis":"z"},"from":[5.42,-3.0041,6.85],"faces":{"west":{"uv":[8.25,2,8.75,2.51],"texture":"#2"}}},{"to":[5.52,-4.2041,7.35],"rotation":{"origin":[6.9211,-0.6041,6.65],"angle":0,"axis":"z"},"from":[5.42,-4.7041,6.85],"faces":{"west":{"uv":[8.25,2,8.75,2.51],"texture":"#2"}}},{"to":[5.52,-5.9041,7.35],"rotation":{"origin":[6.9211,-0.6041,6.65],"angle":0,"axis":"z"},"from":[5.42,-6.4041,6.85],"faces":{"west":{"uv":[8.25,2,8.75,2.51],"texture":"#2"}}},{"to":[5.52,-0.8041,9.05],"rotation":{"origin":[6.9211,-0.6041,6.65],"angle":0,"axis":"z"},"from":[5.42,-1.3041,8.55],"faces":{"west":{"uv":[8.25,2,8.75,2.51],"texture":"#2"}}},{"to":[5.52,-2.5041,9.05],"rotation":{"origin":[6.9211,-0.6041,6.65],"angle":0,"axis":"z"},"from":[5.42,-3.0041,8.55],"faces":{"west":{"uv":[8.25,2,8.75,2.51],"texture":"#2"}}},{"to":[5.52,-4.2041,9.05],"rotation":{"origin":[6.9211,-0.6041,6.65],"angle":0,"axis":"z"},"from":[5.42,-4.7041,8.55],"faces":{"west":{"uv":[8.25,2,8.75,2.51],"texture":"#2"}}},{"to":[5.52,-5.9041,9.05],"rotation":{"origin":[6.9211,-0.6041,6.65],"angle":0,"axis":"z"},"from":[5.42,-6.4041,8.55],"faces":{"west":{"uv":[8.25,2,8.75,2.51],"texture":"#2"}}},{"to":[10.7211,8.3959,6.4],"rotation":{"origin":[6.9211,-2.1051,9.1],"angle":0,"axis":"z"},"from":[5.4211,-6.6051,6.2],"faces":{"up":{"rotation":270,"uv":[0,7,0.5,7.5],"texture":"#2"},"south":{"rotation":270,"uv":[8.5,8,8.75,8.25],"texture":"#2"}}},{"to":[10.8211,8.3959,9.8],"rotation":{"origin":[6.9211,-0.6041,6.4],"angle":0,"axis":"z"},"from":[10.6211,-9.8041,6.2],"faces":{"west":{"rotation":270,"uv":[8.5,8,8.75,8.25],"texture":"#2"},"east":{"rotation":90,"uv":[2,10.25,12.5,11.76],"texture":"#2"},"up":{"rotation":270,"uv":[0,7,0.5,7.5],"texture":"#2"}}},{"to":[10.7211,8.3959,9.8],"rotation":{"origin":[6.9211,-0.6051,6.4],"angle":0,"axis":"z"},"from":[5.4211,-6.6051,9.6],"faces":{"north":{"rotation":270,"uv":[8.5,8,8.75,8.25],"texture":"#2"},"up":{"rotation":270,"uv":[0,7,0.5,7.5],"texture":"#2"}}},{"to":[10.8211,8.3959,9.8],"rotation":{"origin":[6.9211,-3.1041,6.4],"angle":0,"axis":"z"},"from":[5.4211,-12.1041,6.2],"faces":{"north":{"rotation":270,"uv":[3.25,7.75,13.75,9.51],"texture":"#2"},"south":{"rotation":270,"uv":[3.25,9.51,13.75,7.75],"texture":"#2"}}},{"to":[8.8211,9.36712,6.84162],"rotation":{"origin":[6.32135,9.2416,7.75],"angle":22.5,"axis":"x"},"from":[5.4211,7.86712,6.64162],"faces":{"east":{"rotation":270,"uv":[3,11.5,3.5,12],"texture":"#2"},"north":{"rotation":270,"uv":[12.75,8.25,13.75,9.51],"texture":"#2"},"south":{"rotation":270,"uv":[8.5,8,8.75,8.25],"texture":"#2"}}},{"to":[8.8211,9.89992,7.4372],"rotation":{"origin":[6.32135,10.09992,7.5872],"angle":45,"axis":"x"},"from":[5.4211,9.29992,7.2372],"faces":{"east":{"rotation":270,"uv":[3,11.5,3.5,12],"texture":"#2"},"north":{"rotation":270,"uv":[12.75,8.25,13.75,9.51],"texture":"#2"},"up":{"rotation":270,"uv":[0,7,0.5,7.5],"texture":"#2"},"south":{"rotation":270,"uv":[8.5,8,8.75,8.25],"texture":"#2"}}},{"to":[8.8211,9.89992,8.7628],"rotation":{"origin":[6.32135,10.09992,8.4128],"angle":-45,"axis":"x"},"from":[5.4211,9.29992,8.5628],"faces":{"east":{"rotation":270,"uv":[3,12,3.5,11.5],"texture":"#2"},"north":{"rotation":270,"uv":[8.5,8.25,8.75,8],"texture":"#2"},"up":{"rotation":270,"uv":[0.5,7,0,7.5],"texture":"#2"},"south":{"rotation":270,"uv":[12.75,9.51,13.75,8.25],"texture":"#2"}}},{"to":[8.8211,9.36712,9.35838],"rotation":{"origin":[6.32135,9.2416,8.25],"angle":-22.5,"axis":"x"},"from":[5.4211,7.86712,9.15838],"faces":{"east":{"rotation":90,"uv":[3,11.5,3.5,12],"texture":"#2"},"north":{"rotation":270,"uv":[8.5,8,8.75,8.25],"texture":"#2"},"south":{"rotation":90,"uv":[12.75,8.25,13.75,9.51],"texture":"#2"}}},{"to":[5.6221,9.36712,9.35838],"rotation":{"origin":[6.32135,9.2416,8.25],"angle":-22.5,"axis":"x"},"from":[5.4211,7.86712,8.15838],"faces":{"west":{"rotation":270,"uv":[5.5,10.5,7,11.25],"texture":"#2"},"east":{"rotation":270,"uv":[8.5,8,8.75,8.25],"texture":"#2"}}},{"to":[5.6221,9.36712,7.84162],"rotation":{"origin":[6.32135,9.2416,7.75],"angle":22.5,"axis":"x"},"from":[5.4211,7.86712,6.64162],"faces":{"west":{"rotation":270,"uv":[0.5,9.5,2,10.25],"texture":"#2"},"east":{"rotation":270,"uv":[8.5,8,8.75,8.25],"texture":"#2"}}},{"to":[5.6221,9.89992,8.2372],"rotation":{"origin":[6.32135,10.09992,7.5872],"angle":45,"axis":"x"},"from":[5.4211,9.29992,7.2372],"faces":{"west":{"rotation":270,"uv":[0.5,9.5,2,10.25],"texture":"#2"},"east":{"rotation":270,"uv":[8.5,8,8.75,8.25],"texture":"#2"},"up":{"rotation":270,"uv":[0,7,0.5,7.5],"texture":"#2"}}},{"to":[5.6221,9.89992,8.7628],"rotation":{"origin":[6.32135,10.09992,8.4128],"angle":-45,"axis":"x"},"from":[5.4211,9.29992,7.7628],"faces":{"west":{"rotation":270,"uv":[0.5,10.25,2,9.5],"texture":"#2"},"east":{"rotation":270,"uv":[8.5,8.25,8.75,8],"texture":"#2"},"up":{"rotation":270,"uv":[0.5,7,0,7.5],"texture":"#2"}}},{"to":[5.6211,9.6459,8.60315],"rotation":{"origin":[6.9711,8.3959,6.50315],"angle":0,"axis":"x"},"from":[5.4211,8.3959,7.30315],"faces":{"west":{"rotation":270,"uv":[0.5,9.75,2,10.75],"texture":"#2"},"east":{"rotation":270,"uv":[8.5,8,8.75,8.25],"texture":"#2"}}},{"to":[5.52,0.8959,9.05],"rotation":{"origin":[6.9211,-0.6041,6.65],"angle":0,"axis":"z"},"from":[5.42,0.3959,8.55],"faces":{"west":{"uv":[8.25,2,8.75,2.51],"texture":"#2"}}},{"to":[5.52,-0.8041,7.35],"rotation":{"origin":[6.9211,-0.6041,6.65],"angle":0,"axis":"z"},"from":[5.42,-1.3041,6.85],"faces":{"west":{"uv":[8.25,2,8.75,2.51],"texture":"#2"}}},{"to":[5.52,0.8959,7.35],"rotation":{"origin":[6.9211,-0.6041,6.65],"angle":0,"axis":"z"},"from":[5.42,0.3959,6.85],"faces":{"west":{"uv":[8.25,2,8.75,2.51],"texture":"#2"}}},{"to":[5.52,3.0959,7.35],"rotation":{"origin":[6.9211,-0.6041,6.65],"angle":0,"axis":"z"},"from":[5.42,2.5959,6.85],"faces":{"west":{"uv":[8.25,2,8.75,2.51],"texture":"#2"}}},{"to":[5.52,5.3959,7.35],"rotation":{"origin":[6.9211,-0.6041,6.65],"angle":0,"axis":"z"},"from":[5.42,4.8959,6.85],"faces":{"west":{"uv":[8.25,2,8.75,2.51],"texture":"#2"}}},{"to":[5.52,5.3959,9.05],"rotation":{"origin":[6.9211,-0.6041,6.65],"angle":0,"axis":"z"},"from":[5.42,4.8959,8.55],"faces":{"west":{"uv":[8.25,2,8.75,2.51],"texture":"#2"}}},{"to":[5.52,3.0959,9.05],"rotation":{"origin":[6.9211,-0.6041,6.65],"angle":0,"axis":"z"},"from":[5.42,2.5959,8.55],"faces":{"west":{"uv":[8.25,2,8.75,2.51],"texture":"#2"}}},{"to":[10.7211,7.8969,9.7],"rotation":{"origin":[6.9211,-0.6041,9.6],"angle":0,"axis":"z"},"from":[5.4211,7.3959,6.3],"faces":{"up":{"uv":[6.25,8,8,9],"texture":"#2"}}},{"to":[9.2211,8.76282,8.03989],"rotation":{"origin":[8.0711,12.1464,7],"angle":0,"axis":"x"},"from":[5.8211,7.86282,6.83889],"faces":{"west":{"rotation":180,"uv":[3.5,11,4.25,11.75],"texture":"#2"},"north":{"uv":[1.25,8.75,3.5,9.5],"texture":"#2"},"up":{"uv":[3.25,8,5.5,9],"texture":"#2"},"south":{"uv":[1.5,7.5,3.75,8.25],"texture":"#2"}}},{"to":[10.14181,8.50571,8.03889],"rotation":{"origin":[9.29181,8.05571,7.43939],"angle":-45,"axis":"z"},"from":[8.74181,7.60571,6.83889],"faces":{"west":{"rotation":180,"uv":[3.5,11,4.25,11.75],"texture":"#2"},"north":{"uv":[1.25,8.75,2.25,9.5],"texture":"#2"},"up":{"uv":[2.5,11,3.5,12],"texture":"#2"},"south":{"uv":[1.5,7.5,2.5,8.25],"texture":"#2"}}}],"display":{"thirdperson_righthand":{"rotation":[25,111,-23],"scale":[0.2,0.2,0.2],"translation":[-0.5,1.25,0]},"head":{"scale":[0.4,0.4,0.4]},"thirdperson_lefthand":{"rotation":[69,-71,65],"scale":[0.2,0.2,0.2],"translation":[-0.25,0.5,0]},"gui":{"rotation":[0,180,30],"scale":[0.73,0.73,0.73],"translation":[2.75,5.25,0]},"firstperson_lefthand":{"rotation":[-40,-110,-27],"scale":[0.4,0.4,0.4],"translation":[3.25,2,0]},"firstperson_righthand":{"rotation":[-87,65,68],"scale":[0.4,0.4,0.4],"translation":[2,2.25,0]},"fixed":{"rotation":[0,180,0],"scale":[0.4,0.4,0.4],"translation":[0,2.25,-1]},"ground":{"translation":[0,2.75,0],"scale":[0.2,0.2,0.2]}},"credit":"thebradqq's guns"}