{"textures":{"1":"mgs:gun/brass","0":"mgs:gun/metal_bright","2":"mgs:gun/copper","particle":"mgs:gun/metal_bright"},"gui_light":"front","elements":[{"to":[10.45,12.75,9.15],"from":[5.05,-3.75,6.85],"faces":{"down":{"rotation":270,"uv":[6.5,10,8,10.5],"texture":"#0"},"west":{"rotation":90,"uv":[8.5,4,13.25,5],"texture":"#0"},"east":{"rotation":270,"uv":[8.5,4,13.25,5],"texture":"#0"},"north":{"rotation":90,"uv":[10.5,1.75,15.25,3],"texture":"#0"},"south":{"rotation":90,"uv":[9.5,2.5,14.25,3.75],"texture":"#0"}}},{"to":[10.45,13.85,7.05],"from":[5.05,12.75,6.85],"faces":{"west":{"rotation":90,"uv":[5.75,4.75,6.75,5],"texture":"#0"},"east":{"rotation":90,"uv":[5.75,4.75,6.75,5],"texture":"#0"},"north":{"rotation":90,"uv":[12.25,1.25,12.75,2.5],"texture":"#0"},"up":{"rotation":180,"uv":[9.75,3.5,12.25,3.75],"texture":"#0"},"south":{"rotation":180,"uv":[6,11.25,7.25,12],"texture":"#0"}}},{"to":[9.05,14.45,7.05],"rotation":{"origin":[7.9,13.85,6.85],"angle":45,"axis":"x"},"from":[5.05,13.85,6.85],"faces":{"west":{"rotation":90,"uv":[5.75,4.75,6.75,5],"texture":"#0"},"east":{"rotation":90,"uv":[5.75,4.75,6.75,5],"texture":"#0"},"north":{"rotation":90,"uv":[12.25,1.25,12.5,2],"texture":"#0"},"up":{"rotation":180,"uv":[9.75,3.5,12.25,3.75],"texture":"#0"},"south":{"rotation":180,"uv":[6.25,10,7.5,10.75],"texture":"#0"}}},{"to":[9.05,14.45,9.15],"rotation":{"origin":[7.9,13.85,9.15],"angle":-45,"axis":"x"},"from":[5.05,13.85,8.95],"faces":{"west":{"rotation":90,"uv":[12.5,3,13.5,3.25],"texture":"#0"},"east":{"rotation":90,"uv":[12.5,3,13.5,3.25],"texture":"#0"},"north":{"rotation":180,"uv":[6.25,10,7.5,10.75],"texture":"#0"},"up":{"rotation":180,"uv":[9.75,3.5,12.25,3.75],"texture":"#0"},"south":{"rotation":90,"uv":[12.25,1.25,12.5,2],"texture":"#0"}}},{"to":[10.45,13.85,9.15],"from":[5.05,12.75,8.95],"faces":{"west":{"rotation":90,"uv":[12.5,3,13.5,3.25],"texture":"#0"},"east":{"rotation":90,"uv":[12.5,3,13.5,3.25],"texture":"#0"},"north":{"rotation":180,"uv":[6,11.25,7.25,12],"texture":"#0"},"up":{"rotation":180,"uv":[9.75,3.5,12.25,3.75],"texture":"#0"},"south":{"rotation":90,"uv":[12.25,1.25,12.75,2.5],"texture":"#0"}}},{"to":[10.45,12.75,9.15],"from":[10.35,-3.75,6.85],"faces":{"west":{"rotation":270,"uv":[5.25,10,5.75,10.5],"texture":"#0"},"up":{"rotation":90,"uv":[3.75,12.25,4.75,12.5],"texture":"#0"}}},{"to":[5.15,12.75,9.15],"from":[5.05,-3.75,6.85],"faces":{"east":{"rotation":270,"uv":[5.25,10,5.75,10.5],"texture":"#0"},"up":{"rotation":90,"uv":[3.75,12.25,4.75,12.5],"texture":"#0"}}},{"to":[10.45,12.75,7.05],"from":[5.05,-3.75,6.85],"faces":{"south":{"rotation":270,"uv":[5.25,10,5.75,10.5],"texture":"#0"}}},{"to":[10.45,12.75,9.15],"from":[5.05,-3.75,8.95],"faces":{"north":{"rotation":270,"uv":[5.25,10,5.75,10.5],"texture":"#0"}}},{"to":[11.65,-3.55,8.95],"from":[5.25,-3.85,7.05],"faces":{"north":{"uv":[5.75,7.5,7.75,7.75],"texture":"#0"},"west":{"rotation":270,"uv":[5,9.75,6.5,10.25],"texture":"#0"},"up":{"rotation":180,"uv":[2.75,4,4.75,5],"texture":"#0"},"down":{"rotation":270,"uv":[6.5,10,8,10.5],"texture":"#0"},"east":{"rotation":270,"uv":[9.25,4.25,9.5,5.25],"texture":"#0"},"south":{"uv":[5.75,7.5,7.75,7.75],"texture":"#0"}}},{"to":[6.95,6.75,9.151],"from":[6.35,6.15,6.849],"faces":{"north":{"uv":[0.75,9.5,1.25,10],"texture":"#0"},"south":{"uv":[0.75,9.5,1.25,10],"texture":"#0"}}},{"to":[6.95,2.25,9.151],"from":[6.35,1.65,6.849],"faces":{"north":{"uv":[0.75,9.5,1.25,10],"texture":"#0"},"south":{"uv":[0.75,9.5,1.25,10],"texture":"#0"}}},{"to":[9.15,4.75,9.151],"from":[8.55,4.15,6.849],"faces":{"north":{"uv":[0.75,9.5,1.25,10],"texture":"#0"},"south":{"uv":[0.75,9.5,1.25,10],"texture":"#0"}}},{"to":[5.47875,14.36313,8.17666],"rotation":{"origin":[2.52434,8,8],"angle":0,"axis":"y"},"from":[5.32639,12.58688,7.82334],"faces":{"down":{"rotation":180,"uv":[6.25,8,6.75,8.25],"texture":"#1"},"west":{"uv":[8.25,4,8.75,6],"texture":"#1"},"east":{"uv":[12.5,7.5,13,8],"texture":"#1"},"up":{"rotation":180,"uv":[3.5,3.75,4,4.25],"texture":"#1"}}},{"to":[5.40161,13.881,8.08077],"rotation":{"origin":[2.52434,8,8],"angle":0,"axis":"y"},"from":[5.30011,13.069,7.91925],"faces":{"down":{"uv":[9.5,8,9.75,8.25],"texture":"#0"},"west":{"uv":[6.25,4.5,6.75,5.25],"texture":"#0"},"up":{"uv":[3.25,4,3.5,4.5],"texture":"#0"}}},{"to":[8.86577,14.36313,8.17666],"rotation":{"origin":[2.52434,8,8],"angle":0,"axis":"y"},"from":[5.85927,12.58688,7.82334],"faces":{"down":{"rotation":180,"uv":[5.5,7.75,7.5,8.25],"texture":"#1"},"west":{"uv":[12.5,7.5,13,8],"texture":"#1"},"east":{"uv":[5.25,10.5,5.75,11],"texture":"#1"},"up":{"uv":[2,3.25,4,3.75],"texture":"#1"}}},{"to":[8.86577,13.94637,6.08147],"rotation":{"origin":[2.52434,8,8],"angle":22.5,"axis":"x"},"from":[5.85927,12.17012,5.72815],"faces":{"down":{"rotation":180,"uv":[3,9,5,9.5],"texture":"#1"},"west":{"uv":[12.5,7.5,13,8],"texture":"#1"},"east":{"uv":[5.25,10.5,5.75,11],"texture":"#1"},"up":{"uv":[2,3.75,4,4.25],"texture":"#1"}}},{"to":[8.86577,13.94637,10.27185],"rotation":{"origin":[2.52434,8,8],"angle":-22.5,"axis":"x"},"from":[5.85927,12.17012,9.91853],"faces":{"down":{"rotation":180,"uv":[3.5,8,5.5,8.5],"texture":"#1"},"west":{"uv":[12.5,7.5,13,8],"texture":"#1"},"east":{"uv":[5.25,10.5,5.75,11],"texture":"#1"},"up":{"uv":[0,3.25,2,3.75],"texture":"#1"}}},{"to":[8.86577,12.75954,4.30526],"rotation":{"origin":[2.52434,8,8],"angle":45,"axis":"x"},"from":[5.85927,10.98329,3.95193],"faces":{"down":{"rotation":180,"uv":[5.75,5.5,7.75,6],"texture":"#1"},"west":{"uv":[12.5,7.5,13,8],"texture":"#1"},"east":{"uv":[5.25,10.5,5.75,11],"texture":"#1"},"up":{"uv":[5.25,4.25,7.25,4.75],"texture":"#1"}}},{"to":[8.86577,12.75954,12.04807],"rotation":{"origin":[2.52434,8,8],"angle":-45,"axis":"x"},"from":[5.85927,10.98329,11.69474],"faces":{"down":{"uv":[4.5,5.5,6.5,6],"texture":"#1"},"west":{"uv":[12.5,7.5,13,8],"texture":"#1"},"east":{"uv":[5.25,10.5,5.75,11],"texture":"#1"},"up":{"rotation":180,"uv":[1.25,4.25,3.25,4.75],"texture":"#1"}}},{"to":[8.86577,13.23491,10.98332],"rotation":{"origin":[2.52434,8,8],"angle":-22.5,"axis":"x"},"from":[5.85927,12.88158,9.20707],"faces":{"west":{"rotation":90,"uv":[12.5,7.5,13,8],"texture":"#1"},"east":{"uv":[5.25,10.5,5.75,11],"texture":"#1"},"north":{"uv":[6.25,5,8.25,5.5],"texture":"#1"},"south":{"uv":[5.25,4.75,7.25,5.25],"texture":"#1"}}},{"to":[8.86577,13.23491,6.79293],"rotation":{"origin":[2.52434,8,8],"angle":22.5,"axis":"x"},"from":[5.85927,12.88158,5.01668],"faces":{"west":{"rotation":270,"uv":[12.5,7.5,13,8],"texture":"#1"},"east":{"uv":[5.25,10.5,5.75,11],"texture":"#1"},"north":{"uv":[5.25,4.75,7.25,5.25],"texture":"#1"},"south":{"uv":[6.25,5,8.25,5.5],"texture":"#1"}}},{"to":[8.86577,13.65166,8.88813],"rotation":{"origin":[2.52434,8,8],"angle":0,"axis":"y"},"from":[5.85927,13.29834,7.11188],"faces":{"west":{"uv":[12.5,7.5,13,8],"texture":"#1"},"east":{"uv":[5.25,10.5,5.75,11],"texture":"#1"},"north":{"uv":[3,12.25,5,12.75],"texture":"#1"},"south":{"uv":[0,12,2,12.5],"texture":"#1"}}},{"to":[9.27177,14.287,8.16152],"rotation":{"origin":[2.52434,8,8],"angle":0,"axis":"y"},"from":[8.76427,12.663,7.83848],"faces":{"down":{"rotation":180,"uv":[7.75,8,8.25,8.25],"texture":"#2"},"east":{"uv":[11,7.5,11.5,8],"texture":"#2"},"up":{"uv":[3.25,4,3.75,4.25],"texture":"#2"}}},{"to":[9.27177,13.87024,10.2567],"rotation":{"origin":[2.52434,8,8],"angle":-22.5,"axis":"x"},"from":[8.76427,12.24624,9.93367],"faces":{"down":{"rotation":180,"uv":[4.25,8,4.75,8.25],"texture":"#2"},"east":{"uv":[11,7.5,11.5,8],"texture":"#2"},"up":{"uv":[7.5,4.25,8,4.5],"texture":"#2"}}},{"to":[9.27177,13.87024,6.06633],"rotation":{"origin":[2.52434,8,8],"angle":22.5,"axis":"x"},"from":[8.76427,12.24624,5.7433],"faces":{"down":{"uv":[4.25,8,4.75,8.25],"texture":"#2"},"east":{"uv":[11,7.5,11.5,8],"texture":"#2"},"up":{"uv":[5.5,4.25,6,4.5],"texture":"#2"}}},{"to":[9.27177,12.68342,12.03293],"rotation":{"origin":[2.52434,8,8],"angle":-45,"axis":"x"},"from":[8.76427,11.05942,11.70989],"faces":{"down":{"rotation":180,"uv":[2.75,9.25,3.25,9.5],"texture":"#2"},"east":{"uv":[11,7.5,11.5,8],"texture":"#2"},"up":{"rotation":180,"uv":[6.5,4.75,7,5],"texture":"#2"}}},{"to":[9.27177,12.68342,4.29011],"rotation":{"origin":[2.52434,8,8],"angle":45,"axis":"x"},"from":[8.76427,11.05942,3.96707],"faces":{"down":{"rotation":180,"uv":[2.75,9.25,3.25,9.75],"texture":"#2"},"east":{"uv":[11,7.5,11.5,8],"texture":"#2"},"up":{"uv":[8.5,4.75,9,5],"texture":"#2"}}},{"to":[9.27177,13.21976,6.71681],"rotation":{"origin":[2.52434,8,8],"angle":22.5,"axis":"x"},"from":[8.76427,12.89673,5.09281],"faces":{"east":{"rotation":90,"uv":[11,7.5,11.5,8],"texture":"#2"},"north":{"rotation":180,"uv":[5.5,11.5,6,11.75],"texture":"#2"},"south":{"rotation":180,"uv":[1.25,9.75,1.75,10],"texture":"#2"}}},{"to":[9.27177,13.21976,10.90719],"rotation":{"origin":[2.52434,8,8],"angle":-22.5,"axis":"x"},"from":[8.76427,12.89673,9.28319],"faces":{"east":{"rotation":270,"uv":[11,7.5,11.5,8],"texture":"#2"},"north":{"rotation":180,"uv":[2.5,10,3,10.5],"texture":"#2"},"south":{"rotation":180,"uv":[5.5,11.5,6,11.75],"texture":"#2"}}},{"to":[9.27177,13.63652,8.812],"rotation":{"origin":[2.52434,8,8],"angle":0,"axis":"y"},"from":[8.76427,13.31348,7.188],"faces":{"east":{"uv":[11,7.5,11.5,8],"texture":"#2"},"north":{"rotation":180,"uv":[5.5,11,6,11.25],"texture":"#2"},"south":{"rotation":180,"uv":[5.5,11,6,11.25],"texture":"#2"}}},{"to":[9.52377,14.23625,8.15142],"rotation":{"origin":[2.52434,8,8],"angle":0,"axis":"y"},"from":[9.21927,12.71375,7.84858],"faces":{"down":{"rotation":180,"uv":[7.75,8,8.25,8.25],"texture":"#2"},"east":{"uv":[11,7.5,11.5,8],"texture":"#2"},"up":{"uv":[3.25,4,3.75,4.25],"texture":"#2"}}},{"to":[9.52377,13.81949,6.05623],"rotation":{"origin":[2.52434,8,8],"angle":22.5,"axis":"x"},"from":[9.21927,12.29699,5.75339],"faces":{"down":{"uv":[4.25,8,4.75,8.25],"texture":"#2"},"east":{"uv":[11,7.5,11.5,8],"texture":"#2"},"up":{"uv":[12.75,2.25,13.25,2.5],"texture":"#2"}}},{"to":[9.52377,13.81949,10.24661],"rotation":{"origin":[2.52434,8,8],"angle":-22.5,"axis":"x"},"from":[9.21927,12.29699,9.94377],"faces":{"down":{"rotation":180,"uv":[4.25,8,4.75,8.25],"texture":"#2"},"east":{"uv":[11,7.5,11.5,8],"texture":"#2"},"up":{"uv":[8.5,4.25,9,4.5],"texture":"#2"}}},{"to":[9.52377,12.63267,4.28001],"rotation":{"origin":[2.52434,8,8],"angle":45,"axis":"x"},"from":[9.21927,11.11017,3.97717],"faces":{"down":{"rotation":180,"uv":[2.75,9.25,3.25,9.75],"texture":"#2"},"east":{"uv":[11,7.5,11.5,8],"texture":"#2"},"up":{"uv":[9.25,4.75,9.75,5],"texture":"#2"}}},{"to":[9.52377,12.63267,12.02283],"rotation":{"origin":[2.52434,8,8],"angle":-45,"axis":"x"},"from":[9.21927,11.11017,11.71999],"faces":{"down":{"rotation":180,"uv":[2.75,9.25,3.25,9.5],"texture":"#2"},"east":{"uv":[11,7.5,11.5,8],"texture":"#2"},"up":{"rotation":180,"uv":[5.75,4.75,6.25,5],"texture":"#2"}}},{"to":[9.52377,13.20966,10.85644],"rotation":{"origin":[2.52434,8,8],"angle":-22.5,"axis":"x"},"from":[9.21927,12.90682,9.33394],"faces":{"east":{"rotation":270,"uv":[11,7.5,11.5,8],"texture":"#2"},"north":{"rotation":180,"uv":[2.5,10,3,10.5],"texture":"#2"},"south":{"rotation":180,"uv":[6.25,11.5,6.75,11.75],"texture":"#2"}}},{"to":[9.52377,13.20966,6.66606],"rotation":{"origin":[2.52434,8,8],"angle":22.5,"axis":"x"},"from":[9.21927,12.90682,5.14356],"faces":{"east":{"rotation":90,"uv":[11,7.5,11.5,8],"texture":"#2"},"north":{"rotation":180,"uv":[4.75,11.5,5.25,11.75],"texture":"#2"},"south":{"rotation":180,"uv":[1.25,9.75,1.75,10],"texture":"#2"}}},{"to":[9.52377,13.62642,8.76125],"rotation":{"origin":[2.52434,8,8],"angle":0,"axis":"y"},"from":[9.21927,13.32358,7.23875],"faces":{"east":{"uv":[11,7.5,11.5,8],"texture":"#2"},"north":{"rotation":180,"uv":[5.5,11,6,11.25],"texture":"#2"},"south":{"rotation":180,"uv":[5.5,11,6,11.25],"texture":"#2"}}},{"to":[9.70752,14.1855,8.14133],"rotation":{"origin":[2.52434,8,8],"angle":0,"axis":"y"},"from":[9.45377,12.7645,7.85867],"faces":{"down":{"rotation":180,"uv":[7.75,8,8.25,8.25],"texture":"#2"},"east":{"uv":[11,7.5,11.5,8],"texture":"#2"},"up":{"uv":[3.25,4,3.75,4.25],"texture":"#2"}}},{"to":[9.70752,13.76874,10.23651],"rotation":{"origin":[2.52434,8,8],"angle":-22.5,"axis":"x"},"from":[9.45377,12.34774,9.95386],"faces":{"down":{"rotation":180,"uv":[4.25,8,4.75,8.25],"texture":"#2"},"east":{"uv":[11,7.5,11.5,8],"texture":"#2"},"up":{"uv":[8.75,4.25,9.25,4.5],"texture":"#2"}}},{"to":[9.70752,13.76874,6.04614],"rotation":{"origin":[2.52434,8,8],"angle":22.5,"axis":"x"},"from":[9.45377,12.34774,5.76349],"faces":{"down":{"uv":[4.25,8,4.75,8.25],"texture":"#2"},"east":{"uv":[11,7.5,11.5,8],"texture":"#2"},"up":{"uv":[10.5,2.75,11,3],"texture":"#2"}}},{"to":[9.70752,12.58192,12.01274],"rotation":{"origin":[2.52434,8,8],"angle":-45,"axis":"x"},"from":[9.45377,11.16092,11.73008],"faces":{"down":{"rotation":180,"uv":[2.75,9.25,3.25,9.5],"texture":"#2"},"east":{"uv":[11,7.5,11.5,8],"texture":"#2"},"up":{"rotation":180,"uv":[5.75,4.75,6.25,5],"texture":"#2"}}},{"to":[9.70752,13.19957,6.61531],"rotation":{"origin":[2.52434,8,8],"angle":22.5,"axis":"x"},"from":[9.45377,12.91692,5.19431],"faces":{"east":{"rotation":90,"uv":[11,7.5,11.5,8],"texture":"#2"},"north":{"rotation":180,"uv":[6.75,11.5,7.25,11.75],"texture":"#2"},"south":{"rotation":180,"uv":[1.25,9.75,1.75,10],"texture":"#2"}}},{"to":[9.70752,12.58192,4.26992],"rotation":{"origin":[2.52434,8,8],"angle":45,"axis":"x"},"from":[9.45377,11.16092,3.98726],"faces":{"down":{"rotation":180,"uv":[2.75,9.25,3.25,9.75],"texture":"#2"},"east":{"uv":[11,7.5,11.5,8],"texture":"#2"},"up":{"uv":[9,4.75,9.5,5],"texture":"#2"}}},{"to":[9.70752,13.19957,10.80569],"rotation":{"origin":[2.52434,8,8],"angle":-22.5,"axis":"x"},"from":[9.45377,12.91692,9.38469],"faces":{"east":{"rotation":270,"uv":[11,7.5,11.5,8],"texture":"#2"},"north":{"rotation":180,"uv":[2.5,10,3,10.5],"texture":"#2"},"south":{"rotation":180,"uv":[6.25,11.5,6.75,11.75],"texture":"#2"}}},{"to":[9.70752,13.61633,8.7105],"rotation":{"origin":[2.52434,8,8],"angle":0,"axis":"y"},"from":[9.45377,13.33367,7.2895],"faces":{"east":{"uv":[11,7.5,11.5,8],"texture":"#2"},"north":{"rotation":180,"uv":[5.5,11,6,11.25],"texture":"#2"},"south":{"rotation":180,"uv":[5.5,11,6,11.25],"texture":"#2"}}},{"to":[9.78976,14.13475,8.13123],"rotation":{"origin":[2.52434,8,8],"angle":0,"axis":"y"},"from":[9.63752,12.81525,7.86877],"faces":{"down":{"rotation":180,"uv":[7.75,8,8.25,8.25],"texture":"#2"},"east":{"uv":[11,7.5,11.5,8],"texture":"#2"},"up":{"uv":[3.25,4,3.75,4.25],"texture":"#2"}}},{"to":[9.78976,13.71799,6.03604],"rotation":{"origin":[2.52434,8,8],"angle":22.5,"axis":"x"},"from":[9.63752,12.39849,5.77358],"faces":{"down":{"uv":[4.25,8,4.75,8.25],"texture":"#2"},"east":{"uv":[11,7.5,11.5,8],"texture":"#2"},"up":{"uv":[11.25,3.25,11.75,3.5],"texture":"#2"}}},{"to":[9.78976,13.71799,10.22642],"rotation":{"origin":[2.52434,8,8],"angle":-22.5,"axis":"x"},"from":[9.63752,12.39849,9.96396],"faces":{"down":{"rotation":180,"uv":[4.25,8,4.75,8.25],"texture":"#2"},"east":{"uv":[11,7.5,11.5,8],"texture":"#2"},"up":{"uv":[11,3,11.5,3.25],"texture":"#2"}}},{"to":[9.78976,12.53117,4.25982],"rotation":{"origin":[2.52434,8,8],"angle":45,"axis":"x"},"from":[9.63752,11.21167,3.99736],"faces":{"down":{"rotation":180,"uv":[2.75,9.25,3.25,9.75],"texture":"#2"},"east":{"uv":[11,7.5,11.5,8],"texture":"#2"},"up":{"uv":[6.5,4.75,7,5],"texture":"#2"}}},{"to":[9.78976,12.53117,12.00264],"rotation":{"origin":[2.52434,8,8],"angle":-45,"axis":"x"},"from":[9.63752,11.21167,11.74018],"faces":{"down":{"rotation":180,"uv":[2.75,9.25,3.25,9.5],"texture":"#2"},"east":{"uv":[11,7.5,11.5,8],"texture":"#2"},"up":{"rotation":180,"uv":[8,4.75,8.5,5],"texture":"#2"}}},{"to":[9.78976,13.18947,10.75494],"rotation":{"origin":[2.52434,8,8],"angle":-22.5,"axis":"x"},"from":[9.63752,12.92701,9.43544],"faces":{"east":{"rotation":270,"uv":[11,7.5,11.5,8],"texture":"#2"},"north":{"rotation":180,"uv":[2.5,10,3,10.5],"texture":"#2"},"south":{"rotation":180,"uv":[7.5,11.5,8,11.75],"texture":"#2"}}},{"to":[9.78976,13.18947,6.56456],"rotation":{"origin":[2.52434,8,8],"angle":22.5,"axis":"x"},"from":[9.63752,12.92701,5.24506],"faces":{"east":{"rotation":90,"uv":[11,7.5,11.5,8],"texture":"#2"},"north":{"rotation":180,"uv":[7,11.5,7.5,11.75],"texture":"#2"},"south":{"rotation":180,"uv":[1.25,9.75,1.75,10],"texture":"#2"}}},{"to":[9.78976,13.60623,8.65975],"rotation":{"origin":[2.52434,8,8],"angle":0,"axis":"y"},"from":[9.63752,13.34377,7.34025],"faces":{"east":{"uv":[11,7.5,11.5,8],"texture":"#2"},"north":{"rotation":180,"uv":[5.5,11,6,11.25],"texture":"#2"},"south":{"rotation":180,"uv":[5.5,11,6,11.25],"texture":"#2"}}},{"to":[7.36522,16.40124,8.203],"rotation":{"origin":[2.52434,8,8],"angle":-22.5,"axis":"z"},"from":[6.90847,15.89374,7.797],"faces":{"east":{"uv":[7.5,2,8,2.5],"texture":"#2"},"north":{"uv":[6,4.5,6.5,5],"texture":"#2"},"up":{"uv":[4,4,4.5,4.5],"texture":"#2"},"south":{"uv":[5.75,4.5,6.25,5],"texture":"#2"}}},{"to":[11.55561,10.22274,8.203],"rotation":{"origin":[2.52434,8,8],"angle":22.5,"axis":"z"},"from":[11.09886,9.71524,7.797],"faces":{"down":{"rotation":180,"uv":[15,8,15.5,8.5],"texture":"#2"},"east":{"uv":[7.5,2,8,2.5],"texture":"#2"},"north":{"rotation":180,"uv":[5,8,5.5,8.5],"texture":"#2"},"south":{"rotation":180,"uv":[5,8,5.5,8.5],"texture":"#2"}}},{"to":[9.46042,13.678,11.343],"rotation":{"origin":[2.52434,8,8],"angle":22.5,"axis":"y"},"from":[9.00367,13.272,10.78475],"faces":{"down":{"rotation":180,"uv":[9,10.25,9.5,10.75],"texture":"#2"},"east":{"uv":[7.5,2,8,2.5],"texture":"#2"},"up":{"uv":[6.5,4.75,7,5.25],"texture":"#2"},"south":{"rotation":180,"uv":[4.75,11.25,5.25,11.75],"texture":"#2"}}},{"to":[9.46042,13.678,5.21525],"rotation":{"origin":[2.52434,8,8],"angle":-22.5,"axis":"y"},"from":[9.00367,13.272,4.657],"faces":{"down":{"rotation":180,"uv":[9,10.25,9.5,10.75],"texture":"#2"},"east":{"uv":[7.5,2,8,2.5],"texture":"#2"},"north":{"rotation":180,"uv":[4.75,11.25,5.25,11.75],"texture":"#2"},"up":{"rotation":180,"uv":[6.5,4.75,7,5.25],"texture":"#2"}}},{"to":[5.47884,13.94637,6.08147],"rotation":{"origin":[2.52434,8,8],"angle":22.5,"axis":"x"},"from":[5.3265,12.17012,5.72815],"faces":{"down":{"rotation":180,"uv":[6.25,8,6.75,8.25],"texture":"#1"},"west":{"uv":[7.25,4,7.75,6],"texture":"#1"},"east":{"uv":[12.5,7.5,13,8],"texture":"#1"},"up":{"uv":[3.5,4.25,4,4.75],"texture":"#1"}}},{"to":[5.47884,13.94637,10.27185],"rotation":{"origin":[2.52434,8,8],"angle":-22.5,"axis":"x"},"from":[5.3265,12.17012,9.91853],"faces":{"down":{"rotation":180,"uv":[6.25,8,6.75,8.25],"texture":"#1"},"west":{"uv":[7.25,4,7.75,6],"texture":"#1"},"east":{"uv":[12.5,7.5,13,8],"texture":"#1"},"up":{"rotation":180,"uv":[3.5,4.25,4,4.75],"texture":"#1"}}},{"to":[5.47875,12.75954,4.30526],"rotation":{"origin":[2.52434,8,8],"angle":45,"axis":"x"},"from":[5.32639,10.98329,3.95193],"faces":{"down":{"rotation":180,"uv":[6.25,8,6.75,8.25],"texture":"#1"},"west":{"uv":[10.75,4.5,11.25,6.5],"texture":"#1"},"east":{"uv":[12.5,7.5,13,8],"texture":"#1"},"up":{"uv":[3.75,4.75,4.25,5.25],"texture":"#1"}}},{"to":[5.47875,12.75954,12.04807],"rotation":{"origin":[2.52434,8,8],"angle":-45,"axis":"x"},"from":[5.32639,10.98329,11.69474],"faces":{"down":{"rotation":180,"uv":[6.25,8,6.75,8.25],"texture":"#1"},"west":{"uv":[6.75,4.5,7.25,6.5],"texture":"#1"},"east":{"uv":[12.5,7.5,13,8],"texture":"#1"},"up":{"rotation":180,"uv":[7.75,4.75,8.25,5.25],"texture":"#1"}}},{"to":[5.47884,13.23491,10.98332],"rotation":{"origin":[2.52434,8,8],"angle":-22.5,"axis":"x"},"from":[5.3265,12.88158,9.20707],"faces":{"west":{"rotation":90,"uv":[0.5,4.75,1,6.75],"texture":"#1"},"east":{"rotation":270,"uv":[12.5,7.5,13,8],"texture":"#1"},"north":{"rotation":180,"uv":[6.75,8,7.25,8.5],"texture":"#1"},"south":{"uv":[5.25,5.5,5.75,6],"texture":"#1"}}},{"to":[5.47884,13.23491,6.79293],"rotation":{"origin":[2.52434,8,8],"angle":22.5,"axis":"x"},"from":[5.3265,12.88158,5.01668],"faces":{"west":{"rotation":270,"uv":[0.75,4.75,1.25,6.75],"texture":"#1"},"east":{"rotation":90,"uv":[12.5,7.5,13,8],"texture":"#1"},"north":{"uv":[6.75,5.5,7.25,6],"texture":"#1"},"south":{"rotation":180,"uv":[6,8,6.5,8.5],"texture":"#1"}}},{"to":[5.47875,13.65166,8.88813],"rotation":{"origin":[2.52434,8,8],"angle":0,"axis":"y"},"from":[5.32639,13.29834,7.11188],"faces":{"west":{"rotation":90,"uv":[7.25,9.5,7.75,11.5],"texture":"#1"},"east":{"uv":[12.5,7.5,13,8],"texture":"#1"},"north":{"rotation":180,"uv":[4.25,8.25,4.75,8.75],"texture":"#1"},"south":{"rotation":180,"uv":[6.25,8.25,6.75,8.75],"texture":"#1"}}},{"to":[5.4015,13.46424,10.17595],"rotation":{"origin":[2.52434,8,8],"angle":-22.5,"axis":"x"},"from":[5.3,12.65224,10.01443],"faces":{"down":{"rotation":180,"uv":[9,8,9.25,8.5],"texture":"#0"},"west":{"uv":[5.25,4.5,5.75,5.25],"texture":"#0"},"up":{"rotation":180,"uv":[7.25,4.25,7.5,4.75],"texture":"#0"}}},{"to":[5.4015,13.46424,5.98557],"rotation":{"origin":[2.52434,8,8],"angle":22.5,"axis":"x"},"from":[5.3,12.65224,5.82406],"faces":{"down":{"uv":[9,8,9.25,8.5],"texture":"#0"},"west":{"uv":[5.25,4.5,5.75,5.25],"texture":"#0"},"up":{"uv":[3.25,4,3.5,4.5],"texture":"#0"}}},{"to":[5.40161,12.27742,11.95217],"rotation":{"origin":[2.52434,8,8],"angle":-45,"axis":"x"},"from":[5.30011,11.46542,11.79066],"faces":{"down":{"uv":[6,5.5,6.25,6],"texture":"#0"},"west":{"uv":[6.25,4.5,6.75,5.25],"texture":"#0"},"up":{"rotation":180,"uv":[7.25,4.25,7.5,4.75],"texture":"#0"}}},{"to":[5.40161,12.27742,4.20936],"rotation":{"origin":[2.52434,8,8],"angle":45,"axis":"x"},"from":[5.30011,11.46542,4.04784],"faces":{"down":{"uv":[6,5.5,6.25,6],"texture":"#0"},"west":{"uv":[6.25,4.5,6.75,5.25],"texture":"#0"},"up":{"uv":[3.75,4,4,4.5],"texture":"#0"}}},{"to":[5.4015,13.13901,6.31081],"rotation":{"origin":[2.52434,8,8],"angle":22.5,"axis":"x"},"from":[5.3,12.97749,5.49881],"faces":{"west":{"rotation":270,"uv":[9.25,4.5,9.75,5.25],"texture":"#0"},"north":{"uv":[7.25,4.25,7.5,4.75],"texture":"#0"},"south":{"uv":[6.25,5,6.5,5.5],"texture":"#0"}}},{"to":[5.4015,13.13901,10.50119],"rotation":{"origin":[2.52434,8,8],"angle":-22.5,"axis":"x"},"from":[5.3,12.97749,9.68919],"faces":{"west":{"rotation":90,"uv":[9,4.5,9.5,5.25],"texture":"#0"},"north":{"uv":[6.25,5,6.5,5.5],"texture":"#0"},"south":{"uv":[7.25,4.25,7.5,4.75],"texture":"#0"}}},{"to":[5.40161,13.55577,8.406],"rotation":{"origin":[2.52434,8,8],"angle":0,"axis":"y"},"from":[5.30011,13.39425,7.594],"faces":{"west":{"uv":[6.25,4.5,6.75,5],"texture":"#0"},"north":{"uv":[6.25,4.5,6.5,5],"texture":"#0"},"south":{"uv":[6.25,4.5,6.5,5],"texture":"#0"}}},{"to":[6.06227,14.26162,8.15647],"rotation":{"origin":[2.52434,8,8],"angle":0,"axis":"y"},"from":[5.45327,12.68838,7.84353],"faces":{"down":{"uv":[5.75,8,6.25,8.25],"texture":"#1"},"up":{"rotation":180,"uv":[8.5,4,9,4.5],"texture":"#1"}}},{"to":[6.06227,13.84487,6.06129],"rotation":{"origin":[2.52434,8,8],"angle":22.5,"axis":"x"},"from":[5.45327,12.27162,5.74834],"faces":{"down":{"uv":[5.75,8,6.25,8.25],"texture":"#1"},"up":{"rotation":180,"uv":[11,2.5,11.5,3],"texture":"#1"}}},{"to":[6.06227,13.84487,10.25166],"rotation":{"origin":[2.52434,8,8],"angle":-22.5,"axis":"x"},"from":[5.45327,12.27162,9.93871],"faces":{"down":{"uv":[5.75,8,6.25,8.25],"texture":"#1"},"up":{"rotation":180,"uv":[8.5,4,9,4.5],"texture":"#1"}}},{"to":[6.06227,12.65804,4.28506],"rotation":{"origin":[2.52434,8,8],"angle":45,"axis":"x"},"from":[5.45327,11.08479,3.97212],"faces":{"down":{"uv":[5.75,8,6.25,8.25],"texture":"#1"},"up":{"uv":[3.25,4.25,3.75,4.75],"texture":"#1"}}},{"to":[6.06227,12.65804,12.02788],"rotation":{"origin":[2.52434,8,8],"angle":-45,"axis":"x"},"from":[5.45327,11.08479,11.71494],"faces":{"down":{"uv":[5.75,8,6.25,8.25],"texture":"#1"},"up":{"rotation":180,"uv":[3.25,4.25,3.75,4.75],"texture":"#1"}}},{"to":[6.06227,13.21472,10.88182],"rotation":{"origin":[2.52434,8,8],"angle":-22.5,"axis":"x"},"from":[5.45327,12.90177,9.30857],"faces":{"north":{"rotation":180,"uv":[3,8,3.5,8.5],"texture":"#1"},"south":{"uv":[3.25,4.75,3.75,5.25],"texture":"#1"}}},{"to":[6.06227,13.21472,6.69143],"rotation":{"origin":[2.52434,8,8],"angle":22.5,"axis":"x"},"from":[5.45327,12.90177,5.11818],"faces":{"north":{"uv":[3.25,4.75,3.75,5.25],"texture":"#1"},"south":{"rotation":180,"uv":[3,8,3.5,8.5],"texture":"#1"}}},{"to":[6.06227,13.63147,8.78662],"rotation":{"origin":[2.52434,8,8],"angle":0,"axis":"y"},"from":[5.45327,13.31853,7.21338],"faces":{"north":{"uv":[3.25,5.25,3.75,5.75],"texture":"#1"},"south":{"uv":[3.25,5.25,3.75,5.75],"texture":"#1"}}},{"to":[5.47875,12.58813,8.17666],"rotation":{"origin":[2.52434,8,8],"angle":0,"axis":"y"},"from":[5.32639,10.81188,7.82334],"faces":{"down":{"rotation":180,"uv":[6.25,8,6.75,8.25],"texture":"#1"},"west":{"uv":[8.25,4,8.75,6],"texture":"#1"},"east":{"uv":[12.5,7.5,13,8],"texture":"#1"},"up":{"rotation":180,"uv":[3.5,3.75,4,4.25],"texture":"#1"}}},{"to":[5.40161,12.106,8.08077],"rotation":{"origin":[2.52434,8,8],"angle":0,"axis":"y"},"from":[5.30011,11.294,7.91925],"faces":{"down":{"uv":[9.5,8,9.75,8.25],"texture":"#0"},"west":{"uv":[6.25,4.5,6.75,5.25],"texture":"#0"},"up":{"uv":[3.25,4,3.5,4.5],"texture":"#0"}}},{"to":[8.86577,12.58813,8.17666],"rotation":{"origin":[2.52434,8,8],"angle":0,"axis":"y"},"from":[5.85927,10.81188,7.82334],"faces":{"down":{"rotation":180,"uv":[5.5,7.75,7.5,8.25],"texture":"#1"},"west":{"uv":[12.5,7.5,13,8],"texture":"#1"},"east":{"uv":[5.25,10.5,5.75,11],"texture":"#1"},"up":{"uv":[2,3.25,4,3.75],"texture":"#1"}}},{"to":[8.86577,12.30648,6.76074],"rotation":{"origin":[2.52434,8,8],"angle":22.5,"axis":"x"},"from":[5.85927,10.53023,6.40741],"faces":{"down":{"rotation":180,"uv":[3,9,5,9.5],"texture":"#1"},"west":{"uv":[12.5,7.5,13,8],"texture":"#1"},"east":{"uv":[5.25,10.5,5.75,11],"texture":"#1"},"up":{"uv":[2,3.75,4,4.25],"texture":"#1"}}},{"to":[8.86577,12.30648,9.59259],"rotation":{"origin":[2.52434,8,8],"angle":-22.5,"axis":"x"},"from":[5.85927,10.53023,9.23926],"faces":{"down":{"rotation":180,"uv":[3.5,8,5.5,8.5],"texture":"#1"},"west":{"uv":[12.5,7.5,13,8],"texture":"#1"},"east":{"uv":[5.25,10.5,5.75,11],"texture":"#1"},"up":{"uv":[0,3.25,2,3.75],"texture":"#1"}}},{"to":[8.86577,11.50443,5.56037],"rotation":{"origin":[2.52434,8,8],"angle":45,"axis":"x"},"from":[5.85927,9.72818,5.20705],"faces":{"down":{"rotation":180,"uv":[5.75,5.5,7.75,6],"texture":"#1"},"west":{"uv":[12.5,7.5,13,8],"texture":"#1"},"east":{"uv":[5.25,10.5,5.75,11],"texture":"#1"},"up":{"uv":[5.25,4.25,7.25,4.75],"texture":"#1"}}},{"to":[8.86577,11.50443,10.79295],"rotation":{"origin":[2.52434,8,8],"angle":-45,"axis":"x"},"from":[5.85927,9.72818,10.43963],"faces":{"down":{"uv":[4.5,5.5,6.5,6],"texture":"#1"},"west":{"uv":[12.5,7.5,13,8],"texture":"#1"},"east":{"uv":[5.25,10.5,5.75,11],"texture":"#1"},"up":{"rotation":180,"uv":[1.25,4.25,3.25,4.75],"texture":"#1"}}},{"to":[8.86577,11.59502,10.30405],"rotation":{"origin":[2.52434,8,8],"angle":-22.5,"axis":"x"},"from":[5.85927,11.2417,8.5278],"faces":{"west":{"rotation":90,"uv":[12.5,7.5,13,8],"texture":"#1"},"east":{"uv":[5.25,10.5,5.75,11],"texture":"#1"},"north":{"uv":[6.25,5,8.25,5.5],"texture":"#1"},"south":{"uv":[5.25,4.75,7.25,5.25],"texture":"#1"}}},{"to":[8.86577,11.59502,7.4722],"rotation":{"origin":[2.52434,8,8],"angle":22.5,"axis":"x"},"from":[5.85927,11.2417,5.69595],"faces":{"west":{"rotation":270,"uv":[12.5,7.5,13,8],"texture":"#1"},"east":{"uv":[5.25,10.5,5.75,11],"texture":"#1"},"north":{"uv":[5.25,4.75,7.25,5.25],"texture":"#1"},"south":{"uv":[6.25,5,8.25,5.5],"texture":"#1"}}},{"to":[8.86577,11.87666,8.88813],"rotation":{"origin":[2.52434,8,8],"angle":0,"axis":"y"},"from":[5.85927,11.52334,7.11188],"faces":{"west":{"uv":[12.5,7.5,13,8],"texture":"#1"},"east":{"uv":[5.25,10.5,5.75,11],"texture":"#1"},"north":{"uv":[3,12.25,5,12.75],"texture":"#1"},"south":{"uv":[0,12,2,12.5],"texture":"#1"}}},{"to":[9.27177,12.512,8.16152],"rotation":{"origin":[2.52434,8,8],"angle":0,"axis":"y"},"from":[8.76427,10.888,7.83848],"faces":{"down":{"rotation":180,"uv":[7.75,8,8.25,8.25],"texture":"#2"},"east":{"uv":[11,7.5,11.5,8],"texture":"#2"},"up":{"uv":[3.25,4,3.75,4.25],"texture":"#2"}}},{"to":[9.27177,12.23035,9.57744],"rotation":{"origin":[2.52434,8,8],"angle":-22.5,"axis":"x"},"from":[8.76427,10.60635,9.25441],"faces":{"down":{"rotation":180,"uv":[4.25,8,4.75,8.25],"texture":"#2"},"east":{"uv":[11,7.5,11.5,8],"texture":"#2"},"up":{"uv":[7.5,4.25,8,4.5],"texture":"#2"}}},{"to":[9.27177,12.23035,6.74559],"rotation":{"origin":[2.52434,8,8],"angle":22.5,"axis":"x"},"from":[8.76427,10.60635,6.42256],"faces":{"down":{"uv":[4.25,8,4.75,8.25],"texture":"#2"},"east":{"uv":[11,7.5,11.5,8],"texture":"#2"},"up":{"uv":[5.5,4.25,6,4.5],"texture":"#2"}}},{"to":[9.27177,11.4283,10.77781],"rotation":{"origin":[2.52434,8,8],"angle":-45,"axis":"x"},"from":[8.76427,9.8043,10.45478],"faces":{"down":{"rotation":180,"uv":[2.75,9.25,3.25,9.5],"texture":"#2"},"east":{"uv":[11,7.5,11.5,8],"texture":"#2"},"up":{"rotation":180,"uv":[6.5,4.75,7,5],"texture":"#2"}}},{"to":[9.27177,11.4283,5.54522],"rotation":{"origin":[2.52434,8,8],"angle":45,"axis":"x"},"from":[8.76427,9.8043,5.22219],"faces":{"down":{"rotation":180,"uv":[2.75,9.25,3.25,9.75],"texture":"#2"},"east":{"uv":[11,7.5,11.5,8],"texture":"#2"},"up":{"uv":[8.5,4.75,9,5],"texture":"#2"}}},{"to":[9.27177,11.57987,7.39607],"rotation":{"origin":[2.52434,8,8],"angle":22.5,"axis":"x"},"from":[8.76427,11.25684,5.77207],"faces":{"east":{"rotation":90,"uv":[11,7.5,11.5,8],"texture":"#2"},"north":{"rotation":180,"uv":[5.5,11.5,6,11.75],"texture":"#2"},"south":{"rotation":180,"uv":[1.25,9.75,1.75,10],"texture":"#2"}}},{"to":[9.27177,11.57987,10.22793],"rotation":{"origin":[2.52434,8,8],"angle":-22.5,"axis":"x"},"from":[8.76427,11.25684,8.60393],"faces":{"east":{"rotation":270,"uv":[11,7.5,11.5,8],"texture":"#2"},"north":{"rotation":180,"uv":[2.5,10,3,10.5],"texture":"#2"},"south":{"rotation":180,"uv":[5.5,11.5,6,11.75],"texture":"#2"}}},{"to":[9.27177,11.86152,8.812],"rotation":{"origin":[2.52434,8,8],"angle":0,"axis":"y"},"from":[8.76427,11.53848,7.188],"faces":{"east":{"uv":[11,7.5,11.5,8],"texture":"#2"},"north":{"rotation":180,"uv":[5.5,11,6,11.25],"texture":"#2"},"south":{"rotation":180,"uv":[5.5,11,6,11.25],"texture":"#2"}}},{"to":[9.52377,12.46125,8.15142],"rotation":{"origin":[2.52434,8,8],"angle":0,"axis":"y"},"from":[9.21927,10.93875,7.84858],"faces":{"down":{"rotation":180,"uv":[7.75,8,8.25,8.25],"texture":"#2"},"east":{"uv":[11,7.5,11.5,8],"texture":"#2"},"up":{"uv":[3.25,4,3.75,4.25],"texture":"#2"}}},{"to":[9.52377,12.1796,6.73549],"rotation":{"origin":[2.52434,8,8],"angle":22.5,"axis":"x"},"from":[9.21927,10.6571,6.43265],"faces":{"down":{"uv":[4.25,8,4.75,8.25],"texture":"#2"},"east":{"uv":[11,7.5,11.5,8],"texture":"#2"},"up":{"uv":[12.75,2.25,13.25,2.5],"texture":"#2"}}},{"to":[9.52377,12.1796,9.56735],"rotation":{"origin":[2.52434,8,8],"angle":-22.5,"axis":"x"},"from":[9.21927,10.6571,9.26451],"faces":{"down":{"rotation":180,"uv":[4.25,8,4.75,8.25],"texture":"#2"},"east":{"uv":[11,7.5,11.5,8],"texture":"#2"},"up":{"uv":[8.5,4.25,9,4.5],"texture":"#2"}}},{"to":[9.52377,11.37755,5.53512],"rotation":{"origin":[2.52434,8,8],"angle":45,"axis":"x"},"from":[9.21927,9.85505,5.23229],"faces":{"down":{"rotation":180,"uv":[2.75,9.25,3.25,9.75],"texture":"#2"},"east":{"uv":[11,7.5,11.5,8],"texture":"#2"},"up":{"uv":[9.25,4.75,9.75,5],"texture":"#2"}}},{"to":[9.52377,11.37755,10.76771],"rotation":{"origin":[2.52434,8,8],"angle":-45,"axis":"x"},"from":[9.21927,9.85505,10.46488],"faces":{"down":{"rotation":180,"uv":[2.75,9.25,3.25,9.5],"texture":"#2"},"east":{"uv":[11,7.5,11.5,8],"texture":"#2"},"up":{"rotation":180,"uv":[5.75,4.75,6.25,5],"texture":"#2"}}},{"to":[9.52377,11.56978,10.17718],"rotation":{"origin":[2.52434,8,8],"angle":-22.5,"axis":"x"},"from":[9.21927,11.26694,8.65468],"faces":{"east":{"rotation":270,"uv":[11,7.5,11.5,8],"texture":"#2"},"north":{"rotation":180,"uv":[2.5,10,3,10.5],"texture":"#2"},"south":{"rotation":180,"uv":[6.25,11.5,6.75,11.75],"texture":"#2"}}},{"to":[9.52377,11.56978,7.34532],"rotation":{"origin":[2.52434,8,8],"angle":22.5,"axis":"x"},"from":[9.21927,11.26694,5.82282],"faces":{"east":{"rotation":90,"uv":[11,7.5,11.5,8],"texture":"#2"},"north":{"rotation":180,"uv":[4.75,11.5,5.25,11.75],"texture":"#2"},"south":{"rotation":180,"uv":[1.25,9.75,1.75,10],"texture":"#2"}}},{"to":[9.52377,11.85142,8.76125],"rotation":{"origin":[2.52434,8,8],"angle":0,"axis":"y"},"from":[9.21927,11.54858,7.23875],"faces":{"east":{"uv":[11,7.5,11.5,8],"texture":"#2"},"north":{"rotation":180,"uv":[5.5,11,6,11.25],"texture":"#2"},"south":{"rotation":180,"uv":[5.5,11,6,11.25],"texture":"#2"}}},{"to":[9.70752,12.4105,8.14133],"rotation":{"origin":[2.52434,8,8],"angle":0,"axis":"y"},"from":[9.45377,10.9895,7.85867],"faces":{"down":{"rotation":180,"uv":[7.75,8,8.25,8.25],"texture":"#2"},"east":{"uv":[11,7.5,11.5,8],"texture":"#2"},"up":{"uv":[3.25,4,3.75,4.25],"texture":"#2"}}},{"to":[9.70752,12.12885,9.55725],"rotation":{"origin":[2.52434,8,8],"angle":-22.5,"axis":"x"},"from":[9.45377,10.70785,9.2746],"faces":{"down":{"rotation":180,"uv":[4.25,8,4.75,8.25],"texture":"#2"},"east":{"uv":[11,7.5,11.5,8],"texture":"#2"},"up":{"uv":[8.75,4.25,9.25,4.5],"texture":"#2"}}},{"to":[9.70752,12.12885,6.7254],"rotation":{"origin":[2.52434,8,8],"angle":22.5,"axis":"x"},"from":[9.45377,10.70785,6.44275],"faces":{"down":{"uv":[4.25,8,4.75,8.25],"texture":"#2"},"east":{"uv":[11,7.5,11.5,8],"texture":"#2"},"up":{"uv":[10.5,2.75,11,3],"texture":"#2"}}},{"to":[9.70752,11.3268,10.75763],"rotation":{"origin":[2.52434,8,8],"angle":-45,"axis":"x"},"from":[9.45377,9.9058,10.47497],"faces":{"down":{"rotation":180,"uv":[2.75,9.25,3.25,9.5],"texture":"#2"},"east":{"uv":[11,7.5,11.5,8],"texture":"#2"},"up":{"rotation":180,"uv":[5.75,4.75,6.25,5],"texture":"#2"}}},{"to":[9.70752,11.55968,7.29457],"rotation":{"origin":[2.52434,8,8],"angle":22.5,"axis":"x"},"from":[9.45377,11.27703,5.87357],"faces":{"east":{"rotation":90,"uv":[11,7.5,11.5,8],"texture":"#2"},"north":{"rotation":180,"uv":[6.75,11.5,7.25,11.75],"texture":"#2"},"south":{"rotation":180,"uv":[1.25,9.75,1.75,10],"texture":"#2"}}},{"to":[9.70752,11.3268,5.52503],"rotation":{"origin":[2.52434,8,8],"angle":45,"axis":"x"},"from":[9.45377,9.9058,5.24237],"faces":{"down":{"rotation":180,"uv":[2.75,9.25,3.25,9.75],"texture":"#2"},"east":{"uv":[11,7.5,11.5,8],"texture":"#2"},"up":{"uv":[9,4.75,9.5,5],"texture":"#2"}}},{"to":[9.70752,11.55968,10.12643],"rotation":{"origin":[2.52434,8,8],"angle":-22.5,"axis":"x"},"from":[9.45377,11.27703,8.70543],"faces":{"east":{"rotation":270,"uv":[11,7.5,11.5,8],"texture":"#2"},"north":{"rotation":180,"uv":[2.5,10,3,10.5],"texture":"#2"},"south":{"rotation":180,"uv":[6.25,11.5,6.75,11.75],"texture":"#2"}}},{"to":[9.70752,11.84133,8.7105],"rotation":{"origin":[2.52434,8,8],"angle":0,"axis":"y"},"from":[9.45377,11.55867,7.2895],"faces":{"east":{"uv":[11,7.5,11.5,8],"texture":"#2"},"north":{"rotation":180,"uv":[5.5,11,6,11.25],"texture":"#2"},"south":{"rotation":180,"uv":[5.5,11,6,11.25],"texture":"#2"}}},{"to":[9.78976,12.35975,8.13123],"rotation":{"origin":[2.52434,8,8],"angle":0,"axis":"y"},"from":[9.63752,11.04025,7.86877],"faces":{"down":{"rotation":180,"uv":[7.75,8,8.25,8.25],"texture":"#2"},"east":{"uv":[11,7.5,11.5,8],"texture":"#2"},"up":{"uv":[3.25,4,3.75,4.25],"texture":"#2"}}},{"to":[9.78976,12.0781,6.7153],"rotation":{"origin":[2.52434,8,8],"angle":22.5,"axis":"x"},"from":[9.63752,10.7586,6.45284],"faces":{"down":{"uv":[4.25,8,4.75,8.25],"texture":"#2"},"east":{"uv":[11,7.5,11.5,8],"texture":"#2"},"up":{"uv":[11.25,3.25,11.75,3.5],"texture":"#2"}}},{"to":[9.78976,12.0781,9.54716],"rotation":{"origin":[2.52434,8,8],"angle":-22.5,"axis":"x"},"from":[9.63752,10.7586,9.2847],"faces":{"down":{"rotation":180,"uv":[4.25,8,4.75,8.25],"texture":"#2"},"east":{"uv":[11,7.5,11.5,8],"texture":"#2"},"up":{"uv":[11,3,11.5,3.25],"texture":"#2"}}},{"to":[9.78976,11.27605,5.51493],"rotation":{"origin":[2.52434,8,8],"angle":45,"axis":"x"},"from":[9.63752,9.95655,5.25248],"faces":{"down":{"rotation":180,"uv":[2.75,9.25,3.25,9.75],"texture":"#2"},"east":{"uv":[11,7.5,11.5,8],"texture":"#2"},"up":{"uv":[6.5,4.75,7,5],"texture":"#2"}}},{"to":[9.78976,11.27605,10.74752],"rotation":{"origin":[2.52434,8,8],"angle":-45,"axis":"x"},"from":[9.63752,9.95655,10.48507],"faces":{"down":{"rotation":180,"uv":[2.75,9.25,3.25,9.5],"texture":"#2"},"east":{"uv":[11,7.5,11.5,8],"texture":"#2"},"up":{"rotation":180,"uv":[8,4.75,8.5,5],"texture":"#2"}}},{"to":[9.78976,11.54958,10.07568],"rotation":{"origin":[2.52434,8,8],"angle":-22.5,"axis":"x"},"from":[9.63752,11.28713,8.75618],"faces":{"east":{"rotation":270,"uv":[11,7.5,11.5,8],"texture":"#2"},"north":{"rotation":180,"uv":[2.5,10,3,10.5],"texture":"#2"},"south":{"rotation":180,"uv":[7.5,11.5,8,11.75],"texture":"#2"}}},{"to":[9.78976,11.54958,7.24382],"rotation":{"origin":[2.52434,8,8],"angle":22.5,"axis":"x"},"from":[9.63752,11.28713,5.92432],"faces":{"east":{"rotation":90,"uv":[11,7.5,11.5,8],"texture":"#2"},"north":{"rotation":180,"uv":[7,11.5,7.5,11.75],"texture":"#2"},"south":{"rotation":180,"uv":[1.25,9.75,1.75,10],"texture":"#2"}}},{"to":[9.78976,11.83123,8.65975],"rotation":{"origin":[2.52434,8,8],"angle":0,"axis":"y"},"from":[9.63752,11.56877,7.34025],"faces":{"east":{"uv":[11,7.5,11.5,8],"texture":"#2"},"north":{"rotation":180,"uv":[5.5,11,6,11.25],"texture":"#2"},"south":{"rotation":180,"uv":[5.5,11,6,11.25],"texture":"#2"}}},{"to":[8.04449,14.76136,8.203],"rotation":{"origin":[2.52434,8,8],"angle":-22.5,"axis":"z"},"from":[7.58774,14.25386,7.797],"faces":{"east":{"uv":[7.5,2,8,2.5],"texture":"#2"},"north":{"uv":[6,4.5,6.5,5],"texture":"#2"},"up":{"uv":[4,4,4.5,4.5],"texture":"#2"},"south":{"uv":[5.75,4.5,6.25,5],"texture":"#2"}}},{"to":[10.87634,8.58286,8.203],"rotation":{"origin":[2.52434,8,8],"angle":22.5,"axis":"z"},"from":[10.41959,8.07536,7.797],"faces":{"down":{"rotation":180,"uv":[15,8,15.5,8.5],"texture":"#2"},"east":{"uv":[7.5,2,8,2.5],"texture":"#2"},"north":{"rotation":180,"uv":[5,8,5.5,8.5],"texture":"#2"},"south":{"rotation":180,"uv":[5,8,5.5,8.5],"texture":"#2"}}},{"to":[9.46042,11.903,11.343],"rotation":{"origin":[2.52434,8,8],"angle":22.5,"axis":"y"},"from":[9.00367,11.497,10.78475],"faces":{"down":{"rotation":180,"uv":[9,10.25,9.5,10.75],"texture":"#2"},"east":{"uv":[7.5,2,8,2.5],"texture":"#2"},"up":{"uv":[6.5,4.75,7,5.25],"texture":"#2"},"south":{"rotation":180,"uv":[4.75,11.25,5.25,11.75],"texture":"#2"}}},{"to":[9.46042,11.903,5.21525],"rotation":{"origin":[2.52434,8,8],"angle":-22.5,"axis":"y"},"from":[9.00367,11.497,4.657],"faces":{"down":{"rotation":180,"uv":[9,10.25,9.5,10.75],"texture":"#2"},"east":{"uv":[7.5,2,8,2.5],"texture":"#2"},"north":{"rotation":180,"uv":[4.75,11.25,5.25,11.75],"texture":"#2"},"up":{"rotation":180,"uv":[6.5,4.75,7,5.25],"texture":"#2"}}},{"to":[5.47884,12.30648,6.76074],"rotation":{"origin":[2.52434,8,8],"angle":22.5,"axis":"x"},"from":[5.3265,10.53023,6.40741],"faces":{"down":{"rotation":180,"uv":[6.25,8,6.75,8.25],"texture":"#1"},"west":{"uv":[7.25,4,7.75,6],"texture":"#1"},"east":{"uv":[12.5,7.5,13,8],"texture":"#1"},"up":{"uv":[3.5,4.25,4,4.75],"texture":"#1"}}},{"to":[5.47884,12.30648,9.59259],"rotation":{"origin":[2.52434,8,8],"angle":-22.5,"axis":"x"},"from":[5.3265,10.53023,9.23926],"faces":{"down":{"rotation":180,"uv":[6.25,8,6.75,8.25],"texture":"#1"},"west":{"uv":[7.25,4,7.75,6],"texture":"#1"},"east":{"uv":[12.5,7.5,13,8],"texture":"#1"},"up":{"rotation":180,"uv":[3.5,4.25,4,4.75],"texture":"#1"}}},{"to":[5.47875,11.50443,5.56037],"rotation":{"origin":[2.52434,8,8],"angle":45,"axis":"x"},"from":[5.32639,9.72818,5.20705],"faces":{"down":{"rotation":180,"uv":[6.25,8,6.75,8.25],"texture":"#1"},"west":{"uv":[10.75,4.5,11.25,6.5],"texture":"#1"},"east":{"uv":[12.5,7.5,13,8],"texture":"#1"},"up":{"uv":[3.75,4.75,4.25,5.25],"texture":"#1"}}},{"to":[5.47875,11.50443,10.79295],"rotation":{"origin":[2.52434,8,8],"angle":-45,"axis":"x"},"from":[5.32639,9.72818,10.43963],"faces":{"down":{"rotation":180,"uv":[6.25,8,6.75,8.25],"texture":"#1"},"west":{"uv":[6.75,4.5,7.25,6.5],"texture":"#1"},"east":{"uv":[12.5,7.5,13,8],"texture":"#1"},"up":{"rotation":180,"uv":[7.75,4.75,8.25,5.25],"texture":"#1"}}},{"to":[5.47884,11.59502,10.30405],"rotation":{"origin":[2.52434,8,8],"angle":-22.5,"axis":"x"},"from":[5.3265,11.2417,8.5278],"faces":{"west":{"rotation":90,"uv":[0.5,4.75,1,6.75],"texture":"#1"},"east":{"rotation":270,"uv":[12.5,7.5,13,8],"texture":"#1"},"north":{"rotation":180,"uv":[6.75,8,7.25,8.5],"texture":"#1"},"south":{"uv":[5.25,5.5,5.75,6],"texture":"#1"}}},{"to":[5.47884,11.59502,7.4722],"rotation":{"origin":[2.52434,8,8],"angle":22.5,"axis":"x"},"from":[5.3265,11.2417,5.69595],"faces":{"west":{"rotation":270,"uv":[0.75,4.75,1.25,6.75],"texture":"#1"},"east":{"rotation":90,"uv":[12.5,7.5,13,8],"texture":"#1"},"north":{"uv":[6.75,5.5,7.25,6],"texture":"#1"},"south":{"rotation":180,"uv":[6,8,6.5,8.5],"texture":"#1"}}},{"to":[5.47875,11.87666,8.88813],"rotation":{"origin":[2.52434,8,8],"angle":0,"axis":"y"},"from":[5.32639,11.52334,7.11188],"faces":{"west":{"rotation":90,"uv":[7.25,9.5,7.75,11.5],"texture":"#1"},"east":{"uv":[12.5,7.5,13,8],"texture":"#1"},"north":{"rotation":180,"uv":[4.25,8.25,4.75,8.75],"texture":"#1"},"south":{"rotation":180,"uv":[6.25,8.25,6.75,8.75],"texture":"#1"}}},{"to":[5.4015,11.82435,9.49669],"rotation":{"origin":[2.52434,8,8],"angle":-22.5,"axis":"x"},"from":[5.3,11.01235,9.33517],"faces":{"down":{"rotation":180,"uv":[9,8,9.25,8.5],"texture":"#0"},"west":{"uv":[5.25,4.5,5.75,5.25],"texture":"#0"},"up":{"rotation":180,"uv":[7.25,4.25,7.5,4.75],"texture":"#0"}}},{"to":[5.4015,11.82435,6.66484],"rotation":{"origin":[2.52434,8,8],"angle":22.5,"axis":"x"},"from":[5.3,11.01235,6.50332],"faces":{"down":{"uv":[9,8,9.25,8.5],"texture":"#0"},"west":{"uv":[5.25,4.5,5.75,5.25],"texture":"#0"},"up":{"uv":[3.25,4,3.5,4.5],"texture":"#0"}}},{"to":[5.40161,11.0223,10.69705],"rotation":{"origin":[2.52434,8,8],"angle":-45,"axis":"x"},"from":[5.30011,10.2103,10.53554],"faces":{"down":{"uv":[6,5.5,6.25,6],"texture":"#0"},"west":{"uv":[6.25,4.5,6.75,5.25],"texture":"#0"},"up":{"rotation":180,"uv":[7.25,4.25,7.5,4.75],"texture":"#0"}}},{"to":[5.40161,11.0223,5.46447],"rotation":{"origin":[2.52434,8,8],"angle":45,"axis":"x"},"from":[5.30011,10.2103,5.30295],"faces":{"down":{"uv":[6,5.5,6.25,6],"texture":"#0"},"west":{"uv":[6.25,4.5,6.75,5.25],"texture":"#0"},"up":{"uv":[3.75,4,4,4.5],"texture":"#0"}}},{"to":[5.4015,11.49912,6.99007],"rotation":{"origin":[2.52434,8,8],"angle":22.5,"axis":"x"},"from":[5.3,11.3376,6.17807],"faces":{"west":{"rotation":270,"uv":[9.25,4.5,9.75,5.25],"texture":"#0"},"north":{"uv":[7.25,4.25,7.5,4.75],"texture":"#0"},"south":{"uv":[6.25,5,6.5,5.5],"texture":"#0"}}},{"to":[5.4015,11.49912,9.82193],"rotation":{"origin":[2.52434,8,8],"angle":-22.5,"axis":"x"},"from":[5.3,11.3376,9.00993],"faces":{"west":{"rotation":90,"uv":[9,4.5,9.5,5.25],"texture":"#0"},"north":{"uv":[6.25,5,6.5,5.5],"texture":"#0"},"south":{"uv":[7.25,4.25,7.5,4.75],"texture":"#0"}}},{"to":[5.40161,11.78077,8.406],"rotation":{"origin":[2.52434,8,8],"angle":0,"axis":"y"},"from":[5.30011,11.61925,7.594],"faces":{"west":{"uv":[6.25,4.5,6.75,5],"texture":"#0"},"north":{"uv":[6.25,4.5,6.5,5],"texture":"#0"},"south":{"uv":[6.25,4.5,6.5,5],"texture":"#0"}}},{"to":[6.06227,12.48663,8.15647],"rotation":{"origin":[2.52434,8,8],"angle":0,"axis":"y"},"from":[5.45327,10.91338,7.84353],"faces":{"down":{"uv":[5.75,8,6.25,8.25],"texture":"#1"},"up":{"rotation":180,"uv":[8.5,4,9,4.5],"texture":"#1"}}},{"to":[6.06227,12.20498,6.74055],"rotation":{"origin":[2.52434,8,8],"angle":22.5,"axis":"x"},"from":[5.45327,10.63173,6.4276],"faces":{"down":{"uv":[5.75,8,6.25,8.25],"texture":"#1"},"up":{"rotation":180,"uv":[11,2.5,11.5,3],"texture":"#1"}}},{"to":[6.06227,12.20498,9.5724],"rotation":{"origin":[2.52434,8,8],"angle":-22.5,"axis":"x"},"from":[5.45327,10.63173,9.25945],"faces":{"down":{"uv":[5.75,8,6.25,8.25],"texture":"#1"},"up":{"rotation":180,"uv":[8.5,4,9,4.5],"texture":"#1"}}},{"to":[6.06227,11.40293,5.54018],"rotation":{"origin":[2.52434,8,8],"angle":45,"axis":"x"},"from":[5.45327,9.82968,5.22723],"faces":{"down":{"uv":[5.75,8,6.25,8.25],"texture":"#1"},"up":{"uv":[3.25,4.25,3.75,4.75],"texture":"#1"}}},{"to":[6.06227,11.40293,10.77277],"rotation":{"origin":[2.52434,8,8],"angle":-45,"axis":"x"},"from":[5.45327,9.82968,10.45982],"faces":{"down":{"uv":[5.75,8,6.25,8.25],"texture":"#1"},"up":{"rotation":180,"uv":[3.25,4.25,3.75,4.75],"texture":"#1"}}},{"to":[6.06227,11.57483,10.20255],"rotation":{"origin":[2.52434,8,8],"angle":-22.5,"axis":"x"},"from":[5.45327,11.26188,8.6293],"faces":{"north":{"rotation":180,"uv":[3,8,3.5,8.5],"texture":"#1"},"south":{"uv":[3.25,4.75,3.75,5.25],"texture":"#1"}}},{"to":[6.06227,11.57483,7.3707],"rotation":{"origin":[2.52434,8,8],"angle":22.5,"axis":"x"},"from":[5.45327,11.26188,5.79745],"faces":{"north":{"uv":[3.25,4.75,3.75,5.25],"texture":"#1"},"south":{"rotation":180,"uv":[3,8,3.5,8.5],"texture":"#1"}}},{"to":[6.06227,11.85647,8.78662],"rotation":{"origin":[2.52434,8,8],"angle":0,"axis":"y"},"from":[5.45327,11.54353,7.21338],"faces":{"north":{"uv":[3.25,5.25,3.75,5.75],"texture":"#1"},"south":{"uv":[3.25,5.25,3.75,5.75],"texture":"#1"}}},{"to":[6.95,11.25,9.151],"from":[6.35,10.65,6.849],"faces":{"north":{"uv":[9.75,7.25,10.75,8],"texture":"#1"},"south":{"uv":[10.25,7.25,11.25,8],"texture":"#1"}}},{"to":[9.15,9.25,9.151],"from":[8.55,8.65,6.849],"faces":{"north":{"uv":[7.75,7,8.75,7.75],"texture":"#1"},"south":{"uv":[14.75,7,15.75,7.75],"texture":"#1"}}},{"to":[9.05,10.751,8.85],"from":[5.05,-3.749,7.15],"faces":{"up":{"uv":[6.25,4.25,10.5,5.75],"texture":"#1"}}},{"to":[10.45,10.75,9.15],"from":[5.05,-3.75,6.85],"faces":{"up":{"uv":[5.75,9.5,6.75,10.5],"texture":"#0"}}},{"to":[10.25,10.751,8.75],"from":[9.05,-3.749,7.25],"faces":{"up":{"uv":[8.25,4.5,10.5,6.5],"texture":"#2"}}}],"display":{"thirdperson_righthand":{"rotation":[25,111,-23],"scale":[0.25,0.25,0.25],"translation":[-1,0,0]},"head":{"scale":[0.5,0.5,0.5]},"thirdperson_lefthand":{"rotation":[69,-71,65],"scale":[0.25,0.25,0.25],"translation":[-1,0,0]},"gui":{"rotation":[0,180,32],"scale":[0.85,0.85,0.85],"translation":[1,2,0]},"firstperson_lefthand":{"rotation":[-40,-110,-41],"scale":[0.5,0.5,0.5],"translation":[3,0,0]},"firstperson_righthand":{"rotation":[-87,65,68],"scale":[0.5,0.5,0.5],"translation":[3,0,0]},"fixed":{"rotation":[0,180,0],"scale":[0.5,0.5,0.5],"translation":[0,0,-1]},"ground":{"translation":[0,2.5,0],"scale":[0.25,0.25,0.25]}},"credit":"thebradqq's guns"}