{"textures":{"particle":"mgs:gun/brass","1":"mgs:gun/metal_bright","0":"mgs:gun/ppshdetails","3":"mgs:gun/copper","2":"mgs:gun/metal","4":"mgs:gun/brass"},"gui_light":"front","elements":[{"to":[9.09285,23.28868,8.29351],"rotation":{"origin":[7.98314,8.95251,7.54182],"angle":-22.5,"axis":"x"},"from":[6.13285,21.62368,6.10577],"faces":{"west":{"uv":[4.25,4.75,4.75,5.25],"texture":"#2"},"east":{"uv":[4.25,4.5,4.75,5],"texture":"#2"},"north":{"rotation":270,"uv":[8.25,2,8.75,2.75],"texture":"#2"},"up":{"rotation":270,"uv":[4.75,11.5,5.25,12.25],"texture":"#1"},"south":{"rotation":270,"uv":[8.25,2,8.75,2.75],"texture":"#2"}}},{"to":[12.42285,8.70476,9.89036],"rotation":{"origin":[8,7.83023,8.04035],"angle":0,"axis":"x"},"from":[3.17285,5.00476,6.19036],"faces":{"north":{"rotation":180,"uv":[7.75,7.75,8,8.75],"texture":"#2"},"west":{"rotation":90,"uv":[0,9,1,10],"texture":"#1"},"up":{"rotation":180,"uv":[1.25,4.25,1.5,5.25],"texture":"#2"},"down":{"rotation":180,"uv":[7.75,7.75,8.75,8],"texture":"#2"},"east":{"uv":[0,4.75,1,5.75],"texture":"#2"},"south":{"uv":[7.75,7.25,8,8.25],"texture":"#2"}}},{"to":[11.69025,9.79862,22.84036],"rotation":{"origin":[8,7.83023,8.04035],"angle":0,"axis":"x"},"from":[3.53545,3.91089,-6.75964],"faces":{"west":{"rotation":180,"uv":[0,0,16,3],"texture":"#0"},"east":{"uv":[0,9.5,16,12.5],"texture":"#0"},"north":{"rotation":90,"uv":[4.5,12.5,1.5,16],"texture":"#0"},"south":{"rotation":90,"uv":[4.5,16,1.5,12.5],"texture":"#0"}}},{"to":[12.05285,9.07476,14.70036],"rotation":{"origin":[8,7.83023,8.04035],"angle":0,"axis":"x"},"from":[11.31285,4.63476,1.38036],"faces":{"down":{"rotation":90,"uv":[6.5,8,10.25,8.25],"texture":"#2"},"east":{"uv":[3.25,4.75,7,6],"texture":"#2"},"north":{"rotation":180,"uv":[12.25,10,12.5,11.25],"texture":"#2"},"up":{"rotation":90,"uv":[10.5,4.75,14.25,5],"texture":"#2"},"south":{"rotation":180,"uv":[12.25,10,12.5,11.25],"texture":"#2"}}},{"to":[11.68285,9.87289,22.46707],"rotation":{"origin":[8,7.83023,8.04035],"angle":-22.5,"axis":"x"},"from":[3.54285,3.98516,-7.13293],"faces":{"west":{"rotation":180,"uv":[0,6,16,3],"texture":"#0"},"east":{"uv":[0,6,16,9],"texture":"#0"},"north":{"rotation":90,"uv":[3,12.5,0,16],"texture":"#0"},"south":{"rotation":90,"uv":[7,16,4,12.5],"texture":"#0"}}},{"to":[11.68655,10.08439,22.15061],"rotation":{"origin":[8,7.83023,8.04035],"angle":-45,"axis":"x"},"from":[3.53915,4.19665,-7.44939],"faces":{"west":{"rotation":180,"uv":[0,3,16,6],"texture":"#0"},"east":{"uv":[0,9.5,16,6.5],"texture":"#0"},"north":{"rotation":90,"uv":[1.5,12.5,0,16],"texture":"#0"},"south":{"rotation":90,"uv":[9.5,16,6.5,12.5],"texture":"#0"}}},{"to":[11.68285,21.72901,11.35748],"rotation":{"origin":[8,7.83023,8.04035],"angle":22.5,"axis":"x"},"from":[3.54285,-7.87099,5.46975],"faces":{"down":{"rotation":90,"uv":[0,16,0.5,12.5],"texture":"#0"},"west":{"rotation":90,"uv":[0,6,16,3],"texture":"#0"},"east":{"rotation":90,"uv":[0,6,16,9],"texture":"#0"},"up":{"rotation":90,"uv":[12,16,9,12.5],"texture":"#0"}}},{"to":[11.86785,21.65476,12.66536],"rotation":{"origin":[8,7.83023,8.04035],"angle":0,"axis":"x"},"from":[3.35785,13.51476,3.41536],"faces":{"north":{"rotation":180,"uv":[0.25,9,2,11],"texture":"#1"},"west":{"rotation":180,"uv":[6.75,9.5,9,11.5],"texture":"#1"},"up":{"rotation":180,"uv":[6.25,4.75,8.25,7],"texture":"#1"},"down":{"rotation":180,"uv":[6.75,10.25,7,10.5],"texture":"#2"},"east":{"rotation":180,"uv":[5,9.5,7.25,11.5],"texture":"#1"},"south":{"rotation":180,"uv":[0.25,9,2,11],"texture":"#1"}}},{"to":[3.36785,20.65476,8.875],"rotation":{"origin":[8,7.83023,7.74999],"angle":0,"axis":"x"},"from":[2.65785,15.51476,7.125],"faces":{"down":{"rotation":180,"uv":[6.75,10.25,7,10.5],"texture":"#2"},"west":{"rotation":180,"uv":[6.75,10.25,7.5,11.75],"texture":"#1"},"north":{"rotation":180,"uv":[4,9.75,4.25,11.25],"texture":"#1"},"up":{"rotation":180,"uv":[11.75,12,12,12.75],"texture":"#1"},"south":{"rotation":180,"uv":[4,9.75,4.25,11.25],"texture":"#1"}}},{"to":[11.56785,21.656,9.16536],"rotation":{"origin":[8,7.83023,8.04035],"angle":0,"axis":"x"},"from":[3.65785,21.016,6.71536],"faces":{"up":{"rotation":180,"uv":[1.5,8,3.25,8.25],"texture":"#2"}}},{"to":[11.86785,22.65476,9.56536],"rotation":{"origin":[8,7.87023,7.94035],"angle":0,"axis":"x"},"from":[3.35785,21.65476,9.11536],"faces":{"west":{"rotation":180,"uv":[5.75,10.75,6,11],"texture":"#1"},"east":{"rotation":180,"uv":[5.75,10.75,6,11],"texture":"#1"},"north":{"rotation":180,"uv":[6,5.5,7.75,5.75],"texture":"#2"},"up":{"rotation":180,"uv":[6.25,4.75,8,5],"texture":"#2"},"south":{"rotation":180,"uv":[0.25,12,2,12.25],"texture":"#2"}}},{"to":[11.86785,22.65476,6.88464],"rotation":{"origin":[8,7.87023,8.05965],"angle":0,"axis":"x"},"from":[3.35785,21.65476,6.43464],"faces":{"west":{"rotation":180,"uv":[6,10.75,5.75,11],"texture":"#1"},"east":{"rotation":180,"uv":[6,10.75,5.75,11],"texture":"#1"},"north":{"rotation":180,"uv":[0.75,12,2.5,12.25],"texture":"#2"},"up":{"rotation":180,"uv":[6.25,5,8,4.75],"texture":"#2"},"south":{"rotation":180,"uv":[7.75,5.5,6,5.75],"texture":"#2"}}},{"to":[8.24285,23.53059,9.39114],"rotation":{"origin":[5.80035,23.03059,9.16614],"angle":-22.5,"axis":"x"},"from":[3.35785,22.53059,8.94114],"faces":{"west":{"rotation":180,"uv":[5.75,10.75,6,11],"texture":"#1"},"east":{"rotation":180,"uv":[5.75,10.75,6,11],"texture":"#1"},"north":{"rotation":180,"uv":[6,5.5,7.75,5.75],"texture":"#2"},"up":{"rotation":180,"uv":[6.25,4.75,8,5],"texture":"#2"},"south":{"rotation":180,"uv":[4.75,12,5.75,12.25],"texture":"#2"}}},{"to":[8.24285,24.1583,1.10315],"rotation":{"origin":[8,8.37377,2.27816],"angle":22.5,"axis":"x"},"from":[3.35785,23.1583,0.65315],"faces":{"west":{"rotation":180,"uv":[6,10.75,5.75,11],"texture":"#1"},"east":{"rotation":180,"uv":[6,10.75,5.75,11],"texture":"#1"},"north":{"rotation":180,"uv":[4.75,12,5.75,12.25],"texture":"#2"},"up":{"rotation":180,"uv":[6.25,5,8,4.75],"texture":"#2"},"south":{"rotation":180,"uv":[7.75,5.5,6,5.75],"texture":"#2"}}},{"to":[11.68655,10.08436,23.53005],"rotation":{"origin":[8,7.83023,8.04035],"angle":45,"axis":"x"},"from":[3.53915,4.19663,-6.06995],"faces":{"west":{"uv":[0,3,16,6],"texture":"#0"},"east":{"rotation":180,"uv":[0,6.5,16,9.5],"texture":"#0"},"north":{"rotation":90,"uv":[9.5,12.5,6.5,16],"texture":"#0"},"south":{"rotation":90,"uv":[1.5,16,0,12.5],"texture":"#0"}}},{"to":[11.68285,21.72903,10.61094],"rotation":{"origin":[8,7.83023,8.04035],"angle":-22.5,"axis":"x"},"from":[3.54285,-7.87097,4.7232],"faces":{"down":{"rotation":90,"uv":[0,16,0.5,12.5],"texture":"#0"},"west":{"rotation":90,"uv":[0,6,16,3],"texture":"#0"},"east":{"rotation":90,"uv":[0,9,16,6],"texture":"#0"},"up":{"rotation":90,"uv":[9,16,12,12.5],"texture":"#0"}}},{"to":[11.68285,9.87288,23.21362],"rotation":{"origin":[8,7.83023,8.04035],"angle":22.5,"axis":"x"},"from":[3.54285,3.98515,-6.38638],"faces":{"west":{"uv":[0,6,16,3],"texture":"#0"},"east":{"rotation":180,"uv":[0,9.5,16,6.5],"texture":"#0"},"north":{"rotation":90,"uv":[7,12.5,4,16],"texture":"#0"},"south":{"rotation":90,"uv":[3,16,0,12.5],"texture":"#0"}}},{"to":[11.6921,21.65476,10.98422],"rotation":{"origin":[8,7.83023,8.04035],"angle":0,"axis":"x"},"from":[3.541,-7.94524,5.09649],"faces":{"down":{"rotation":90,"uv":[0,16,0.5,12.5],"texture":"#0"},"west":{"rotation":90,"uv":[0,3,16,6],"texture":"#0"},"east":{"rotation":90,"uv":[0,6,16,9],"texture":"#0"}}},{"to":[9.66785,22.65476,8.38464],"rotation":{"origin":[8,7.87023,8.05965],"angle":0,"axis":"x"},"from":[3.85785,21.65476,6.93464],"faces":{"west":{"rotation":180,"uv":[6,10.75,5.75,11],"texture":"#1"},"north":{"rotation":180,"uv":[0.75,12,2.5,12.25],"texture":"#2"},"up":{"rotation":180,"uv":[6.25,5.25,7.5,5],"texture":"#2"},"south":{"rotation":180,"uv":[7.75,5.5,6,5.75],"texture":"#2"}}},{"to":[0.2104,24.0561,8.38464],"rotation":{"origin":[2.14255,9.27157,8.05965],"angle":-45,"axis":"z"},"from":[-1.9996,23.0561,6.93464],"faces":{"north":{"rotation":180,"uv":[0.75,12,2.5,12.25],"texture":"#2"},"up":{"rotation":180,"uv":[6.25,5.25,6.75,5],"texture":"#2"},"south":{"rotation":180,"uv":[7.75,5.5,6,5.75],"texture":"#2"}}}],"display":{"thirdperson_righthand":{"rotation":[25,111,-23],"scale":[0.13,0.13,0.13],"translation":[-1,-0.75,0]},"head":{"scale":[0.26,0.26,0.26]},"thirdperson_lefthand":{"rotation":[69,-71,65],"scale":[0.13,0.13,0.13],"translation":[-1,-0.75,0]},"gui":{"rotation":[0,-150,20],"scale":[0.52,0.52,0.52]},"firstperson_lefthand":{"rotation":[93,-82,90],"scale":[0.26,0.26,0.26],"translation":[-1.25,2,3.5]},"firstperson_righthand":{"rotation":[-93,82,90],"scale":[0.26,0.26,0.26],"translation":[-1.25,2,3.5]},"fixed":{"rotation":[0,180,0],"scale":[0.26,0.26,0.26],"translation":[0,0,-3.75]},"ground":{"translation":[0,2,0],"scale":[0.13,0.13,0.13]}},"credit":"thebradqq's guns"}