{"textures":{"1":"mgs:gun/metal","0":"mgs:gun/rpkdetails","3":"mgs:gun/copper","2":"mgs:gun/metal_dark"},"gui_light":"front","elements":[{"to":[11.9484,27.91,10.35],"rotation":{"origin":[10.87791,10.00166,7.9742],"angle":0,"axis":"y"},"from":[-1.8716,23.05,10.15],"faces":{"west":{"rotation":180,"uv":[6,10,6.25,11],"texture":"#1"},"east":{"rotation":180,"uv":[6,10,6.25,11],"texture":"#1"},"north":{"rotation":180,"uv":[2.25,10,2.75,10.5],"texture":"#2"},"up":{"uv":[0,15.5,0.5,16],"texture":"#1"},"south":{"rotation":180,"uv":[1.25,10,3,11.75],"texture":"#1"}}},{"to":[6.2408,25.3791,11.21676],"rotation":{"origin":[0.28164,9.92866,8],"angle":-22.5,"axis":"x"},"from":[-2.284,-4.1889,5.33534],"faces":{"down":{"uv":[9.51,7.5,15.01,8.5],"texture":"#0"},"west":{"rotation":180,"uv":[10,7.5,10.5,4],"texture":"#0"},"east":{"rotation":270,"uv":[9.5,5.5,10.5,4.5],"texture":"#0"},"up":{"uv":[9.5,4.5,15,5.5],"texture":"#0"}}},{"to":[6.2408,25.22271,11.45079],"rotation":{"origin":[0.28164,9.92866,8],"angle":-45,"axis":"x"},"from":[-2.284,-4.34529,5.56937],"faces":{"down":{"uv":[9.51,7.5,15.01,8.5],"texture":"#0"},"west":{"rotation":180,"uv":[10,7.5,10.5,4],"texture":"#0"},"east":{"rotation":270,"uv":[10,4,11,5],"texture":"#0"},"up":{"uv":[9.5,4,15,5],"texture":"#0"}}},{"to":[6.2408,13.53585,22.50799],"rotation":{"origin":[0.28164,9.92866,8],"angle":22.5,"axis":"x"},"from":[-2.284,7.65435,-7.06001],"faces":{"west":{"rotation":90,"uv":[10,8,10.5,4.5],"texture":"#0"},"east":{"rotation":270,"uv":[10,3.5,11,4.5],"texture":"#0"},"north":{"rotation":180,"uv":[9.5,5.5,15,4.5],"texture":"#0"},"south":{"uv":[9.51,6.5,15.01,7.5],"texture":"#0"}}},{"to":[6.23658,13.59075,22.784],"rotation":{"origin":[0.28164,9.92866,8],"angle":0,"axis":"x"},"from":[-2.28822,7.70925,-6.784],"faces":{"west":{"rotation":180,"uv":[10,8,10.5,6.5],"texture":"#0"},"east":{"rotation":180,"uv":[10,3.5,11,4.5],"texture":"#0"},"north":{"rotation":180,"uv":[9.51,6.5,15.01,5.5],"texture":"#0"},"south":{"uv":[9.51,5.5,15.01,6.5],"texture":"#0"}}},{"to":[6.2408,13.53585,23.06001],"rotation":{"origin":[0.28164,9.92866,8],"angle":-22.5,"axis":"x"},"from":[-2.284,7.65435,-6.50799],"faces":{"west":{"rotation":270,"uv":[10,8,10.5,4.5],"texture":"#0"},"east":{"rotation":90,"uv":[10,3.5,11,4.5],"texture":"#0"},"north":{"rotation":180,"uv":[9.51,7.5,15.01,6.5],"texture":"#0"},"south":{"uv":[9.5,4.5,15,5.5],"texture":"#0"}}},{"to":[6.23466,25.434,10.94075],"rotation":{"origin":[-3.12774,9.15,8],"angle":0,"axis":"y"},"from":[-2.29014,-4.134,5.05925],"faces":{"down":{"uv":[9.51,7.5,15.01,8.5],"texture":"#0"},"west":{"rotation":180,"uv":[10,7.5,10.5,4],"texture":"#0"},"east":{"rotation":270,"uv":[10,6,11,7],"texture":"#0"},"up":{"uv":[9.5,5.5,15,4.5],"texture":"#0"}}},{"to":[6.2408,25.22271,10.43063],"rotation":{"origin":[0.28164,9.92866,8],"angle":45,"axis":"x"},"from":[-2.284,-4.34529,4.54921],"faces":{"down":{"uv":[9.51,7.5,15.01,8.5],"texture":"#0"},"west":{"rotation":180,"uv":[10,7.5,10.5,4],"texture":"#0"},"east":{"rotation":270,"uv":[10,5,11,4],"texture":"#0"},"up":{"uv":[9.5,5,15,4],"texture":"#0"}}},{"to":[6.2408,25.3791,10.66466],"rotation":{"origin":[0.28164,9.92866,8],"angle":22.5,"axis":"x"},"from":[-2.284,-4.1889,4.78324],"faces":{"down":{"uv":[9.51,7.5,15.01,8.5],"texture":"#0"},"west":{"rotation":180,"uv":[10,7.5,10.5,4],"texture":"#0"},"east":{"rotation":270,"uv":[9.5,4.5,10.5,5.5],"texture":"#0"},"up":{"uv":[9.5,5.5,15,4.5],"texture":"#0"}}},{"to":[12.82678,12.5508,9.9008],"rotation":{"origin":[0.28164,9.92866,8],"angle":0,"axis":"y"},"from":[-3.12458,8.7492,6.0992],"faces":{"north":{"uv":[8,4.5,8.6,5.25],"texture":"#2"},"west":{"uv":[9,14,10.5,15.5],"texture":"#0"},"up":{"uv":[8.5,3.5,9.1,4.25],"texture":"#2"},"down":{"uv":[7,10,7.6,10.75],"texture":"#2"},"east":{"rotation":180,"uv":[7,6,9.5,8.5],"texture":"#0"},"south":{"uv":[8,4.5,8.6,5.25],"texture":"#2"}}},{"to":[11.97354,23.74431,10.13656],"rotation":{"origin":[0.28164,9.92866,8],"angle":45,"axis":"x"},"from":[5.81418,-2.86689,4.84327],"faces":{"down":{"uv":[12,7.5,16,6.5],"texture":"#0"},"east":{"uv":[11,10.5,11.5,16],"texture":"#0"},"up":{"uv":[12,3,16,4],"texture":"#0"}}},{"to":[11.97776,13.2417,21.58161],"rotation":{"origin":[0.28164,9.92866,8],"angle":-22.5,"axis":"x"},"from":[5.8184,7.94842,-5.02959],"faces":{"east":{"rotation":270,"uv":[11,10.5,11.5,16],"texture":"#0"},"north":{"rotation":180,"uv":[12,6.5,16,5.5],"texture":"#0"},"south":{"uv":[12,3.5,16,4.5],"texture":"#0"}}},{"to":[11.98198,13.29668,21.3056],"rotation":{"origin":[0.28164,9.92866,8],"angle":0,"axis":"x"},"from":[5.82262,8.00332,-5.3056],"faces":{"east":{"rotation":270,"uv":[9,10.5,9.5,16],"texture":"#0"},"north":{"rotation":180,"uv":[12,5.5,16,4.5],"texture":"#0"},"south":{"uv":[12,4.5,16,5.5],"texture":"#0"}}},{"to":[11.97776,13.2417,21.02959],"rotation":{"origin":[0.28164,9.92866,8],"angle":22.5,"axis":"x"},"from":[5.8184,7.94842,-5.58161],"faces":{"east":{"rotation":90,"uv":[13,10.5,13.5,16],"texture":"#0"},"north":{"rotation":180,"uv":[12,4.5,16,3.5],"texture":"#0"},"south":{"uv":[12,5.5,16,6.5],"texture":"#0"}}},{"to":[11.97354,23.74431,11.15673],"rotation":{"origin":[0.28164,9.92866,8],"angle":-45,"axis":"x"},"from":[5.81418,-2.86689,5.86344],"faces":{"down":{"uv":[12,6.5,16,7.5],"texture":"#0"},"east":{"uv":[11,10.5,11.5,16],"texture":"#0"},"up":{"uv":[12,3.5,16,4.5],"texture":"#0"}}},{"to":[11.97776,23.9007,10.92269],"rotation":{"origin":[0.28164,9.92866,8],"angle":-22.5,"axis":"x"},"from":[5.8184,-2.7105,5.62941],"faces":{"down":{"uv":[12,7.5,16,8.5],"texture":"#0"},"east":{"uv":[11,10.5,11.5,16],"texture":"#0"},"up":{"uv":[12,4.5,16,5.5],"texture":"#0"}}},{"to":[11.9793,23.9556,10.64668],"rotation":{"origin":[0.28164,9.92866,8],"angle":0,"axis":"y"},"from":[5.81994,-2.6556,5.35332],"faces":{"down":{"uv":[12,8.5,16,7.5],"texture":"#0"},"east":{"uv":[11,10.5,11.5,16],"texture":"#0"},"up":{"uv":[12,6.5,16,5.5],"texture":"#0"}}},{"to":[11.97776,23.9007,10.37059],"rotation":{"origin":[0.28164,9.92866,8],"angle":22.5,"axis":"x"},"from":[5.8184,-2.7105,5.07731],"faces":{"down":{"uv":[12,8.5,16,7.5],"texture":"#0"},"east":{"uv":[11,10.5,11.5,16],"texture":"#0"},"up":{"uv":[12,5.5,16,4.5],"texture":"#0"}}},{"to":[-1.6516,27.91,10.15],"rotation":{"origin":[10.87791,10.00166,7.9742],"angle":0,"axis":"y"},"from":[-1.8716,23.05,5.85],"faces":{"west":{"rotation":180,"uv":[4.75,9.75,6,10.75],"texture":"#1"},"east":{"rotation":180,"uv":[1.25,10.25,1.75,10.75],"texture":"#2"},"up":{"rotation":180,"uv":[15.5,6.75,16,7.75],"texture":"#1"}}},{"to":[11.9484,27.91,10.15],"rotation":{"origin":[10.87791,10.00166,7.9742],"angle":0,"axis":"y"},"from":[11.7284,23.05,5.85],"faces":{"west":{"rotation":180,"uv":[2.25,10,2.75,10.5],"texture":"#2"},"east":{"rotation":180,"uv":[4.25,11.25,5.5,12.25],"texture":"#1"},"up":{"uv":[0,15.5,0.5,16],"texture":"#1"}}},{"to":[11.9484,27.91,5.85],"rotation":{"origin":[10.87791,10.00166,7.9742],"angle":0,"axis":"y"},"from":[-1.8716,23.05,5.65],"faces":{"west":{"rotation":180,"uv":[6,10,6.25,11],"texture":"#1"},"east":{"rotation":180,"uv":[6,10,6.25,11],"texture":"#1"},"north":{"rotation":180,"uv":[1.25,10,3,11.75],"texture":"#1"},"up":{"uv":[0,15.5,0.5,16],"texture":"#1"},"south":{"rotation":180,"uv":[1,10.5,1.5,11],"texture":"#2"}}},{"to":[-2.16084,25.2,9.5],"from":[-3.16084,24.3,6.5],"faces":{"down":{"rotation":180,"uv":[6.5,8,7,8.5],"texture":"#1"},"west":{"rotation":180,"uv":[4.25,11.25,5.5,11.75],"texture":"#1"},"north":{"rotation":180,"uv":[4.25,11.25,4.75,11.75],"texture":"#1"},"up":{"rotation":270,"uv":[4.75,4.5,6,5],"texture":"#1"},"south":{"rotation":180,"uv":[4.25,11.25,4.75,11.75],"texture":"#1"}}},{"to":[4.329,29.4343,5.07141],"rotation":{"origin":[0.7284,25.91,5.45],"angle":22.5,"axis":"x"},"from":[-1.871,27.8343,4.86941],"faces":{"west":{"uv":[5,6,5.5,6.5],"texture":"#1"},"east":{"uv":[0,7,0.5,7.5],"texture":"#1"},"north":{"uv":[4.75,4.75,6,5.5],"texture":"#1"},"up":{"uv":[0,15.5,0.5,16],"texture":"#1"},"south":{"uv":[5,6,5.5,6.5],"texture":"#1"}}},{"to":[4.329,29.4343,11.13059],"rotation":{"origin":[0.7284,25.91,10.55],"angle":-22.5,"axis":"x"},"from":[-1.871,27.8343,10.92859],"faces":{"west":{"uv":[5,6,5.5,6.5],"texture":"#1"},"east":{"uv":[0,7,0.5,7.5],"texture":"#1"},"north":{"uv":[5,6,5.5,6.5],"texture":"#1"},"up":{"uv":[1,15.5,1.5,16],"texture":"#1"},"south":{"uv":[4.75,4.75,6,5.5],"texture":"#1"}}},{"to":[11.81416,26.599,10.251],"from":[-1.68584,17,5.749],"faces":{"up":{"rotation":180,"uv":[1,10.75,2.75,11.75],"texture":"#2"}}},{"to":[9.81416,28.299,9.951],"from":[-1.38584,26.2,8.049],"faces":{"west":{"rotation":180,"uv":[4.5,6.25,5.75,7.25],"texture":"#2"},"east":{"rotation":180,"uv":[4.5,6.25,5.75,7.25],"texture":"#2"},"north":{"rotation":180,"uv":[4.5,6.25,5.75,7.25],"texture":"#2"},"up":{"rotation":180,"uv":[2.25,11.5,4,12.25],"texture":"#2"},"south":{"rotation":180,"uv":[2.5,7.5,3.75,8.5],"texture":"#2"}}}],"display":{"thirdperson_righthand":{"rotation":[0,100,0],"scale":[0.125,0.125,0.125],"translation":[-1,-2,-0.5]},"head":{"scale":[0.25,0.25,0.25]},"thirdperson_lefthand":{"rotation":[0,-77,0],"scale":[0.125,0.125,0.125],"translation":[-1,-2,-0.5]},"gui":{"rotation":[0,-150,20],"scale":[0.5,0.5,0.5],"translation":[-1,-0.5,0]},"firstperson_lefthand":{"rotation":[-77,-99,-74],"scale":[0.25,0.25,0.25],"translation":[2,-2,0.5]},"firstperson_righthand":{"rotation":[34,96,-37],"scale":[0.25,0.25,0.25],"translation":[1,-1.5,0.5]},"fixed":{"translation":[0,0,-4],"scale":[-0.25,0.25,-0.25]},"ground":{"translation":[0,2,0],"scale":[0.125,0.125,0.125]}},"credit":"thebradqq's guns"}