{"textures":{"a":"mgs:gun/acogdetails","c":"mgs:misc/reticles","b":"mgs:gun/pso1details","d":"mgs:misc/reticles_1024","particle":"mgs:misc/reticles","1":"mgs:gun/svdmag","0":"mgs:gun/svddetails","3":"mgs:gun/svdwood_tilt","2":"mgs:gun/svdwood","5":"mgs:gun/metal_bright","4":"mgs:gun/metal_brighter","7":"mgs:gun/metal_dark","6":"mgs:gun/metal","9":"mgs:gun/kobradetails","8":"mgs:gun/holodetails"},"gui_light":"front","elements":[{"to":[11.6,8.65,8.5],"from":[9.6,8.5,7.5],"faces":{"east":{"rotation":180,"uv":[0,11.5,4,12.5],"texture":"#2"},"north":{"uv":[4.5,8,8.5,8.5],"texture":"#2"},"south":{"uv":[4.5,8,8.5,8.5],"texture":"#2"}}},{"to":[3.50103,8.09366,8.5],"rotation":{"origin":[2.44522,8.11239,8.1999],"angle":0,"axis":"z"},"from":[2.94103,7.68866,8.45],"faces":{"down":{"rotation":180,"uv":[15.75,15.75,16,16],"texture":"#7"},"up":{"rotation":180,"uv":[8.75,3.5,10,3.75],"texture":"#7"},"south":{"rotation":180,"uv":[6,5.25,7.25,7.25],"texture":"#7"}}},{"to":[1.47603,8.46866,8.5],"rotation":{"origin":[2.29522,8.08739,8.1999],"angle":0,"axis":"z"},"from":[0.09103,8.13866,8.45],"faces":{"down":{"rotation":180,"uv":[6.5,8,6.75,8.25],"texture":"#7"},"west":{"rotation":180,"uv":[5.75,10.5,6.25,13],"texture":"#7"},"east":{"rotation":180,"uv":[5.75,10.5,6.25,13],"texture":"#7"},"up":{"rotation":180,"uv":[8.75,3.5,11.75,3.75],"texture":"#7"},"south":{"uv":[6,7.25,7.25,9.75],"texture":"#7"}}},{"to":[2.05103,8.09366,7.55],"rotation":{"origin":[3.19522,7.93739,7.8001],"angle":0,"axis":"z"},"from":[1.36603,8.01366,7.475],"faces":{"down":{"uv":[6,10,6.5,10.5],"texture":"#7"},"west":{"rotation":180,"uv":[7.75,8.75,8.25,9.25],"texture":"#7"},"east":{"rotation":180,"uv":[3.25,2.25,3.75,2.75],"texture":"#7"},"north":{"uv":[0,7.5,2,8],"texture":"#7"},"up":{"rotation":180,"uv":[2,6.75,4,7.25],"texture":"#7"}}},{"to":[3.95103,8.09366,7.55],"rotation":{"origin":[4.29522,7.93739,7.8001],"angle":0,"axis":"z"},"from":[2.46603,8.01366,7.475],"faces":{"down":{"uv":[6,10,6.5,10.5],"texture":"#7"},"west":{"rotation":180,"uv":[3.25,2.25,3.75,2.75],"texture":"#7"},"east":{"uv":[7.5,1.75,8,2.25],"texture":"#7"},"north":{"uv":[0,7.5,5,8],"texture":"#7"},"up":{"rotation":180,"uv":[8.25,6.75,13.25,7.25],"texture":"#7"}}},{"to":[1.37603,8.31866,7.55],"rotation":{"origin":[3.12022,7.98739,7.8001],"angle":0,"axis":"z"},"from":[1.31603,8.06366,7.475],"faces":{"down":{"uv":[6,10,6.5,10.5],"texture":"#7"},"west":{"rotation":180,"uv":[10.75,11.75,10.25,13],"texture":"#7"},"east":{"uv":[6.25,11.25,6.75,12.25],"texture":"#7"},"north":{"rotation":90,"uv":[10,7.5,11,8],"texture":"#7"},"up":{"uv":[11.75,4.5,12.25,5],"texture":"#7"}}},{"to":[2.05103,8.36866,7.55],"rotation":{"origin":[3.19522,8.23739,7.8001],"angle":0,"axis":"z"},"from":[1.36603,8.28866,7.475],"faces":{"down":{"uv":[6,10,6.5,10.5],"texture":"#7"},"west":{"rotation":180,"uv":[3.25,2.25,3.75,2.75],"texture":"#7"},"east":{"rotation":180,"uv":[3.25,2.25,3.75,2.75],"texture":"#7"},"north":{"uv":[0,7.25,2,7.75],"texture":"#7"},"up":{"uv":[7.5,4.5,9.5,5],"texture":"#7"}}},{"to":[3.95103,8.36866,7.55],"rotation":{"origin":[4.29522,8.23739,7.8001],"angle":0,"axis":"z"},"from":[2.46603,8.28866,7.475],"faces":{"down":{"uv":[6,10,6.5,10.5],"texture":"#7"},"west":{"rotation":180,"uv":[3.25,2.25,3.75,2.75],"texture":"#7"},"east":{"uv":[7.5,1.75,8,2.25],"texture":"#7"},"north":{"uv":[4,7.25,9,7.75],"texture":"#7"},"up":{"uv":[11,4.5,16,5],"texture":"#7"}}},{"to":[3.78603,7.81866,8.4995],"rotation":{"origin":[2.34522,8.11239,8.1999],"angle":0,"axis":"z"},"from":[3.50103,7.68866,8.4495],"faces":{"down":{"rotation":180,"uv":[15.75,15.75,16,16],"texture":"#7"},"south":{"uv":[6,9,7,9.75],"texture":"#7"}}},{"to":[2.35,8.3,8.58],"rotation":{"origin":[4.8,7.875,8],"angle":0,"axis":"z"},"from":[2.15,8.1,7.53],"faces":{"north":{"uv":[14,14,16,16],"texture":"#0"},"west":{"uv":[15,13.5,14.5,15.5],"texture":"#0"},"up":{"rotation":90,"uv":[13,12.5,12.5,14.5],"texture":"#0"},"down":{"rotation":180,"uv":[13,15.5,11,16],"texture":"#0"},"east":{"uv":[13.5,13,13,15],"texture":"#0"},"south":{"uv":[15,13,13,15],"texture":"#0"}}},{"to":[0.35,8.4,8.529],"rotation":{"origin":[3.175,7.925,8],"angle":0,"axis":"z"},"from":[0.15,8.2,7.599],"faces":{"down":{"uv":[13,15.5,11,16],"texture":"#0"},"west":{"uv":[16,13.5,15.5,15.5],"texture":"#0"},"east":{"uv":[14.5,13,14,15],"texture":"#0"},"up":{"rotation":90,"uv":[13.5,12.5,13,14.5],"texture":"#0"},"south":{"uv":[16,13.5,14,15.5],"texture":"#0"}}},{"to":[3.05,8.35,8.5005],"rotation":{"origin":[2.40143,8.08075,8.1999],"angle":-22.5,"axis":"z"},"from":[2.05,7.925,8.45],"faces":{"down":{"rotation":180,"uv":[15.75,15.75,16,16],"texture":"#7"},"west":{"rotation":180,"uv":[0,10,0.25,12.5],"texture":"#7"},"up":{"rotation":180,"uv":[8.75,3.5,11,3.75],"texture":"#7"},"south":{"rotation":180,"uv":[0.75,5.25,3,7.25],"texture":"#7"}}},{"to":[4.79522,8.53739,8.4999],"rotation":{"origin":[2.34522,8.11239,8.1999],"angle":-22.5,"axis":"z"},"from":[3.42022,8.26239,8.45],"faces":{"down":{"rotation":180,"uv":[15.75,15.75,16,16],"texture":"#7"},"east":{"rotation":180,"uv":[11.75,11.25,12,12.75],"texture":"#7"},"north":{"rotation":180,"uv":[15.75,15.75,16,16],"texture":"#7"},"up":{"rotation":180,"uv":[8.75,3.5,12.25,3.75],"texture":"#7"},"south":{"rotation":180,"uv":[12,5.75,15.5,7.25],"texture":"#7"}}},{"to":[4.79522,8.53739,8.5999],"rotation":{"origin":[2.34522,8.11239,8.1999],"angle":-22.5,"axis":"z"},"from":[4.32022,8.48739,8.4999],"faces":{"down":{"rotation":270,"uv":[7,9.25,7.5,9.75],"texture":"#7"},"west":{"rotation":90,"uv":[9.75,4.25,10.25,4.75],"texture":"#7"},"east":{"rotation":270,"uv":[9.75,4.25,10.25,4.75],"texture":"#7"},"up":{"rotation":180,"uv":[11,4.5,12.25,5],"texture":"#5"},"south":{"rotation":180,"uv":[0.75,2.25,2.25,2.75],"texture":"#7"}}},{"to":[7.3,8.48,8.45],"from":[4.8,7.58,8.15],"faces":{"down":{"rotation":180,"uv":[7,8,7.25,8.25],"texture":"#7"},"east":{"rotation":180,"uv":[0,7.5,0.5,10.5],"texture":"#7"},"up":{"uv":[2.5,7.5,7.75,8],"texture":"#7"},"south":{"rotation":180,"uv":[5.75,7.25,2.75,10.25],"texture":"#7"}}},{"to":[8.2,9.45,8.03978],"rotation":{"origin":[4.4125,9.25,8],"angle":0,"axis":"y"},"from":[0.025,9.35,7.96022],"faces":{"west":{"rotation":90,"uv":[0,7,0.5,7.5],"texture":"#7"},"up":{"rotation":180,"uv":[3,4.25,12.5,4.75],"texture":"#5"}}},{"to":[1.725,9.475,8.05228],"rotation":{"origin":[5.7125,9.275,7.9875],"angle":0,"axis":"y"},"from":[1.625,9.375,7.94772],"faces":{"west":{"rotation":270,"uv":[3.25,12.75,3.75,13],"texture":"#7"},"east":{"rotation":270,"uv":[1,4,1.5,4.25],"texture":"#7"},"up":{"uv":[8.5,0.5,9,1],"texture":"#7"}}},{"to":[2.825,9.475,8.05228],"rotation":{"origin":[6.8125,9.275,7.9875],"angle":0,"axis":"y"},"from":[2.725,9.375,7.94772],"faces":{"west":{"rotation":270,"uv":[3.25,12.75,3.75,13],"texture":"#7"},"east":{"rotation":270,"uv":[1,4,1.5,4.25],"texture":"#7"},"up":{"uv":[8.5,2.25,9,2.75],"texture":"#7"}}},{"to":[4.625,9.475,8.05228],"rotation":{"origin":[8.6125,9.275,7.9875],"angle":0,"axis":"y"},"from":[4.525,9.375,7.94772],"faces":{"west":{"rotation":270,"uv":[3.25,12.75,3.75,13],"texture":"#7"},"east":{"rotation":270,"uv":[1,4,1.5,4.25],"texture":"#7"},"up":{"uv":[8.5,0.25,9,0.75],"texture":"#7"}}},{"to":[5.725,9.475,8.05228],"rotation":{"origin":[9.7125,9.275,7.9875],"angle":0,"axis":"y"},"from":[5.625,9.375,7.94772],"faces":{"west":{"rotation":270,"uv":[3.25,12.75,3.75,13],"texture":"#7"},"east":{"rotation":270,"uv":[1,4,1.5,4.25],"texture":"#7"},"up":{"uv":[8.5,0.25,9,0.75],"texture":"#7"}}},{"to":[7.525,9.475,8.05228],"rotation":{"origin":[11.5125,9.275,7.9875],"angle":0,"axis":"y"},"from":[7.425,9.375,7.94772],"faces":{"west":{"rotation":270,"uv":[3.25,12.75,3.75,13],"texture":"#7"},"east":{"rotation":270,"uv":[1,4,1.5,4.25],"texture":"#7"},"up":{"uv":[8.5,2.25,9,2.75],"texture":"#7"}}},{"to":[8.2,9.28978,7.9],"rotation":{"origin":[4.4125,9.25,8],"angle":22.5,"axis":"x"},"from":[0.025,9.21022,7.8],"faces":{"west":{"rotation":270,"uv":[5.75,9.5,6.25,10],"texture":"#7"},"north":{"uv":[2,11,11.5,11.5],"texture":"#7"}}},{"to":[1.725,9.28754,7.84673],"rotation":{"origin":[5.7125,9.24776,7.94673],"angle":22.5,"axis":"x"},"from":[1.625,9.15797,7.74673],"faces":{"west":{"rotation":270,"uv":[0,7.5,0.5,7.75],"texture":"#7"},"east":{"rotation":270,"uv":[5.5,7.5,6,7.75],"texture":"#7"},"north":{"rotation":270,"uv":[0.25,7.25,0.75,7.75],"texture":"#7"}}},{"to":[2.825,9.28754,7.84673],"rotation":{"origin":[6.8125,9.24776,7.94673],"angle":22.5,"axis":"x"},"from":[2.725,9.15797,7.74673],"faces":{"west":{"rotation":270,"uv":[0,7.5,0.5,7.75],"texture":"#7"},"east":{"rotation":270,"uv":[5.5,7.5,6,7.75],"texture":"#7"},"north":{"rotation":270,"uv":[0.75,7.25,1.25,7.75],"texture":"#7"}}},{"to":[4.625,9.28754,7.84673],"rotation":{"origin":[8.6125,9.24776,7.94673],"angle":22.5,"axis":"x"},"from":[4.525,9.15797,7.74673],"faces":{"west":{"rotation":270,"uv":[0,7.5,0.5,7.75],"texture":"#7"},"east":{"rotation":270,"uv":[5.5,7.5,6,7.75],"texture":"#7"},"north":{"rotation":270,"uv":[0.25,7.25,0.75,7.75],"texture":"#7"}}},{"to":[5.725,9.28754,7.84673],"rotation":{"origin":[9.7125,9.24776,7.94673],"angle":22.5,"axis":"x"},"from":[5.625,9.15797,7.74673],"faces":{"west":{"rotation":270,"uv":[0,7.5,0.5,7.75],"texture":"#7"},"east":{"rotation":270,"uv":[5.5,7.5,6,7.75],"texture":"#7"},"north":{"rotation":270,"uv":[1.75,7.25,2.25,7.75],"texture":"#7"}}},{"to":[7.525,9.28754,7.84673],"rotation":{"origin":[11.5125,9.24776,7.94673],"angle":22.5,"axis":"x"},"from":[7.425,9.15797,7.74673],"faces":{"west":{"rotation":270,"uv":[0,7.5,0.5,7.75],"texture":"#7"},"east":{"rotation":270,"uv":[5.5,7.5,6,7.75],"texture":"#7"},"north":{"rotation":270,"uv":[0.5,7.25,1,7.75],"texture":"#7"}}},{"to":[8.2,9.28978,8.2],"rotation":{"origin":[4.4125,9.25,8],"angle":-22.5,"axis":"x"},"from":[0.025,9.21022,8.1],"faces":{"west":{"rotation":270,"uv":[5.75,9.5,6.25,10],"texture":"#7"},"south":{"rotation":180,"uv":[0,11.75,9.5,12],"texture":"#7"}}},{"to":[1.725,9.28754,8.25327],"rotation":{"origin":[5.7125,9.24776,8.05327],"angle":-22.5,"axis":"x"},"from":[1.625,9.15797,8.15327],"faces":{"west":{"rotation":270,"uv":[0,7.5,0.5,7.75],"texture":"#7"},"east":{"rotation":270,"uv":[5.5,7.5,6,7.75],"texture":"#7"},"south":{"rotation":90,"uv":[0.25,7.25,0.75,7.75],"texture":"#7"}}},{"to":[2.825,9.28754,8.25327],"rotation":{"origin":[6.8125,9.24776,8.05327],"angle":-22.5,"axis":"x"},"from":[2.725,9.15797,8.15327],"faces":{"west":{"rotation":270,"uv":[0,7.5,0.5,7.75],"texture":"#7"},"east":{"rotation":270,"uv":[5.5,7.5,6,7.75],"texture":"#7"},"south":{"rotation":90,"uv":[1.5,7.25,2,7.75],"texture":"#7"}}},{"to":[4.625,9.28754,8.25327],"rotation":{"origin":[8.6125,9.24776,8.05327],"angle":-22.5,"axis":"x"},"from":[4.525,9.15797,8.15327],"faces":{"west":{"rotation":270,"uv":[0,7.5,0.5,7.75],"texture":"#7"},"east":{"rotation":270,"uv":[5.5,7.5,6,7.75],"texture":"#7"},"south":{"rotation":90,"uv":[0.25,7.25,0.75,7.75],"texture":"#7"}}},{"to":[5.725,9.28754,8.25327],"rotation":{"origin":[9.7125,9.24776,8.05327],"angle":-22.5,"axis":"x"},"from":[5.625,9.25797,8.15327],"faces":{"west":{"rotation":270,"uv":[0,7.5,0.25,7.75],"texture":"#7"},"east":{"rotation":270,"uv":[5.5,7.5,6,7.75],"texture":"#7"},"south":{"rotation":90,"uv":[0.25,7.25,0.5,7.75],"texture":"#7"}}},{"to":[7.525,9.28754,8.25327],"rotation":{"origin":[11.5125,9.24776,8.05327],"angle":-22.5,"axis":"x"},"from":[7.425,9.15797,8.15327],"faces":{"west":{"rotation":270,"uv":[0,7.5,0.5,7.75],"texture":"#7"},"east":{"rotation":270,"uv":[5.5,7.5,6,7.75],"texture":"#7"},"south":{"rotation":90,"uv":[1.5,7.25,2,7.75],"texture":"#7"}}},{"to":[8.2,9.45,8.03978],"rotation":{"origin":[4.4125,9.25,8],"angle":-45,"axis":"x"},"from":[0.025,9.35,7.96022],"faces":{"west":{"rotation":270,"uv":[5.75,9.5,6.25,10],"texture":"#7"},"up":{"uv":[2,11.5,11.5,12],"texture":"#7"}}},{"to":[1.725,9.44776,8.01151],"rotation":{"origin":[5.7125,9.24776,7.94673],"angle":-45,"axis":"x"},"from":[1.625,9.34776,7.90694],"faces":{"west":{"rotation":270,"uv":[3.25,7.5,3.75,7.75],"texture":"#7"},"east":{"rotation":270,"uv":[9.75,7.25,10.25,7.5],"texture":"#7"},"up":{"rotation":270,"uv":[3.5,2.25,4,2.75],"texture":"#7"}}},{"to":[2.825,9.44776,8.01151],"rotation":{"origin":[6.8125,9.24776,7.94673],"angle":-45,"axis":"x"},"from":[2.725,9.34776,7.90694],"faces":{"west":{"rotation":270,"uv":[3.25,7.5,3.75,7.75],"texture":"#7"},"east":{"rotation":270,"uv":[9.75,7.25,10.25,7.5],"texture":"#7"},"up":{"rotation":270,"uv":[6,2.25,6.5,2.75],"texture":"#7"}}},{"to":[4.625,9.44776,8.01151],"rotation":{"origin":[8.6125,9.24776,7.94673],"angle":-45,"axis":"x"},"from":[4.525,9.34776,7.90694],"faces":{"west":{"rotation":270,"uv":[3.25,7.5,3.75,7.75],"texture":"#7"},"east":{"rotation":270,"uv":[9.75,7.25,10.25,7.5],"texture":"#7"},"up":{"rotation":270,"uv":[3.5,2.25,4,2.75],"texture":"#7"}}},{"to":[5.725,9.44776,8.01151],"rotation":{"origin":[9.7125,9.24776,7.94673],"angle":-45,"axis":"x"},"from":[5.625,9.34776,7.90694],"faces":{"west":{"rotation":270,"uv":[3.25,7.5,3.75,7.75],"texture":"#7"},"east":{"rotation":270,"uv":[9.75,7.25,10.25,7.5],"texture":"#7"},"up":{"rotation":270,"uv":[2.5,2.25,3,2.75],"texture":"#7"}}},{"to":[7.525,9.44776,8.01151],"rotation":{"origin":[11.5125,9.24776,7.94673],"angle":-45,"axis":"x"},"from":[7.425,9.34776,7.90694],"faces":{"west":{"rotation":270,"uv":[3.25,7.5,3.75,7.75],"texture":"#7"},"east":{"rotation":270,"uv":[9.75,7.25,10.25,7.5],"texture":"#7"},"up":{"rotation":270,"uv":[4.5,2.25,5,2.75],"texture":"#7"}}},{"to":[8.2,9.45,8.03978],"rotation":{"origin":[4.4125,9.25,8],"angle":45,"axis":"x"},"from":[0.025,9.35,7.96022],"faces":{"west":{"rotation":270,"uv":[5.75,9.5,6.25,10],"texture":"#7"},"up":{"rotation":180,"uv":[2.5,12,12,12.5],"texture":"#7"}}},{"to":[1.725,9.44776,8.09306],"rotation":{"origin":[5.7125,9.24776,8.05327],"angle":45,"axis":"x"},"from":[1.625,9.34776,7.98849],"faces":{"west":{"rotation":270,"uv":[3.25,7.5,3.75,7.75],"texture":"#7"},"east":{"rotation":270,"uv":[9.75,7.25,10.25,7.5],"texture":"#7"},"up":{"rotation":270,"uv":[3.75,2.25,4.25,2.75],"texture":"#7"}}},{"to":[2.825,9.44776,8.09306],"rotation":{"origin":[6.8125,9.24776,8.05327],"angle":45,"axis":"x"},"from":[2.725,9.34776,7.98849],"faces":{"west":{"rotation":270,"uv":[3.25,7.5,3.75,7.75],"texture":"#7"},"east":{"rotation":270,"uv":[9.75,7.25,10.25,7.5],"texture":"#7"},"up":{"rotation":270,"uv":[4.5,2.25,5,2.75],"texture":"#7"}}},{"to":[4.625,9.44776,8.09306],"rotation":{"origin":[8.6125,9.24776,8.05327],"angle":45,"axis":"x"},"from":[4.525,9.34776,7.98849],"faces":{"west":{"rotation":270,"uv":[3.25,7.5,3.75,7.75],"texture":"#7"},"east":{"rotation":270,"uv":[9.75,7.25,10.25,7.5],"texture":"#7"},"up":{"rotation":270,"uv":[6.5,2.25,7,2.75],"texture":"#7"}}},{"to":[5.725,9.44776,8.09306],"rotation":{"origin":[9.7125,9.24776,8.05327],"angle":45,"axis":"x"},"from":[5.625,9.34776,7.98849],"faces":{"west":{"rotation":270,"uv":[3.25,7.5,3.75,7.75],"texture":"#7"},"east":{"rotation":270,"uv":[9.75,7.25,10.25,7.5],"texture":"#7"},"up":{"rotation":270,"uv":[3.75,2.25,4.25,2.75],"texture":"#7"}}},{"to":[7.525,9.44776,8.09306],"rotation":{"origin":[11.5125,9.24776,8.05327],"angle":45,"axis":"x"},"from":[7.425,9.34776,7.98849],"faces":{"west":{"rotation":270,"uv":[3.25,7.5,3.75,7.75],"texture":"#7"},"east":{"rotation":270,"uv":[9.75,7.25,10.25,7.5],"texture":"#7"},"up":{"rotation":270,"uv":[4,2.25,4.5,2.75],"texture":"#7"}}},{"to":[8.2,9.45,8.03978],"rotation":{"origin":[4.4125,9.25,8],"angle":-22.5,"axis":"x"},"from":[0.025,9.35,7.96022],"faces":{"west":{"rotation":180,"uv":[0,6.5,0.5,7],"texture":"#7"},"up":{"rotation":180,"uv":[3.5,4.5,13,5],"texture":"#7"}}},{"to":[1.725,9.46543,8.02919],"rotation":{"origin":[5.7125,9.26543,7.9644],"angle":-22.5,"axis":"x"},"from":[1.625,9.36543,7.92462],"faces":{"west":{"rotation":270,"uv":[2,12.25,2.5,12.5],"texture":"#7"},"east":{"rotation":270,"uv":[9.25,4.5,9.75,4.75],"texture":"#7"},"up":{"rotation":90,"uv":[8.25,2,8.75,2.5],"texture":"#7"}}},{"to":[2.825,9.46543,8.02919],"rotation":{"origin":[6.8125,9.26543,7.9644],"angle":-22.5,"axis":"x"},"from":[2.725,9.36543,7.92462],"faces":{"west":{"rotation":270,"uv":[2,12.25,2.5,12.5],"texture":"#7"},"east":{"rotation":270,"uv":[9.25,4.5,9.75,4.75],"texture":"#7"},"up":{"rotation":90,"uv":[8.25,2,8.75,2.5],"texture":"#7"}}},{"to":[4.625,9.46543,8.02919],"rotation":{"origin":[8.6125,9.26543,7.9644],"angle":-22.5,"axis":"x"},"from":[4.525,9.36543,7.92462],"faces":{"west":{"rotation":270,"uv":[2,12.25,2.5,12.5],"texture":"#7"},"east":{"rotation":270,"uv":[9.25,4.5,9.75,4.75],"texture":"#7"},"up":{"rotation":90,"uv":[8.25,2,8.75,2.5],"texture":"#7"}}},{"to":[5.725,9.46543,8.02919],"rotation":{"origin":[9.7125,9.26543,7.9644],"angle":-22.5,"axis":"x"},"from":[5.625,9.36543,7.92462],"faces":{"west":{"rotation":270,"uv":[2,12.25,2.5,12.5],"texture":"#7"},"east":{"rotation":270,"uv":[9.25,4.5,9.75,4.75],"texture":"#7"},"up":{"rotation":90,"uv":[8.25,2,8.75,2.5],"texture":"#7"}}},{"to":[7.525,9.46543,8.02919],"rotation":{"origin":[11.5125,9.26543,7.9644],"angle":-22.5,"axis":"x"},"from":[7.425,9.36543,7.92462],"faces":{"west":{"rotation":270,"uv":[2,12.25,2.5,12.5],"texture":"#7"},"east":{"rotation":270,"uv":[9.25,4.5,9.75,4.75],"texture":"#7"},"up":{"rotation":90,"uv":[8.25,2,8.75,2.5],"texture":"#7"}}},{"to":[8.2,9.45,8.03978],"rotation":{"origin":[4.4125,9.25,8],"angle":22.5,"axis":"x"},"from":[0.025,9.35,7.96022],"faces":{"west":{"rotation":90,"uv":[0,6.5,0.5,7],"texture":"#7"},"up":{"uv":[3,4.75,12.5,5.25],"texture":"#5"}}},{"to":[1.725,9.46543,8.07538],"rotation":{"origin":[5.7125,9.26543,8.0356],"angle":22.5,"axis":"x"},"from":[1.625,9.36543,7.97081],"faces":{"west":{"rotation":270,"uv":[2,12.25,2.5,12.5],"texture":"#7"},"east":{"rotation":270,"uv":[9.25,4.5,9.75,4.75],"texture":"#7"},"up":{"rotation":90,"uv":[8.75,2,8.25,2.5],"texture":"#7"}}},{"to":[2.825,9.46543,8.07538],"rotation":{"origin":[6.8125,9.26543,8.0356],"angle":22.5,"axis":"x"},"from":[2.725,9.36543,7.97081],"faces":{"west":{"rotation":270,"uv":[2,12.25,2.5,12.5],"texture":"#7"},"east":{"rotation":270,"uv":[9.25,4.5,9.75,4.75],"texture":"#7"},"up":{"rotation":90,"uv":[8.75,2,8.25,2.5],"texture":"#7"}}},{"to":[4.625,9.46543,8.07538],"rotation":{"origin":[8.6125,9.26543,8.0356],"angle":22.5,"axis":"x"},"from":[4.525,9.36543,7.97081],"faces":{"west":{"rotation":270,"uv":[2,12.25,2.5,12.5],"texture":"#7"},"east":{"rotation":270,"uv":[9.25,4.5,9.75,4.75],"texture":"#7"},"up":{"rotation":90,"uv":[8.75,2,8.25,2.5],"texture":"#7"}}},{"to":[5.725,9.46543,8.07538],"rotation":{"origin":[9.7125,9.26543,8.0356],"angle":22.5,"axis":"x"},"from":[5.625,9.36543,7.97081],"faces":{"west":{"rotation":270,"uv":[2,12.25,2.5,12.5],"texture":"#7"},"east":{"rotation":270,"uv":[9.25,4.5,9.75,4.75],"texture":"#7"},"up":{"rotation":90,"uv":[8.75,2,8.25,2.5],"texture":"#7"}}},{"to":[7.525,9.46543,8.07538],"rotation":{"origin":[11.5125,9.26543,8.0356],"angle":22.5,"axis":"x"},"from":[7.425,9.36543,7.97081],"faces":{"west":{"rotation":270,"uv":[2,12.25,2.5,12.5],"texture":"#7"},"east":{"rotation":270,"uv":[9.25,4.5,9.75,4.75],"texture":"#7"},"up":{"rotation":90,"uv":[8.75,2,8.25,2.5],"texture":"#7"}}},{"to":[0.36138,9.19734,8.1124],"rotation":{"origin":[0.50175,8.89715,7.9875],"angle":-22.5,"axis":"z"},"from":[-0.13862,8.54234,7.8876],"faces":{"west":{"rotation":90,"uv":[4.75,6.75,6,7.75],"texture":"#7"},"north":{"uv":[0,5,0.5,7],"texture":"#7"},"south":{"uv":[0,5,0.5,7],"texture":"#7"}}},{"to":[27.5,8.375,8.03978],"from":[11,8.325,7.96022],"faces":{"down":{"rotation":180,"uv":[15.75,15.75,16,16],"texture":"#7"},"up":{"uv":[0,12,2.25,12.5],"texture":"#7"},"south":{"uv":[3.25,10.5,3.75,10.75],"texture":"#7"}}},{"to":[24.899,9.15,8.15],"from":[24.749,8.7125,7.85],"faces":{"west":{"rotation":270,"uv":[3.5,7.75,4.75,8.5],"texture":"#7"},"east":{"rotation":180,"uv":[2.5,11.5,3.25,12.25],"texture":"#7"},"north":{"rotation":90,"uv":[7.25,7.25,8,7.75],"texture":"#7"},"south":{"rotation":270,"uv":[7.25,7.25,8,7.75],"texture":"#7"}}},{"to":[1.3125,7.9375,8.35],"rotation":{"origin":[0.3125,7.9375,7.7],"angle":-22.5,"axis":"z"},"from":[-0.0875,5.3375,7.65],"faces":{"down":{"uv":[10,13.5,12.5,15],"texture":"#2"},"west":{"rotation":90,"uv":[1.5,10.5,6.5,13],"texture":"#2"},"east":{"rotation":270,"uv":[5.5,11.5,10.5,14],"texture":"#2"},"north":{"rotation":90,"uv":[0,7.5,6.5,11],"texture":"#2"},"south":{"rotation":270,"uv":[0,7.5,6.5,11],"texture":"#2"}}},{"to":[-0.075,10,8.45075],"rotation":{"origin":[-2.625,8.75,7.58675],"angle":-45,"axis":"z"},"from":[-0.45,9.5,7.54925],"faces":{"down":{"uv":[8.5,10.5,10.5,14],"texture":"#2"},"west":{"uv":[12,2,13,3],"texture":"#2"},"north":{"rotation":180,"uv":[1,5,2,6.5],"texture":"#2"},"south":{"rotation":180,"uv":[1,5,2,6.5],"texture":"#2"}}},{"to":[-0.45,10,8.3995],"rotation":{"origin":[-2.625,8.75,7.538],"angle":-45,"axis":"z"},"from":[-0.85,9.5,7.6005],"faces":{"down":{"uv":[7.5,13,9.5,16],"texture":"#2"},"north":{"uv":[2.5,7,3.5,8],"texture":"#2"},"south":{"uv":[2.5,7,3.5,8],"texture":"#2"}}},{"to":[0.125,8.6,8.4],"from":[-3.175,8,7.6],"faces":{"down":{"uv":[0,11,5,14],"texture":"#2"},"north":{"uv":[0,6,5,8],"texture":"#2"},"up":{"rotation":180,"uv":[4.5,0,13.5,3],"texture":"#2"},"south":{"uv":[5,5.5,10,7.5],"texture":"#2"}}},{"to":[-3.75,8,7.9],"from":[-5.8,5.8,7.5],"faces":{"down":{"uv":[9,15,12.5,16],"texture":"#2"},"west":{"rotation":270,"uv":[1,11,10.5,12],"texture":"#2"},"east":{"uv":[6,7,7,14.5],"texture":"#2"},"north":{"uv":[1.5,3.5,5,11],"texture":"#2"},"south":{"rotation":180,"uv":[12.5,8.5,16,16],"texture":"#2"}}},{"to":[-0.65,6.1005,8.3495],"rotation":{"origin":[-3.225,5.9505,8],"angle":0,"axis":"z"},"from":[-5.8,5.8005,7.6505],"faces":{"down":{"uv":[3.5,13.5,12.5,15],"texture":"#2"},"north":{"uv":[7,10,16,11],"texture":"#2"},"up":{"rotation":180,"uv":[7,8.5,16,11],"texture":"#2"},"south":{"uv":[7,10,16,11],"texture":"#2"}}},{"to":[-0.65,6.1005,8.34975],"rotation":{"origin":[8,8,7.99975],"angle":0,"axis":"y"},"from":[-1.2,5.8005,7.65025],"faces":{"north":{"rotation":90,"uv":[7,10,8,8.5],"texture":"#2"},"south":{"rotation":90,"uv":[7,8.5,8,10],"texture":"#2"}}},{"to":[1.3,7.9,8.4505],"rotation":{"origin":[8,8,8.0245],"angle":0,"axis":"y"},"from":[-0.3,7.025,7.5495],"faces":{"down":{"uv":[14,12.5,16,16],"texture":"#2"},"west":{"rotation":90,"uv":[6.5,9,8.5,12.5],"texture":"#2"},"east":{"rotation":90,"uv":[6.5,9,8.5,12.5],"texture":"#2"},"north":{"rotation":270,"uv":[0,11,2,6],"texture":"#2"},"south":{"rotation":270,"uv":[0,6,2,11],"texture":"#2"}}},{"to":[0.70782,7.93659,8.45035],"rotation":{"origin":[0.40782,7.83659,8.00465],"angle":-22.5,"axis":"z"},"from":[-0.34218,7.63659,7.54965],"faces":{"west":{"uv":[10,3,11,4],"texture":"#2"},"north":{"rotation":90,"uv":[3.5,5.5,4.5,8.5],"texture":"#2"},"south":{"rotation":270,"uv":[3.5,5.5,4.5,8.5],"texture":"#2"}}},{"to":[19.75468,9.05639,8.1505],"rotation":{"origin":[19.03396,9.35316,7.8495],"angle":-45,"axis":"z"},"from":[19.11468,8.78139,7.8495],"faces":{"down":{"rotation":90,"uv":[1.5,9.5,2.25,11.5],"texture":"#7"},"north":{"rotation":270,"uv":[1.5,10,2.25,12],"texture":"#7"},"up":{"rotation":90,"uv":[10,3.25,10.75,5.25],"texture":"#7"},"south":{"rotation":90,"uv":[1.5,10,2.25,12],"texture":"#7"}}},{"to":[24.9,8.825,8.10355],"from":[24.095,8.275,7.89645],"faces":{"north":{"uv":[0,7.25,0.25,7.5],"texture":"#7"},"west":{"uv":[11.25,7.5,12,8],"texture":"#7"},"up":{"uv":[2.5,7.75,3.5,8.5],"texture":"#7"},"down":{"uv":[10,8,11,8.25],"texture":"#7"},"east":{"uv":[11.25,7.5,12,8],"texture":"#7"},"south":{"uv":[0,7.25,0.25,7.5],"texture":"#7"}}},{"to":[7.4,9,8.667],"rotation":{"origin":[5,8.1,7.975],"angle":-22.5,"axis":"x"},"from":[4.8,8.67,8.467],"faces":{"south":{"rotation":180,"uv":[1.5,4,5.5,5.25],"texture":"#5"}}},{"to":[7.95,8.7245,8.85],"from":[7.8,8.5005,8.25],"faces":{"down":{"uv":[2.75,10,3,10.25],"texture":"#5"},"east":{"uv":[4.75,4.75,6,5.5],"texture":"#5"},"up":{"rotation":270,"uv":[8,4.25,8.5,4.5],"texture":"#5"}}},{"to":[2.00264,7.3851,8.1],"rotation":{"origin":[7.97304,8.06517,8],"angle":0,"axis":"y"},"from":[1.87364,7.0851,7.9],"faces":{"west":{"rotation":90,"uv":[4,8,4.25,8.25],"texture":"#7"},"east":{"uv":[3.5,12,4,12.75],"texture":"#7"},"north":{"rotation":270,"uv":[3,5.25,3.6,5.75],"texture":"#7"},"south":{"rotation":90,"uv":[3,5.25,3.6,5.75],"texture":"#7"}}},{"to":[2.06257,7.13859,8.1],"rotation":{"origin":[2.04257,6.93859,8],"angle":22.5,"axis":"z"},"from":[1.94257,6.83859,7.9],"faces":{"down":{"rotation":90,"uv":[15.75,15.75,16,16],"texture":"#7"},"west":{"rotation":90,"uv":[4,8,4.25,8.25],"texture":"#7"},"east":{"uv":[5,12.25,5.5,13],"texture":"#7"},"north":{"rotation":270,"uv":[4,5,4.6,5.5],"texture":"#7"},"south":{"rotation":90,"uv":[4,5,4.6,5.5],"texture":"#7"}}},{"to":[2.69713,6.71287,8.2],"rotation":{"origin":[7.99713,7.99787,8],"angle":0,"axis":"y"},"from":[1.46213,6.58787,7.8],"faces":{"down":{"uv":[3,9.75,5.75,10.5],"texture":"#7"},"north":{"uv":[9.5,7.25,13,7.75],"texture":"#7"},"up":{"uv":[0,12,2.75,12.75],"texture":"#7"},"south":{"uv":[9.5,7.25,13,7.75],"texture":"#7"}}},{"to":[4.7,7.8,8.25],"from":[4,7,7.75],"faces":{"down":{"uv":[6.75,9,7.5,10.25],"texture":"#7"},"west":{"uv":[4.75,10.5,5.5,11.75],"texture":"#7"},"north":{"uv":[7,11,7.75,12.25],"texture":"#7"},"south":{"uv":[7,11,7.75,12.25],"texture":"#7"}}},{"to":[8.65,9.1751,8.48],"from":[8.25,7.725,7.52],"faces":{"down":{"rotation":270,"uv":[0,5.75,1.75,6.75],"texture":"#7"},"west":{"rotation":270,"uv":[7.25,10.5,7.5,10.75],"texture":"#7"},"east":{"rotation":270,"uv":[7.25,10.5,7.5,10.75],"texture":"#7"},"north":{"rotation":90,"uv":[0,6.25,2.5,7.25],"texture":"#7"},"south":{"rotation":270,"uv":[2.5,6.25,0,7.25],"texture":"#7"}}},{"to":[9.65,9.501,8.25],"from":[8.05,8.701,7.75],"faces":{"west":{"uv":[0,7.5,1,10.25],"texture":"#7"},"north":{"uv":[2.25,7.25,4.5,10],"texture":"#7"},"up":{"uv":[1.5,7.5,9,8.75],"texture":"#7"},"south":{"uv":[2.25,7.25,4.5,10],"texture":"#7"}}},{"to":[8.1145,9.75,8.3505],"rotation":{"origin":[8,8,7.9995],"angle":0,"axis":"y"},"from":[8.052,9.55,7.6495],"faces":{"north":{"uv":[7.5,0,8,3],"texture":"#0"},"west":{"uv":[7,0,16,3],"texture":"#0"},"up":{"rotation":90,"uv":[7,0,16,0.4],"texture":"#0"},"down":{"uv":[9.5,15.5,14,16],"texture":"#0"},"east":{"uv":[7,0,16,3],"texture":"#0"},"south":{"uv":[7.5,0,8,3],"texture":"#0"}}},{"to":[9.85,6.9,8.43],"rotation":{"origin":[6.4,8,8],"angle":45,"axis":"z"},"from":[9.65,6.7,7.78],"faces":{"north":{"uv":[14,13.5,16,15.5],"texture":"#0"},"west":{"uv":[7.5,14,11.5,16],"texture":"#0"},"up":{"rotation":270,"uv":[9.5,11,13.5,13],"texture":"#0"},"down":{"rotation":90,"uv":[12,14,16,16],"texture":"#0"},"east":{"uv":[10.5,13,14.5,15],"texture":"#0"},"south":{"rotation":90,"uv":[14,13.5,16,15.5],"texture":"#0"}}},{"to":[8.7,7.425,8.4],"rotation":{"origin":[5.85,8.05,8],"angle":45,"axis":"z"},"from":[8.6,7.325,7.75],"faces":{"north":{"uv":[14,14,15.5,15.5],"texture":"#0"},"west":{"uv":[10.5,14.5,14.5,16],"texture":"#0"},"up":{"rotation":90,"uv":[8,14,12,15.5],"texture":"#0"},"down":{"rotation":90,"uv":[10.5,14.5,14.5,16],"texture":"#0"},"east":{"uv":[9.5,13.5,13.5,15],"texture":"#0"},"south":{"rotation":90,"uv":[14,14,15.5,15.5],"texture":"#0"}}},{"to":[9.2,9.6,8.2],"from":[8.1,9.55,7.8],"faces":{"down":{"uv":[15.75,15.75,16,16],"texture":"#7"},"north":{"uv":[2.5,7.5,7.75,8],"texture":"#7"},"up":{"rotation":90,"uv":[0,0,7,16],"texture":"#0"},"south":{"uv":[2.5,7.5,7.75,8],"texture":"#7"}}},{"to":[9.625,9.6,8.2],"from":[9.2,9.55,7.8],"faces":{"down":{"uv":[15.75,15.75,16,16],"texture":"#7"},"north":{"uv":[2.5,7.5,3.5,8],"texture":"#7"},"up":{"rotation":90,"uv":[7.5,3,14.5,9.5],"texture":"#0"},"south":{"uv":[2.5,7.5,3.5,8],"texture":"#7"}}},{"to":[8.3,8.88,8.449],"from":[7.95,8.33,7.55],"faces":{"down":{"uv":[15.75,15.75,16,16],"texture":"#7"},"west":{"rotation":180,"uv":[1.5,9.25,1.75,11],"texture":"#7"},"north":{"uv":[0,7.5,0.5,9.25],"texture":"#7"},"south":{"rotation":180,"uv":[1.5,9.25,2,11],"texture":"#7"}}},{"to":[7.657,8.725,9.877],"rotation":{"origin":[5.8,7.9,8.35],"angle":22.5,"axis":"y"},"from":[7.457,8.5,9.027],"faces":{"down":{"rotation":270,"uv":[3,9.25,3.25,10],"texture":"#5"},"west":{"uv":[13.25,5,14.5,5.75],"texture":"#5"},"east":{"uv":[13,4.75,14.25,5.5],"texture":"#5"},"up":{"rotation":270,"uv":[7.25,4,8.5,4.5],"texture":"#5"},"south":{"uv":[14.5,4.25,15,5],"texture":"#5"}}},{"to":[4.8,8.99886,8.71398],"rotation":{"origin":[3.4,8.10086,8.00098],"angle":-22.5,"axis":"x"},"from":[0.025,8.64886,8.43898],"faces":{"west":{"rotation":180,"uv":[1.75,11,2.25,12.25],"texture":"#7"},"east":{"rotation":180,"uv":[7.5,4.5,7.75,5.75],"texture":"#7"},"south":{"uv":[0,4.75,5.5,6],"texture":"#7"}}},{"to":[8.3,8.99886,7.53602],"rotation":{"origin":[3.4,8.10086,7.99902],"angle":22.5,"axis":"x"},"from":[0.025,8.64886,7.28602],"faces":{"west":{"rotation":180,"uv":[1.75,11,2.25,12.25],"texture":"#7"},"north":{"uv":[0,4.75,9.5,6],"texture":"#7"}}},{"to":[7.2,8.723,7.57],"rotation":{"origin":[3.4,8.075,8.175],"angle":0,"axis":"x"},"from":[1.126,8.623,7.52],"faces":{"down":{"uv":[10.25,8,0,8.25],"texture":"#7"},"west":{"uv":[13,7.75,13.25,8.25],"texture":"#7"},"east":{"uv":[13,7.75,13.25,8.25],"texture":"#7"},"north":{"uv":[16,7.5,5.75,8],"texture":"#7"}}},{"to":[7.2,9.37595,7.83636],"rotation":{"origin":[3.4,8.72795,8.44136],"angle":-45,"axis":"x"},"from":[1.126,9.27595,7.78636],"faces":{"west":{"uv":[13,7.75,13.25,8],"texture":"#7"},"east":{"uv":[13,7.75,13.25,8],"texture":"#7"},"up":{"uv":[10.25,7.25,0,7.75],"texture":"#7"}}},{"to":[3.5,9.37595,8.21364],"rotation":{"origin":[3.4,8.72795,7.55864],"angle":45,"axis":"x"},"from":[1.126,9.27595,8.16364],"faces":{"west":{"uv":[13,7.75,13.25,8],"texture":"#7"},"east":{"uv":[13,7.75,13.25,8],"texture":"#7"},"up":{"rotation":180,"uv":[2.75,7.25,0,7.75],"texture":"#7"}}},{"to":[3.5,8.723,8.48],"rotation":{"origin":[3.4,8.075,7.825],"angle":0,"axis":"x"},"from":[1.126,8.623,8.43],"faces":{"down":{"uv":[16,8,13.25,8.25],"texture":"#7"},"west":{"uv":[13,7.75,13.25,8.25],"texture":"#7"},"east":{"uv":[13,7.75,13.25,8.25],"texture":"#7"},"south":{"uv":[16,7.5,13.25,8],"texture":"#7"}}},{"to":[1.375,8,8.2],"from":[1.25,6.8,7.8],"faces":{"west":{"rotation":270,"uv":[1,11.25,1.75,12],"texture":"#7"},"east":{"uv":[1.5,10.5,2.25,12.75],"texture":"#7"},"north":{"rotation":270,"uv":[0.25,7.25,2,7.75],"texture":"#7"},"south":{"rotation":90,"uv":[0.25,7.25,2,7.75],"texture":"#7"}}},{"to":[1.25908,8.91701,8.201],"rotation":{"origin":[3.7475,7.99843,8],"angle":45,"axis":"z"},"from":[1.13408,8.61701,7.799],"faces":{"west":{"rotation":270,"uv":[2,10.5,2.75,11.25],"texture":"#7"},"east":{"uv":[0.75,12.25,1.5,13],"texture":"#7"},"north":{"rotation":270,"uv":[9.5,7.25,10.25,7.75],"texture":"#7"},"south":{"rotation":90,"uv":[9.5,7.25,10.25,7.75],"texture":"#7"}}},{"to":[2.40868,7.86769,8.201],"rotation":{"origin":[3.74691,7.99631,8],"angle":45,"axis":"z"},"from":[2.00868,7.74269,7.799],"faces":{"down":{"rotation":270,"uv":[1,11.25,1.75,12],"texture":"#7"},"north":{"uv":[9.5,7.25,10.75,7.75],"texture":"#7"},"up":{"rotation":90,"uv":[0.5,11.5,1.25,12.25],"texture":"#7"},"south":{"uv":[9.5,7.25,10.75,7.75],"texture":"#7"}}},{"to":[4.5,7.2,8.251],"from":[4.4,7.1,7.749],"faces":{"north":{"uv":[14,13.5,15,14.5],"texture":"#0"},"south":{"rotation":90,"uv":[14,13.5,15,14.5],"texture":"#0"}}},{"to":[4.41892,7.25349,8.15],"rotation":{"origin":[4.2,7.05,8],"angle":-22.5,"axis":"z"},"from":[4.31892,6.55349,7.85],"faces":{"down":{"rotation":270,"uv":[3.25,7.75,5,8.25],"texture":"#7"},"west":{"uv":[4,10,5.25,11.75],"texture":"#7"},"east":{"uv":[6,7.75,7.25,9.5],"texture":"#7"},"north":{"rotation":90,"uv":[2.5,7.25,4.25,7.75],"texture":"#7"},"south":{"rotation":270,"uv":[2.5,7.25,4.25,7.75],"texture":"#7"}}},{"to":[4.15,7.51,8.252],"from":[4.05,7.41,8.151],"faces":{"south":{"rotation":90,"uv":[13.5,14,14.5,15],"texture":"#0"}}},{"to":[4.45,7.79,8.4505],"rotation":{"origin":[8,8,7.9985],"angle":0,"axis":"y"},"from":[4.3,7.64,7.5495],"faces":{"north":{"uv":[14,13.5,15.5,15],"texture":"#0"},"south":{"rotation":90,"uv":[14,13.5,15.5,15],"texture":"#0"}}},{"to":[3.6,8.88,8.45],"from":[-0.25,7.58,8.15],"faces":{"down":{"rotation":180,"uv":[7,8,7.25,8.25],"texture":"#7"},"west":{"rotation":180,"uv":[1.25,8,0.75,12.25],"texture":"#7"},"east":{"rotation":180,"uv":[9,4.25,9.5,8.5],"texture":"#7"},"up":{"uv":[0,5.25,1.75,6],"texture":"#7"},"south":{"rotation":180,"uv":[4.25,7.5,0,11.75],"texture":"#7"}}},{"to":[4.8,8.48,8.45],"from":[3.6,7.58,8.15],"faces":{"down":{"rotation":180,"uv":[7,8,7.25,8.25],"texture":"#7"},"south":{"rotation":180,"uv":[4.25,7.5,2.75,10.5],"texture":"#7"}}},{"to":[7.95,8.88,8.449],"rotation":{"origin":[11.5,8,7.999],"angle":0,"axis":"y"},"from":[7.7,8.755,8.374],"faces":{"down":{"uv":[9,8,9.25,8.25],"texture":"#7"},"west":{"rotation":180,"uv":[1.5,9.25,1.75,10],"texture":"#7"},"south":{"rotation":180,"uv":[1.25,11.25,1.5,11.75],"texture":"#7"}}},{"to":[4.8,8.88,8.45],"from":[3.6,8.755,8.4],"faces":{"down":{"uv":[9,8,9.25,8.25],"texture":"#7"},"east":{"rotation":180,"uv":[10.75,4.25,11,4.75],"texture":"#7"},"south":{"rotation":180,"uv":[2.75,11.25,1.25,11.75],"texture":"#7"}}},{"to":[4.8,8.48,8.45],"from":[3.1,8.805,7.75],"faces":{"down":{"uv":[9,8,9.25,8.25],"texture":"#7"},"west":{"uv":[9,8,9.25,8.25],"texture":"#7"},"north":{"rotation":180,"uv":[6.25,10.75,8.75,11.75],"texture":"#7"},"up":{"uv":[3.25,8,7.75,9.75],"texture":"#7"}}},{"to":[8,8.895,8.395],"rotation":{"origin":[8,8,7.975],"angle":0,"axis":"y"},"from":[4.8,8.48,7.695],"faces":{"west":{"rotation":180,"uv":[0,8.75,1.25,10],"texture":"#5"},"south":{"uv":[1.75,4.5,5.75,5.75],"texture":"#5"}}},{"to":[5.05,8.67,7.92],"rotation":{"origin":[8,8.025,8],"angle":0,"axis":"y"},"from":[4.55,8.53,7.62],"faces":{"west":{"rotation":180,"uv":[1,8,2.25,8.75],"texture":"#5"},"up":{"rotation":180,"uv":[3.75,10.5,5,11.25],"texture":"#7"},"south":{"uv":[0.5,9,1.75,9.75],"texture":"#5"}}},{"to":[7.3,8.88,8.15],"from":[-0.25,7.58,7.55],"faces":{"down":{"rotation":180,"uv":[7,8,7.25,8.25],"texture":"#7"},"west":{"rotation":180,"uv":[1,8,0,12.25],"texture":"#7"},"east":{"rotation":180,"uv":[0,7.5,0.5,11.75],"texture":"#7"},"north":{"rotation":180,"uv":[0,7.5,8,11.75],"texture":"#7"},"up":{"rotation":180,"uv":[0,5,1.75,6.5],"texture":"#7"}}},{"to":[19.59907,8.91415,8.149],"rotation":{"origin":[19.0125,9.35,7.85],"angle":-22.5,"axis":"z"},"from":[19.31707,8.58915,7.851],"faces":{"north":{"rotation":90,"uv":[1.5,10,2.25,10.5],"texture":"#7"},"up":{"rotation":90,"uv":[10,3.25,10.75,4],"texture":"#7"},"south":{"rotation":90,"uv":[1.5,10,2.25,10.5],"texture":"#7"}}},{"to":[18.84971,9.41639,8.15],"rotation":{"origin":[18.99174,9.25824,7.874],"angle":22.5,"axis":"z"},"from":[18.56971,9.03639,7.85],"faces":{"west":{"rotation":90,"uv":[1.5,10,2,10.5],"texture":"#7"},"east":{"uv":[6.75,11.75,7.5,12.5],"texture":"#7"},"north":{"rotation":270,"uv":[4.5,11.75,5.5,12.5],"texture":"#7"},"up":{"rotation":90,"uv":[7.5,4.25,8.25,5],"texture":"#7"},"south":{"rotation":90,"uv":[4.5,11.75,5.5,12.5],"texture":"#7"}}},{"to":[18.96,9.0025,8.099],"from":[18.56,8.7775,7.901],"faces":{"west":{"uv":[5,9,6.5,10.25],"texture":"#7"},"north":{"uv":[5.5,11,7,12.25],"texture":"#7"},"south":{"uv":[5.5,11,7,12.25],"texture":"#7"}}},{"to":[16.849,9.0525,8.05],"from":[16.549,8.7525,7.95],"faces":{"east":{"uv":[2.25,8,2.75,8.75],"texture":"#7"},"north":{"uv":[5.25,11.5,6,12.25],"texture":"#7"},"south":{"uv":[5.25,11.5,6,12.25],"texture":"#7"}}},{"to":[23.34995,12.87703,8.125],"rotation":{"origin":[15.29879,8.04881,8.025],"angle":-22.5,"axis":"z"},"from":[23.14995,12.08953,7.875],"faces":{"down":{"rotation":180,"uv":[4.75,8,5,8.25],"texture":"#7"},"west":{"rotation":180,"uv":[2.5,11.5,3.25,12.75],"texture":"#7"},"east":{"rotation":270,"uv":[3.25,9.5,4.5,10.25],"texture":"#7"},"north":{"rotation":90,"uv":[7.25,7.25,8.5,8],"texture":"#7"},"south":{"rotation":270,"uv":[7.25,7.25,8.5,8],"texture":"#7"}}},{"to":[24.9,9.58,8.149],"from":[24.4,9.15,7.851],"faces":{"west":{"uv":[2.25,10.5,3,11.75],"texture":"#7"},"east":{"rotation":180,"uv":[1.75,12.25,2.5,13],"texture":"#7"},"north":{"rotation":180,"uv":[0,11.75,1.25,12.5],"texture":"#7"},"up":{"rotation":180,"uv":[4.25,11.25,4.75,11.75],"texture":"#7"},"south":{"rotation":180,"uv":[0,11.75,1.25,12.5],"texture":"#7"}}},{"to":[24.725,9.75,8.025],"rotation":{"origin":[8,8,7.99],"angle":0,"axis":"y"},"from":[24.65,9.45,7.975],"faces":{"west":{"rotation":90,"uv":[0.25,7.25,1.75,7.75],"texture":"#7"},"east":{"rotation":270,"uv":[0.25,7.25,1.75,7.75],"texture":"#7"},"north":{"rotation":90,"uv":[0,8.25,1.5,8.75],"texture":"#7"},"up":{"rotation":90,"uv":[0,15.5,0.5,16],"texture":"#7"},"south":{"rotation":90,"uv":[0,8.25,1.5,8.75],"texture":"#7"}}},{"to":[24.4,8.364,8.16],"from":[24.2,8.064,7.84],"faces":{"down":{"uv":[7.25,9.25,8,10],"texture":"#7"},"west":{"uv":[0,7,0.75,7.75],"texture":"#7"},"east":{"uv":[6.5,1.5,7.25,2.25],"texture":"#7"},"north":{"uv":[15.25,7,16,7.75],"texture":"#7"},"south":{"uv":[15.25,7,16,7.75],"texture":"#7"}}},{"to":[27.5,8.375,8.03978],"rotation":{"origin":[14.2,8.525,8],"angle":22.5,"axis":"x"},"from":[11,8.325,7.96022],"faces":{"down":{"rotation":180,"uv":[15.75,15.75,16,16],"texture":"#7"},"north":{"uv":[3.25,10.5,3.75,10.75],"texture":"#7"},"up":{"uv":[0,11.5,2.25,12],"texture":"#7"}}},{"to":[25.725,8.375,8.03978],"rotation":{"origin":[14.2,8.525,8],"angle":45,"axis":"x"},"from":[11,8.325,7.96022],"faces":{"down":{"rotation":180,"uv":[0,8,16,8.25],"texture":"#7"},"east":{"uv":[8.5,8,8.75,8.25],"texture":"#7"},"up":{"uv":[8.5,8,8.75,8.25],"texture":"#7"}}},{"to":[25.725,8.375,8.03978],"rotation":{"origin":[14.2,8.525,8],"angle":-22.5,"axis":"x"},"from":[11,8.325,7.96022],"faces":{"down":{"rotation":180,"uv":[15.75,15.75,16,16],"texture":"#7"},"east":{"uv":[8.5,8,8.75,8.25],"texture":"#7"},"up":{"uv":[8.5,8,8.75,8.25],"texture":"#7"}}},{"to":[25.725,8.375,8.03978],"rotation":{"origin":[14.2,8.525,8],"angle":-45,"axis":"x"},"from":[11,8.325,7.96022],"faces":{"down":{"rotation":180,"uv":[0,8,16,8.25],"texture":"#7"},"east":{"uv":[8.5,8,8.75,8.25],"texture":"#7"},"up":{"uv":[8.5,8,8.75,8.25],"texture":"#7"}}},{"to":[27.5,8.56478,7.85],"rotation":{"origin":[14.2,8.525,8],"angle":22.5,"axis":"x"},"from":[11,8.48522,7.8],"faces":{"north":{"uv":[0,5,16,5.5],"texture":"#7"},"up":{"uv":[4.25,4.5,4.75,4.75],"texture":"#7"},"south":{"uv":[4.25,7.5,6.5,8],"texture":"#7"}}},{"to":[27.5,8.56478,7.85],"from":[11,8.48522,7.8],"faces":{"down":{"uv":[6.25,8,6.75,8.25],"texture":"#7"},"north":{"uv":[0,5.25,16,5.75],"texture":"#7"},"south":{"uv":[4,8,6.25,8.5],"texture":"#7"}}},{"to":[25.725,8.56478,7.85],"rotation":{"origin":[14.2,8.525,8],"angle":-22.5,"axis":"x"},"from":[11,8.48522,7.8],"faces":{"east":{"uv":[8.5,8,8.75,8.25],"texture":"#7"},"north":{"rotation":180,"uv":[0,8,16,8.5],"texture":"#7"},"south":{"uv":[8.5,8,8.75,8.25],"texture":"#7"}}},{"to":[27.5,8.56478,8.2],"rotation":{"origin":[14.2,8.525,8],"angle":22.5,"axis":"x"},"from":[11,8.48522,8.15],"faces":{"down":{"uv":[6.25,8,6.75,8.25],"texture":"#7"},"north":{"uv":[2.75,8.25,5,8.75],"texture":"#7"},"south":{"rotation":180,"uv":[0,8,16,8.5],"texture":"#7"}}},{"to":[25.725,8.56478,8.2],"rotation":{"origin":[14.2,8.525,8],"angle":-22.5,"axis":"x"},"from":[11,8.48522,8.15],"faces":{"east":{"uv":[8,7.5,8.25,7.75],"texture":"#7"},"north":{"uv":[8.5,8,8.75,8.25],"texture":"#7"},"south":{"uv":[0,5,16,5.5],"texture":"#7"}}},{"to":[27.5,8.56478,8.2],"from":[11,8.48522,8.15],"faces":{"north":{"uv":[4.25,7.5,6.5,8],"texture":"#7"},"up":{"uv":[4.25,4.5,4.75,4.75],"texture":"#7"},"south":{"uv":[0,5.25,16,5.75],"texture":"#7"}}},{"to":[25.725,8.725,8.03978],"rotation":{"origin":[14.2,8.525,8],"angle":45,"axis":"x"},"from":[11,8.675,7.96022],"faces":{"down":{"uv":[8.5,8,8.75,8.25],"texture":"#7"},"east":{"uv":[8,7.5,8.25,7.75],"texture":"#7"},"up":{"uv":[0,4.75,16,5.25],"texture":"#7"}}},{"to":[27.5,8.725,8.03978],"rotation":{"origin":[14.2,8.525,8],"angle":22.5,"axis":"x"},"from":[11,8.675,7.96022],"faces":{"down":{"uv":[4,7.75,6.25,8.25],"texture":"#7"},"up":{"rotation":180,"uv":[8.5,2.25,16,2.75],"texture":"#7"},"south":{"uv":[0,7.25,0.5,7.5],"texture":"#7"}}},{"to":[27.5,8.725,8.03978],"from":[11,8.675,7.96022],"faces":{"down":{"uv":[4,7.75,6.25,8.25],"texture":"#7"},"north":{"uv":[0,7.25,0.5,7.5],"texture":"#7"},"up":{"rotation":180,"uv":[8.25,2.25,16,2.75],"texture":"#5"}}},{"to":[25.725,8.725,8.03978],"rotation":{"origin":[14.2,8.525,8],"angle":-22.5,"axis":"x"},"from":[11,8.675,7.96022],"faces":{"down":{"uv":[8.5,8,8.75,8.25],"texture":"#7"},"east":{"uv":[8,7.5,8.25,7.75],"texture":"#7"},"up":{"rotation":180,"uv":[0,4.25,16,4.75],"texture":"#7"}}},{"to":[25.725,8.725,8.03978],"rotation":{"origin":[14.2,8.525,8],"angle":-45,"axis":"x"},"from":[11,8.675,7.96022],"faces":{"down":{"uv":[8.5,8,8.75,8.25],"texture":"#7"},"east":{"uv":[8,7.5,8.25,7.75],"texture":"#7"},"up":{"rotation":180,"uv":[0,4.75,16,5.25],"texture":"#7"}}},{"to":[27.9125,8.56478,7.875],"from":[27.5,8.48522,7.8],"faces":{"west":{"uv":[8.5,8,8.75,8.25],"texture":"#7"},"east":{"rotation":90,"uv":[2.25,5.25,2.75,5.75],"texture":"#7"},"north":{"uv":[0,5.25,0.5,5.75],"texture":"#7"},"south":{"uv":[4,8,4.5,8.5],"texture":"#7"}}},{"to":[24.9005,9.79347,7.8125],"rotation":{"origin":[4,8,8],"angle":0,"axis":"y"},"from":[24.4005,9.69402,7.75],"faces":{"west":{"rotation":270,"uv":[2.25,5.25,2.75,5.75],"texture":"#7"},"east":{"rotation":90,"uv":[1.75,5,2.25,5.5],"texture":"#7"},"north":{"rotation":180,"uv":[5,11.5,5.5,12],"texture":"#7"},"south":{"uv":[4,8,4.5,8.5],"texture":"#7"}}},{"to":[27.9125,8.56478,7.875],"rotation":{"origin":[31,8.525,8],"angle":-22.5,"axis":"x"},"from":[27.5,8.48522,7.8],"faces":{"west":{"uv":[8.5,8,8.75,8.25],"texture":"#7"},"east":{"rotation":270,"uv":[2.25,5.25,2.75,5.75],"texture":"#7"},"north":{"uv":[5.25,7.75,5.75,8.25],"texture":"#7"},"south":{"uv":[2.75,8.25,3.25,8.75],"texture":"#7"}}},{"to":[24.9,9.71069,8.22867],"rotation":{"origin":[32.75,8.65625,8],"angle":-22.5,"axis":"x"},"from":[24.4,9.61124,8.16617],"faces":{"west":{"rotation":90,"uv":[2.25,5.25,2.75,5.75],"texture":"#7"},"east":{"rotation":90,"uv":[1.75,5,2.25,5.5],"texture":"#7"},"north":{"rotation":180,"uv":[5,11.25,5.5,11.75],"texture":"#7"},"south":{"uv":[2.75,8.25,3.25,8.75],"texture":"#7"}}},{"to":[27.9125,8.4,8.03978],"rotation":{"origin":[31,8.525,8],"angle":45,"axis":"x"},"from":[27.5,8.325,7.96022],"faces":{"down":{"uv":[5.25,8,5.75,8.25],"texture":"#7"},"west":{"uv":[8.5,8,8.75,8.25],"texture":"#7"},"east":{"uv":[4.5,7.75,5,8.25],"texture":"#7"},"up":{"rotation":180,"uv":[0,11,0.5,11.5],"texture":"#7"}}},{"to":[24.9005,9.23773,7.28075],"rotation":{"origin":[32.75,8.65625,8],"angle":45,"axis":"x"},"from":[24.4005,9.17523,7.1813],"faces":{"down":{"uv":[4.25,11.25,4.75,11.5],"texture":"#7"},"west":{"uv":[4.5,7.75,5,8.25],"texture":"#7"},"east":{"rotation":180,"uv":[1.75,5,2.25,5.5],"texture":"#7"},"up":{"rotation":180,"uv":[0,11,0.5,11.5],"texture":"#7"}}},{"to":[27.9125,8.4,8.03978],"rotation":{"origin":[31,8.525,8],"angle":22.5,"axis":"x"},"from":[27.5,8.325,7.96022],"faces":{"down":{"uv":[5.25,8,5.75,8.25],"texture":"#7"},"west":{"uv":[8.5,8,8.75,8.25],"texture":"#7"},"east":{"uv":[4.5,7.75,5,8.25],"texture":"#7"},"up":{"uv":[0,11.5,0.5,12],"texture":"#7"}}},{"to":[27.9125,8.4,8.03978],"from":[27.5,8.325,7.96022],"faces":{"down":{"uv":[15.75,15.75,16,16],"texture":"#7"},"west":{"uv":[8.5,8,8.75,8.25],"texture":"#7"},"east":{"uv":[4.5,7.75,5,8.25],"texture":"#7"},"up":{"uv":[0,12,0.5,12.5],"texture":"#7"}}},{"to":[27.9125,8.4,8.03978],"rotation":{"origin":[31,8.525,8],"angle":-22.5,"axis":"x"},"from":[27.5,8.325,7.96022],"faces":{"down":{"uv":[5.25,8,5.75,8.25],"texture":"#7"},"west":{"uv":[8.5,8,8.75,8.25],"texture":"#7"},"east":{"uv":[4.5,7.75,5,8.25],"texture":"#7"},"up":{"rotation":180,"uv":[0,11.5,0.5,12],"texture":"#7"}}},{"to":[27.9125,8.4,8.03978],"rotation":{"origin":[31,8.525,8],"angle":-45,"axis":"x"},"from":[27.5,8.325,7.96022],"faces":{"down":{"uv":[5.25,8,5.75,8.25],"texture":"#7"},"west":{"uv":[8.5,8,8.75,8.25],"texture":"#7"},"east":{"uv":[4.5,7.75,5,8.25],"texture":"#7"},"up":{"rotation":180,"uv":[0,11,0.5,11.5],"texture":"#7"}}},{"to":[24.9005,9.23773,8.8187],"rotation":{"origin":[32.75,8.65625,8],"angle":-45,"axis":"x"},"from":[24.4005,9.17523,8.71925],"faces":{"down":{"uv":[4.25,11.25,4.75,11.5],"texture":"#7"},"west":{"uv":[4.5,7.75,5,8.25],"texture":"#7"},"east":{"rotation":180,"uv":[1.75,5,2.25,5.5],"texture":"#7"},"up":{"rotation":180,"uv":[0,11,0.5,11.5],"texture":"#7"}}},{"to":[27.9125,8.56478,8.2],"from":[27.5,8.48522,8.125],"faces":{"west":{"uv":[8.5,8,8.75,8.25],"texture":"#7"},"east":{"rotation":270,"uv":[2.25,5.25,2.75,5.75],"texture":"#7"},"north":{"uv":[4,8,4.5,8.5],"texture":"#7"},"south":{"uv":[0,5.25,0.5,5.75],"texture":"#7"}}},{"to":[24.9005,9.79347,8.25],"rotation":{"origin":[4,8,8],"angle":0,"axis":"y"},"from":[24.4005,9.69402,8.1875],"faces":{"west":{"rotation":90,"uv":[2.25,5.25,2.75,5.75],"texture":"#7"},"east":{"rotation":270,"uv":[1.75,5,2.25,5.5],"texture":"#7"},"north":{"uv":[4,8,4.5,8.5],"texture":"#7"},"south":{"rotation":180,"uv":[5,11.5,5.5,12],"texture":"#7"}}},{"to":[27.9125,8.56478,8.2],"rotation":{"origin":[31,8.525,8],"angle":22.5,"axis":"x"},"from":[27.5,8.48522,8.125],"faces":{"west":{"uv":[8.5,8,8.75,8.25],"texture":"#7"},"east":{"rotation":90,"uv":[2.25,5.25,2.75,5.75],"texture":"#7"},"north":{"uv":[2.75,8.25,3.25,8.75],"texture":"#7"},"south":{"uv":[5.25,7.75,5.75,8.25],"texture":"#7"}}},{"to":[24.9,9.71069,7.83383],"rotation":{"origin":[32.75,8.65625,8],"angle":22.5,"axis":"x"},"from":[24.4,9.61124,7.77133],"faces":{"west":{"rotation":270,"uv":[2.25,5.25,2.75,5.75],"texture":"#7"},"east":{"rotation":270,"uv":[1.75,5,2.25,5.5],"texture":"#7"},"north":{"uv":[2.75,8.25,3.25,8.75],"texture":"#7"},"south":{"rotation":180,"uv":[5,11.25,5.5,11.75],"texture":"#7"}}},{"to":[27.9125,8.56478,8.2],"rotation":{"origin":[31,8.525,8],"angle":-22.5,"axis":"x"},"from":[27.5,8.48522,8.125],"faces":{"west":{"uv":[8,7.5,8.25,7.75],"texture":"#7"},"east":{"rotation":270,"uv":[1.75,5,2.25,5.5],"texture":"#7"},"north":{"uv":[4,8,4.25,8.25],"texture":"#7"},"south":{"uv":[1.75,8.25,2.25,8.75],"texture":"#7"}}},{"to":[24.9,9.71069,8.66617],"rotation":{"origin":[32.75,8.65625,8],"angle":-22.5,"axis":"x"},"from":[24.4,9.61124,8.60367],"faces":{"west":{"rotation":90,"uv":[1.75,5,2.25,5.5],"texture":"#7"},"east":{"rotation":270,"uv":[1.75,5,2.25,5.5],"texture":"#7"},"north":{"uv":[4,8,4.25,8.25],"texture":"#7"},"south":{"rotation":180,"uv":[4.5,12,5,12.5],"texture":"#7"}}},{"to":[27.9125,8.725,8.03978],"rotation":{"origin":[31,8.525,8],"angle":22.5,"axis":"x"},"from":[27.5,8.65,7.96022],"faces":{"down":{"uv":[15.75,15.75,16,16],"texture":"#7"},"west":{"uv":[8.5,8,8.75,8.25],"texture":"#7"},"east":{"uv":[14,4.75,14.5,5.25],"texture":"#7"},"up":{"uv":[2.5,4.5,3,5],"texture":"#7"}}},{"to":[24.5,9.91097,7.63356],"rotation":{"origin":[32.75,8.65625,8],"angle":22.5,"axis":"x"},"from":[24.4,9.84847,7.53411],"faces":{"down":{"uv":[15.75,15.75,16,16],"texture":"#7"},"west":{"uv":[14,4.75,14.5,5.25],"texture":"#7"},"east":{"uv":[14,4.75,14.5,5.25],"texture":"#7"},"up":{"uv":[7.25,4.5,7.75,5],"texture":"#7"}}},{"to":[24.9,9.91097,7.63356],"rotation":{"origin":[32.75,8.65625,8],"angle":22.5,"axis":"x"},"from":[24.8,9.84847,7.53411],"faces":{"down":{"uv":[15.75,15.75,16,16],"texture":"#7"},"west":{"uv":[14,4.75,14.5,5.25],"texture":"#7"},"east":{"uv":[14,4.75,14.5,5.25],"texture":"#7"},"up":{"uv":[7.25,4.5,7.75,5],"texture":"#7"}}},{"to":[27.9125,8.725,8.03978],"rotation":{"origin":[31,8.525,8],"angle":45,"axis":"x"},"from":[27.5,8.65,7.96022],"faces":{"down":{"uv":[4,8,4.25,8.25],"texture":"#7"},"west":{"uv":[8,7.5,8.25,7.75],"texture":"#7"},"east":{"uv":[1,5,1.5,5.5],"texture":"#7"},"up":{"rotation":180,"uv":[2.5,11.5,3,12],"texture":"#7"}}},{"to":[24.9005,9.67523,7.28075],"rotation":{"origin":[32.75,8.65625,8],"angle":45,"axis":"x"},"from":[24.4005,9.61273,7.1813],"faces":{"down":{"uv":[4,8,4.25,8.25],"texture":"#7"},"west":{"uv":[1,5,1.5,5.5],"texture":"#7"},"east":{"uv":[1,5,1.5,5.5],"texture":"#7"},"north":{"uv":[0.5,5,1,5.5],"texture":"#7"},"up":{"rotation":180,"uv":[4.25,12.25,4.75,12.75],"texture":"#7"}}},{"to":[27.9125,8.725,8.03978],"from":[27.5,8.65,7.96022],"faces":{"down":{"uv":[15.75,15.75,16,16],"texture":"#7"},"west":{"uv":[8.5,8,8.75,8.25],"texture":"#7"},"east":{"uv":[1.25,4.75,1.75,5.25],"texture":"#7"},"up":{"uv":[2.5,4.25,3,4.75],"texture":"#7"}}},{"to":[24.5005,9.99375,8.04973],"rotation":{"origin":[4,8,8],"angle":0,"axis":"y"},"from":[24.4005,9.93125,7.95028],"faces":{"down":{"uv":[15.75,15.75,16,16],"texture":"#7"},"west":{"uv":[1.25,4.75,1.75,5.25],"texture":"#7"},"east":{"uv":[1.25,4.75,1.75,5.25],"texture":"#7"},"up":{"uv":[13.25,0.75,13.75,1.25],"texture":"#7"}}},{"to":[24.9005,9.99375,8.04973],"rotation":{"origin":[4,8,8],"angle":0,"axis":"y"},"from":[24.8005,9.93125,7.95028],"faces":{"down":{"uv":[15.75,15.75,16,16],"texture":"#7"},"west":{"uv":[1.25,4.75,1.75,5.25],"texture":"#7"},"east":{"uv":[1.25,4.75,1.75,5.25],"texture":"#7"},"up":{"uv":[13.25,0.75,13.75,1.25],"texture":"#7"}}},{"to":[27.9125,8.725,8.03978],"rotation":{"origin":[31,8.525,8],"angle":-45,"axis":"x"},"from":[27.5,8.65,7.96022],"faces":{"down":{"uv":[4,8,4.25,8.25],"texture":"#7"},"west":{"uv":[8,7.5,8.25,7.75],"texture":"#7"},"east":{"uv":[1,5,1.5,5.5],"texture":"#7"},"up":{"uv":[2.5,11.5,3,12],"texture":"#7"}}},{"to":[24.9005,9.67523,8.8187],"rotation":{"origin":[32.75,8.65625,8],"angle":-45,"axis":"x"},"from":[24.4005,9.61273,8.71925],"faces":{"down":{"uv":[4,8,4.25,8.25],"texture":"#7"},"west":{"uv":[1,5,1.5,5.5],"texture":"#7"},"east":{"uv":[1,5,1.5,5.5],"texture":"#7"},"up":{"rotation":180,"uv":[4.25,12.25,4.75,12.75],"texture":"#7"},"south":{"uv":[0.5,5,1,5.5],"texture":"#7"}}},{"to":[27.9125,8.725,8.03978],"rotation":{"origin":[31,8.525,8],"angle":-22.5,"axis":"x"},"from":[27.5,8.65,7.96022],"faces":{"down":{"uv":[15.75,15.75,16,16],"texture":"#7"},"west":{"uv":[8,7.5,8.25,7.75],"texture":"#7"},"east":{"uv":[14,4.75,14.5,5.25],"texture":"#7"},"up":{"uv":[5.25,11.75,5.75,12.25],"texture":"#7"}}},{"to":[24.5,9.91097,8.46589],"rotation":{"origin":[32.75,8.65625,8],"angle":-22.5,"axis":"x"},"from":[24.4,9.84847,8.36644],"faces":{"down":{"uv":[15.75,15.75,16,16],"texture":"#7"},"west":{"uv":[14,4.75,14.5,5.25],"texture":"#7"},"east":{"uv":[14,4.75,14.5,5.25],"texture":"#7"},"up":{"rotation":180,"uv":[7.25,4.5,7.75,5],"texture":"#7"}}},{"to":[24.9,9.91097,8.46589],"rotation":{"origin":[32.75,8.65625,8],"angle":-22.5,"axis":"x"},"from":[24.8,9.84847,8.36644],"faces":{"down":{"uv":[15.75,15.75,16,16],"texture":"#7"},"west":{"uv":[14,4.75,14.5,5.25],"texture":"#7"},"east":{"uv":[14,4.75,14.5,5.25],"texture":"#7"},"up":{"rotation":180,"uv":[7.25,4.5,7.75,5],"texture":"#7"}}},{"to":[27.9125,8.56478,7.875],"rotation":{"origin":[31,8.525,8],"angle":22.5,"axis":"x"},"from":[27.5,8.48522,7.8],"faces":{"west":{"uv":[8.5,8,8.75,8.25],"texture":"#7"},"east":{"rotation":90,"uv":[1.75,5,2.25,5.5],"texture":"#7"},"north":{"uv":[1.75,8.25,2.25,8.75],"texture":"#7"},"south":{"uv":[4,8,4.25,8.25],"texture":"#7"}}},{"to":[24.9,9.71069,7.39633],"rotation":{"origin":[32.75,8.65625,8],"angle":22.5,"axis":"x"},"from":[24.4,9.61124,7.33383],"faces":{"west":{"rotation":270,"uv":[1.75,5,2.25,5.5],"texture":"#7"},"east":{"rotation":90,"uv":[1.75,5,2.25,5.5],"texture":"#7"},"north":{"rotation":180,"uv":[4.5,12,5,12.5],"texture":"#7"},"south":{"uv":[4,8,4.25,8.25],"texture":"#7"}}},{"to":[24.9,8.775,8.10355],"rotation":{"origin":[24.75,8.525,8],"angle":45,"axis":"x"},"from":[24.095,8.275,7.89645],"faces":{"down":{"uv":[2.75,8.25,3.75,8.75],"texture":"#7"},"west":{"uv":[11.25,7.5,12,8],"texture":"#7"},"east":{"uv":[11.25,7.5,12,8],"texture":"#7"},"up":{"rotation":180,"uv":[4.25,4.5,5.25,5],"texture":"#7"}}},{"to":[24.9,8.775,8.10355],"rotation":{"origin":[24.75,8.525,8],"angle":-45,"axis":"x"},"from":[24.095,8.275,7.89645],"faces":{"down":{"rotation":180,"uv":[2.75,8.25,3.75,8.75],"texture":"#7"},"west":{"uv":[11.25,7.5,12,8],"texture":"#7"},"east":{"uv":[11.25,7.5,12,8],"texture":"#7"},"up":{"uv":[6,4.75,7,5.25],"texture":"#7"}}},{"to":[24.9,8.62855,8.25],"from":[24.095,8.42145,7.75],"faces":{"west":{"uv":[11.25,7.5,12,8],"texture":"#7"},"east":{"uv":[11.25,7.5,12,8],"texture":"#7"},"north":{"uv":[0,5,1,5.5],"texture":"#7"},"south":{"uv":[0,5,1,5.5],"texture":"#7"}}},{"to":[19.4,8.775,8.10355],"rotation":{"origin":[19.2,8.525,8],"angle":-45,"axis":"x"},"from":[18.45,8.275,7.89645],"faces":{"down":{"rotation":180,"uv":[2.75,8.25,3.75,8.75],"texture":"#7"},"west":{"uv":[7.75,10,8,10.25],"texture":"#7"},"east":{"uv":[11.25,7.5,12,8],"texture":"#7"},"up":{"uv":[4.25,4.75,5.25,5.25],"texture":"#7"}}},{"to":[19.4,8.62855,8.25],"from":[18.45,8.42145,7.75],"faces":{"west":{"uv":[7.75,10,8,10.25],"texture":"#7"},"east":{"uv":[11.25,7.5,12,8],"texture":"#7"},"north":{"uv":[10,5,11,5.5],"texture":"#7"},"south":{"uv":[1.25,5,2.25,5.5],"texture":"#7"}}},{"to":[19.4,8.775,8.10355],"rotation":{"origin":[19.2,8.525,8],"angle":45,"axis":"x"},"from":[18.45,8.275,7.89645],"faces":{"down":{"uv":[2.75,8.25,3.75,8.75],"texture":"#7"},"west":{"uv":[7.75,10,8,10.25],"texture":"#7"},"east":{"uv":[11.25,7.5,12,8],"texture":"#7"},"up":{"rotation":180,"uv":[4,4.75,5,5.25],"texture":"#7"}}},{"to":[19.4,8.775,8.10355],"from":[18.45,8.275,7.89645],"faces":{"down":{"uv":[10,8,11,8.25],"texture":"#7"},"west":{"uv":[7.75,10,8,10.25],"texture":"#7"},"east":{"uv":[11.25,7.5,12,8],"texture":"#7"},"up":{"rotation":270,"uv":[2,11.5,2.5,12.5],"texture":"#7"}}},{"to":[16.85,8.775,8.10355],"from":[16.5,8.275,7.89645],"faces":{"down":{"rotation":90,"uv":[2,7.5,2.5,8.25],"texture":"#7"},"east":{"uv":[11.5,7.75,12.25,8.25],"texture":"#7"},"up":{"rotation":90,"uv":[1.75,7.5,2.25,8.25],"texture":"#7"}}},{"to":[16.85,8.775,8.10355],"rotation":{"origin":[16.95,8.525,8],"angle":-45,"axis":"x"},"from":[16.5,8.275,7.89645],"faces":{"down":{"rotation":270,"uv":[1.75,6.25,2.25,7],"texture":"#7"},"east":{"uv":[11.5,7.75,12.25,8.25],"texture":"#7"},"up":{"rotation":270,"uv":[15.25,6.5,15.75,7.25],"texture":"#7"}}},{"to":[16.85,8.62855,8.25],"from":[16.5,8.42145,7.75],"faces":{"east":{"uv":[11.5,7.75,12.25,8.25],"texture":"#7"},"north":{"rotation":90,"uv":[2,6.5,2.5,7.25],"texture":"#7"},"south":{"rotation":270,"uv":[2,6.5,2.5,7.25],"texture":"#7"}}},{"to":[16.85,8.775,8.10355],"rotation":{"origin":[16.95,8.525,8],"angle":45,"axis":"x"},"from":[16.5,8.275,7.89645],"faces":{"down":{"rotation":270,"uv":[1.75,6.25,2.25,7],"texture":"#7"},"east":{"uv":[11.5,7.75,12.25,8.25],"texture":"#7"},"up":{"rotation":270,"uv":[15.25,6.5,15.75,7.25],"texture":"#7"}}},{"to":[17.5,9.3,8.06213],"from":[11.5,9,7.93787],"faces":{"down":{"uv":[10,8,11,8.25],"texture":"#7"},"up":{"rotation":180,"uv":[1,4.5,2,5],"texture":"#5"}}},{"to":[-3.751,8.54733,7.70748],"rotation":{"origin":[-6.002,8.30983,7.99498],"angle":45,"axis":"x"},"from":[-7.551,8.14733,7.45748],"faces":{"north":{"uv":[0,1.5,9,3.5],"texture":"#2"}}},{"to":[-7.5495,8.54733,7.70748],"rotation":{"origin":[-6.0035,8.30983,7.99498],"angle":45,"axis":"x"},"from":[-7.7495,8.14733,7.45748],"faces":{"west":{"rotation":90,"uv":[1,11.75,1.75,12.25],"texture":"#7"},"north":{"uv":[7.5,4,7.75,4.75],"texture":"#7"}}},{"to":[-3.7525,8.54733,8.54252],"rotation":{"origin":[-6.0035,8.30983,8.00502],"angle":-45,"axis":"x"},"from":[-7.5525,8.14733,8.29252],"faces":{"south":{"uv":[6.5,0.5,15.5,2.5],"texture":"#2"}}},{"to":[-7.5495,8.54733,8.54252],"rotation":{"origin":[-6.0035,8.30983,8.00502],"angle":-45,"axis":"x"},"from":[-7.7495,8.14733,8.29252],"faces":{"west":{"rotation":270,"uv":[1,11.75,1.75,12.25],"texture":"#7"},"south":{"uv":[7.5,4,7.75,4.75],"texture":"#7"}}},{"to":[-3.751,8.85784,8.21716],"rotation":{"origin":[8,8.075,7.99534],"angle":0,"axis":"y"},"from":[-7.551,8.575,7.78284],"faces":{"up":{"rotation":180,"uv":[4.5,0,13.5,2],"texture":"#2"}}},{"to":[-7.551,8.85784,8.21716],"rotation":{"origin":[8,8.075,7.99534],"angle":0,"axis":"y"},"from":[-7.751,8.575,7.78284],"faces":{"west":{"rotation":180,"uv":[1.5,11.75,2.25,12.25],"texture":"#7"},"up":{"uv":[14.5,0,14.75,0.75],"texture":"#7"}}},{"to":[8.2749,9.44971,8.31516],"rotation":{"origin":[4.3625,9.32545,8.01823],"angle":45,"axis":"x"},"from":[0.0249,9.20119,8.12131],"faces":{"west":{"rotation":90,"uv":[0,5.25,1,6.25],"texture":"#7"},"up":{"rotation":180,"uv":[0,5,9.5,6],"texture":"#7"},"south":{"uv":[9,8,9.25,8.25],"texture":"#7"}}},{"to":[8.2999,9.44971,7.87869],"rotation":{"origin":[4.3625,9.32545,7.98177],"angle":-45,"axis":"x"},"from":[0.0249,9.20119,7.68484],"faces":{"west":{"rotation":270,"uv":[0,5.25,1,6.25],"texture":"#7"},"up":{"uv":[0,5,9.5,6],"texture":"#7"}}},{"to":[0.0094,9.01896,8.3125],"rotation":{"origin":[0.37853,8.56877,7.9865],"angle":-22.5,"axis":"z"},"from":[-0.1906,8.36396,7.6875],"faces":{"west":{"rotation":270,"uv":[4.75,6.25,6,8.25],"texture":"#7"},"north":{"uv":[0,4.75,0.5,7],"texture":"#7"},"south":{"uv":[0,4.75,0.5,7],"texture":"#7"}}},{"to":[2.97997,7.77071,8.2],"rotation":{"origin":[8.00497,7.99571,8],"angle":0,"axis":"y"},"from":[2.85497,6.87071,7.8],"faces":{"west":{"uv":[0.5,9.5,1.25,11.75],"texture":"#7"},"east":{"uv":[1.5,10.5,2.25,12.75],"texture":"#7"},"north":{"rotation":90,"uv":[0.25,7.25,2,7.75],"texture":"#7"},"south":{"rotation":270,"uv":[0.25,7.25,2,7.75],"texture":"#7"}}},{"to":[1.98415,7.923,8.1],"rotation":{"origin":[1.5756,7.36993,8],"angle":-22.5,"axis":"z"},"from":[1.84515,7.498,7.9],"faces":{"west":{"rotation":90,"uv":[15.75,15.75,16,16],"texture":"#7"},"east":{"uv":[3.5,10.5,4,12.25],"texture":"#7"},"north":{"rotation":90,"uv":[1,5.75,1.6,6.25],"texture":"#7"},"south":{"rotation":90,"uv":[1,5.75,1.6,6.25],"texture":"#7"}}},{"to":[-6.95,8.575,8.5],"from":[-7.55,5.8,7.5],"faces":{"down":{"uv":[15,13,16,16],"texture":"#2"},"east":{"rotation":270,"uv":[4,11.5,13.5,13.5],"texture":"#2"},"north":{"uv":[6.5,1.5,7.5,11],"texture":"#2"},"south":{"uv":[6,2,7,11.5],"texture":"#2"}}},{"to":[-7.55,8.575,8.5],"from":[-7.75,5.8,7.5],"faces":{"down":{"rotation":180,"uv":[9.25,8,9.5,8.25],"texture":"#7"},"west":{"rotation":180,"uv":[1,8.5,2.75,12],"texture":"#7"},"north":{"rotation":180,"uv":[0.75,9.5,1,13],"texture":"#7"},"south":{"rotation":180,"uv":[0.75,9.5,1,13],"texture":"#7"}}},{"to":[-5.8,6.725,8.5],"from":[-6.95,5.8,7.5],"faces":{"down":{"uv":[10.5,13,12.5,16],"texture":"#2"},"east":{"uv":[12.5,9.5,15,12.5],"texture":"#2"},"north":{"uv":[9,7.75,11,11.05],"texture":"#2"},"up":{"rotation":180,"uv":[4.5,8.5,6.5,10.5],"texture":"#2"},"south":{"uv":[4.5,7.8,6.5,11],"texture":"#2"}}},{"to":[-1.7495,8.95199,8.11213],"rotation":{"origin":[-2.401,8.71449,7.99963],"angle":45,"axis":"x"},"from":[-4.8495,8.20199,7.46213],"faces":{"down":{"uv":[0,15,3.5,16],"texture":"#2"},"west":{"rotation":270,"uv":[0,13.5,1,16],"texture":"#2"},"east":{"rotation":90,"uv":[0,13.5,1,16],"texture":"#2"},"north":{"uv":[0,11.5,3.5,14],"texture":"#2"}}},{"to":[-1.75,9.2625,8.2125],"from":[-4.85,8.95625,7.7875],"faces":{"west":{"uv":[0,11.5,1.5,13],"texture":"#2"},"east":{"uv":[0,11.5,1.5,13],"texture":"#2"},"up":{"uv":[2,9,5.5,10.5],"texture":"#2"}}},{"to":[-1.7495,8.95199,8.53787],"rotation":{"origin":[-2.401,8.71449,8.00037],"angle":-45,"axis":"x"},"from":[-4.8495,8.20199,7.88787],"faces":{"down":{"uv":[0,15,3.5,16],"texture":"#2"},"west":{"rotation":90,"uv":[0,13.5,1,16],"texture":"#2"},"east":{"rotation":270,"uv":[0,13.5,1,16],"texture":"#2"},"south":{"uv":[0,11.5,3.5,14],"texture":"#2"}}},{"to":[-3.25,8.575,8.5],"from":[-6.95,8,7.5],"faces":{"down":{"rotation":270,"uv":[0.5,13,7.5,16],"texture":"#2"},"north":{"uv":[1.5,1.5,8.5,3.5],"texture":"#2"},"south":{"uv":[1.5,6,8.5,8],"texture":"#2"}}},{"to":[-6.55082,8.2,8.499],"rotation":{"origin":[-6.62541,7.6875,8.001],"angle":22.5,"axis":"z"},"from":[-6.7,8.025,7.501],"faces":{"down":{"rotation":270,"uv":[0,14,0.5,16],"texture":"#2"},"north":{"uv":[2.5,3.5,3,4],"texture":"#2"},"south":{"uv":[3.5,5,4,5.5],"texture":"#2"}}},{"to":[-6.05082,8.2,7.899],"rotation":{"origin":[-6.12541,7.6875,8.001],"angle":-22.5,"axis":"z"},"from":[-6.2,8.025,7.501],"faces":{"down":{"rotation":270,"uv":[0,15,0.5,16],"texture":"#2"},"north":{"uv":[2.5,3.5,3,4],"texture":"#2"},"south":{"rotation":180,"uv":[13.5,15.5,14,16],"texture":"#2"}}},{"to":[-5.95082,8.2,7.899],"rotation":{"origin":[-6.12541,7.6875,8.001],"angle":-45,"axis":"z"},"from":[-6.3,8.025,7.501],"faces":{"down":{"rotation":270,"uv":[0,15,0.5,16],"texture":"#2"},"north":{"uv":[2.5,3.5,3,4],"texture":"#2"},"south":{"rotation":180,"uv":[13.5,15.5,14,16],"texture":"#2"}}},{"to":[-6.45082,8.2,8.499],"rotation":{"origin":[-6.62541,7.6875,8.001],"angle":45,"axis":"z"},"from":[-6.8,8.025,7.501],"faces":{"down":{"rotation":270,"uv":[1.5,14,2,16],"texture":"#2"},"north":{"uv":[2.5,3.5,3,4],"texture":"#2"},"south":{"uv":[3.5,5,4,5.5],"texture":"#2"}}},{"to":[-6.96291,7.76209,8.499],"rotation":{"origin":[-6.62541,7.6875,8.001],"angle":-22.5,"axis":"z"},"from":[-7.13791,7.61291,7.501],"faces":{"east":{"rotation":270,"uv":[6,13,6.5,15],"texture":"#2"},"north":{"uv":[2.5,3.5,3,4],"texture":"#2"},"south":{"uv":[3.5,5,4,5.5],"texture":"#2"}}},{"to":[-5.61291,7.76209,7.899],"rotation":{"origin":[-6.12541,7.6875,8.001],"angle":22.5,"axis":"z"},"from":[-5.78791,7.61291,7.501],"faces":{"west":{"rotation":270,"uv":[3,12,3.5,13],"texture":"#2"},"north":{"uv":[2.5,3.5,3,4],"texture":"#2"},"south":{"rotation":180,"uv":[13.5,15.5,14,16],"texture":"#2"}}},{"to":[-6.05082,6.725,7.899],"rotation":{"origin":[-6.12541,7.0625,8.001],"angle":22.5,"axis":"z"},"from":[-6.2,6.55,7.501],"faces":{"north":{"uv":[4,7,4.5,7.5],"texture":"#2"},"up":{"rotation":180,"uv":[5,9.5,5.5,10.5],"texture":"#2"},"south":{"rotation":180,"uv":[11,11.5,11.5,12],"texture":"#2"}}},{"to":[-5.61291,7.13709,7.899],"rotation":{"origin":[-6.12541,7.0625,8.001],"angle":-22.5,"axis":"z"},"from":[-5.78791,6.98791,7.501],"faces":{"west":{"rotation":270,"uv":[5.5,10.5,6,11.5],"texture":"#2"},"north":{"uv":[4,7,4.5,7.5],"texture":"#2"},"south":{"rotation":180,"uv":[11,11.5,11.5,12],"texture":"#2"}}},{"to":[-5.95082,6.725,7.899],"rotation":{"origin":[-6.12541,7.0625,8.001],"angle":45,"axis":"z"},"from":[-6.3,6.55,7.501],"faces":{"north":{"uv":[4,7,4.5,7.5],"texture":"#2"},"up":{"rotation":180,"uv":[6,10,7,11],"texture":"#2"},"south":{"rotation":180,"uv":[11,11.5,11.5,12],"texture":"#2"}}},{"to":[-6.55082,6.725,8.499],"rotation":{"origin":[-6.62541,7.0625,8.001],"angle":-22.5,"axis":"z"},"from":[-6.7,6.55,7.501],"faces":{"north":{"uv":[4,7,4.5,7.5],"texture":"#2"},"up":{"rotation":180,"uv":[4.5,8.5,5,10.5],"texture":"#2"},"south":{"uv":[4.5,7.5,5,8],"texture":"#2"}}},{"to":[-6.45082,6.725,8.499],"rotation":{"origin":[-6.62541,7.0625,8.001],"angle":-45,"axis":"z"},"from":[-6.8,6.55,7.501],"faces":{"north":{"uv":[4,7,4.5,7.5],"texture":"#2"},"up":{"rotation":180,"uv":[1,9,1.5,11],"texture":"#2"},"south":{"uv":[4.5,7.5,5,8],"texture":"#2"}}},{"to":[-6.96291,7.13709,8.499],"rotation":{"origin":[-6.62541,7.0625,8.001],"angle":22.5,"axis":"z"},"from":[-7.13791,6.98791,7.501],"faces":{"east":{"rotation":270,"uv":[3,10,3.5,12],"texture":"#2"},"north":{"uv":[4,7,4.5,7.5],"texture":"#2"},"south":{"uv":[4.5,7.5,5,8],"texture":"#2"}}},{"to":[-6.25,8.4,8.1],"rotation":{"origin":[-6.35,7.25,8],"angle":45,"axis":"y"},"from":[-6.45,6.7,7.9],"faces":{"west":{"uv":[4,9.75,4.5,12.5],"texture":"#7"},"east":{"uv":[2,10,2.5,12.75],"texture":"#7"},"north":{"uv":[4,9.5,4.5,12.25],"texture":"#7"},"south":{"uv":[3.25,10.25,3.75,13],"texture":"#7"}}},{"to":[-3.76291,6.48709,7.899],"rotation":{"origin":[-3.42541,6.4125,8.151],"angle":22.5,"axis":"z"},"from":[-3.93791,6.33791,7.651],"faces":{"east":{"uv":[1.5,12.5,2.5,13],"texture":"#2"},"north":{"uv":[15.5,9.5,16,10],"texture":"#2"},"south":{"rotation":180,"uv":[15.5,9,16,9.5],"texture":"#2"}}},{"to":[-3.25082,6.075,7.899],"rotation":{"origin":[-3.42541,6.4125,8.151],"angle":-45,"axis":"z"},"from":[-3.6,5.9,7.651],"faces":{"north":{"uv":[15.5,9.5,16,10],"texture":"#2"},"up":{"rotation":90,"uv":[1.5,11.5,2.5,12.5],"texture":"#2"},"south":{"rotation":180,"uv":[15.5,9,16,9.5],"texture":"#2"}}},{"to":[-3.35082,6.075,7.899],"rotation":{"origin":[-3.42541,6.4125,8.151],"angle":-22.5,"axis":"z"},"from":[-3.5,5.9,7.651],"faces":{"north":{"uv":[15.5,9.5,16,10],"texture":"#2"},"up":{"rotation":180,"uv":[5.5,10,6,11],"texture":"#2"},"south":{"rotation":180,"uv":[15.5,9,16,9.5],"texture":"#2"}}},{"to":[-1.02603,6.17463,8.349],"rotation":{"origin":[-0.92541,6.4125,8.151],"angle":22.5,"axis":"z"},"from":[-1.17521,5.99963,7.651],"faces":{"north":{"rotation":90,"uv":[2.5,7.5,3,8],"texture":"#2"},"up":{"rotation":180,"uv":[14,9.5,14.5,12],"texture":"#2"},"south":{"rotation":90,"uv":[2.5,7.5,3,8],"texture":"#2"}}},{"to":[-0.87456,6.2341,8.349],"rotation":{"origin":[-0.92541,6.4125,8.151],"angle":45,"axis":"z"},"from":[-1.22374,6.0591,7.651],"faces":{"north":{"rotation":90,"uv":[2.5,7.5,3,8],"texture":"#2"},"up":{"rotation":180,"uv":[5,10,5.5,12.5],"texture":"#2"},"south":{"rotation":90,"uv":[2.5,7.5,3,8],"texture":"#2"}}},{"to":[-1.23593,5.92087,8.349],"rotation":{"origin":[-1.12574,5.4849,8.151],"angle":-22.5,"axis":"z"},"from":[-1.38511,5.74587,7.651],"faces":{"down":{"uv":[12,13.5,12.5,15],"texture":"#2"},"north":{"rotation":90,"uv":[6.5,8.5,7,9],"texture":"#2"},"south":{"rotation":90,"uv":[6.5,8.5,7,9],"texture":"#2"}}},{"to":[-1.21757,5.95598,8.349],"rotation":{"origin":[-1.12574,5.4849,8.151],"angle":-45,"axis":"z"},"from":[-1.44175,5.68098,7.651],"faces":{"down":{"uv":[12,13.5,12.5,15],"texture":"#2"},"north":{"rotation":90,"uv":[6.5,8.5,7,9],"texture":"#2"},"south":{"rotation":90,"uv":[6.5,8.5,7,9],"texture":"#2"}}},{"to":[-3.76291,7.76209,7.899],"rotation":{"origin":[-3.42541,7.6875,8.001],"angle":-22.5,"axis":"z"},"from":[-3.93791,7.61291,7.501],"faces":{"east":{"uv":[1.5,9,2.5,9.5],"texture":"#2"},"north":{"uv":[2.5,3.5,3,4],"texture":"#2"},"south":{"rotation":180,"uv":[13.5,15.5,14,16],"texture":"#2"}}},{"to":[-3.25082,8.2,7.899],"rotation":{"origin":[-3.42541,7.6875,8.001],"angle":45,"axis":"z"},"from":[-3.6,8.025,7.501],"faces":{"down":{"rotation":270,"uv":[2.5,10,3.5,11],"texture":"#2"},"north":{"uv":[2.5,3.5,3,4],"texture":"#2"},"south":{"rotation":180,"uv":[13.5,15.5,14,16],"texture":"#2"}}},{"to":[-3.35082,8.2,7.899],"rotation":{"origin":[-3.42541,7.6875,8.001],"angle":22.5,"axis":"z"},"from":[-3.5,8.025,7.501],"faces":{"down":{"rotation":270,"uv":[13,11.5,14,12],"texture":"#2"},"north":{"uv":[2.5,3.5,3,4],"texture":"#2"},"south":{"rotation":180,"uv":[13.5,15.5,14,16],"texture":"#2"}}},{"to":[8.3,8.99886,8.71398],"rotation":{"origin":[3.4,8.10086,8.00098],"angle":-22.5,"axis":"x"},"from":[7.4,8.64886,8.51398],"faces":{"down":{"uv":[9,8,9.25,8.25],"texture":"#7"},"west":{"uv":[6.5,11.5,6.75,12.75],"texture":"#7"},"south":{"uv":[0,4.75,1,6],"texture":"#7"}}},{"to":[7.95,8.48,8.45],"from":[7.3,8.33,7.95],"faces":{"down":{"uv":[15.75,15.75,16,16],"texture":"#7"},"up":{"uv":[2.5,7.5,7.75,8],"texture":"#7"},"south":{"uv":[8.5,8,9.25,8.5],"texture":"#7"}}},{"to":[8.35,8.38,8.35],"rotation":{"origin":[8,7.8,7.9],"angle":0,"axis":"y"},"from":[7.3,8.03,7.65],"faces":{"north":{"uv":[3,8,4,9],"texture":"#7"},"south":{"uv":[3,8,4,9],"texture":"#7"}}},{"to":[8.25,8.03,8.45],"rotation":{"origin":[8,7.5,7.8],"angle":0,"axis":"y"},"from":[7.3,7.78,7.55],"faces":{"down":{"rotation":180,"uv":[7,8,7.25,8.25],"texture":"#7"},"north":{"rotation":180,"uv":[3,8,4,8.75],"texture":"#7"},"up":{"uv":[1.25,11.75,2.25,12.75],"texture":"#7"},"south":{"rotation":180,"uv":[3,8,4,8.75],"texture":"#7"}}},{"to":[-3.05,8.825,8.525],"from":[-3.55,7.925,7.475],"faces":{"down":{"uv":[15.75,15.75,16,16],"texture":"#7"},"west":{"uv":[3.75,7.75,4.5,9],"texture":"#7"},"east":{"uv":[3.75,7.75,4.5,9],"texture":"#7"},"north":{"uv":[3.75,7.75,4.5,9],"texture":"#7"},"south":{"uv":[3.75,7.75,4.5,9],"texture":"#7"}}},{"to":[8.65,9.2825,8.86329],"rotation":{"origin":[1.55,8.1505,8.09629],"angle":-45,"axis":"x"},"from":[8.25,8.8825,8.41329],"faces":{"west":{"rotation":270,"uv":[7.25,10.5,7.5,10.75],"texture":"#7"},"east":{"rotation":270,"uv":[7.25,10.5,7.5,10.75],"texture":"#7"},"up":{"rotation":270,"uv":[0,11.5,0.75,12.5],"texture":"#7"}}},{"to":[8.65,9.28462,7.58759],"rotation":{"origin":[1.55,8.15262,7.90159],"angle":45,"axis":"x"},"from":[8.25,8.88462,7.13759],"faces":{"west":{"rotation":270,"uv":[7.25,10.5,7.5,10.75],"texture":"#7"},"east":{"rotation":270,"uv":[7.25,10.5,7.5,10.75],"texture":"#7"},"up":{"rotation":270,"uv":[0,11.5,0.75,12.5],"texture":"#7"}}},{"to":[16.8,8.275,8.07145],"rotation":{"origin":[16.95,8.525,8],"angle":-45,"axis":"x"},"from":[16.65,8.225,7.92145],"faces":{"down":{"rotation":180,"uv":[14.5,8,16,9.5],"texture":"#0"},"west":{"rotation":90,"uv":[8.75,9.5,9.25,10.25],"texture":"#7"},"east":{"rotation":90,"uv":[10,11.5,10.5,12.25],"texture":"#7"},"north":{"rotation":90,"uv":[9.5,8,9.75,8.25],"texture":"#7"},"south":{"rotation":270,"uv":[9.25,12.25,9.75,13],"texture":"#7"}}},{"to":[7.95,8.88,8.05],"from":[7.3,8.33,7.55],"faces":{"down":{"uv":[15.75,15.75,16,16],"texture":"#7"},"north":{"uv":[1.75,7.5,2.5,9.25],"texture":"#7"}}},{"to":[8.04497,8.7245,8.57074],"rotation":{"origin":[7.84497,8.65,8.69574],"angle":45,"axis":"y"},"from":[7.79497,8.5005,7.72074],"faces":{"down":{"uv":[1,9.25,1.25,9.5],"texture":"#5"},"west":{"uv":[5,5.25,6.25,6],"texture":"#5"},"up":{"rotation":270,"uv":[7.25,4,8.5,4.5],"texture":"#5"}}},{"to":[16.35,9.5,8.09946],"from":[8.65,8.1,7.90054],"faces":{"down":{"uv":[1,15,15.5,16],"texture":"#2"},"up":{"rotation":180,"uv":[16,0,0,1],"texture":"#2"}}},{"to":[16.35,9.5,8.09946],"rotation":{"origin":[9.525,9,8],"angle":22.5,"axis":"x"},"from":[8.65,9.3,7.90054],"faces":{"west":{"uv":[5,9.5,5.5,10],"texture":"#2"},"up":{"uv":[0,0,16,1],"texture":"#2"}}},{"to":[16.35,9.5,8.09946],"rotation":{"origin":[9.525,9,8],"angle":45,"axis":"x"},"from":[8.65,9.3,7.90054],"faces":{"west":{"uv":[5,9.5,5.5,10],"texture":"#2"},"up":{"uv":[0,1,16,2],"texture":"#2"}}},{"to":[16.35,9.09946,8.5],"rotation":{"origin":[9.525,9,8],"angle":-22.5,"axis":"x"},"from":[8.65,8.90054,8.3],"faces":{"down":{"uv":[0,15,4,16],"texture":"#2"},"west":{"uv":[5,9.5,5.5,10],"texture":"#2"},"south":{"uv":[0,1.5,16,2.5],"texture":"#2"}}},{"to":[9.6,9.1,8.5],"from":[8.65,7.7,7.5],"faces":{"down":{"uv":[1,13,4,16],"texture":"#2"},"west":{"uv":[4,9,6,14],"texture":"#2"},"north":{"uv":[12.5,6.5,14.5,11.5],"texture":"#2"},"south":{"uv":[12.5,6.5,14.5,11.5],"texture":"#2"}}},{"to":[16.35,8.69946,8.5],"rotation":{"origin":[10.475,8.6,8],"angle":22.5,"axis":"x"},"from":[9.6,8.50054,8.3],"faces":{"up":{"rotation":180,"uv":[0,8.5,4,9.5],"texture":"#2"},"south":{"uv":[1.5,8.5,16,9.5],"texture":"#2"}}},{"to":[16.35,8.69946,8.5],"rotation":{"origin":[10.475,8.6,8],"angle":45,"axis":"x"},"from":[9.6,8.50054,8.3],"faces":{"south":{"uv":[0,11,14.5,12],"texture":"#2"}}},{"to":[16.35,8.3,8.09946],"rotation":{"origin":[10.475,8.6,8],"angle":-22.5,"axis":"x"},"from":[9.6,8.1,7.90054],"faces":{"down":{"uv":[1,12.5,15.5,13.5],"texture":"#2"}}},{"to":[16.35,8.8,8.5],"from":[9.6,8.65,7.5],"faces":{"down":{"uv":[0,13,4,16],"texture":"#2"},"north":{"uv":[1.5,7,16,7.5],"texture":"#2"},"up":{"uv":[0,7.5,4,10.5],"texture":"#2"},"south":{"uv":[1.5,7,16,7.5],"texture":"#2"}}},{"to":[16.35,9.1,8.5],"from":[9.6,8.95,7.5],"faces":{"down":{"uv":[0,13,4,16],"texture":"#2"},"north":{"uv":[1.5,5.5,16,6],"texture":"#2"},"up":{"uv":[0,7.5,4,10.5],"texture":"#2"},"south":{"uv":[0,3,14.5,3.5],"texture":"#2"}}},{"to":[10.55,8.45,8.499],"rotation":{"origin":[9.6,7.7,8.001],"angle":22.5,"axis":"z"},"from":[9.6,7.7,7.501],"faces":{"down":{"uv":[13,13,16,16],"texture":"#2"},"north":{"uv":[7.75,7,11,13.1],"texture":"#3"},"south":{"uv":[11,7,7.75,13.1],"texture":"#3"}}},{"to":[11.75,8.2,8.499],"rotation":{"origin":[9.6,7.7,8.001],"angle":22.5,"axis":"z"},"from":[10.55,7.7,7.501],"faces":{"down":{"uv":[0,13,3.5,16],"texture":"#2"},"north":{"uv":[11.5,3,15,6.5],"texture":"#3"},"south":{"uv":[15,3,11.5,6.5],"texture":"#3"}}},{"to":[16.35,9.09946,7.7],"rotation":{"origin":[9.525,9,8],"angle":22.5,"axis":"x"},"from":[8.65,8.90054,7.5],"faces":{"down":{"uv":[0,15,4,16],"texture":"#2"},"west":{"uv":[5,9.5,5.5,10],"texture":"#2"},"north":{"uv":[0,1.5,16,2.5],"texture":"#2"}}},{"to":[16.35,9.5,8.09946],"rotation":{"origin":[9.525,9,8],"angle":-45,"axis":"x"},"from":[8.65,9.3,7.90054],"faces":{"west":{"uv":[5,9.5,5.5,10],"texture":"#2"},"up":{"rotation":180,"uv":[0,1,16,2],"texture":"#2"}}},{"to":[16.35,9.5,8.09946],"rotation":{"origin":[9.525,9,8],"angle":-22.5,"axis":"x"},"from":[8.65,9.3,7.90054],"faces":{"west":{"uv":[5,9.5,5.5,10],"texture":"#2"},"up":{"rotation":180,"uv":[16,0.5,0,1.5],"texture":"#2"}}},{"to":[16.35,8.3,8.09946],"rotation":{"origin":[10.475,8.6,8],"angle":22.5,"axis":"x"},"from":[9.6,8.1,7.90054],"faces":{"down":{"rotation":180,"uv":[1,12.5,15.5,13.5],"texture":"#2"}}},{"to":[16.35,8.69946,7.7],"rotation":{"origin":[10.475,8.6,8],"angle":-45,"axis":"x"},"from":[9.6,8.50054,7.5],"faces":{"north":{"uv":[0,11,14.5,12],"texture":"#2"}}},{"to":[16.35,8.69946,7.7],"rotation":{"origin":[10.475,8.6,8],"angle":-22.5,"axis":"x"},"from":[9.6,8.50054,7.5],"faces":{"north":{"uv":[1.5,8.5,16,9.5],"texture":"#2"},"up":{"uv":[0,8.5,4,9.5],"texture":"#2"}}},{"to":[16.5995,9.5,8.09946],"rotation":{"origin":[15.875,9,8],"angle":22.5,"axis":"x"},"from":[16.35,9.2,7.90054],"faces":{"east":{"uv":[1,7.5,1.25,7.89],"texture":"#5"},"up":{"rotation":270,"uv":[5.25,2.25,5.75,3.25],"texture":"#7"}}},{"to":[16.6,9.5,8.09946],"rotation":{"origin":[15.875,9,8],"angle":45,"axis":"x"},"from":[16.35,9.1,7.90054],"faces":{"east":{"uv":[1,7.5,1.25,8],"texture":"#5"},"up":{"rotation":270,"uv":[15.5,6.5,16,7.5],"texture":"#7"}}},{"to":[16.5995,9.09946,8.5],"rotation":{"origin":[15.875,9,8],"angle":-22.5,"axis":"x"},"from":[16.35,8.90054,8.175],"faces":{"east":{"rotation":270,"uv":[3.25,7.5,3.5,7.95],"texture":"#5"},"south":{"rotation":270,"uv":[9.5,6.5,10,7.5],"texture":"#7"}}},{"to":[16.5995,8.69946,8.5],"rotation":{"origin":[16.825,8.6,8],"angle":22.5,"axis":"x"},"from":[16.35,8.50054,8.2],"faces":{"east":{"rotation":270,"uv":[0.75,7.5,1.25,7.95],"texture":"#5"},"south":{"rotation":270,"uv":[0,6.25,0.5,7.25],"texture":"#7"}}},{"to":[16.6,8.69946,8.5],"rotation":{"origin":[16.825,8.6,8],"angle":45,"axis":"x"},"from":[16.35,8.50054,8.1],"faces":{"east":{"rotation":90,"uv":[3.75,11.25,4,11.75],"texture":"#5"},"south":{"rotation":270,"uv":[0.5,6,0,7],"texture":"#7"}}},{"to":[16.5995,8.4,8.09946],"rotation":{"origin":[16.825,8.6,8],"angle":-22.5,"axis":"x"},"from":[16.35,8.1,7.90054],"faces":{"down":{"rotation":270,"uv":[0.5,5.75,0,6.75],"texture":"#7"},"east":{"uv":[1,11.25,1.25,11.75],"texture":"#5"}}},{"to":[16.5995,8.4,8.09946],"rotation":{"origin":[16.825,8.6,8],"angle":22.5,"axis":"x"},"from":[16.35,8.1,7.90054],"faces":{"down":{"rotation":270,"uv":[0.5,5.75,0,6.75],"texture":"#7"},"east":{"uv":[0.75,11,1,11.5],"texture":"#5"}}},{"to":[16.5995,8.69946,7.8],"rotation":{"origin":[16.825,8.6,8],"angle":-22.5,"axis":"x"},"from":[16.35,8.50054,7.5],"faces":{"east":{"rotation":270,"uv":[1,8.3,1.25,8.8],"texture":"#5"},"north":{"rotation":90,"uv":[0,6.25,0.5,7.25],"texture":"#7"}}},{"to":[16.6,8.69946,7.9],"rotation":{"origin":[16.825,8.6,8],"angle":-45,"axis":"x"},"from":[16.35,8.50054,7.5],"faces":{"east":{"rotation":270,"uv":[1,8.25,1.25,8.75],"texture":"#5"},"north":{"rotation":90,"uv":[0,6,0.5,7],"texture":"#7"}}},{"to":[16.6,9.1,8.5],"from":[16.35,8.5,7.5],"faces":{"east":{"rotation":270,"uv":[0.75,7.5,1.75,8.75],"texture":"#5"},"north":{"rotation":90,"uv":[3.25,6.5,2,7.5],"texture":"#7"},"south":{"rotation":270,"uv":[3.25,6.5,2,7.5],"texture":"#7"}}},{"to":[16.5995,9.09946,7.8],"rotation":{"origin":[15.875,9,8],"angle":22.5,"axis":"x"},"from":[16.35,8.90054,7.5],"faces":{"east":{"rotation":270,"uv":[0.75,8.3,1,8.8],"texture":"#5"},"north":{"rotation":90,"uv":[11.5,6.5,12,7.5],"texture":"#7"}}},{"to":[16.5997,9.5,8.09946],"rotation":{"origin":[15.875,9,8],"angle":-45,"axis":"x"},"from":[16.35,9.1,7.90054],"faces":{"east":{"rotation":180,"uv":[15.25,8.25,15.5,8.75],"texture":"#5"},"up":{"rotation":270,"uv":[15.5,6.5,16,7.5],"texture":"#7"}}},{"to":[16.5995,9.5,8.09946],"rotation":{"origin":[15.875,9,8],"angle":-22.5,"axis":"x"},"from":[16.35,9.2,7.90054],"faces":{"east":{"rotation":180,"uv":[15.75,8.25,16,8.75],"texture":"#5"},"up":{"rotation":270,"uv":[5.25,2.25,5.75,3.25],"texture":"#7"}}},{"to":[16.6,9.5,8.09946],"from":[16.35,8.1,7.90054],"faces":{"down":{"rotation":270,"uv":[0.5,5.75,0,6.75],"texture":"#7"},"east":{"uv":[0.75,7.5,1,8.75],"texture":"#5"},"up":{"rotation":270,"uv":[1.25,2.25,1.75,3.25],"texture":"#7"}}},{"to":[17.5,9.3,8.06213],"rotation":{"origin":[12.775,9.15,8],"angle":45,"axis":"x"},"from":[11.5,9,7.93787],"faces":{"down":{"uv":[2.75,8.25,3.75,8.75],"texture":"#7"},"up":{"uv":[4.25,2,5.25,2.5],"texture":"#7"}}},{"to":[17.5,9.3,8.06213],"rotation":{"origin":[12.775,9.15,8],"angle":-45,"axis":"x"},"from":[11.5,9,7.93787],"faces":{"down":{"rotation":180,"uv":[2.75,8.25,3.75,8.75],"texture":"#7"},"up":{"rotation":180,"uv":[4.25,2,5.25,2.5],"texture":"#7"}}},{"to":[17.5,9.21213,8.15],"from":[11.5,9.08787,7.85],"faces":{"north":{"rotation":180,"uv":[2.5,11.5,3.5,12],"texture":"#7"},"south":{"rotation":180,"uv":[2.5,11.5,3.5,12],"texture":"#7"}}},{"to":[16.81,9.2025,8.149],"from":[16.735,8.9025,7.851],"faces":{"west":{"rotation":180,"uv":[1.25,9.5,2.75,10.063],"texture":"#7"},"east":{"rotation":180,"uv":[5.25,7,6.75,7.563],"texture":"#7"},"north":{"rotation":270,"uv":[5,1.75,6.5,2.25],"texture":"#7"},"south":{"rotation":90,"uv":[5,1.75,6.5,2.25],"texture":"#7"}}},{"to":[18.7,9.35,8.08284],"rotation":{"origin":[18.325,9.15,8],"angle":-45,"axis":"x"},"from":[17.35,8.95,7.91716],"faces":{"down":{"rotation":180,"uv":[2.75,8.25,6.75,8.75],"texture":"#7"},"west":{"uv":[7.75,10,8,10.25],"texture":"#7"},"east":{"rotation":90,"uv":[7.75,11.5,8,11.75],"texture":"#7"},"up":{"rotation":180,"uv":[4.25,4.75,8.25,5.25],"texture":"#7"}}},{"to":[18.7,9.35,8.08284],"rotation":{"origin":[18.325,9.15,8],"angle":45,"axis":"x"},"from":[17.35,8.95,7.91716],"faces":{"down":{"uv":[2.75,8.25,6.75,8.75],"texture":"#7"},"west":{"uv":[7.75,10,8,10.25],"texture":"#7"},"east":{"rotation":90,"uv":[7.75,11.5,8,11.75],"texture":"#7"},"up":{"uv":[4,4.5,8,5],"texture":"#7"}}},{"to":[18.7,9.23284,8.2],"from":[17.35,9.06716,7.8],"faces":{"west":{"uv":[7.75,10,8,10.25],"texture":"#7"},"east":{"rotation":90,"uv":[7.75,11.5,8,11.75],"texture":"#7"},"north":{"rotation":180,"uv":[2.25,11.25,6.25,11.75],"texture":"#7"},"south":{"rotation":180,"uv":[2.5,11.5,6.5,12],"texture":"#7"}}},{"to":[18.8,9.35,8.08284],"from":[17.35,8.95,7.91716],"faces":{"down":{"uv":[15.75,15.75,16,16],"texture":"#7"},"west":{"uv":[7.75,10,8,10.25],"texture":"#7"},"north":{"rotation":90,"uv":[7.5,12.25,7.75,12.5],"texture":"#7"},"up":{"rotation":180,"uv":[6.75,3.25,11,3.75],"texture":"#7"},"south":{"rotation":90,"uv":[7.5,12.25,7.75,12.5],"texture":"#7"}}},{"to":[17.45,9.28284,8.25],"from":[17.325,9.11716,8],"faces":{"down":{"uv":[11.5,15.5,12,16],"texture":"#0"},"west":{"uv":[11,14.5,12,16],"texture":"#0"},"east":{"uv":[12,14,13,15.5],"texture":"#0"},"up":{"rotation":180,"uv":[11.5,13.5,12.5,15],"texture":"#0"},"south":{"uv":[9.5,14.5,10.5,16],"texture":"#0"}}},{"to":[18.1,9.28284,8.25],"from":[17.975,9.11716,8],"faces":{"down":{"uv":[11.5,15.5,12,16],"texture":"#0"},"west":{"uv":[11,14.5,12,16],"texture":"#0"},"east":{"uv":[13,13.5,14,15],"texture":"#0"},"up":{"rotation":180,"uv":[11.5,13.5,12.5,15],"texture":"#0"},"south":{"uv":[10.5,14.5,11.5,16],"texture":"#0"}}},{"to":[18.8,9.29216,8.175],"rotation":{"origin":[8,8,8.025],"angle":0,"axis":"y"},"from":[18.7,9.19216,7.825],"faces":{"north":{"rotation":90,"uv":[14,12,15,13],"texture":"#0"},"west":{"uv":[10.5,14.5,11.5,15.5],"texture":"#0"},"up":{"rotation":90,"uv":[11.5,13.5,12.5,14.5],"texture":"#0"},"down":{"rotation":180,"uv":[12,15,13,16],"texture":"#0"},"east":{"uv":[10.5,14.5,11.5,15.5],"texture":"#0"},"south":{"rotation":90,"uv":[14,13.5,15,14.5],"texture":"#0"}}},{"to":[25.6,8.775,8.10355],"from":[25.4,8.275,7.89645],"faces":{"down":{"uv":[10,8,10.5,8.25],"texture":"#7"},"west":{"uv":[11.25,7.5,12,8],"texture":"#7"},"east":{"uv":[11,7.25,11.75,7.75],"texture":"#7"},"up":{"rotation":180,"uv":[3,4.25,3.5,4.75],"texture":"#5"}}},{"to":[25.6,8.775,8.10355],"rotation":{"origin":[26.05,8.525,8],"angle":-45,"axis":"x"},"from":[25.4,8.275,7.89645],"faces":{"down":{"rotation":180,"uv":[2.75,8.25,3.25,8.75],"texture":"#7"},"west":{"uv":[11.25,7.5,12,8],"texture":"#7"},"east":{"uv":[11,7.25,11.75,7.75],"texture":"#7"},"up":{"rotation":180,"uv":[6,4.75,6.5,5.25],"texture":"#7"}}},{"to":[25.6,8.62855,8.25],"from":[25.4,8.42145,7.75],"faces":{"west":{"uv":[11.25,7.5,12,8],"texture":"#7"},"east":{"uv":[11,7.25,11.75,7.75],"texture":"#7"},"north":{"uv":[0,5,0.5,5.5],"texture":"#7"},"south":{"uv":[0,5,0.5,5.5],"texture":"#7"}}},{"to":[25.6,8.775,8.10355],"rotation":{"origin":[26.05,8.525,8],"angle":45,"axis":"x"},"from":[25.4,8.275,7.89645],"faces":{"down":{"uv":[2.75,8.25,3.25,8.75],"texture":"#7"},"west":{"uv":[11.25,7.5,12,8],"texture":"#7"},"east":{"uv":[11,7.25,11.75,7.75],"texture":"#7"},"up":{"uv":[4.25,4.5,4.75,5],"texture":"#7"}}},{"to":[16.35,8.95,8.5],"from":[15.8,8.8,7.5],"faces":{"west":{"rotation":180,"uv":[0,11.5,4,12.5],"texture":"#2"},"north":{"uv":[4.5,7,5.5,7.5],"texture":"#2"},"south":{"uv":[13.5,6.5,14.5,7],"texture":"#2"}}},{"to":[13.7,8.95,8.5],"from":[13,8.8,7.5],"faces":{"west":{"rotation":180,"uv":[0,11.5,4,12.5],"texture":"#2"},"east":{"rotation":180,"uv":[0,11.5,4,12.5],"texture":"#2"},"north":{"uv":[11,6,12.5,6.5],"texture":"#2"},"south":{"uv":[12,7,13.5,7.5],"texture":"#2"}}},{"to":[16.35,8.65,8.5],"from":[15.1,8.5,7.5],"faces":{"west":{"rotation":180,"uv":[0,11.5,4,12.5],"texture":"#2"},"north":{"rotation":180,"uv":[4.5,8,7.5,8.5],"texture":"#2"},"south":{"rotation":180,"uv":[4.5,8,7.5,8.5],"texture":"#2"}}},{"to":[12.3,8.95,8.5],"from":[9.6,8.8,7.5],"faces":{"east":{"rotation":180,"uv":[0,11.5,4,12.5],"texture":"#2"},"north":{"uv":[1,6.5,6.5,7],"texture":"#2"},"south":{"uv":[1,6.5,6.5,7],"texture":"#2"}}},{"to":[15.1,8.95,8.5],"from":[14.4,8.8,7.5],"faces":{"west":{"rotation":180,"uv":[0,11.5,4,12.5],"texture":"#2"},"east":{"rotation":180,"uv":[0,11.5,4,12.5],"texture":"#2"},"north":{"uv":[10,7,11.5,7.5],"texture":"#2"},"south":{"uv":[13,7,14.5,7.5],"texture":"#2"}}},{"to":[14.4,8.65,8.5],"from":[13.7,8.5,7.5],"faces":{"west":{"rotation":180,"uv":[0,11.5,4,12.5],"texture":"#2"},"east":{"rotation":180,"uv":[0,11.5,4,12.5],"texture":"#2"},"north":{"rotation":180,"uv":[4.5,8,6,8.5],"texture":"#2"},"south":{"rotation":180,"uv":[4.5,8,6,8.5],"texture":"#2"}}},{"to":[13,8.65,8.5],"from":[12.3,8.5,7.5],"faces":{"west":{"rotation":180,"uv":[0,11.5,4,12.5],"texture":"#2"},"east":{"rotation":180,"uv":[0,11.5,4,12.5],"texture":"#2"},"north":{"rotation":180,"uv":[8.5,8,10,8.5],"texture":"#2"},"south":{"rotation":180,"uv":[4.5,8,6,8.5],"texture":"#2"}}},{"to":[7.2,7.6,8.351],"rotation":{"origin":[8,8,7.95],"angle":0,"axis":"y"},"from":[4.7,6.8,7.649],"faces":{"west":{"uv":[0,0,3,5.25],"texture":"#1"},"east":{"uv":[0,10.25,1.25,12],"texture":"#7"},"north":{"uv":[16,1,3,6.25],"texture":"#1"},"south":{"uv":[3,1,16,6.25],"texture":"#1"}}},{"to":[6.982,6.73078,8.35],"rotation":{"origin":[4.512,6.83578,7.475],"angle":22.5,"axis":"z"},"from":[4.672,4.69328,7.65],"faces":{"west":{"uv":[0,4.5,3,14.5],"texture":"#1"},"east":{"uv":[0.25,10.25,1.5,13.5],"texture":"#7"},"north":{"uv":[16,4.5,3,14.5],"texture":"#1"},"south":{"uv":[3,4.5,16,14.5],"texture":"#1"}}},{"to":[7.032,4.89328,8.3875],"rotation":{"origin":[4.512,6.83578,7.4375],"angle":22.5,"axis":"z"},"from":[4.622,4.29328,7.6125],"faces":{"north":{"uv":[3,12.5,16,16],"texture":"#1"},"west":{"uv":[0,12.5,3,16],"texture":"#1"},"up":{"uv":[3,15.5,16,16],"texture":"#1"},"down":{"rotation":90,"uv":[0.5,0,2.5,4],"texture":"#1"},"east":{"uv":[13,12.5,16,16],"texture":"#1"},"south":{"uv":[3,12.5,16,16],"texture":"#1"}}}],"display":{"thirdperson_righthand":{"rotation":[0,90,0],"scale":[0.9,0.9,0.9],"translation":[-0.75,0.5,-4]},"head":{"scale":[1.8,1.8,1.8]},"thirdperson_lefthand":{"rotation":[0,-90,-170],"scale":[0.9,0.9,0.9],"translation":[-2,-4.5,9]},"gui":{"rotation":[0,0,45],"scale":[0.9,0.9,0.9]},"firstperson_lefthand":{"translation":[2,3.75,-0.5],"scale":[0,0,0]},"firstperson_righthand":{"rotation":[0,90,0],"scale":[1.8,1.8,1.8],"translation":[-8.960149253731343,5.215149253731343,-5.5]},"fixed":{"translation":[0,0.5,-2.25],"scale":[-1.8,1.8,-1.8]},"ground":{"translation":[0,-0.5,0],"scale":[0.9,0.9,0.9]}},"credit":"thebradqq's guns"}