{
	"credit": "Made with Blockbench",
	"parent": "minecraft:item/handheld",
	"textures": {
		"1": "item/blood_sword",
		"layer0": "item/katana",
		"particle": "item/blood_sword"
	},
	"display": {
		"thirdperson_righthand": {
			"rotation": [-49, -90, 180],
			"translation": [0, 7.75, 2]
		},
		"thirdperson_lefthand": {
			"rotation": [65, -180, -1],
			"translation": [-6, -7.25, 7.25]
		},
		"firstperson_righthand": {
			"rotation": [174, -90, 65],
			"translation": [2.5, 4.25, -5.25]
		},
		"firstperson_lefthand": {
			"rotation": [-174, 90, -65],
			"translation": [2.5, 4.25, -5.25]
		},
		"gui": {
			"rotation": [0, 180, 180]
		},
		"fixed": {
			"rotation": [0, 0, 180]
		}
	}
}