{
	"credit": "Made with Blockbench",
	"parent": "minecraft:item/handheld",
	"textures": {
		"layer0": "item/long_sword"
	},
	"display": {
		"thirdperson_righthand": {
			"rotation": [140, -90, 0],
			"translation": [0, 4.5, 2]
		},
		"thirdperson_lefthand": {
			"rotation": [65, -180, 4],
			"translation": [-6, -7.25, 7.25]
		},
		"firstperson_righthand": {
			"rotation": [0, -90, -116],
			"translation": [2.5, 2, -5.25]
		},
		"firstperson_lefthand": {
			"rotation": [0, 90, 116],
			"translation": [2.5, 2, -5.25]
		},
		"gui": {
			"rotation": [0, 180, 180]
		}
	}
}