{
	"credit": "Made with Blockbench",
	"texture_size": [32, 32],
	"textures": {
		"1": "item/custom_item/slash_disc/texture",
		"particle": "item/custom_item/slash_disc/texture"
	},
	"elements": [
		{
			"from": [10, 6, 6],
			"to": [11, 8, 10],
			"rotation": {"angle": 0, "axis": "z", "origin": [8, 8, 8]},
			"faces": {
				"north": {"uv": [12, 4, 12.5, 5], "texture": "#1"},
				"east": {"uv": [7.5, 6.5, 9.5, 7.5], "texture": "#1"},
				"south": {"uv": [5, 12, 5.5, 13], "texture": "#1"},
				"west": {"uv": [7.5, 7.5, 9.5, 8.5], "texture": "#1"},
				"up": {"uv": [5.5, 12, 5, 10], "texture": "#1"},
				"down": {"uv": [6, 10, 5.5, 12], "texture": "#1"}
			}
		},
		{
			"from": [6, 6.5, 6],
			"to": [10, 7.5, 10],
			"rotation": {"angle": 0, "axis": "z", "origin": [8, 8, 8]},
			"faces": {
				"north": {"uv": [5.5, 9, 7.5, 9.5], "texture": "#1"},
				"east": {"uv": [10, 1, 12, 1.5], "texture": "#1"},
				"south": {"uv": [10, 1.5, 12, 2], "texture": "#1"},
				"west": {"uv": [6, 10, 8, 10.5], "texture": "#1"},
				"up": {"uv": [2, 2, 0, 0], "texture": "#1"},
				"down": {"uv": [2, 2, 0, 4], "texture": "#1"}
			}
		},
		{
			"from": [6, 6, 5],
			"to": [10, 8, 6],
			"rotation": {"angle": 0, "axis": "y", "origin": [8, 8, 8]},
			"faces": {
				"north": {"uv": [8, 0, 10, 1], "texture": "#1"},
				"east": {"uv": [12, 5, 12.5, 6], "texture": "#1"},
				"south": {"uv": [8, 1, 10, 2], "texture": "#1"},
				"west": {"uv": [5.5, 12, 6, 13], "texture": "#1"},
				"up": {"uv": [10, 10.5, 8, 10], "texture": "#1"},
				"down": {"uv": [12, 10, 10, 10.5], "texture": "#1"}
			}
		},
		{
			"from": [6.5, 5.5, 6.5],
			"to": [9.5, 8.5, 9.5],
			"rotation": {"angle": 0, "axis": "y", "origin": [8, 8, 8]},
			"faces": {
				"north": {"uv": [3, 6, 4.5, 7.5], "texture": "#1"},
				"east": {"uv": [4.5, 6, 6, 7.5], "texture": "#1"},
				"south": {"uv": [6, 4.5, 7.5, 6], "texture": "#1"},
				"west": {"uv": [6, 6, 7.5, 7.5], "texture": "#1"},
				"up": {"uv": [8.5, 3.5, 7, 2], "texture": "#1"},
				"down": {"uv": [4.5, 7.5, 3, 9], "texture": "#1"}
			}
		},
		{
			"from": [6, 6, 10],
			"to": [10, 8, 11],
			"rotation": {"angle": 0, "axis": "y", "origin": [8, 8, 8]},
			"faces": {
				"north": {"uv": [0, 8.5, 2, 9.5], "texture": "#1"},
				"east": {"uv": [12, 6, 12.5, 7], "texture": "#1"},
				"south": {"uv": [8.5, 2, 10.5, 3], "texture": "#1"},
				"west": {"uv": [12, 7, 12.5, 8], "texture": "#1"},
				"up": {"uv": [3, 11, 1, 10.5], "texture": "#1"},
				"down": {"uv": [12.5, 2, 10.5, 2.5], "texture": "#1"}
			}
		},
		{
			"from": [5, 6, 6],
			"to": [6, 8, 10],
			"rotation": {"angle": 0, "axis": "z", "origin": [8, 8, 8]},
			"faces": {
				"north": {"uv": [10, 12, 10.5, 13], "texture": "#1"},
				"east": {"uv": [7.5, 8.5, 9.5, 9.5], "texture": "#1"},
				"south": {"uv": [12, 10, 12.5, 11], "texture": "#1"},
				"west": {"uv": [2, 9, 4, 10], "texture": "#1"},
				"up": {"uv": [3.5, 12.5, 3, 10.5], "texture": "#1"},
				"down": {"uv": [4, 10.5, 3.5, 12.5], "texture": "#1"}
			}
		},
		{
			"from": [4, 6, 12],
			"to": [5, 8, 14],
			"rotation": {"angle": 0, "axis": "y", "origin": [8, 8, 8]},
			"faces": {
				"north": {"uv": [10.5, 12, 11, 13], "texture": "#1"},
				"east": {"uv": [0, 7.5, 1, 8.5], "texture": "#1"},
				"south": {"uv": [11, 12, 11.5, 13], "texture": "#1"},
				"west": {"uv": [10.5, 2.5, 11.5, 3.5], "texture": "#1"},
				"up": {"uv": [12.5, 12, 12, 11], "texture": "#1"},
				"down": {"uv": [12.5, 12, 12, 13], "texture": "#1"}
			}
		},
		{
			"from": [3, 6, 11],
			"to": [4, 8, 14],
			"rotation": {"angle": 0, "axis": "y", "origin": [8, 8, 8]},
			"faces": {
				"north": {"uv": [0, 12.5, 0.5, 13.5], "texture": "#1"},
				"east": {"uv": [9, 3, 10.5, 4], "texture": "#1"},
				"south": {"uv": [0.5, 12.5, 1, 13.5], "texture": "#1"},
				"west": {"uv": [4, 9, 5.5, 10], "texture": "#1"},
				"up": {"uv": [9.5, 13, 9, 11.5], "texture": "#1"},
				"down": {"uv": [10, 11.5, 9.5, 13], "texture": "#1"}
			}
		},
		{
			"from": [5, 6, 13],
			"to": [10, 8, 15],
			"rotation": {"angle": 0, "axis": "y", "origin": [8, 8, 8]},
			"faces": {
				"north": {"uv": [2, 0, 4.5, 1], "texture": "#1"},
				"east": {"uv": [6, 10.5, 7, 11.5], "texture": "#1"},
				"south": {"uv": [2, 1, 4.5, 2], "texture": "#1"},
				"west": {"uv": [7, 10.5, 8, 11.5], "texture": "#1"},
				"up": {"uv": [4.5, 3, 2, 2], "texture": "#1"},
				"down": {"uv": [4.5, 3, 2, 4], "texture": "#1"}
			}
		},
		{
			"from": [10, 6, 14],
			"to": [11, 8, 15],
			"rotation": {"angle": 0, "axis": "y", "origin": [8, 8, 8]},
			"faces": {
				"north": {"uv": [1.5, 12.5, 2, 13.5], "texture": "#1"},
				"east": {"uv": [2, 12.5, 2.5, 13.5], "texture": "#1"},
				"south": {"uv": [12.5, 2, 13, 3], "texture": "#1"},
				"west": {"uv": [2.5, 12.5, 3, 13.5], "texture": "#1"},
				"up": {"uv": [5, 4, 4.5, 3.5], "texture": "#1"},
				"down": {"uv": [9, 3, 8.5, 3.5], "texture": "#1"}
			}
		},
		{
			"from": [1, 6, 5],
			"to": [2, 8, 6],
			"rotation": {"angle": 0, "axis": "y", "origin": [8, 8, 8]},
			"faces": {
				"north": {"uv": [3, 12.5, 3.5, 13.5], "texture": "#1"},
				"east": {"uv": [3.5, 12.5, 4, 13.5], "texture": "#1"},
				"south": {"uv": [12.5, 4, 13, 5], "texture": "#1"},
				"west": {"uv": [12.5, 5, 13, 6], "texture": "#1"},
				"up": {"uv": [13, 13.5, 12.5, 13], "texture": "#1"},
				"down": {"uv": [13.5, 12.5, 13, 13], "texture": "#1"}
			}
		},
		{
			"from": [2, 6.5, 13],
			"to": [3, 7.5, 14],
			"rotation": {"angle": 0, "axis": "y", "origin": [8, 8, 8]},
			"faces": {
				"north": {"uv": [13, 13, 13.5, 13.5], "texture": "#1"},
				"east": {"uv": [0, 13.5, 0.5, 14], "texture": "#1"},
				"south": {"uv": [13.5, 0, 14, 0.5], "texture": "#1"},
				"west": {"uv": [0.5, 13.5, 1, 14], "texture": "#1"},
				"up": {"uv": [14, 1, 13.5, 0.5], "texture": "#1"},
				"down": {"uv": [1.5, 13.5, 1, 14], "texture": "#1"}
			}
		},
		{
			"from": [3, 6.5, 14],
			"to": [5, 7.5, 15],
			"rotation": {"angle": 0, "axis": "y", "origin": [8, 8, 8]},
			"faces": {
				"north": {"uv": [5, 4.5, 6, 5], "texture": "#1"},
				"east": {"uv": [13.5, 1, 14, 1.5], "texture": "#1"},
				"south": {"uv": [2, 8.5, 3, 9], "texture": "#1"},
				"west": {"uv": [1.5, 13.5, 2, 14], "texture": "#1"},
				"up": {"uv": [2, 10, 1, 9.5], "texture": "#1"},
				"down": {"uv": [13, 8, 12, 8.5], "texture": "#1"}
			}
		},
		{
			"from": [11, 6.5, 14],
			"to": [12, 7.5, 15],
			"rotation": {"angle": 0, "axis": "y", "origin": [8, 8, 8]},
			"faces": {
				"north": {"uv": [13.5, 1.5, 14, 2], "texture": "#1"},
				"east": {"uv": [2, 13.5, 2.5, 14], "texture": "#1"},
				"south": {"uv": [13.5, 2, 14, 2.5], "texture": "#1"},
				"west": {"uv": [2.5, 13.5, 3, 14], "texture": "#1"},
				"up": {"uv": [14, 3, 13.5, 2.5], "texture": "#1"},
				"down": {"uv": [3.5, 13.5, 3, 14], "texture": "#1"}
			}
		},
		{
			"from": [5, 6.5, 15],
			"to": [11, 7.5, 16],
			"rotation": {"angle": 0, "axis": "y", "origin": [8, 8, 8]},
			"faces": {
				"north": {"uv": [9, 4, 12, 4.5], "texture": "#1"},
				"east": {"uv": [13.5, 3, 14, 3.5], "texture": "#1"},
				"south": {"uv": [9, 4.5, 12, 5], "texture": "#1"},
				"west": {"uv": [3.5, 13.5, 4, 14], "texture": "#1"},
				"up": {"uv": [12, 5.5, 9, 5], "texture": "#1"},
				"down": {"uv": [12, 5.5, 9, 6], "texture": "#1"}
			}
		},
		{
			"from": [1, 6, 6],
			"to": [3, 8, 11],
			"rotation": {"angle": 0, "axis": "y", "origin": [8, 8, 8]},
			"faces": {
				"north": {"uv": [8, 10.5, 9, 11.5], "texture": "#1"},
				"east": {"uv": [0, 4, 2.5, 5], "texture": "#1"},
				"south": {"uv": [9, 10.5, 10, 11.5], "texture": "#1"},
				"west": {"uv": [2.5, 4, 5, 5], "texture": "#1"},
				"up": {"uv": [5.5, 2.5, 4.5, 0], "texture": "#1"},
				"down": {"uv": [1, 5, 0, 7.5], "texture": "#1"}
			}
		},
		{
			"from": [2, 6, 11],
			"to": [3, 8, 13],
			"rotation": {"angle": 0, "axis": "y", "origin": [8, 8, 8]},
			"faces": {
				"north": {"uv": [6, 12.5, 6.5, 13.5], "texture": "#1"},
				"east": {"uv": [10, 10.5, 11, 11.5], "texture": "#1"},
				"south": {"uv": [12.5, 6, 13, 7], "texture": "#1"},
				"west": {"uv": [1, 11, 2, 12], "texture": "#1"},
				"up": {"uv": [7, 13.5, 6.5, 12.5], "texture": "#1"},
				"down": {"uv": [7.5, 12.5, 7, 13.5], "texture": "#1"}
			}
		},
		{
			"from": [1, 6.5, 11],
			"to": [2, 7.5, 13],
			"rotation": {"angle": 0, "axis": "y", "origin": [8, 8, 8]},
			"faces": {
				"north": {"uv": [13.5, 3.5, 14, 4], "texture": "#1"},
				"east": {"uv": [12.5, 3, 13.5, 3.5], "texture": "#1"},
				"south": {"uv": [13.5, 4, 14, 4.5], "texture": "#1"},
				"west": {"uv": [12.5, 7, 13.5, 7.5], "texture": "#1"},
				"up": {"uv": [8, 13.5, 7.5, 12.5], "texture": "#1"},
				"down": {"uv": [8.5, 12.5, 8, 13.5], "texture": "#1"}
			}
		},
		{
			"from": [0, 6.5, 5],
			"to": [1, 7.5, 11],
			"rotation": {"angle": 0, "axis": "y", "origin": [8, 8, 8]},
			"faces": {
				"north": {"uv": [13.5, 4.5, 14, 5], "texture": "#1"},
				"east": {"uv": [9, 6, 12, 6.5], "texture": "#1"},
				"south": {"uv": [13.5, 5, 14, 5.5], "texture": "#1"},
				"west": {"uv": [5.5, 9.5, 8.5, 10], "texture": "#1"},
				"up": {"uv": [0.5, 12.5, 0, 9.5], "texture": "#1"},
				"down": {"uv": [1, 9.5, 0.5, 12.5], "texture": "#1"}
			}
		},
		{
			"from": [1, 6.5, 4],
			"to": [2, 7.5, 5],
			"rotation": {"angle": 0, "axis": "y", "origin": [8, 8, 8]},
			"faces": {
				"north": {"uv": [13.5, 5.5, 14, 6], "texture": "#1"},
				"east": {"uv": [6, 13.5, 6.5, 14], "texture": "#1"},
				"south": {"uv": [13.5, 6, 14, 6.5], "texture": "#1"},
				"west": {"uv": [6.5, 13.5, 7, 14], "texture": "#1"},
				"up": {"uv": [14, 7, 13.5, 6.5], "texture": "#1"},
				"down": {"uv": [7.5, 13.5, 7, 14], "texture": "#1"}
			}
		},
		{
			"from": [0, 7, 5],
			"to": [1, 7, 6],
			"rotation": {"angle": 0, "axis": "y", "origin": [8, 8, 8]},
			"faces": {
				"north": {"uv": [0, 0, 0.5, 0], "texture": "#1"},
				"east": {"uv": [0, 0, 0.5, 0], "texture": "#1"},
				"south": {"uv": [0, 0, 0.5, 0], "texture": "#1"},
				"west": {"uv": [0, 0, 0.5, 0], "texture": "#1"},
				"up": {"uv": [14, 7.5, 13.5, 7], "texture": "#1"},
				"down": {"uv": [8, 13.5, 7.5, 14], "texture": "#1"}
			}
		},
		{
			"from": [3, 6.5, 10],
			"to": [6, 7.5, 13],
			"rotation": {"angle": 0, "axis": "y", "origin": [8, 8, 8]},
			"faces": {
				"north": {"uv": [5.5, 2, 7, 2.5], "texture": "#1"},
				"east": {"uv": [10.5, 3.5, 12, 4], "texture": "#1"},
				"south": {"uv": [11.5, 9.5, 13, 10], "texture": "#1"},
				"west": {"uv": [10, 11.5, 11.5, 12], "texture": "#1"},
				"up": {"uv": [9, 5, 7.5, 3.5], "texture": "#1"},
				"down": {"uv": [6, 7.5, 4.5, 9], "texture": "#1"}
			}
		},
		{
			"from": [4, 6.5, 9],
			"to": [5, 7.5, 10],
			"rotation": {"angle": 0, "axis": "y", "origin": [8, 8, 8]},
			"faces": {
				"north": {"uv": [13.5, 7.5, 14, 8], "texture": "#1"},
				"east": {"uv": [8, 13.5, 8.5, 14], "texture": "#1"},
				"south": {"uv": [8.5, 13.5, 9, 14], "texture": "#1"},
				"west": {"uv": [9, 13.5, 9.5, 14], "texture": "#1"},
				"up": {"uv": [14, 9.5, 13.5, 9], "texture": "#1"},
				"down": {"uv": [10, 13.5, 9.5, 14], "texture": "#1"}
			}
		},
		{
			"from": [6, 6.5, 11],
			"to": [7, 7.5, 12],
			"rotation": {"angle": 0, "axis": "y", "origin": [8, 8, 8]},
			"faces": {
				"north": {"uv": [13.5, 9.5, 14, 10], "texture": "#1"},
				"east": {"uv": [13.5, 10, 14, 10.5], "texture": "#1"},
				"south": {"uv": [13.5, 10.5, 14, 11], "texture": "#1"},
				"west": {"uv": [11, 13.5, 11.5, 14], "texture": "#1"},
				"up": {"uv": [12, 14, 11.5, 13.5], "texture": "#1"},
				"down": {"uv": [14, 11.5, 13.5, 12], "texture": "#1"}
			}
		},
		{
			"from": [11, 6, 2],
			"to": [12, 8, 4],
			"rotation": {"angle": 0, "axis": "y", "origin": [8, 8, 8]},
			"faces": {
				"north": {"uv": [8.5, 12.5, 9, 13.5], "texture": "#1"},
				"east": {"uv": [2, 11, 3, 12], "texture": "#1"},
				"south": {"uv": [12.5, 8.5, 13, 9.5], "texture": "#1"},
				"west": {"uv": [11, 6.5, 12, 7.5], "texture": "#1"},
				"up": {"uv": [13, 11, 12.5, 10], "texture": "#1"},
				"down": {"uv": [13, 11, 12.5, 12], "texture": "#1"}
			}
		},
		{
			"from": [12, 6, 2],
			"to": [13, 8, 5],
			"rotation": {"angle": 0, "axis": "y", "origin": [8, 8, 8]},
			"faces": {
				"north": {"uv": [12.5, 12, 13, 13], "texture": "#1"},
				"east": {"uv": [9.5, 6.5, 11, 7.5], "texture": "#1"},
				"south": {"uv": [13, 0, 13.5, 1], "texture": "#1"},
				"west": {"uv": [9.5, 7.5, 11, 8.5], "texture": "#1"},
				"up": {"uv": [12, 13, 11.5, 11.5], "texture": "#1"},
				"down": {"uv": [1.5, 12, 1, 13.5], "texture": "#1"}
			}
		},
		{
			"from": [6, 6, 1],
			"to": [11, 8, 3],
			"rotation": {"angle": 0, "axis": "y", "origin": [8, 8, 8]},
			"faces": {
				"north": {"uv": [4.5, 2.5, 7, 3.5], "texture": "#1"},
				"east": {"uv": [11, 7.5, 12, 8.5], "texture": "#1"},
				"south": {"uv": [1, 5, 3.5, 6], "texture": "#1"},
				"west": {"uv": [11, 10.5, 12, 11.5], "texture": "#1"},
				"up": {"uv": [6, 6, 3.5, 5], "texture": "#1"},
				"down": {"uv": [7.5, 3.5, 5, 4.5], "texture": "#1"}
			}
		},
		{
			"from": [5, 6, 1],
			"to": [6, 8, 2],
			"rotation": {"angle": 0, "axis": "y", "origin": [8, 8, 8]},
			"faces": {
				"north": {"uv": [13, 2, 13.5, 3], "texture": "#1"},
				"east": {"uv": [4, 13, 4.5, 14], "texture": "#1"},
				"south": {"uv": [13, 4, 13.5, 5], "texture": "#1"},
				"west": {"uv": [4.5, 13, 5, 14], "texture": "#1"},
				"up": {"uv": [14, 12.5, 13.5, 12], "texture": "#1"},
				"down": {"uv": [13, 13.5, 12.5, 14], "texture": "#1"}
			}
		},
		{
			"from": [14, 6, 10],
			"to": [15, 8, 11],
			"rotation": {"angle": 0, "axis": "y", "origin": [8, 8, 8]},
			"faces": {
				"north": {"uv": [5, 13, 5.5, 14], "texture": "#1"},
				"east": {"uv": [13, 5, 13.5, 6], "texture": "#1"},
				"south": {"uv": [5.5, 13, 6, 14], "texture": "#1"},
				"west": {"uv": [13, 6, 13.5, 7], "texture": "#1"},
				"up": {"uv": [14, 13, 13.5, 12.5], "texture": "#1"},
				"down": {"uv": [13.5, 13.5, 13, 14], "texture": "#1"}
			}
		},
		{
			"from": [13, 6.5, 2],
			"to": [14, 7.5, 3],
			"rotation": {"angle": 0, "axis": "y", "origin": [8, 8, 8]},
			"faces": {
				"north": {"uv": [13.5, 13, 14, 13.5], "texture": "#1"},
				"east": {"uv": [13.5, 13.5, 14, 14], "texture": "#1"},
				"south": {"uv": [0, 14, 0.5, 14.5], "texture": "#1"},
				"west": {"uv": [14, 0, 14.5, 0.5], "texture": "#1"},
				"up": {"uv": [1, 14.5, 0.5, 14], "texture": "#1"},
				"down": {"uv": [14.5, 0.5, 14, 1], "texture": "#1"}
			}
		},
		{
			"from": [11, 6.5, 1],
			"to": [13, 7.5, 2],
			"rotation": {"angle": 0, "axis": "y", "origin": [8, 8, 8]},
			"faces": {
				"north": {"uv": [12.5, 7.5, 13.5, 8], "texture": "#1"},
				"east": {"uv": [1, 14, 1.5, 14.5], "texture": "#1"},
				"south": {"uv": [13, 8, 14, 8.5], "texture": "#1"},
				"west": {"uv": [14, 1, 14.5, 1.5], "texture": "#1"},
				"up": {"uv": [14, 9, 13, 8.5], "texture": "#1"},
				"down": {"uv": [10, 13, 9, 13.5], "texture": "#1"}
			}
		},
		{
			"from": [4, 6.5, 1],
			"to": [5, 7.5, 2],
			"rotation": {"angle": 0, "axis": "y", "origin": [8, 8, 8]},
			"faces": {
				"north": {"uv": [1.5, 14, 2, 14.5], "texture": "#1"},
				"east": {"uv": [14, 1.5, 14.5, 2], "texture": "#1"},
				"south": {"uv": [2, 14, 2.5, 14.5], "texture": "#1"},
				"west": {"uv": [14, 2, 14.5, 2.5], "texture": "#1"},
				"up": {"uv": [3, 14.5, 2.5, 14], "texture": "#1"},
				"down": {"uv": [14.5, 2.5, 14, 3], "texture": "#1"}
			}
		},
		{
			"from": [5, 6.5, 0],
			"to": [11, 7.5, 1],
			"rotation": {"angle": 0, "axis": "y", "origin": [8, 8, 8]},
			"faces": {
				"north": {"uv": [8.5, 9.5, 11.5, 10], "texture": "#1"},
				"east": {"uv": [3, 14, 3.5, 14.5], "texture": "#1"},
				"south": {"uv": [9.5, 8.5, 12.5, 9], "texture": "#1"},
				"west": {"uv": [14, 3, 14.5, 3.5], "texture": "#1"},
				"up": {"uv": [12.5, 9.5, 9.5, 9], "texture": "#1"},
				"down": {"uv": [13, 0, 10, 0.5], "texture": "#1"}
			}
		},
		{
			"from": [13, 6, 5],
			"to": [15, 8, 10],
			"rotation": {"angle": 0, "axis": "y", "origin": [8, 8, 8]},
			"faces": {
				"north": {"uv": [11.5, 2.5, 12.5, 3.5], "texture": "#1"},
				"east": {"uv": [5.5, 0, 8, 1], "texture": "#1"},
				"south": {"uv": [6, 11.5, 7, 12.5], "texture": "#1"},
				"west": {"uv": [5.5, 1, 8, 2], "texture": "#1"},
				"up": {"uv": [2, 8.5, 1, 6], "texture": "#1"},
				"down": {"uv": [3, 6, 2, 8.5], "texture": "#1"}
			}
		},
		{
			"from": [13, 6, 3],
			"to": [14, 8, 5],
			"rotation": {"angle": 0, "axis": "y", "origin": [8, 8, 8]},
			"faces": {
				"north": {"uv": [13, 9, 13.5, 10], "texture": "#1"},
				"east": {"uv": [7, 11.5, 8, 12.5], "texture": "#1"},
				"south": {"uv": [10, 13, 10.5, 14], "texture": "#1"},
				"west": {"uv": [8, 11.5, 9, 12.5], "texture": "#1"},
				"up": {"uv": [13.5, 11, 13, 10], "texture": "#1"},
				"down": {"uv": [11, 13, 10.5, 14], "texture": "#1"}
			}
		},
		{
			"from": [14, 6.5, 3],
			"to": [15, 7.5, 5],
			"rotation": {"angle": 0, "axis": "y", "origin": [8, 8, 8]},
			"faces": {
				"north": {"uv": [3.5, 14, 4, 14.5], "texture": "#1"},
				"east": {"uv": [11, 13, 12, 13.5], "texture": "#1"},
				"south": {"uv": [14, 3.5, 14.5, 4], "texture": "#1"},
				"west": {"uv": [13, 11, 14, 11.5], "texture": "#1"},
				"up": {"uv": [13.5, 12.5, 13, 11.5], "texture": "#1"},
				"down": {"uv": [12.5, 13, 12, 14], "texture": "#1"}
			}
		},
		{
			"from": [15, 6.5, 5],
			"to": [16, 7.5, 11],
			"rotation": {"angle": 0, "axis": "y", "origin": [8, 8, 8]},
			"faces": {
				"north": {"uv": [4, 14, 4.5, 14.5], "texture": "#1"},
				"east": {"uv": [10, 0.5, 13, 1], "texture": "#1"},
				"south": {"uv": [14, 4, 14.5, 4.5], "texture": "#1"},
				"west": {"uv": [1, 10, 4, 10.5], "texture": "#1"},
				"up": {"uv": [4.5, 13, 4, 10], "texture": "#1"},
				"down": {"uv": [5, 10, 4.5, 13], "texture": "#1"}
			}
		},
		{
			"from": [14, 6.5, 11],
			"to": [15, 7.5, 12],
			"rotation": {"angle": 0, "axis": "y", "origin": [8, 8, 8]},
			"faces": {
				"north": {"uv": [4.5, 14, 5, 14.5], "texture": "#1"},
				"east": {"uv": [14, 4.5, 14.5, 5], "texture": "#1"},
				"south": {"uv": [5, 14, 5.5, 14.5], "texture": "#1"},
				"west": {"uv": [14, 5, 14.5, 5.5], "texture": "#1"},
				"up": {"uv": [6, 14.5, 5.5, 14], "texture": "#1"},
				"down": {"uv": [14.5, 5.5, 14, 6], "texture": "#1"}
			}
		},
		{
			"from": [15, 7, 10],
			"to": [16, 7, 11],
			"rotation": {"angle": 0, "axis": "y", "origin": [8, 8, 8]},
			"faces": {
				"north": {"uv": [0, 0, 0.5, 0], "texture": "#1"},
				"east": {"uv": [0, 0, 0.5, 0], "texture": "#1"},
				"south": {"uv": [0, 0, 0.5, 0], "texture": "#1"},
				"west": {"uv": [0, 0, 0.5, 0], "texture": "#1"},
				"up": {"uv": [6.5, 14.5, 6, 14], "texture": "#1"},
				"down": {"uv": [14.5, 6, 14, 6.5], "texture": "#1"}
			}
		},
		{
			"from": [10, 6.5, 3],
			"to": [13, 7.5, 6],
			"rotation": {"angle": 0, "axis": "y", "origin": [8, 8, 8]},
			"faces": {
				"north": {"uv": [12, 1, 13.5, 1.5], "texture": "#1"},
				"east": {"uv": [1.5, 12, 3, 12.5], "texture": "#1"},
				"south": {"uv": [12, 1.5, 13.5, 2], "texture": "#1"},
				"west": {"uv": [12, 3.5, 13.5, 4], "texture": "#1"},
				"up": {"uv": [9, 6.5, 7.5, 5], "texture": "#1"},
				"down": {"uv": [7.5, 7.5, 6, 9], "texture": "#1"}
			}
		},
		{
			"from": [11, 6.5, 6],
			"to": [12, 7.5, 7],
			"rotation": {"angle": 0, "axis": "y", "origin": [8, 8, 8]},
			"faces": {
				"north": {"uv": [6.5, 14, 7, 14.5], "texture": "#1"},
				"east": {"uv": [14, 6.5, 14.5, 7], "texture": "#1"},
				"south": {"uv": [7, 14, 7.5, 14.5], "texture": "#1"},
				"west": {"uv": [14, 7, 14.5, 7.5], "texture": "#1"},
				"up": {"uv": [8, 14.5, 7.5, 14], "texture": "#1"},
				"down": {"uv": [14.5, 7.5, 14, 8], "texture": "#1"}
			}
		},
		{
			"from": [9, 6.5, 4],
			"to": [10, 7.5, 5],
			"rotation": {"angle": 0, "axis": "y", "origin": [8, 8, 8]},
			"faces": {
				"north": {"uv": [8, 14, 8.5, 14.5], "texture": "#1"},
				"east": {"uv": [14, 8, 14.5, 8.5], "texture": "#1"},
				"south": {"uv": [8.5, 14, 9, 14.5], "texture": "#1"},
				"west": {"uv": [14, 8.5, 14.5, 9], "texture": "#1"},
				"up": {"uv": [9.5, 14.5, 9, 14], "texture": "#1"},
				"down": {"uv": [14.5, 9, 14, 9.5], "texture": "#1"}
			}
		}
	],
	"gui_light": "front",
	"display": {
		"thirdperson_righthand": {
			"rotation": [25, 5, 90],
			"translation": [-2, -1.75, 1.5],
			"scale": [0.75, 0.75, 0.75]
		},
		"thirdperson_lefthand": {
			"rotation": [25, 5, 90],
			"translation": [-2, -1.75, 1.5],
			"scale": [0.75, 0.75, 0.75]
		},
		"firstperson_righthand": {
			"rotation": [45, 15, -100],
			"translation": [1, 5, 2],
			"scale": [0.75, 0.75, 0.75]
		},
		"firstperson_lefthand": {
			"rotation": [45, 15, 100],
			"translation": [1, 5, 2],
			"scale": [0.75, 0.75, 0.75]
		},
		"ground": {
			"rotation": [45, 0, -90],
			"translation": [0, 3.5, 0],
			"scale": [0.55, 0.55, 0.55]
		},
		"gui": {
			"rotation": [-90, -45, 0],
			"scale": [0.8, 0.8, 0.8]
		},
		"head": {
			"translation": [0, -6, 0],
			"scale": [1.65, 1.65, 1.65]
		},
		"fixed": {
			"rotation": [-90, 45, 0],
			"translation": [0, 0, -1]
		}
	},
	"groups": [
		{
			"name": "core",
			"origin": [0, 0, 0],
			"color": 0,
			"nbt": "{}",
			"children": [0, 1, 2, 3, 4, 5]
		},
		{
			"name": "group",
			"origin": [8, 8, 8],
			"color": 0,
			"nbt": "{}",
			"children": [6, 7, 8, 9, 10, 11, 12, 13, 14, 15, 16, 17, 18, 19, 20, 21, 22, 23]
		},
		{
			"name": "group",
			"origin": [8, 8, 8],
			"color": 0,
			"nbt": "{}",
			"children": [24, 25, 26, 27, 28, 29, 30, 31, 32, 33, 34, 35, 36, 37, 38, 39, 40, 41]
		}
	]
}