{
	"credit": "Made with Blockbench",
	"textures": {
		"particle": "block/black_concrete"
	},
	"elements": [
		{
			"from": [7, 5, 2.8],
			"to": [9, 7, 11.5],
			"color": 9,
			"faces": {
				"north": {"uv": [0, 0, 2, 2], "texture": "#missing"},
				"east": {"uv": [0, 0, 8.7, 2], "texture": "#missing"},
				"south": {"uv": [0, 0, 2, 2], "texture": "#missing"},
				"west": {"uv": [0, 0, 8.7, 2], "texture": "#missing"},
				"up": {"uv": [0, 0, 2, 8.7], "texture": "#missing"},
				"down": {"uv": [0, 0, 2, 8.7], "texture": "#missing"}
			}
		},
		{
			"from": [7.6, 5, -3.4],
			"to": [9.6, 7, 5.3],
			"rotation": {"angle": -45, "axis": "y", "origin": [0, 0, 0]},
			"color": 9,
			"faces": {
				"north": {"uv": [0, 0, 2, 2], "texture": "#missing"},
				"east": {"uv": [0, 0, 8.7, 2], "texture": "#missing"},
				"south": {"uv": [0, 0, 2, 2], "texture": "#missing"},
				"west": {"uv": [0, 0, 8.7, 2], "texture": "#missing"},
				"up": {"uv": [0, 0, 2, 8.7], "texture": "#missing"},
				"down": {"uv": [0, 0, 2, 8.7], "texture": "#missing"}
			}
		}
	],
	"display": {
		"thirdperson_righthand": {
			"translation": [0, 1, 5]
		},
		"thirdperson_lefthand": {
			"translation": [0, 1, 5]
		},
		"firstperson_righthand": {
			"rotation": [0, 0, 17],
			"translation": [-8.38, 6.25, 5.75],
			"scale": [4, 4, 4]
		},
		"firstperson_lefthand": {
			"translation": [0.5, 3.75, 3.5]
		},
		"ground": {
			"translation": [0, 0, 3]
		},
		"gui": {
			"rotation": [90, 47.25, -90],
			"translation": [7.25, -3.5, 0],
			"scale": [2, 2, 2]
		},
		"fixed": {
			"rotation": [90, -47.25, 90],
			"translation": [-7, -4, 0],
			"scale": [2, 2, 2]
		}
	}
}