{
	"credit": "Made with Blockbench",
	"textures": {
		"particle": "block/black_concrete"
	},
	"elements": [
		{
			"from": [7.1, 4.9, 2.8],
			"to": [8.9, 6.9, 9.8],
			"color": 3,
			"faces": {
				"north": {"uv": [0, 0, 2, 2], "texture": "#missing"},
				"east": {"uv": [0, 0, 7, 2], "texture": "#missing"},
				"south": {"uv": [0, 0, 2, 2], "texture": "#missing"},
				"west": {"uv": [0, 0, 7, 2], "texture": "#missing"},
				"up": {"uv": [0, 0, 2, 7], "texture": "#missing"},
				"down": {"uv": [0, 0, 2, 7], "texture": "#missing"}
			}
		},
		{
			"from": [7.1, 4.4, 0.5],
			"to": [9.1, 6.4, 14.8],
			"rotation": {"angle": -22.5, "axis": "y", "origin": [0, 0, 0]},
			"color": 3,
			"faces": {
				"north": {"uv": [0, 0, 2, 2], "texture": "#missing"},
				"east": {"uv": [0, 0, 14.3, 2], "texture": "#missing"},
				"south": {"uv": [0, 0, 2, 2], "texture": "#missing"},
				"west": {"uv": [0, 0, 14.3, 2], "texture": "#missing"},
				"up": {"uv": [0, 0, 2, 14.3], "texture": "#missing"},
				"down": {"uv": [0, 0, 2, 14.3], "texture": "#missing"}
			}
		}
	],
	"display": {
		"thirdperson_righthand": {
			"translation": [0, 1, 5]
		},
		"thirdperson_lefthand": {
			"translation": [0, 1, 5]
		},
		"firstperson_righthand": {
			"rotation": [75, -1, 46],
			"translation": [0, 2.5, 4.25]
		},
		"firstperson_lefthand": {
			"translation": [0.5, 3.75, 3.5]
		},
		"ground": {
			"translation": [0, 0, 3]
		},
		"gui": {
			"rotation": [90, 47.25, -90],
			"translation": [7.25, -3.5, 0],
			"scale": [2, 2, 2]
		},
		"fixed": {
			"rotation": [90, -47.25, 90],
			"translation": [-7, -4, 0],
			"scale": [2, 2, 2]
		}
	}
}