{"textures":{"a":"mgs:misc/reticles","b":"mgs:misc/reticles_1024","particle":"mgs:misc/reticles","1":"mgs:gun/akwood","0":"mgs:gun/akdetails","3":"mgs:gun/metal_brighter","2":"mgs:gun/akplastic_cross","5":"mgs:gun/metal_dark","4":"mgs:gun/metal","7":"mgs:gun/holodetails","6":"mgs:gun/pso1details","9":"mgs:gun/acogdetails","8":"mgs:gun/kobradetails"},"gui_light":"front","elements":[{"to":[10.2,8.55,8.45],"from":[6,7.58,8.15],"faces":{"down":{"uv":[7.25,8.75,8,9.5],"texture":"#5"},"up":{"uv":[11,8,11.25,8.5],"texture":"#4"},"south":{"rotation":180,"uv":[14.25,11.5,8,8.25],"texture":"#4"}}},{"to":[10.2,9.45,8.12426],"from":[4.675,9.225,7.87574],"faces":{"up":{"uv":[0,4,8,4.75],"texture":"#4"}}},{"to":[5.1397,9.28358,8.1249],"rotation":{"origin":[4.70447,8.80377,8],"angle":45,"axis":"z"},"from":[4.1927,9.08358,7.8751],"faces":{"north":{"uv":[8,5,8.25,5.75],"texture":"#4"},"up":{"uv":[0,3.5,1.75,4.25],"texture":"#4"},"south":{"uv":[8,5,8.25,5.75],"texture":"#4"}}},{"to":[4.4226,9.20433,8.1245],"rotation":{"origin":[4.70447,8.80377,8.0004],"angle":22.5,"axis":"z"},"from":[4.1976,9.05733,7.8755],"faces":{"west":{"uv":[2,8.5,3,10],"texture":"#0"},"north":{"uv":[3.5,9,2.5,10.5],"texture":"#0"},"up":{"rotation":270,"uv":[0.5,8,1.5,12],"texture":"#0"},"south":{"uv":[2.5,9,3.5,10.5],"texture":"#0"}}},{"to":[14.65,8.7992,8.5],"rotation":{"origin":[13.775,8.2,8.2],"angle":0,"axis":"x"},"from":[14.1,8.0757,7.5],"faces":{"west":{"rotation":90,"uv":[11,13.5,16,16],"texture":"#1"},"east":{"uv":[15.5,15.5,16,16],"texture":"#1"},"north":{"uv":[12,7.5,14.5,10.5],"texture":"#1"},"up":{"rotation":90,"uv":[6.5,11.5,7.5,13],"texture":"#1"},"south":{"uv":[13.5,7.5,16,10.5],"texture":"#1"}}},{"to":[12,8.79926,8.5],"rotation":{"origin":[13.775,8.2,8.2],"angle":0,"axis":"x"},"from":[11.05,7.95074,7.5],"faces":{"east":{"rotation":90,"uv":[11,13.5,16,16],"texture":"#1"},"north":{"uv":[7.5,7,11.5,10.5],"texture":"#1"},"up":{"rotation":90,"uv":[6.5,11.5,7.5,13],"texture":"#1"},"south":{"uv":[4.5,7.5,8.5,11],"texture":"#1"}}},{"to":[12.75,8.69926,8.5],"rotation":{"origin":[13.775,8.2,8.2],"angle":0,"axis":"x"},"from":[12,8.07574,7.5],"faces":{"north":{"uv":[6.5,7.5,9.5,10],"texture":"#1"},"up":{"rotation":90,"uv":[11,13.5,16,16],"texture":"#1"},"south":{"uv":[6.5,7.5,10,10],"texture":"#1"}}},{"to":[14.1,8.69926,8.5],"rotation":{"origin":[13.775,8.2,8.2],"angle":0,"axis":"x"},"from":[13.375,8.07574,7.5],"faces":{"north":{"uv":[7.5,7.5,10.5,10],"texture":"#1"},"up":{"rotation":90,"uv":[11,13.5,16,16],"texture":"#1"},"south":{"uv":[8,7.5,11,10],"texture":"#1"}}},{"to":[13.375,8.79926,8.5],"rotation":{"origin":[13.775,8.2,8.2],"angle":0,"axis":"x"},"from":[12.75,8.07574,7.5],"faces":{"west":{"rotation":90,"uv":[11,13.5,16,16],"texture":"#1"},"east":{"rotation":90,"uv":[11,13.5,16,16],"texture":"#1"},"north":{"uv":[13.5,7.5,16,10.5],"texture":"#1"},"up":{"rotation":90,"uv":[6.5,11.5,7.5,13],"texture":"#1"},"south":{"uv":[11,7.5,13.5,10.5],"texture":"#1"}}},{"to":[14.65,8.1,8.32426],"rotation":{"origin":[13.775,8.2,7.8],"angle":0,"axis":"x"},"from":[11.7,7.9,7.67574],"faces":{"down":{"uv":[3,13.5,15.5,16],"texture":"#1"},"east":{"uv":[15.5,15.5,16,16],"texture":"#1"}}},{"to":[14.65,8.32426,7.8],"rotation":{"origin":[13.775,8.2,7.8],"angle":-45,"axis":"x"},"from":[11.7,8.07574,7.5],"faces":{"east":{"uv":[15.5,15.5,16,16],"texture":"#1"},"north":{"uv":[3.5,12,16,13],"texture":"#1"}}},{"to":[14.65,8.3242,8.5],"rotation":{"origin":[13.775,8.2,8.2],"angle":45,"axis":"x"},"from":[11.7,8.0757,8.2],"faces":{"east":{"uv":[15.5,15.5,16,16],"texture":"#1"},"south":{"uv":[3.5,12,16,13.5],"texture":"#1"}}},{"to":[14.65,9.13,8.50281],"rotation":{"origin":[8,7.92,7.95281],"angle":0,"axis":"y"},"from":[11.75,8.82619,7.51281],"faces":{"down":{"rotation":180,"uv":[4.5,13.5,12.5,16],"texture":"#1"},"west":{"uv":[15.5,15.5,16,16],"texture":"#1"},"east":{"uv":[15.5,15.5,16,16],"texture":"#1"},"north":{"uv":[3.5,4,16,5.5],"texture":"#1"},"south":{"uv":[0,4,12.5,5.5],"texture":"#1"}}},{"to":[14.65,9.24723,8.32215],"rotation":{"origin":[13.9375,10.57154,8.00781],"angle":22.5,"axis":"x"},"from":[11.75,9.0503,8.10215],"faces":{"west":{"uv":[15.5,15.5,16,16],"texture":"#1"},"east":{"uv":[15.5,15.5,16,16],"texture":"#1"},"north":{"uv":[3.5,3,16,4],"texture":"#1"}}},{"to":[14.65,9.64377,8.69561],"rotation":{"origin":[13.9375,10.57154,8.00781],"angle":22.5,"axis":"x"},"from":[11.75,9.42377,8.49868],"faces":{"west":{"uv":[15.5,15.5,16,16],"texture":"#1"},"east":{"uv":[15.5,15.5,16,16],"texture":"#1"},"up":{"uv":[0,1,12.5,2],"texture":"#1"}}},{"to":[14.65,9.64377,7.51694],"rotation":{"origin":[13.9375,10.57154,8.00781],"angle":-22.5,"axis":"x"},"from":[11.75,9.42377,7.32001],"faces":{"west":{"uv":[15.5,15.5,16,16],"texture":"#1"},"east":{"uv":[15.5,15.5,16,16],"texture":"#1"},"up":{"rotation":180,"uv":[3.5,1,16,2],"texture":"#1"}}},{"to":[14.65,9.24723,7.91347],"rotation":{"origin":[13.9375,10.57154,8.00781],"angle":-22.5,"axis":"x"},"from":[11.75,9.0503,7.69347],"faces":{"west":{"uv":[15.5,15.5,16,16],"texture":"#1"},"east":{"uv":[15.5,15.5,16,16],"texture":"#1"},"south":{"uv":[0,3,12.5,4],"texture":"#1"}}},{"to":[14.65,9.58105,8.82175],"rotation":{"origin":[13.9375,10.57154,8.00781],"angle":45,"axis":"x"},"from":[11.75,9.38413,8.60175],"faces":{"west":{"uv":[15.5,15.5,16,16],"texture":"#1"},"east":{"uv":[15.5,15.5,16,16],"texture":"#1"},"north":{"uv":[3.5,2,16,3],"texture":"#1"}}},{"to":[14.65,9.97759,9.19522],"rotation":{"origin":[13.9375,10.57154,8.00781],"angle":45,"axis":"x"},"from":[11.75,9.75759,8.99829],"faces":{"west":{"uv":[15.5,15.5,16,16],"texture":"#1"},"east":{"uv":[15.5,15.5,16,16],"texture":"#1"},"up":{"uv":[0,2,12.5,3],"texture":"#1"}}},{"to":[14.65,9.52654,8.10627],"rotation":{"origin":[13.9375,10.57154,8.00781],"angle":0,"axis":"x"},"from":[11.75,9.30654,7.90935],"faces":{"west":{"uv":[15.5,15.5,16,16],"texture":"#1"},"east":{"uv":[15.5,15.5,16,16],"texture":"#1"},"up":{"uv":[0,0,12.5,1],"texture":"#1"}}},{"to":[20.125,8.225,8.03978],"from":[14.75,8.175,7.96022],"faces":{"down":{"uv":[15.75,15.75,16,16],"texture":"#4"},"east":{"uv":[15.75,15.75,16,16],"texture":"#4"},"up":{"rotation":180,"uv":[4.25,2.5,4.5,3],"texture":"#3"}}},{"to":[19.999,9.075,8.15],"rotation":{"origin":[8,7.8,8],"angle":0,"axis":"y"},"from":[19.899,8.5625,7.85],"faces":{"west":{"uv":[15.75,15.75,16,16],"texture":"#3"},"east":{"rotation":270,"uv":[1.75,11.5,3,12.25],"texture":"#4"},"north":{"rotation":270,"uv":[6.75,9.25,8.75,9.75],"texture":"#4"},"south":{"rotation":270,"uv":[6.75,9.25,8.75,9.75],"texture":"#4"}}},{"to":[5.5625,7.9375,8.3],"rotation":{"origin":[4.5625,7.9375,7.75],"angle":-22.5,"axis":"z"},"from":[4.5625,5.3375,7.7],"faces":{"down":{"rotation":180,"uv":[8.5,0,12,2],"texture":"#2"},"west":{"rotation":180,"uv":[2,2,0,10.5],"texture":"#2"},"east":{"rotation":180,"uv":[16,2,14,10.5],"texture":"#2"},"north":{"rotation":180,"uv":[4.5,2,8,10.5],"texture":"#2"},"south":{"rotation":180,"uv":[8,2,4.5,10.5],"texture":"#2"}}},{"to":[3.15941,8.80731,8.398],"rotation":{"origin":[1.68441,8.75731,7.6395],"angle":-22.5,"axis":"z"},"from":[2.05941,8.00731,7.602],"faces":{"north":{"uv":[6.5,0,10.5,3],"texture":"#1"},"up":{"uv":[7,0,11,3],"texture":"#1"},"south":{"uv":[6.5,0,10.5,3],"texture":"#1"}}},{"to":[4.39818,7.22007,8.399],"rotation":{"origin":[0.39818,7.27007,7.6875],"angle":22.5,"axis":"z"},"from":[0.39818,6.22007,7.601],"faces":{"down":{"rotation":180,"uv":[0,12.5,16,16],"texture":"#1"},"north":{"uv":[0,7.5,16,11.5],"texture":"#1"},"up":{"uv":[0,0,15.5,3],"texture":"#1"},"south":{"uv":[0,7.5,16,11.5],"texture":"#1"}}},{"to":[0.8,8.575,8.5],"from":[-2.6,6.3,7.5],"faces":{"down":{"rotation":180,"uv":[0,10.5,13,16],"texture":"#1"},"east":{"uv":[1,4,2,12],"texture":"#1"},"north":{"uv":[3,3.5,16,11.5],"texture":"#1"},"south":{"uv":[0,3.5,13,11.5],"texture":"#1"}}},{"to":[-2.6,8.575,8.5],"from":[-2.7,6.3,7.5],"faces":{"down":{"rotation":90,"uv":[8,10.5,13.5,11.5],"texture":"#0"},"west":{"rotation":90,"uv":[8,7.5,16,12],"texture":"#0"},"north":{"rotation":90,"uv":[8,14,16,15],"texture":"#0"},"south":{"rotation":90,"uv":[8,11.5,16,12.5],"texture":"#0"}}},{"to":[2.05,8.66,8.3985],"from":[0.55,7.26,7.6015],"faces":{"east":{"uv":[8.5,4.5,9.5,9.5],"texture":"#1"},"north":{"uv":[10.5,3.5,16,9],"texture":"#1"},"up":{"uv":[1,0,6.5,3],"texture":"#1"},"south":{"uv":[10.5,3.5,16,9],"texture":"#1"}}},{"to":[5.5,7.6,8.4],"from":[4.225,7.1,7.6],"faces":{"down":{"uv":[16,0,11.5,2],"texture":"#2"},"west":{"rotation":180,"uv":[0,9.5,2.5,11.5],"texture":"#2"},"east":{"uv":[16,0,13.5,2],"texture":"#2"},"north":{"uv":[10,2.5,5.5,4.5],"texture":"#2"},"south":{"uv":[5.5,2.5,10,4.5],"texture":"#2"}}},{"to":[16.25,9.25,8.125],"from":[14.75,8.85,7.875],"faces":{"down":{"uv":[15.75,15.75,16,16],"texture":"#4"},"north":{"uv":[13.25,4.25,13.5,5.5],"texture":"#4"},"up":{"uv":[9.5,4.25,9.75,5],"texture":"#3"},"south":{"uv":[13.25,4.25,13.5,5.5],"texture":"#4"}}},{"to":[17.46,9.18,8.15],"rotation":{"origin":[16.5625,9.25,7.875],"angle":-45,"axis":"z"},"from":[16.52,8.88,7.85],"faces":{"north":{"rotation":90,"uv":[5.5,14.25,6.25,16],"texture":"#5"},"up":{"rotation":90,"uv":[13,3,13.75,5.5],"texture":"#5"},"south":{"rotation":270,"uv":[5.5,14.25,6.25,16],"texture":"#5"}}},{"to":[20,8.625,8.10355],"from":[19.15,8.125,7.89645],"faces":{"down":{"uv":[5.25,5.25,6.75,5.75],"texture":"#5"},"west":{"uv":[15.75,15.75,16,16],"texture":"#3"},"east":{"uv":[15.75,15.75,16,16],"texture":"#3"},"up":{"uv":[5.25,4.25,7,4.75],"texture":"#5"}}},{"to":[19.6,8.101,8.05],"from":[14,8,7.95],"faces":{"down":{"uv":[7,8,16,9],"texture":"#0"},"north":{"uv":[7,7,16,8],"texture":"#0"},"up":{"uv":[7,8,16,9],"texture":"#0"},"south":{"uv":[7,7,16,8],"texture":"#0"}}},{"to":[10.175,8.925,8.575],"from":[10,8.625,8.375],"faces":{"down":{"uv":[8.5,10.5,8.75,10.75],"texture":"#3"},"west":{"rotation":180,"uv":[15.5,5.5,16,4.75],"texture":"#3"},"east":{"rotation":180,"uv":[9.25,5.5,9.75,6.25],"texture":"#3"},"up":{"rotation":90,"uv":[12.5,4.5,12.6,5],"texture":"#3"}}},{"to":[7.3,7.8,7.65],"from":[7.2,7.7,7.549],"faces":{"north":{"uv":[14,13.5,15,14.5],"texture":"#0"}}},{"to":[7,7.85,7.65],"from":[6.9,7.75,7.549],"faces":{"north":{"rotation":90,"uv":[14,12,15,13],"texture":"#0"}}},{"to":[5.9,7.75,7.65],"from":[5.8,7.65,7.549],"faces":{"north":{"rotation":90,"uv":[14.5,12,15.5,13],"texture":"#0"}}},{"to":[5.8,8.5,8.1],"rotation":{"origin":[8,8,8],"angle":22.5,"axis":"z"},"from":[5.7,8,7.9],"faces":{"down":{"uv":[15.5,15.5,16,16],"texture":"#0"},"west":{"rotation":180,"uv":[15.5,15.5,16,16],"texture":"#0"},"east":{"rotation":270,"uv":[13.5,12.5,15.5,14],"texture":"#0"},"north":{"uv":[14,10.5,15.5,12.5],"texture":"#0"},"south":{"rotation":180,"uv":[14,12.5,15.5,10.5],"texture":"#0"}}},{"to":[6.69713,6.88787,8.2],"rotation":{"origin":[7.99713,7.99787,8],"angle":0,"axis":"y"},"from":[5.71213,6.78787,7.8],"faces":{"down":{"rotation":270,"uv":[13.5,15.5,13,16],"texture":"#0"},"north":{"rotation":270,"uv":[15,13,14,13.5],"texture":"#0"},"up":{"uv":[11.5,12.5,14,14],"texture":"#0"},"south":{"rotation":270,"uv":[15,13,14,13.5],"texture":"#0"}}},{"to":[7.4,7.8,8.25],"rotation":{"origin":[8,8,8],"angle":0,"axis":"y"},"from":[6.8,6.9,7.75],"faces":{"down":{"rotation":90,"uv":[12,10,14,12.5],"texture":"#0"},"west":{"uv":[12.5,10,14,13],"texture":"#0"},"east":{"rotation":270,"uv":[12.5,15.5,13,16],"texture":"#0"},"north":{"rotation":270,"uv":[13,10,16,12.5],"texture":"#0"},"south":{"rotation":270,"uv":[13,12.5,16,10],"texture":"#0"}}},{"to":[7.35,7.575,8.4375],"rotation":{"origin":[8.05,7.975,7.8875],"angle":0,"axis":"y"},"from":[6.925,7.45,7.5625],"faces":{"down":{"rotation":90,"uv":[12,10,14,12],"texture":"#0"},"west":{"rotation":90,"uv":[15.5,11,16,13.5],"texture":"#0"},"east":{"rotation":270,"uv":[12.5,15.5,13,16],"texture":"#0"},"north":{"rotation":270,"uv":[14.5,12,15,14],"texture":"#0"},"south":{"rotation":270,"uv":[14.5,14,15,12],"texture":"#0"}}},{"to":[14.8495,8.3492,8.475],"rotation":{"origin":[8,8.225,8.175],"angle":45,"axis":"x"},"from":[14.65,8.1007,8.175],"faces":{"east":{"rotation":270,"uv":[14.5,9.5,15.5,11.5],"texture":"#0"},"south":{"rotation":180,"uv":[15,14,16,15.5],"texture":"#0"}}},{"to":[14.8495,8.3492,7.825],"rotation":{"origin":[8,8.225,7.825],"angle":-45,"axis":"x"},"from":[14.65,8.1007,7.525],"faces":{"east":{"rotation":270,"uv":[13.5,9.5,14.5,11.5],"texture":"#0"},"north":{"uv":[9,10,10,11.5],"texture":"#0"}}},{"to":[14.849,8.125,8.2993],"rotation":{"origin":[8,8.225,7.775],"angle":0,"axis":"x"},"from":[14.65,7.925,7.7008],"faces":{"down":{"rotation":90,"uv":[12,9.5,14,10.5],"texture":"#0"},"east":{"rotation":270,"uv":[12.5,10,14,12],"texture":"#0"}}},{"to":[14.85,8.7992,8.475],"rotation":{"origin":[8,8,8.025],"angle":0,"axis":"y"},"from":[14.65,8.1007,7.525],"faces":{"east":{"rotation":90,"uv":[7,7.5,10,12.5],"texture":"#0"},"north":{"rotation":90,"uv":[12.5,11.5,15.5,12.5],"texture":"#0"},"up":{"rotation":180,"uv":[12.5,7,14.5,12.5],"texture":"#0"},"south":{"rotation":90,"uv":[13,14,16,15],"texture":"#0"}}},{"to":[14.85,8.7992,7.525],"rotation":{"origin":[8,8,7.075],"angle":0,"axis":"y"},"from":[14.725,8.7257,7.375],"faces":{"down":{"rotation":180,"uv":[12.5,10,13.5,11],"texture":"#0"},"west":{"rotation":90,"uv":[14.5,12,15,13],"texture":"#0"},"east":{"rotation":180,"uv":[14,12,15,12.5],"texture":"#0"},"up":{"rotation":180,"uv":[14,12,15,13],"texture":"#0"}}},{"to":[14.85,8.7992,7.375],"rotation":{"origin":[8,8,7.025],"angle":0,"axis":"y"},"from":[14.725,8.1257,7.3],"faces":{"north":{"rotation":90,"uv":[10.5,12.5,14.5,13.5],"texture":"#0"},"west":{"rotation":90,"uv":[11,12,15,12.5],"texture":"#0"},"up":{"rotation":270,"uv":[11,12,11.5,13],"texture":"#0"},"down":{"rotation":270,"uv":[15.5,12.5,16,13.5],"texture":"#0"},"east":{"rotation":90,"uv":[11,12,15,12.5],"texture":"#0"},"south":{"rotation":90,"uv":[10.5,10.5,14.5,11.5],"texture":"#0"}}},{"to":[14.85,8.1992,7.525],"rotation":{"origin":[8,7.4,7.075],"angle":0,"axis":"y"},"from":[14.725,8.1257,7.375],"faces":{"down":{"rotation":180,"uv":[12.5,10,13.5,11],"texture":"#0"},"west":{"rotation":90,"uv":[15.5,12,16,13],"texture":"#0"},"east":{"rotation":180,"uv":[14,12,15,12.5],"texture":"#0"},"up":{"rotation":180,"uv":[14.5,12,15.5,13],"texture":"#0"}}},{"to":[14.85,9.11667,8.48249],"rotation":{"origin":[8,7.95556,7.95472],"angle":0,"axis":"y"},"from":[14.65,8.825,7.53249],"faces":{"down":{"rotation":180,"uv":[14,7.5,16,12],"texture":"#0"},"east":{"rotation":90,"uv":[11.5,7,13,12.5],"texture":"#0"},"north":{"rotation":90,"uv":[13.5,15,15,14],"texture":"#0"},"south":{"rotation":90,"uv":[13.5,12.5,15,11.5],"texture":"#0"}}},{"to":[11.75,9.11667,8.48249],"rotation":{"origin":[8,7.95556,7.95472],"angle":0,"axis":"y"},"from":[11.6,8.8,7.53249],"faces":{"west":{"uv":[16,15.5,10,16],"texture":"#0"},"north":{"rotation":90,"uv":[14.5,15,16,14],"texture":"#0"},"south":{"rotation":90,"uv":[14.5,13,16,12],"texture":"#0"}}},{"to":[14.8505,9.22916,8.33552],"rotation":{"origin":[13.9375,10.49996,8.00749],"angle":22.5,"axis":"x"},"from":[14.65,9.04019,8.09802],"faces":{"east":{"rotation":270,"uv":[8,11,9,12.5],"texture":"#0"},"north":{"rotation":90,"uv":[10,15,11,14],"texture":"#0"}}},{"to":[11.75,9.22916,8.36191],"rotation":{"origin":[2.0625,10.49996,8.00749],"angle":22.5,"axis":"x"},"from":[11.6,9.04019,8.09802],"faces":{"west":{"uv":[16,15.5,14.5,16],"texture":"#0"},"north":{"rotation":90,"uv":[13.5,15,14.5,14],"texture":"#0"}}},{"to":[14.8505,9.60967,8.6675],"rotation":{"origin":[13.9375,10.49996,8.00749],"angle":22.5,"axis":"x"},"from":[14.65,9.3194,8.47854],"faces":{"east":{"rotation":180,"uv":[8,11,9,12.5],"texture":"#0"},"up":{"rotation":90,"uv":[11,12.5,12,11.5],"texture":"#0"}}},{"to":[11.75,9.60967,8.6675],"rotation":{"origin":[2.0625,10.49996,8.00749],"angle":22.5,"axis":"x"},"from":[11.6,9.39856,8.47854],"faces":{"west":{"rotation":270,"uv":[11.5,15.5,10,16],"texture":"#0"},"up":{"rotation":90,"uv":[12,12.5,13,11.5],"texture":"#0"}}},{"to":[14.8505,9.60967,7.53645],"rotation":{"origin":[13.9375,10.49996,8.00749],"angle":-22.5,"axis":"x"},"from":[14.65,9.3194,7.34749],"faces":{"east":{"rotation":180,"uv":[11,11,12,12.5],"texture":"#0"},"up":{"rotation":90,"uv":[11,12.5,12,11.5],"texture":"#0"}}},{"to":[11.75,9.60967,7.53645],"rotation":{"origin":[2.0625,10.49996,8.00749],"angle":-22.5,"axis":"x"},"from":[11.6,9.39856,7.34749],"faces":{"west":{"rotation":270,"uv":[10,15.5,8.5,16],"texture":"#0"},"up":{"rotation":90,"uv":[12,12.5,13,11.5],"texture":"#0"}}},{"to":[14.8505,9.22916,7.91697],"rotation":{"origin":[13.9375,10.49996,8.00749],"angle":-22.5,"axis":"x"},"from":[14.65,9.04019,7.67947],"faces":{"east":{"rotation":90,"uv":[11.5,11,13,12.5],"texture":"#0"},"south":{"rotation":90,"uv":[12.5,12.5,13.5,11.5],"texture":"#0"}}},{"to":[11.75,9.22916,7.91697],"rotation":{"origin":[2.0625,10.49996,8.00749],"angle":-22.5,"axis":"x"},"from":[11.6,9.04019,7.65308],"faces":{"west":{"uv":[11.5,15.5,10,16],"texture":"#0"},"south":{"rotation":90,"uv":[13.5,12.5,14.5,11.5],"texture":"#0"}}},{"to":[14.85,9.5495,8.84133],"rotation":{"origin":[13.9375,10.49996,8.00749],"angle":45,"axis":"x"},"from":[14.65,9.36053,8.57744],"faces":{"east":{"rotation":270,"uv":[12,11,13,12.5],"texture":"#0"},"north":{"rotation":90,"uv":[10,15,11,14],"texture":"#0"}}},{"to":[11.75,9.5495,8.78855],"rotation":{"origin":[2.0625,10.49996,8.00749],"angle":45,"axis":"x"},"from":[11.6,9.36053,8.57744],"faces":{"west":{"uv":[16,15.5,14.5,16],"texture":"#0"},"north":{"rotation":90,"uv":[9.5,15,10.5,14],"texture":"#0"}}},{"to":[14.85,9.93001,9.14692],"rotation":{"origin":[13.9375,10.49996,8.00749],"angle":45,"axis":"x"},"from":[14.65,9.66613,8.95796],"faces":{"east":{"rotation":180,"uv":[9.5,11,10.5,12.5],"texture":"#0"},"up":{"rotation":90,"uv":[12,12.5,13,11.5],"texture":"#0"}}},{"to":[11.75,9.93001,9.14692],"rotation":{"origin":[2.0625,10.49996,8.00749],"angle":45,"axis":"x"},"from":[11.6,9.7189,8.95796],"faces":{"west":{"rotation":270,"uv":[11.5,15.5,10,16],"texture":"#0"},"up":{"rotation":90,"uv":[13,12.5,14,11.5],"texture":"#0"}}},{"to":[14.85,9.49718,8.10198],"rotation":{"origin":[13.9375,10.49996,8.00749],"angle":0,"axis":"x"},"from":[14.65,9.20691,7.91301],"faces":{"east":{"rotation":180,"uv":[9,11,10,12.5],"texture":"#0"},"up":{"rotation":270,"uv":[9,15,10,14],"texture":"#0"}}},{"to":[11.75,9.49718,8.10198],"rotation":{"origin":[2.0625,10.49996,8.00749],"angle":0,"axis":"x"},"from":[11.6,9.25968,7.91301],"faces":{"west":{"rotation":270,"uv":[11.5,15.5,10,16],"texture":"#0"},"up":{"rotation":90,"uv":[10.5,12.5,11.5,11.5],"texture":"#0"}}},{"to":[12.26443,6.7891,8.4995],"rotation":{"origin":[7.98943,8.0141,7.9995],"angle":22.5,"axis":"z"},"from":[10.63943,6.3141,7.5005],"faces":{"down":{"uv":[9,12,16,16],"texture":"#1"},"west":{"uv":[0,12,4,14],"texture":"#1"},"north":{"uv":[6.5,12,13.5,14],"texture":"#1"},"south":{"uv":[0,12,7,14],"texture":"#1"}}},{"to":[11.05,8.8001,8.5],"rotation":{"origin":[8,8,8.005],"angle":0,"axis":"y"},"from":[10.9,7.55,7.5],"faces":{"down":{"rotation":270,"uv":[8,11,11,12],"texture":"#0"},"west":{"uv":[15.5,15.5,16,16],"texture":"#0"},"north":{"rotation":90,"uv":[10,15.5,15,14.5],"texture":"#0"},"up":{"rotation":90,"uv":[10,12.5,12.5,11.5],"texture":"#0"},"south":{"rotation":90,"uv":[10,12.5,15,11.5],"texture":"#0"}}},{"to":[11.5,9.525,8.35],"from":[10.2,8.7,7.65],"faces":{"west":{"uv":[4.25,5,5.25,6.75],"texture":"#4"},"east":{"rotation":180,"uv":[3,9.25,4,11],"texture":"#4"},"north":{"uv":[4,4.75,6,6.5],"texture":"#4"},"up":{"uv":[0,6.75,1.75,7.75],"texture":"#3"},"south":{"uv":[5.25,4.75,7.25,6.5],"texture":"#4"}}},{"to":[12.5,9.25,8.2],"from":[10.75,8.875,7.8],"faces":{"down":{"uv":[15.75,15.75,16,16],"texture":"#4"},"north":{"rotation":180,"uv":[8.75,8,9.5,8.75],"texture":"#4"},"up":{"uv":[9,10,9.75,10.75],"texture":"#4"},"south":{"rotation":180,"uv":[9.25,8,10,8.75],"texture":"#4"}}},{"to":[10.1895,9.725,8.35],"rotation":{"origin":[-0.075,0.025,0],"angle":0,"axis":"y"},"from":[10.127,9.525,7.65],"faces":{"north":{"uv":[15,0,16,3],"texture":"#0"},"west":{"uv":[7,0,16,3],"texture":"#0"},"up":{"rotation":90,"uv":[7,0,16,0.99],"texture":"#0"},"down":{"rotation":270,"uv":[7,2.5,16,3],"texture":"#0"},"east":{"uv":[7,0,16,3],"texture":"#0"},"south":{"uv":[15,0,16,3],"texture":"#0"}}},{"to":[11.725,8.275,8.4],"rotation":{"origin":[8.125,8.025,8],"angle":22.5,"axis":"z"},"from":[11.125,8.075,8.35],"faces":{"north":{"uv":[15.5,15.5,16,16],"texture":"#0"},"west":{"uv":[8.5,2,9,4.5],"texture":"#0"},"up":{"uv":[7.5,12.5,14.5,13.5],"texture":"#0"},"down":{"uv":[15.5,15.5,16,16],"texture":"#0"},"east":{"uv":[14.5,2,15,4.5],"texture":"#0"},"south":{"uv":[8.5,2.5,13,4],"texture":"#0"}}},{"to":[11.3255,8.295,8.45],"rotation":{"origin":[8.125,8.025,8],"angle":22.5,"axis":"z"},"from":[11.1255,8.245,8.35],"faces":{"down":{"uv":[15.5,15.5,16,16],"texture":"#0"},"west":{"rotation":270,"uv":[8.5,0,9,1],"texture":"#0"},"east":{"uv":[14,14,15,14.5],"texture":"#0"},"up":{"uv":[8,12,10,13],"texture":"#0"},"south":{"uv":[10.5,14,12.5,14.5],"texture":"#0"}}},{"to":[11.55,6.875,8.43],"rotation":{"origin":[8.125,8.025,8],"angle":45,"axis":"z"},"from":[11.375,6.7,7.78],"faces":{"north":{"uv":[13.5,13,15,14.5],"texture":"#0"},"west":{"rotation":180,"uv":[8.5,10,16,12],"texture":"#0"},"up":{"rotation":90,"uv":[8.5,6.5,13.5,8],"texture":"#0"},"down":{"rotation":90,"uv":[8.5,8,16,10],"texture":"#0"},"east":{"rotation":180,"uv":[11,4.5,16,6],"texture":"#0"},"south":{"rotation":90,"uv":[14,13,15.5,14.5],"texture":"#0"}}},{"to":[5.55,8.45,8.58],"from":[5.35,8.25,8.43],"faces":{"down":{"rotation":90,"uv":[15.5,14.5,16,16],"texture":"#0"},"west":{"uv":[11.5,14.5,12,16],"texture":"#0"},"east":{"rotation":270,"uv":[15,13.5,13.5,14],"texture":"#0"},"up":{"rotation":90,"uv":[11,13.5,11.5,15],"texture":"#0"},"south":{"rotation":90,"uv":[14,14,15.5,15.5],"texture":"#0"}}},{"to":[10.75,7.425,8.4],"rotation":{"origin":[7.9,8.025,8],"angle":45,"axis":"z"},"from":[10.65,7.325,7.75],"faces":{"north":{"uv":[14,13.5,15,14.5],"texture":"#0"},"west":{"rotation":180,"uv":[7,15,14.5,16],"texture":"#0"},"up":{"rotation":270,"uv":[7,12,14.5,13],"texture":"#0"},"down":{"rotation":90,"uv":[7,15,14.5,16],"texture":"#0"},"east":{"uv":[7,14,14.5,15],"texture":"#0"},"south":{"rotation":90,"uv":[13.5,13,14.5,14],"texture":"#0"}}},{"to":[11.175,9.575,8.2],"rotation":{"origin":[-0.075,0.025,0],"angle":0,"axis":"y"},"from":[10.175,9.525,7.8],"faces":{"north":{"uv":[7,14,16,15],"texture":"#0"},"up":{"rotation":90,"uv":[0,0,7,16],"texture":"#0"},"south":{"uv":[7,14,16,15],"texture":"#0"}}},{"to":[11.375,9.575,8.2],"rotation":{"origin":[0.925,0.025,0],"angle":0,"axis":"y"},"from":[11.175,9.525,7.8],"faces":{"north":{"uv":[14,14,16,15],"texture":"#0"},"up":{"rotation":90,"uv":[0,0,7,0.49],"texture":"#0"},"south":{"uv":[14,14,16,15],"texture":"#0"}}},{"to":[10.9,8.92456,8.5351],"rotation":{"origin":[10.55,8.73706,8.3351],"angle":-45,"axis":"x"},"from":[10.2,8.77456,8.4351],"faces":{"west":{"uv":[15.75,15.75,16,16],"texture":"#4"},"east":{"uv":[15.75,15.75,16,16],"texture":"#4"},"south":{"uv":[12.25,5.5,13.25,5],"texture":"#4"}}},{"to":[10.9,8.92456,7.5649],"rotation":{"origin":[10.55,8.73706,7.6649],"angle":45,"axis":"x"},"from":[10.2,8.77456,7.4649],"faces":{"west":{"uv":[15.75,15.75,16,16],"texture":"#4"},"east":{"uv":[15.75,15.75,16,16],"texture":"#4"},"north":{"uv":[12.25,5.5,13.25,5],"texture":"#4"}}},{"to":[10.9,8.905,8.45],"from":[10.2,7.58,7.55],"faces":{"down":{"uv":[7.25,8.75,8,10.25],"texture":"#5"},"west":{"uv":[15.75,15.75,16,16],"texture":"#4"},"east":{"uv":[15.75,15.75,16,16],"texture":"#4"},"north":{"rotation":180,"uv":[14.25,11.5,15.25,7],"texture":"#4"},"south":{"rotation":180,"uv":[14.25,11.5,15.25,7],"texture":"#4"}}},{"to":[9.80288,8.925,9.5968],"rotation":{"origin":[7.99958,8,8.00051],"angle":22.5,"axis":"y"},"from":[9.62788,8.625,9.2968],"faces":{"down":{"uv":[8.5,10.5,8.75,10.75],"texture":"#3"},"west":{"rotation":180,"uv":[15,5.5,15.75,4.75],"texture":"#3"},"east":{"uv":[14.5,5,15.25,5.75],"texture":"#3"},"up":{"rotation":90,"uv":[12.5,4.5,12.6,5],"texture":"#3"},"south":{"uv":[8.25,4.75,8.75,5.5],"texture":"#3"}}},{"to":[7.8,8.948,8.713],"rotation":{"origin":[8,8,8],"angle":-22.5,"axis":"x"},"from":[4.675,8.548,8.563],"faces":{"down":{"uv":[15.75,15.75,16,16],"texture":"#4"},"west":{"uv":[8,5,8.25,6.25],"texture":"#4"},"east":{"uv":[15.75,15.75,16,16],"texture":"#4"},"south":{"uv":[8,5,12.5,6.25],"texture":"#4"}}},{"to":[10.2,8.948,7.486],"rotation":{"origin":[8,8,8],"angle":22.5,"axis":"x"},"from":[4.675,8.548,7.286],"faces":{"west":{"uv":[8,5,8.25,6.25],"texture":"#4"},"north":{"uv":[0,5,8,6.25],"texture":"#4"},"south":{"uv":[15.75,15.75,16,16],"texture":"#4"}}},{"to":[5.6,7.9,8.2],"from":[5.5,7,7.8],"faces":{"west":{"rotation":270,"uv":[12.5,15.5,12,16],"texture":"#0"},"east":{"rotation":270,"uv":[14.5,12.5,16,14],"texture":"#0"},"north":{"rotation":180,"uv":[15,13,14,13.5],"texture":"#0"},"south":{"uv":[15,13,14,13.5],"texture":"#0"}}},{"to":[5.6255,9.05843,8.201],"rotation":{"origin":[7.9975,7.99843,8],"angle":45,"axis":"z"},"from":[5.5255,8.75843,7.799],"faces":{"west":{"rotation":270,"uv":[13,15.5,11,16],"texture":"#0"},"east":{"rotation":270,"uv":[13,12.5,15,14],"texture":"#0"},"north":{"rotation":180,"uv":[15,13,14,13.5],"texture":"#0"},"south":{"uv":[15,13,14,13.5],"texture":"#0"}}},{"to":[6.55262,8.2316,8.201],"rotation":{"origin":[8.09691,7.99631,8],"angle":45,"axis":"z"},"from":[6.25262,8.1316,7.799],"faces":{"down":{"rotation":90,"uv":[16,14.5,14.5,16],"texture":"#0"},"north":{"rotation":270,"uv":[15,13,14,13.5],"texture":"#0"},"up":{"uv":[13,12.5,15,14],"texture":"#0"},"south":{"rotation":270,"uv":[15,13,14,13.5],"texture":"#0"}}},{"to":[7.175,7.15,8.251],"rotation":{"origin":[8.025,7.9,8],"angle":0,"axis":"y"},"from":[7.025,7,7.749],"faces":{"north":{"uv":[14,14,15,15],"texture":"#0"},"south":{"rotation":180,"uv":[13.5,12,14.5,13],"texture":"#0"}}},{"to":[7.25,7.1,8.2],"rotation":{"origin":[0,-0.3,-0.05],"angle":0,"axis":"y"},"from":[7.15,6.3,7.8],"faces":{"down":{"uv":[15.5,15.5,16,16],"texture":"#0"},"west":{"rotation":270,"uv":[13.5,12.5,16,14],"texture":"#0"},"east":{"rotation":180,"uv":[15.5,15.5,16,16],"texture":"#0"},"north":{"uv":[15,10,14,12.5],"texture":"#0"},"south":{"uv":[14,10,15,12.5],"texture":"#0"}}},{"to":[-1.25,6.8,8.15],"from":[-1.45,6.1,7.85],"faces":{"down":{"uv":[14.5,13.5,15.5,14.5],"texture":"#0"},"west":{"uv":[15.5,15.5,16,16],"texture":"#0"},"east":{"uv":[15.5,15.5,16,16],"texture":"#0"},"north":{"uv":[15.5,15.5,16,16],"texture":"#0"},"south":{"uv":[15.5,15.5,16,16],"texture":"#0"}}},{"to":[-1.3,6.25,8.45],"from":[-1.4,6.15,7.55],"faces":{"north":{"uv":[8.5,12,10.5,13],"texture":"#0"},"west":{"rotation":180,"uv":[9.5,7,11.5,8],"texture":"#0"},"up":{"rotation":270,"uv":[12.5,15.5,13,16],"texture":"#0"},"down":{"rotation":270,"uv":[12.5,7.5,13,8],"texture":"#0"},"east":{"rotation":270,"uv":[12.5,15.5,13,16],"texture":"#0"},"south":{"uv":[8.5,12,10.5,13],"texture":"#0"}}},{"to":[-0.8,6.25,8.45],"from":[-0.9,6.15,7.55],"faces":{"north":{"uv":[8.5,12,10.5,13],"texture":"#0"},"west":{"rotation":270,"uv":[12.5,15.5,13,16],"texture":"#0"},"up":{"rotation":270,"uv":[12.5,15.5,13,16],"texture":"#0"},"down":{"rotation":270,"uv":[12.5,7.5,13,8],"texture":"#0"},"east":{"rotation":180,"uv":[9.5,7,11.5,8],"texture":"#0"},"south":{"uv":[8.5,12,10.5,13],"texture":"#0"}}},{"to":[-0.9,6.25,8.55],"rotation":{"origin":[-0.85,6.2,8],"angle":0,"axis":"y"},"from":[-1.3,6.15,8.45],"faces":{"north":{"rotation":270,"uv":[12.5,15.5,13,16],"texture":"#0"},"west":{"uv":[8.5,12,10.5,13],"texture":"#0"},"up":{"rotation":270,"uv":[12.5,15.5,13,16],"texture":"#0"},"down":{"rotation":270,"uv":[12.5,7.5,13,8],"texture":"#0"},"east":{"uv":[8.5,12,10.5,13],"texture":"#0"},"south":{"uv":[8.5,12,10.5,13],"texture":"#0"}}},{"to":[-0.9,6.25,7.55],"rotation":{"origin":[-0.85,6.2,8],"angle":0,"axis":"y"},"from":[-1.3,6.15,7.45],"faces":{"north":{"uv":[8.5,12,10.5,13],"texture":"#0"},"west":{"uv":[8.5,12,10.5,13],"texture":"#0"},"up":{"rotation":270,"uv":[12.5,15.5,13,16],"texture":"#0"},"down":{"rotation":270,"uv":[12.5,7.5,13,8],"texture":"#0"},"east":{"uv":[8.5,12,10.5,13],"texture":"#0"},"south":{"rotation":270,"uv":[12.5,15.5,13,16],"texture":"#0"}}},{"to":[8.15,8.19,8.4505],"rotation":{"origin":[7.6,8.1,7.9985],"angle":0,"axis":"y"},"from":[8,8.04,7.5495],"faces":{"north":{"uv":[13.5,13.5,14.5,14.5],"texture":"#0"},"south":{"rotation":180,"uv":[13.5,12.5,14.5,13.5],"texture":"#0"}}},{"to":[8.65,8.19,8.4505],"rotation":{"origin":[7.7,8.1,7.9985],"angle":0,"axis":"y"},"from":[8.5,8.04,7.5495],"faces":{"north":{"uv":[13.5,13.5,14.5,14.5],"texture":"#0"},"south":{"rotation":90,"uv":[13.5,13.5,14.5,14.5],"texture":"#0"}}},{"to":[14.15,7.999,8.075],"rotation":{"origin":[7.8,8.1,7.985],"angle":0,"axis":"x"},"from":[14,7.898,7.925],"faces":{"down":{"rotation":180,"uv":[14,12.5,15.5,14],"texture":"#0"}}},{"to":[6,8.78,8.45],"from":[4,7.58,8.15],"faces":{"down":{"uv":[7.25,8.75,8,9.5],"texture":"#5"},"west":{"uv":[15.75,15.75,16,16],"texture":"#4"},"east":{"uv":[15.75,15.75,16,16],"texture":"#4"},"up":{"rotation":180,"uv":[5,10.25,14,9.5],"texture":"#4"},"south":{"rotation":180,"uv":[5,11.5,8,7.5],"texture":"#4"}}},{"to":[7.81668,7.10224,8.2],"rotation":{"origin":[1.81668,-1.62776,-0.35],"angle":22.5,"axis":"z"},"from":[6.81668,6.07724,7.8],"faces":{"north":{"rotation":180,"uv":[6.5,9.5,6.75,9.25],"texture":"#4"},"west":{"rotation":180,"uv":[6.5,9.5,6.75,9.25],"texture":"#4"},"up":{"uv":[0,7.75,2,7],"texture":"#4"},"down":{"rotation":180,"uv":[5,10.25,7,9.5],"texture":"#5"},"east":{"rotation":180,"uv":[6.5,9.5,6.75,9.25],"texture":"#4"},"south":{"rotation":180,"uv":[6.5,9.5,6.75,9.25],"texture":"#4"}}},{"to":[10.2,8.825,8.42],"rotation":{"origin":[9.05,8.8,8.42],"angle":0,"axis":"y"},"from":[7.8,8.525,8.22],"faces":{"west":{"uv":[8.25,5,8.75,5.75],"texture":"#3"},"south":{"uv":[8,4.75,16,5.5],"texture":"#3"}}},{"to":[10.2,9.1731,8.42957],"rotation":{"origin":[9.05,8.8,8.42],"angle":-22.5,"axis":"x"},"from":[7.8,8.8231,8.22957],"faces":{"south":{"rotation":180,"uv":[8,4.5,16,5.25],"texture":"#3"}}},{"to":[7.8,8.69,8.22],"from":[7.6,8.4,8.02],"faces":{"west":{"uv":[12,4.75,12.5,5.5],"texture":"#4"},"up":{"uv":[8.25,11,8.75,11.7],"texture":"#4"},"south":{"uv":[12,4.75,12.5,5.5],"texture":"#4"}}},{"to":[7.8,9.19,7.72],"from":[5,7.7,8.22],"faces":{"west":{"uv":[10.75,9.25,11.75,10.25],"texture":"#4"},"east":{"uv":[15.75,15.75,16,16],"texture":"#4"},"south":{"rotation":180,"uv":[4.5,8,13.5,8.25],"texture":"#4"}}},{"to":[10.2,8.78,8.15],"from":[4,7.58,7.55],"faces":{"down":{"uv":[10.5,9.5,11.25,10.25],"texture":"#5"},"west":{"uv":[15.75,15.75,16,16],"texture":"#4"},"north":{"rotation":180,"uv":[5,11.5,14.25,7.5],"texture":"#4"},"up":{"rotation":180,"uv":[5,11.25,14.25,9.5],"texture":"#4"}}},{"to":[17.6,8.975,8.149],"rotation":{"origin":[16.5625,9.25,7.875],"angle":-22.5,"axis":"z"},"from":[17,8.6,7.851],"faces":{"east":{"uv":[15.75,15.75,16,16],"texture":"#3"},"north":{"rotation":270,"uv":[10.25,15.5,10.75,16],"texture":"#5"},"up":{"uv":[11.5,3,12.75,3.75],"texture":"#5"},"south":{"rotation":270,"uv":[10.25,15.5,10.75,16],"texture":"#5"}}},{"to":[16.7875,9.207,8.175],"rotation":{"origin":[16.5625,9.25,7.899],"angle":-45,"axis":"z"},"from":[16.5075,8.927,7.825],"faces":{"north":{"uv":[5.25,4.5,6,5.25],"texture":"#5"},"west":{"uv":[11.5,3,12.25,3.75],"texture":"#5"},"up":{"uv":[11.5,3,12.25,3.75],"texture":"#5"},"down":{"uv":[15.75,15.75,16,16],"texture":"#4"},"east":{"uv":[15.75,15.75,16,16],"texture":"#4"},"south":{"uv":[5.25,4.5,6,5.25],"texture":"#5"}}},{"to":[16.81,8.8525,8.1495],"rotation":{"origin":[8,8,7.9995],"angle":0,"axis":"y"},"from":[16.31,8.5525,7.8505],"faces":{"west":{"uv":[15.75,15.75,16,16],"texture":"#3"},"north":{"uv":[5.25,14.5,5.75,15.5],"texture":"#5"},"south":{"uv":[5.25,14.5,5.75,15.5],"texture":"#5"}}},{"to":[15.4,9.1,8.201],"from":[15.3,9,7.799],"faces":{"north":{"uv":[15.75,15.75,16,16],"texture":"#5"},"south":{"uv":[15.75,15.75,16,16],"texture":"#5"}}},{"to":[15.149,8.8525,8.05],"from":[14.649,8.5525,7.95],"faces":{"east":{"uv":[15.75,15.75,16,16],"texture":"#3"},"north":{"rotation":180,"uv":[11.25,7.5,11.5,8],"texture":"#4"},"south":{"rotation":180,"uv":[11.25,7.5,11.5,8],"texture":"#4"}}},{"to":[14.95,9,8.1],"from":[14.45,8.7,7.9],"faces":{"down":{"uv":[15.75,15.75,16,16],"texture":"#3"},"west":{"rotation":270,"uv":[2.5,9.75,2.75,10.75],"texture":"#4"},"east":{"uv":[15.75,15.75,16,16],"texture":"#3"},"north":{"rotation":90,"uv":[0,11.25,0.25,12.25],"texture":"#4"},"south":{"rotation":270,"uv":[0,11.25,0.25,12.25],"texture":"#4"}}},{"to":[15.65,9.1,8.201],"from":[15.55,9,7.799],"faces":{"north":{"uv":[15.75,15.75,16,16],"texture":"#5"},"south":{"uv":[15.75,15.75,16,16],"texture":"#5"}}},{"to":[16.15,9.1,8.201],"from":[16.05,9,7.799],"faces":{"north":{"uv":[15.75,15.75,16,16],"texture":"#5"},"south":{"uv":[15.75,15.75,16,16],"texture":"#5"}}},{"to":[15.9,9.1,8.201],"from":[15.8,9,7.799],"faces":{"north":{"uv":[15.75,15.75,16,16],"texture":"#5"},"south":{"uv":[15.75,15.75,16,16],"texture":"#5"}}},{"to":[16.25,9.175,8.2],"from":[14.75,8.925,7.8],"faces":{"down":{"uv":[15.75,15.75,16,16],"texture":"#4"},"north":{"uv":[13,4.5,13.25,5.25],"texture":"#4"},"up":{"uv":[11,2.5,11.25,3.25],"texture":"#4"},"south":{"uv":[13,4.5,13.25,5.25],"texture":"#4"}}},{"to":[18.33384,13.05615,8.15],"rotation":{"origin":[10.01584,7.79615,8],"angle":-22.5,"axis":"z"},"from":[18.18384,11.99365,7.85],"faces":{"west":{"rotation":90,"uv":[0,11.5,2.25,12.25],"texture":"#4"},"east":{"uv":[15.75,15.75,16,16],"texture":"#3"},"north":{"rotation":270,"uv":[6.75,6.75,7.25,7.25],"texture":"#4"},"south":{"rotation":90,"uv":[6.75,6.75,7.25,7.25],"texture":"#4"}}},{"to":[19.9,8.825,8.1495],"rotation":{"origin":[8,8,7.9995],"angle":0,"axis":"y"},"from":[19.3,8.5625,7.8505],"faces":{"north":{"rotation":270,"uv":[6.75,6.25,7.25,7],"texture":"#4"},"up":{"uv":[7.25,7.75,7.75,8.5],"texture":"#4"},"south":{"rotation":90,"uv":[6.75,6.25,7.25,7],"texture":"#4"}}},{"to":[20,9.53,8.149],"rotation":{"origin":[8,7.8,8],"angle":0,"axis":"y"},"from":[19.575,9.2,7.851],"faces":{"east":{"rotation":270,"uv":[0,11.5,0.75,12.25],"texture":"#4"},"north":{"rotation":270,"uv":[6.75,6.25,7,7],"texture":"#4"},"up":{"uv":[10,10,10.5,10.75],"texture":"#4"},"south":{"rotation":90,"uv":[8,6.25,8.25,7],"texture":"#4"}}},{"to":[20,9.2,8.149],"rotation":{"origin":[8,7.8,8],"angle":0,"axis":"y"},"from":[19.5,9.075,7.851],"faces":{"down":{"uv":[15.75,15.75,16,16],"texture":"#4"},"east":{"rotation":270,"uv":[0,11.5,0.25,12.25],"texture":"#4"},"north":{"rotation":270,"uv":[6.75,6.25,7,7],"texture":"#4"},"south":{"rotation":90,"uv":[9,6.25,9.25,7],"texture":"#4"}}},{"to":[19.9,9.4,8.2],"rotation":{"origin":[8,7.8,8],"angle":0,"axis":"y"},"from":[19.65,9.15,7.8],"faces":{"north":{"rotation":90,"uv":[13.5,12.5,15,14],"texture":"#0"},"west":{"uv":[14.5,13.5,15,15],"texture":"#0"},"up":{"rotation":90,"uv":[13.5,5.5,14,7],"texture":"#0"},"down":{"uv":[11.5,15.5,13,16],"texture":"#0"},"east":{"uv":[14.5,13.5,15,15],"texture":"#0"},"south":{"rotation":90,"uv":[13.5,12.5,15,14],"texture":"#0"}}},{"to":[19.999,9.59,7.5],"rotation":{"origin":[10,7.8,8],"angle":22.5,"axis":"x"},"from":[19.601,9.39,7.45],"faces":{"west":{"uv":[14.25,5.25,14.5,6],"texture":"#4"},"east":{"uv":[14.25,5.25,14.5,6],"texture":"#4"},"north":{"uv":[11,8.25,11.5,9],"texture":"#4"},"south":{"uv":[14.25,5.25,14.75,6],"texture":"#4"}}},{"to":[19.999,9.59,8.55],"rotation":{"origin":[10,7.8,8],"angle":-22.5,"axis":"x"},"from":[19.601,9.39,8.5],"faces":{"west":{"uv":[14.25,5.25,14.5,6],"texture":"#4"},"east":{"uv":[14.25,5.25,14.5,6],"texture":"#4"},"north":{"uv":[14.25,5.25,14.75,6],"texture":"#4"},"south":{"uv":[11,8.25,11.5,9],"texture":"#4"}}},{"to":[20,9.795,7.827],"rotation":{"origin":[8,7.8,8],"angle":0,"axis":"y"},"from":[19.6,9.645,7.777],"faces":{"west":{"uv":[11.75,4.75,12,5.5],"texture":"#4"},"east":{"uv":[11.75,4.75,12,5.5],"texture":"#4"},"north":{"uv":[11.75,4.75,12.25,5.5],"texture":"#4"},"south":{"uv":[11.5,5.5,12,6.25],"texture":"#4"}}},{"to":[20,9.795,8.223],"rotation":{"origin":[8,7.8,8],"angle":0,"axis":"y"},"from":[19.6,9.645,8.173],"faces":{"west":{"uv":[11.75,4.75,12,5.5],"texture":"#4"},"east":{"uv":[11.75,4.75,12,5.5],"texture":"#4"},"north":{"uv":[11.5,5.5,12,6.25],"texture":"#4"},"south":{"uv":[11.75,4.75,12.25,5.5],"texture":"#4"}}},{"to":[20.0025,9.15354,6.48103],"rotation":{"origin":[10.001,7.79954,7.99903],"angle":45,"axis":"x"},"from":[19.6005,9.05354,6.43103],"faces":{"west":{"uv":[11.5,4.5,11.75,5],"texture":"#4"},"east":{"uv":[11.5,4.5,11.75,5],"texture":"#4"},"north":{"uv":[11.5,4.25,12,5],"texture":"#4"},"up":{"uv":[11,7.5,11.5,8],"texture":"#4"},"south":{"uv":[11.5,5.25,12,5.75],"texture":"#4"}}},{"to":[20.0025,9.15213,9.56955],"rotation":{"origin":[10.001,7.79813,7.99955],"angle":-45,"axis":"x"},"from":[19.6005,9.05213,9.51955],"faces":{"west":{"uv":[11.5,4.5,11.75,5],"texture":"#4"},"east":{"uv":[11.5,4.5,11.75,5],"texture":"#4"},"north":{"uv":[11.5,5.25,12,5.75],"texture":"#4"},"up":{"rotation":180,"uv":[11,7.5,11.5,8],"texture":"#4"},"south":{"uv":[11.5,4.25,12,5],"texture":"#4"}}},{"to":[19.95,9.7,8.015],"rotation":{"origin":[8,7.8,8],"angle":0,"axis":"y"},"from":[19.85,9.5,7.985],"faces":{"west":{"rotation":90,"uv":[10,7.5,10.25,8],"texture":"#4"},"east":{"rotation":270,"uv":[10,7.5,10.25,8],"texture":"#4"},"north":{"rotation":90,"uv":[9.75,7.75,10,8],"texture":"#4"},"up":{"rotation":180,"uv":[9.75,7.25,10,7.75],"texture":"#4"},"south":{"rotation":90,"uv":[9.75,7.75,10,8],"texture":"#4"}}},{"to":[16.65,8.113,8.03677],"rotation":{"origin":[9,8,8.00177],"angle":45,"axis":"x"},"from":[16.5,7.913,7.73677],"faces":{"down":{"rotation":180,"uv":[10.75,7.5,11.25,8.25],"texture":"#4"},"west":{"uv":[15.75,15.75,16,16],"texture":"#3"},"east":{"uv":[15.75,15.75,16,16],"texture":"#3"},"north":{"uv":[10.5,6.5,11,7.25],"texture":"#4"}}},{"to":[16.65,8.113,8.26323],"rotation":{"origin":[9,8,7.99823],"angle":-45,"axis":"x"},"from":[16.5,7.913,7.96323],"faces":{"down":{"uv":[10.75,7.5,11.25,8.25],"texture":"#4"},"west":{"uv":[15.75,15.75,16,16],"texture":"#3"},"east":{"uv":[15.75,15.75,16,16],"texture":"#3"},"south":{"uv":[10.5,6.5,11,7.25],"texture":"#4"}}},{"to":[16.65,8.11373,8.035],"rotation":{"origin":[8,7.99973,8],"angle":0,"axis":"y"},"from":[16.5,7.91373,7.965],"faces":{"down":{"uv":[15.75,15.75,16,16],"texture":"#4"},"west":{"uv":[15.75,15.75,16,16],"texture":"#3"},"east":{"uv":[15.75,15.75,16,16],"texture":"#3"}}},{"to":[19.95,8.113,8.03677],"rotation":{"origin":[12.25,8,8.00177],"angle":45,"axis":"x"},"from":[19.6,7.913,7.73677],"faces":{"down":{"rotation":180,"uv":[10.75,7.5,11.25,8.25],"texture":"#4"},"west":{"uv":[15.75,15.75,16,16],"texture":"#3"},"east":{"uv":[15.75,15.75,16,16],"texture":"#3"},"north":{"uv":[10.5,6.5,11,7.25],"texture":"#4"}}},{"to":[19.95,8.11373,8.035],"rotation":{"origin":[8.25,7.99973,8],"angle":0,"axis":"y"},"from":[19.6,7.91373,7.965],"faces":{"down":{"uv":[15.75,15.75,16,16],"texture":"#4"},"west":{"uv":[15.75,15.75,16,16],"texture":"#3"},"east":{"uv":[15.75,15.75,16,16],"texture":"#3"}}},{"to":[19.95,8.113,8.26323],"rotation":{"origin":[12,8,7.99823],"angle":-45,"axis":"x"},"from":[19.6,7.913,7.96323],"faces":{"down":{"uv":[10.75,7.5,11.25,8.25],"texture":"#4"},"west":{"uv":[15.75,15.75,16,16],"texture":"#3"},"east":{"uv":[15.75,15.75,16,16],"texture":"#3"},"south":{"uv":[10.5,6.5,11,7.25],"texture":"#4"}}},{"to":[20.125,8.225,8.03978],"rotation":{"origin":[17.45,8.375,8],"angle":22.5,"axis":"x"},"from":[14.75,8.175,7.96022],"faces":{"down":{"uv":[0,8,16,8.5],"texture":"#4"},"east":{"uv":[15.75,15.75,16,16],"texture":"#4"},"up":{"rotation":180,"uv":[8.25,2.5,8.5,3],"texture":"#3"}}},{"to":[20.125,8.225,8.03978],"rotation":{"origin":[17.45,8.375,8],"angle":45,"axis":"x"},"from":[14.75,8.175,7.96022],"faces":{"down":{"uv":[0,5.5,16,6],"texture":"#4"},"east":{"uv":[15.75,15.75,16,16],"texture":"#4"},"up":{"rotation":180,"uv":[6,13,6.25,13.5],"texture":"#3"}}},{"to":[20.125,8.225,8.03978],"rotation":{"origin":[17.45,8.375,8],"angle":-22.5,"axis":"x"},"from":[14.75,8.175,7.96022],"faces":{"down":{"rotation":180,"uv":[0,8,16,8.25],"texture":"#4"},"east":{"uv":[15.75,15.75,16,16],"texture":"#4"},"up":{"rotation":180,"uv":[8.25,2.5,8.5,3],"texture":"#3"}}},{"to":[20.125,8.225,8.03978],"rotation":{"origin":[17.45,8.375,8],"angle":-45,"axis":"x"},"from":[14.75,8.175,7.96022],"faces":{"down":{"rotation":180,"uv":[0,8,16,8.5],"texture":"#4"},"east":{"uv":[15.75,15.75,16,16],"texture":"#4"},"up":{"rotation":180,"uv":[6,13,6.25,13.5],"texture":"#3"}}},{"to":[20.125,8.41478,7.85],"rotation":{"origin":[17.45,8.375,8],"angle":22.5,"axis":"x"},"from":[14.75,8.33522,7.8],"faces":{"east":{"uv":[15.75,15.75,16,16],"texture":"#4"},"north":{"uv":[16,5,0,5.5],"texture":"#3"},"south":{"uv":[6.25,2,6.5,2.5],"texture":"#4"}}},{"to":[20.125,8.41478,7.85],"from":[14.75,8.33522,7.8],"faces":{"east":{"uv":[15.75,15.75,16,16],"texture":"#4"},"north":{"uv":[0,4.75,16,5.25],"texture":"#4"},"south":{"rotation":180,"uv":[8.25,13,8.5,13.5],"texture":"#4"}}},{"to":[20.125,8.41478,7.85],"rotation":{"origin":[17.45,8.375,8],"angle":-22.5,"axis":"x"},"from":[14.75,8.33522,7.8],"faces":{"east":{"uv":[15.75,15.75,16,16],"texture":"#4"},"north":{"uv":[16,5.25,0,5.75],"texture":"#4"},"south":{"rotation":180,"uv":[7.75,2.5,8,3],"texture":"#4"}}},{"to":[20.125,8.41478,8.2],"rotation":{"origin":[17.45,8.375,8],"angle":22.5,"axis":"x"},"from":[14.75,8.33522,8.15],"faces":{"east":{"uv":[15.75,15.75,16,16],"texture":"#4"},"north":{"uv":[7.75,2.5,8,3],"texture":"#4"},"south":{"uv":[16,5.25,0,5.75],"texture":"#4"}}},{"to":[20.125,8.41478,8.2],"rotation":{"origin":[17.45,8.375,8],"angle":-22.5,"axis":"x"},"from":[14.75,8.33522,8.15],"faces":{"east":{"uv":[15.75,15.75,16,16],"texture":"#4"},"north":{"rotation":180,"uv":[6.25,2,6.5,2.5],"texture":"#4"},"south":{"uv":[16,5,0,5.5],"texture":"#3"}}},{"to":[20.125,8.41478,8.2],"from":[14.75,8.33522,8.15],"faces":{"east":{"uv":[15.75,15.75,16,16],"texture":"#4"},"north":{"uv":[8.25,13,8.5,13.5],"texture":"#4"},"south":{"uv":[0,4.75,16,5.25],"texture":"#4"}}},{"to":[20.125,8.575,8.03978],"rotation":{"origin":[17.45,8.375,8],"angle":45,"axis":"x"},"from":[14.75,8.525,7.96022],"faces":{"down":{"uv":[5.25,7.5,5.5,8],"texture":"#4"},"east":{"uv":[15.75,15.75,16,16],"texture":"#4"},"up":{"uv":[0,4.75,16,5.25],"texture":"#3"}}},{"to":[20.125,8.575,8.03978],"rotation":{"origin":[17.45,8.375,8],"angle":22.5,"axis":"x"},"from":[14.75,8.525,7.96022],"faces":{"down":{"rotation":180,"uv":[8.75,7.75,9,8.25],"texture":"#5"},"east":{"uv":[15.75,15.75,16,16],"texture":"#4"},"up":{"uv":[0,4.25,16,4.75],"texture":"#3"}}},{"to":[20.125,8.575,8.03978],"from":[14.75,8.525,7.96022],"faces":{"down":{"rotation":180,"uv":[15.75,15.5,16,16],"texture":"#5"},"east":{"uv":[15.75,15.75,16,16],"texture":"#4"},"up":{"uv":[0,3.75,16,4.25],"texture":"#3"}}},{"to":[20.125,8.575,8.03978],"rotation":{"origin":[17.45,8.375,8],"angle":-22.5,"axis":"x"},"from":[14.75,8.525,7.96022],"faces":{"down":{"uv":[8.75,7.75,9,8.25],"texture":"#5"},"east":{"uv":[15.75,15.75,16,16],"texture":"#4"},"up":{"rotation":180,"uv":[0,4.25,16,4.75],"texture":"#3"}}},{"to":[20.125,8.575,8.03978],"rotation":{"origin":[17.45,8.375,8],"angle":-45,"axis":"x"},"from":[14.75,8.525,7.96022],"faces":{"down":{"uv":[5.25,7.5,5.5,8],"texture":"#4"},"east":{"uv":[15.75,15.75,16,16],"texture":"#4"},"up":{"rotation":180,"uv":[0,4.75,16,5.25],"texture":"#3"}}},{"to":[20.3125,8.41478,7.85],"from":[20.2,8.33522,7.8],"faces":{"west":{"uv":[15.75,15.75,16,16],"texture":"#4"},"east":{"rotation":270,"uv":[8.25,9.25,8.5,9.75],"texture":"#3"},"north":{"uv":[0,5,0.25,5.5],"texture":"#3"},"south":{"rotation":180,"uv":[8.25,13,8.5,13.5],"texture":"#4"}}},{"to":[20.3125,8.41478,7.85],"rotation":{"origin":[22.9,8.375,8],"angle":-22.5,"axis":"x"},"from":[20.2,8.33522,7.8],"faces":{"west":{"uv":[15.75,15.75,16,16],"texture":"#4"},"east":{"rotation":90,"uv":[8.25,9.25,8.5,9.75],"texture":"#3"},"north":{"uv":[15.75,5,16,5.5],"texture":"#4"},"south":{"rotation":180,"uv":[7.75,2.5,8,3],"texture":"#4"}}},{"to":[20.3125,8.225,8.03978],"rotation":{"origin":[22.9,8.375,8],"angle":45,"axis":"x"},"from":[20.2,8.175,7.96022],"faces":{"down":{"rotation":180,"uv":[0.25,5.5,0.25,6],"texture":"#4"},"west":{"uv":[15.75,15.75,16,16],"texture":"#4"},"east":{"uv":[7.75,5.5,8,6],"texture":"#3"},"up":{"rotation":180,"uv":[6,13,6.25,13.5],"texture":"#3"}}},{"to":[20.3125,8.225,8.03978],"rotation":{"origin":[22.9,8.375,8],"angle":22.5,"axis":"x"},"from":[20.2,8.175,7.96022],"faces":{"down":{"rotation":180,"uv":[0,8,0.25,8.5],"texture":"#4"},"west":{"uv":[15.75,15.75,16,16],"texture":"#4"},"east":{"uv":[11.5,5.25,11.75,5.75],"texture":"#3"},"up":{"rotation":180,"uv":[8.25,2.5,8.5,3],"texture":"#3"}}},{"to":[20.3125,8.225,8.03978],"from":[20.2,8.175,7.96022],"faces":{"down":{"uv":[15.75,15.75,16,16],"texture":"#4"},"west":{"uv":[15.75,15.75,16,16],"texture":"#4"},"east":{"uv":[7,5,7.25,5.5],"texture":"#3"},"up":{"rotation":180,"uv":[4.25,2.5,4.5,3],"texture":"#3"}}},{"to":[20.3125,8.225,8.03978],"rotation":{"origin":[22.9,8.375,8],"angle":-22.5,"axis":"x"},"from":[20.2,8.175,7.96022],"faces":{"down":{"rotation":180,"uv":[0,8,0.25,8.25],"texture":"#4"},"west":{"uv":[15.75,15.75,16,16],"texture":"#4"},"east":{"uv":[11.5,5.25,11.75,5.75],"texture":"#3"},"up":{"rotation":180,"uv":[8.25,2.5,8.5,3],"texture":"#3"}}},{"to":[20.3125,8.225,8.03978],"rotation":{"origin":[22.9,8.375,8],"angle":-45,"axis":"x"},"from":[20.2,8.175,7.96022],"faces":{"down":{"uv":[0,8,0.25,8.5],"texture":"#4"},"west":{"uv":[15.75,15.75,16,16],"texture":"#4"},"east":{"uv":[7.75,5.5,8,6],"texture":"#3"},"up":{"rotation":180,"uv":[6,13,6.25,13.5],"texture":"#3"}}},{"to":[20.3125,8.41478,8.2],"from":[20.2,8.33522,8.15],"faces":{"west":{"uv":[15.75,15.75,16,16],"texture":"#4"},"east":{"rotation":270,"uv":[8.25,9.25,8.5,9.75],"texture":"#3"},"north":{"uv":[8.25,13,8.5,13.5],"texture":"#4"},"south":{"uv":[0,4.75,0.25,5.25],"texture":"#4"}}},{"to":[20.3125,8.41478,8.2],"rotation":{"origin":[22.9,8.375,8],"angle":22.5,"axis":"x"},"from":[20.2,8.33522,8.15],"faces":{"west":{"uv":[15.75,15.75,16,16],"texture":"#4"},"east":{"rotation":270,"uv":[8.25,9.25,8.5,9.75],"texture":"#3"},"north":{"uv":[7.75,2.5,8,3],"texture":"#4"},"south":{"uv":[15.75,5.25,16,5.75],"texture":"#4"}}},{"to":[20.3125,8.41478,8.2],"rotation":{"origin":[22.9,8.375,8],"angle":-22.5,"axis":"x"},"from":[20.2,8.33522,8.15],"faces":{"west":{"uv":[15.75,15.75,16,16],"texture":"#4"},"east":{"rotation":270,"uv":[9,5.25,9.25,5.75],"texture":"#3"},"north":{"rotation":180,"uv":[6.25,2,6.5,2.5],"texture":"#4"},"south":{"uv":[14.75,4.75,15,5.25],"texture":"#3"}}},{"to":[20.3125,8.575,8.03978],"rotation":{"origin":[22.9,8.375,8],"angle":22.5,"axis":"x"},"from":[20.2,8.525,7.96022],"faces":{"down":{"rotation":180,"uv":[8.75,7.75,9,8.25],"texture":"#5"},"west":{"uv":[15.75,15.75,16,16],"texture":"#4"},"east":{"uv":[9,5,9.25,5.5],"texture":"#3"},"up":{"uv":[0,4,0.25,4.5],"texture":"#3"}}},{"to":[20.3125,8.575,8.03978],"rotation":{"origin":[22.9,8.375,8],"angle":45,"axis":"x"},"from":[20.2,8.525,7.96022],"faces":{"down":{"uv":[5.25,7.5,5.5,8],"texture":"#4"},"west":{"uv":[15.75,15.75,16,16],"texture":"#4"},"east":{"uv":[9,5,9.25,5.5],"texture":"#3"},"up":{"uv":[0,4.5,0.25,5],"texture":"#3"}}},{"to":[20.3125,8.575,8.03978],"from":[20.2,8.525,7.96022],"faces":{"down":{"rotation":180,"uv":[15.75,15.5,16,16],"texture":"#5"},"west":{"uv":[15.75,15.75,16,16],"texture":"#4"},"east":{"uv":[8.75,5,9,5.5],"texture":"#3"},"up":{"uv":[0,3.75,0.25,4.25],"texture":"#3"}}},{"to":[20.3125,8.575,8.03978],"rotation":{"origin":[22.9,8.375,8],"angle":-45,"axis":"x"},"from":[20.2,8.525,7.96022],"faces":{"down":{"uv":[5.25,7.5,5.5,8],"texture":"#4"},"west":{"uv":[15.75,15.75,16,16],"texture":"#4"},"east":{"uv":[9,5,9.25,5.5],"texture":"#3"},"up":{"rotation":180,"uv":[0,4.5,0.25,5],"texture":"#3"}}},{"to":[20.3125,8.575,8.03978],"rotation":{"origin":[22.9,8.375,8],"angle":-22.5,"axis":"x"},"from":[20.2,8.525,7.96022],"faces":{"down":{"uv":[8.75,7.75,9,8.25],"texture":"#5"},"west":{"uv":[15.75,15.75,16,16],"texture":"#4"},"east":{"uv":[9,5,9.25,5.5],"texture":"#3"},"up":{"rotation":180,"uv":[0,3.5,0.25,4],"texture":"#3"}}},{"to":[20.3125,8.41478,7.85],"rotation":{"origin":[22.9,8.375,8],"angle":22.5,"axis":"x"},"from":[20.2,8.33522,7.8],"faces":{"west":{"uv":[15.75,15.75,16,16],"texture":"#4"},"east":{"rotation":90,"uv":[9,5.25,9.25,5.75],"texture":"#3"},"north":{"uv":[15.75,4.75,16,5.25],"texture":"#3"},"south":{"uv":[6.25,2,6.5,2.5],"texture":"#4"}}},{"to":[20.21875,8.225,8.03481],"from":[20.125,8.2,7.96519],"faces":{"down":{"uv":[15.75,15.75,16,16],"texture":"#4"},"up":{"rotation":180,"uv":[4.25,2.5,4.5,3],"texture":"#3"}}},{"to":[20.21875,8.225,8.03481],"rotation":{"origin":[20.18125,8.375,8],"angle":22.5,"axis":"x"},"from":[20.125,8.2,7.96519],"faces":{"down":{"rotation":180,"uv":[8.5,8,8.75,8.25],"texture":"#4"},"up":{"rotation":180,"uv":[8.25,2.5,8.5,3],"texture":"#3"}}},{"to":[20.21875,8.225,8.03481],"rotation":{"origin":[20.18125,8.375,8],"angle":45,"axis":"x"},"from":[20.125,8.2,7.96519],"faces":{"down":{"rotation":180,"uv":[6.25,7.75,6.5,8.25],"texture":"#4"},"up":{"rotation":180,"uv":[6,13,6.25,13.5],"texture":"#3"}}},{"to":[20.21875,8.225,8.03481],"rotation":{"origin":[20.18125,8.375,8],"angle":-22.5,"axis":"x"},"from":[20.125,8.2,7.96519],"faces":{"down":{"rotation":180,"uv":[8.5,8,8.75,8.25],"texture":"#4"},"up":{"rotation":180,"uv":[8.25,2.5,8.5,3],"texture":"#3"}}},{"to":[20.21875,8.225,8.03481],"rotation":{"origin":[20.18125,8.375,8],"angle":-45,"axis":"x"},"from":[20.125,8.2,7.96519],"faces":{"down":{"uv":[6.25,7.75,6.5,8.25],"texture":"#4"},"up":{"rotation":180,"uv":[6,13,6.25,13.5],"texture":"#3"}}},{"to":[20.21875,8.40981,7.85],"rotation":{"origin":[20.18125,8.375,8],"angle":22.5,"axis":"x"},"from":[20.125,8.34019,7.825],"faces":{"north":{"rotation":180,"uv":[10.75,11.75,11,12.25],"texture":"#4"},"south":{"uv":[6.25,2,6.5,2.5],"texture":"#4"}}},{"to":[20.21875,8.40981,7.85],"from":[20.125,8.34019,7.825],"faces":{"north":{"rotation":180,"uv":[11.75,11.5,12,12],"texture":"#4"},"south":{"rotation":180,"uv":[8.25,13,8.5,13.5],"texture":"#4"}}},{"to":[20.21875,8.40981,7.85],"rotation":{"origin":[20.18125,8.375,8],"angle":-22.5,"axis":"x"},"from":[20.125,8.34019,7.825],"faces":{"north":{"rotation":180,"uv":[14.25,11.25,14.5,11.75],"texture":"#4"},"south":{"rotation":180,"uv":[7.75,2.5,8,3],"texture":"#4"}}},{"to":[20.21875,8.40981,8.175],"from":[20.125,8.34019,8.15],"faces":{"north":{"uv":[8.25,13,8.5,13.5],"texture":"#4"},"south":{"rotation":180,"uv":[11.75,11.5,12,12],"texture":"#4"}}},{"to":[20.21875,8.40981,8.175],"rotation":{"origin":[20.18125,8.375,8],"angle":-22.5,"axis":"x"},"from":[20.125,8.34019,8.15],"faces":{"north":{"rotation":180,"uv":[6.25,2,6.5,2.5],"texture":"#4"},"south":{"rotation":180,"uv":[10.75,11.75,11,12.25],"texture":"#4"}}},{"to":[20.21875,8.40981,8.175],"rotation":{"origin":[20.18125,8.375,8],"angle":22.5,"axis":"x"},"from":[20.125,8.34019,8.15],"faces":{"north":{"uv":[7.75,2.5,8,3],"texture":"#4"},"south":{"rotation":180,"uv":[14.25,11.25,14.5,11.75],"texture":"#4"}}},{"to":[20.21875,8.55,8.03481],"rotation":{"origin":[20.18125,8.375,8],"angle":45,"axis":"x"},"from":[20.125,8.525,7.96519],"faces":{"down":{"uv":[5.25,7.5,5.5,8],"texture":"#4"},"up":{"rotation":180,"uv":[10.75,12,11,12.5],"texture":"#4"}}},{"to":[20.21875,8.55,8.03481],"rotation":{"origin":[20.18125,8.375,8],"angle":22.5,"axis":"x"},"from":[20.125,8.525,7.96519],"faces":{"down":{"rotation":180,"uv":[8.75,7.75,9,8.25],"texture":"#5"},"up":{"rotation":180,"uv":[10.75,12.25,11,12.75],"texture":"#4"}}},{"to":[20.21875,8.55,8.03481],"from":[20.125,8.525,7.96519],"faces":{"down":{"rotation":180,"uv":[15.75,15.5,16,16],"texture":"#5"},"up":{"rotation":180,"uv":[9.75,12.5,10,13],"texture":"#4"}}},{"to":[20.21875,8.55,8.03481],"rotation":{"origin":[20.18125,8.375,8],"angle":-22.5,"axis":"x"},"from":[20.125,8.525,7.96519],"faces":{"down":{"uv":[8.75,7.75,9,8.25],"texture":"#5"},"up":{"rotation":180,"uv":[10.75,12.25,11,12.75],"texture":"#4"}}},{"to":[20.21875,8.55,8.03481],"rotation":{"origin":[20.18125,8.375,8],"angle":-45,"axis":"x"},"from":[20.125,8.525,7.96519],"faces":{"down":{"uv":[5.25,7.5,5.5,8],"texture":"#4"},"up":{"uv":[10.75,12,11,12.5],"texture":"#4"}}},{"to":[20,8.625,8.10355],"rotation":{"origin":[19.55,8.375,8],"angle":45,"axis":"x"},"from":[19.15,8.125,7.89645],"faces":{"down":{"rotation":180,"uv":[5.75,5,7.25,5.5],"texture":"#5"},"west":{"uv":[15.75,15.75,16,16],"texture":"#3"},"east":{"uv":[15.75,15.75,16,16],"texture":"#3"},"up":{"uv":[0,4.75,1.5,5.25],"texture":"#5"}}},{"to":[20,8.625,8.10355],"rotation":{"origin":[19.55,8.375,8],"angle":-45,"axis":"x"},"from":[19.15,8.125,7.89645],"faces":{"down":{"uv":[5.75,5,7.25,5.5],"texture":"#5"},"west":{"uv":[15.75,15.75,16,16],"texture":"#3"},"east":{"uv":[15.75,15.75,16,16],"texture":"#3"},"up":{"rotation":180,"uv":[5.75,4.5,7.25,5],"texture":"#5"}}},{"to":[20,8.47855,8.25],"from":[19.15,8.27145,7.75],"faces":{"west":{"uv":[15.75,15.75,16,16],"texture":"#3"},"east":{"uv":[15.75,15.75,16,16],"texture":"#3"},"north":{"uv":[8.5,4.75,10,5.25],"texture":"#5"},"south":{"uv":[8.5,4.75,10,5.25],"texture":"#5"}}},{"to":[17.425,8.625,8.10355],"rotation":{"origin":[16.75,8.375,8],"angle":-45,"axis":"x"},"from":[16.3,8.125,7.89645],"faces":{"down":{"uv":[5.25,5,7,5.5],"texture":"#5"},"west":{"uv":[15.75,15.75,16,16],"texture":"#3"},"east":{"uv":[15.75,15.75,16,16],"texture":"#3"},"up":{"rotation":180,"uv":[5.25,4.5,7,5],"texture":"#5"}}},{"to":[17.425,8.47855,8.25],"from":[16.3,8.27145,7.75],"faces":{"west":{"uv":[15.75,15.75,16,16],"texture":"#3"},"east":{"uv":[15.75,15.75,16,16],"texture":"#3"},"north":{"uv":[5.25,4.75,7,5.25],"texture":"#5"},"south":{"uv":[5.25,4.75,7,5.25],"texture":"#5"}}},{"to":[17.425,8.625,8.10355],"rotation":{"origin":[16.75,8.375,8],"angle":45,"axis":"x"},"from":[16.3,8.125,7.89645],"faces":{"down":{"rotation":180,"uv":[5.25,5,7,5.5],"texture":"#5"},"west":{"uv":[15.75,15.75,16,16],"texture":"#3"},"east":{"uv":[15.75,15.75,16,16],"texture":"#3"},"up":{"uv":[5.25,4.5,7,5],"texture":"#5"}}},{"to":[17.425,8.625,8.10355],"from":[16.3,8.125,7.89645],"faces":{"down":{"uv":[5.25,5.25,7,5.75],"texture":"#5"},"west":{"uv":[15.75,15.75,16,16],"texture":"#3"},"east":{"uv":[15.75,15.75,16,16],"texture":"#3"},"up":{"uv":[5.25,4.25,7,4.75],"texture":"#5"}}},{"to":[15.15,8.625,8.10355],"from":[14.8,8.125,7.89645],"faces":{"down":{"uv":[5.25,5.25,6,5.75],"texture":"#5"},"east":{"uv":[15.75,15.75,16,16],"texture":"#3"},"up":{"uv":[5.25,5.25,6,5.75],"texture":"#5"}}},{"to":[15.15,8.625,8.10355],"rotation":{"origin":[15.25,8.375,8],"angle":-45,"axis":"x"},"from":[14.8,8.125,7.89645],"faces":{"down":{"uv":[5.25,5,6,5.5],"texture":"#5"},"east":{"uv":[15.75,15.75,16,16],"texture":"#3"},"up":{"rotation":180,"uv":[5.25,4.5,6,5],"texture":"#5"}}},{"to":[15.15,8.47855,8.25],"from":[14.8,8.27145,7.75],"faces":{"east":{"uv":[15.75,15.75,16,16],"texture":"#3"},"north":{"uv":[5.25,4.75,6,5.25],"texture":"#5"},"south":{"uv":[5.25,4.75,6,5.25],"texture":"#5"}}},{"to":[15.15,8.625,8.10355],"rotation":{"origin":[15.25,8.375,8],"angle":45,"axis":"x"},"from":[14.8,8.125,7.89645],"faces":{"down":{"rotation":180,"uv":[5.25,5,6,5.5],"texture":"#5"},"east":{"uv":[15.75,15.75,16,16],"texture":"#3"},"up":{"uv":[5.25,4.5,6,5],"texture":"#5"}}},{"to":[16.5,9.15355,8.25],"from":[16.15,8.94645,7.75],"faces":{"west":{"uv":[15.75,15.75,16,16],"texture":"#3"},"east":{"uv":[15.75,15.75,16,16],"texture":"#3"},"north":{"uv":[5.25,4.75,6,5.25],"texture":"#5"},"south":{"uv":[5.25,4.75,6,5.25],"texture":"#5"}}},{"to":[15.15,9.3,8.10355],"from":[14.8,8.8,7.89645],"faces":{"down":{"uv":[5.25,5.25,6,5.75],"texture":"#5"},"east":{"uv":[15.75,15.75,16,16],"texture":"#3"},"up":{"uv":[5.25,4.25,6,4.75],"texture":"#5"}}},{"to":[16.5,9.3,8.10355],"rotation":{"origin":[16.6,9.05,8],"angle":-45,"axis":"x"},"from":[16.15,8.8,7.89645],"faces":{"down":{"uv":[5.25,5,6,5.5],"texture":"#5"},"west":{"uv":[15.75,15.75,16,16],"texture":"#3"},"east":{"uv":[15.75,15.75,16,16],"texture":"#3"},"up":{"rotation":180,"uv":[5.25,4.5,6,5],"texture":"#5"}}},{"to":[16.5,9.3,8.10355],"rotation":{"origin":[16.6,9.05,8],"angle":45,"axis":"x"},"from":[16.15,8.8,7.89645],"faces":{"down":{"rotation":180,"uv":[5.25,5,6,5.5],"texture":"#5"},"west":{"uv":[15.75,15.75,16,16],"texture":"#3"},"east":{"uv":[15.75,15.75,16,16],"texture":"#3"},"up":{"uv":[5.25,4.5,6,5],"texture":"#5"}}},{"to":[15.15,9.15355,8.25],"from":[14.8,8.94645,7.75],"faces":{"east":{"uv":[15.75,15.75,16,16],"texture":"#3"},"north":{"uv":[5.25,4.75,6,5.25],"texture":"#5"},"south":{"uv":[5.25,4.75,6,5.25],"texture":"#5"}}},{"to":[15.15,9.3,8.10355],"rotation":{"origin":[15.25,9.05,8],"angle":-45,"axis":"x"},"from":[14.8,8.8,7.89645],"faces":{"down":{"uv":[5.25,5,6,5.5],"texture":"#5"},"east":{"uv":[15.75,15.75,16,16],"texture":"#3"},"up":{"rotation":180,"uv":[5.25,4.5,6,5],"texture":"#5"}}},{"to":[16.5,9.3,8.10355],"from":[16.15,8.8,7.89645],"faces":{"down":{"uv":[5.25,5.25,6,5.75],"texture":"#5"},"west":{"uv":[15.75,15.75,16,16],"texture":"#3"},"east":{"uv":[15.75,15.75,16,16],"texture":"#3"},"up":{"uv":[5.25,4.25,6,4.75],"texture":"#5"}}},{"to":[15.15,9.3,8.10355],"rotation":{"origin":[15.25,9.05,8],"angle":45,"axis":"x"},"from":[14.8,8.8,7.89645],"faces":{"down":{"rotation":180,"uv":[5.25,5,6,5.5],"texture":"#5"},"east":{"uv":[15.75,15.75,16,16],"texture":"#3"},"up":{"uv":[5.25,4.5,6,5],"texture":"#5"}}},{"to":[0.8005,8.54733,7.70747],"rotation":{"origin":[-0.9505,8.30983,7.99497],"angle":45,"axis":"x"},"from":[-2.5995,8.14733,7.45747],"faces":{"east":{"uv":[0,0,1.5,1.5],"texture":"#1"},"north":{"uv":[3,2,16,3.5],"texture":"#1"}}},{"to":[-2.599,8.54733,7.70747],"rotation":{"origin":[-0.9505,8.30983,7.99497],"angle":45,"axis":"x"},"from":[-2.6995,8.14733,7.45747],"faces":{"west":{"rotation":270,"uv":[10,7,12,8],"texture":"#0"},"north":{"rotation":90,"uv":[7.5,14,9,15],"texture":"#0"}}},{"to":[0.8005,8.54733,8.54253],"rotation":{"origin":[-0.9505,8.30983,8.00503],"angle":-45,"axis":"x"},"from":[-2.5995,8.14733,8.29253],"faces":{"east":{"uv":[0,0,1.5,1.5],"texture":"#1"},"south":{"uv":[2,2,15,3.5],"texture":"#1"}}},{"to":[-2.599,8.54733,8.54253],"rotation":{"origin":[-0.9505,8.30983,8.00503],"angle":-45,"axis":"x"},"from":[-2.6995,8.14733,8.29253],"faces":{"west":{"rotation":90,"uv":[14,7.5,16,8.5],"texture":"#0"},"south":{"rotation":90,"uv":[14,12,15.5,13],"texture":"#0"}}},{"to":[0.8,8.85784,8.21716],"rotation":{"origin":[8.001,7.99534,7.99534],"angle":0,"axis":"y"},"from":[-2.6,8.55159,7.78284],"faces":{"up":{"uv":[0,0,13,2],"texture":"#1"}}},{"to":[1.40019,8.8578,8.21716],"rotation":{"origin":[0.80019,8.8583,7.99536],"angle":-22.5,"axis":"z"},"from":[0.80019,8.55155,7.78286],"faces":{"north":{"uv":[6,3,8.5,4.5],"texture":"#1"},"up":{"uv":[6,3,9,5],"texture":"#1"},"south":{"uv":[6,3,8.5,4.5],"texture":"#1"}}},{"to":[-2.6,8.85784,8.21716],"rotation":{"origin":[8.0015,7.99375,7.99534],"angle":0,"axis":"y"},"from":[-2.7,8.575,7.78284],"faces":{"west":{"uv":[9,7.5,11,9],"texture":"#0"},"up":{"rotation":270,"uv":[13,13.5,15,14.5],"texture":"#0"}}},{"to":[10.2,9.45,8.12426],"rotation":{"origin":[7.6,9.15,8],"angle":45,"axis":"x"},"from":[4.675,9.225,7.87574],"faces":{"west":{"rotation":270,"uv":[8,4.5,8.25,5.25],"texture":"#4"},"up":{"uv":[8,4.5,16,5.25],"texture":"#4"}}},{"to":[10.2,9.45,8.12426],"rotation":{"origin":[7.6,9.15,8],"angle":-45,"axis":"x"},"from":[4.675,9.225,7.87574],"faces":{"west":{"rotation":90,"uv":[8,4.5,8.25,5.25],"texture":"#4"},"up":{"rotation":180,"uv":[0,4.5,8,5.25],"texture":"#4"}}},{"to":[10.2,9.27426,8.3],"from":[4.675,9.02574,7.7],"faces":{"down":{"uv":[15.75,15.75,16,16],"texture":"#4"},"north":{"uv":[8,5.25,16,6],"texture":"#4"},"south":{"uv":[8,5.25,16,6],"texture":"#4"}}},{"to":[7.1,8.55,8.525],"rotation":{"origin":[5.35,8.375,8.2],"angle":-22.5,"axis":"z"},"from":[5.3,8.225,8.45],"faces":{"down":{"uv":[15.75,15.75,16,16],"texture":"#5"},"west":{"rotation":90,"uv":[7.5,4.5,8.25,5.25],"texture":"#5"},"east":{"uv":[7.5,6.75,7.75,8],"texture":"#5"},"up":{"rotation":180,"uv":[7.5,4.5,10,5.25],"texture":"#5"},"south":{"rotation":180,"uv":[7.25,8,10.75,9.25],"texture":"#5"}}},{"to":[7.7,8.8,8.4999],"rotation":{"origin":[5.35,8.375,8.2],"angle":-22.5,"axis":"z"},"from":[6.425,8.55,8.45],"faces":{"up":{"rotation":180,"uv":[7.5,4.5,10.75,5],"texture":"#5"},"south":{"rotation":180,"uv":[8,5.75,9.75,7],"texture":"#5"}}},{"to":[7.7,8.8,8.6],"rotation":{"origin":[5.35,8.375,8.2],"angle":-22.5,"axis":"z"},"from":[7.225,8.75,8.5],"faces":{"down":{"uv":[15.75,15.75,16,16],"texture":"#5"},"west":{"uv":[6.75,7.25,8,7.75],"texture":"#5"},"east":{"uv":[6.75,7.75,8,8.25],"texture":"#5"},"up":{"rotation":180,"uv":[7.5,3.5,8.75,4.5],"texture":"#5"},"south":{"uv":[6.75,7.5,8,8],"texture":"#5"}}},{"to":[6.51,8.355,8.5],"rotation":{"origin":[5.35,8.375,8.2],"angle":0,"axis":"z"},"from":[5.85,8.125,8.45],"faces":{"up":{"rotation":180,"uv":[7.5,4.5,9,5],"texture":"#5"},"south":{"rotation":180,"uv":[8,5.75,9.25,7],"texture":"#5"}}},{"to":[7.765,7.874,8.5],"rotation":{"origin":[5.35,8.375,8.2],"angle":0,"axis":"z"},"from":[6.905,7.569,8.45],"faces":{"down":{"uv":[15.75,15.75,16,16],"texture":"#5"},"east":{"uv":[7.5,6.75,7.75,8],"texture":"#5"},"up":{"rotation":180,"uv":[7.5,4.5,7.75,5],"texture":"#5"},"south":{"rotation":180,"uv":[6.25,8,8,9.25],"texture":"#5"}}},{"to":[7.515,7.624,8.6],"rotation":{"origin":[5.35,8.375,8.2],"angle":0,"axis":"z"},"from":[7.18,7.569,8.5],"faces":{"down":{"uv":[15.75,15.75,16,16],"texture":"#5"},"west":{"uv":[6.75,7.75,8,8.25],"texture":"#5"},"east":{"uv":[6.75,7.75,8,8.25],"texture":"#5"},"up":{"uv":[6.5,11.5,7.75,12.5],"texture":"#5"},"south":{"uv":[6.75,7.5,8,8],"texture":"#5"}}},{"to":[4.84966,9.11396,8.299],"rotation":{"origin":[4.70447,8.80377,7.8259],"angle":-45,"axis":"z"},"from":[4.34966,8.38396,7.701],"faces":{"west":{"uv":[0,4.25,2,5.5],"texture":"#5"},"north":{"uv":[8,5,8.25,7],"texture":"#4"},"south":{"uv":[8,5,8.25,7],"texture":"#4"}}},{"to":[9.3,7.6,8.3005],"rotation":{"origin":[8,8,8.0005],"angle":0,"axis":"y"},"from":[7.5,6.7,7.6995],"faces":{"west":{"uv":[5,10,6,12.5],"texture":"#5"},"east":{"rotation":90,"uv":[0,15,3,16],"texture":"#5"},"north":{"rotation":270,"uv":[4.5,12.5,7,15.5],"texture":"#5"},"south":{"rotation":270,"uv":[12.5,12.5,15,15.5],"texture":"#5"}}},{"to":[9.12677,6.70731,8.3],"rotation":{"origin":[7.49677,6.81231,7.625],"angle":22.5,"axis":"z"},"from":[7.45677,4.51981,7.7],"faces":{"west":{"rotation":90,"uv":[5.75,11.75,8.75,12.75],"texture":"#5"},"east":{"rotation":90,"uv":[4.5,15,7.5,16],"texture":"#5"},"north":{"rotation":270,"uv":[6.75,12.5,9.25,15.5],"texture":"#5"},"south":{"rotation":270,"uv":[4.5,12.5,7,15.5],"texture":"#5"}}},{"to":[10.05399,4.76056,8.301],"rotation":{"origin":[8.39899,4.80806,7.625],"angle":45,"axis":"z"},"from":[8.26399,2.56056,7.699],"faces":{"down":{"rotation":270,"uv":[5.25,11.75,6.25,13],"texture":"#5"},"west":{"rotation":90,"uv":[6.5,11.75,9.5,12.75],"texture":"#5"},"east":{"rotation":90,"uv":[11.25,15,14.25,16],"texture":"#5"},"north":{"rotation":270,"uv":[0,12.5,2.5,15.5],"texture":"#5"},"south":{"rotation":270,"uv":[0,12.5,2.5,15.5],"texture":"#5"}}}],"display":{"thirdperson_righthand":{"rotation":[0,100,0],"translation":[-0.5,0.5,-1.5]},"head":{"scale":[2,2,2]},"thirdperson_lefthand":{"rotation":[0,-90,-170],"translation":[-2,-4.5,7]},"gui":{"rotation":[0,0,45],"translation":[-1.2,0,0]},"firstperson_lefthand":{"translation":[2,3.75,-0.5],"scale":[0,0,0]},"firstperson_righthand":{"rotation":[0,90,0],"scale":[2,2,2],"translation":[-3.5,2,-2.25]},"fixed":{"translation":[0,3,-2],"scale":[-2,2,-2]},"ground":{"translation":[0,1.5,0]}},"credit":"thebradqq's guns"}