{"textures":{"3":"mgs:gun/metal","2":"mgs:gun/copper"},"elements":[{"to":[1.7501,8.12432,8.625],"rotation":{"origin":[6.85538,8,8],"angle":0,"axis":"y"},"from":[1.6501,7.87568,7.375],"faces":{"west":{"uv":[6.25,4.5,6.75,5],"texture":"#2"},"north":{"uv":[6.25,4.5,6.5,5],"texture":"#2"},"south":{"uv":[6.25,4.5,6.5,5],"texture":"#2"}}},{"to":[11.675,9.05,8.43492],"rotation":{"origin":[6.85538,8,8],"angle":0,"axis":"y"},"from":[4.6,6.95,7.56508],"faces":{"down":{"uv":[6.25,7.75,6.75,8.5],"texture":"#3"},"east":{"uv":[9.5,7.25,10.25,8.25],"texture":"#3"},"up":{"rotation":180,"uv":[1.25,3.75,1.75,4.5],"texture":"#3"}}},{"to":[1.99988,9.5,8.29838],"rotation":{"origin":[8.20646,8,8],"angle":0,"axis":"y"},"from":[1.74988,6.5,7.70162],"faces":{"down":{"rotation":180,"uv":[6.25,8,6.75,8.25],"texture":"#3"},"west":{"uv":[8.25,4,8.75,6],"texture":"#3"},"east":{"uv":[12.5,7.5,13,8],"texture":"#3"},"up":{"rotation":180,"uv":[3.5,3.75,4,4.25],"texture":"#3"}}},{"to":[11.2,9.25,8.24864],"rotation":{"origin":[6.85538,8,8],"angle":22.5,"axis":"x"},"from":[2,6.75,7.75136],"faces":{"down":{"rotation":180,"uv":[3,9,7,9.5],"texture":"#3"},"west":{"uv":[12.5,7.5,13,8],"texture":"#3"},"east":{"uv":[9.5,7.25,10.25,8.25],"texture":"#3"},"up":{"uv":[2,3.75,6,4.25],"texture":"#3"}}},{"to":[11.2,9.25,8.24864],"rotation":{"origin":[6.85538,8,8],"angle":-22.5,"axis":"x"},"from":[2,6.75,7.75136],"faces":{"down":{"rotation":180,"uv":[3.5,8,7.5,8.5],"texture":"#3"},"west":{"uv":[12.5,7.5,13,8],"texture":"#3"},"east":{"uv":[9.5,7.25,10.25,8.25],"texture":"#3"},"up":{"uv":[0,3.25,4,3.75],"texture":"#3"}}},{"to":[11.2,9.25,8.24864],"rotation":{"origin":[6.85538,8,8],"angle":45,"axis":"x"},"from":[2,6.75,7.75136],"faces":{"down":{"rotation":180,"uv":[5.75,5.5,9.75,6],"texture":"#3"},"west":{"uv":[12.5,7.5,13,8],"texture":"#3"},"east":{"uv":[9.5,7.25,10.25,8.25],"texture":"#3"},"up":{"uv":[5.25,4.25,9.25,4.75],"texture":"#3"}}},{"to":[11.2,9.25,8.24864],"rotation":{"origin":[6.85538,8,8],"angle":-45,"axis":"x"},"from":[2,6.75,7.75136],"faces":{"down":{"uv":[4.5,5.5,8.5,6],"texture":"#3"},"west":{"uv":[12.5,7.5,13,8],"texture":"#3"},"east":{"uv":[9.5,7.25,10.25,8.25],"texture":"#3"},"up":{"rotation":180,"uv":[1.25,4.25,5.25,4.75],"texture":"#3"}}},{"to":[11.2,8.24864,9.25],"rotation":{"origin":[6.85538,8,8],"angle":-22.5,"axis":"x"},"from":[2,7.75136,6.75],"faces":{"west":{"rotation":90,"uv":[12.5,7.5,13,8],"texture":"#3"},"east":{"uv":[9.5,7.25,10.25,7.75],"texture":"#3"},"north":{"uv":[6.25,5,10.25,5.5],"texture":"#3"},"south":{"uv":[5.25,4.75,9.25,5.25],"texture":"#3"}}},{"to":[11.2,8.24864,9.25],"rotation":{"origin":[6.85538,8,8],"angle":22.5,"axis":"x"},"from":[2,7.75136,6.75],"faces":{"west":{"rotation":270,"uv":[12.5,7.5,13,8],"texture":"#3"},"east":{"uv":[9.5,7.25,10.25,7.75],"texture":"#3"},"north":{"uv":[5.25,4.75,9.25,5.25],"texture":"#3"},"south":{"uv":[6.25,5,10.25,5.5],"texture":"#3"}}},{"to":[11.2,8.24864,9.25],"rotation":{"origin":[6.85538,8,8],"angle":0,"axis":"y"},"from":[2,7.75136,6.75],"faces":{"west":{"uv":[12.5,7.5,13,8],"texture":"#3"},"north":{"uv":[3,12.25,7,12.75],"texture":"#3"},"south":{"uv":[0,12,4,12.5],"texture":"#3"}}},{"to":[11.64093,10.81747,8.24864],"rotation":{"origin":[6.85538,8,8],"angle":-22.5,"axis":"z"},"from":[10.39093,9.81747,7.75136],"faces":{"north":{"rotation":180,"uv":[10.5,2.75,11,3.25],"texture":"#3"},"up":{"uv":[2,3.25,2.75,3.75],"texture":"#3"},"south":{"rotation":180,"uv":[10.5,2.75,11,3.25],"texture":"#3"}}},{"to":[11.64094,6.18254,8.24864],"rotation":{"origin":[6.85538,8,8],"angle":22.5,"axis":"z"},"from":[10.39094,5.18254,7.75136],"faces":{"down":{"rotation":180,"uv":[5.5,7.75,6.25,8.25],"texture":"#3"},"north":{"rotation":180,"uv":[7.5,8,7.75,8.25],"texture":"#3"},"south":{"rotation":180,"uv":[7.5,8,7.75,8.25],"texture":"#3"}}},{"to":[11.64094,8.24864,10.81747],"rotation":{"origin":[6.85538,8,8],"angle":22.5,"axis":"y"},"from":[10.39094,7.75136,9.81747],"faces":{"down":{"rotation":180,"uv":[4.5,12,5,12.5],"texture":"#3"},"up":{"rotation":180,"uv":[4.5,12,5,12.5],"texture":"#3"},"south":{"uv":[0,12,0.75,12.5],"texture":"#3"}}},{"to":[11.64094,8.24864,6.18253],"rotation":{"origin":[6.85538,8,8],"angle":-22.5,"axis":"y"},"from":[10.39094,7.75136,5.18253],"faces":{"down":{"rotation":180,"uv":[4.5,12,5,12.5],"texture":"#3"},"north":{"uv":[0,12,0.75,12.5],"texture":"#3"},"up":{"rotation":180,"uv":[4.5,12,5,12.5],"texture":"#3"}}},{"to":[11.2,9.25,8.24866],"rotation":{"origin":[6.85538,8,8],"angle":0,"axis":"y"},"from":[2,6.75,7.75136],"faces":{"down":{"rotation":180,"uv":[5.5,7.75,9.5,8.25],"texture":"#3"},"west":{"uv":[12.5,7.5,13,8],"texture":"#3"},"up":{"uv":[2,3.25,6,3.75],"texture":"#3"}}},{"to":[11.675,9.05,8.43492],"rotation":{"origin":[6.85538,8,8],"angle":-45,"axis":"x"},"from":[4.6,6.95,7.56508],"faces":{"down":{"rotation":180,"uv":[2,5.75,2.5,6.5],"texture":"#3"},"east":{"uv":[9.5,7.25,10.25,8.25],"texture":"#3"},"up":{"rotation":180,"uv":[1.25,4.25,1.75,5],"texture":"#3"}}},{"to":[11.675,9.05,8.43492],"rotation":{"origin":[6.85538,8,8],"angle":45,"axis":"x"},"from":[4.6,6.95,7.56508],"faces":{"down":{"uv":[2,5.75,2.5,6.5],"texture":"#3"},"east":{"uv":[9.5,7.25,10.25,8.25],"texture":"#3"},"up":{"uv":[1.25,4.25,1.75,5],"texture":"#3"}}},{"to":[11.675,8.43492,9.05],"rotation":{"origin":[6.85538,8,8],"angle":0,"axis":"y"},"from":[4.6,7.56508,6.95],"faces":{"east":{"uv":[9.5,7.25,10.25,8.25],"texture":"#3"},"north":{"uv":[3,4.75,3.5,5.5],"texture":"#3"},"south":{"uv":[3,4.75,3.5,5.5],"texture":"#3"}}},{"to":[13.975,8.875,8.17405],"rotation":{"origin":[6.85538,8,8],"angle":0,"axis":"y"},"from":[11.675,7.125,7.82595],"faces":{"down":{"rotation":180,"uv":[7.25,8,8.25,8.25],"texture":"#3"},"east":{"uv":[5.25,10.5,5.75,11],"texture":"#3"},"up":{"rotation":180,"uv":[3.5,4,4.5,4.25],"texture":"#3"}}},{"to":[13.975,8.875,8.17405],"rotation":{"origin":[6.85538,8,8],"angle":22.5,"axis":"x"},"from":[11.675,7.125,7.82595],"faces":{"down":{"rotation":180,"uv":[5.25,7.75,6.25,8],"texture":"#3"},"east":{"uv":[5.25,10.5,5.75,11],"texture":"#3"},"up":{"rotation":180,"uv":[5.25,4.25,6.25,4.5],"texture":"#3"}}},{"to":[13.975,8.875,8.17405],"rotation":{"origin":[6.85538,8,8],"angle":-22.5,"axis":"x"},"from":[11.675,7.125,7.82595],"faces":{"down":{"rotation":180,"uv":[2.5,8.25,3.5,8.5],"texture":"#3"},"east":{"uv":[5.25,10.5,5.75,11],"texture":"#3"},"up":{"rotation":180,"uv":[4.75,4.25,5.75,4.5],"texture":"#3"}}},{"to":[13.975,8.875,8.17405],"rotation":{"origin":[6.85538,8,8],"angle":45,"axis":"x"},"from":[11.675,7.125,7.82595],"faces":{"down":{"rotation":180,"uv":[4.75,5.5,5.75,5.75],"texture":"#3"},"east":{"uv":[5.25,10.5,5.75,11],"texture":"#3"},"up":{"rotation":180,"uv":[6.75,4.5,7.75,4.75],"texture":"#3"}}},{"to":[13.975,8.875,8.17405],"rotation":{"origin":[6.85538,8,8],"angle":-45,"axis":"x"},"from":[11.675,7.125,7.82595],"faces":{"down":{"rotation":180,"uv":[4.25,5.75,5.25,6],"texture":"#3"},"east":{"uv":[5.25,10.5,5.75,11],"texture":"#3"},"up":{"rotation":180,"uv":[1.25,4.25,2.25,4.5],"texture":"#3"}}},{"to":[13.975,8.17405,8.875],"rotation":{"origin":[6.85538,8,8],"angle":-22.5,"axis":"x"},"from":[11.675,7.82595,7.125],"faces":{"east":{"uv":[5.25,10.5,5.75,11],"texture":"#3"},"north":{"rotation":180,"uv":[3,5.25,4,5.5],"texture":"#3"},"south":{"rotation":180,"uv":[6.75,4.75,7.75,5],"texture":"#3"}}},{"to":[13.975,8.17405,8.875],"rotation":{"origin":[6.85538,8,8],"angle":22.5,"axis":"x"},"from":[11.675,7.82595,7.125],"faces":{"east":{"uv":[5.25,10.5,5.75,11],"texture":"#3"},"north":{"rotation":180,"uv":[1.5,4.75,2.5,5],"texture":"#3"},"south":{"rotation":180,"uv":[8,5.25,9,5.5],"texture":"#3"}}},{"to":[13.975,8.17405,8.875],"rotation":{"origin":[6.85538,8,8],"angle":0,"axis":"y"},"from":[11.675,7.82595,7.125],"faces":{"east":{"uv":[5.25,10.5,5.75,11],"texture":"#3"},"north":{"rotation":180,"uv":[2,5,3,5.25],"texture":"#3"},"south":{"rotation":180,"uv":[5,5,6,5.25],"texture":"#3"}}},{"to":[2,9.5,8.29838],"rotation":{"origin":[8.20646,8,8],"angle":22.5,"axis":"x"},"from":[1.75,6.5,7.70162],"faces":{"down":{"rotation":180,"uv":[6.25,8,6.75,8.25],"texture":"#3"},"west":{"uv":[7.25,4,7.75,6],"texture":"#3"},"east":{"uv":[12.5,7.5,13,8],"texture":"#3"},"up":{"uv":[3.5,4.25,4,4.75],"texture":"#3"}}},{"to":[2,9.5,8.29838],"rotation":{"origin":[8.20646,8,8],"angle":-22.5,"axis":"x"},"from":[1.75,6.5,7.70162],"faces":{"down":{"rotation":180,"uv":[6.25,8,6.75,8.25],"texture":"#3"},"west":{"uv":[7.25,4,7.75,6],"texture":"#3"},"east":{"uv":[12.5,7.5,13,8],"texture":"#3"},"up":{"rotation":180,"uv":[3.5,4.25,4,4.75],"texture":"#3"}}},{"to":[1.99988,9.5,8.29838],"rotation":{"origin":[8.20646,8,8],"angle":45,"axis":"x"},"from":[1.74988,6.5,7.70162],"faces":{"down":{"rotation":180,"uv":[6.25,8,6.75,8.25],"texture":"#3"},"west":{"uv":[10.75,4.5,11.25,6.5],"texture":"#3"},"east":{"uv":[12.5,7.5,13,8],"texture":"#3"},"up":{"uv":[3.75,4.75,4.25,5.25],"texture":"#3"}}},{"to":[1.99988,9.5,8.29838],"rotation":{"origin":[8.20646,8,8],"angle":-45,"axis":"x"},"from":[1.74988,6.5,7.70162],"faces":{"down":{"rotation":180,"uv":[6.25,8,6.75,8.25],"texture":"#3"},"west":{"uv":[6.75,4.5,7.25,6.5],"texture":"#3"},"east":{"uv":[12.5,7.5,13,8],"texture":"#3"},"up":{"rotation":180,"uv":[7.75,4.75,8.25,5.25],"texture":"#3"}}},{"to":[2,8.29838,9.5],"rotation":{"origin":[8.20646,8,8],"angle":-22.5,"axis":"x"},"from":[1.75,7.70162,6.5],"faces":{"west":{"rotation":90,"uv":[0.5,4.75,1,6.75],"texture":"#3"},"east":{"rotation":270,"uv":[12.5,7.5,13,8],"texture":"#3"},"north":{"rotation":180,"uv":[6.75,8,7.25,8.5],"texture":"#3"},"south":{"uv":[5.25,5.5,5.75,6],"texture":"#3"}}},{"to":[2,8.29838,9.5],"rotation":{"origin":[8.20646,8,8],"angle":22.5,"axis":"x"},"from":[1.75,7.70162,6.5],"faces":{"west":{"rotation":270,"uv":[0.75,4.75,1.25,6.75],"texture":"#3"},"east":{"rotation":90,"uv":[12.5,7.5,13,8],"texture":"#3"},"north":{"uv":[6.75,5.5,7.25,6],"texture":"#3"},"south":{"rotation":180,"uv":[6,8,6.5,8.5],"texture":"#3"}}},{"to":[1.99988,8.29838,9.5],"rotation":{"origin":[8.20646,8,8],"angle":0,"axis":"y"},"from":[1.74988,7.70162,6.5],"faces":{"west":{"rotation":90,"uv":[7.25,9.5,7.75,11.5],"texture":"#3"},"east":{"uv":[12.5,7.5,13,8],"texture":"#3"},"north":{"rotation":180,"uv":[4.25,8.25,4.75,8.75],"texture":"#3"},"south":{"rotation":180,"uv":[6.25,8.25,6.75,8.75],"texture":"#3"}}},{"to":[17.39463,8.2,3.86998],"rotation":{"origin":[6.85538,8,8],"angle":-22.5,"axis":"y"},"from":[16.34463,7.8,3.41998],"faces":{"down":{"rotation":180,"uv":[9,10.25,9.5,10.75],"texture":"#2"},"east":{"uv":[7.5,2,8,2.5],"texture":"#2"},"north":{"rotation":180,"uv":[4.75,11.25,5.25,11.75],"texture":"#2"},"up":{"rotation":180,"uv":[6.5,4.75,7,5.25],"texture":"#2"}}},{"to":[17.39463,8.2,12.58002],"rotation":{"origin":[6.85538,8,8],"angle":22.5,"axis":"y"},"from":[16.34463,7.8,12.13002],"faces":{"down":{"rotation":180,"uv":[9,10.25,9.5,10.75],"texture":"#2"},"east":{"uv":[7.5,2,8,2.5],"texture":"#2"},"up":{"uv":[6.5,4.75,7,5.25],"texture":"#2"},"south":{"rotation":180,"uv":[4.75,11.25,5.25,11.75],"texture":"#2"}}},{"to":[17.39463,3.81999,8.2],"rotation":{"origin":[6.85538,8,8],"angle":22.5,"axis":"z"},"from":[16.34463,3.41999,7.8],"faces":{"down":{"rotation":180,"uv":[15,8,15.5,8.5],"texture":"#2"},"east":{"uv":[7.5,2,8,2.5],"texture":"#2"},"north":{"rotation":180,"uv":[5,8,5.5,8.5],"texture":"#2"},"south":{"rotation":180,"uv":[5,8,5.5,8.5],"texture":"#2"}}},{"to":[17.39463,12.58001,8.2],"rotation":{"origin":[6.85538,8,8],"angle":-22.5,"axis":"z"},"from":[16.34463,12.18001,7.8],"faces":{"east":{"uv":[7.5,2,8,2.5],"texture":"#2"},"north":{"uv":[6,4.5,6.5,5],"texture":"#2"},"up":{"uv":[4,4,4.5,4.5],"texture":"#2"},"south":{"uv":[5.75,4.5,6.25,5],"texture":"#2"}}},{"to":[17.375,8.12929,8.65],"rotation":{"origin":[6.85538,8,8],"angle":0,"axis":"y"},"from":[17.025,7.87071,7.35],"faces":{"east":{"uv":[11,7.5,11.5,8],"texture":"#2"},"north":{"rotation":180,"uv":[6.25,11,6.75,11.25],"texture":"#2"},"south":{"rotation":180,"uv":[5.75,10.5,6.25,10.75],"texture":"#2"}}},{"to":[17.375,8.12929,8.65],"rotation":{"origin":[6.85538,8,8],"angle":22.5,"axis":"x"},"from":[17.025,7.87071,7.35],"faces":{"east":{"rotation":90,"uv":[11,7.5,11.5,8],"texture":"#2"},"north":{"rotation":180,"uv":[7,11.5,7.5,11.75],"texture":"#2"},"south":{"rotation":180,"uv":[1.25,10,1.75,10.25],"texture":"#2"}}},{"to":[17.375,8.12929,8.65],"rotation":{"origin":[6.85538,8,8],"angle":-22.5,"axis":"x"},"from":[17.025,7.87071,7.35],"faces":{"east":{"rotation":270,"uv":[11,7.5,11.5,8],"texture":"#2"},"north":{"rotation":180,"uv":[2.5,10,3,10.5],"texture":"#2"},"south":{"rotation":180,"uv":[7.5,11.5,8,11.75],"texture":"#2"}}},{"to":[17.375,8.65,8.12929],"rotation":{"origin":[6.85538,8,8],"angle":-45,"axis":"x"},"from":[17.025,7.35,7.87071],"faces":{"down":{"rotation":180,"uv":[2.75,9.25,3.25,9.5],"texture":"#2"},"east":{"uv":[11.75,7.5,12.25,8],"texture":"#2"},"up":{"rotation":180,"uv":[8,4.75,8.5,5],"texture":"#2"}}},{"to":[17.375,8.65,8.12929],"rotation":{"origin":[6.85538,8,8],"angle":45,"axis":"x"},"from":[17.025,7.35,7.87071],"faces":{"down":{"rotation":180,"uv":[2.75,9.25,3.25,9.75],"texture":"#2"},"east":{"uv":[12.25,7.5,12.75,8],"texture":"#2"},"up":{"uv":[6.5,4.75,7,5],"texture":"#2"}}},{"to":[17.375,8.65,8.12929],"rotation":{"origin":[6.85538,8,8],"angle":-22.5,"axis":"x"},"from":[17.025,7.35,7.87071],"faces":{"down":{"rotation":180,"uv":[4.25,8,4.75,8.25],"texture":"#2"},"east":{"uv":[12.5,7.5,13,8],"texture":"#2"},"up":{"uv":[11,3,11.5,3.25],"texture":"#2"}}},{"to":[17.375,8.65,8.12929],"rotation":{"origin":[6.85538,8,8],"angle":22.5,"axis":"x"},"from":[17.025,7.35,7.87071],"faces":{"down":{"uv":[4.25,8,4.75,8.25],"texture":"#2"},"east":{"uv":[13.25,7.5,13.75,8],"texture":"#2"},"up":{"uv":[11.25,3.25,11.75,3.5],"texture":"#2"}}},{"to":[17.375,8.65,8.12929],"rotation":{"origin":[6.85538,8,8],"angle":0,"axis":"y"},"from":[17.025,7.35,7.87071],"faces":{"down":{"rotation":180,"uv":[7.75,8,8.25,8.25],"texture":"#2"},"east":{"uv":[14,7.5,14.5,8],"texture":"#2"},"up":{"uv":[3.25,4,3.75,4.25],"texture":"#2"}}},{"to":[17.025,8.13924,8.7],"rotation":{"origin":[6.85538,8,8],"angle":0,"axis":"y"},"from":[16.475,7.86076,7.3],"faces":{"east":{"uv":[11,7.5,11.5,8],"texture":"#2"},"north":{"rotation":180,"uv":[4.75,11,5.25,11.25],"texture":"#2"},"south":{"rotation":180,"uv":[6.5,11,7,11.25],"texture":"#2"}}},{"to":[17.025,8.13924,8.7],"rotation":{"origin":[6.85538,8,8],"angle":-22.5,"axis":"x"},"from":[16.475,7.86076,7.3],"faces":{"east":{"rotation":270,"uv":[11,7.5,11.5,8],"texture":"#2"},"north":{"rotation":180,"uv":[2.5,10,3,10.5],"texture":"#2"},"south":{"rotation":180,"uv":[6.25,11.5,6.75,11.75],"texture":"#2"}}},{"to":[17.025,8.7,8.13924],"rotation":{"origin":[6.85538,8,8],"angle":45,"axis":"x"},"from":[16.475,7.3,7.86076],"faces":{"down":{"rotation":180,"uv":[2.75,9.25,3.25,9.75],"texture":"#2"},"east":{"uv":[11,7.5,11.5,8],"texture":"#2"},"up":{"uv":[9,4.75,9.5,5],"texture":"#2"}}},{"to":[17.025,8.13924,8.7],"rotation":{"origin":[6.85538,8,8],"angle":22.5,"axis":"x"},"from":[16.475,7.86076,7.3],"faces":{"east":{"rotation":90,"uv":[11,7.5,11.5,8],"texture":"#2"},"north":{"rotation":180,"uv":[6.75,11.5,7.25,11.75],"texture":"#2"},"south":{"rotation":180,"uv":[1,10,1.5,10.25],"texture":"#2"}}},{"to":[17.025,8.7,8.13924],"rotation":{"origin":[6.85538,8,8],"angle":-45,"axis":"x"},"from":[16.475,7.3,7.86076],"faces":{"down":{"rotation":180,"uv":[2.75,9.25,3.25,9.5],"texture":"#2"},"east":{"uv":[11,7.5,11.5,8],"texture":"#2"},"up":{"rotation":180,"uv":[7.5,4.75,8,5],"texture":"#2"}}},{"to":[17.025,8.7,8.13924],"rotation":{"origin":[6.85538,8,8],"angle":22.5,"axis":"x"},"from":[16.475,7.3,7.86076],"faces":{"down":{"uv":[4.25,8,4.75,8.25],"texture":"#2"},"east":{"uv":[11,7.5,11.5,8],"texture":"#2"},"up":{"uv":[10.5,2.75,11,3],"texture":"#2"}}},{"to":[17.025,8.7,8.13924],"rotation":{"origin":[6.85538,8,8],"angle":-22.5,"axis":"x"},"from":[16.475,7.3,7.86076],"faces":{"down":{"rotation":180,"uv":[4.25,8,4.75,8.25],"texture":"#2"},"east":{"uv":[11,7.5,11.5,8],"texture":"#2"},"up":{"uv":[8.75,4.25,9.25,4.5],"texture":"#2"}}},{"to":[17.025,8.7,8.13924],"rotation":{"origin":[6.85538,8,8],"angle":0,"axis":"y"},"from":[16.475,7.3,7.86076],"faces":{"down":{"rotation":180,"uv":[7.75,8,8.25,8.25],"texture":"#2"},"east":{"uv":[11,7.5,11.5,8],"texture":"#2"},"up":{"uv":[3.25,4,3.75,4.25],"texture":"#2"}}},{"to":[16.475,8.14918,8.75],"rotation":{"origin":[6.85538,8,8],"angle":0,"axis":"y"},"from":[15.675,7.85082,7.25],"faces":{"east":{"uv":[11,7.5,11.5,8],"texture":"#2"},"north":{"rotation":180,"uv":[6.5,11,7,11.25],"texture":"#2"},"south":{"rotation":180,"uv":[4.75,11,5.25,11.25],"texture":"#2"}}},{"to":[16.475,8.14918,8.75],"rotation":{"origin":[6.85538,8,8],"angle":22.5,"axis":"x"},"from":[15.675,7.85082,7.25],"faces":{"east":{"rotation":90,"uv":[11,7.5,11.5,8],"texture":"#2"},"north":{"rotation":180,"uv":[4.75,11.5,5.25,11.75],"texture":"#2"},"south":{"rotation":180,"uv":[1.25,9.75,1.75,10],"texture":"#2"}}},{"to":[16.475,8.14918,8.75],"rotation":{"origin":[6.85538,8,8],"angle":-22.5,"axis":"x"},"from":[15.675,7.85082,7.25],"faces":{"east":{"rotation":270,"uv":[11,7.5,11.5,8],"texture":"#2"},"north":{"rotation":180,"uv":[2.5,10,3,10.5],"texture":"#2"},"south":{"rotation":180,"uv":[6.25,11.5,6.75,11.75],"texture":"#2"}}},{"to":[16.475,8.75,8.14918],"rotation":{"origin":[6.85538,8,8],"angle":-45,"axis":"x"},"from":[15.675,7.25,7.85082],"faces":{"down":{"rotation":180,"uv":[2.75,9.25,3.25,9.5],"texture":"#2"},"east":{"uv":[11,7.5,11.5,8],"texture":"#2"},"up":{"rotation":180,"uv":[5.75,4.75,6.25,5],"texture":"#2"}}},{"to":[16.475,8.75,8.14918],"rotation":{"origin":[6.85538,8,8],"angle":45,"axis":"x"},"from":[15.675,7.25,7.85082],"faces":{"down":{"rotation":180,"uv":[2.75,9.25,3.25,9.75],"texture":"#2"},"east":{"uv":[11,7.5,11.5,8],"texture":"#2"},"up":{"uv":[9.25,4.75,9.75,5],"texture":"#2"}}},{"to":[16.475,8.75,8.14918],"rotation":{"origin":[6.85538,8,8],"angle":-22.5,"axis":"x"},"from":[15.675,7.25,7.85082],"faces":{"down":{"rotation":180,"uv":[4.25,8,4.75,8.25],"texture":"#2"},"east":{"uv":[11,7.5,11.5,8],"texture":"#2"},"up":{"uv":[8.5,4.25,9,4.5],"texture":"#2"}}},{"to":[16.475,8.75,8.14918],"rotation":{"origin":[6.85538,8,8],"angle":22.5,"axis":"x"},"from":[15.675,7.25,7.85082],"faces":{"down":{"uv":[4.25,8,4.75,8.25],"texture":"#2"},"east":{"uv":[11,7.5,11.5,8],"texture":"#2"},"up":{"uv":[12.75,2.25,13.25,2.5],"texture":"#2"}}},{"to":[16.475,8.75,8.14918],"rotation":{"origin":[6.85538,8,8],"angle":0,"axis":"y"},"from":[15.675,7.25,7.85082],"faces":{"down":{"rotation":180,"uv":[7.75,8,8.25,8.25],"texture":"#2"},"east":{"uv":[11,7.5,11.5,8],"texture":"#2"},"up":{"uv":[3.25,4,3.75,4.25],"texture":"#2"}}},{"to":[15.675,8.15913,8.8],"rotation":{"origin":[6.85538,8,8],"angle":0,"axis":"y"},"from":[13.675,7.84087,7.2],"faces":{"east":{"uv":[11,7.5,11.5,8],"texture":"#2"},"north":{"rotation":180,"uv":[5.5,11,6,11.25],"texture":"#2"},"south":{"rotation":180,"uv":[5.5,11,6,11.25],"texture":"#2"}}},{"to":[15.675,8.15913,8.8],"rotation":{"origin":[6.85538,8,8],"angle":-22.5,"axis":"x"},"from":[13.675,7.84087,7.2],"faces":{"east":{"rotation":270,"uv":[11,7.5,11.5,8],"texture":"#2"},"north":{"rotation":180,"uv":[2.5,10,3,10.5],"texture":"#2"},"south":{"rotation":180,"uv":[5.5,11.5,6,11.75],"texture":"#2"}}},{"to":[15.675,8.15913,8.8],"rotation":{"origin":[6.85538,8,8],"angle":22.5,"axis":"x"},"from":[13.675,7.84087,7.2],"faces":{"east":{"rotation":90,"uv":[11,7.5,11.5,8],"texture":"#2"},"north":{"rotation":180,"uv":[5.5,11.5,6,11.75],"texture":"#2"},"south":{"rotation":180,"uv":[1.25,9.75,1.75,10],"texture":"#2"}}},{"to":[15.675,8.8,8.15913],"rotation":{"origin":[6.85538,8,8],"angle":45,"axis":"x"},"from":[13.675,7.2,7.84087],"faces":{"down":{"rotation":180,"uv":[2.75,9.25,3.25,9.75],"texture":"#2"},"east":{"uv":[11,7.5,11.5,8],"texture":"#2"},"up":{"uv":[8.5,4.75,9,5],"texture":"#2"}}},{"to":[15.675,8.8,8.15913],"rotation":{"origin":[6.85538,8,8],"angle":-45,"axis":"x"},"from":[13.675,7.2,7.84087],"faces":{"down":{"rotation":180,"uv":[2.75,9.25,3.25,9.5],"texture":"#2"},"east":{"uv":[11,7.5,11.5,8],"texture":"#2"},"up":{"rotation":180,"uv":[6.5,4.75,7,5],"texture":"#2"}}},{"to":[15.675,8.8,8.15913],"rotation":{"origin":[6.85538,8,8],"angle":22.5,"axis":"x"},"from":[13.675,7.2,7.84087],"faces":{"down":{"uv":[4.25,8,4.75,8.25],"texture":"#2"},"east":{"uv":[11,7.5,11.5,8],"texture":"#2"},"up":{"uv":[5.5,4.25,6,4.5],"texture":"#2"}}},{"to":[15.675,8.8,8.15913],"rotation":{"origin":[6.85538,8,8],"angle":-22.5,"axis":"x"},"from":[13.675,7.2,7.84087],"faces":{"down":{"rotation":180,"uv":[4.25,8,4.75,8.25],"texture":"#2"},"east":{"uv":[11,7.5,11.5,8],"texture":"#2"},"up":{"uv":[7.5,4.25,8,4.5],"texture":"#2"}}},{"to":[15.675,8.8,8.15913],"rotation":{"origin":[6.85538,8,8],"angle":0,"axis":"y"},"from":[13.675,7.2,7.84087],"faces":{"down":{"rotation":180,"uv":[7.75,8,8.25,8.25],"texture":"#2"},"east":{"uv":[11,7.5,11.5,8],"texture":"#2"},"up":{"uv":[3.25,4,3.75,4.25],"texture":"#2"}}},{"to":[1.7501,8.625,8.12432],"rotation":{"origin":[6.85538,8,8],"angle":0,"axis":"y"},"from":[1.6501,7.375,7.87568],"faces":{"down":{"uv":[9.5,8,9.75,8.25],"texture":"#2"},"west":{"uv":[6.25,4.5,6.75,5.25],"texture":"#2"},"up":{"uv":[3.25,4,3.5,4.5],"texture":"#2"}}},{"to":[1.75,8.625,8.12432],"rotation":{"origin":[6.85538,8,8],"angle":22.5,"axis":"x"},"from":[1.65,7.375,7.87568],"faces":{"down":{"uv":[9,8,9.25,8.5],"texture":"#2"},"west":{"uv":[5.25,4.5,5.75,5.25],"texture":"#2"},"up":{"uv":[3.25,4,3.5,4.5],"texture":"#2"}}},{"to":[1.75,8.625,8.12432],"rotation":{"origin":[6.85538,8,8],"angle":-22.5,"axis":"x"},"from":[1.65,7.375,7.87568],"faces":{"down":{"rotation":180,"uv":[9,8,9.25,8.5],"texture":"#2"},"west":{"uv":[5.25,4.5,5.75,5.25],"texture":"#2"},"up":{"rotation":180,"uv":[7.25,4.25,7.5,4.75],"texture":"#2"}}},{"to":[1.7501,8.12432,8.625],"rotation":{"origin":[6.85538,8,8],"angle":-45,"axis":"x"},"from":[1.6501,7.87568,7.375],"faces":{"west":{"rotation":90,"uv":[6.25,4.5,6.75,5.25],"texture":"#2"},"north":{"uv":[6,5.5,6.25,6],"texture":"#2"},"south":{"uv":[3.75,4,4,4.5],"texture":"#2"}}},{"to":[1.7501,8.12432,8.625],"rotation":{"origin":[6.85538,8,8],"angle":45,"axis":"x"},"from":[1.6501,7.87568,7.375],"faces":{"west":{"rotation":270,"uv":[6.25,4.5,6.75,5.25],"texture":"#2"},"north":{"uv":[8.25,4.5,8.5,5],"texture":"#2"},"south":{"uv":[6,5.5,6.25,6],"texture":"#2"}}},{"to":[1.75,8.12432,8.625],"rotation":{"origin":[6.85538,8,8],"angle":-22.5,"axis":"x"},"from":[1.65,7.87568,7.375],"faces":{"west":{"rotation":90,"uv":[9,4.5,9.5,5.25],"texture":"#2"},"north":{"uv":[6.25,5,6.5,5.5],"texture":"#2"},"south":{"uv":[7.25,4.25,7.5,4.75],"texture":"#2"}}},{"to":[1.75,8.12432,8.625],"rotation":{"origin":[6.85538,8,8],"angle":22.5,"axis":"x"},"from":[1.65,7.87568,7.375],"faces":{"west":{"rotation":270,"uv":[9.25,4.5,9.75,5.25],"texture":"#2"},"north":{"uv":[7.25,4.25,7.5,4.75],"texture":"#2"},"south":{"uv":[6.25,5,6.5,5.5],"texture":"#2"}}}],"gui_light":"front","credit":"thebradqq's guns","display":{"thirdperson_righthand":{"rotation":[69,50,20],"scale":[0.15,0.15,0.15]},"head":{"scale":[0.3,0.3,0.3]},"thirdperson_lefthand":{"rotation":[69,-117,-58],"scale":[0.15,0.15,0.15]},"gui":{"rotation":[0,1,45],"scale":[1.6,1.6,1.6]},"firstperson_righthand":{"rotation":[-53,105,86],"scale":[0.3,0.3,0.3],"translation":[4.25,0,0]},"firstperson_lefthand":{"rotation":[-46,-107,-87],"scale":[0.3,0.3,0.3],"translation":[2.5,0,0]},"fixed":{"rotation":[0,-99,90],"scale":[0.3,0.3,0.3],"translation":[0,0,-1]},"ground":{"scale":[0.15,0.15,0.15]}}}