{"credit":"thebradqq's guns","textures":{"0":"mgs:gun/rpg7details","1":"mgs:gun/rpg7wood","2":"mgs:gun/metal_bright","3":"mgs:gun/metal_dark","4":"mgs:misc/reticles","particle":"mgs:gun/metal_dark"},"gui_light":"front","display":{"thirdperson_righthand":{"rotation":[0,90,0],"translation":[0,2.5,2.5],"scale":[0.8,0.8,0.8]},"thirdperson_lefthand":{"rotation":[0,-90,190],"translation":[-1.25,-5,9],"scale":[0.8,0.8,0.8]},"firstperson_righthand":{"rotation":[0,90,0],"translation":[-2.5,5,-1.75],"scale":[1.6,1.6,1.6]},"firstperson_lefthand":{"translation":[2,3,-2],"scale":[0,0,0]},"ground":{"translation":[0,4,0],"scale":[0.8,0.8,0.8]},"gui":{"rotation":[0,0,45],"translation":[0.5,3,0],"scale":[0.8,0.8,0.8]},"head":{"scale":[1.6,1.6,1.6]},"fixed":{"rotation":[0,180,0],"translation":[0,3.5,-2.5],"scale":[1.6,1.6,1.6]}},"elements":[{"from":[5.91553,4.44697,7.62538],"to":[7.00303,5.38447,8.37463],"rotation":{"angle":45,"axis":"z","origin":[5.8625,4.5,8.00038]},"faces":{"north":{"uv":[4,2.5,8.5,6],"rotation":180,"texture":"#1"},"south":{"uv":[4,2.5,8.5,6],"rotation":180,"texture":"#1"},"down":{"uv":[5,7,8,10],"rotation":270,"texture":"#1"}}},{"from":[9.25,3,7.625],"to":[10.75,4.5,8.375],"rotation":{"angle":0,"axis":"y","origin":[8,6,8]},"faces":{"north":{"uv":[7.25,11.75,9.25,13],"texture":"#2"},"east":{"uv":[9.75,9.25,11.5,11.75],"texture":"#2"},"south":{"uv":[7.25,11.75,9.25,13],"texture":"#2"},"west":{"uv":[0,14.75,1.25,16],"rotation":90,"texture":"#3"},"down":{"uv":[9.75,9.75,10.25,10.25],"rotation":90,"texture":"#3"}}},{"from":[9.25,4.5,7.625],"to":[11.275,5.625,8.375],"rotation":{"angle":0,"axis":"y","origin":[8,6,8]},"faces":{"north":{"uv":[7,11,9.75,12.25],"texture":"#2"},"east":{"uv":[8.5,10.25,9.75,11.5],"texture":"#2"},"south":{"uv":[7,11,9.75,12.25],"texture":"#2"},"west":{"uv":[9.25,11,10.5,12.25],"texture":"#3"},"down":{"uv":[5.25,11,5.75,11.5],"texture":"#3"}}},{"from":[9.85,1.8,7.62425],"to":[10.225,2.175,8.37575],"rotation":{"angle":0,"axis":"y","origin":[8,6,7.99925]},"faces":{"north":{"uv":[13.5,13.5,15,15],"texture":"#0"},"south":{"uv":[15,13.5,13.5,15],"texture":"#0"}}},{"from":[9.55,3.225,7.62425],"to":[9.7,3.375,8.37575],"rotation":{"angle":0,"axis":"y","origin":[8,6,7.99925]},"faces":{"north":{"uv":[14,13.5,15,14.5],"texture":"#0"},"south":{"uv":[14,13.5,15,14.5],"rotation":90,"texture":"#0"}}},{"from":[10.7125,3.45,7.62425],"to":[10.8625,3.6,8.37575],"rotation":{"angle":0,"axis":"y","origin":[8,6,7.99925]},"faces":{"north":{"uv":[14.5,13,15.5,14],"texture":"#0"},"south":{"uv":[14.5,13,15.5,14],"rotation":90,"texture":"#0"}}},{"from":[11.0125,4.575,7.62425],"to":[11.1625,4.725,8.37575],"rotation":{"angle":0,"axis":"y","origin":[8,6,7.99925]},"faces":{"north":{"uv":[14.5,13.5,15.5,14.5],"texture":"#0"},"south":{"uv":[14.5,13.5,15.5,14.5],"rotation":90,"texture":"#0"}}},{"from":[8.9,5.025,7.69925],"to":[9.05,5.175,8.30075],"rotation":{"angle":0,"axis":"y","origin":[8,6,8.04925]},"faces":{"north":{"uv":[14.5,13.5,15.5,14.5],"texture":"#0"},"south":{"uv":[14.5,13.5,15.5,14.5],"rotation":90,"texture":"#0"}}},{"from":[11.5375,4.875,7.69925],"to":[11.7625,5.1,8.30075],"rotation":{"angle":0,"axis":"y","origin":[8,6,8.07425]},"faces":{"north":{"uv":[13.5,13.5,14.5,14.5],"texture":"#0"},"south":{"uv":[15,13.5,14,14.5],"texture":"#0"}}},{"from":[5.1625,3.4,7.62425],"to":[5.5375,3.775,8.37575],"rotation":{"angle":0,"axis":"y","origin":[8,6,7.99925]},"faces":{"north":{"uv":[13.5,14,15,15.5],"texture":"#0"},"south":{"uv":[15,14,13.5,15.5],"texture":"#0"}}},{"from":[5.6375,7.0125,7.09925],"to":[5.7875,7.1625,7.62575],"rotation":{"angle":0,"axis":"y","origin":[8,6,7.99925]},"faces":{"north":{"uv":[14,13.5,15,14.5],"texture":"#0"},"south":{"uv":[14,13.5,15,14.5],"rotation":90,"texture":"#0"}}},{"from":[15.2375,6.8625,7.09925],"to":[15.3875,7.0125,7.62575],"rotation":{"angle":0,"axis":"y","origin":[8,6,7.99925]},"faces":{"north":{"uv":[14,13.5,15,14.5],"texture":"#0"},"south":{"uv":[14,13.5,15,14.5],"rotation":90,"texture":"#0"}}},{"from":[8.68694,3.19134,7.62425],"to":[9.21194,3.37884,8.37575],"rotation":{"angle":-22.5,"axis":"z","origin":[8.75,3,8]},"faces":{"north":{"uv":[9,12.75,9.25,13],"texture":"#2"},"south":{"uv":[9,12.75,9.25,13],"texture":"#2"},"down":{"uv":[9.75,9.75,10.25,10.25],"rotation":90,"texture":"#3"}}},{"from":[8.725,3.1875,7.625],"to":[9.25,3.39,8.375],"rotation":{"angle":0,"axis":"z","origin":[8.75,3,8.00075]},"faces":{"north":{"uv":[9,12.75,9.25,13],"texture":"#2"},"south":{"uv":[9,12.75,9.25,13],"texture":"#2"},"west":{"uv":[3.75,11.25,5,12],"rotation":180,"texture":"#2"},"up":{"uv":[11.25,4,12.5,4.75],"rotation":270,"texture":"#3"},"down":{"uv":[9.75,9.75,10.25,10.25],"rotation":90,"texture":"#3"}}},{"from":[8.42444,3.93366,7.7],"to":[9.28694,4.08366,8.3],"rotation":{"angle":22.5,"axis":"z","origin":[8.39375,4.2,8]},"faces":{"north":{"uv":[9.75,11.25,10.25,11.75],"rotation":180,"texture":"#3"},"south":{"uv":[9.75,11.25,10.25,11.75],"rotation":180,"texture":"#3"},"west":{"uv":[9.75,12.5,11.25,13],"rotation":180,"texture":"#3"},"up":{"uv":[9.75,11.25,11.25,13],"rotation":90,"texture":"#3"},"down":{"uv":[9.25,8,9.5,8.25],"rotation":90,"texture":"#3"}}},{"from":[10.75,3.1875,7.625],"to":[10.9375,4.5,8.375],"rotation":{"angle":0,"axis":"y","origin":[8,6,8]},"faces":{"north":{"uv":[8.5,11.75,8.75,13],"texture":"#2"},"east":{"uv":[11.5,3.75,12.75,5],"rotation":180,"texture":"#3"},"south":{"uv":[8.5,11.75,8.75,13],"texture":"#2"},"down":{"uv":[9.75,9.75,10.25,10.25],"rotation":90,"texture":"#3"}}},{"from":[10.9375,3.375,7.8125],"to":[11.9125,3.4875,8.1875],"rotation":{"angle":0,"axis":"y","origin":[8,6,8]},"faces":{"north":{"uv":[8.75,4.5,11,5],"texture":"#3"},"south":{"uv":[8.75,4.5,11,5],"texture":"#3"},"up":{"uv":[10,3.25,10.75,5.5],"rotation":90,"texture":"#3"},"down":{"uv":[9.75,4,10.5,6.25],"rotation":90,"texture":"#3"}}},{"from":[11.275,4.5,7.8125],"to":[12.025,4.65,8.1875],"rotation":{"angle":0,"axis":"y","origin":[8,6,8]},"faces":{"north":{"uv":[8.75,4.5,11,5],"texture":"#3"},"east":{"uv":[9.75,4.75,10.5,5.25],"rotation":180,"texture":"#3"},"south":{"uv":[8.75,4.5,11,5],"texture":"#3"},"down":{"uv":[9,4.5,9.75,6.75],"rotation":90,"texture":"#3"}}},{"from":[8.6875,4.65,7.7],"to":[12.025,5.625,8.3],"rotation":{"angle":0,"axis":"y","origin":[8,6,8.075]},"faces":{"north":{"uv":[6.75,11,11.5,12.5],"texture":"#3"},"east":{"uv":[8,10.5,9,12],"texture":"#3"},"south":{"uv":[6.75,11,11.5,12.5],"texture":"#3"},"west":{"uv":[8,10.5,9,12],"texture":"#3"},"down":{"uv":[15.75,15.75,16,16],"rotation":270,"texture":"#3"}}},{"from":[5.4875,6.75,7.55],"to":[7.1,7.35,7.625],"rotation":{"angle":0,"axis":"y","origin":[8,6.15,8.225]},"faces":{"north":{"uv":[5.25,7.25,6.75,8.25],"texture":"#3"},"east":{"uv":[6.25,1.75,7.25,2.25],"rotation":270,"texture":"#3"},"south":{"uv":[5.25,7.25,6.75,8.25],"texture":"#3"},"west":{"uv":[6.25,1.75,7.25,2.25],"rotation":90,"texture":"#3"},"up":{"uv":[5,2.5,6.5,3],"texture":"#2"}}},{"from":[13.8125,6.675,7.55],"to":[14.075,7.125,7.625],"rotation":{"angle":0,"axis":"y","origin":[15.425,6.075,8.225]},"faces":{"north":{"uv":[8.5,10.5,9,11],"rotation":180,"texture":"#3"},"east":{"uv":[8.5,10.5,9,11],"rotation":180,"texture":"#3"},"south":{"uv":[5.25,7,5.75,8],"texture":"#3"},"west":{"uv":[6,2,7,2.5],"rotation":90,"texture":"#3"},"up":{"uv":[6.25,1.75,7.25,2.25],"rotation":180,"texture":"#3"},"down":{"uv":[15.75,15.75,16,16],"texture":"#3"}}},{"from":[15.1625,6.675,7.55],"to":[15.425,7.125,7.625],"rotation":{"angle":0,"axis":"y","origin":[16.775,6.075,8.225]},"faces":{"north":{"uv":[8.5,10.5,9,11],"rotation":180,"texture":"#3"},"east":{"uv":[6,2,7,2.5],"rotation":270,"texture":"#3"},"south":{"uv":[5.25,7,5.75,8],"texture":"#3"},"west":{"uv":[8.5,10.5,9,11],"rotation":180,"texture":"#3"},"up":{"uv":[6.25,1.75,7.25,2.25],"rotation":180,"texture":"#3"},"down":{"uv":[15.75,15.75,16,16],"texture":"#3"}}},{"from":[14.4125,6.675,7.55],"to":[14.825,7.125,7.625],"rotation":{"angle":0,"axis":"y","origin":[16.175,6.075,8.225]},"faces":{"north":{"uv":[8.5,10.5,9,11],"rotation":180,"texture":"#3"},"east":{"uv":[8.5,10.5,9,11],"rotation":180,"texture":"#3"},"south":{"uv":[8.25,7,9,8],"texture":"#3"},"west":{"uv":[8.5,10.5,9,11],"rotation":180,"texture":"#3"},"up":{"uv":[5.75,2,6.75,2.5],"rotation":180,"texture":"#2"},"down":{"uv":[15.75,15.75,16,16],"texture":"#3"}}},{"from":[14.075,7.05,7.55],"to":[14.4125,7.125,7.625],"rotation":{"angle":0,"axis":"y","origin":[15.8375,6.4125,8.225]},"faces":{"north":{"uv":[8.5,10.5,9,11],"rotation":180,"texture":"#3"},"south":{"uv":[8.25,7,9,7.25],"texture":"#3"},"up":{"uv":[5.75,2,6.75,2.5],"rotation":180,"texture":"#2"},"down":{"uv":[15.75,15.75,16,16],"rotation":180,"texture":"#3"}}},{"from":[14.825,7.05,7.55],"to":[15.1625,7.125,7.625],"rotation":{"angle":0,"axis":"y","origin":[16.5875,6.4125,8.225]},"faces":{"north":{"uv":[8.5,10.5,9,11],"rotation":180,"texture":"#3"},"south":{"uv":[8.25,7,9,7.25],"texture":"#3"},"up":{"uv":[5.75,2,6.75,2.5],"rotation":180,"texture":"#2"},"down":{"uv":[15.75,15.75,16,16],"rotation":180,"texture":"#3"}}},{"from":[5.4875,6.75,7.1],"to":[7.1,7.35,7.175],"rotation":{"angle":0,"axis":"y","origin":[8,6.15,7.775]},"faces":{"north":{"uv":[5.25,7,6.75,8],"texture":"#3"},"east":{"uv":[6.25,1.75,7.25,2.25],"rotation":90,"texture":"#3"},"south":{"uv":[5.25,7.25,6.75,8.25],"texture":"#3"},"west":{"uv":[6.25,1.75,7.25,2.25],"rotation":270,"texture":"#3"},"up":{"uv":[5,2.5,6.5,3],"rotation":180,"texture":"#2"},"down":{"uv":[15.75,15.75,16,16],"texture":"#3"}}},{"from":[4.4375,5.1,7.1],"to":[6.65,5.7,7.4],"rotation":{"angle":0,"axis":"y","origin":[8,6.15,7.775]},"faces":{"north":{"uv":[7,12.75,10.5,14.25],"rotation":180,"texture":"#3"},"east":{"uv":[9.25,7.25,10.75,8],"rotation":90,"texture":"#3"},"south":{"uv":[15.5,15.5,15.75,15.75],"rotation":180,"texture":"#3"},"west":{"uv":[9.25,7.25,10.75,8],"rotation":270,"texture":"#3"},"up":{"uv":[10.5,2.5,14,3],"rotation":180,"texture":"#3"},"down":{"uv":[7.25,11.25,10.75,12],"texture":"#3"}}},{"from":[13.8125,6.675,7.1],"to":[14.075,7.125,7.175],"rotation":{"angle":0,"axis":"y","origin":[15.425,6.075,7.775]},"faces":{"north":{"uv":[5.25,7,5.75,8],"texture":"#3"},"east":{"uv":[8.5,10.5,9,11],"rotation":180,"texture":"#3"},"south":{"uv":[8.5,10.5,9,11],"rotation":180,"texture":"#3"},"west":{"uv":[6,2,7,2.5],"rotation":270,"texture":"#3"},"up":{"uv":[6.25,1.75,7.25,2.25],"texture":"#3"},"down":{"uv":[15.75,15.75,16,16],"texture":"#3"}}},{"from":[15.1625,6.675,7.1],"to":[15.425,7.125,7.175],"rotation":{"angle":0,"axis":"y","origin":[16.775,6.075,7.775]},"faces":{"north":{"uv":[5.25,7,5.75,8],"texture":"#3"},"east":{"uv":[6,2,7,2.5],"rotation":90,"texture":"#3"},"south":{"uv":[8.5,10.5,9,11],"rotation":180,"texture":"#3"},"west":{"uv":[8.5,10.5,9,11],"rotation":180,"texture":"#3"},"up":{"uv":[6.25,1.75,7.25,2.25],"texture":"#3"},"down":{"uv":[15.75,15.75,16,16],"texture":"#3"}}},{"from":[14.4125,6.675,7.1],"to":[14.825,7.125,7.175],"rotation":{"angle":0,"axis":"y","origin":[16.175,6.075,7.775]},"faces":{"north":{"uv":[8.25,7,9,8],"texture":"#3"},"east":{"uv":[8.5,10.5,9,11],"rotation":180,"texture":"#3"},"south":{"uv":[8.5,10.5,9,11],"rotation":180,"texture":"#3"},"west":{"uv":[8.5,10.5,9,11],"rotation":180,"texture":"#3"},"up":{"uv":[1.75,2,2.75,2.5],"texture":"#2"},"down":{"uv":[15.75,15.75,16,16],"texture":"#3"}}},{"from":[14.075,7.05,7.1],"to":[14.4125,7.125,7.175],"rotation":{"angle":0,"axis":"y","origin":[15.8375,6.4125,7.775]},"faces":{"north":{"uv":[8.25,7,9,7.25],"texture":"#3"},"south":{"uv":[8.5,10.5,9,11],"rotation":180,"texture":"#3"},"up":{"uv":[5.75,2,6.75,2.5],"texture":"#2"},"down":{"uv":[15.75,15.75,16,16],"rotation":180,"texture":"#3"}}},{"from":[14.825,7.05,7.1],"to":[15.1625,7.125,7.175],"rotation":{"angle":0,"axis":"y","origin":[16.5875,6.4125,7.775]},"faces":{"north":{"uv":[8.25,7,9,7.25],"texture":"#3"},"south":{"uv":[8.5,10.5,9,11],"rotation":180,"texture":"#3"},"up":{"uv":[5.75,2,6.75,2.5],"texture":"#2"},"down":{"uv":[15.75,15.75,16,16],"rotation":180,"texture":"#3"}}},{"from":[11.0875,3.975,7.85],"to":[11.2,4.5,8.15],"rotation":{"angle":0,"axis":"y","origin":[8,6,7.9625]},"faces":{"north":{"uv":[10.25,8,10.5,9.25],"texture":"#3"},"east":{"uv":[9.75,10.5,10.5,11.75],"texture":"#3"},"south":{"uv":[10.25,8,10.5,9.25],"texture":"#3"},"west":{"uv":[10.25,8,10.5,8.25],"texture":"#3"}}},{"from":[11.04944,3.48366,7.85],"to":[11.16194,3.78366,8.15],"rotation":{"angle":22.5,"axis":"z","origin":[10.5875,3.975,7.9625]},"faces":{"north":{"uv":[9.75,11.25,10,12],"texture":"#3"},"east":{"uv":[9.75,11.75,10.5,12.5],"texture":"#3"},"south":{"uv":[9.75,11.25,10,12],"texture":"#3"},"west":{"uv":[10.25,8,10.5,8.25],"texture":"#3"},"down":{"uv":[10.25,8,10.5,8.25],"texture":"#3"}}},{"from":[10.56194,3.67116,7.85],"to":[11.04944,3.78366,8.15],"rotation":{"angle":22.5,"axis":"z","origin":[10.5875,3.975,7.9625]},"faces":{"north":{"uv":[9.75,11.25,10.25,11.75],"rotation":180,"texture":"#3"},"south":{"uv":[9.75,11.25,10.25,11.75],"rotation":180,"texture":"#3"},"up":{"uv":[10.25,8,10.5,8.25],"texture":"#3"},"down":{"uv":[10.25,8,10.5,8.25],"texture":"#3"}}},{"from":[11.9125,3.375,7.8125],"to":[12.025,4.5,8.1875],"rotation":{"angle":0,"axis":"y","origin":[8,6,8]},"faces":{"north":{"uv":[9.5,4.75,11.75,5],"rotation":90,"texture":"#3"},"east":{"uv":[9.75,2.75,10.5,5],"rotation":180,"texture":"#3"},"south":{"uv":[9.5,4.75,11.75,5],"rotation":90,"texture":"#3"},"west":{"uv":[10,2.75,10.75,5],"rotation":180,"texture":"#3"},"down":{"uv":[9.75,4,10.5,4.25],"rotation":90,"texture":"#3"}}},{"from":[7.625,5.25,7.85083],"to":[16.45,6.75,8.14918],"rotation":{"angle":0,"axis":"y","origin":[8,6,8]},"faces":{"east":{"uv":[1,10.5,1.5,16],"texture":"#0"},"up":{"uv":[4,4.5,13,5.25],"rotation":180,"texture":"#2"},"down":{"uv":[15.75,15.75,16,16],"texture":"#3"}}},{"from":[4.25,5.1,7.82098],"to":[7.625,6.9,8.17902],"rotation":{"angle":0,"axis":"y","origin":[8,6,8]},"faces":{"east":{"uv":[7,4.5,7.75,5.5],"texture":"#3"},"up":{"uv":[7,4.25,10,5],"rotation":180,"texture":"#2"},"down":{"uv":[15.75,15.75,16,16],"rotation":180,"texture":"#3"}}},{"from":[3.8375,4.95,7.79114],"to":[4.025,7.05,8.20886],"rotation":{"angle":0,"axis":"y","origin":[3.93125,6,8]},"faces":{"east":{"uv":[9,9.5,9.25,9.75],"texture":"#3"},"west":{"uv":[9,9.5,9.25,9.75],"texture":"#3"},"up":{"uv":[8,3.75,8.5,4.5],"texture":"#3"},"down":{"uv":[15.75,15.75,16,16],"rotation":180,"texture":"#3"}}},{"from":[3.8375,7.05,7.90364],"to":[4.025,7.275,8.09636],"rotation":{"angle":22.5,"axis":"x","origin":[3.93125,6,8.0375]},"faces":{"north":{"uv":[7.5,5,8,5.5],"texture":"#3"},"east":{"uv":[9,9.5,9.25,9.75],"texture":"#3"},"south":{"uv":[7.5,5,8,5.5],"texture":"#3"},"west":{"uv":[9,9.5,9.25,9.75],"texture":"#3"},"up":{"uv":[9.5,4,10,4.5],"texture":"#3"}}},{"from":[-7.95,6.75,7.90364],"to":[-7.7625,6.975,8.09636],"rotation":{"angle":22.5,"axis":"x","origin":[3.93125,6,8.0375]},"faces":{"north":{"uv":[7.5,5,8,5.5],"texture":"#3"},"east":{"uv":[9,9.5,9.25,9.75],"texture":"#3"},"south":{"uv":[7.5,5,8,5.5],"texture":"#3"},"west":{"uv":[9,9.5,9.25,9.75],"texture":"#3"},"up":{"uv":[9.5,4,10,4.5],"texture":"#3"}}},{"from":[-3.875,6.75,7.90364],"to":[-3.6875,6.975,8.09636],"rotation":{"angle":22.5,"axis":"x","origin":[3.93125,6,8.0375]},"faces":{"north":{"uv":[7.5,5,8,5.5],"texture":"#3"},"east":{"uv":[9,9.5,9.25,9.75],"texture":"#3"},"south":{"uv":[7.5,5,8,5.5],"texture":"#3"},"west":{"uv":[9,9.5,9.25,9.75],"texture":"#3"},"up":{"uv":[9.5,4,10,4.5],"texture":"#3"}}},{"from":[3.8375,5.79114,6.95],"to":[4.025,6.20886,9.05],"rotation":{"angle":0,"axis":"x","origin":[3.93125,6,8]},"faces":{"north":{"uv":[7.75,8,8.25,8.75],"rotation":180,"texture":"#3"},"east":{"uv":[9,9.5,9.25,9.75],"texture":"#3"},"south":{"uv":[7.75,8,8.25,8.75],"rotation":180,"texture":"#3"},"west":{"uv":[9,9.5,9.25,9.75],"texture":"#3"}}},{"from":[3.8375,5.79114,6.95],"to":[4.025,6.20886,9.05],"rotation":{"angle":22.5,"axis":"x","origin":[3.93125,6,8]},"faces":{"north":{"uv":[8,5.5,8.5,6.25],"texture":"#3"},"east":{"uv":[9,9.5,9.25,9.75],"texture":"#3"},"south":{"uv":[7.75,8,8.25,8.25],"rotation":180,"texture":"#3"},"west":{"uv":[9,9.5,9.25,9.75],"texture":"#3"}}},{"from":[3.8375,5.79114,6.95],"to":[4.025,6.20886,9.05],"rotation":{"angle":-22.5,"axis":"x","origin":[3.93125,6,8]},"faces":{"north":{"uv":[7.75,8,8.25,8.25],"rotation":180,"texture":"#3"},"east":{"uv":[9,9.5,9.25,9.75],"texture":"#3"},"south":{"uv":[8,5.5,8.5,6.25],"texture":"#3"},"west":{"uv":[9,9.5,9.25,9.75],"texture":"#3"}}},{"from":[3.8375,4.95,7.79114],"to":[4.025,7.05,8.20886],"rotation":{"angle":-45,"axis":"x","origin":[3.93125,6,8]},"faces":{"east":{"uv":[9,9.5,9.25,9.75],"texture":"#3"},"west":{"uv":[9,9.5,9.25,9.75],"texture":"#3"},"up":{"uv":[8,5,8.5,5.75],"rotation":180,"texture":"#3"},"down":{"uv":[7.75,8,8.25,8.25],"rotation":180,"texture":"#3"}}},{"from":[3.8375,4.95,7.79114],"to":[4.025,7.05,8.20886],"rotation":{"angle":45,"axis":"x","origin":[3.93125,6,8]},"faces":{"east":{"uv":[9,9.5,9.25,9.75],"texture":"#3"},"west":{"uv":[9,9.5,9.25,9.75],"texture":"#3"},"up":{"uv":[8,5,8.5,5.75],"texture":"#3"},"down":{"uv":[7.75,8,8.25,8.25],"rotation":180,"texture":"#3"}}},{"from":[3.8375,4.95,7.79114],"to":[4.025,7.05,8.20886],"rotation":{"angle":-22.5,"axis":"x","origin":[3.93125,6,8]},"faces":{"east":{"uv":[9,9.5,9.25,9.75],"texture":"#3"},"west":{"uv":[9,9.5,9.25,9.75],"texture":"#3"},"up":{"uv":[8,4.25,8.5,5],"rotation":180,"texture":"#3"},"down":{"uv":[15.75,15.75,16,16],"rotation":180,"texture":"#3"}}},{"from":[3.8375,4.95,7.79114],"to":[4.025,7.05,8.20886],"rotation":{"angle":22.5,"axis":"x","origin":[3.93125,6,8]},"faces":{"east":{"uv":[9,9.5,9.25,9.75],"texture":"#3"},"west":{"uv":[9,9.5,9.25,9.75],"texture":"#3"},"up":{"uv":[8,4.25,8.5,5],"texture":"#3"},"down":{"uv":[15.75,15.75,16,16],"rotation":180,"texture":"#3"}}},{"from":[-1.75,4.96875,7.79487],"to":[4.25,7.03125,8.20513],"rotation":{"angle":0,"axis":"y","origin":[8,6,8]},"faces":{"east":{"uv":[6,6.5,7,9.5],"texture":"#1"},"up":{"uv":[0,1.5,10.5,2.5],"texture":"#1"},"down":{"uv":[0,12,10.5,13],"rotation":180,"texture":"#1"}}},{"from":[-7.9375,5.25,7.85082],"to":[-1.75,6.75,8.14917],"rotation":{"angle":0,"axis":"y","origin":[8,6,8]},"faces":{"up":{"uv":[5.5,1.5,16,2.5],"texture":"#1"},"down":{"uv":[5.5,12,16,13],"rotation":180,"texture":"#1"}}},{"from":[-10.1875,5.34375,7.72817],"to":[-7.9375,6.65625,8.27183],"rotation":{"angle":0,"axis":"y","origin":[8,6,8]},"faces":{"up":{"uv":[2.75,3.75,4.75,4.5],"rotation":180,"texture":"#3"},"down":{"uv":[15.75,15.75,16,16],"texture":"#3"}}},{"from":[-12.25,5.0625,7.61167],"to":[-10.1875,6.9375,8.38833],"rotation":{"angle":0,"axis":"y","origin":[8,6,8]},"faces":{"east":{"uv":[5.5,4.5,5.75,5.25],"texture":"#3"},"west":{"uv":[15.75,15.75,16,16],"texture":"#3"},"up":{"uv":[4,3.75,6,4.5],"rotation":180,"texture":"#3"},"down":{"uv":[15.75,15.75,16,16],"texture":"#3"}}},{"from":[-13,4.125,7.62704],"to":[-12.8125,4.6875,8.37296],"rotation":{"angle":0,"axis":"y","origin":[8,6,8]},"faces":{"east":{"uv":[15.75,15.75,16,16],"rotation":180,"texture":"#3"},"west":{"uv":[1.25,7.75,0.25,8.5],"rotation":180,"texture":"#3"},"up":{"uv":[8.25,6.75,9.5,7.75],"texture":"#3"},"down":{"uv":[6.25,8,6.5,8.25],"texture":"#3"}}},{"from":[4.7375,1.8625,7.625],"to":[5.9375,5.4375,8.375],"rotation":{"angle":0,"axis":"y","origin":[8,6,8]},"faces":{"north":{"uv":[3,4.5,10.5,9],"rotation":270,"texture":"#1"},"east":{"uv":[3,4,10.5,7],"rotation":90,"texture":"#1"},"south":{"uv":[2.5,3.5,10,8],"rotation":90,"texture":"#1"},"west":{"uv":[3,6,10.5,9],"rotation":90,"texture":"#1"},"down":{"uv":[8.5,12.5,12,15.5],"rotation":270,"texture":"#1"}}},{"from":[9.2875,0.925,7.625],"to":[10.6375,3,8.375],"rotation":{"angle":0,"axis":"y","origin":[8,6,8]},"faces":{"north":{"uv":[12.5,6,16,11],"rotation":270,"texture":"#1"},"east":{"uv":[6,3.5,9.5,6.5],"rotation":270,"texture":"#1"},"south":{"uv":[12.5,6,16,11],"rotation":90,"texture":"#1"},"west":{"uv":[4,9.5,7.5,12.5],"rotation":270,"texture":"#1"},"down":{"uv":[2,13,5.5,16],"rotation":270,"texture":"#1"}}},{"from":[-1.75,4.96875,7.79487],"to":[4.25,7.03125,8.20513],"rotation":{"angle":22.5,"axis":"x","origin":[2,6,8]},"faces":{"east":{"uv":[6,6.5,7,9.5],"texture":"#1"},"west":{"uv":[6,6.5,7,9.5],"texture":"#1"},"up":{"uv":[0,3,10.5,4],"texture":"#1"},"down":{"uv":[0,10,10.5,11],"rotation":180,"texture":"#1"}}},{"from":[-1.75,4.96875,7.79487],"to":[4.25,7.03125,8.20513],"rotation":{"angle":-22.5,"axis":"x","origin":[2,6,8]},"faces":{"east":{"uv":[6,6.5,7,9.5],"texture":"#1"},"west":{"uv":[6,6.5,7,9.5],"texture":"#1"},"up":{"uv":[0,1,10.5,2],"texture":"#1"},"down":{"uv":[0,10,10.5,11],"texture":"#1"}}},{"from":[-1.75,4.96875,7.79487],"to":[4.25,7.03125,8.20513],"rotation":{"angle":45,"axis":"x","origin":[2,6,8]},"faces":{"east":{"uv":[6,6.5,7,9.5],"texture":"#1"},"west":{"uv":[6,6.5,7,9.5],"texture":"#1"},"up":{"uv":[0,5.5,10.5,6.5],"texture":"#1"},"down":{"uv":[0,9.5,10.5,10.5],"texture":"#1"}}},{"from":[-1.75,4.96875,7.79487],"to":[4.25,7.03125,8.20513],"rotation":{"angle":-45,"axis":"x","origin":[2,6,8]},"faces":{"east":{"uv":[6,6.5,7,9.5],"texture":"#1"},"west":{"uv":[6,6.5,7,9.5],"texture":"#1"},"up":{"uv":[0,2,10.5,3],"texture":"#1"},"down":{"uv":[0,9,10.5,10],"texture":"#1"}}},{"from":[-1.75,5.79487,6.96875],"to":[4.25,6.20513,9.03125],"rotation":{"angle":-22.5,"axis":"x","origin":[2,6,8]},"faces":{"north":{"uv":[0,8.5,10.5,9.5],"texture":"#1"},"east":{"uv":[6,6.5,7,9.5],"rotation":270,"texture":"#1"},"south":{"uv":[0,7,10.5,8],"texture":"#1"},"west":{"uv":[6,6.5,7,9.5],"rotation":90,"texture":"#1"}}},{"from":[-1.75,5.79487,6.96875],"to":[4.25,6.20513,9.03125],"rotation":{"angle":22.5,"axis":"x","origin":[2,6,8]},"faces":{"north":{"uv":[0,6.5,10.5,7.5],"texture":"#1"},"east":{"uv":[6,6.5,7,9.5],"rotation":90,"texture":"#1"},"south":{"uv":[0,8.5,10.5,9.5],"texture":"#1"},"west":{"uv":[6,6.5,7,9.5],"rotation":270,"texture":"#1"}}},{"from":[-1.75,5.79487,6.96875],"to":[4.25,6.20513,9.03125],"rotation":{"angle":0,"axis":"y","origin":[8,6,8]},"faces":{"north":{"uv":[0,7.5,10.5,8.5],"texture":"#1"},"east":{"uv":[6,7,7,8],"texture":"#1"},"south":{"uv":[0,7.5,10.5,8.5],"texture":"#1"}}},{"from":[-7.9375,5.25,7.85082],"to":[-1.75,6.75,8.14918],"rotation":{"angle":-22.5,"axis":"x","origin":[-2.59375,6,8]},"faces":{"up":{"uv":[5.5,3,16,4],"texture":"#1"},"down":{"uv":[5.5,10,16,11],"texture":"#1"}}},{"from":[-7.9375,5.25,7.85082],"to":[-1.75,6.75,8.14918],"rotation":{"angle":22.5,"axis":"x","origin":[-2.59375,6,8]},"faces":{"up":{"uv":[5.5,3,16,4],"texture":"#1"},"down":{"uv":[5.5,10,16,11],"rotation":180,"texture":"#1"}}},{"from":[-7.9375,5.25,7.85082],"to":[-1.75,6.75,8.14918],"rotation":{"angle":-45,"axis":"x","origin":[-2.59375,6,8]},"faces":{"up":{"uv":[5.5,2.5,16,3.5],"texture":"#1"},"down":{"uv":[5.5,9,16,10],"texture":"#1"}}},{"from":[-7.9375,5.25,7.85082],"to":[-1.75,6.75,8.14918],"rotation":{"angle":45,"axis":"x","origin":[-2.59375,6,8]},"faces":{"up":{"uv":[5.5,5.5,16,6.5],"texture":"#1"},"down":{"uv":[5.5,9.5,16,10.5],"texture":"#1"}}},{"from":[-7.9375,5.85082,7.25],"to":[-1.75,6.14918,8.75],"rotation":{"angle":22.5,"axis":"x","origin":[-2.59375,6,8]},"faces":{"north":{"uv":[5.5,6.5,16,7.5],"texture":"#1"},"south":{"uv":[5.5,8.5,16,9.5],"texture":"#1"}}},{"from":[-7.9375,5.85082,7.25],"to":[-1.75,6.14918,8.75],"rotation":{"angle":-22.5,"axis":"x","origin":[-2.59375,6,8]},"faces":{"north":{"uv":[5.5,8.5,16,9.5],"texture":"#1"},"south":{"uv":[5.5,7,16,8],"texture":"#1"}}},{"from":[-7.9375,5.85082,7.25],"to":[-1.75,6.14918,8.75],"rotation":{"angle":0,"axis":"y","origin":[8,6,8]},"faces":{"north":{"uv":[5.5,7.5,16,8.5],"texture":"#1"},"south":{"uv":[5.5,7.5,16,8.5],"texture":"#1"}}},{"from":[-10.1875,5.34375,7.72817],"to":[-7.9375,6.65625,8.27183],"rotation":{"angle":45,"axis":"x","origin":[-6.0625,6,8]},"faces":{"up":{"uv":[5.75,4.25,7.75,5],"texture":"#3"},"down":{"uv":[4.75,8,6.75,8.75],"texture":"#3"}}},{"from":[-10.1875,5.34375,7.72817],"to":[-7.9375,6.65625,8.27183],"rotation":{"angle":-45,"axis":"x","origin":[-6.0625,6,8]},"faces":{"up":{"uv":[5.75,4.25,7.75,5],"rotation":180,"texture":"#3"},"down":{"uv":[4.75,8,6.75,8.75],"rotation":180,"texture":"#3"}}},{"from":[-10.1875,5.72817,7.34375],"to":[-7.9375,6.27183,8.65625],"rotation":{"angle":0,"axis":"y","origin":[8,6,8]},"faces":{"north":{"uv":[4.5,5,6.5,5.75],"texture":"#3"},"south":{"uv":[4.5,5,6.5,5.75],"texture":"#3"}}},{"from":[-12.25,5.0625,7.61167],"to":[-10.1875,6.9375,8.38833],"rotation":{"angle":-45,"axis":"x","origin":[-8.40625,6,8]},"faces":{"east":{"uv":[5.5,4.5,5.75,5.25],"texture":"#3"},"west":{"uv":[15.75,15.75,16,16],"texture":"#3"},"up":{"uv":[5.75,4.25,7.75,5],"rotation":180,"texture":"#3"},"down":{"uv":[4.75,8,6.75,8.75],"rotation":180,"texture":"#3"}}},{"from":[-12.25,5.0625,7.61167],"to":[-10.1875,6.9375,8.38833],"rotation":{"angle":45,"axis":"x","origin":[-8.40625,6,8]},"faces":{"east":{"uv":[5.5,4.5,5.75,5.25],"texture":"#3"},"west":{"uv":[15.75,15.75,16,16],"texture":"#3"},"up":{"uv":[5.75,4.25,7.75,5],"texture":"#3"},"down":{"uv":[4.75,8,6.75,8.75],"texture":"#3"}}},{"from":[-12.25,5.61167,7.0625],"to":[-10.1875,6.38833,8.9375],"rotation":{"angle":0,"axis":"y","origin":[8,6,8]},"faces":{"north":{"uv":[4.5,5,6.5,5.75],"texture":"#3"},"east":{"uv":[5.5,4.5,5.75,5.25],"texture":"#3"},"south":{"uv":[4.5,5,6.5,5.75],"texture":"#3"},"west":{"uv":[15.75,15.75,16,16],"texture":"#3"}}},{"from":[-13,4.125,7.62704],"to":[-12.8125,4.6875,8.37296],"rotation":{"angle":-22.5,"axis":"x","origin":[-9.8125,6,8]},"faces":{"east":{"uv":[15.75,15.75,16,16],"rotation":180,"texture":"#3"},"west":{"uv":[1.25,7.75,0.25,8.5],"rotation":180,"texture":"#3"},"up":{"uv":[8.25,7.5,9.5,8.25],"texture":"#3"},"down":{"uv":[6.25,8,6.5,8.25],"texture":"#3"}}},{"from":[-13,4.125,7.62704],"to":[-12.8125,4.6875,8.37296],"rotation":{"angle":22.5,"axis":"x","origin":[-9.8125,6,8]},"faces":{"east":{"uv":[15.75,15.75,16,16],"rotation":180,"texture":"#3"},"west":{"uv":[1.25,7.75,0.25,8.5],"rotation":180,"texture":"#3"},"up":{"uv":[8.25,7.5,9.5,8.25],"rotation":180,"texture":"#3"},"down":{"uv":[6.25,8,6.5,8.25],"texture":"#3"}}},{"from":[-13,4.125,7.62704],"to":[-12.8125,4.6875,8.37296],"rotation":{"angle":-45,"axis":"x","origin":[-9.8125,6,8]},"faces":{"east":{"uv":[6.25,8,6.5,8.25],"rotation":180,"texture":"#3"},"west":{"uv":[0,7.75,1,8.5],"rotation":180,"texture":"#3"},"up":{"uv":[8.25,8,9.5,8.25],"rotation":180,"texture":"#3"},"down":{"uv":[6.25,8,6.5,8.25],"texture":"#3"}}},{"from":[-13,4.125,7.62704],"to":[-12.8125,4.6875,8.37296],"rotation":{"angle":45,"axis":"x","origin":[-9.8125,6,8]},"faces":{"east":{"uv":[6.25,8,6.5,8.25],"rotation":180,"texture":"#3"},"west":{"uv":[1,7.75,0,8.5],"rotation":180,"texture":"#3"},"up":{"uv":[8.25,8,9.5,8.25],"rotation":180,"texture":"#3"},"down":{"uv":[6.25,8,6.5,8.25],"texture":"#3"}}},{"from":[-13,5.62704,6.125],"to":[-12.8125,6.37296,6.6875],"rotation":{"angle":22.5,"axis":"x","origin":[-9.8125,6,8]},"faces":{"north":{"uv":[0,7,0.25,7.75],"texture":"#3"},"east":{"uv":[5.25,11.5,5.5,12.25],"rotation":180,"texture":"#3"},"south":{"uv":[15.75,15.75,16,16],"rotation":180,"texture":"#3"},"west":{"uv":[0,7,1,7.75],"rotation":270,"texture":"#3"}}},{"from":[-13,5.62704,6.125],"to":[-12.8125,6.37296,6.6875],"rotation":{"angle":-22.5,"axis":"x","origin":[-9.8125,6,8]},"faces":{"north":{"uv":[6,7.75,6.25,8.25],"texture":"#3"},"east":{"uv":[6.25,8,6.5,8.75],"rotation":180,"texture":"#3"},"south":{"uv":[8.25,8,9.5,8.25],"rotation":180,"texture":"#3"},"west":{"uv":[0,7.5,1,8.25],"rotation":270,"texture":"#3"}}},{"from":[-13,5.62704,6.125],"to":[-12.8125,6.37296,6.6875],"rotation":{"angle":0,"axis":"y","origin":[8,6,8]},"faces":{"north":{"uv":[4.5,5,4.75,5.75],"texture":"#3"},"east":{"uv":[5.25,11,5.5,11.75],"rotation":180,"texture":"#3"},"south":{"uv":[15.75,15.75,16,16],"rotation":180,"texture":"#3"},"west":{"uv":[0,7.25,1,8],"rotation":270,"texture":"#3"}}},{"from":[-13,7.3125,7.62704],"to":[-12.8125,7.875,8.37296],"rotation":{"angle":45,"axis":"x","origin":[-9.8125,6,8]},"faces":{"east":{"uv":[5.25,12,5.5,12.75],"rotation":90,"texture":"#3"},"west":{"uv":[5.75,7,4.75,7.75],"texture":"#3"},"up":{"uv":[5.25,5.75,5.5,6.5],"rotation":180,"texture":"#2"},"down":{"uv":[15.75,15.75,16,16],"rotation":180,"texture":"#3"}}},{"from":[-13,7.3125,7.62704],"to":[-12.8123,7.875,8.37296],"rotation":{"angle":22.5,"axis":"x","origin":[-9.8125,6,8]},"faces":{"east":{"uv":[7.25,4.25,7.5,5],"rotation":90,"texture":"#3"},"west":{"uv":[8.75,7,9.75,7.75],"texture":"#3"},"up":{"uv":[8,4.75,8.25,5.5],"texture":"#2"},"down":{"uv":[15.75,15.75,16,16],"rotation":180,"texture":"#3"}}},{"from":[-13,7.3125,7.62704],"to":[-12.8125,7.875,8.37296],"rotation":{"angle":0,"axis":"y","origin":[8,6,8]},"faces":{"east":{"uv":[12.75,1,13,1.75],"rotation":270,"texture":"#3"},"west":{"uv":[10,7,11,7.75],"texture":"#3"},"up":{"uv":[15.25,1,15.5,1.75],"rotation":180,"texture":"#2"},"down":{"uv":[15.75,15.75,16,16],"rotation":180,"texture":"#3"}}},{"from":[-13,7.3125,7.62704],"to":[-12.8125,7.875,8.37296],"rotation":{"angle":-45,"axis":"x","origin":[-9.8125,6,8]},"faces":{"east":{"uv":[5.25,12,5.5,12.75],"rotation":90,"texture":"#3"},"west":{"uv":[4.75,7,5.75,7.75],"texture":"#3"},"up":{"uv":[5.25,5.75,5.5,6.5],"texture":"#2"},"down":{"uv":[15.75,15.75,16,16],"rotation":180,"texture":"#3"}}},{"from":[-13,7.3125,7.62704],"to":[-12.8123,7.875,8.37296],"rotation":{"angle":-22.5,"axis":"x","origin":[-9.8125,6,8]},"faces":{"east":{"uv":[7.25,4.25,7.5,5],"rotation":270,"texture":"#3"},"west":{"uv":[8.75,7,9.75,7.75],"texture":"#3"},"up":{"uv":[8,4.75,8.25,5.5],"rotation":180,"texture":"#2"},"down":{"uv":[15.75,15.75,16,16],"rotation":180,"texture":"#3"}}},{"from":[-13,5.62704,9.3125],"to":[-12.8125,6.37296,9.875],"rotation":{"angle":-22.5,"axis":"x","origin":[-9.8125,6,8]},"faces":{"north":{"uv":[15.75,15.75,16,16],"rotation":180,"texture":"#3"},"east":{"uv":[5.25,11.5,5.5,12.25],"rotation":180,"texture":"#3"},"south":{"uv":[0,7,0.25,7.75],"texture":"#3"},"west":{"uv":[0,7,1,7.75],"rotation":90,"texture":"#3"}}},{"from":[-13,5.62704,9.3125],"to":[-12.8125,6.37296,9.875],"rotation":{"angle":0,"axis":"y","origin":[8,6,8]},"faces":{"north":{"uv":[15.75,15.75,16,16],"rotation":180,"texture":"#3"},"east":{"uv":[5.25,11,5.5,11.75],"rotation":180,"texture":"#3"},"south":{"uv":[4.5,5,4.75,5.75],"texture":"#3"},"west":{"uv":[0,7.25,1,8],"rotation":90,"texture":"#3"}}},{"from":[-13,5.62704,9.3125],"to":[-12.8125,6.37296,9.875],"rotation":{"angle":22.5,"axis":"x","origin":[-9.8125,6,8]},"faces":{"north":{"uv":[8.25,8,9.5,8.25],"rotation":180,"texture":"#3"},"east":{"uv":[6.25,8,6.5,8.75],"rotation":180,"texture":"#3"},"south":{"uv":[6,7.75,6.25,8.25],"texture":"#3"},"west":{"uv":[0,7.5,1,8.25],"rotation":90,"texture":"#3"}}},{"from":[-7.95,5.23125,7.68157],"to":[-7.7625,6.76875,8.31843],"rotation":{"angle":0,"axis":"y","origin":[8,6,8]},"faces":{"east":{"uv":[9,9.5,9.25,9.75],"texture":"#3"},"west":{"uv":[9,9.5,9.25,9.75],"texture":"#3"},"up":{"uv":[8,3.75,8.5,4.5],"texture":"#3"},"down":{"uv":[7.5,8,8,8.25],"rotation":180,"texture":"#3"}}},{"from":[-3.875,5.23125,7.68157],"to":[-3.6875,6.76875,8.31843],"rotation":{"angle":0,"axis":"y","origin":[8,6,8]},"faces":{"east":{"uv":[9,9.5,9.25,9.75],"texture":"#3"},"west":{"uv":[9,9.5,9.25,9.75],"texture":"#3"},"up":{"uv":[8,3.75,8.5,4.5],"texture":"#3"},"down":{"uv":[7.5,8,8,8.25],"rotation":180,"texture":"#3"}}},{"from":[-7.95,5.23125,7.68157],"to":[-7.7625,6.76875,8.31843],"rotation":{"angle":45,"axis":"x","origin":[-4.65625,6,8]},"faces":{"east":{"uv":[9,9.5,9.25,9.75],"texture":"#3"},"west":{"uv":[9,9.5,9.25,9.75],"texture":"#3"},"up":{"uv":[6.5,4.75,7,5.5],"texture":"#3"},"down":{"uv":[7.5,8,8,8.75],"texture":"#3"}}},{"from":[-3.875,5.23125,7.68157],"to":[-3.6875,6.76875,8.31843],"rotation":{"angle":45,"axis":"x","origin":[-4.65625,6,8]},"faces":{"east":{"uv":[9,9.5,9.25,9.75],"texture":"#3"},"west":{"uv":[9,9.5,9.25,9.75],"texture":"#3"},"up":{"uv":[6.5,4.75,7,5.5],"texture":"#3"},"down":{"uv":[7.5,8,8,8.75],"texture":"#3"}}},{"from":[-7.95,5.23125,7.68157],"to":[-7.7625,6.76875,8.31843],"rotation":{"angle":-45,"axis":"x","origin":[-4.65625,6,8]},"faces":{"east":{"uv":[9,9.5,9.25,9.75],"texture":"#3"},"west":{"uv":[9,9.5,9.25,9.75],"texture":"#3"},"up":{"uv":[6.5,4.75,7,5.5],"rotation":180,"texture":"#3"},"down":{"uv":[7.5,8,8,8.75],"rotation":180,"texture":"#3"}}},{"from":[-3.875,5.23125,7.68157],"to":[-3.6875,6.76875,8.31843],"rotation":{"angle":-45,"axis":"x","origin":[-4.65625,6,8]},"faces":{"east":{"uv":[9,9.5,9.25,9.75],"texture":"#3"},"west":{"uv":[9,9.5,9.25,9.75],"texture":"#3"},"up":{"uv":[6.5,4.75,7,5.5],"rotation":180,"texture":"#3"},"down":{"uv":[7.5,8,8,8.75],"rotation":180,"texture":"#3"}}},{"from":[-7.95,5.68157,7.23125],"to":[-7.7625,6.31843,8.76875],"rotation":{"angle":0,"axis":"y","origin":[8,6,8]},"faces":{"north":{"uv":[6.75,5.5,7.25,6.25],"texture":"#3"},"east":{"uv":[9,9.5,9.25,9.75],"texture":"#3"},"south":{"uv":[6.75,5.5,7.25,6.25],"texture":"#3"},"west":{"uv":[9,9.5,9.25,9.75],"texture":"#3"}}},{"from":[-3.875,5.68157,7.23125],"to":[-3.6875,6.31843,8.76875],"rotation":{"angle":0,"axis":"y","origin":[8,6,8]},"faces":{"north":{"uv":[6.75,5.5,7.25,6.25],"texture":"#3"},"east":{"uv":[9,9.5,9.25,9.75],"texture":"#3"},"south":{"uv":[6.75,5.5,7.25,6.25],"texture":"#3"},"west":{"uv":[9,9.5,9.25,9.75],"texture":"#3"}}},{"from":[4.25,5.1,7.82098],"to":[7.625,6.9,8.17902],"rotation":{"angle":-22.5,"axis":"x","origin":[5.9375,6,8]},"faces":{"east":{"uv":[8,4.5,8.75,5.5],"texture":"#3"},"up":{"uv":[5.25,11.25,8.25,12],"texture":"#2"},"down":{"uv":[15.75,15.75,16,16],"rotation":180,"texture":"#3"}}},{"from":[4.25,5.1,7.82098],"to":[7.625,6.9,8.17902],"rotation":{"angle":-45,"axis":"x","origin":[5.9375,6,8]},"faces":{"east":{"uv":[13.75,4.75,14.5,5.75],"texture":"#3"},"up":{"uv":[0.5,9.5,3.5,10.25],"texture":"#2"},"down":{"uv":[8.25,8,11.25,8.25],"rotation":180,"texture":"#3"}}},{"from":[6.8745,6.89855,7.82158],"to":[7.0245,7.04855,8.17962],"rotation":{"angle":-45,"axis":"x","origin":[5.93675,5.99855,8.0006]},"faces":{"north":{"uv":[10.25,8,10.5,8.25],"texture":"#2"},"east":{"uv":[10.25,8,10.5,8.25],"texture":"#2"},"west":{"uv":[10.25,8,10.5,8.25],"texture":"#2"}}},{"from":[6.87425,6.61443,7.13155],"to":[7.02575,6.91443,7.5646],"rotation":{"angle":0,"axis":"x","origin":[6.95,6.68943,7.31057]},"faces":{"north":{"uv":[10.25,8,10.5,8.25],"texture":"#2"},"east":{"uv":[10.25,8,10.5,8.25],"texture":"#2"},"west":{"uv":[10.25,8,10.5,8.25],"texture":"#2"},"up":{"uv":[10.25,8,10.5,9.5],"texture":"#2"}}},{"from":[5.67425,6.83943,7.13155],"to":[6.87575,6.91443,7.5646],"rotation":{"angle":0,"axis":"x","origin":[6.95,6.68943,7.31057]},"faces":{"up":{"uv":[10.25,8,10.5,9.5],"texture":"#2"},"down":{"uv":[15.75,15.75,16,16],"texture":"#3"}}},{"from":[13.81175,6.675,7.09405],"to":[15.42575,6.75,7.6271],"rotation":{"angle":0,"axis":"x","origin":[6.95,6.68943,7.31057]},"faces":{"north":{"uv":[8.5,10.5,9,11],"rotation":180,"texture":"#3"},"east":{"uv":[10.25,8,10.5,8.25],"texture":"#2"},"south":{"uv":[8.5,10.5,9,11],"rotation":180,"texture":"#3"},"west":{"uv":[10.25,8,10.5,8.25],"texture":"#2"},"up":{"uv":[10.25,8,10.5,9.5],"texture":"#2"},"down":{"uv":[15.75,15.75,16,16],"texture":"#3"}}},{"from":[5.52425,6.61443,7.13155],"to":[5.67575,6.91443,7.5646],"rotation":{"angle":0,"axis":"x","origin":[6.95,6.68943,7.31057]},"faces":{"north":{"uv":[10.25,8,10.5,8.25],"texture":"#2"},"east":{"uv":[10.25,8,10.5,8.25],"texture":"#2"},"west":{"uv":[10.25,8,10.5,8.25],"texture":"#2"},"up":{"uv":[10.25,8,10.5,8.25],"texture":"#2"}}},{"from":[5.5245,6.89855,7.82158],"to":[5.6745,7.04855,8.17962],"rotation":{"angle":-45,"axis":"x","origin":[5.93675,5.99855,8.0006]},"faces":{"north":{"uv":[10.25,8,10.5,8.25],"texture":"#2"},"east":{"uv":[10.25,8,10.5,8.25],"texture":"#2"},"west":{"uv":[10.25,8,10.5,8.25],"texture":"#2"}}},{"from":[4.25,5.1,7.82098],"to":[7.625,6.9,8.17902],"rotation":{"angle":22.5,"axis":"x","origin":[5.9375,6,8]},"faces":{"east":{"uv":[8,4.5,8.75,5.5],"texture":"#3"},"up":{"uv":[1.75,4.25,4.75,5],"texture":"#2"},"down":{"uv":[15.75,15.75,16,16],"rotation":180,"texture":"#3"}}},{"from":[4.25,5.1,7.82098],"to":[7.625,6.9,8.17902],"rotation":{"angle":45,"axis":"x","origin":[5.9375,6,8]},"faces":{"east":{"uv":[13.75,4.75,14.5,5.75],"texture":"#3"},"up":{"uv":[7.25,4.25,10.25,5],"texture":"#3"},"down":{"uv":[8.25,8,11.25,8.25],"rotation":180,"texture":"#3"}}},{"from":[4.25,5.82098,7.1],"to":[7.625,6.17902,8.9],"rotation":{"angle":-22.5,"axis":"x","origin":[5.9375,6,8]},"faces":{"north":{"uv":[8.25,8,11.25,8.75],"rotation":180,"texture":"#3"},"east":{"uv":[13.75,4.75,14.5,5.75],"rotation":270,"texture":"#3"},"south":{"uv":[8,11.5,11,12.25],"rotation":180,"texture":"#3"}}},{"from":[4.25,5.82098,7.1],"to":[7.625,6.17902,8.9],"rotation":{"angle":0,"axis":"y","origin":[8,6,8]},"faces":{"north":{"uv":[4.5,5,7.5,5.75],"texture":"#3"},"east":{"uv":[13.5,5,14.25,5.5],"texture":"#3"},"south":{"uv":[8.25,5.25,11.25,6],"texture":"#3"}}},{"from":[4.25,5.82098,7.1],"to":[7.625,6.17902,8.9],"rotation":{"angle":22.5,"axis":"x","origin":[5.9375,6,8]},"faces":{"north":{"uv":[0,7,3,7.75],"texture":"#3"},"east":{"uv":[13.75,4.75,14.5,5.75],"rotation":90,"texture":"#3"},"south":{"uv":[8.25,8,11.25,8.75],"rotation":180,"texture":"#3"}}},{"from":[7.625,5.25,7.85083],"to":[16.45,6.75,8.14918],"rotation":{"angle":22.5,"axis":"x","origin":[11.375,6,8]},"faces":{"east":{"uv":[1,10.5,1.5,16],"texture":"#0"},"up":{"uv":[4.25,4.5,13.25,5.25],"texture":"#2"},"down":{"uv":[2.75,8,11.75,8.25],"texture":"#3"}}},{"from":[7.625,5.25,7.85083],"to":[16.45,6.75,8.14918],"rotation":{"angle":-22.5,"axis":"x","origin":[11.375,6,8]},"faces":{"east":{"uv":[1,10.5,1.5,16],"texture":"#0"},"up":{"uv":[2.75,6.25,11.75,7],"texture":"#2"},"down":{"uv":[2.75,8,11.75,8.25],"texture":"#3"}}},{"from":[7.625,5.25,7.85083],"to":[16.45,6.75,8.14918],"rotation":{"angle":-45,"axis":"x","origin":[11.375,6,8]},"faces":{"east":{"uv":[1,10.5,1.5,16],"texture":"#0"},"up":{"uv":[1.75,9.75,10.75,10.5],"rotation":180,"texture":"#2"},"down":{"uv":[2.75,8,11.75,8.75],"rotation":180,"texture":"#3"}}},{"from":[7.625,5.85083,7.25],"to":[16.45,6.14918,8.75],"rotation":{"angle":22.5,"axis":"x","origin":[11.375,6,8]},"faces":{"north":{"uv":[2.75,7,11.75,7.75],"texture":"#3"},"east":{"uv":[1,10.5,1.5,16],"rotation":90,"texture":"#0"},"south":{"uv":[2.5,10.25,11.5,11],"texture":"#3"}}},{"from":[7.625,5.85083,7.25],"to":[16.45,6.14918,8.75],"rotation":{"angle":0,"axis":"y","origin":[8,6,8]},"faces":{"north":{"uv":[4.5,5,7.5,5.75],"texture":"#3"},"east":{"uv":[1,10.5,1.5,16],"rotation":270,"texture":"#0"},"south":{"uv":[4.5,5,13.5,5.75],"texture":"#3"}}},{"from":[14.9375,6.15083,7.25],"to":[15.125,6.71168,7.5125],"rotation":{"angle":0,"axis":"y","origin":[8,6,8]},"faces":{"north":{"uv":[10.25,8,10.5,9],"texture":"#2"},"east":{"uv":[10.25,8,10.5,8.25],"texture":"#2"},"west":{"uv":[10.25,8,10.5,8.25],"texture":"#2"}}},{"from":[14.15,6.15083,7.25],"to":[14.3375,6.71168,7.5125],"rotation":{"angle":0,"axis":"y","origin":[8,6,8]},"faces":{"north":{"uv":[10.25,8,10.5,9],"texture":"#2"},"east":{"uv":[10.25,8,10.5,8.25],"texture":"#2"},"west":{"uv":[10.25,8,10.5,8.25],"texture":"#2"}}},{"from":[13.25,5.81333,8.7125],"to":[13.475,6.18668,8.975],"rotation":{"angle":0,"axis":"y","origin":[8,6,8]},"faces":{"east":{"uv":[9.25,4.75,10.25,5.5],"rotation":270,"texture":"#3"},"south":{"uv":[9.5,5,10.5,5.75],"rotation":90,"texture":"#3"},"west":{"uv":[9.25,5.5,10.25,6.25],"rotation":90,"texture":"#3"},"up":{"uv":[9.5,4.25,10.25,5],"rotation":90,"texture":"#3"},"down":{"uv":[9.5,8,9.75,8.25],"rotation":90,"texture":"#3"}}},{"from":[-8.2,5.81333,8.6375],"to":[-7.975,6.18668,8.9],"rotation":{"angle":0,"axis":"y","origin":[8,6,8]},"faces":{"east":{"uv":[9.25,4.75,10.25,5.5],"rotation":270,"texture":"#3"},"south":{"uv":[9.5,5,10.5,5.75],"rotation":90,"texture":"#3"},"west":{"uv":[9.25,5.5,10.25,6.25],"rotation":90,"texture":"#3"},"up":{"uv":[9.5,4.25,10.25,5],"rotation":90,"texture":"#3"},"down":{"uv":[9.5,8,9.75,8.25],"rotation":90,"texture":"#3"}}},{"from":[12.95041,5.4,8.8246],"to":[13.0996,5.475,8.8996],"rotation":{"angle":0,"axis":"y","origin":[13.025,5.775,8.8621]},"faces":{"north":{"uv":[1,9.25,1.25,9.5],"texture":"#2"},"south":{"uv":[12,4.75,12.5,5.25],"texture":"#2"},"up":{"uv":[9,4.5,9.5,5],"rotation":180,"texture":"#2"},"down":{"uv":[6.75,5.25,7.25,5.75],"texture":"#2"}}},{"from":[-8.2746,5.475,8.74959],"to":[-8.12541,5.55,8.8246],"rotation":{"angle":0,"axis":"y","origin":[-5.2,5.85,8.7871]},"faces":{"north":{"uv":[9,10.25,9.5,10.75],"texture":"#2"},"south":{"uv":[11.5,4.75,12,5],"texture":"#2"},"up":{"uv":[9.25,4.5,9.75,5],"rotation":180,"texture":"#2"},"down":{"uv":[8.75,5.5,9.25,6],"texture":"#2"}}},{"from":[12.95041,6.525,8.8246],"to":[13.0996,6.6,8.8996],"rotation":{"angle":0,"axis":"y","origin":[13.025,6.225,8.8621]},"faces":{"north":{"uv":[1,9.25,1.25,9.5],"texture":"#2"},"south":{"uv":[12,4.75,12.5,5.25],"texture":"#2"},"up":{"uv":[12,4,12.5,4.5],"rotation":180,"texture":"#2"},"down":{"uv":[0.5,5.25,1,5.75],"texture":"#2"}}},{"from":[-8.2746,6.3,8.74959],"to":[-8.12541,6.375,8.8246],"rotation":{"angle":0,"axis":"y","origin":[-5.2,6,8.7871]},"faces":{"north":{"uv":[9,10.25,9.5,10.75],"texture":"#2"},"south":{"uv":[11.5,4.75,12,5],"texture":"#2"},"up":{"uv":[9.25,4.5,9.75,5],"rotation":180,"texture":"#2"},"down":{"uv":[8.75,5.5,9.25,6],"texture":"#2"}}},{"from":[12.65,5.70041,8.8246],"to":[12.725,6.2996,8.8996],"rotation":{"angle":0,"axis":"z","origin":[13.025,6.225,8.8621]},"faces":{"north":{"uv":[1,9.25,1.25,9.5],"texture":"#2"},"east":{"uv":[5.75,5,7.25,5.5],"rotation":270,"texture":"#2"},"south":{"uv":[10,4.75,11.5,5.25],"rotation":90,"texture":"#2"},"west":{"uv":[5.75,5,7.25,5.5],"rotation":90,"texture":"#2"}}},{"from":[-8.125,5.47541,8.74959],"to":[-8.05,6.37459,8.8246],"rotation":{"angle":0,"axis":"z","origin":[13.175,5.85,8.7871]},"faces":{"north":{"uv":[9,10.25,9.5,10.75],"texture":"#2"},"east":{"uv":[6.5,4.75,11,5.25],"rotation":270,"texture":"#2"},"south":{"uv":[11.5,4.5,16,5],"rotation":90,"texture":"#2"},"west":{"uv":[9.5,5,14,5.5],"rotation":90,"texture":"#2"},"up":{"uv":[9.25,4.5,9.75,5],"rotation":180,"texture":"#2"},"down":{"uv":[8.75,5.5,9.25,6],"texture":"#2"}}},{"from":[-8.575,5.77541,8.74959],"to":[-8.5,6.0746,8.8246],"rotation":{"angle":0,"axis":"z","origin":[13.175,5.85,8.7871]},"faces":{"north":{"uv":[9,10.25,9.5,10.75],"texture":"#2"},"east":{"uv":[8.5,4.75,9.75,5.25],"rotation":270,"texture":"#2"},"south":{"uv":[10,4.75,11,5.25],"rotation":90,"texture":"#2"},"west":{"uv":[8.5,4.75,9.75,5.25],"rotation":90,"texture":"#2"}}},{"from":[13.325,5.70041,8.8246],"to":[13.4,6.2996,8.8996],"rotation":{"angle":0,"axis":"z","origin":[13.025,6.225,8.8621]},"faces":{"north":{"uv":[1,9.25,1.25,9.5],"texture":"#2"},"east":{"uv":[7,4.5,8.5,5],"rotation":270,"texture":"#2"},"south":{"uv":[10,4.75,11.5,5.25],"rotation":90,"texture":"#2"},"west":{"uv":[5.75,5,7.25,5.5],"rotation":90,"texture":"#2"}}},{"from":[12.65,5.70041,8.8246],"to":[12.725,5.8496,8.8996],"rotation":{"angle":22.5,"axis":"z","origin":[13.025,5.775,8.8621]},"faces":{"north":{"uv":[1,9.25,1.25,9.5],"texture":"#2"},"east":{"uv":[8.75,5,9.25,5.5],"rotation":270,"texture":"#2"},"south":{"uv":[13,4.75,13.5,5.25],"rotation":90,"texture":"#2"},"west":{"uv":[5.75,5,6.25,5.5],"rotation":90,"texture":"#2"}}},{"from":[-8.34664,6.92346,8.74959],"to":[-8.27164,7.07265,8.8246],"rotation":{"angle":22.5,"axis":"z","origin":[-5.2,5.85,8.7871]},"faces":{"north":{"uv":[9,10.25,9.5,10.75],"texture":"#2"},"east":{"uv":[8.75,4.75,9.25,5.25],"rotation":270,"texture":"#2"},"south":{"uv":[11,4.75,11.5,5.25],"rotation":90,"texture":"#2"},"west":{"uv":[8.5,5,9,5.5],"rotation":90,"texture":"#2"}}},{"from":[13.325,6.15041,8.8246],"to":[13.4,6.2996,8.8996],"rotation":{"angle":22.5,"axis":"z","origin":[13.025,6.225,8.8621]},"faces":{"north":{"uv":[1,9.25,1.25,9.5],"texture":"#2"},"east":{"uv":[7,4.5,7.5,5],"rotation":270,"texture":"#2"},"south":{"uv":[10,4.75,10.5,5.25],"rotation":90,"texture":"#2"},"west":{"uv":[15.5,5.25,16,5.75],"rotation":90,"texture":"#2"}}},{"from":[13.325,5.70041,8.8246],"to":[13.4,5.8496,8.8996],"rotation":{"angle":-22.5,"axis":"z","origin":[13.025,5.775,8.8621]},"faces":{"north":{"uv":[1,9.25,1.25,9.5],"texture":"#2"},"east":{"uv":[5.75,4.75,6.25,5.25],"rotation":270,"texture":"#2"},"south":{"uv":[9.5,12.25,10,12.75],"rotation":90,"texture":"#2"},"west":{"uv":[8.75,5,9.25,5.5],"rotation":90,"texture":"#2"}}},{"from":[12.65,6.15041,8.8246],"to":[12.725,6.2996,8.8996],"rotation":{"angle":-22.5,"axis":"z","origin":[13.025,6.225,8.8621]},"faces":{"north":{"uv":[1,9.25,1.25,9.5],"texture":"#2"},"east":{"uv":[15.5,5.25,16,5.75],"rotation":270,"texture":"#2"},"south":{"uv":[9.75,12.25,10.25,12.75],"rotation":90,"texture":"#2"},"west":{"uv":[7.25,4.75,7.75,5.25],"rotation":90,"texture":"#2"}}},{"from":[-8.34664,4.77735,8.74959],"to":[-8.27164,4.92654,8.8246],"rotation":{"angle":-22.5,"axis":"z","origin":[-5.2,6,8.7871]},"faces":{"north":{"uv":[9,10.25,9.5,10.75],"texture":"#2"},"east":{"uv":[8.5,5,9,5.5],"rotation":270,"texture":"#2"},"south":{"uv":[11.5,4.75,12,5.25],"rotation":90,"texture":"#2"},"west":{"uv":[8.5,4.75,9,5.25],"rotation":90,"texture":"#2"}}},{"from":[12.95041,5.4,8.8246],"to":[13.0996,5.475,8.8996],"rotation":{"angle":45,"axis":"z","origin":[13.025,5.775,8.8621]},"faces":{"north":{"uv":[1,9.25,1.25,9.5],"texture":"#2"},"south":{"uv":[9.75,12.25,10.25,12.75],"texture":"#2"},"up":{"uv":[0.75,4.75,1.25,5.25],"rotation":180,"texture":"#2"},"down":{"uv":[6.25,5,6.75,5.5],"texture":"#2"}}},{"from":[12.95041,6.525,8.8246],"to":[13.0996,6.6,8.8996],"rotation":{"angle":45,"axis":"z","origin":[13.025,6.225,8.8621]},"faces":{"north":{"uv":[1,9.25,1.25,9.5],"texture":"#2"},"south":{"uv":[9.5,12.25,10,12.75],"texture":"#2"},"up":{"uv":[10.25,4.5,10.75,5],"rotation":180,"texture":"#2"},"down":{"uv":[0.5,5.25,1,5.75],"texture":"#2"}}},{"from":[-7.39592,8.42132,8.74959],"to":[-7.24673,8.49632,8.8246],"rotation":{"angle":45,"axis":"z","origin":[-5.2,6,8.7871]},"faces":{"north":{"uv":[9,10.25,9.5,10.75],"texture":"#2"},"south":{"uv":[11,4.75,11.5,5.25],"rotation":180,"texture":"#2"},"up":{"uv":[8.75,4.75,9.25,5.25],"rotation":180,"texture":"#2"},"down":{"uv":[8.75,5.25,9.25,5.75],"texture":"#2"}}},{"from":[12.95041,5.4,8.8246],"to":[13.0996,5.475,8.8996],"rotation":{"angle":22.5,"axis":"z","origin":[13.025,5.775,8.8621]},"faces":{"north":{"uv":[1,9.25,1.25,9.5],"texture":"#2"},"south":{"uv":[11.5,4.75,12,5.25],"texture":"#2"},"up":{"uv":[2,4.75,2.5,5.25],"rotation":180,"texture":"#2"},"down":{"uv":[6.75,5.25,7.25,5.75],"texture":"#2"}}},{"from":[12.95041,6.525,8.8246],"to":[13.0996,6.6,8.8996],"rotation":{"angle":22.5,"axis":"z","origin":[13.025,6.225,8.8621]},"faces":{"north":{"uv":[1,9.25,1.25,9.5],"texture":"#2"},"south":{"uv":[13,4.75,13.5,5.25],"texture":"#2"},"up":{"uv":[11.75,4.25,12.25,4.75],"rotation":180,"texture":"#2"},"down":{"uv":[0.5,5.25,1,5.75],"texture":"#2"}}},{"from":[-8.04623,7.44805,8.74959],"to":[-7.89704,7.52305,8.8246],"rotation":{"angle":22.5,"axis":"z","origin":[-5.2,6,8.7871]},"faces":{"north":{"uv":[9,10.25,9.5,10.75],"texture":"#2"},"south":{"uv":[8.5,4.75,9,5.25],"rotation":180,"texture":"#2"},"up":{"uv":[9.25,4.5,9.75,5],"rotation":180,"texture":"#2"},"down":{"uv":[8.75,5.5,9.25,6],"texture":"#2"}}},{"from":[12.95041,5.4,8.8246],"to":[13.0996,5.475,8.8996],"rotation":{"angle":-45,"axis":"z","origin":[13.025,5.775,8.8621]},"faces":{"north":{"uv":[1,9.25,1.25,9.5],"texture":"#2"},"south":{"uv":[12,4.75,12.5,5.25],"texture":"#2"},"up":{"uv":[0.75,4.75,1.25,5.25],"rotation":180,"texture":"#2"},"down":{"uv":[6.75,5.25,7.25,5.75],"texture":"#2"}}},{"from":[-7.39592,3.35368,8.74959],"to":[-7.24673,3.42868,8.8246],"rotation":{"angle":-45,"axis":"z","origin":[-5.2,5.85,8.7871]},"faces":{"north":{"uv":[9,10.25,9.5,10.75],"texture":"#2"},"south":{"uv":[8.5,4.75,9,5.25],"texture":"#2"},"up":{"uv":[9.25,4.5,9.75,5],"rotation":180,"texture":"#2"},"down":{"uv":[8.75,5.25,9.25,5.75],"texture":"#2"}}},{"from":[12.95041,6.525,8.8246],"to":[13.0996,6.6,8.8996],"rotation":{"angle":-45,"axis":"z","origin":[13.025,6.225,8.8621]},"faces":{"north":{"uv":[1,9.25,1.25,9.5],"texture":"#2"},"south":{"uv":[11,4.75,11.5,5.25],"texture":"#2"},"up":{"uv":[10.25,4.5,10.75,5],"rotation":180,"texture":"#2"},"down":{"uv":[0.5,5.25,1,5.75],"texture":"#2"}}},{"from":[12.95041,5.4,8.8246],"to":[13.0996,5.475,8.8996],"rotation":{"angle":-22.5,"axis":"z","origin":[13.025,5.775,8.8621]},"faces":{"north":{"uv":[1,9.25,1.25,9.5],"texture":"#2"},"south":{"uv":[12,4.75,12.5,5.25],"texture":"#2"},"up":{"uv":[2,4.75,2.5,5.25],"rotation":180,"texture":"#2"},"down":{"uv":[6.75,5.25,7.25,5.75],"texture":"#2"}}},{"from":[-8.04623,4.32695,8.74959],"to":[-7.89704,4.40195,8.8246],"rotation":{"angle":-22.5,"axis":"z","origin":[-5.2,5.85,8.7871]},"faces":{"north":{"uv":[9,10.25,9.5,10.75],"texture":"#2"},"south":{"uv":[8.5,4.75,9,5.25],"texture":"#2"},"up":{"uv":[9.25,4.5,9.75,5],"rotation":180,"texture":"#2"},"down":{"uv":[8.75,5.5,9.25,6],"texture":"#2"}}},{"from":[12.95041,6.525,8.8246],"to":[13.0996,6.6,8.8996],"rotation":{"angle":-22.5,"axis":"z","origin":[13.025,6.225,8.8621]},"faces":{"north":{"uv":[1,9.25,1.25,9.5],"texture":"#2"},"south":{"uv":[11.5,4.75,12,5.25],"texture":"#2"},"up":{"uv":[11.75,4.25,12.25,4.75],"rotation":180,"texture":"#2"},"down":{"uv":[0.5,5.25,1,5.75],"texture":"#2"}}},{"from":[15.2,6.825,7.175],"to":[15.3875,8.2875,7.55],"rotation":{"angle":0,"axis":"y","origin":[8,6,8]},"faces":{"north":{"uv":[6,6.25,8.5,7.25],"rotation":90,"texture":"#3"},"east":{"uv":[10.25,3.5,12.75,4.75],"rotation":270,"texture":"#3"},"south":{"uv":[6,6.25,8.5,7.25],"rotation":270,"texture":"#3"},"west":{"uv":[5.5,8,8,9.25],"rotation":90,"texture":"#3"},"up":{"uv":[6.5,4.25,7.75,5.25],"rotation":90,"texture":"#3"}}},{"from":[5.5625,7.475,7.1375],"to":[5.825,8.175,7.5875],"rotation":{"angle":0,"axis":"y","origin":[8,6,8]},"faces":{"north":{"uv":[6,6.25,8.5,7.25],"rotation":90,"texture":"#3"},"east":{"uv":[10.25,3.5,12.75,4.75],"rotation":270,"texture":"#3"},"south":{"uv":[6,6.25,8.5,7.25],"rotation":270,"texture":"#3"},"west":{"uv":[5.5,8,8,9.25],"rotation":90,"texture":"#3"},"up":{"uv":[5.75,6.5,8.25,7.5],"rotation":270,"texture":"#3"},"down":{"uv":[15.75,15.75,16,16],"rotation":270,"texture":"#3"}}},{"from":[5.5625,8.175,7.1375],"to":[5.6,8.4,7.5875],"rotation":{"angle":0,"axis":"y","origin":[8,6,8]},"faces":{"north":{"uv":[9.75,11,10.25,11.5],"rotation":90,"texture":"#3"},"east":{"uv":[9.75,11,10.25,11.5],"rotation":90,"texture":"#3"},"south":{"uv":[9.75,11,10.25,11.5],"rotation":90,"texture":"#3"},"west":{"uv":[8.5,8,8.75,8.25],"rotation":90,"texture":"#3"},"up":{"uv":[11.5,7,12,7.5],"rotation":90,"texture":"#3"}}},{"from":[5.5625,8.4,7.1375],"to":[5.6,8.5,7.3125],"rotation":{"angle":0,"axis":"y","origin":[8,6,8]},"faces":{"north":{"uv":[9.75,11,10.25,11.5],"rotation":90,"texture":"#3"},"east":{"uv":[9.75,11,10.25,11.5],"rotation":90,"texture":"#3"},"south":{"uv":[9.75,11,10.25,11.5],"rotation":90,"texture":"#3"},"west":{"uv":[8.5,8,8.75,8.25],"rotation":90,"texture":"#3"},"up":{"uv":[11.5,7,12,7.5],"rotation":90,"texture":"#3"}}},{"from":[5.5625,8.4,7.4125],"to":[5.6,8.5,7.5875],"rotation":{"angle":0,"axis":"y","origin":[8,6,8]},"faces":{"north":{"uv":[9.75,11,10.25,11.5],"rotation":90,"texture":"#3"},"east":{"uv":[9.75,11,10.25,11.5],"rotation":90,"texture":"#3"},"south":{"uv":[9.75,11,10.25,11.5],"rotation":90,"texture":"#3"},"west":{"uv":[8.5,8,8.75,8.25],"rotation":90,"texture":"#3"},"up":{"uv":[11.5,7,12,7.5],"rotation":90,"texture":"#3"}}},{"from":[15.2,8.2875,7.5125],"to":[15.3875,8.6625,7.55],"rotation":{"angle":0,"axis":"y","origin":[8,6,8]},"faces":{"north":{"uv":[6.5,11,7.5,12.5],"texture":"#3"},"east":{"uv":[15,3.25,15.25,3.5],"rotation":90,"texture":"#3"},"south":{"uv":[6,6.25,6.75,7.25],"rotation":270,"texture":"#3"},"west":{"uv":[5.5,8,6.5,8.25],"rotation":90,"texture":"#3"},"up":{"uv":[6.75,4.75,7,5.75],"rotation":90,"texture":"#2"}}},{"from":[5.6,7.0125,7.475],"to":[5.7875,8.7625,7.55],"rotation":{"angle":0,"axis":"y","origin":[-0.7,6,8]},"faces":{"north":{"uv":[7.75,4.5,11.25,5.25],"rotation":270,"texture":"#3"},"east":{"uv":[6,4,9.5,4.5],"rotation":270,"texture":"#3"},"south":{"uv":[7.5,4.25,11,5],"rotation":90,"texture":"#3"},"west":{"uv":[6.25,5,9.75,5.25],"rotation":270,"texture":"#3"},"up":{"uv":[8.5,4.5,8.75,5.25],"rotation":90,"texture":"#2"}}},{"from":[15.2,8.2875,7.175],"to":[15.3875,8.6625,7.2125],"rotation":{"angle":0,"axis":"y","origin":[8,6,8]},"faces":{"north":{"uv":[6,6.25,6.75,7.25],"rotation":90,"texture":"#3"},"east":{"uv":[15,3.25,15.25,3.5],"rotation":90,"texture":"#3"},"south":{"uv":[6.5,11,7.5,12.5],"texture":"#3"},"west":{"uv":[5.5,8,6.5,8.25],"rotation":90,"texture":"#3"},"up":{"uv":[6.75,4.75,7,5.75],"rotation":90,"texture":"#2"}}},{"from":[15.2,8.2875,7.34375],"to":[15.3125,8.475,7.38125],"rotation":{"angle":0,"axis":"y","origin":[8,6,8]},"faces":{"north":{"uv":[7.5,8,7.75,9],"rotation":90,"texture":"#2"},"east":{"uv":[3,11.75,3.25,12],"rotation":90,"texture":"#2"},"south":{"uv":[7.5,8,7.75,9],"rotation":270,"texture":"#2"},"west":{"uv":[7.5,8,7.75,8.25],"rotation":90,"texture":"#2"},"up":{"uv":[7.5,8,7.75,9],"rotation":270,"texture":"#2"}}},{"from":[5.6,7.0125,7.175],"to":[5.7875,8.7625,7.25],"rotation":{"angle":0,"axis":"y","origin":[-0.7,6,8]},"faces":{"north":{"uv":[7.5,4.25,11,5],"rotation":270,"texture":"#3"},"east":{"uv":[6,4,9.5,4.5],"rotation":90,"texture":"#3"},"south":{"uv":[7.75,4.5,11.25,5.25],"rotation":90,"texture":"#3"},"west":{"uv":[6.25,5,9.75,5.25],"rotation":270,"texture":"#3"},"up":{"uv":[8.5,4.5,8.75,5.25],"rotation":90,"texture":"#2"}}},{"from":[15.2,8.64375,7.2125],"to":[15.3875,8.6796,7.5125],"rotation":{"angle":0,"axis":"y","origin":[8,6,8]},"faces":{"north":{"uv":[6.75,4.75,7,5.75],"rotation":270,"texture":"#2"},"east":{"uv":[15,3.25,15.25,3.5],"rotation":90,"texture":"#3"},"south":{"uv":[6.75,4.75,7,5.75],"rotation":90,"texture":"#2"},"west":{"uv":[5.5,8,6.5,8.25],"rotation":90,"texture":"#3"},"up":{"uv":[6.5,4.5,7.5,5.5],"rotation":90,"texture":"#2"},"down":{"uv":[7,8,7.25,8.25],"texture":"#3"}}},{"from":[5.60075,8.74375,7.2125],"to":[5.7881,8.7796,7.5125],"rotation":{"angle":0,"axis":"y","origin":[-0.7,6,8]},"faces":{"north":{"uv":[8.5,4.5,8.75,5.25],"rotation":270,"texture":"#2"},"east":{"uv":[12.25,2.5,12.5,2.75],"rotation":270,"texture":"#3"},"south":{"uv":[8.5,4.5,8.75,5.25],"rotation":90,"texture":"#2"},"west":{"uv":[8.25,5,8.5,5.25],"rotation":270,"texture":"#3"},"up":{"uv":[8.5,4.5,9.5,5.25],"rotation":90,"texture":"#2"},"down":{"uv":[15.75,15.75,16,16],"rotation":270,"texture":"#3"}}},{"from":[7.625,5.25,7.85083],"to":[16.45,6.75,8.14918],"rotation":{"angle":45,"axis":"x","origin":[11.375,6,8]},"faces":{"east":{"uv":[1,10.5,1.5,16],"texture":"#0"},"up":{"uv":[4.25,4.25,13.25,5],"texture":"#3"},"down":{"uv":[2.75,8,11.75,8.75],"texture":"#3"}}},{"from":[7.625,5.85083,7.25],"to":[16.45,6.14918,8.75],"rotation":{"angle":-22.5,"axis":"x","origin":[11.375,6,8]},"faces":{"north":{"uv":[2.5,10.25,11.5,11],"texture":"#3"},"east":{"uv":[1,10.5,1.5,16],"rotation":270,"texture":"#0"},"south":{"uv":[2.75,7,11.75,7.75],"texture":"#3"}}},{"from":[-2.76082,7.23028,7.79487],"to":[-1.63582,7.60528,8.20513],"rotation":{"angle":22.5,"axis":"z","origin":[-0.25,7.03125,8]},"faces":{"north":{"uv":[4,0,5.5,1],"texture":"#1"},"south":{"uv":[4,0,5.5,1],"texture":"#1"},"up":{"uv":[0,0,1.5,1],"rotation":180,"texture":"#1"}}},{"from":[-2.76082,4.39472,7.79487],"to":[-1.63582,4.76972,8.20513],"rotation":{"angle":-22.5,"axis":"z","origin":[-0.25,4.96875,8]},"faces":{"north":{"uv":[0,15,1.5,16],"texture":"#1"},"south":{"uv":[0,15,1.5,16],"texture":"#1"},"down":{"uv":[0,12,1.5,13],"rotation":180,"texture":"#1"}}},{"from":[-2.76082,5.79487,6.39472],"to":[-1.63582,6.20513,6.95722],"rotation":{"angle":22.5,"axis":"y","origin":[-0.25,6,6.96875]},"faces":{"north":{"uv":[0,7,1.5,8],"texture":"#1"},"up":{"uv":[4,0,5.5,1],"texture":"#1"},"down":{"uv":[0,15,1.5,16],"texture":"#1"}}},{"from":[-2.76082,5.79487,9.04278],"to":[-1.63582,6.20513,9.60528],"rotation":{"angle":-22.5,"axis":"y","origin":[-0.25,6,9.03125]},"faces":{"south":{"uv":[0,7,1.5,8],"texture":"#1"},"up":{"uv":[4,0,5.5,1],"texture":"#1"},"down":{"uv":[0,15,1.5,16],"texture":"#1"}}},{"from":[-12.8125,4.6875,7.45634],"to":[-11.5,5.0625,8.54365],"rotation":{"angle":0,"axis":"y","origin":[8,6,8]},"faces":{"east":{"uv":[4.5,6,4.75,6.25],"rotation":90,"texture":"#3"},"west":{"uv":[10,8,10.25,8.25],"texture":"#3"},"up":{"uv":[8.25,6.75,9.5,7.75],"texture":"#3"},"down":{"uv":[15.75,15.75,16,16],"texture":"#3"}}},{"from":[-12.8125,4.6875,7.45634],"to":[-11.5,5.0625,8.54365],"rotation":{"angle":45,"axis":"x","origin":[-9.15625,6,8]},"faces":{"east":{"uv":[4.5,5.5,4.75,6.25],"rotation":90,"texture":"#3"},"west":{"uv":[10,8,10.25,8.25],"texture":"#3"},"up":{"uv":[8.25,7.5,9.5,8.25],"rotation":180,"texture":"#3"},"down":{"uv":[4.75,8,6,8.75],"texture":"#3"}}},{"from":[-12.8125,4.6875,7.45634],"to":[-11.5,5.0625,8.54365],"rotation":{"angle":-45,"axis":"x","origin":[-9.15625,6,8]},"faces":{"east":{"uv":[4.5,5.5,4.75,6.25],"rotation":270,"texture":"#3"},"west":{"uv":[10,8,10.25,8.25],"texture":"#3"},"up":{"uv":[8.25,7.5,9.5,8.25],"texture":"#3"},"down":{"uv":[4.75,8,6,8.75],"rotation":180,"texture":"#3"}}},{"from":[-12.8125,5.45635,8.9375],"to":[-11.5,6.54366,9.3125],"rotation":{"angle":0,"axis":"y","origin":[8,6,8]},"faces":{"north":{"uv":[15.75,15.75,16,16],"texture":"#3"},"east":{"uv":[4.5,5,4.75,5.75],"texture":"#3"},"south":{"uv":[4.5,5,5.75,5.75],"texture":"#3"},"west":{"uv":[10,8,10.25,8.25],"texture":"#3"}}},{"from":[-12.8125,5.45635,6.6875],"to":[-11.5,6.54366,7.0625],"rotation":{"angle":0,"axis":"y","origin":[8,6,8]},"faces":{"north":{"uv":[4.5,5,5.75,5.75],"texture":"#3"},"east":{"uv":[4.5,5,4.75,5.75],"texture":"#3"},"south":{"uv":[15.75,15.75,16,16],"texture":"#3"},"west":{"uv":[10,8,10.25,8.25],"texture":"#3"}}},{"from":[-12.8125,6.9375,7.45634],"to":[-11.5,7.3125,8.54365],"rotation":{"angle":-45,"axis":"x","origin":[-9.15625,6,8]},"faces":{"east":{"uv":[4.5,4.5,4.75,5.25],"rotation":270,"texture":"#3"},"west":{"uv":[10,8,10.25,8.25],"texture":"#3"},"up":{"uv":[5.75,4.25,7,5],"rotation":180,"texture":"#3"},"down":{"uv":[15.75,15.75,16,16],"texture":"#3"}}},{"from":[-12.8125,6.9375,7.45634],"to":[-11.5,7.3125,8.54365],"rotation":{"angle":0,"axis":"y","origin":[8,6,8]},"faces":{"east":{"uv":[6.25,4.5,7,4.75],"texture":"#3"},"west":{"uv":[10,8,10.25,8.25],"texture":"#3"},"up":{"uv":[4,3.75,5.25,4.5],"rotation":180,"texture":"#3"},"down":{"uv":[15.75,15.75,16,16],"texture":"#3"}}},{"from":[-12.8125,6.9375,7.45634],"to":[-11.5,7.3125,8.54365],"rotation":{"angle":45,"axis":"x","origin":[-9.15625,6,8]},"faces":{"east":{"uv":[4.5,4.5,4.75,5.25],"rotation":90,"texture":"#3"},"west":{"uv":[10,8,10.25,8.25],"texture":"#3"},"up":{"uv":[5.75,4.25,7,5],"texture":"#3"},"down":{"uv":[15.75,15.75,16,16],"texture":"#3"}}},{"from":[3.89053,4.55303,7.62538],"to":[4.71553,5.49053,8.37463],"rotation":{"angle":-45,"axis":"z","origin":[4.6625,4.5,8.00038]},"faces":{"north":{"uv":[6,6,10.5,9.5],"texture":"#1"},"south":{"uv":[6,6,10.5,9.5],"texture":"#1"},"down":{"uv":[5,8.5,8,11.5],"rotation":90,"texture":"#1"}}},{"from":[21.375,4.5,7.37869],"to":[24.675,7.5,8.62131],"rotation":{"angle":0,"axis":"y","origin":[8,6,8]},"faces":{"east":{"uv":[4.5,0,6,0.989],"texture":"#0"},"west":{"uv":[4.5,0,6,0.989],"texture":"#0"},"up":{"uv":[6,0,7.5,5.49],"rotation":90,"texture":"#0"},"down":{"uv":[0,0,1.5,5.49],"rotation":90,"texture":"#0"}}},{"from":[27.675,5.68125,7.68125],"to":[28.6125,6.31875,8.31875],"rotation":{"angle":45,"axis":"x","origin":[25.34375,6,8]},"faces":{"north":{"uv":[12.5,12.5,14.5,14.5],"rotation":180,"texture":"#0"},"east":{"uv":[13,12.5,15,14.5],"rotation":90,"texture":"#0"},"south":{"uv":[11.5,14,13.5,16],"texture":"#0"},"up":{"uv":[11.5,12.5,13.5,14.5],"texture":"#0"},"down":{"uv":[11.5,14,13.5,16],"rotation":180,"texture":"#0"}}},{"from":[18.3347,5.4375,7.08171],"to":[21.1097,6.5625,8.20671],"rotation":{"angle":22.5,"axis":"y","origin":[19.775,6.21416,6.125]},"faces":{"north":{"uv":[3,2,4.5,5.49],"rotation":270,"texture":"#0"},"up":{"uv":[6,2,7.5,5.49],"rotation":270,"texture":"#0"},"down":{"uv":[1,1.5,2.5,5.49],"rotation":90,"texture":"#0"}}},{"from":[18.3347,5.4375,7.79329],"to":[21.1097,6.5625,8.91829],"rotation":{"angle":-22.5,"axis":"y","origin":[19.775,6.21416,9.875]},"faces":{"south":{"uv":[3,2,4.5,5.49],"rotation":270,"texture":"#0"},"up":{"uv":[6,2,7.5,5.49],"rotation":90,"texture":"#0"},"down":{"uv":[1,1.5,2.5,5.49],"rotation":270,"texture":"#0"}}},{"from":[18.3347,5.79329,7.4375],"to":[21.1097,6.91829,8.5625],"rotation":{"angle":22.5,"axis":"z","origin":[19.775,7.875,8.58916]},"faces":{"north":{"uv":[2.5,1.5,4,5.49],"rotation":270,"texture":"#0"},"south":{"uv":[2.5,1.5,4,5.49],"rotation":270,"texture":"#0"},"up":{"uv":[6,2,7.5,5.49],"rotation":90,"texture":"#0"}}},{"from":[18.3347,5.08171,7.4375],"to":[21.1097,6.20671,8.5625],"rotation":{"angle":-22.5,"axis":"z","origin":[19.775,4.125,8.58916]},"faces":{"north":{"uv":[1,1.5,2.5,5.49],"rotation":90,"texture":"#0"},"south":{"uv":[1,1.5,2.5,5.49],"rotation":90,"texture":"#0"},"down":{"uv":[0,2,1.5,5.49],"rotation":270,"texture":"#0"}}},{"from":[16.35,5.2125,7.67381],"to":[25.75,6.7875,8.32619],"rotation":{"angle":0,"axis":"y","origin":[8,6,8]},"faces":{"west":{"uv":[0,3,0.5,3.49],"rotation":90,"texture":"#0"},"up":{"uv":[6,0,7.5,5.49],"rotation":90,"texture":"#0"},"down":{"uv":[0,0,1.5,5.49],"rotation":90,"texture":"#0"}}},{"from":[16.35,5.2125,7.67381],"to":[25.75,6.7875,8.32619],"rotation":{"angle":45,"axis":"x","origin":[16.8125,6,8]},"faces":{"east":{"uv":[6,0.5,4.5,2.49],"rotation":180,"texture":"#0"},"west":{"uv":[0,3,0.5,3.49],"rotation":90,"texture":"#0"},"up":{"uv":[6,0,4.5,5.49],"rotation":90,"texture":"#0"},"down":{"uv":[1.5,0,3,5.49],"rotation":90,"texture":"#0"}}},{"from":[16.35,5.2125,7.67381],"to":[25.75,6.7875,8.32619],"rotation":{"angle":-45,"axis":"x","origin":[16.8125,6,8]},"faces":{"east":{"uv":[4.5,0.5,6,2.49],"rotation":180,"texture":"#0"},"west":{"uv":[0,3,0.5,3.49],"rotation":90,"texture":"#0"},"up":{"uv":[4.5,0,6,5.49],"rotation":90,"texture":"#0"},"down":{"uv":[3,0,1.5,5.49],"rotation":90,"texture":"#0"}}},{"from":[16.35,5.67381,7.2125],"to":[25.75,6.32619,8.7875],"rotation":{"angle":0,"axis":"y","origin":[8,6,8]},"faces":{"north":{"uv":[3,0,4.5,5.489],"rotation":270,"texture":"#0"},"south":{"uv":[4.5,0,3,5.49],"rotation":90,"texture":"#0"},"west":{"uv":[0,3,0.5,3.49],"rotation":90,"texture":"#0"}}},{"from":[19.0847,5.56829,7.25],"to":[21.1097,6.69329,8.75],"rotation":{"angle":22.5,"axis":"z","origin":[19.775,7.875,8.40166]},"faces":{"north":{"uv":[2.5,1.5,4,5.49],"rotation":270,"texture":"#0"},"south":{"uv":[2.5,1.5,4,5.49],"rotation":270,"texture":"#0"},"up":{"uv":[6,2,7.5,5.49],"rotation":90,"texture":"#0"}}},{"from":[19.0847,5.30671,7.25],"to":[21.1097,6.43171,8.75],"rotation":{"angle":-22.5,"axis":"z","origin":[19.775,4.125,8.40166]},"faces":{"north":{"uv":[1,1.5,2.5,5.49],"rotation":90,"texture":"#0"},"south":{"uv":[1,1.5,2.5,5.49],"rotation":90,"texture":"#0"},"down":{"uv":[0,2,1.5,5.49],"rotation":270,"texture":"#0"}}},{"from":[19.1597,5.25,7.56829],"to":[21.1097,6.75,8.69329],"rotation":{"angle":-22.5,"axis":"y","origin":[19.775,6.02666,9.875]},"faces":{"south":{"uv":[3,2,4.5,5.49],"rotation":270,"texture":"#0"},"up":{"uv":[6,2,7.5,5.49],"rotation":90,"texture":"#0"},"down":{"uv":[1,1.5,2.5,5.49],"rotation":270,"texture":"#0"}}},{"from":[19.1597,5.25,7.30671],"to":[21.1097,6.75,8.43171],"rotation":{"angle":22.5,"axis":"y","origin":[19.775,6.02666,6.125]},"faces":{"north":{"uv":[3,2,4.5,5.49],"rotation":270,"texture":"#0"},"up":{"uv":[6,2,7.5,5.49],"rotation":270,"texture":"#0"},"down":{"uv":[1,1.5,2.5,5.49],"rotation":90,"texture":"#0"}}},{"from":[20.2097,5.79329,7.0625],"to":[21.1097,6.46829,8.9375],"rotation":{"angle":22.5,"axis":"z","origin":[19.775,7.875,8.21416]},"faces":{"north":{"uv":[2.5,1.5,4,5.49],"rotation":270,"texture":"#0"},"south":{"uv":[2.5,1.5,4,5.49],"rotation":270,"texture":"#0"},"up":{"uv":[6,2,7.5,5.49],"rotation":90,"texture":"#0"}}},{"from":[20.2097,5.53171,7.0625],"to":[21.1097,6.20671,8.9375],"rotation":{"angle":-22.5,"axis":"z","origin":[19.775,4.125,8.21416]},"faces":{"north":{"uv":[1,1.5,2.5,5.49],"rotation":90,"texture":"#0"},"south":{"uv":[1,1.5,2.5,5.49],"rotation":90,"texture":"#0"},"down":{"uv":[0,2,1.5,5.49],"rotation":270,"texture":"#0"}}},{"from":[20.1347,5.0625,7.53171],"to":[21.1097,6.9375,7.98171],"rotation":{"angle":22.5,"axis":"y","origin":[19.775,5.83916,6.125]},"faces":{"north":{"uv":[3,2,4.5,5.49],"rotation":270,"texture":"#0"},"up":{"uv":[6,2,7.5,5.49],"rotation":270,"texture":"#0"},"down":{"uv":[1,1.5,2.5,5.49],"rotation":90,"texture":"#0"}}},{"from":[20.1347,5.0625,8.01829],"to":[21.1097,6.9375,8.46829],"rotation":{"angle":-22.5,"axis":"y","origin":[19.775,5.83916,9.875]},"faces":{"south":{"uv":[3,2,4.5,5.49],"rotation":270,"texture":"#0"},"up":{"uv":[6,2,7.5,5.49],"rotation":90,"texture":"#0"},"down":{"uv":[1,1.5,2.5,5.49],"rotation":270,"texture":"#0"}}},{"from":[24.5597,5.625,5.16829],"to":[27.4097,6.375,5.91829],"rotation":{"angle":-22.5,"axis":"y","origin":[21.275,6.40166,6.125]},"faces":{"north":{"uv":[3,2,4.5,5.49],"rotation":270,"texture":"#0"},"east":{"uv":[0.5,3,1,3.489],"rotation":270,"texture":"#0"},"up":{"uv":[6,2,7.5,5.49],"rotation":270,"texture":"#0"},"down":{"uv":[1,1.5,2.5,5.49],"rotation":90,"texture":"#0"}}},{"from":[24.5597,7.98171,7.625],"to":[27.4097,8.83171,8.375],"rotation":{"angle":-22.5,"axis":"z","origin":[21.275,7.875,8.77666]},"faces":{"north":{"uv":[2.5,1.5,4,5.49],"rotation":270,"texture":"#0"},"east":{"uv":[0.5,3,1,3.489],"rotation":270,"texture":"#0"},"south":{"uv":[2.5,1.5,4,5.49],"rotation":270,"texture":"#0"},"up":{"uv":[6,2,7.5,5.49],"rotation":90,"texture":"#0"}}},{"from":[16.35,4.95,7.925],"to":[17.35,7.05,8.075],"rotation":{"angle":-22.5,"axis":"x","origin":[15.05,6,8]},"faces":{"north":{"uv":[0,3,0.5,3.49],"rotation":90,"texture":"#0"},"east":{"uv":[5,3,5.5,3.49],"rotation":90,"texture":"#0"},"south":{"uv":[3,3.5,3.5,3.99],"rotation":90,"texture":"#0"},"west":{"uv":[0,3,0.5,3.49],"rotation":90,"texture":"#0"},"up":{"uv":[7,2,7.5,2.49],"rotation":270,"texture":"#0"},"down":{"uv":[0,3.5,0.5,3.99],"rotation":90,"texture":"#0"}}},{"from":[16.35,5.925,6.95],"to":[17.35,6.075,9.05],"rotation":{"angle":22.5,"axis":"x","origin":[15.05,6,8]},"faces":{"north":{"uv":[6,1.5,7,1.99],"rotation":270,"texture":"#0"},"east":{"uv":[5,3,5.5,3.49],"rotation":90,"texture":"#0"},"south":{"uv":[4,3,5,3.49],"rotation":270,"texture":"#0"},"west":{"uv":[0,3,0.5,3.49],"rotation":90,"texture":"#0"},"up":{"uv":[5,3.5,5.5,3.99],"rotation":90,"texture":"#0"},"down":{"uv":[2,3,2.5,3.49],"rotation":90,"texture":"#0"}}},{"from":[16.35,5.925,6.95],"to":[17.35,6.075,9.05],"rotation":{"angle":-22.5,"axis":"x","origin":[15.05,6,8]},"faces":{"north":{"uv":[4,3,5,3.49],"rotation":270,"texture":"#0"},"east":{"uv":[5,3,5.5,3.49],"rotation":90,"texture":"#0"},"south":{"uv":[6,1.5,7,1.99],"rotation":270,"texture":"#0"},"west":{"uv":[0,3,0.5,3.49],"rotation":90,"texture":"#0"},"up":{"uv":[5,3.5,5.5,3.99],"rotation":90,"texture":"#0"},"down":{"uv":[2,3,2.5,3.49],"rotation":90,"texture":"#0"}}},{"from":[16.35,4.95,7.925],"to":[17.35,7.05,8.075],"rotation":{"angle":22.5,"axis":"x","origin":[15.05,6,8]},"faces":{"north":{"uv":[3,3.5,3.5,3.99],"rotation":90,"texture":"#0"},"east":{"uv":[5,3,5.5,3.49],"rotation":90,"texture":"#0"},"south":{"uv":[0,3,0.5,3.49],"rotation":90,"texture":"#0"},"west":{"uv":[0,3,0.5,3.49],"rotation":90,"texture":"#0"},"up":{"uv":[7,2,7.5,2.49],"rotation":270,"texture":"#0"},"down":{"uv":[0,3.5,0.5,3.99],"rotation":90,"texture":"#0"}}},{"from":[26.55,5.53125,7.80584],"to":[28.05,6.46875,8.19416],"rotation":{"angle":0,"axis":"y","origin":[8,6,8]},"faces":{"east":{"uv":[0.5,3,1,3.489],"rotation":270,"texture":"#0"},"up":{"uv":[6,1.5,7.5,4.99],"rotation":90,"texture":"#0"},"down":{"uv":[0,1.5,1.5,4.99],"rotation":270,"texture":"#0"}}},{"from":[24.5597,5.625,9.98171],"to":[27.4097,6.375,10.83171],"rotation":{"angle":22.5,"axis":"y","origin":[21.275,6.40166,9.875]},"faces":{"east":{"uv":[0.5,3,1,3.489],"rotation":270,"texture":"#0"},"south":{"uv":[3,2,4.5,5.49],"rotation":270,"texture":"#0"},"up":{"uv":[6,2,7.5,5.49],"rotation":90,"texture":"#0"},"down":{"uv":[1,1.5,2.5,5.49],"rotation":270,"texture":"#0"}}},{"from":[24.5597,3.16829,7.6255],"to":[27.4097,4.01829,8.3745],"rotation":{"angle":22.5,"axis":"z","origin":[21.275,4.125,8.77716]},"faces":{"north":{"uv":[1,1.5,2.5,5.49],"rotation":90,"texture":"#0"},"east":{"uv":[0.5,3,1,3.489],"rotation":270,"texture":"#0"},"south":{"uv":[1,1.5,2.5,5.49],"rotation":90,"texture":"#0"},"down":{"uv":[0,2,1.5,5.49],"rotation":270,"texture":"#0"}}},{"from":[26.55,5.53125,7.80584],"to":[28.05,6.46875,8.19416],"rotation":{"angle":45,"axis":"x","origin":[24.5,6,8]},"faces":{"east":{"uv":[0.5,3,1,3.489],"rotation":270,"texture":"#0"},"up":{"uv":[4.5,1.5,6,4.99],"rotation":270,"texture":"#0"},"down":{"uv":[1.5,1.5,3,4.99],"rotation":90,"texture":"#0"}}},{"from":[26.55,5.53125,7.80584],"to":[28.05,6.46875,8.19416],"rotation":{"angle":-45,"axis":"x","origin":[24.5,6,8]},"faces":{"east":{"uv":[0.5,3,1,3.489],"rotation":270,"texture":"#0"},"up":{"uv":[4.5,1.5,6,4.99],"rotation":90,"texture":"#0"},"down":{"uv":[1.5,1.5,3,4.99],"rotation":270,"texture":"#0"}}},{"from":[26.55,5.80584,7.53125],"to":[28.05,6.19416,8.46875],"rotation":{"angle":0,"axis":"y","origin":[8,6,8]},"faces":{"north":{"uv":[3,1.5,4.5,4.99],"rotation":270,"texture":"#0"},"east":{"uv":[0.5,3,1,3.489],"rotation":270,"texture":"#0"},"south":{"uv":[3,1.5,4.5,4.99],"rotation":270,"texture":"#0"}}},{"from":[21.375,4.5,7.37869],"to":[24.676,7.5,8.62131],"rotation":{"angle":45,"axis":"x","origin":[20.1875,6,8]},"faces":{"east":{"uv":[6,0.5,4.5,2.49],"rotation":180,"texture":"#0"},"west":{"uv":[4.5,0.5,6,2.49],"rotation":180,"texture":"#0"},"up":{"uv":[6,0,4.5,5.49],"rotation":90,"texture":"#0"},"down":{"uv":[1.5,0,3,5.49],"rotation":90,"texture":"#0"}}},{"from":[21.375,4.5,7.37869],"to":[24.676,7.5,8.62131],"rotation":{"angle":-45,"axis":"x","origin":[20.1875,6,8]},"faces":{"east":{"uv":[4.5,0.5,6,2.49],"rotation":180,"texture":"#0"},"west":{"uv":[6,0.5,4.5,2.49],"rotation":180,"texture":"#0"},"up":{"uv":[4.5,0,6,5.49],"rotation":90,"texture":"#0"},"down":{"uv":[3,0,1.5,5.49],"rotation":90,"texture":"#0"}}},{"from":[21.375,5.37869,6.5],"to":[24.675,6.62131,9.5],"rotation":{"angle":0,"axis":"y","origin":[8,6,8]},"faces":{"north":{"uv":[3,0,4.5,5.49],"rotation":270,"texture":"#0"},"east":{"uv":[4.5,1.5,3,2.489],"rotation":180,"texture":"#0"},"south":{"uv":[4.5,0,3,5.49],"rotation":90,"texture":"#0"},"west":{"uv":[4.5,1.5,3,2.489],"rotation":180,"texture":"#0"}}}]}