{
	"credit": "Made with Blockbench",
	"texture_size": [64, 64],
	"textures": {
		"1": "item/custom_item/ambassador/assault"
	},
	"elements": [
		{
			"from": [6.98993, 5, 13.52805],
			"to": [9.00993, 6, 18.52805],
			"rotation": {"angle": 0, "axis": "y", "origin": [0.99993, 1, 1.52805]},
			"faces": {
				"north": {"uv": [5, 1.75, 5.5, 2], "texture": "#1"},
				"east": {"uv": [6, 2.5, 7.25, 2.75], "texture": "#1"},
				"south": {"uv": [0, 8.25, 0.5, 8.5], "texture": "#1"},
				"west": {"uv": [6.5, 2.25, 7.75, 2.5], "texture": "#1"},
				"up": {"uv": [4.75, 1.75, 4.25, 0.5], "texture": "#1"},
				"down": {"uv": [2, 4.5, 1.5, 5.75], "texture": "#1"}
			}
		},
		{
			"from": [6.99993, 6, 14.52805],
			"to": [8.99993, 7, 17.52805],
			"rotation": {"angle": 0, "axis": "y", "origin": [0.99993, 2, 2.52805]},
			"faces": {
				"north": {"uv": [8.25, 0, 8.75, 0.25], "texture": "#1"},
				"east": {"uv": [7, 2, 7.75, 2.25], "texture": "#1"},
				"south": {"uv": [8.25, 0.25, 8.75, 0.5], "texture": "#1"},
				"west": {"uv": [7.25, 8, 8, 8.25], "texture": "#1"},
				"up": {"uv": [6.25, 1.75, 5.75, 1], "texture": "#1"},
				"down": {"uv": [6.25, 4, 5.75, 4.75], "texture": "#1"}
			}
		},
		{
			"from": [6.99993, 7, 16.52805],
			"to": [8.99993, 8, 21.52805],
			"rotation": {"angle": 0, "axis": "y", "origin": [0.99993, 3, 4.52805]},
			"faces": {
				"north": {"uv": [8.25, 0.5, 8.75, 0.75], "texture": "#1"},
				"east": {"uv": [6.5, 3.5, 7.75, 3.75], "texture": "#1"},
				"south": {"uv": [8.25, 0.75, 8.75, 1], "texture": "#1"},
				"west": {"uv": [6.5, 3.75, 7.75, 4], "texture": "#1"},
				"up": {"uv": [5, 4.75, 4.5, 3.5], "texture": "#1"},
				"down": {"uv": [5.25, 0.5, 4.75, 1.75], "texture": "#1"}
			}
		},
		{
			"from": [6.99993, 5, 0.52805],
			"to": [8.99993, 9, 13.52805],
			"rotation": {"angle": 0, "axis": "y", "origin": [0.99993, 1, 0.52805]},
			"faces": {
				"north": {"uv": [5.5, 1.75, 6, 2.75], "texture": "#1"},
				"east": {"uv": [0, 0, 3.25, 1], "texture": "#1"},
				"south": {"uv": [2, 5.5, 2.5, 6.5], "texture": "#1"},
				"west": {"uv": [0, 1, 3.25, 2], "texture": "#1"},
				"up": {"uv": [0.5, 5.25, 0, 2], "texture": "#1"},
				"down": {"uv": [1, 2, 0.5, 5.25], "texture": "#1"}
			}
		},
		{
			"from": [6.99993, 8.46447, -3.00748],
			"to": [8.99993, 10.46447, -2.00748],
			"rotation": {"angle": 45, "axis": "x", "origin": [0.99993, 5.46447, -3.00748]},
			"faces": {
				"north": {"uv": [2.5, 6.5, 3, 7], "texture": "#1"},
				"east": {"uv": [4.25, 5.25, 4.5, 5.75], "texture": "#1"},
				"south": {"uv": [6.5, 5, 7, 5.5], "texture": "#1"},
				"west": {"uv": [5, 6, 5.25, 6.5], "texture": "#1"},
				"up": {"uv": [8.75, 1.25, 8.25, 1], "texture": "#1"},
				"down": {"uv": [1.75, 8.25, 1.25, 8.5], "texture": "#1"}
			}
		},
		{
			"from": [8.99993, 6, -2.47195],
			"to": [9.99993, 8, 7.52805],
			"rotation": {"angle": 0, "axis": "y", "origin": [2.99993, 2, -2.47195]},
			"faces": {
				"north": {"uv": [1.25, 6.25, 1.5, 6.75], "texture": "#1"},
				"east": {"uv": [3, 2, 5.5, 2.5], "texture": "#1"},
				"south": {"uv": [1.75, 6.75, 2, 7.25], "texture": "#1"},
				"west": {"uv": [3, 2.5, 5.5, 3], "texture": "#1"},
				"up": {"uv": [4.75, 7.25, 4.5, 4.75], "texture": "#1"},
				"down": {"uv": [5, 4.75, 4.75, 7.25], "texture": "#1"}
			}
		},
		{
			"from": [5.99993, 6, -2.47195],
			"to": [6.99993, 8, 7.52805],
			"rotation": {"angle": 0, "axis": "y", "origin": [-0.00007, 2, -2.47195]},
			"faces": {
				"north": {"uv": [1.75, 8.25, 2, 8.75], "texture": "#1"},
				"east": {"uv": [3, 3, 5.5, 3.5], "texture": "#1"},
				"south": {"uv": [2, 8.25, 2.25, 8.75], "texture": "#1"},
				"west": {"uv": [3.25, 0, 5.75, 0.5], "texture": "#1"},
				"up": {"uv": [5.25, 6, 5, 3.5], "texture": "#1"},
				"down": {"uv": [0.25, 5.25, 0, 7.75], "texture": "#1"}
			}
		},
		{
			"from": [6.99993, 3, -1.47195],
			"to": [8.99993, 5, 0.52805],
			"rotation": {"angle": 0, "axis": "y", "origin": [0.99993, 1, 0.52805]},
			"faces": {
				"north": {"uv": [6.25, 6.5, 6.75, 7], "texture": "#1"},
				"east": {"uv": [6.75, 0, 7.25, 0.5], "texture": "#1"},
				"south": {"uv": [6.75, 0.5, 7.25, 1], "texture": "#1"},
				"west": {"uv": [6.75, 1, 7.25, 1.5], "texture": "#1"},
				"up": {"uv": [1.75, 7.25, 1.25, 6.75], "texture": "#1"},
				"down": {"uv": [3.5, 6.75, 3, 7.25], "texture": "#1"}
			}
		},
		{
			"from": [6.99993, 4, -2.47195],
			"to": [8.99993, 5, -1.47195],
			"rotation": {"angle": 0, "axis": "y", "origin": [0.99993, 2, -0.47195]},
			"faces": {
				"north": {"uv": [8.25, 1.25, 8.75, 1.5], "texture": "#1"},
				"east": {"uv": [0.75, 6, 1, 6.25], "texture": "#1"},
				"south": {"uv": [8.25, 2, 8.75, 2.25], "texture": "#1"},
				"west": {"uv": [6.25, 1.5, 6.5, 1.75], "texture": "#1"},
				"up": {"uv": [8.75, 2.5, 8.25, 2.25], "texture": "#1"},
				"down": {"uv": [8.75, 2.5, 8.25, 2.75], "texture": "#1"}
			}
		},
		{
			"from": [6.99993, 3, 20.52805],
			"to": [8.99993, 4, 21.52805],
			"rotation": {"angle": 0, "axis": "y", "origin": [0.99993, 1, 2.52805]},
			"faces": {
				"north": {"uv": [8.25, 2.75, 8.75, 3], "texture": "#1"},
				"east": {"uv": [6, 6.75, 6.25, 7], "texture": "#1"},
				"south": {"uv": [8.25, 3, 8.75, 3.25], "texture": "#1"},
				"west": {"uv": [2.25, 7.25, 2.5, 7.5], "texture": "#1"},
				"up": {"uv": [8.75, 3.5, 8.25, 3.25], "texture": "#1"},
				"down": {"uv": [8.75, 3.5, 8.25, 3.75], "texture": "#1"}
			}
		},
		{
			"from": [6.99993, 2.29289, 15.82094],
			"to": [8.99993, 3.29289, 20.82094],
			"rotation": {"angle": 0, "axis": "y", "origin": [0.99993, 1.29289, 2.82094]},
			"faces": {
				"north": {"uv": [3.75, 8.25, 4.25, 8.5], "texture": "#1"},
				"east": {"uv": [6.5, 4.75, 7.75, 5], "texture": "#1"},
				"south": {"uv": [8.25, 3.75, 8.75, 4], "texture": "#1"},
				"west": {"uv": [5, 6.5, 6.25, 6.75], "texture": "#1"},
				"up": {"uv": [0.75, 6.5, 0.25, 5.25], "texture": "#1"},
				"down": {"uv": [5.75, 0.5, 5.25, 1.75], "texture": "#1"}
			}
		},
		{
			"from": [6.99993, 4, 17.52805],
			"to": [8.99993, 6, 21.52805],
			"rotation": {"angle": 0, "axis": "y", "origin": [0.99993, 1, 0.52805]},
			"faces": {
				"north": {"uv": [3.5, 6.75, 4, 7.25], "texture": "#1"},
				"east": {"uv": [5.75, 4.75, 6.5, 5.25], "texture": "#1"},
				"south": {"uv": [4, 6.75, 4.5, 7.25], "texture": "#1"},
				"west": {"uv": [5.75, 5.25, 6.5, 5.75], "texture": "#1"},
				"up": {"uv": [6.25, 6.5, 5.75, 5.75], "texture": "#1"},
				"down": {"uv": [6.5, 1.75, 6, 2.5], "texture": "#1"}
			}
		},
		{
			"from": [6.99993, 4, 21.52805],
			"to": [8.99993, 6, 22.52805],
			"rotation": {"angle": 0, "axis": "y", "origin": [0.99993, 1, 1.52805]},
			"faces": {
				"north": {"uv": [6.75, 4, 7.25, 4.5], "texture": "#1"},
				"east": {"uv": [8.25, 4, 8.5, 4.5], "texture": "#1"},
				"south": {"uv": [5, 6.75, 5.5, 7.25], "texture": "#1"},
				"west": {"uv": [4.25, 8.25, 4.5, 8.75], "texture": "#1"},
				"up": {"uv": [5, 8.5, 4.5, 8.25], "texture": "#1"},
				"down": {"uv": [8.75, 4.5, 8.25, 4.75], "texture": "#1"}
			}
		},
		{
			"from": [5.99993, 6, 17.52805],
			"to": [9.99993, 7, 21.52805],
			"rotation": {"angle": 0, "axis": "y", "origin": [-0.00007, 3, 0.52805]},
			"faces": {
				"north": {"uv": [3.25, 1.5, 4.25, 1.75], "texture": "#1"},
				"east": {"uv": [6.5, 5.5, 7.5, 5.75], "texture": "#1"},
				"south": {"uv": [6.75, 4.5, 7.75, 4.75], "texture": "#1"},
				"west": {"uv": [6.75, 5.75, 7.75, 6], "texture": "#1"},
				"up": {"uv": [4.25, 1.5, 3.25, 0.5], "texture": "#1"},
				"down": {"uv": [2, 3.5, 1, 4.5], "texture": "#1"}
			}
		},
		{
			"from": [6.99993, 2.29289, -7.17906],
			"to": [8.99993, 3.29289, -0.17906],
			"rotation": {"angle": 0, "axis": "y", "origin": [0.99993, 1.29289, 0.82094]},
			"faces": {
				"north": {"uv": [8.25, 4.75, 8.75, 5], "texture": "#1"},
				"east": {"uv": [3.25, 1.75, 5, 2], "texture": "#1"},
				"south": {"uv": [5, 8.25, 5.5, 8.5], "texture": "#1"},
				"west": {"uv": [5.5, 2.75, 7.25, 3], "texture": "#1"},
				"up": {"uv": [3.5, 5.25, 3, 3.5], "texture": "#1"},
				"down": {"uv": [4, 3.5, 3.5, 5.25], "texture": "#1"}
			}
		},
		{
			"from": [6.99993, 7.94975, -2.5222],
			"to": [8.99993, 8.94975, -1.5222],
			"rotation": {"angle": -45, "axis": "x", "origin": [0.99993, 7.94975, 5.4778]},
			"faces": {
				"north": {"uv": [8.25, 5.75, 8.75, 6], "texture": "#1"},
				"east": {"uv": [2.75, 7.5, 3, 7.75], "texture": "#1"},
				"south": {"uv": [8.25, 6, 8.75, 6.25], "texture": "#1"},
				"west": {"uv": [0.5, 7.75, 0.75, 8], "texture": "#1"},
				"up": {"uv": [8.75, 6.5, 8.25, 6.25], "texture": "#1"},
				"down": {"uv": [8.75, 6.5, 8.25, 6.75], "texture": "#1"}
			}
		},
		{
			"from": [6.99993, 4.29289, -6.17906],
			"to": [8.99993, 5.29289, -4.17906],
			"rotation": {"angle": 0, "axis": "y", "origin": [0.99993, 3.29289, -2.17906]},
			"faces": {
				"north": {"uv": [7.25, 8.25, 7.75, 8.5], "texture": "#1"},
				"east": {"uv": [7.75, 8.25, 8.25, 8.5], "texture": "#1"},
				"south": {"uv": [8.25, 8.25, 8.75, 8.5], "texture": "#1"},
				"west": {"uv": [0, 8.5, 0.5, 8.75], "texture": "#1"},
				"up": {"uv": [6, 7.25, 5.5, 6.75], "texture": "#1"},
				"down": {"uv": [7.25, 6, 6.75, 6.5], "texture": "#1"}
			}
		},
		{
			"from": [6.99993, 9.94975, -6.5222],
			"to": [8.99993, 10.94975, -5.5222],
			"rotation": {"angle": -45, "axis": "x", "origin": [0.99993, 9.94975, 1.4778]},
			"faces": {
				"north": {"uv": [0.5, 8.5, 1, 8.75], "texture": "#1"},
				"east": {"uv": [5.75, 7.75, 6, 8], "texture": "#1"},
				"south": {"uv": [1.25, 8.5, 1.75, 8.75], "texture": "#1"},
				"west": {"uv": [7.75, 6.75, 8, 7], "texture": "#1"},
				"up": {"uv": [9, 1.75, 8.5, 1.5], "texture": "#1"},
				"down": {"uv": [9, 1.75, 8.5, 2], "texture": "#1"}
			}
		},
		{
			"from": [6.98993, 9.94975, -8.5222],
			"to": [9.00993, 10.94975, -7.5222],
			"rotation": {"angle": -45, "axis": "x", "origin": [0.99993, 9.94975, -0.5222]},
			"faces": {
				"north": {"uv": [2.25, 8.5, 2.75, 8.75], "texture": "#1"},
				"east": {"uv": [5.5, 8.25, 5.75, 8.5], "texture": "#1"},
				"south": {"uv": [2.75, 8.5, 3.25, 8.75], "texture": "#1"},
				"west": {"uv": [7.5, 9.25, 7.75, 9.5], "texture": "#1"},
				"up": {"uv": [3.75, 8.75, 3.25, 8.5], "texture": "#1"},
				"down": {"uv": [4.25, 8.5, 3.75, 8.75], "texture": "#1"}
			}
		},
		{
			"from": [6.99993, 7.94974, 18.47779],
			"to": [8.99993, 8.94974, 19.47779],
			"rotation": {"angle": -45, "axis": "x", "origin": [0.99993, 7.94974, 26.47779]},
			"faces": {
				"north": {"uv": [8.5, 4, 9, 4.25], "texture": "#1"},
				"east": {"uv": [8.25, 9.25, 8.5, 9.5], "texture": "#1"},
				"south": {"uv": [8.5, 4.25, 9, 4.5], "texture": "#1"},
				"west": {"uv": [0.25, 9.5, 0.5, 9.75], "texture": "#1"},
				"up": {"uv": [5, 8.75, 4.5, 8.5], "texture": "#1"},
				"down": {"uv": [5.5, 8.5, 5, 8.75], "texture": "#1"}
			}
		},
		{
			"from": [6.99993, 8.24264, 18.1849],
			"to": [8.99993, 9.24264, 19.1849],
			"rotation": {"angle": -45, "axis": "x", "origin": [0.99993, 8.24264, 26.1849]},
			"faces": {
				"north": {"uv": [8.5, 5, 9, 5.25], "texture": "#1"},
				"east": {"uv": [0.5, 9.5, 0.75, 9.75], "texture": "#1"},
				"south": {"uv": [8.5, 5.25, 9, 5.5], "texture": "#1"},
				"west": {"uv": [0.75, 9.5, 1, 9.75], "texture": "#1"},
				"up": {"uv": [6, 8.75, 5.5, 8.5], "texture": "#1"},
				"down": {"uv": [9, 5.5, 8.5, 5.75], "texture": "#1"}
			}
		},
		{
			"from": [6.99993, 9.65685, 16.1849],
			"to": [8.99993, 11.65685, 17.1849],
			"rotation": {"angle": -45, "axis": "x", "origin": [0.99993, 9.65685, 24.1849]},
			"faces": {
				"north": {"uv": [6.75, 6.5, 7.25, 7], "texture": "#1"},
				"east": {"uv": [6, 8.5, 6.25, 9], "texture": "#1"},
				"south": {"uv": [0.75, 7, 1.25, 7.5], "texture": "#1"},
				"west": {"uv": [6.25, 8.5, 6.5, 9], "texture": "#1"},
				"up": {"uv": [7, 8.75, 6.5, 8.5], "texture": "#1"},
				"down": {"uv": [9, 6.75, 8.5, 7], "texture": "#1"}
			}
		},
		{
			"from": [6.99993, 8.82843, -2.40088],
			"to": [8.99993, 9.82843, -1.40088],
			"rotation": {"angle": -45, "axis": "x", "origin": [0.99993, 6.82843, 5.59912]},
			"faces": {
				"north": {"uv": [7, 8.5, 7.5, 8.75], "texture": "#1"},
				"east": {"uv": [1, 9.5, 1.25, 9.75], "texture": "#1"},
				"south": {"uv": [8.5, 7, 9, 7.25], "texture": "#1"},
				"west": {"uv": [1.25, 9.5, 1.5, 9.75], "texture": "#1"},
				"up": {"uv": [8, 8.75, 7.5, 8.5], "texture": "#1"},
				"down": {"uv": [8.5, 8.5, 8, 8.75], "texture": "#1"}
			}
		},
		{
			"from": [6.99893, 5, -7.47195],
			"to": [9.00093, 8, 0.52805],
			"rotation": {"angle": 0, "axis": "y", "origin": [0.99993, 1, 2.52805]},
			"faces": {
				"north": {"uv": [6.25, 0, 6.75, 0.75], "texture": "#1"},
				"east": {"uv": [1, 2, 3, 2.75], "texture": "#1"},
				"south": {"uv": [0.75, 6.25, 1.25, 7], "texture": "#1"},
				"west": {"uv": [1, 2.75, 3, 3.5], "texture": "#1"},
				"up": {"uv": [2.5, 5.5, 2, 3.5], "texture": "#1"},
				"down": {"uv": [3, 3.5, 2.5, 5.5], "texture": "#1"}
			}
		},
		{
			"from": [8.99993, 5.5, -6.47195],
			"to": [10.99993, 7.5, -5.47195],
			"rotation": {"angle": 0, "axis": "y", "origin": [2.99993, 1.5, 3.52805]},
			"faces": {
				"north": {"uv": [7, 1.5, 7.5, 2], "texture": "#1"},
				"east": {"uv": [8.5, 8.5, 8.75, 9], "texture": "#1"},
				"south": {"uv": [2.5, 7, 3, 7.5], "texture": "#1"},
				"west": {"uv": [0, 8.75, 0.25, 9.25], "texture": "#1"},
				"up": {"uv": [9.25, 0.25, 8.75, 0], "texture": "#1"},
				"down": {"uv": [0.75, 8.75, 0.25, 9], "texture": "#1"}
			}
		},
		{
			"from": [8.99993, 6, -6.97195],
			"to": [10.99993, 7, -5.97195],
			"rotation": {"angle": 0, "axis": "y", "origin": [2.99993, 2, 3.02805]},
			"faces": {
				"north": {"uv": [8.75, 0.25, 9.25, 0.5], "texture": "#1"},
				"east": {"uv": [1.5, 9.5, 1.75, 9.75], "texture": "#1"},
				"south": {"uv": [8.75, 0.5, 9.25, 0.75], "texture": "#1"},
				"west": {"uv": [1.75, 9.5, 2, 9.75], "texture": "#1"},
				"up": {"uv": [1.25, 9, 0.75, 8.75], "texture": "#1"},
				"down": {"uv": [9.25, 0.75, 8.75, 1], "texture": "#1"}
			}
		},
		{
			"from": [4.99993, 6, -6.97195],
			"to": [6.99993, 7, -5.97195],
			"rotation": {"angle": 0, "axis": "y", "origin": [-1.00007, 2, 3.02805]},
			"faces": {
				"north": {"uv": [8.75, 1, 9.25, 1.25], "texture": "#1"},
				"east": {"uv": [2, 9.5, 2.25, 9.75], "texture": "#1"},
				"south": {"uv": [1.25, 8.75, 1.75, 9], "texture": "#1"},
				"west": {"uv": [9.5, 2, 9.75, 2.25], "texture": "#1"},
				"up": {"uv": [9.25, 1.5, 8.75, 1.25], "texture": "#1"},
				"down": {"uv": [2.25, 8.75, 1.75, 9], "texture": "#1"}
			}
		},
		{
			"from": [4.99993, 5.5, -6.47195],
			"to": [6.99993, 7.5, -5.47195],
			"rotation": {"angle": 0, "axis": "y", "origin": [-1.00007, 1.5, 3.52805]},
			"faces": {
				"north": {"uv": [7, 5, 7.5, 5.5], "texture": "#1"},
				"east": {"uv": [8.75, 2, 9, 2.5], "texture": "#1"},
				"south": {"uv": [6, 7, 6.5, 7.5], "texture": "#1"},
				"west": {"uv": [2.25, 8.75, 2.5, 9.25], "texture": "#1"},
				"up": {"uv": [3, 9, 2.5, 8.75], "texture": "#1"},
				"down": {"uv": [9.25, 2.5, 8.75, 2.75], "texture": "#1"}
			}
		},
		{
			"from": [5.99993, 6, -5.47195],
			"to": [7.99993, 7, -4.47195],
			"rotation": {"angle": 0, "axis": "y", "origin": [-0.00007, 2, 4.52805]},
			"faces": {
				"north": {"uv": [8.75, 2.75, 9.25, 3], "texture": "#1"},
				"east": {"uv": [9.5, 2.25, 9.75, 2.5], "texture": "#1"},
				"south": {"uv": [3, 8.75, 3.5, 9], "texture": "#1"},
				"west": {"uv": [2.5, 9.5, 2.75, 9.75], "texture": "#1"},
				"up": {"uv": [9.25, 3.25, 8.75, 3], "texture": "#1"},
				"down": {"uv": [9.25, 3.25, 8.75, 3.5], "texture": "#1"}
			}
		},
		{
			"from": [8.99993, 6, -5.47195],
			"to": [9.99993, 7, -4.47195],
			"rotation": {"angle": 0, "axis": "y", "origin": [2.99993, 2, 4.52805]},
			"faces": {
				"north": {"uv": [2.75, 9.5, 3, 9.75], "texture": "#1"},
				"east": {"uv": [3, 9.5, 3.25, 9.75], "texture": "#1"},
				"south": {"uv": [3.25, 9.5, 3.5, 9.75], "texture": "#1"},
				"west": {"uv": [3.5, 9.5, 3.75, 9.75], "texture": "#1"},
				"up": {"uv": [9.75, 3.75, 9.5, 3.5], "texture": "#1"},
				"down": {"uv": [4, 9.5, 3.75, 9.75], "texture": "#1"}
			}
		},
		{
			"from": [8.84665, 5.5, -6.24255],
			"to": [10.84665, 7.5, -5.24255],
			"rotation": {"angle": 22.5, "axis": "y", "origin": [10.34665, 6, -5.74255]},
			"faces": {
				"north": {"uv": [6.5, 7, 7, 7.5], "texture": "#1"},
				"east": {"uv": [3.5, 8.75, 3.75, 9.25], "texture": "#1"},
				"south": {"uv": [7, 7, 7.5, 7.5], "texture": "#1"},
				"west": {"uv": [8.75, 3.5, 9, 4], "texture": "#1"},
				"up": {"uv": [4.25, 9, 3.75, 8.75], "texture": "#1"},
				"down": {"uv": [4.75, 8.75, 4.25, 9], "texture": "#1"}
			}
		},
		{
			"from": [5.15321, 5.5, -6.24255],
			"to": [7.15321, 7.5, -5.24255],
			"rotation": {"angle": -22.5, "axis": "y", "origin": [5.65321, 6, -5.74255]},
			"faces": {
				"north": {"uv": [7.25, 0, 7.75, 0.5], "texture": "#1"},
				"east": {"uv": [8.75, 4.5, 9, 5], "texture": "#1"},
				"south": {"uv": [0.25, 7.25, 0.75, 7.75], "texture": "#1"},
				"west": {"uv": [4.75, 8.75, 5, 9.25], "texture": "#1"},
				"up": {"uv": [5.5, 9, 5, 8.75], "texture": "#1"},
				"down": {"uv": [6, 8.75, 5.5, 9], "texture": "#1"}
			}
		},
		{
			"from": [6.99993, 5.5, -8.47195],
			"to": [8.99993, 7.5, -7.47195],
			"rotation": {"angle": 0, "axis": "y", "origin": [0.99993, 1.5, 1.52805]},
			"faces": {
				"north": {"uv": [7.25, 0.5, 7.75, 1], "texture": "#1"},
				"east": {"uv": [8.75, 5.75, 9, 6.25], "texture": "#1"},
				"south": {"uv": [7.25, 1, 7.75, 1.5], "texture": "#1"},
				"west": {"uv": [8.75, 6.25, 9, 6.75], "texture": "#1"},
				"up": {"uv": [7, 9, 6.5, 8.75], "texture": "#1"},
				"down": {"uv": [7.5, 8.75, 7, 9], "texture": "#1"}
			}
		},
		{
			"from": [7.49993, 6, -8.47295],
			"to": [8.49993, 7, -8.47295],
			"rotation": {"angle": 0, "axis": "y", "origin": [0.99993, 1.5, 1.52805]},
			"faces": {
				"north": {"uv": [9.5, 3.75, 9.75, 4], "texture": "#1"},
				"east": {"uv": [0, 0, 0, 0.25], "texture": "#1"},
				"south": {"uv": [9.5, 4, 9.75, 4.25], "texture": "#1"},
				"west": {"uv": [0, 0, 0, 0.25], "texture": "#1"},
				"up": {"uv": [0.25, 0, 0, 0], "texture": "#1"},
				"down": {"uv": [0.25, 0, 0, 0], "texture": "#1"}
			}
		},
		{
			"from": [7.00993, 6.72457, -5.26511],
			"to": [8.98993, 8.72457, -4.26511],
			"rotation": {"angle": -45, "axis": "x", "origin": [7.99993, 8.12491, -4.43768]},
			"faces": {
				"north": {"uv": [1.25, 7.25, 1.75, 7.75], "texture": "#1"},
				"east": {"uv": [8.75, 7.25, 9, 7.75], "texture": "#1"},
				"south": {"uv": [1.75, 7.25, 2.25, 7.75], "texture": "#1"},
				"west": {"uv": [7.5, 8.75, 7.75, 9.25], "texture": "#1"},
				"up": {"uv": [8.25, 9, 7.75, 8.75], "texture": "#1"},
				"down": {"uv": [9.25, 7.75, 8.75, 8], "texture": "#1"}
			}
		},
		{
			"from": [7.00093, 7.74846, -5.07789],
			"to": [8.99893, 9.74846, -4.07789],
			"rotation": {"angle": 22.5, "axis": "x", "origin": [7.99993, 8.12491, -4.43768]},
			"faces": {
				"north": {"uv": [7.25, 2.5, 7.75, 3], "texture": "#1"},
				"east": {"uv": [8.75, 8, 9, 8.5], "texture": "#1"},
				"south": {"uv": [3, 7.25, 3.5, 7.75], "texture": "#1"},
				"west": {"uv": [8.25, 8.75, 8.5, 9.25], "texture": "#1"},
				"up": {"uv": [9.25, 8.75, 8.75, 8.5], "texture": "#1"},
				"down": {"uv": [9.25, 8.75, 8.75, 9], "texture": "#1"}
			}
		},
		{
			"from": [6.99993, 7.74846, -4.07789],
			"to": [8.99993, 9.74846, -3.07789],
			"rotation": {"angle": 22.5, "axis": "x", "origin": [7.99993, 8.12491, -4.43768]},
			"faces": {
				"north": {"uv": [7.25, 3, 7.75, 3.5], "texture": "#1"},
				"east": {"uv": [0.25, 9, 0.5, 9.5], "texture": "#1"},
				"south": {"uv": [3.5, 7.25, 4, 7.75], "texture": "#1"},
				"west": {"uv": [0.5, 9, 0.75, 9.5], "texture": "#1"},
				"up": {"uv": [1.25, 9.25, 0.75, 9], "texture": "#1"},
				"down": {"uv": [1.75, 9, 1.25, 9.25], "texture": "#1"}
			}
		},
		{
			"from": [7.00093, 9.1045, -4.5601],
			"to": [8.99893, 11.1045, -3.5601],
			"rotation": {"angle": 0, "axis": "x", "origin": [7.99993, 8.12491, -4.43768]},
			"faces": {
				"north": {"uv": [4, 7.25, 4.5, 7.75], "texture": "#1"},
				"east": {"uv": [9, 1.5, 9.25, 2], "texture": "#1"},
				"south": {"uv": [7.25, 4, 7.75, 4.5], "texture": "#1"},
				"west": {"uv": [1.75, 9, 2, 9.5], "texture": "#1"},
				"up": {"uv": [9.5, 2.25, 9, 2], "texture": "#1"},
				"down": {"uv": [9.5, 2.25, 9, 2.5], "texture": "#1"}
			}
		},
		{
			"from": [6.99893, 9.1045, -3.5601],
			"to": [9.00893, 11.1045, -2.5601],
			"rotation": {"angle": 0, "axis": "x", "origin": [7.99993, 8.12491, -4.43768]},
			"faces": {
				"north": {"uv": [4.5, 7.25, 5, 7.75], "texture": "#1"},
				"east": {"uv": [2, 9, 2.25, 9.5], "texture": "#1"},
				"south": {"uv": [5, 7.25, 5.5, 7.75], "texture": "#1"},
				"west": {"uv": [2.5, 9, 2.75, 9.5], "texture": "#1"},
				"up": {"uv": [3.25, 9.25, 2.75, 9], "texture": "#1"},
				"down": {"uv": [9.5, 3.5, 9, 3.75], "texture": "#1"}
			}
		},
		{
			"from": [6.99993, 10.1045, -2.5601],
			"to": [8.99993, 11.1045, -1.5601],
			"rotation": {"angle": 0, "axis": "x", "origin": [7.99993, 9.12491, -2.43768]},
			"faces": {
				"north": {"uv": [3.75, 9, 4.25, 9.25], "texture": "#1"},
				"east": {"uv": [9.5, 4.25, 9.75, 4.5], "texture": "#1"},
				"south": {"uv": [9, 3.75, 9.5, 4], "texture": "#1"},
				"west": {"uv": [4.5, 9.5, 4.75, 9.75], "texture": "#1"},
				"up": {"uv": [9.5, 4.25, 9, 4], "texture": "#1"},
				"down": {"uv": [4.75, 9, 4.25, 9.25], "texture": "#1"}
			}
		},
		{
			"from": [7.00993, -4, 6.52805],
			"to": [8.98993, -2, 11.52805],
			"rotation": {"angle": 0, "axis": "y", "origin": [0.99993, 1, 9.52805]},
			"faces": {
				"north": {"uv": [5.5, 7.25, 6, 7.75], "texture": "#1"},
				"east": {"uv": [3, 5.25, 4.25, 5.75], "texture": "#1"},
				"south": {"uv": [7.25, 6, 7.75, 6.5], "texture": "#1"},
				"west": {"uv": [5.25, 3.5, 6.5, 4], "texture": "#1"},
				"up": {"uv": [5.75, 5.25, 5.25, 4], "texture": "#1"},
				"down": {"uv": [5.75, 5.25, 5.25, 6.5], "texture": "#1"}
			}
		},
		{
			"from": [6.99993, -5, 6.52805],
			"to": [8.99993, -4, 9.52805],
			"rotation": {"angle": 0, "axis": "y", "origin": [0.99993, 0, 8.52805]},
			"faces": {
				"north": {"uv": [9, 4.25, 9.5, 4.5], "texture": "#1"},
				"east": {"uv": [8, 7.25, 8.75, 7.5], "texture": "#1"},
				"south": {"uv": [9, 4.5, 9.5, 4.75], "texture": "#1"},
				"west": {"uv": [8, 7.5, 8.75, 7.75], "texture": "#1"},
				"up": {"uv": [6.75, 1.5, 6.25, 0.75], "texture": "#1"},
				"down": {"uv": [6.75, 4, 6.25, 4.75], "texture": "#1"}
			}
		},
		{
			"from": [6.99993, -2.69344, 11.06925],
			"to": [8.99993, -1.69344, 13.06925],
			"rotation": {"angle": -22.5, "axis": "x", "origin": [8.49993, -2.69344, 12.06925]},
			"faces": {
				"north": {"uv": [9, 4.75, 9.5, 5], "texture": "#1"},
				"east": {"uv": [5, 9, 5.5, 9.25], "texture": "#1"},
				"south": {"uv": [9, 5, 9.5, 5.25], "texture": "#1"},
				"west": {"uv": [9, 5.25, 9.5, 5.5], "texture": "#1"},
				"up": {"uv": [7.75, 7, 7.25, 6.5], "texture": "#1"},
				"down": {"uv": [1.25, 7.5, 0.75, 8], "texture": "#1"}
			}
		},
		{
			"from": [6.98993, -3.69344, 11.06925],
			"to": [9.00993, -2.69344, 13.06925],
			"rotation": {"angle": -22.5, "axis": "x", "origin": [8.49993, -2.69344, 12.06925]},
			"faces": {
				"north": {"uv": [5.5, 9, 6, 9.25], "texture": "#1"},
				"east": {"uv": [9, 5.5, 9.5, 5.75], "texture": "#1"},
				"south": {"uv": [9, 5.75, 9.5, 6], "texture": "#1"},
				"west": {"uv": [6, 9, 6.5, 9.25], "texture": "#1"},
				"up": {"uv": [8, 2, 7.5, 1.5], "texture": "#1"},
				"down": {"uv": [2.75, 7.5, 2.25, 8], "texture": "#1"}
			}
		},
		{
			"from": [6.99993, -3.23463, 12.9616],
			"to": [8.99993, -2.23463, 14.9616],
			"rotation": {"angle": -45, "axis": "x", "origin": [8.49993, -3.23463, 11.9616]},
			"faces": {
				"north": {"uv": [9, 6, 9.5, 6.25], "texture": "#1"},
				"east": {"uv": [9, 6.25, 9.5, 6.5], "texture": "#1"},
				"south": {"uv": [6.5, 9, 7, 9.25], "texture": "#1"},
				"west": {"uv": [9, 6.5, 9.5, 6.75], "texture": "#1"},
				"up": {"uv": [8, 5.5, 7.5, 5], "texture": "#1"},
				"down": {"uv": [6.5, 7.5, 6, 8], "texture": "#1"}
			}
		},
		{
			"from": [6.98993, -4.23463, 12.9616],
			"to": [9.00993, -3.23463, 14.9616],
			"rotation": {"angle": -45, "axis": "x", "origin": [8.49993, -3.23463, 11.9616]},
			"faces": {
				"north": {"uv": [9, 6.75, 9.5, 7], "texture": "#1"},
				"east": {"uv": [7, 9, 7.5, 9.25], "texture": "#1"},
				"south": {"uv": [9, 7, 9.5, 7.25], "texture": "#1"},
				"west": {"uv": [9, 7.25, 9.5, 7.5], "texture": "#1"},
				"up": {"uv": [7, 8, 6.5, 7.5], "texture": "#1"},
				"down": {"uv": [7.5, 7.5, 7, 8], "texture": "#1"}
			}
		},
		{
			"from": [6.99993, -0.36789, 11.48765],
			"to": [8.99993, 1.63211, 12.48765],
			"rotation": {"angle": 22.5, "axis": "x", "origin": [8.49993, -4.36789, 10.48765]},
			"faces": {
				"north": {"uv": [7.5, 7, 8, 7.5], "texture": "#1"},
				"east": {"uv": [3.25, 9, 3.5, 9.5], "texture": "#1"},
				"south": {"uv": [7.5, 7.5, 8, 8], "texture": "#1"},
				"west": {"uv": [7.75, 9, 8, 9.5], "texture": "#1"},
				"up": {"uv": [9.5, 7.75, 9, 7.5], "texture": "#1"},
				"down": {"uv": [9.5, 8, 9, 8.25], "texture": "#1"}
			}
		},
		{
			"from": [6.98993, -0.75057, 12.41153],
			"to": [9.00993, 1.24943, 13.41153],
			"rotation": {"angle": 22.5, "axis": "x", "origin": [8.50993, -4.75057, 11.41153]},
			"faces": {
				"north": {"uv": [0, 7.75, 0.5, 8.25], "texture": "#1"},
				"east": {"uv": [8, 9, 8.25, 9.5], "texture": "#1"},
				"south": {"uv": [7.75, 0, 8.25, 0.5], "texture": "#1"},
				"west": {"uv": [8.5, 9, 8.75, 9.5], "texture": "#1"},
				"up": {"uv": [9.5, 8.5, 9, 8.25], "texture": "#1"},
				"down": {"uv": [9.25, 9, 8.75, 9.25], "texture": "#1"}
			}
		},
		{
			"from": [7.00993, 0.00249, 4.58272],
			"to": [8.98993, 2.00249, 6.58272],
			"rotation": {"angle": 22.5, "axis": "x", "origin": [7.99993, 0.12491, 7.56232]},
			"faces": {
				"north": {"uv": [7.75, 0.5, 8.25, 1], "texture": "#1"},
				"east": {"uv": [7.75, 1, 8.25, 1.5], "texture": "#1"},
				"south": {"uv": [1.25, 7.75, 1.75, 8.25], "texture": "#1"},
				"west": {"uv": [1.75, 7.75, 2.25, 8.25], "texture": "#1"},
				"up": {"uv": [8.25, 2.5, 7.75, 2], "texture": "#1"},
				"down": {"uv": [8.25, 2.5, 7.75, 3], "texture": "#1"}
			}
		},
		{
			"from": [7.00993, 1.15205, 1.76268],
			"to": [8.98993, 2.15205, 5.76268],
			"rotation": {"angle": 0, "axis": "x", "origin": [7.99993, 1.27447, 6.74228]},
			"faces": {
				"north": {"uv": [9.25, 0, 9.75, 0.25], "texture": "#1"},
				"east": {"uv": [7.5, 5.5, 8.5, 5.75], "texture": "#1"},
				"south": {"uv": [9.25, 0.25, 9.75, 0.5], "texture": "#1"},
				"west": {"uv": [2.75, 7.75, 3.75, 8], "texture": "#1"},
				"up": {"uv": [3, 6.5, 2.5, 5.5], "texture": "#1"},
				"down": {"uv": [6.25, 0, 5.75, 1], "texture": "#1"}
			}
		},
		{
			"from": [7.00993, -0.25154, 6.92211],
			"to": [8.98993, 1.74846, 8.92211],
			"rotation": {"angle": -45, "axis": "x", "origin": [7.99993, 0.12491, 7.56232]},
			"faces": {
				"north": {"uv": [7.75, 3, 8.25, 3.5], "texture": "#1"},
				"east": {"uv": [7.75, 3.5, 8.25, 4], "texture": "#1"},
				"south": {"uv": [3.75, 7.75, 4.25, 8.25], "texture": "#1"},
				"west": {"uv": [7.75, 4, 8.25, 4.5], "texture": "#1"},
				"up": {"uv": [4.75, 8.25, 4.25, 7.75], "texture": "#1"},
				"down": {"uv": [8.25, 4.5, 7.75, 5], "texture": "#1"}
			}
		},
		{
			"from": [7.00993, -2.02753, 7.55539],
			"to": [8.98993, -1.02753, 9.55539],
			"rotation": {"angle": 0, "axis": "x", "origin": [7.99993, 0.12491, 7.56232]},
			"faces": {
				"north": {"uv": [9.25, 0.5, 9.75, 0.75], "texture": "#1"},
				"east": {"uv": [0.75, 9.25, 1.25, 9.5], "texture": "#1"},
				"south": {"uv": [9.25, 0.75, 9.75, 1], "texture": "#1"},
				"west": {"uv": [9.25, 1, 9.75, 1.25], "texture": "#1"},
				"up": {"uv": [5.25, 8.25, 4.75, 7.75], "texture": "#1"},
				"down": {"uv": [5.75, 7.75, 5.25, 8.25], "texture": "#1"}
			}
		},
		{
			"from": [6.98993, -2.02753, 8.55539],
			"to": [9.00993, -1.02753, 9.55539],
			"rotation": {"angle": 0, "axis": "x", "origin": [7.99993, 0.12491, 7.56232]},
			"faces": {
				"north": {"uv": [1.25, 9.25, 1.75, 9.5], "texture": "#1"},
				"east": {"uv": [9.5, 4.5, 9.75, 4.75], "texture": "#1"},
				"south": {"uv": [9.25, 1.25, 9.75, 1.5], "texture": "#1"},
				"west": {"uv": [4.75, 9.5, 5, 9.75], "texture": "#1"},
				"up": {"uv": [9.75, 1.75, 9.25, 1.5], "texture": "#1"},
				"down": {"uv": [9.75, 1.75, 9.25, 2], "texture": "#1"}
			}
		},
		{
			"from": [6.99993, -1.70252, 6.96266],
			"to": [8.99993, 0.29748, 8.96266],
			"rotation": {"angle": -22.5, "axis": "x", "origin": [7.99993, 0.12491, 7.56232]},
			"faces": {
				"north": {"uv": [7.75, 5.75, 8.25, 6.25], "texture": "#1"},
				"east": {"uv": [7.75, 6.25, 8.25, 6.75], "texture": "#1"},
				"south": {"uv": [0.5, 8, 1, 8.5], "texture": "#1"},
				"west": {"uv": [8, 1.5, 8.5, 2], "texture": "#1"},
				"up": {"uv": [2.75, 8.5, 2.25, 8], "texture": "#1"},
				"down": {"uv": [3.25, 8, 2.75, 8.5], "texture": "#1"}
			}
		},
		{
			"from": [7.49993, 2.41485, 11.02256],
			"to": [8.49993, 3.41485, 13.02256],
			"rotation": {"angle": -22.5, "axis": "x", "origin": [8.49993, 1.66485, 9.52256]},
			"faces": {
				"north": {"uv": [9.5, 4.75, 9.75, 5], "texture": "#1"},
				"east": {"uv": [9.25, 2.5, 9.75, 2.75], "texture": "#1"},
				"south": {"uv": [5, 9.5, 5.25, 9.75], "texture": "#1"},
				"west": {"uv": [2.75, 9.25, 3.25, 9.5], "texture": "#1"},
				"up": {"uv": [0.25, 9.75, 0, 9.25], "texture": "#1"},
				"down": {"uv": [2.5, 9.25, 2.25, 9.75], "texture": "#1"}
			}
		},
		{
			"from": [6.99993, 4, 8.52805],
			"to": [8.99993, 5, 11.52805],
			"rotation": {"angle": 0, "axis": "y", "origin": [0.99993, 1, 0.52805]},
			"faces": {
				"north": {"uv": [9.25, 2.75, 9.75, 3], "texture": "#1"},
				"east": {"uv": [8, 7.75, 8.75, 8], "texture": "#1"},
				"south": {"uv": [9.25, 3, 9.75, 3.25], "texture": "#1"},
				"west": {"uv": [8, 8, 8.75, 8.25], "texture": "#1"},
				"up": {"uv": [6.75, 6.5, 6.25, 5.75], "texture": "#1"},
				"down": {"uv": [0.75, 6.5, 0.25, 7.25], "texture": "#1"}
			}
		},
		{
			"from": [6.99993, 2, 6.52805],
			"to": [8.99993, 5, 7.52805],
			"rotation": {"angle": 0, "axis": "y", "origin": [0.99993, 1, 0.52805]},
			"faces": {
				"north": {"uv": [6.5, 1.5, 7, 2.25], "texture": "#1"},
				"east": {"uv": [0.75, 5.25, 1, 6], "texture": "#1"},
				"south": {"uv": [2, 6.5, 2.5, 7.25], "texture": "#1"},
				"west": {"uv": [1, 8, 1.25, 8.75], "texture": "#1"},
				"up": {"uv": [9.75, 3.5, 9.25, 3.25], "texture": "#1"},
				"down": {"uv": [4, 9.25, 3.5, 9.5], "texture": "#1"}
			}
		},
		{
			"from": [6.99993, 2, 5.52805],
			"to": [8.99993, 4, 6.52805],
			"rotation": {"angle": 0, "axis": "y", "origin": [0.99993, 1, 0.52805]},
			"faces": {
				"north": {"uv": [3.25, 8, 3.75, 8.5], "texture": "#1"},
				"east": {"uv": [4, 9.25, 4.25, 9.75], "texture": "#1"},
				"south": {"uv": [8, 5, 8.5, 5.5], "texture": "#1"},
				"west": {"uv": [4.25, 9.25, 4.5, 9.75], "texture": "#1"},
				"up": {"uv": [5, 9.5, 4.5, 9.25], "texture": "#1"},
				"down": {"uv": [5.5, 9.25, 5, 9.5], "texture": "#1"}
			}
		},
		{
			"from": [7.00993, 0, 8.52805],
			"to": [8.98993, 1, 15.52805],
			"rotation": {"angle": 0, "axis": "y", "origin": [0.99993, -8, 7.52805]},
			"faces": {
				"north": {"uv": [5.5, 9.25, 6, 9.5], "texture": "#1"},
				"east": {"uv": [5.5, 3, 7.25, 3.25], "texture": "#1"},
				"south": {"uv": [6, 9.25, 6.5, 9.5], "texture": "#1"},
				"west": {"uv": [5.5, 3.25, 7.25, 3.5], "texture": "#1"},
				"up": {"uv": [4.5, 5.25, 4, 3.5], "texture": "#1"},
				"down": {"uv": [1.5, 4.5, 1, 6.25], "texture": "#1"}
			}
		},
		{
			"from": [6.98993, -0.01, 14.51805],
			"to": [9.00993, 0.99, 15.51805],
			"rotation": {"angle": 0, "axis": "y", "origin": [0.99993, -8, 7.52805]},
			"faces": {
				"north": {"uv": [6.5, 9.25, 7, 9.5], "texture": "#1"},
				"east": {"uv": [9.5, 5, 9.75, 5.25], "texture": "#1"},
				"south": {"uv": [7, 9.25, 7.5, 9.5], "texture": "#1"},
				"west": {"uv": [5.25, 9.5, 5.5, 9.75], "texture": "#1"},
				"up": {"uv": [9.75, 8, 9.25, 7.75], "texture": "#1"},
				"down": {"uv": [9.75, 8.5, 9.25, 8.75], "texture": "#1"}
			}
		},
		{
			"from": [6.99993, 1, 11.52805],
			"to": [8.99993, 2, 13.52805],
			"rotation": {"angle": 0, "axis": "y", "origin": [0.99993, -7, 11.52805]},
			"faces": {
				"north": {"uv": [8.75, 9.25, 9.25, 9.5], "texture": "#1"},
				"east": {"uv": [9.25, 8.75, 9.75, 9], "texture": "#1"},
				"south": {"uv": [9.25, 9, 9.75, 9.25], "texture": "#1"},
				"west": {"uv": [9.25, 9.25, 9.75, 9.5], "texture": "#1"},
				"up": {"uv": [6.25, 8.5, 5.75, 8], "texture": "#1"},
				"down": {"uv": [6.75, 8, 6.25, 8.5], "texture": "#1"}
			}
		},
		{
			"from": [7.00093, 1.38687, 12.44566],
			"to": [8.99893, 5.38687, 14.44566],
			"rotation": {"angle": -22.5, "axis": "x", "origin": [0.99993, -0.61313, 12.44566]},
			"faces": {
				"north": {"uv": [1.5, 5.75, 2, 6.75], "texture": "#1"},
				"east": {"uv": [3, 5.75, 3.5, 6.75], "texture": "#1"},
				"south": {"uv": [3.5, 5.75, 4, 6.75], "texture": "#1"},
				"west": {"uv": [4, 5.75, 4.5, 6.75], "texture": "#1"},
				"up": {"uv": [7.25, 8.5, 6.75, 8], "texture": "#1"},
				"down": {"uv": [8.5, 6.75, 8, 7.25], "texture": "#1"}
			}
		}
	],
	"gui_light": "front",
	"display": {
		"thirdperson_righthand": {
			"rotation": [0, -12, 0],
			"translation": [0.75, 2.25, -2.5],
			"scale": [0.75, 0.75, 0.75]
		},
		"thirdperson_lefthand": {
			"rotation": [0, -12, 0],
			"translation": [0.75, 2.25, -2.5],
			"scale": [0.75, 0.75, 0.75]
		},
		"firstperson_righthand": {
			"rotation": [0, -10, 0],
			"translation": [9, 15.6, 2.5],
			"scale": [0.85, 0.85, 0.85]
		},
		"firstperson_lefthand": {
			"rotation": [0, -10, 0],
			"translation": [9, 15.6, 2.5],
			"scale": [0.85, 0.85, 0.85]
		},
		"ground": {
			"rotation": [45, 1, 0],
			"translation": [0, 5, 0],
			"scale": [0.5, 0.5, 0.5]
		},
		"gui": {
			"rotation": [-90, 135, 90],
			"translation": [1.5, 0.5, 0],
			"scale": [0.6, 0.6, 0.6]
		},
		"fixed": {
			"rotation": [-90, -135, -90],
			"translation": [-1.75, 0.75, 0.75],
			"scale": [0.75, 0.75, 0.75]
		}
	},
	"groups": [
		{
			"name": "group",
			"origin": [7.99993, 13.12491, -1.43768],
			"color": 0,
			"children": [0, 1, 2, 3, 4, 5, 6, 7, 8, 9, 10, 11, 12, 13, 14, 15, 16, 17, 18, 19, 20, 21, 22, 23, 24, 25, 26, 27, 28, 29, 30, 31, 32, 33, 34, 35, 36, 37, 38, 39]
		},
		{
			"name": "grip",
			"origin": [0, -3, 0],
			"color": 4,
			"children": [
				40,
				41,
				42,
				43,
				44,
				45,
				46,
				47,
				48,
				49,
				50,
				51,
				52,
				53,
				54,
				55,
				56,
				57,
				58,
				59,
				60,
				61,
				{
					"name": "group",
					"origin": [0, -3, 0],
					"color": 0,
					"children": []
				}
			]
		}
	]
}