{
	"credit": "Made with Blockbench",
	"texture_size": [64, 64],
	"textures": {
		"2": "item/custom_item/ambassador/flamethrower"
	},
	"elements": [
		{
			"from": [6.99993, 10, 3.52805],
			"to": [8.99993, 14, 16.52805],
			"rotation": {"angle": 0, "axis": "y", "origin": [0.99993, 6, 3.52805]},
			"faces": {
				"north": {"uv": [5.5, 1, 6, 2], "texture": "#2"},
				"east": {"uv": [0, 0, 3.25, 1], "texture": "#2"},
				"south": {"uv": [5.5, 2, 6, 3], "texture": "#2"},
				"west": {"uv": [0, 1, 3.25, 2], "texture": "#2"},
				"up": {"uv": [0.5, 6, 0, 2.75], "texture": "#2"},
				"down": {"uv": [1, 2.75, 0.5, 6], "texture": "#2"}
			}
		},
		{
			"from": [6.99993, 13.46447, -0.00748],
			"to": [8.99993, 15.46447, 0.99252],
			"rotation": {"angle": 45, "axis": "x", "origin": [0.99993, 10.46447, -0.00748]},
			"faces": {
				"north": {"uv": [4.75, 6.5, 5.25, 7], "texture": "#2"},
				"east": {"uv": [5, 3.5, 5.25, 4], "texture": "#2"},
				"south": {"uv": [5.75, 6.5, 6.25, 7], "texture": "#2"},
				"west": {"uv": [3.25, 5.5, 3.5, 6], "texture": "#2"},
				"up": {"uv": [7.5, 2.75, 7, 2.5], "texture": "#2"},
				"down": {"uv": [5.75, 7.75, 5.25, 8], "texture": "#2"}
			}
		},
		{
			"from": [8.99993, 11, 0.52805],
			"to": [9.99993, 13, 10.52805],
			"rotation": {"angle": 0, "axis": "y", "origin": [2.99993, 7, 0.52805]},
			"faces": {
				"north": {"uv": [3.75, 6.25, 4, 6.75], "texture": "#2"},
				"east": {"uv": [1, 2.75, 3.5, 3.25], "texture": "#2"},
				"south": {"uv": [4.5, 7.75, 4.75, 8.25], "texture": "#2"},
				"west": {"uv": [3.25, 0, 5.75, 0.5], "texture": "#2"},
				"up": {"uv": [4.75, 6.75, 4.5, 4.25], "texture": "#2"},
				"down": {"uv": [1.75, 4.75, 1.5, 7.25], "texture": "#2"}
			}
		},
		{
			"from": [5.99993, 11, 0.52805],
			"to": [6.99993, 13, 10.52805],
			"rotation": {"angle": 0, "axis": "y", "origin": [-0.00007, 7, 0.52805]},
			"faces": {
				"north": {"uv": [7.75, 5.75, 8, 6.25], "texture": "#2"},
				"east": {"uv": [3.25, 0.5, 5.75, 1], "texture": "#2"},
				"south": {"uv": [7.75, 6.25, 8, 6.75], "texture": "#2"},
				"west": {"uv": [1, 3.25, 3.5, 3.75], "texture": "#2"},
				"up": {"uv": [2, 7.25, 1.75, 4.75], "texture": "#2"},
				"down": {"uv": [2.25, 4.75, 2, 7.25], "texture": "#2"}
			}
		},
		{
			"from": [6.99993, 8, 1.52805],
			"to": [8.99993, 13, 3.52805],
			"rotation": {"angle": 0, "axis": "y", "origin": [0.99993, 6, 3.52805]},
			"faces": {
				"north": {"uv": [4.75, 4.25, 5.25, 5.5], "texture": "#2"},
				"east": {"uv": [5, 1, 5.5, 2.25], "texture": "#2"},
				"south": {"uv": [5, 2.25, 5.5, 3.5], "texture": "#2"},
				"west": {"uv": [3.5, 5, 4, 6.25], "texture": "#2"},
				"up": {"uv": [6.75, 7, 6.25, 6.5], "texture": "#2"},
				"down": {"uv": [7.25, 0, 6.75, 0.5], "texture": "#2"}
			}
		},
		{
			"from": [6.99993, 12, 0.52805],
			"to": [8.99993, 13, 1.52805],
			"rotation": {"angle": 0, "axis": "y", "origin": [0.99993, 6, 3.52805]},
			"faces": {
				"north": {"uv": [3.75, 9, 4.25, 9.25], "texture": "#2"},
				"east": {"uv": [8, 9, 8.25, 9.25], "texture": "#2"},
				"south": {"uv": [9, 3.75, 9.5, 4], "texture": "#2"},
				"west": {"uv": [9, 8, 9.25, 8.25], "texture": "#2"},
				"up": {"uv": [9.5, 4.25, 9, 4], "texture": "#2"},
				"down": {"uv": [4.75, 9, 4.25, 9.25], "texture": "#2"}
			}
		},
		{
			"from": [6.99993, 7.29289, -4.17906],
			"to": [8.99993, 8.29289, 2.82094],
			"rotation": {"angle": 0, "axis": "y", "origin": [0.99993, 6.29289, 3.82094]},
			"faces": {
				"north": {"uv": [7.75, 6.75, 8.25, 7], "texture": "#2"},
				"east": {"uv": [6, 1, 7.75, 1.25], "texture": "#2"},
				"south": {"uv": [7.75, 7, 8.25, 7.25], "texture": "#2"},
				"west": {"uv": [6, 1.25, 7.75, 1.5], "texture": "#2"},
				"up": {"uv": [3, 5.5, 2.5, 3.75], "texture": "#2"},
				"down": {"uv": [3.5, 3.75, 3, 5.5], "texture": "#2"}
			}
		},
		{
			"from": [6.99993, 12.94975, 0.4778],
			"to": [8.99993, 13.94975, 1.4778],
			"rotation": {"angle": -45, "axis": "x", "origin": [0.99993, 12.94975, 8.4778]},
			"faces": {
				"north": {"uv": [7.75, 7.25, 8.25, 7.5], "texture": "#2"},
				"east": {"uv": [4.25, 1.75, 4.5, 2], "texture": "#2"},
				"south": {"uv": [7.75, 7.5, 8.25, 7.75], "texture": "#2"},
				"west": {"uv": [5, 4, 5.25, 4.25], "texture": "#2"},
				"up": {"uv": [8.25, 8, 7.75, 7.75], "texture": "#2"},
				"down": {"uv": [0.5, 8, 0, 8.25], "texture": "#2"}
			}
		},
		{
			"from": [6.99993, 13.82843, 0.59912],
			"to": [8.99993, 14.82843, 1.59912],
			"rotation": {"angle": -45, "axis": "x", "origin": [0.99993, 11.82843, 8.59912]},
			"faces": {
				"north": {"uv": [5.25, 8, 5.75, 8.25], "texture": "#2"},
				"east": {"uv": [9, 4.5, 9.25, 4.75], "texture": "#2"},
				"south": {"uv": [5.75, 8, 6.25, 8.25], "texture": "#2"},
				"west": {"uv": [4.75, 9, 5, 9.25], "texture": "#2"},
				"up": {"uv": [8.5, 6, 8, 5.75], "texture": "#2"},
				"down": {"uv": [8.5, 6, 8, 6.25], "texture": "#2"}
			}
		},
		{
			"from": [6.99993, 9, 23.52805],
			"to": [8.99993, 11, 24.52805],
			"rotation": {"angle": 0, "axis": "y", "origin": [4.99993, 21, 3.52805]},
			"faces": {
				"north": {"uv": [7.75, 1.5, 8.25, 2], "texture": "#2"},
				"east": {"uv": [1.75, 9, 2, 9.5], "texture": "#2"},
				"south": {"uv": [2.5, 7.75, 3, 8.25], "texture": "#2"},
				"west": {"uv": [2, 9, 2.25, 9.5], "texture": "#2"},
				"up": {"uv": [9.5, 1.5, 9, 1.25], "texture": "#2"},
				"down": {"uv": [9.5, 2, 9, 2.25], "texture": "#2"}
			}
		},
		{
			"from": [6.99993, 9.04289, 17.57094],
			"to": [8.99993, 10.04289, 23.57094],
			"rotation": {"angle": 0, "axis": "y", "origin": [6.99993, 23.04289, 4.82094]},
			"faces": {
				"north": {"uv": [1, 9, 1.5, 9.25], "texture": "#2"},
				"east": {"uv": [6, 2.75, 7.5, 3], "texture": "#2"},
				"south": {"uv": [9, 1, 9.5, 1.25], "texture": "#2"},
				"west": {"uv": [6.25, 0.75, 7.75, 1], "texture": "#2"},
				"up": {"uv": [5, 4.25, 4.5, 2.75], "texture": "#2"},
				"down": {"uv": [4.5, 4.5, 4, 6], "texture": "#2"}
			}
		},
		{
			"from": [6.98993, 10, 16.52805],
			"to": [9.00993, 11, 20.52805],
			"rotation": {"angle": 0, "axis": "y", "origin": [4.99993, 21, 3.52805]},
			"faces": {
				"north": {"uv": [9, 0.5, 9.5, 0.75], "texture": "#2"},
				"east": {"uv": [6.75, 0.5, 7.75, 0.75], "texture": "#2"},
				"south": {"uv": [9, 0.75, 9.5, 1], "texture": "#2"},
				"west": {"uv": [1.5, 7.75, 2.5, 8], "texture": "#2"},
				"up": {"uv": [1, 7, 0.5, 6], "texture": "#2"},
				"down": {"uv": [1.5, 6, 1, 7], "texture": "#2"}
			}
		},
		{
			"from": [6.99993, 11, 16.52805],
			"to": [8.99993, 12, 19.52805],
			"rotation": {"angle": 0, "axis": "y", "origin": [4.99993, 22, 4.52805]},
			"faces": {
				"north": {"uv": [9, 2.75, 9.5, 3], "texture": "#2"},
				"east": {"uv": [7.75, 5.25, 8.5, 5.5], "texture": "#2"},
				"south": {"uv": [3.25, 9, 3.75, 9.25], "texture": "#2"},
				"west": {"uv": [7.75, 5.5, 8.5, 5.75], "texture": "#2"},
				"up": {"uv": [6.75, 6.5, 6.25, 5.75], "texture": "#2"},
				"down": {"uv": [7, 2, 6.5, 2.75], "texture": "#2"}
			}
		},
		{
			"from": [5.99993, 11, 19.52805],
			"to": [9.99993, 12, 23.52805],
			"rotation": {"angle": 0, "axis": "y", "origin": [3.99993, 23, 2.52805]},
			"faces": {
				"north": {"uv": [7.75, 3, 8.75, 3.25], "texture": "#2"},
				"east": {"uv": [7.75, 3.25, 8.75, 3.5], "texture": "#2"},
				"south": {"uv": [3.5, 7.75, 4.5, 8], "texture": "#2"},
				"west": {"uv": [7.75, 3.5, 8.75, 3.75], "texture": "#2"},
				"up": {"uv": [4.25, 2, 3.25, 1], "texture": "#2"},
				"down": {"uv": [2.5, 3.75, 1.5, 4.75], "texture": "#2"}
			}
		},
		{
			"from": [6.99993, 12, 18.52805],
			"to": [8.99993, 13, 23.52805],
			"rotation": {"angle": 0, "axis": "y", "origin": [4.99993, 23, 6.52805]},
			"faces": {
				"north": {"uv": [9, 3.25, 9.5, 3.5], "texture": "#2"},
				"east": {"uv": [6.5, 3, 7.75, 3.25], "texture": "#2"},
				"south": {"uv": [9, 3.5, 9.5, 3.75], "texture": "#2"},
				"west": {"uv": [6.5, 3.25, 7.75, 3.5], "texture": "#2"},
				"up": {"uv": [5.75, 4.75, 5.25, 3.5], "texture": "#2"},
				"down": {"uv": [5.75, 4.75, 5.25, 6], "texture": "#2"}
			}
		},
		{
			"from": [6.99993, 10, 20.52805],
			"to": [8.99993, 11, 23.52805],
			"rotation": {"angle": 0, "axis": "y", "origin": [4.99993, 21, 3.52805]},
			"faces": {
				"north": {"uv": [2.25, 9, 2.75, 9.25], "texture": "#2"},
				"east": {"uv": [7.75, 4.75, 8.5, 5], "texture": "#2"},
				"south": {"uv": [2.75, 9, 3.25, 9.25], "texture": "#2"},
				"west": {"uv": [7.75, 5, 8.5, 5.25], "texture": "#2"},
				"up": {"uv": [6.75, 5, 6.25, 4.25], "texture": "#2"},
				"down": {"uv": [6.75, 5, 6.25, 5.75], "texture": "#2"}
			}
		},
		{
			"from": [7, 1, 10.52805],
			"to": [9, 3, 14.52805],
			"rotation": {"angle": 0, "axis": "y", "origin": [0.99993, 6, 12.52805]},
			"faces": {
				"north": {"uv": [1.5, 7.25, 2, 7.75], "texture": "#2"},
				"east": {"uv": [2.25, 5.5, 3.25, 6], "texture": "#2"},
				"south": {"uv": [2, 7.25, 2.5, 7.75], "texture": "#2"},
				"west": {"uv": [5.5, 3, 6.5, 3.5], "texture": "#2"},
				"up": {"uv": [5.25, 6.5, 4.75, 5.5], "texture": "#2"},
				"down": {"uv": [6.25, 0, 5.75, 1], "texture": "#2"}
			}
		},
		{
			"from": [7, 0, 9.52805],
			"to": [9, 1, 12.52805],
			"rotation": {"angle": 0, "axis": "y", "origin": [0.99993, 5, 11.52805]},
			"faces": {
				"north": {"uv": [8.5, 4.25, 9, 4.5], "texture": "#2"},
				"east": {"uv": [7.75, 3.75, 8.5, 4], "texture": "#2"},
				"south": {"uv": [8.5, 4.5, 9, 4.75], "texture": "#2"},
				"west": {"uv": [7.75, 4, 8.5, 4.25], "texture": "#2"},
				"up": {"uv": [3.25, 6.75, 2.75, 6], "texture": "#2"},
				"down": {"uv": [4.5, 6, 4, 6.75], "texture": "#2"}
			}
		},
		{
			"from": [6.9998, 2.30656, 14.06925],
			"to": [9.0001, 3.30656, 16.06925],
			"rotation": {"angle": -22.5, "axis": "x", "origin": [8.49993, 2.30656, 15.06925]},
			"faces": {
				"north": {"uv": [8.5, 4.75, 9, 5], "texture": "#2"},
				"east": {"uv": [8.5, 5, 9, 5.25], "texture": "#2"},
				"south": {"uv": [5.25, 8.5, 5.75, 8.75], "texture": "#2"},
				"west": {"uv": [8.5, 5.25, 9, 5.5], "texture": "#2"},
				"up": {"uv": [3, 7.75, 2.5, 7.25], "texture": "#2"},
				"down": {"uv": [7.75, 3.5, 7.25, 4], "texture": "#2"}
			}
		},
		{
			"from": [6.9998, 1.30656, 14.06925],
			"to": [9.0001, 2.30656, 16.06925],
			"rotation": {"angle": -22.5, "axis": "x", "origin": [8.49993, 2.30656, 15.06925]},
			"faces": {
				"north": {"uv": [8.5, 5.5, 9, 5.75], "texture": "#2"},
				"east": {"uv": [5.75, 8.5, 6.25, 8.75], "texture": "#2"},
				"south": {"uv": [8.5, 5.75, 9, 6], "texture": "#2"},
				"west": {"uv": [8.5, 6, 9, 6.25], "texture": "#2"},
				"up": {"uv": [4.25, 7.75, 3.75, 7.25], "texture": "#2"},
				"down": {"uv": [7.75, 4, 7.25, 4.5], "texture": "#2"}
			}
		},
		{
			"from": [7, 1.76537, 15.9616],
			"to": [9, 2.76537, 17.9616],
			"rotation": {"angle": -45, "axis": "x", "origin": [8.49993, 1.76537, 14.9616]},
			"faces": {
				"north": {"uv": [8.5, 6.25, 9, 6.5], "texture": "#2"},
				"east": {"uv": [8.5, 6.5, 9, 6.75], "texture": "#2"},
				"south": {"uv": [6.75, 8.5, 7.25, 8.75], "texture": "#2"},
				"west": {"uv": [8.5, 7, 9, 7.25], "texture": "#2"},
				"up": {"uv": [4.75, 7.75, 4.25, 7.25], "texture": "#2"},
				"down": {"uv": [7.75, 4.5, 7.25, 5], "texture": "#2"}
			}
		},
		{
			"from": [6.9998, 0.76537, 15.9616],
			"to": [9.0002, 1.76537, 17.9616],
			"rotation": {"angle": -45, "axis": "x", "origin": [8.49993, 1.76537, 14.9616]},
			"faces": {
				"north": {"uv": [8.5, 7.25, 9, 7.5], "texture": "#2"},
				"east": {"uv": [7.5, 8.5, 8, 8.75], "texture": "#2"},
				"south": {"uv": [8.5, 8, 9, 8.25], "texture": "#2"},
				"west": {"uv": [8.5, 8.25, 9, 8.5], "texture": "#2"},
				"up": {"uv": [7.75, 5.5, 7.25, 5], "texture": "#2"},
				"down": {"uv": [5.75, 7.25, 5.25, 7.75], "texture": "#2"}
			}
		},
		{
			"from": [6.99993, 4.63211, 14.48765],
			"to": [8.99993, 6.63211, 15.48765],
			"rotation": {"angle": 22.5, "axis": "x", "origin": [8.49993, 0.63211, 13.48765]},
			"faces": {
				"north": {"uv": [7.25, 5.5, 7.75, 6], "texture": "#2"},
				"east": {"uv": [3, 8.5, 3.25, 9], "texture": "#2"},
				"south": {"uv": [7.25, 6, 7.75, 6.5], "texture": "#2"},
				"west": {"uv": [6.25, 8.5, 6.5, 9], "texture": "#2"},
				"up": {"uv": [9, 8.75, 8.5, 8.5], "texture": "#2"},
				"down": {"uv": [0.5, 8.75, 0, 9], "texture": "#2"}
			}
		},
		{
			"from": [6.9999, 4.24943, 15.41153],
			"to": [9.0009, 6.24943, 16.41153],
			"rotation": {"angle": 22.5, "axis": "x", "origin": [8.50993, 0.24943, 14.41153]},
			"faces": {
				"north": {"uv": [7.25, 6.5, 7.75, 7], "texture": "#2"},
				"east": {"uv": [8.75, 0, 9, 0.5], "texture": "#2"},
				"south": {"uv": [7.25, 7, 7.75, 7.5], "texture": "#2"},
				"west": {"uv": [8.75, 0.5, 9, 1], "texture": "#2"},
				"up": {"uv": [1.5, 9, 1, 8.75], "texture": "#2"},
				"down": {"uv": [9.25, 1.5, 8.75, 1.75], "texture": "#2"}
			}
		},
		{
			"from": [7.00993, 5.00249, 7.58272],
			"to": [8.98993, 7.00249, 9.58272],
			"rotation": {"angle": 22.5, "axis": "x", "origin": [7.99993, 5.12491, 10.56232]},
			"faces": {
				"north": {"uv": [0, 7.5, 0.5, 8], "texture": "#2"},
				"east": {"uv": [0.5, 7.5, 1, 8], "texture": "#2"},
				"south": {"uv": [1, 7.5, 1.5, 8], "texture": "#2"},
				"west": {"uv": [7.5, 2, 8, 2.5], "texture": "#2"},
				"up": {"uv": [8, 3, 7.5, 2.5], "texture": "#2"},
				"down": {"uv": [3.5, 7.5, 3, 8], "texture": "#2"}
			}
		},
		{
			"from": [7.00993, 5.74846, 9.92211],
			"to": [8.98993, 6.74846, 11.92211],
			"rotation": {"angle": -45, "axis": "x", "origin": [7.99993, 5.12491, 10.56232]},
			"faces": {
				"north": {"uv": [8.75, 1.75, 9.25, 2], "texture": "#2"},
				"east": {"uv": [8.75, 2.25, 9.25, 2.5], "texture": "#2"},
				"south": {"uv": [2.5, 8.75, 3, 9], "texture": "#2"},
				"west": {"uv": [8.75, 2.5, 9.25, 2.75], "texture": "#2"},
				"up": {"uv": [5.25, 8, 4.75, 7.5], "texture": "#2"},
				"down": {"uv": [6.25, 7.5, 5.75, 8], "texture": "#2"}
			}
		},
		{
			"from": [7.5006, 7.44219, 15.0499],
			"to": [8.5006, 8.44219, 17.0499],
			"rotation": {"angle": -22.5, "axis": "x", "origin": [8.5006, 6.69219, 13.5499]},
			"faces": {
				"north": {"uv": [7.25, 9, 7.5, 9.25], "texture": "#2"},
				"east": {"uv": [8.75, 3, 9.25, 3.25], "texture": "#2"},
				"south": {"uv": [9, 7.25, 9.25, 7.5], "texture": "#2"},
				"west": {"uv": [3.25, 8.75, 3.75, 9], "texture": "#2"},
				"up": {"uv": [1.75, 9.25, 1.5, 8.75], "texture": "#2"},
				"down": {"uv": [9, 3.25, 8.75, 3.75], "texture": "#2"}
			}
		},
		{
			"from": [6.99993, 9, 11.52805],
			"to": [8.99993, 10, 14.52805],
			"rotation": {"angle": 0, "axis": "y", "origin": [0.99993, 6, 3.52805]},
			"faces": {
				"north": {"uv": [3.75, 8.75, 4.25, 9], "texture": "#2"},
				"east": {"uv": [7.75, 4.25, 8.5, 4.5], "texture": "#2"},
				"south": {"uv": [4.25, 8.75, 4.75, 9], "texture": "#2"},
				"west": {"uv": [7.75, 4.5, 8.5, 4.75], "texture": "#2"},
				"up": {"uv": [5.75, 6.75, 5.25, 6], "texture": "#2"},
				"down": {"uv": [6.75, 0, 6.25, 0.75], "texture": "#2"}
			}
		},
		{
			"from": [6.99993, 7, 9.52805],
			"to": [8.99993, 10, 10.52805],
			"rotation": {"angle": 0, "axis": "y", "origin": [0.99993, 6, 3.52805]},
			"faces": {
				"north": {"uv": [3.25, 6.25, 3.75, 7], "texture": "#2"},
				"east": {"uv": [4.25, 1, 4.5, 1.75], "texture": "#2"},
				"south": {"uv": [6.25, 3.5, 6.75, 4.25], "texture": "#2"},
				"west": {"uv": [2.25, 4.75, 2.5, 5.5], "texture": "#2"},
				"up": {"uv": [5.25, 9, 4.75, 8.75], "texture": "#2"},
				"down": {"uv": [5.75, 8.75, 5.25, 9], "texture": "#2"}
			}
		},
		{
			"from": [6.99993, 7, 8.52805],
			"to": [8.99993, 9, 9.52805],
			"rotation": {"angle": 0, "axis": "y", "origin": [0.99993, 6, 3.52805]},
			"faces": {
				"north": {"uv": [6.25, 7.5, 6.75, 8], "texture": "#2"},
				"east": {"uv": [5.75, 8.75, 6, 9.25], "texture": "#2"},
				"south": {"uv": [6.75, 7.5, 7.25, 8], "texture": "#2"},
				"west": {"uv": [6, 8.75, 6.25, 9.25], "texture": "#2"},
				"up": {"uv": [7, 9, 6.5, 8.75], "texture": "#2"},
				"down": {"uv": [9.25, 6.75, 8.75, 7], "texture": "#2"}
			}
		},
		{
			"from": [7.0006, 5.02734, 11.55539],
			"to": [9.0006, 6.02734, 18.55539],
			"rotation": {"angle": 0, "axis": "y", "origin": [1.00073, -2.97266, 10.55539]},
			"faces": {
				"north": {"uv": [7, 8.75, 7.5, 9], "texture": "#2"},
				"east": {"uv": [6, 1.5, 7.75, 1.75], "texture": "#2"},
				"south": {"uv": [7.5, 8.75, 8, 9], "texture": "#2"},
				"west": {"uv": [6, 1.75, 7.75, 2], "texture": "#2"},
				"up": {"uv": [4.5, 4.5, 4, 2.75], "texture": "#2"},
				"down": {"uv": [5, 1, 4.5, 2.75], "texture": "#2"}
			}
		},
		{
			"from": [7.0006, 6.02734, 15.55539],
			"to": [9.0006, 7.02734, 17.55539],
			"rotation": {"angle": 0, "axis": "y", "origin": [1.0006, -1.97266, 15.55539]},
			"faces": {
				"north": {"uv": [0, 9, 0.5, 9.25], "texture": "#2"},
				"east": {"uv": [9, 0, 9.5, 0.25], "texture": "#2"},
				"south": {"uv": [9, 0.25, 9.5, 0.5], "texture": "#2"},
				"west": {"uv": [0.5, 9, 1, 9.25], "texture": "#2"},
				"up": {"uv": [7.75, 8, 7.25, 7.5], "texture": "#2"},
				"down": {"uv": [8.25, 0, 7.75, 0.5], "texture": "#2"}
			}
		},
		{
			"from": [7.0016, 6.41421, 16.473],
			"to": [8.9996, 10.41421, 18.473],
			"rotation": {"angle": -22.5, "axis": "x", "origin": [1.0006, 4.41421, 16.473]},
			"faces": {
				"north": {"uv": [5.75, 3.5, 6.25, 4.5], "texture": "#2"},
				"east": {"uv": [5.75, 4.5, 6.25, 5.5], "texture": "#2"},
				"south": {"uv": [5.75, 5.5, 6.25, 6.5], "texture": "#2"},
				"west": {"uv": [0, 6, 0.5, 7], "texture": "#2"},
				"up": {"uv": [8.25, 1, 7.75, 0.5], "texture": "#2"},
				"down": {"uv": [8.25, 1, 7.75, 1.5], "texture": "#2"}
			}
		},
		{
			"from": [6.99893, 9, -7.47195],
			"to": [9.00093, 12, 1.52805],
			"rotation": {"angle": 0, "axis": "y", "origin": [0.99993, 5, 2.52805]},
			"faces": {
				"north": {"uv": [6, 2, 6.5, 2.75], "texture": "#2"},
				"east": {"uv": [0, 2, 2.25, 2.75], "texture": "#2"},
				"south": {"uv": [2.25, 6, 2.75, 6.75], "texture": "#2"},
				"west": {"uv": [2.25, 2, 4.5, 2.75], "texture": "#2"},
				"up": {"uv": [4, 5, 3.5, 2.75], "texture": "#2"},
				"down": {"uv": [1.5, 3.75, 1, 6], "texture": "#2"}
			}
		},
		{
			"from": [8.99993, 9.5, -6.47195],
			"to": [10.99993, 11.5, -5.47195],
			"rotation": {"angle": 0, "axis": "y", "origin": [2.99993, 5.5, 3.52805]},
			"faces": {
				"north": {"uv": [6.75, 3.5, 7.25, 4], "texture": "#2"},
				"east": {"uv": [6.25, 8, 6.5, 8.5], "texture": "#2"},
				"south": {"uv": [3.75, 6.75, 4.25, 7.25], "texture": "#2"},
				"west": {"uv": [8, 6.25, 8.25, 6.75], "texture": "#2"},
				"up": {"uv": [7, 8.25, 6.5, 8], "texture": "#2"},
				"down": {"uv": [7.5, 8, 7, 8.25], "texture": "#2"}
			}
		},
		{
			"from": [8.99993, 10, -6.97195],
			"to": [10.99993, 11, -5.97195],
			"rotation": {"angle": 0, "axis": "y", "origin": [2.99993, 6, 3.02805]},
			"faces": {
				"north": {"uv": [7.5, 8, 8, 8.25], "texture": "#2"},
				"east": {"uv": [9, 4.75, 9.25, 5], "texture": "#2"},
				"south": {"uv": [8, 8, 8.5, 8.25], "texture": "#2"},
				"west": {"uv": [5, 9, 5.25, 9.25], "texture": "#2"},
				"up": {"uv": [0.5, 8.5, 0, 8.25], "texture": "#2"},
				"down": {"uv": [8.75, 0, 8.25, 0.25], "texture": "#2"}
			}
		},
		{
			"from": [4.99993, 10, -6.97195],
			"to": [6.99993, 11, -5.97195],
			"rotation": {"angle": 0, "axis": "y", "origin": [-1.00007, 6, 3.02805]},
			"faces": {
				"north": {"uv": [8.25, 0.25, 8.75, 0.5], "texture": "#2"},
				"east": {"uv": [9, 5, 9.25, 5.25], "texture": "#2"},
				"south": {"uv": [0.5, 8.25, 1, 8.5], "texture": "#2"},
				"west": {"uv": [5.25, 9, 5.5, 9.25], "texture": "#2"},
				"up": {"uv": [8.75, 0.75, 8.25, 0.5], "texture": "#2"},
				"down": {"uv": [8.75, 0.75, 8.25, 1], "texture": "#2"}
			}
		},
		{
			"from": [4.99993, 9.5, -6.47195],
			"to": [6.99993, 11.5, -5.47195],
			"rotation": {"angle": 0, "axis": "y", "origin": [-1.00007, 5.5, 3.52805]},
			"faces": {
				"north": {"uv": [6.75, 4, 7.25, 4.5], "texture": "#2"},
				"east": {"uv": [1, 8.25, 1.25, 8.75], "texture": "#2"},
				"south": {"uv": [4.25, 6.75, 4.75, 7.25], "texture": "#2"},
				"west": {"uv": [8.25, 1, 8.5, 1.5], "texture": "#2"},
				"up": {"uv": [1.75, 8.5, 1.25, 8.25], "texture": "#2"},
				"down": {"uv": [8.75, 1.5, 8.25, 1.75], "texture": "#2"}
			}
		},
		{
			"from": [8.99993, 10, -5.47195],
			"to": [9.99993, 11, -4.47195],
			"rotation": {"angle": 0, "axis": "y", "origin": [2.99993, 6, 4.52805]},
			"faces": {
				"north": {"uv": [9, 5.5, 9.25, 5.75], "texture": "#2"},
				"east": {"uv": [9, 5.75, 9.25, 6], "texture": "#2"},
				"south": {"uv": [9, 6, 9.25, 6.25], "texture": "#2"},
				"west": {"uv": [6.25, 9, 6.5, 9.25], "texture": "#2"},
				"up": {"uv": [9.25, 6.5, 9, 6.25], "texture": "#2"},
				"down": {"uv": [6.75, 9, 6.5, 9.25], "texture": "#2"}
			}
		},
		{
			"from": [8.84665, 9.5, -6.24255],
			"to": [10.84665, 11.5, -5.24255],
			"rotation": {"angle": 22.5, "axis": "y", "origin": [10.34665, 10, -5.74255]},
			"faces": {
				"north": {"uv": [6.75, 4.5, 7.25, 5], "texture": "#2"},
				"east": {"uv": [3.25, 8.25, 3.5, 8.75], "texture": "#2"},
				"south": {"uv": [6.75, 5, 7.25, 5.5], "texture": "#2"},
				"west": {"uv": [3.5, 8.25, 3.75, 8.75], "texture": "#2"},
				"up": {"uv": [4.25, 8.5, 3.75, 8.25], "texture": "#2"},
				"down": {"uv": [4.75, 8.25, 4.25, 8.5], "texture": "#2"}
			}
		},
		{
			"from": [5.15321, 9.5, -6.24255],
			"to": [7.15321, 11.5, -5.24255],
			"rotation": {"angle": -22.5, "axis": "y", "origin": [5.65321, 10, -5.74255]},
			"faces": {
				"north": {"uv": [5.25, 6.75, 5.75, 7.25], "texture": "#2"},
				"east": {"uv": [4.75, 8.25, 5, 8.75], "texture": "#2"},
				"south": {"uv": [6.75, 5.5, 7.25, 6], "texture": "#2"},
				"west": {"uv": [5, 8.25, 5.25, 8.75], "texture": "#2"},
				"up": {"uv": [5.75, 8.5, 5.25, 8.25], "texture": "#2"},
				"down": {"uv": [6.25, 8.25, 5.75, 8.5], "texture": "#2"}
			}
		},
		{
			"from": [6.99993, 9.5, -8.47195],
			"to": [8.99993, 11.5, -7.47195],
			"rotation": {"angle": 0, "axis": "y", "origin": [0.99993, 5.5, 1.52805]},
			"faces": {
				"north": {"uv": [6.75, 6, 7.25, 6.5], "texture": "#2"},
				"east": {"uv": [8.25, 6.25, 8.5, 6.75], "texture": "#2"},
				"south": {"uv": [6.75, 6.5, 7.25, 7], "texture": "#2"},
				"west": {"uv": [6.5, 8.25, 6.75, 8.75], "texture": "#2"},
				"up": {"uv": [7.25, 8.5, 6.75, 8.25], "texture": "#2"},
				"down": {"uv": [8.75, 6.75, 8.25, 7], "texture": "#2"}
			}
		},
		{
			"from": [7.49993, 10, -8.47295],
			"to": [8.49993, 11, -8.47295],
			"rotation": {"angle": 0, "axis": "y", "origin": [0.99993, 5.5, 1.52805]},
			"faces": {
				"north": {"uv": [9, 6.5, 9.25, 6.75], "texture": "#2"},
				"east": {"uv": [0, 0, 0, 0.25], "texture": "#2"},
				"south": {"uv": [6.75, 9, 7, 9.25], "texture": "#2"},
				"west": {"uv": [0, 0, 0, 0.25], "texture": "#2"},
				"up": {"uv": [0.25, 0, 0, 0], "texture": "#2"},
				"down": {"uv": [0.25, 0, 0, 0], "texture": "#2"}
			}
		},
		{
			"from": [7.00993, 10.72457, -5.26511],
			"to": [8.98993, 12.72457, -4.26511],
			"rotation": {"angle": -45, "axis": "x", "origin": [7.99993, 12.12491, -4.43768]},
			"faces": {
				"north": {"uv": [0, 7, 0.5, 7.5], "texture": "#2"},
				"east": {"uv": [8.25, 7, 8.5, 7.5], "texture": "#2"},
				"south": {"uv": [0.5, 7, 1, 7.5], "texture": "#2"},
				"west": {"uv": [7.25, 8.25, 7.5, 8.75], "texture": "#2"},
				"up": {"uv": [8, 8.5, 7.5, 8.25], "texture": "#2"},
				"down": {"uv": [8.75, 7.5, 8.25, 7.75], "texture": "#2"}
			}
		},
		{
			"from": [7.00093, 11.74846, -5.07789],
			"to": [8.99893, 13.74846, -4.07789],
			"rotation": {"angle": 22.5, "axis": "x", "origin": [7.99993, 12.12491, -4.43768]},
			"faces": {
				"north": {"uv": [1, 7, 1.5, 7.5], "texture": "#2"},
				"east": {"uv": [8, 8.25, 8.25, 8.75], "texture": "#2"},
				"south": {"uv": [7, 2, 7.5, 2.5], "texture": "#2"},
				"west": {"uv": [8.25, 8.25, 8.5, 8.75], "texture": "#2"},
				"up": {"uv": [8.75, 8, 8.25, 7.75], "texture": "#2"},
				"down": {"uv": [0.5, 8.5, 0, 8.75], "texture": "#2"}
			}
		},
		{
			"from": [6.99993, 11.74846, -4.07789],
			"to": [8.99993, 13.74846, -3.07789],
			"rotation": {"angle": 22.5, "axis": "x", "origin": [7.99993, 12.12491, -4.43768]},
			"faces": {
				"north": {"uv": [3.25, 7, 3.75, 7.5], "texture": "#2"},
				"east": {"uv": [0.5, 8.5, 0.75, 9], "texture": "#2"},
				"south": {"uv": [4.75, 7, 5.25, 7.5], "texture": "#2"},
				"west": {"uv": [0.75, 8.5, 1, 9], "texture": "#2"},
				"up": {"uv": [9, 1.25, 8.5, 1], "texture": "#2"},
				"down": {"uv": [1.75, 8.5, 1.25, 8.75], "texture": "#2"}
			}
		},
		{
			"from": [7.00093, 13.1045, -4.5601],
			"to": [8.99893, 15.1045, -3.5601],
			"rotation": {"angle": 0, "axis": "x", "origin": [7.99993, 12.12491, -4.43768]},
			"faces": {
				"north": {"uv": [5.75, 7, 6.25, 7.5], "texture": "#2"},
				"east": {"uv": [1.75, 8.5, 2, 9], "texture": "#2"},
				"south": {"uv": [6.25, 7, 6.75, 7.5], "texture": "#2"},
				"west": {"uv": [2, 8.5, 2.25, 9], "texture": "#2"},
				"up": {"uv": [9, 1.5, 8.5, 1.25], "texture": "#2"},
				"down": {"uv": [9, 2, 8.5, 2.25], "texture": "#2"}
			}
		},
		{
			"from": [6.99893, 13.1045, -3.5601],
			"to": [9.00893, 15.1045, -2.5601],
			"rotation": {"angle": 0, "axis": "x", "origin": [7.99993, 12.12491, -4.43768]},
			"faces": {
				"north": {"uv": [6.75, 7, 7.25, 7.5], "texture": "#2"},
				"east": {"uv": [2.25, 8.5, 2.5, 9], "texture": "#2"},
				"south": {"uv": [7.25, 0, 7.75, 0.5], "texture": "#2"},
				"west": {"uv": [8.5, 2.25, 8.75, 2.75], "texture": "#2"},
				"up": {"uv": [3, 8.75, 2.5, 8.5], "texture": "#2"},
				"down": {"uv": [9, 2.75, 8.5, 3], "texture": "#2"}
			}
		},
		{
			"from": [6.99993, 14.1045, -2.5601],
			"to": [8.99993, 15.1045, -1.5601],
			"rotation": {"angle": 0, "axis": "x", "origin": [7.99993, 13.12491, -2.43768]},
			"faces": {
				"north": {"uv": [3.75, 8.5, 4.25, 8.75], "texture": "#2"},
				"east": {"uv": [7, 9, 7.25, 9.25], "texture": "#2"},
				"south": {"uv": [8.5, 3.75, 9, 4], "texture": "#2"},
				"west": {"uv": [9, 7, 9.25, 7.25], "texture": "#2"},
				"up": {"uv": [9, 4.25, 8.5, 4], "texture": "#2"},
				"down": {"uv": [4.75, 8.5, 4.25, 8.75], "texture": "#2"}
			}
		},
		{
			"from": [5.99993, 10, -5.47195],
			"to": [7.99993, 11, -4.47195],
			"rotation": {"angle": 0, "axis": "y", "origin": [-0.00007, 6, 4.52805]},
			"faces": {
				"north": {"uv": [1.75, 8.25, 2.25, 8.5], "texture": "#2"},
				"east": {"uv": [9, 5.25, 9.25, 5.5], "texture": "#2"},
				"south": {"uv": [8.25, 1.75, 8.75, 2], "texture": "#2"},
				"west": {"uv": [5.5, 9, 5.75, 9.25], "texture": "#2"},
				"up": {"uv": [2.75, 8.5, 2.25, 8.25], "texture": "#2"},
				"down": {"uv": [3.25, 8.25, 2.75, 8.5], "texture": "#2"}
			}
		},
		{
			"from": [6.99993, 13.94975, -6.5222],
			"to": [8.99993, 14.94975, -5.5222],
			"rotation": {"angle": -45, "axis": "x", "origin": [0.99993, 13.94975, 1.4778]},
			"faces": {
				"north": {"uv": [8, 2, 8.5, 2.25], "texture": "#2"},
				"east": {"uv": [3.25, 6, 3.5, 6.25], "texture": "#2"},
				"south": {"uv": [8, 2.25, 8.5, 2.5], "texture": "#2"},
				"west": {"uv": [3, 7.25, 3.25, 7.5], "texture": "#2"},
				"up": {"uv": [8.5, 2.75, 8, 2.5], "texture": "#2"},
				"down": {"uv": [8.5, 2.75, 8, 3], "texture": "#2"}
			}
		},
		{
			"from": [6.99993, 8.29289, -6.17906],
			"to": [8.99993, 9.29289, -4.17906],
			"rotation": {"angle": 0, "axis": "y", "origin": [0.99993, 7.29289, -2.17906]},
			"faces": {
				"north": {"uv": [0.5, 8, 1, 8.25], "texture": "#2"},
				"east": {"uv": [1, 8, 1.5, 8.25], "texture": "#2"},
				"south": {"uv": [1.5, 8, 2, 8.25], "texture": "#2"},
				"west": {"uv": [2, 8, 2.5, 8.25], "texture": "#2"},
				"up": {"uv": [2.75, 7.25, 2.25, 6.75], "texture": "#2"},
				"down": {"uv": [3.25, 6.75, 2.75, 7.25], "texture": "#2"}
			}
		},
		{
			"from": [6.98993, 13.94975, -8.5222],
			"to": [9.00993, 14.94975, -7.5222],
			"rotation": {"angle": -45, "axis": "x", "origin": [0.99993, 13.94975, -0.5222]},
			"faces": {
				"north": {"uv": [3, 8, 3.5, 8.25], "texture": "#2"},
				"east": {"uv": [3.5, 7.5, 3.75, 7.75], "texture": "#2"},
				"south": {"uv": [3.5, 8, 4, 8.25], "texture": "#2"},
				"west": {"uv": [9, 4.25, 9.25, 4.5], "texture": "#2"},
				"up": {"uv": [4.5, 8.25, 4, 8], "texture": "#2"},
				"down": {"uv": [5.25, 8, 4.75, 8.25], "texture": "#2"}
			}
		}
	],
	"display": {
		"thirdperson_righthand": {
			"rotation": [0, -12, 0],
			"translation": [1, -0.75, -4.25],
			"scale": [0.75, 0.75, 0.75]
		},
		"thirdperson_lefthand": {
			"rotation": [0, -12, 0],
			"translation": [1, -0.75, -4.25],
			"scale": [0.75, 0.75, 0.75]
		},
		"ground": {
			"translation": [0, 2, 0],
			"scale": [0.5, 0.5, 0.5]
		},
		"gui": {
			"rotation": [-90, 135, 90],
			"translation": [0, -2, 0],
			"scale": [0.55, 0.55, 0.55]
		},
		"fixed": {
			"rotation": [-90, -135, -90],
			"translation": [0, -2.25, -3],
			"scale": [0.6, 0.6, 0.6]
		}
	},
	"groups": [
		{
			"name": "group",
			"origin": [7.99993, 13.12491, -1.43768],
			"color": 0,
			"children": [0, 1, 2, 3, 4, 5, 6, 7, 8]
		},
		{
			"name": "grip",
			"origin": [0, -3, 0],
			"color": 4,
			"children": [9, 10, 11, 12, 13, 14, 15, 16, 17, 18, 19, 20, 21, 22, 23, 24, 25, 26, 27, 28, 29, 30, 31, 32]
		},
		{
			"name": "barrel",
			"origin": [0.99993, 14.94975, 2.4778],
			"color": 0,
			"children": [33, 34, 35, 36, 37, 38, 39, 40, 41, 42, 43, 44, 45, 46, 47, 48, 49, 50, 51, 52]
		}
	]
}