{
	"credit": "Made with Blockbench",
	"texture_size": [64, 64],
	"textures": {
		"2": "item/custom_item/ambassador/sniper"
	},
	"elements": [
		{
			"from": [10.98993, 10, 15.52805],
			"to": [13.00993, 11, 19.52805],
			"rotation": {"angle": 0, "axis": "y", "origin": [4.99993, 6, 3.52805]},
			"faces": {
				"north": {"uv": [6, 8.5, 6.5, 8.75], "texture": "#2"},
				"east": {"uv": [3.75, 1, 4.75, 1.25], "texture": "#2"},
				"south": {"uv": [8.5, 6, 9, 6.25], "texture": "#2"},
				"west": {"uv": [3.75, 1.25, 4.75, 1.5], "texture": "#2"},
				"up": {"uv": [6.25, 4, 5.75, 3], "texture": "#2"},
				"down": {"uv": [6.25, 4, 5.75, 5], "texture": "#2"}
			}
		},
		{
			"from": [10.99993, 11, 15.52805],
			"to": [12.99993, 12, 18.52805],
			"rotation": {"angle": 0, "axis": "y", "origin": [4.99993, 7, 4.52805]},
			"faces": {
				"north": {"uv": [8.5, 6.25, 9, 6.5], "texture": "#2"},
				"east": {"uv": [8.5, 0.25, 9.25, 0.5], "texture": "#2"},
				"south": {"uv": [6.5, 8.5, 7, 8.75], "texture": "#2"},
				"west": {"uv": [8.5, 0.5, 9.25, 0.75], "texture": "#2"},
				"up": {"uv": [6.75, 3.75, 6.25, 3], "texture": "#2"},
				"down": {"uv": [4, 6.25, 3.5, 7], "texture": "#2"}
			}
		},
		{
			"from": [10.99993, 12, 17.52805],
			"to": [12.99993, 13, 22.52805],
			"rotation": {"angle": 0, "axis": "y", "origin": [4.99993, 8, 6.52805]},
			"faces": {
				"north": {"uv": [8.5, 6.5, 9, 6.75], "texture": "#2"},
				"east": {"uv": [6.5, 2, 7.75, 2.25], "texture": "#2"},
				"south": {"uv": [8.5, 6.75, 9, 7], "texture": "#2"},
				"west": {"uv": [6.75, 5.25, 8, 5.5], "texture": "#2"},
				"up": {"uv": [5.5, 4.25, 5, 3], "texture": "#2"},
				"down": {"uv": [5.5, 4.25, 5, 5.5], "texture": "#2"}
			}
		},
		{
			"from": [10.99993, 10, 3.52805],
			"to": [12.99993, 11, 8.52805],
			"rotation": {"angle": 0, "axis": "y", "origin": [4.99993, 6, 3.52805]},
			"faces": {
				"north": {"uv": [7, 8.5, 7.5, 8.75], "texture": "#2"},
				"east": {"uv": [7, 1.25, 8.25, 1.5], "texture": "#2"},
				"south": {"uv": [8.5, 7, 9, 7.25], "texture": "#2"},
				"west": {"uv": [7, 1.5, 8.25, 1.75], "texture": "#2"},
				"up": {"uv": [5.75, 1.25, 5.25, 0], "texture": "#2"},
				"down": {"uv": [6, 1.25, 5.5, 2.5], "texture": "#2"}
			}
		},
		{
			"from": [10.99993, 9, -4.47195],
			"to": [12.99993, 10, 3.52805],
			"rotation": {"angle": 0, "axis": "y", "origin": [4.99993, 6, 3.52805]},
			"faces": {
				"north": {"uv": [7, 9.5, 7.5, 9.75], "texture": "#2"},
				"east": {"uv": [6, 2.25, 8, 2.5], "texture": "#2"},
				"south": {"uv": [9.5, 7, 10, 7.25], "texture": "#2"},
				"west": {"uv": [6.25, 0, 8.25, 0.25], "texture": "#2"},
				"up": {"uv": [4.5, 5.5, 4, 3.5], "texture": "#2"},
				"down": {"uv": [3.5, 4.5, 3, 6.5], "texture": "#2"}
			}
		},
		{
			"from": [10.99993, 11, 3.52805],
			"to": [12.99993, 14, 15.52805],
			"rotation": {"angle": 0, "axis": "y", "origin": [4.99993, 6, 3.52805]},
			"faces": {
				"north": {"uv": [4, 6.75, 4.5, 7.5], "texture": "#2"},
				"east": {"uv": [0, 1.5, 3, 2.25], "texture": "#2"},
				"south": {"uv": [6.75, 4.5, 7.25, 5.25], "texture": "#2"},
				"west": {"uv": [0, 2.25, 3, 3], "texture": "#2"},
				"up": {"uv": [1.5, 6, 1, 3], "texture": "#2"},
				"down": {"uv": [2, 3, 1.5, 6], "texture": "#2"}
			}
		},
		{
			"from": [10.99993, 13.46447, -0.00748],
			"to": [12.99993, 15.46447, 0.99252],
			"rotation": {"angle": 45, "axis": "x", "origin": [4.99993, 10.46447, -0.00748]},
			"faces": {
				"north": {"uv": [6.25, 4.5, 6.75, 5], "texture": "#2"},
				"east": {"uv": [6.25, 5.5, 6.5, 6], "texture": "#2"},
				"south": {"uv": [1, 7, 1.5, 7.5], "texture": "#2"},
				"west": {"uv": [3.25, 6.5, 3.5, 7], "texture": "#2"},
				"up": {"uv": [9, 7.5, 8.5, 7.25], "texture": "#2"},
				"down": {"uv": [8, 8.5, 7.5, 8.75], "texture": "#2"}
			}
		},
		{
			"from": [12.99993, 11, 0.52805],
			"to": [13.99993, 13, 10.52805],
			"rotation": {"angle": 0, "axis": "y", "origin": [6.99993, 7, 0.52805]},
			"faces": {
				"north": {"uv": [3.75, 7, 4, 7.5], "texture": "#2"},
				"east": {"uv": [3, 1.5, 5.5, 2], "texture": "#2"},
				"south": {"uv": [5.5, 8.5, 5.75, 9], "texture": "#2"},
				"west": {"uv": [2, 3, 4.5, 3.5], "texture": "#2"},
				"up": {"uv": [2.25, 8, 2, 5.5], "texture": "#2"},
				"down": {"uv": [2.5, 5.5, 2.25, 8], "texture": "#2"}
			}
		},
		{
			"from": [9.99993, 11, 0.52805],
			"to": [10.99993, 13, 10.52805],
			"rotation": {"angle": 0, "axis": "y", "origin": [3.99993, 7, 0.52805]},
			"faces": {
				"north": {"uv": [8.5, 7.5, 8.75, 8], "texture": "#2"},
				"east": {"uv": [3, 2, 5.5, 2.5], "texture": "#2"},
				"south": {"uv": [8, 8.5, 8.25, 9], "texture": "#2"},
				"west": {"uv": [3, 2.5, 5.5, 3], "texture": "#2"},
				"up": {"uv": [2.75, 8, 2.5, 5.5], "texture": "#2"},
				"down": {"uv": [5.75, 2.5, 5.5, 5], "texture": "#2"}
			}
		},
		{
			"from": [10.99993, 11, 0.52805],
			"to": [12.99993, 12, 1.52805],
			"rotation": {"angle": 0, "axis": "y", "origin": [4.99993, 9, 2.52805]},
			"faces": {
				"north": {"uv": [8.5, 8, 9, 8.25], "texture": "#2"},
				"east": {"uv": [5.25, 1.25, 5.5, 1.5], "texture": "#2"},
				"south": {"uv": [8.25, 8.5, 8.75, 8.75], "texture": "#2"},
				"west": {"uv": [2.75, 6.25, 3, 6.5], "texture": "#2"},
				"up": {"uv": [0.5, 9, 0, 8.75], "texture": "#2"},
				"down": {"uv": [1, 8.75, 0.5, 9], "texture": "#2"}
			}
		},
		{
			"from": [10.99993, 9.04289, 16.57094],
			"to": [12.99993, 10.04289, 22.57094],
			"rotation": {"angle": 0, "axis": "y", "origin": [6.99993, 8.04289, 4.82094]},
			"faces": {
				"north": {"uv": [8.75, 0.75, 9.25, 1], "texture": "#2"},
				"east": {"uv": [6.25, 0.75, 7.75, 1], "texture": "#2"},
				"south": {"uv": [1, 8.75, 1.5, 9], "texture": "#2"},
				"west": {"uv": [6.25, 1, 7.75, 1.25], "texture": "#2"},
				"up": {"uv": [5.25, 1.5, 4.75, 0], "texture": "#2"},
				"down": {"uv": [5, 4.75, 4.5, 6.25], "texture": "#2"}
			}
		},
		{
			"from": [10.99993, 10, 19.52805],
			"to": [12.99993, 11, 22.52805],
			"rotation": {"angle": 0, "axis": "y", "origin": [4.99993, 6, 3.52805]},
			"faces": {
				"north": {"uv": [8.75, 1, 9.25, 1.25], "texture": "#2"},
				"east": {"uv": [1, 8.5, 1.75, 8.75], "texture": "#2"},
				"south": {"uv": [8.75, 1.25, 9.25, 1.5], "texture": "#2"},
				"west": {"uv": [1.75, 8.5, 2.5, 8.75], "texture": "#2"},
				"up": {"uv": [6.75, 4.5, 6.25, 3.75], "texture": "#2"},
				"down": {"uv": [5, 6.25, 4.5, 7], "texture": "#2"}
			}
		},
		{
			"from": [10.99993, 9, 22.52805],
			"to": [12.99993, 11, 23.52805],
			"rotation": {"angle": 0, "axis": "y", "origin": [4.99993, 6, 3.52805]},
			"faces": {
				"north": {"uv": [1.5, 7, 2, 7.5], "texture": "#2"},
				"east": {"uv": [1.5, 8.75, 1.75, 9.25], "texture": "#2"},
				"south": {"uv": [3.25, 7, 3.75, 7.5], "texture": "#2"},
				"west": {"uv": [1.75, 8.75, 2, 9.25], "texture": "#2"},
				"up": {"uv": [9.25, 1.75, 8.75, 1.5], "texture": "#2"},
				"down": {"uv": [2.5, 8.75, 2, 9], "texture": "#2"}
			}
		},
		{
			"from": [9.99993, 11, 18.52805],
			"to": [13.99993, 12, 22.52805],
			"rotation": {"angle": 0, "axis": "y", "origin": [3.99993, 8, 2.52805]},
			"faces": {
				"north": {"uv": [7, 1.75, 8, 2], "texture": "#2"},
				"east": {"uv": [4.5, 7, 5.5, 7.25], "texture": "#2"},
				"south": {"uv": [5.5, 7, 6.5, 7.25], "texture": "#2"},
				"west": {"uv": [7, 5.5, 8, 5.75], "texture": "#2"},
				"up": {"uv": [4, 4.5, 3, 3.5], "texture": "#2"},
				"down": {"uv": [4.75, 0, 3.75, 1], "texture": "#2"}
			}
		},
		{
			"from": [10.99993, 9.29289, -10.17906],
			"to": [12.99993, 10.29289, -8.17906],
			"rotation": {"angle": 0, "axis": "y", "origin": [4.99993, 8.29289, -6.17906]},
			"faces": {
				"north": {"uv": [8.25, 8.75, 8.75, 9], "texture": "#2"},
				"east": {"uv": [8.75, 8.25, 9.25, 8.5], "texture": "#2"},
				"south": {"uv": [8.75, 8.5, 9.25, 8.75], "texture": "#2"},
				"west": {"uv": [8.75, 8.75, 9.25, 9], "texture": "#2"},
				"up": {"uv": [7.75, 4, 7.25, 3.5], "texture": "#2"},
				"down": {"uv": [7.75, 4, 7.25, 4.5], "texture": "#2"}
			}
		},
		{
			"from": [10.99993, 14.94975, -10.5222],
			"to": [12.99993, 15.94975, -9.5222],
			"rotation": {"angle": -45, "axis": "x", "origin": [4.99993, 14.94975, -2.5222]},
			"faces": {
				"north": {"uv": [0, 9, 0.5, 9.25], "texture": "#2"},
				"east": {"uv": [6.75, 8, 7, 8.25], "texture": "#2"},
				"south": {"uv": [0.5, 9, 1, 9.25], "texture": "#2"},
				"west": {"uv": [3, 8.25, 3.25, 8.5], "texture": "#2"},
				"up": {"uv": [1.5, 9.25, 1, 9], "texture": "#2"},
				"down": {"uv": [9.5, 1.75, 9, 2], "texture": "#2"}
			}
		},
		{
			"from": [10.98993, 14.94975, -12.5222],
			"to": [13.00993, 15.94975, -11.5222],
			"rotation": {"angle": -45, "axis": "x", "origin": [4.99993, 14.94975, -4.5222]},
			"faces": {
				"north": {"uv": [2, 9, 2.5, 9.25], "texture": "#2"},
				"east": {"uv": [6, 8.25, 6.25, 8.5], "texture": "#2"},
				"south": {"uv": [2.5, 9, 3, 9.25], "texture": "#2"},
				"west": {"uv": [9.5, 7.25, 9.75, 7.5], "texture": "#2"},
				"up": {"uv": [9.5, 3, 9, 2.75], "texture": "#2"},
				"down": {"uv": [9.5, 3, 9, 3.25], "texture": "#2"}
			}
		},
		{
			"from": [10.99893, 10, -11.47195],
			"to": [13.00093, 13, 3.52805],
			"rotation": {"angle": 0, "axis": "y", "origin": [4.99993, 6, -1.47195]},
			"faces": {
				"north": {"uv": [0, 6.75, 0.5, 7.5], "texture": "#2"},
				"east": {"uv": [0, 0, 3.75, 0.75], "texture": "#2"},
				"south": {"uv": [0.5, 6.75, 1, 7.5], "texture": "#2"},
				"west": {"uv": [0, 0.75, 3.75, 1.5], "texture": "#2"},
				"up": {"uv": [0.5, 6.75, 0, 3], "texture": "#2"},
				"down": {"uv": [1, 3, 0.5, 6.75], "texture": "#2"}
			}
		},
		{
			"from": [12.99993, 10.5, -10.47195],
			"to": [14.99993, 12.5, -9.47195],
			"rotation": {"angle": 0, "axis": "y", "origin": [6.99993, 6.5, -0.47195]},
			"faces": {
				"north": {"uv": [4.5, 7.25, 5, 7.75], "texture": "#2"},
				"east": {"uv": [3.25, 9, 3.5, 9.5], "texture": "#2"},
				"south": {"uv": [7.25, 4.5, 7.75, 5], "texture": "#2"},
				"west": {"uv": [3.5, 9, 3.75, 9.5], "texture": "#2"},
				"up": {"uv": [4.25, 9.25, 3.75, 9], "texture": "#2"},
				"down": {"uv": [4.75, 9, 4.25, 9.25], "texture": "#2"}
			}
		},
		{
			"from": [12.99993, 11, -10.97195],
			"to": [14.99993, 12, -9.97195],
			"rotation": {"angle": 0, "axis": "y", "origin": [6.99993, 7, -0.97195]},
			"faces": {
				"north": {"uv": [4.75, 9, 5.25, 9.25], "texture": "#2"},
				"east": {"uv": [7.5, 9.5, 7.75, 9.75], "texture": "#2"},
				"south": {"uv": [5.5, 9, 6, 9.25], "texture": "#2"},
				"west": {"uv": [9.5, 7.5, 9.75, 7.75], "texture": "#2"},
				"up": {"uv": [9.5, 6, 9, 5.75], "texture": "#2"},
				"down": {"uv": [6.5, 9, 6, 9.25], "texture": "#2"}
			}
		},
		{
			"from": [8.99993, 11, -10.97195],
			"to": [10.99993, 12, -9.97195],
			"rotation": {"angle": 0, "axis": "y", "origin": [2.99993, 7, -0.97195]},
			"faces": {
				"north": {"uv": [9, 6, 9.5, 6.25], "texture": "#2"},
				"east": {"uv": [7.75, 9.5, 8, 9.75], "texture": "#2"},
				"south": {"uv": [9, 6.25, 9.5, 6.5], "texture": "#2"},
				"west": {"uv": [9.5, 7.75, 9.75, 8], "texture": "#2"},
				"up": {"uv": [7, 9.25, 6.5, 9], "texture": "#2"},
				"down": {"uv": [9.5, 6.5, 9, 6.75], "texture": "#2"}
			}
		},
		{
			"from": [8.99993, 10.5, -10.47195],
			"to": [10.99993, 12.5, -9.47195],
			"rotation": {"angle": 0, "axis": "y", "origin": [2.99993, 6.5, -0.47195]},
			"faces": {
				"north": {"uv": [5, 7.25, 5.5, 7.75], "texture": "#2"},
				"east": {"uv": [9, 6.75, 9.25, 7.25], "texture": "#2"},
				"south": {"uv": [5.5, 7.25, 6, 7.75], "texture": "#2"},
				"west": {"uv": [7, 9, 7.25, 9.5], "texture": "#2"},
				"up": {"uv": [7.75, 9.25, 7.25, 9], "texture": "#2"},
				"down": {"uv": [9.5, 7.25, 9, 7.5], "texture": "#2"}
			}
		},
		{
			"from": [9.99993, 11, -9.47195],
			"to": [11.99993, 12, -8.47195],
			"rotation": {"angle": 0, "axis": "y", "origin": [3.99993, 7, 0.52805]},
			"faces": {
				"north": {"uv": [9, 7.5, 9.5, 7.75], "texture": "#2"},
				"east": {"uv": [8, 9.5, 8.25, 9.75], "texture": "#2"},
				"south": {"uv": [7.75, 9, 8.25, 9.25], "texture": "#2"},
				"west": {"uv": [9.5, 8, 9.75, 8.25], "texture": "#2"},
				"up": {"uv": [9.5, 8, 9, 7.75], "texture": "#2"},
				"down": {"uv": [9.5, 8, 9, 8.25], "texture": "#2"}
			}
		},
		{
			"from": [12.99993, 11, -9.47195],
			"to": [13.99993, 12, -8.47195],
			"rotation": {"angle": 0, "axis": "y", "origin": [6.99993, 7, 0.52805]},
			"faces": {
				"north": {"uv": [8.25, 9.5, 8.5, 9.75], "texture": "#2"},
				"east": {"uv": [8.5, 9.5, 8.75, 9.75], "texture": "#2"},
				"south": {"uv": [8.75, 9.5, 9, 9.75], "texture": "#2"},
				"west": {"uv": [9, 9.5, 9.25, 9.75], "texture": "#2"},
				"up": {"uv": [9.5, 9.75, 9.25, 9.5], "texture": "#2"},
				"down": {"uv": [9.75, 9.5, 9.5, 9.75], "texture": "#2"}
			}
		},
		{
			"from": [12.84665, 10.5, -10.24255],
			"to": [14.84665, 12.5, -9.24255],
			"rotation": {"angle": 22.5, "axis": "y", "origin": [14.34665, 11, -9.74255]},
			"faces": {
				"north": {"uv": [6, 7.25, 6.5, 7.75], "texture": "#2"},
				"east": {"uv": [8.25, 9, 8.5, 9.5], "texture": "#2"},
				"south": {"uv": [7, 7.25, 7.5, 7.75], "texture": "#2"},
				"west": {"uv": [8.5, 9, 8.75, 9.5], "texture": "#2"},
				"up": {"uv": [9.25, 9.25, 8.75, 9], "texture": "#2"},
				"down": {"uv": [0.5, 9.25, 0, 9.5], "texture": "#2"}
			}
		},
		{
			"from": [9.15321, 10.5, -10.24255],
			"to": [11.15321, 12.5, -9.24255],
			"rotation": {"angle": -22.5, "axis": "y", "origin": [9.65321, 11, -9.74255]},
			"faces": {
				"north": {"uv": [0, 7.5, 0.5, 8], "texture": "#2"},
				"east": {"uv": [9.25, 0, 9.5, 0.5], "texture": "#2"},
				"south": {"uv": [0.5, 7.5, 1, 8], "texture": "#2"},
				"west": {"uv": [0.5, 9.25, 0.75, 9.75], "texture": "#2"},
				"up": {"uv": [9.75, 0.75, 9.25, 0.5], "texture": "#2"},
				"down": {"uv": [1.25, 9.25, 0.75, 9.5], "texture": "#2"}
			}
		},
		{
			"from": [10.99993, 10.5, -12.47195],
			"to": [12.99993, 12.5, -11.47195],
			"rotation": {"angle": 0, "axis": "y", "origin": [4.99993, 6.5, -2.47195]},
			"faces": {
				"north": {"uv": [1, 7.5, 1.5, 8], "texture": "#2"},
				"east": {"uv": [9.25, 0.75, 9.5, 1.25], "texture": "#2"},
				"south": {"uv": [1.5, 7.5, 2, 8], "texture": "#2"},
				"west": {"uv": [1.25, 9.25, 1.5, 9.75], "texture": "#2"},
				"up": {"uv": [9.75, 1.5, 9.25, 1.25], "texture": "#2"},
				"down": {"uv": [2, 9.25, 1.5, 9.5], "texture": "#2"}
			}
		},
		{
			"from": [11.49993, 11, -12.47295],
			"to": [12.49993, 12, -12.47295],
			"rotation": {"angle": 0, "axis": "y", "origin": [4.99993, 6.5, -2.47195]},
			"faces": {
				"north": {"uv": [0, 9.75, 0.25, 10], "texture": "#2"},
				"east": {"uv": [0, 0, 0, 0.25], "texture": "#2"},
				"south": {"uv": [0.25, 9.75, 0.5, 10], "texture": "#2"},
				"west": {"uv": [0, 0, 0, 0.25], "texture": "#2"},
				"up": {"uv": [0.25, 0, 0, 0], "texture": "#2"},
				"down": {"uv": [0.25, 0, 0, 0], "texture": "#2"}
			}
		},
		{
			"from": [11.00993, 11.72457, -9.26511],
			"to": [12.98993, 13.72457, -8.26511],
			"rotation": {"angle": -45, "axis": "x", "origin": [11.99993, 13.12491, -8.43768]},
			"faces": {
				"north": {"uv": [8, 5.25, 8.5, 5.75], "texture": "#2"},
				"east": {"uv": [9.5, 0.75, 9.75, 1.25], "texture": "#2"},
				"south": {"uv": [8, 5.75, 8.5, 6.25], "texture": "#2"},
				"west": {"uv": [1.5, 9.5, 1.75, 10], "texture": "#2"},
				"up": {"uv": [2.25, 9.75, 1.75, 9.5], "texture": "#2"},
				"down": {"uv": [10, 1.75, 9.5, 2], "texture": "#2"}
			}
		},
		{
			"from": [11.00093, 12.74846, -9.07789],
			"to": [12.99893, 14.74846, -8.07789],
			"rotation": {"angle": 22.5, "axis": "x", "origin": [11.99993, 13.12491, -8.43768]},
			"faces": {
				"north": {"uv": [6.25, 8, 6.75, 8.5], "texture": "#2"},
				"east": {"uv": [2.25, 9.5, 2.5, 10], "texture": "#2"},
				"south": {"uv": [8, 6.25, 8.5, 6.75], "texture": "#2"},
				"west": {"uv": [2.5, 9.5, 2.75, 10], "texture": "#2"},
				"up": {"uv": [10, 3, 9.5, 2.75], "texture": "#2"},
				"down": {"uv": [10, 3, 9.5, 3.25], "texture": "#2"}
			}
		},
		{
			"from": [10.99993, 12.74846, -8.07789],
			"to": [12.99993, 14.74846, -7.07789],
			"rotation": {"angle": 22.5, "axis": "x", "origin": [11.99993, 13.12491, -8.43768]},
			"faces": {
				"north": {"uv": [8, 6.75, 8.5, 7.25], "texture": "#2"},
				"east": {"uv": [2.75, 9.5, 3, 10], "texture": "#2"},
				"south": {"uv": [8, 7.25, 8.5, 7.75], "texture": "#2"},
				"west": {"uv": [3.25, 9.5, 3.5, 10], "texture": "#2"},
				"up": {"uv": [4, 9.75, 3.5, 9.5], "texture": "#2"},
				"down": {"uv": [4.5, 9.5, 4, 9.75], "texture": "#2"}
			}
		},
		{
			"from": [11.00093, 14.1045, -8.5601],
			"to": [12.99893, 16.1045, -7.5601],
			"rotation": {"angle": 0, "axis": "x", "origin": [11.99993, 13.12491, -8.43768]},
			"faces": {
				"north": {"uv": [8, 7.75, 8.5, 8.25], "texture": "#2"},
				"east": {"uv": [4.5, 9.5, 4.75, 10], "texture": "#2"},
				"south": {"uv": [8.25, 0.75, 8.75, 1.25], "texture": "#2"},
				"west": {"uv": [4.75, 9.5, 5, 10], "texture": "#2"},
				"up": {"uv": [5.5, 9.75, 5, 9.5], "texture": "#2"},
				"down": {"uv": [10, 5.25, 9.5, 5.5], "texture": "#2"}
			}
		},
		{
			"from": [10.99893, 14.1045, -7.5601],
			"to": [13.00893, 16.1045, -6.5601],
			"rotation": {"angle": 0, "axis": "x", "origin": [11.99993, 13.12491, -8.43768]},
			"faces": {
				"north": {"uv": [8.25, 1.25, 8.75, 1.75], "texture": "#2"},
				"east": {"uv": [5.5, 9.5, 5.75, 10], "texture": "#2"},
				"south": {"uv": [8.25, 2.25, 8.75, 2.75], "texture": "#2"},
				"west": {"uv": [9.5, 5.5, 9.75, 6], "texture": "#2"},
				"up": {"uv": [6.25, 9.75, 5.75, 9.5], "texture": "#2"},
				"down": {"uv": [10, 6, 9.5, 6.25], "texture": "#2"}
			}
		},
		{
			"from": [10.99993, 15.1045, -6.5601],
			"to": [12.99993, 16.1045, -5.5601],
			"rotation": {"angle": 0, "axis": "x", "origin": [11.99993, 14.12491, -6.43768]},
			"faces": {
				"north": {"uv": [6.25, 9.5, 6.75, 9.75], "texture": "#2"},
				"east": {"uv": [0.75, 9.75, 1, 10], "texture": "#2"},
				"south": {"uv": [9.5, 6.25, 10, 6.5], "texture": "#2"},
				"west": {"uv": [9.75, 0.75, 10, 1], "texture": "#2"},
				"up": {"uv": [10, 6.75, 9.5, 6.5], "texture": "#2"},
				"down": {"uv": [10, 6.75, 9.5, 7], "texture": "#2"}
			}
		},
		{
			"from": [7.00993, 1, 9.52805],
			"to": [8.98993, 3, 14.52805],
			"rotation": {"angle": 0, "axis": "y", "origin": [0.99993, 6, 12.52805]},
			"faces": {
				"north": {"uv": [3.25, 7.5, 3.75, 8], "texture": "#2"},
				"east": {"uv": [5, 5.5, 6.25, 6], "texture": "#2"},
				"south": {"uv": [3.75, 7.5, 4.25, 8], "texture": "#2"},
				"west": {"uv": [5.5, 5, 6.75, 5.5], "texture": "#2"},
				"up": {"uv": [4.5, 6.75, 4, 5.5], "texture": "#2"},
				"down": {"uv": [6.25, 0, 5.75, 1.25], "texture": "#2"}
			}
		},
		{
			"from": [6.99993, 0, 9.52805],
			"to": [8.99993, 1, 12.52805],
			"rotation": {"angle": 0, "axis": "y", "origin": [0.99993, 5, 11.52805]},
			"faces": {
				"north": {"uv": [9.25, 1.5, 9.75, 1.75], "texture": "#2"},
				"east": {"uv": [8.5, 5.25, 9.25, 5.5], "texture": "#2"},
				"south": {"uv": [2, 9.25, 2.5, 9.5], "texture": "#2"},
				"west": {"uv": [8.5, 5.5, 9.25, 5.75], "texture": "#2"},
				"up": {"uv": [7.25, 3.75, 6.75, 3], "texture": "#2"},
				"down": {"uv": [7.25, 3.75, 6.75, 4.5], "texture": "#2"}
			}
		},
		{
			"from": [6.99993, 2.30656, 14.06925],
			"to": [8.99993, 3.30656, 16.06925],
			"rotation": {"angle": -22.5, "axis": "x", "origin": [8.49993, 2.30656, 15.06925]},
			"faces": {
				"north": {"uv": [9.25, 2, 9.75, 2.25], "texture": "#2"},
				"east": {"uv": [9.25, 2.25, 9.75, 2.5], "texture": "#2"},
				"south": {"uv": [2.5, 9.25, 3, 9.5], "texture": "#2"},
				"west": {"uv": [9.25, 2.5, 9.75, 2.75], "texture": "#2"},
				"up": {"uv": [8, 6.25, 7.5, 5.75], "texture": "#2"},
				"down": {"uv": [8, 6.25, 7.5, 6.75], "texture": "#2"}
			}
		},
		{
			"from": [6.98993, 1.30656, 14.06925],
			"to": [9.00993, 2.30656, 16.06925],
			"rotation": {"angle": -22.5, "axis": "x", "origin": [8.49993, 2.30656, 15.06925]},
			"faces": {
				"north": {"uv": [9.25, 3.25, 9.75, 3.5], "texture": "#2"},
				"east": {"uv": [9.25, 3.5, 9.75, 3.75], "texture": "#2"},
				"south": {"uv": [3.75, 9.25, 4.25, 9.5], "texture": "#2"},
				"west": {"uv": [9.25, 3.75, 9.75, 4], "texture": "#2"},
				"up": {"uv": [7, 8, 6.5, 7.5], "texture": "#2"},
				"down": {"uv": [8, 6.75, 7.5, 7.25], "texture": "#2"}
			}
		},
		{
			"from": [6.99993, 1.76537, 15.9616],
			"to": [8.99993, 2.76537, 17.9616],
			"rotation": {"angle": -45, "axis": "x", "origin": [8.49993, 1.76537, 14.9616]},
			"faces": {
				"north": {"uv": [9.25, 4, 9.75, 4.25], "texture": "#2"},
				"east": {"uv": [4.25, 9.25, 4.75, 9.5], "texture": "#2"},
				"south": {"uv": [9.25, 4.25, 9.75, 4.5], "texture": "#2"},
				"west": {"uv": [9.25, 4.5, 9.75, 4.75], "texture": "#2"},
				"up": {"uv": [8, 7.75, 7.5, 7.25], "texture": "#2"},
				"down": {"uv": [8.25, 0.75, 7.75, 1.25], "texture": "#2"}
			}
		},
		{
			"from": [6.98993, 0.76537, 15.9616],
			"to": [9.00993, 1.76537, 17.9616],
			"rotation": {"angle": -45, "axis": "x", "origin": [8.49993, 1.76537, 14.9616]},
			"faces": {
				"north": {"uv": [4.75, 9.25, 5.25, 9.5], "texture": "#2"},
				"east": {"uv": [9.25, 4.75, 9.75, 5], "texture": "#2"},
				"south": {"uv": [9.25, 5, 9.75, 5.25], "texture": "#2"},
				"west": {"uv": [5.25, 9.25, 5.75, 9.5], "texture": "#2"},
				"up": {"uv": [8.25, 3, 7.75, 2.5], "texture": "#2"},
				"down": {"uv": [3.25, 7.75, 2.75, 8.25], "texture": "#2"}
			}
		},
		{
			"from": [6.99993, 4.63211, 14.48765],
			"to": [8.99993, 6.63211, 15.48765],
			"rotation": {"angle": 22.5, "axis": "x", "origin": [8.49993, 0.63211, 13.48765]},
			"faces": {
				"north": {"uv": [7.75, 3, 8.25, 3.5], "texture": "#2"},
				"east": {"uv": [3, 9.25, 3.25, 9.75], "texture": "#2"},
				"south": {"uv": [7.75, 3.5, 8.25, 4], "texture": "#2"},
				"west": {"uv": [9.25, 5.25, 9.5, 5.75], "texture": "#2"},
				"up": {"uv": [6.25, 9.5, 5.75, 9.25], "texture": "#2"},
				"down": {"uv": [6.75, 9.25, 6.25, 9.5], "texture": "#2"}
			}
		},
		{
			"from": [6.98993, 4.24943, 15.41153],
			"to": [9.00993, 6.24943, 16.41153],
			"rotation": {"angle": 22.5, "axis": "x", "origin": [8.50993, 0.24943, 14.41153]},
			"faces": {
				"north": {"uv": [7.75, 4, 8.25, 4.5], "texture": "#2"},
				"east": {"uv": [6.75, 9.25, 7, 9.75], "texture": "#2"},
				"south": {"uv": [4.25, 7.75, 4.75, 8.25], "texture": "#2"},
				"west": {"uv": [9.25, 6.75, 9.5, 7.25], "texture": "#2"},
				"up": {"uv": [7.75, 9.5, 7.25, 9.25], "texture": "#2"},
				"down": {"uv": [8.25, 9.25, 7.75, 9.5], "texture": "#2"}
			}
		},
		{
			"from": [7.00993, 5.00249, 7.58272],
			"to": [8.98993, 7.00249, 9.58272],
			"rotation": {"angle": 22.5, "axis": "x", "origin": [7.99993, 5.12491, 10.56232]},
			"faces": {
				"north": {"uv": [2.5, 8.25, 3, 8.75], "texture": "#2"},
				"east": {"uv": [8.25, 2.75, 8.75, 3.25], "texture": "#2"},
				"south": {"uv": [8.25, 3.25, 8.75, 3.75], "texture": "#2"},
				"west": {"uv": [8.25, 3.75, 8.75, 4.25], "texture": "#2"},
				"up": {"uv": [4.75, 8.75, 4.25, 8.25], "texture": "#2"},
				"down": {"uv": [8.75, 4.25, 8.25, 4.75], "texture": "#2"}
			}
		},
		{
			"from": [7.00993, 6.15205, 4.76268],
			"to": [8.98993, 7.15205, 8.76268],
			"rotation": {"angle": 0, "axis": "x", "origin": [7.99993, 6.27447, 9.74228]},
			"faces": {
				"north": {"uv": [9.25, 8.25, 9.75, 8.5], "texture": "#2"},
				"east": {"uv": [7.25, 5, 8.25, 5.25], "texture": "#2"},
				"south": {"uv": [9.25, 8.5, 9.75, 8.75], "texture": "#2"},
				"west": {"uv": [7.75, 2, 8.75, 2.25], "texture": "#2"},
				"up": {"uv": [6, 7, 5.5, 6], "texture": "#2"},
				"down": {"uv": [6.5, 6, 6, 7], "texture": "#2"}
			}
		},
		{
			"from": [7.00993, 4.74846, 9.92211],
			"to": [8.98993, 6.74846, 11.92211],
			"rotation": {"angle": -45, "axis": "x", "origin": [7.99993, 5.12491, 10.56232]},
			"faces": {
				"north": {"uv": [7.75, 4.5, 8.25, 5], "texture": "#2"},
				"east": {"uv": [4.75, 7.75, 5.25, 8.25], "texture": "#2"},
				"south": {"uv": [5.25, 7.75, 5.75, 8.25], "texture": "#2"},
				"west": {"uv": [5.75, 7.75, 6.25, 8.25], "texture": "#2"},
				"up": {"uv": [7.5, 8.25, 7, 7.75], "texture": "#2"},
				"down": {"uv": [8, 7.75, 7.5, 8.25], "texture": "#2"}
			}
		},
		{
			"from": [7.00993, 2.97247, 10.55539],
			"to": [8.98993, 3.97247, 12.55539],
			"rotation": {"angle": 0, "axis": "x", "origin": [7.99993, 5.12491, 10.56232]},
			"faces": {
				"north": {"uv": [8.75, 9.25, 9.25, 9.5], "texture": "#2"},
				"east": {"uv": [9.25, 8.75, 9.75, 9], "texture": "#2"},
				"south": {"uv": [9.25, 9, 9.75, 9.25], "texture": "#2"},
				"west": {"uv": [9.25, 9.25, 9.75, 9.5], "texture": "#2"},
				"up": {"uv": [0.5, 8.5, 0, 8], "texture": "#2"},
				"down": {"uv": [8.5, 0.25, 8, 0.75], "texture": "#2"}
			}
		},
		{
			"from": [6.98993, 2.97247, 11.55539],
			"to": [9.00993, 3.97247, 12.55539],
			"rotation": {"angle": 0, "axis": "x", "origin": [7.99993, 5.12491, 10.56232]},
			"faces": {
				"north": {"uv": [0, 9.5, 0.5, 9.75], "texture": "#2"},
				"east": {"uv": [0.5, 9.75, 0.75, 10], "texture": "#2"},
				"south": {"uv": [9.5, 0, 10, 0.25], "texture": "#2"},
				"west": {"uv": [9.75, 0.5, 10, 0.75], "texture": "#2"},
				"up": {"uv": [10, 0.5, 9.5, 0.25], "texture": "#2"},
				"down": {"uv": [1.25, 9.5, 0.75, 9.75], "texture": "#2"}
			}
		},
		{
			"from": [6.99993, 3.29748, 9.96266],
			"to": [8.99993, 5.29748, 11.96266],
			"rotation": {"angle": -22.5, "axis": "x", "origin": [7.99993, 5.12491, 10.56232]},
			"faces": {
				"north": {"uv": [0.5, 8, 1, 8.5], "texture": "#2"},
				"east": {"uv": [1, 8, 1.5, 8.5], "texture": "#2"},
				"south": {"uv": [1.5, 8, 2, 8.5], "texture": "#2"},
				"west": {"uv": [2, 8, 2.5, 8.5], "texture": "#2"},
				"up": {"uv": [3.75, 8.5, 3.25, 8], "texture": "#2"},
				"down": {"uv": [4.25, 8, 3.75, 8.5], "texture": "#2"}
			}
		},
		{
			"from": [7.49993, 7.41485, 14.02256],
			"to": [8.49993, 8.41485, 16.02256],
			"rotation": {"angle": -22.5, "axis": "x", "origin": [8.49993, 6.66485, 12.52256]},
			"faces": {
				"north": {"uv": [8, 2.25, 8.25, 2.5], "texture": "#2"},
				"east": {"uv": [7, 8.75, 7.5, 9], "texture": "#2"},
				"south": {"uv": [2.5, 8, 2.75, 8.25], "texture": "#2"},
				"west": {"uv": [7.5, 8.75, 8, 9], "texture": "#2"},
				"up": {"uv": [5.5, 9.25, 5.25, 8.75], "texture": "#2"},
				"down": {"uv": [9, 7.5, 8.75, 8], "texture": "#2"}
			}
		},
		{
			"from": [6.99993, 9, 11.52805],
			"to": [8.99993, 10, 14.52805],
			"rotation": {"angle": 0, "axis": "y", "origin": [0.99993, 6, 3.52805]},
			"faces": {
				"north": {"uv": [8.75, 2, 9.25, 2.25], "texture": "#2"},
				"east": {"uv": [3, 8.5, 3.75, 8.75], "texture": "#2"},
				"south": {"uv": [8.75, 2.25, 9.25, 2.5], "texture": "#2"},
				"west": {"uv": [4.75, 8.5, 5.5, 8.75], "texture": "#2"},
				"up": {"uv": [7, 2, 6.5, 1.25], "texture": "#2"},
				"down": {"uv": [3.25, 6.5, 2.75, 7.25], "texture": "#2"}
			}
		},
		{
			"from": [6.99993, 10, 8.52805],
			"to": [8.99993, 11, 16.52805],
			"rotation": {"angle": 0, "axis": "y", "origin": [0.99993, 6, 3.52805]},
			"faces": {
				"north": {"uv": [3.75, 8.5, 4.25, 8.75], "texture": "#2"},
				"east": {"uv": [5.75, 2.5, 7.75, 2.75], "texture": "#2"},
				"south": {"uv": [8.5, 5.75, 9, 6], "texture": "#2"},
				"west": {"uv": [5.75, 2.75, 7.75, 3], "texture": "#2"},
				"up": {"uv": [2.5, 5.5, 2, 3.5], "texture": "#2"},
				"down": {"uv": [3, 3.5, 2.5, 5.5], "texture": "#2"}
			}
		},
		{
			"from": [8.99993, 10, 9.52805],
			"to": [12.99993, 11, 10.52805],
			"rotation": {"angle": 0, "axis": "y", "origin": [0.99993, 6, 3.52805]},
			"faces": {
				"north": {"uv": [8, 1.75, 9, 2], "texture": "#2"},
				"east": {"uv": [1, 9.75, 1.25, 10], "texture": "#2"},
				"south": {"uv": [8.25, 0, 9.25, 0.25], "texture": "#2"},
				"west": {"uv": [9.75, 1, 10, 1.25], "texture": "#2"},
				"up": {"uv": [5.75, 8.5, 4.75, 8.25], "texture": "#2"},
				"down": {"uv": [9.25, 4.75, 8.25, 5], "texture": "#2"}
			}
		},
		{
			"from": [8.99993, 10, 13.52805],
			"to": [12.99993, 11, 14.52805],
			"rotation": {"angle": 0, "axis": "y", "origin": [0.99993, 6, 3.52805]},
			"faces": {
				"north": {"uv": [8.25, 5, 9.25, 5.25], "texture": "#2"},
				"east": {"uv": [1.25, 9.75, 1.5, 10], "texture": "#2"},
				"south": {"uv": [6.75, 8.25, 7.75, 8.5], "texture": "#2"},
				"west": {"uv": [9.75, 1.25, 10, 1.5], "texture": "#2"},
				"up": {"uv": [8.75, 8.5, 7.75, 8.25], "texture": "#2"},
				"down": {"uv": [1, 8.5, 0, 8.75], "texture": "#2"}
			}
		},
		{
			"from": [6.99993, 7, 9.52805],
			"to": [8.99993, 10, 10.52805],
			"rotation": {"angle": 0, "axis": "y", "origin": [0.99993, 6, 3.52805]},
			"faces": {
				"north": {"uv": [6.5, 5.5, 7, 6.25], "texture": "#2"},
				"east": {"uv": [2.75, 5.5, 3, 6.25], "texture": "#2"},
				"south": {"uv": [6.5, 6.25, 7, 7], "texture": "#2"},
				"west": {"uv": [5.75, 8.25, 6, 9], "texture": "#2"},
				"up": {"uv": [3, 9, 2.5, 8.75], "texture": "#2"},
				"down": {"uv": [9.25, 2.5, 8.75, 2.75], "texture": "#2"}
			}
		},
		{
			"from": [6.99993, 7, 8.52805],
			"to": [8.99993, 9, 9.52805],
			"rotation": {"angle": 0, "axis": "y", "origin": [0.99993, 6, 3.52805]},
			"faces": {
				"north": {"uv": [7, 5.75, 7.5, 6.25], "texture": "#2"},
				"east": {"uv": [8.75, 2.75, 9, 3.25], "texture": "#2"},
				"south": {"uv": [7, 6.25, 7.5, 6.75], "texture": "#2"},
				"west": {"uv": [3, 8.75, 3.25, 9.25], "texture": "#2"},
				"up": {"uv": [3.75, 9, 3.25, 8.75], "texture": "#2"},
				"down": {"uv": [9.25, 3.25, 8.75, 3.5], "texture": "#2"}
			}
		},
		{
			"from": [7.00993, 5, 11.52805],
			"to": [8.98993, 6, 18.52805],
			"rotation": {"angle": 0, "axis": "y", "origin": [0.99993, -3, 10.52805]},
			"faces": {
				"north": {"uv": [8.75, 3.5, 9.25, 3.75], "texture": "#2"},
				"east": {"uv": [6.25, 0.25, 8, 0.5], "texture": "#2"},
				"south": {"uv": [3.75, 8.75, 4.25, 9], "texture": "#2"},
				"west": {"uv": [6.25, 0.5, 8, 0.75], "texture": "#2"},
				"up": {"uv": [5, 4.75, 4.5, 3], "texture": "#2"},
				"down": {"uv": [4, 4.5, 3.5, 6.25], "texture": "#2"}
			}
		},
		{
			"from": [6.98993, 4.99, 17.51805],
			"to": [9.00993, 5.99, 18.51805],
			"rotation": {"angle": 0, "axis": "y", "origin": [0.99993, -3, 10.52805]},
			"faces": {
				"north": {"uv": [8.75, 3.75, 9.25, 4], "texture": "#2"},
				"east": {"uv": [4.25, 7.5, 4.5, 7.75], "texture": "#2"},
				"south": {"uv": [8.75, 4, 9.25, 4.25], "texture": "#2"},
				"west": {"uv": [6.25, 7.75, 6.5, 8], "texture": "#2"},
				"up": {"uv": [4.75, 9, 4.25, 8.75], "texture": "#2"},
				"down": {"uv": [9.25, 4.25, 8.75, 4.5], "texture": "#2"}
			}
		},
		{
			"from": [6.99993, 6, 14.52805],
			"to": [8.99993, 7, 16.52805],
			"rotation": {"angle": 0, "axis": "y", "origin": [0.99993, -2, 14.52805]},
			"faces": {
				"north": {"uv": [8.75, 4.5, 9.25, 4.75], "texture": "#2"},
				"east": {"uv": [4.75, 8.75, 5.25, 9], "texture": "#2"},
				"south": {"uv": [6, 8.75, 6.5, 9], "texture": "#2"},
				"west": {"uv": [6.5, 8.75, 7, 9], "texture": "#2"},
				"up": {"uv": [7, 7.5, 6.5, 7], "texture": "#2"},
				"down": {"uv": [7.5, 6.75, 7, 7.25], "texture": "#2"}
			}
		},
		{
			"from": [7.00093, 6.38687, 15.44566],
			"to": [8.99893, 10.38687, 17.44566],
			"rotation": {"angle": -22.5, "axis": "x", "origin": [0.99993, 4.38687, 15.44566]},
			"faces": {
				"north": {"uv": [1, 6, 1.5, 7], "texture": "#2"},
				"east": {"uv": [6, 1.25, 6.5, 2.25], "texture": "#2"},
				"south": {"uv": [1.5, 6, 2, 7], "texture": "#2"},
				"west": {"uv": [5, 6, 5.5, 7], "texture": "#2"},
				"up": {"uv": [3.25, 7.75, 2.75, 7.25], "texture": "#2"},
				"down": {"uv": [7.75, 3, 7.25, 3.5], "texture": "#2"}
			}
		}
	],
	"display": {
		"thirdperson_righthand": {
			"rotation": [0, -12, 0],
			"translation": [1, -0.75, -4.25],
			"scale": [0.75, 0.75, 0.75]
		},
		"thirdperson_lefthand": {
			"rotation": [0, -12, 0],
			"translation": [1, -0.75, -4.25],
			"scale": [0.75, 0.75, 0.75]
		},
		"ground": {
			"translation": [0, 2, 0],
			"scale": [0.5, 0.5, 0.5]
		},
		"gui": {
			"rotation": [-90, 135, 90],
			"translation": [0, -2, 0],
			"scale": [0.55, 0.55, 0.55]
		},
		"fixed": {
			"rotation": [-90, -135, -90],
			"translation": [0, -2.25, -3],
			"scale": [0.6, 0.6, 0.6]
		}
	},
	"groups": [
		{
			"name": "barrel",
			"origin": [7.99993, 13.12491, -1.43768],
			"color": 0,
			"children": [0, 1, 2, 3, 4, 5, 6, 7, 8, 9, 10, 11, 12, 13, 14, 15, 16, 17, 18, 19, 20, 21, 22, 23, 24, 25, 26, 27, 28, 29, 30, 31, 32, 33]
		},
		{
			"name": "grip",
			"origin": [0, -3, 0],
			"color": 4,
			"children": [34, 35, 36, 37, 38, 39, 40, 41, 42, 43, 44, 45, 46, 47, 48, 49, 50, 51, 52, 53, 54, 55, 56, 57, 58]
		}
	]
}