{
	"credit": "Made with Blockbench",
	"textures": {
		"1": "block/beehive_end",
		"2": "block/anvil",
		"particle": "block/anvil"
	},
	"elements": [
		{
			"name": "hexadecagon",
			"from": [7.75, 7.95027, -0.2],
			"to": [8.25, 8.04973, 0],
			"rotation": {"angle": -45, "axis": "z", "origin": [8, 8, -1]},
			"faces": {
				"north": {"uv": [0, 0, 1, 1], "texture": "#2"},
				"east": {"uv": [0, 0, 1, 1], "texture": "#2"},
				"south": {"uv": [0, 0, 1, 1], "texture": "#2"},
				"west": {"uv": [0, 0, 1, 1], "texture": "#2"},
				"up": {"uv": [0, 0, 1, 1], "rotation": 90, "texture": "#2"},
				"down": {"uv": [0, 0, 1, 1], "rotation": 270, "texture": "#2"}
			}
		},
		{
			"name": "hexadecagon",
			"from": [7.75, 7.95027, -0.2],
			"to": [8.25, 8.04973, 0],
			"rotation": {"angle": -22.5, "axis": "z", "origin": [8, 8, -1]},
			"faces": {
				"north": {"uv": [0, 0, 1, 1], "texture": "#2"},
				"east": {"uv": [0, 0, 1, 1], "texture": "#2"},
				"south": {"uv": [0, 0, 1, 1], "texture": "#2"},
				"west": {"uv": [0, 0, 1, 1], "texture": "#2"},
				"up": {"uv": [0, 0, 1, 1], "rotation": 90, "texture": "#2"},
				"down": {"uv": [0, 0, 1, 1], "rotation": 270, "texture": "#2"}
			}
		},
		{
			"name": "hexadecagon",
			"from": [7.75, 7.95027, -0.2],
			"to": [8.25, 8.04973, 0],
			"rotation": {"angle": 0, "axis": "y", "origin": [8, 8, -1]},
			"faces": {
				"north": {"uv": [0, 0, 1, 1], "texture": "#2"},
				"east": {"uv": [0, 0, 1, 1], "texture": "#2"},
				"south": {"uv": [0, 0, 1, 1], "texture": "#2"},
				"west": {"uv": [0, 0, 1, 1], "texture": "#2"},
				"up": {"uv": [0, 0, 1, 1], "rotation": 90, "texture": "#2"},
				"down": {"uv": [0, 0, 1, 1], "rotation": 270, "texture": "#2"}
			}
		},
		{
			"name": "hexadecagon",
			"from": [7.75, 7.95027, -0.2],
			"to": [8.25, 8.04973, 0],
			"rotation": {"angle": 22.5, "axis": "z", "origin": [8, 8, -1]},
			"faces": {
				"north": {"uv": [0, 0, 1, 1], "texture": "#2"},
				"east": {"uv": [0, 0, 1, 1], "texture": "#2"},
				"south": {"uv": [0, 0, 1, 1], "texture": "#2"},
				"west": {"uv": [0, 0, 1, 1], "texture": "#2"},
				"up": {"uv": [0, 0, 1, 1], "rotation": 90, "texture": "#2"},
				"down": {"uv": [0, 0, 1, 1], "rotation": 270, "texture": "#2"}
			}
		},
		{
			"name": "hexadecagon",
			"from": [7.75, 7.95027, -0.2],
			"to": [8.25, 8.04973, 0],
			"rotation": {"angle": 45, "axis": "z", "origin": [8, 8, -1]},
			"faces": {
				"north": {"uv": [0, 0, 1, 1], "texture": "#2"},
				"east": {"uv": [0, 0, 1, 1], "texture": "#2"},
				"south": {"uv": [0, 0, 1, 1], "texture": "#2"},
				"west": {"uv": [0, 0, 1, 1], "texture": "#2"},
				"up": {"uv": [0, 0, 1, 1], "rotation": 90, "texture": "#2"},
				"down": {"uv": [0, 0, 1, 1], "rotation": 270, "texture": "#2"}
			}
		},
		{
			"name": "hexadecagon",
			"from": [7.95027, 7.75, -0.2],
			"to": [8.04973, 8.25, 0],
			"rotation": {"angle": -22.5, "axis": "z", "origin": [8, 8, -1]},
			"faces": {
				"north": {"uv": [0, 0, 1, 1], "texture": "#2"},
				"east": {"uv": [0, 0, 1, 1], "texture": "#2"},
				"south": {"uv": [0, 0, 1, 1], "texture": "#2"},
				"west": {"uv": [0, 0, 1, 1], "texture": "#2"},
				"up": {"uv": [0, 0, 1, 1], "rotation": 90, "texture": "#2"},
				"down": {"uv": [0, 0, 1, 1], "rotation": 270, "texture": "#2"}
			}
		},
		{
			"name": "hexadecagon",
			"from": [7.95027, 7.75, -0.2],
			"to": [8.04973, 8.25, 0],
			"rotation": {"angle": 0, "axis": "y", "origin": [8, 8, -1]},
			"faces": {
				"north": {"uv": [0, 0, 1, 1], "texture": "#2"},
				"east": {"uv": [0, 0, 1, 1], "texture": "#2"},
				"south": {"uv": [0, 0, 1, 1], "texture": "#2"},
				"west": {"uv": [0, 0, 1, 1], "texture": "#2"},
				"up": {"uv": [0, 0, 1, 1], "rotation": 90, "texture": "#2"},
				"down": {"uv": [0, 0, 1, 1], "rotation": 270, "texture": "#2"}
			}
		},
		{
			"name": "hexadecagon",
			"from": [7.95027, 7.75, -0.2],
			"to": [8.04973, 8.25, 0],
			"rotation": {"angle": 22.5, "axis": "z", "origin": [8, 8, -1]},
			"faces": {
				"north": {"uv": [0, 0, 1, 1], "texture": "#2"},
				"east": {"uv": [0, 0, 1, 1], "texture": "#2"},
				"south": {"uv": [0, 0, 1, 1], "texture": "#2"},
				"west": {"uv": [0, 0, 1, 1], "texture": "#2"},
				"up": {"uv": [0, 0, 1, 1], "rotation": 90, "texture": "#2"},
				"down": {"uv": [0, 0, 1, 1], "rotation": 270, "texture": "#2"}
			}
		},
		{
			"from": [7.6, 7.7, 0],
			"to": [8.4, 8.4, 7],
			"faces": {
				"north": {"uv": [0, 0, 0.8, 0.7], "texture": "#1"},
				"east": {"uv": [0, 0, 7, 0.7], "texture": "#1"},
				"south": {"uv": [0, 0, 0.8, 0.7], "texture": "#1"},
				"west": {"uv": [0, 0, 7, 0.7], "texture": "#1"},
				"up": {"uv": [0, 0, 0.8, 7], "texture": "#1"},
				"down": {"uv": [0, 0, 0.8, 7], "texture": "#1"}
			}
		},
		{
			"from": [7.6, 5, 4.3],
			"to": [8.4, 7.3, 5.3],
			"faces": {
				"north": {"uv": [0, 0, 0.8, 2.3], "texture": "#1"},
				"east": {"uv": [0, 0, 1, 2.3], "texture": "#1"},
				"south": {"uv": [0, 0, 0.8, 2.3], "texture": "#1"},
				"west": {"uv": [0, 0, 1, 2.3], "texture": "#1"},
				"up": {"uv": [0, 0, 0.8, 1], "texture": "#1"},
				"down": {"uv": [0, 0, 0.8, 1], "texture": "#1"}
			}
		},
		{
			"from": [7.6, 5.3, 5.3],
			"to": [8.4, 7, 5.4],
			"faces": {
				"north": {"uv": [0, 0, 0.8, 1.7], "texture": "#1"},
				"east": {"uv": [0, 0, 0.1, 1.7], "texture": "#1"},
				"south": {"uv": [0, 0, 0.8, 1.7], "texture": "#1"},
				"west": {"uv": [0, 0, 0.1, 1.7], "texture": "#1"},
				"up": {"uv": [0, 0, 0.8, 0.1], "texture": "#1"},
				"down": {"uv": [0, 0, 0.8, 0.1], "texture": "#1"}
			}
		},
		{
			"from": [7.6, 6.89703, 4.88233],
			"to": [8.4, 7.49703, 5.08233],
			"rotation": {"angle": -22.5, "axis": "x", "origin": [8, 7.74703, 4.98233]},
			"faces": {
				"north": {"uv": [0, 0, 0.8, 0.6], "texture": "#1"},
				"east": {"uv": [0, 0, 0.2, 0.6], "texture": "#1"},
				"south": {"uv": [0, 0, 0.8, 0.6], "texture": "#1"},
				"west": {"uv": [0, 0, 0.2, 0.6], "texture": "#1"},
				"up": {"uv": [0, 0, 0.8, 0.2], "texture": "#1"},
				"down": {"uv": [0, 0, 0.8, 0.2], "texture": "#1"}
			}
		},
		{
			"from": [7.6, 5.01924, 5.30328],
			"to": [8.4, 5.31924, 5.50328],
			"rotation": {"angle": 22.5, "axis": "x", "origin": [8, 5.56924, 5.40328]},
			"faces": {
				"north": {"uv": [0, 0, 0.8, 0.3], "texture": "#1"},
				"east": {"uv": [0, 0, 0.2, 0.3], "texture": "#1"},
				"south": {"uv": [0, 0, 0.8, 0.3], "texture": "#1"},
				"west": {"uv": [0, 0, 0.2, 0.3], "texture": "#1"},
				"up": {"uv": [0, 0, 0.8, 0.2], "texture": "#1"},
				"down": {"uv": [0, 0, 0.8, 0.2], "texture": "#1"}
			}
		},
		{
			"from": [7.6, 7.10839, 2.50042],
			"to": [8.4, 7.73339, 2.70042],
			"rotation": {"angle": 22.5, "axis": "x", "origin": [0, 2.03339, -1.79958]},
			"faces": {
				"north": {"uv": [0, 0, 0.8, 0.625], "texture": "#1"},
				"east": {"uv": [0, 0, 0.2, 0.625], "texture": "#1"},
				"south": {"uv": [0, 0, 0.8, 0.625], "texture": "#1"},
				"west": {"uv": [0, 0, 0.2, 0.625], "texture": "#1"},
				"up": {"uv": [0, 0, 0.8, 0.2], "texture": "#1"},
				"down": {"uv": [0, 0, 0.8, 0.2], "texture": "#1"}
			}
		},
		{
			"from": [7.6, 7.3, 1.4],
			"to": [8.4, 8.2, 7],
			"faces": {
				"north": {"uv": [0, 0, 0.8, 0.9], "texture": "#1"},
				"east": {"uv": [0, 0, 5.6, 0.9], "texture": "#1"},
				"south": {"uv": [0, 0, 0.8, 0.9], "texture": "#1"},
				"west": {"uv": [0, 0, 5.6, 0.9], "texture": "#1"},
				"up": {"uv": [0, 0, 0.8, 5.6], "texture": "#1"},
				"down": {"uv": [0, 0, 0.8, 5.6], "texture": "#1"}
			}
		},
		{
			"from": [7.8, 6.7, 3.1],
			"to": [8.2, 7.4, 3.2],
			"rotation": {"angle": 0, "axis": "y", "origin": [0, 0.1, 0]},
			"faces": {
				"north": {"uv": [0, 0, 0.4, 0.7], "texture": "#2"},
				"east": {"uv": [0, 0, 0.1, 0.7], "texture": "#2"},
				"south": {"uv": [0, 0, 0.4, 0.7], "texture": "#2"},
				"west": {"uv": [0, 0, 0.1, 0.7], "texture": "#2"},
				"up": {"uv": [0, 0, 0.4, 0.1], "texture": "#2"},
				"down": {"uv": [0, 0, 0.4, 0.1], "texture": "#2"}
			}
		},
		{
			"from": [7.8, 6.8, 3.8],
			"to": [8.2, 7.4, 3.9],
			"rotation": {"angle": 0, "axis": "y", "origin": [0, 0.1, 0]},
			"faces": {
				"north": {"uv": [0, 0, 0.4, 0.6], "texture": "#2"},
				"east": {"uv": [0, 0, 0.1, 0.6], "texture": "#2"},
				"south": {"uv": [0, 0, 0.4, 0.6], "texture": "#2"},
				"west": {"uv": [0, 0, 0.1, 0.6], "texture": "#2"},
				"up": {"uv": [0, 0, 0.4, 0.1], "texture": "#2"},
				"down": {"uv": [0, 0, 0.4, 0.1], "texture": "#2"}
			}
		},
		{
			"from": [7.8, 6.64197, 3.689],
			"to": [8.2, 6.84197, 3.789],
			"rotation": {"angle": 22.5, "axis": "x", "origin": [8, 6.54197, 3.739]},
			"faces": {
				"north": {"uv": [0, 0, 0.4, 0.2], "texture": "#2"},
				"east": {"uv": [0, 0, 0.1, 0.2], "texture": "#2"},
				"south": {"uv": [0, 0, 0.4, 0.2], "texture": "#2"},
				"west": {"uv": [0, 0, 0.1, 0.2], "texture": "#2"},
				"up": {"uv": [0, 0, 0.4, 0.1], "texture": "#2"},
				"down": {"uv": [0, 0, 0.4, 0.1], "texture": "#2"}
			}
		},
		{
			"from": [7.8, 6.43787, 3.33284],
			"to": [8.2, 6.83787, 3.43284],
			"rotation": {"angle": -45, "axis": "x", "origin": [8, 6.48787, 3.38284]},
			"faces": {
				"north": {"uv": [0, 0, 0.4, 0.4], "texture": "#2"},
				"east": {"uv": [0, 0, 0.1, 0.4], "texture": "#2"},
				"south": {"uv": [0, 0, 0.4, 0.4], "texture": "#2"},
				"west": {"uv": [0, 0, 0.1, 0.4], "texture": "#2"},
				"up": {"uv": [0, 0, 0.4, 0.1], "texture": "#2"},
				"down": {"uv": [0, 0, 0.4, 0.1], "texture": "#2"}
			}
		},
		{
			"from": [7.8, 6.41716, 3.38284],
			"to": [8.2, 6.51716, 4.28284],
			"rotation": {"angle": 0, "axis": "y", "origin": [8, 6.46716, 3.73284]},
			"faces": {
				"north": {"uv": [0, 0, 0.4, 0.1], "rotation": 180, "texture": "#2"},
				"east": {"uv": [0, 0, 0.1, 0.9], "rotation": 90, "texture": "#2"},
				"south": {"uv": [0, 0, 0.4, 0.1], "texture": "#2"},
				"west": {"uv": [0, 0, 0.1, 0.9], "rotation": 270, "texture": "#2"},
				"up": {"uv": [0, 0, 0.4, 0.9], "texture": "#2"},
				"down": {"uv": [0, 0, 0.4, 0.9], "rotation": 180, "texture": "#2"}
			}
		},
		{
			"from": [7.6, 8.18419, 0.3549],
			"to": [8.4, 8.68419, 1.7549],
			"rotation": {"angle": 22.5, "axis": "x", "origin": [8, 8.63419, -0.6451]},
			"faces": {
				"north": {"uv": [0, 0, 0.8, 0.5], "texture": "#1"},
				"east": {"uv": [0, 0, 1.4, 0.5], "texture": "#1"},
				"south": {"uv": [0, 0, 0.8, 0.5], "texture": "#1"},
				"west": {"uv": [0, 0, 1.4, 0.5], "texture": "#1"},
				"up": {"uv": [0, 0, 0.8, 1.4], "texture": "#1"},
				"down": {"uv": [0, 0, 0.8, 1.4], "texture": "#1"}
			}
		},
		{
			"from": [7.89651, 7.67972, 0],
			"to": [8.29651, 7.87972, 6.2],
			"rotation": {"angle": -22.5, "axis": "z", "origin": [7.89651, 7.52972, 3.5]},
			"faces": {
				"north": {"uv": [0, 0, 0.4, 0.2], "texture": "#1"},
				"east": {"uv": [0, 0, 6.2, 0.2], "texture": "#1"},
				"south": {"uv": [0, 0, 0.4, 0.2], "texture": "#1"},
				"west": {"uv": [0, 0, 6.2, 0.2], "texture": "#1"},
				"up": {"uv": [0, 0, 0.4, 6.2], "texture": "#1"},
				"down": {"uv": [0, 0, 0.4, 6.2], "texture": "#1"}
			}
		},
		{
			"from": [7.92346, 7.51522, 0],
			"to": [8.32346, 7.71522, 6.2],
			"rotation": {"angle": 0, "axis": "y", "origin": [8.07346, 7.61522, 3.5]},
			"faces": {
				"north": {"uv": [0, 0, 0.2, 0.4], "rotation": 270, "texture": "#1"},
				"east": {"uv": [0, 0, 0.2, 6.2], "rotation": 90, "texture": "#1"},
				"south": {"uv": [0, 0, 0.2, 0.4], "rotation": 90, "texture": "#1"},
				"west": {"uv": [0, 0, 0.2, 6.2], "rotation": 90, "texture": "#1"},
				"up": {"uv": [0, 0, 6.2, 0.4], "rotation": 90, "texture": "#1"},
				"down": {"uv": [0, 0, 6.2, 0.4], "rotation": 90, "texture": "#1"}
			}
		},
		{
			"from": [7.95858, 8.34142, 0],
			"to": [8.25858, 8.54142, 6.2],
			"rotation": {"angle": 0, "axis": "y", "origin": [8.00858, 8.44142, 3.5]},
			"faces": {
				"north": {"uv": [0, 0, 0.2, 0.3], "rotation": 270, "texture": "#1"},
				"east": {"uv": [0, 0, 0.2, 6.2], "rotation": 90, "texture": "#1"},
				"south": {"uv": [0, 0, 0.2, 0.3], "rotation": 90, "texture": "#1"},
				"west": {"uv": [0, 0, 0.2, 6.2], "rotation": 90, "texture": "#1"},
				"up": {"uv": [0, 0, 6.2, 0.3], "rotation": 90, "texture": "#1"},
				"down": {"uv": [0, 0, 6.2, 0.3], "rotation": 90, "texture": "#1"}
			}
		},
		{
			"from": [7.74142, 8.34142, 0],
			"to": [8.04142, 8.54142, 6.2],
			"rotation": {"angle": 0, "axis": "y", "origin": [7.79142, 8.44142, 3.5]},
			"faces": {
				"north": {"uv": [0, 0, 0.2, 0.3], "rotation": 270, "texture": "#1"},
				"east": {"uv": [0, 0, 0.2, 6.2], "rotation": 90, "texture": "#1"},
				"south": {"uv": [0, 0, 0.2, 0.3], "rotation": 90, "texture": "#1"},
				"west": {"uv": [0, 0, 0.2, 6.2], "rotation": 90, "texture": "#1"},
				"up": {"uv": [0, 0, 6.2, 0.3], "rotation": 90, "texture": "#1"},
				"down": {"uv": [0, 0, 6.2, 0.3], "rotation": 90, "texture": "#1"}
			}
		},
		{
			"from": [7.67654, 7.51522, 0],
			"to": [8.07654, 7.71522, 6.2],
			"rotation": {"angle": 0, "axis": "y", "origin": [7.72654, 7.61522, 3.5]},
			"faces": {
				"north": {"uv": [0, 0, 0.2, 0.4], "rotation": 270, "texture": "#1"},
				"east": {"uv": [0, 0, 0.2, 6.2], "rotation": 90, "texture": "#1"},
				"south": {"uv": [0, 0, 0.2, 0.4], "rotation": 90, "texture": "#1"},
				"west": {"uv": [0, 0, 0.2, 6.2], "rotation": 90, "texture": "#1"},
				"up": {"uv": [0, 0, 6.2, 0.4], "rotation": 90, "texture": "#1"},
				"down": {"uv": [0, 0, 6.2, 0.4], "rotation": 90, "texture": "#1"}
			}
		},
		{
			"from": [7.67304, 7.83279, 0],
			"to": [8.07304, 8.03279, 6.2],
			"rotation": {"angle": 22.5, "axis": "z", "origin": [8.47304, 7.68279, 3.5]},
			"faces": {
				"north": {"uv": [0, 0, 0.4, 0.2], "texture": "#1"},
				"east": {"uv": [0, 0, 6.2, 0.2], "texture": "#1"},
				"south": {"uv": [0, 0, 0.4, 0.2], "texture": "#1"},
				"west": {"uv": [0, 0, 6.2, 0.2], "texture": "#1"},
				"up": {"uv": [0, 0, 0.4, 6.2], "texture": "#1"},
				"down": {"uv": [0, 0, 0.4, 6.2], "texture": "#1"}
			}
		},
		{
			"from": [8.1182, 8.69749, 0],
			"to": [8.3182, 8.89749, 7],
			"rotation": {"angle": 45, "axis": "z", "origin": [8.7182, 8.64749, 3.5]},
			"faces": {
				"north": {"uv": [0, 0, 0.2, 0.2], "texture": "#1"},
				"east": {"uv": [0, 0, 7, 0.2], "texture": "#1"},
				"south": {"uv": [0, 0, 0.2, 0.2], "texture": "#1"},
				"west": {"uv": [0, 0, 7, 0.2], "texture": "#1"},
				"up": {"uv": [0, 0, 0.2, 7], "texture": "#1"},
				"down": {"uv": [0, 0, 0.2, 7], "texture": "#1"}
			}
		},
		{
			"from": [7.38891, 7.99038, 0],
			"to": [7.58891, 8.19038, 7],
			"rotation": {"angle": -45, "axis": "z", "origin": [7.98891, 7.94038, 3.5]},
			"faces": {
				"north": {"uv": [0, 0, 0.2, 0.2], "texture": "#1"},
				"east": {"uv": [0, 0, 7, 0.2], "texture": "#1"},
				"south": {"uv": [0, 0, 0.2, 0.2], "texture": "#1"},
				"west": {"uv": [0, 0, 7, 0.2], "texture": "#1"},
				"up": {"uv": [0, 0, 0.2, 7], "texture": "#1"},
				"down": {"uv": [0, 0, 0.2, 7], "texture": "#1"}
			}
		},
		{
			"name": "hexadecagon",
			"from": [7.9453, 8.2, -0.4],
			"to": [8.0547, 8.275, -0.2],
			"rotation": {"angle": 0, "axis": "y", "origin": [8, 8, -1.2]},
			"faces": {
				"north": {"uv": [0, 0, 1, 1], "texture": "#2"},
				"east": {"uv": [0, 0, 1, 1], "texture": "#2"},
				"south": {"uv": [0, 0, 1, 1], "texture": "#2"},
				"west": {"uv": [0, 0, 1, 1], "texture": "#2"},
				"up": {"uv": [0, 0, 1, 1], "rotation": 90, "texture": "#2"},
				"down": {"uv": [0, 0, 1, 1], "rotation": 270, "texture": "#2"}
			}
		},
		{
			"name": "hexadecagon",
			"from": [7.9453, 8.2, -1.1],
			"to": [8.0547, 8.275, -0.9],
			"rotation": {"angle": 0, "axis": "y", "origin": [8, 8, -1.2]},
			"faces": {
				"north": {"uv": [0, 0, 1, 1], "texture": "#2"},
				"east": {"uv": [0, 0, 1, 1], "texture": "#2"},
				"south": {"uv": [0, 0, 1, 1], "texture": "#2"},
				"west": {"uv": [0, 0, 1, 1], "texture": "#2"},
				"up": {"uv": [0, 0, 1, 1], "rotation": 90, "texture": "#2"},
				"down": {"uv": [0, 0, 1, 1], "rotation": 270, "texture": "#2"}
			}
		},
		{
			"name": "hexadecagon",
			"from": [7.9453, 8.2, -1.1],
			"to": [8.0547, 8.275, -0.2],
			"rotation": {"angle": 22.5, "axis": "z", "origin": [8, 8, -1.2]},
			"faces": {
				"north": {"uv": [0, 0, 1, 1], "texture": "#2"},
				"east": {"uv": [0, 0, 1, 1], "texture": "#2"},
				"south": {"uv": [0, 0, 1, 1], "texture": "#2"},
				"west": {"uv": [0, 0, 1, 1], "texture": "#2"},
				"up": {"uv": [0, 0, 1, 1], "rotation": 90, "texture": "#2"},
				"down": {"uv": [0, 0, 1, 1], "rotation": 270, "texture": "#2"}
			}
		},
		{
			"name": "hexadecagon",
			"from": [7.9453, 8.2, -1.1],
			"to": [8.0547, 8.275, -0.9],
			"rotation": {"angle": 45, "axis": "z", "origin": [8, 8, -1.2]},
			"faces": {
				"north": {"uv": [0, 0, 1, 1], "texture": "#2"},
				"east": {"uv": [0, 0, 1, 1], "texture": "#2"},
				"south": {"uv": [0, 0, 1, 1], "texture": "#2"},
				"west": {"uv": [0, 0, 1, 1], "texture": "#2"},
				"up": {"uv": [0, 0, 1, 1], "rotation": 90, "texture": "#2"},
				"down": {"uv": [0, 0, 1, 1], "rotation": 270, "texture": "#2"}
			}
		},
		{
			"name": "hexadecagon",
			"from": [7.725, 7.9453, -1.1],
			"to": [7.8, 8.0547, -0.2],
			"rotation": {"angle": -22.5, "axis": "z", "origin": [8, 8, -1.2]},
			"faces": {
				"north": {"uv": [0, 0, 1, 1], "rotation": 90, "texture": "#2"},
				"east": {"uv": [0, 0, 1, 1], "rotation": 180, "texture": "#2"},
				"south": {"uv": [0, 0, 1, 1], "rotation": 270, "texture": "#2"},
				"west": {"uv": [0, 0, 1, 1], "texture": "#2"},
				"up": {"uv": [0, 0, 1, 1], "rotation": 270, "texture": "#2"},
				"down": {"uv": [0, 0, 1, 1], "rotation": 270, "texture": "#2"}
			}
		},
		{
			"name": "hexadecagon",
			"from": [7.725, 7.9453, -1.1],
			"to": [7.8, 8.0547, -0.9],
			"rotation": {"angle": 0, "axis": "y", "origin": [8, 8, -1.2]},
			"faces": {
				"north": {"uv": [0, 0, 1, 1], "rotation": 90, "texture": "#2"},
				"east": {"uv": [0, 0, 1, 1], "rotation": 180, "texture": "#2"},
				"south": {"uv": [0, 0, 1, 1], "rotation": 270, "texture": "#2"},
				"west": {"uv": [0, 0, 1, 1], "texture": "#2"},
				"up": {"uv": [0, 0, 1, 1], "rotation": 270, "texture": "#2"},
				"down": {"uv": [0, 0, 1, 1], "rotation": 270, "texture": "#2"}
			}
		},
		{
			"name": "hexadecagon",
			"from": [7.725, 7.9453, -0.4],
			"to": [7.8, 8.0547, -0.2],
			"rotation": {"angle": 0, "axis": "y", "origin": [8, 8, -0.5]},
			"faces": {
				"north": {"uv": [0, 0, 1, 1], "rotation": 90, "texture": "#2"},
				"east": {"uv": [0, 0, 1, 1], "rotation": 180, "texture": "#2"},
				"south": {"uv": [0, 0, 1, 1], "rotation": 270, "texture": "#2"},
				"west": {"uv": [0, 0, 1, 1], "texture": "#2"},
				"up": {"uv": [0, 0, 1, 1], "rotation": 270, "texture": "#2"},
				"down": {"uv": [0, 0, 1, 1], "rotation": 270, "texture": "#2"}
			}
		},
		{
			"name": "hexadecagon",
			"from": [7.9453, 8.2, -0.4],
			"to": [8.0547, 8.275, -0.2],
			"rotation": {"angle": 45, "axis": "z", "origin": [8, 8, -0.5]},
			"faces": {
				"north": {"uv": [0, 0, 1, 1], "texture": "#2"},
				"east": {"uv": [0, 0, 1, 1], "texture": "#2"},
				"south": {"uv": [0, 0, 1, 1], "texture": "#2"},
				"west": {"uv": [0, 0, 1, 1], "texture": "#2"},
				"up": {"uv": [0, 0, 1, 1], "rotation": 90, "texture": "#2"},
				"down": {"uv": [0, 0, 1, 1], "rotation": 270, "texture": "#2"}
			}
		},
		{
			"name": "hexadecagon",
			"from": [7.725, 7.9453, -1.1],
			"to": [7.8, 8.0547, -0.2],
			"rotation": {"angle": 22.5, "axis": "z", "origin": [8, 8, -1.2]},
			"faces": {
				"north": {"uv": [0, 0, 1, 1], "rotation": 90, "texture": "#2"},
				"east": {"uv": [0, 0, 1, 1], "rotation": 180, "texture": "#2"},
				"south": {"uv": [0, 0, 1, 1], "rotation": 270, "texture": "#2"},
				"west": {"uv": [0, 0, 1, 1], "texture": "#2"},
				"up": {"uv": [0, 0, 1, 1], "rotation": 270, "texture": "#2"},
				"down": {"uv": [0, 0, 1, 1], "rotation": 270, "texture": "#2"}
			}
		},
		{
			"name": "hexadecagon",
			"from": [7.725, 7.9453, -1.1],
			"to": [7.8, 8.0547, -0.9],
			"rotation": {"angle": 45, "axis": "z", "origin": [8, 8, -1.2]},
			"faces": {
				"north": {"uv": [0, 0, 1, 1], "rotation": 90, "texture": "#2"},
				"east": {"uv": [0, 0, 1, 1], "rotation": 180, "texture": "#2"},
				"south": {"uv": [0, 0, 1, 1], "rotation": 270, "texture": "#2"},
				"west": {"uv": [0, 0, 1, 1], "texture": "#2"},
				"up": {"uv": [0, 0, 1, 1], "rotation": 270, "texture": "#2"},
				"down": {"uv": [0, 0, 1, 1], "rotation": 270, "texture": "#2"}
			}
		},
		{
			"name": "hexadecagon",
			"from": [7.725, 7.9453, -0.4],
			"to": [7.8, 8.0547, -0.2],
			"rotation": {"angle": 45, "axis": "z", "origin": [8, 8, -1.2]},
			"faces": {
				"north": {"uv": [0, 0, 1, 1], "rotation": 90, "texture": "#2"},
				"east": {"uv": [0, 0, 1, 1], "rotation": 180, "texture": "#2"},
				"south": {"uv": [0, 0, 1, 1], "rotation": 270, "texture": "#2"},
				"west": {"uv": [0, 0, 1, 1], "texture": "#2"},
				"up": {"uv": [0, 0, 1, 1], "rotation": 270, "texture": "#2"},
				"down": {"uv": [0, 0, 1, 1], "rotation": 270, "texture": "#2"}
			}
		},
		{
			"name": "hexadecagon",
			"from": [7.9453, 7.725, -1.1],
			"to": [8.0547, 7.8, -0.2],
			"rotation": {"angle": -22.5, "axis": "z", "origin": [8, 8, -1.2]},
			"faces": {
				"north": {"uv": [0, 0, 1, 1], "rotation": 180, "texture": "#2"},
				"east": {"uv": [0, 0, 1, 1], "rotation": 180, "texture": "#2"},
				"south": {"uv": [0, 0, 1, 1], "rotation": 180, "texture": "#2"},
				"west": {"uv": [0, 0, 1, 1], "rotation": 180, "texture": "#2"},
				"up": {"uv": [0, 0, 1, 1], "rotation": 90, "texture": "#2"},
				"down": {"uv": [0, 0, 1, 1], "rotation": 270, "texture": "#2"}
			}
		},
		{
			"name": "hexadecagon",
			"from": [7.9453, 7.725, -1.1],
			"to": [8.0547, 7.8, -0.2],
			"rotation": {"angle": 0, "axis": "y", "origin": [8, 8, -1.2]},
			"faces": {
				"north": {"uv": [0, 0, 1, 1], "rotation": 180, "texture": "#2"},
				"east": {"uv": [0, 0, 1, 1], "rotation": 180, "texture": "#2"},
				"south": {"uv": [0, 0, 1, 1], "rotation": 180, "texture": "#2"},
				"west": {"uv": [0, 0, 1, 1], "rotation": 180, "texture": "#2"},
				"up": {"uv": [0, 0, 1, 1], "rotation": 90, "texture": "#2"},
				"down": {"uv": [0, 0, 1, 1], "rotation": 270, "texture": "#2"}
			}
		},
		{
			"name": "hexadecagon",
			"from": [7.9453, 7.725, -1.1],
			"to": [8.0547, 7.8, -0.2],
			"rotation": {"angle": 22.5, "axis": "z", "origin": [8, 8, -1.2]},
			"faces": {
				"north": {"uv": [0, 0, 1, 1], "rotation": 180, "texture": "#2"},
				"east": {"uv": [0, 0, 1, 1], "rotation": 180, "texture": "#2"},
				"south": {"uv": [0, 0, 1, 1], "rotation": 180, "texture": "#2"},
				"west": {"uv": [0, 0, 1, 1], "rotation": 180, "texture": "#2"},
				"up": {"uv": [0, 0, 1, 1], "rotation": 90, "texture": "#2"},
				"down": {"uv": [0, 0, 1, 1], "rotation": 270, "texture": "#2"}
			}
		},
		{
			"name": "hexadecagon",
			"from": [7.9453, 7.725, -0.4],
			"to": [8.0547, 7.8, -0.2],
			"rotation": {"angle": 45, "axis": "z", "origin": [8, 8, -1.2]},
			"faces": {
				"north": {"uv": [0, 0, 1, 1], "rotation": 180, "texture": "#2"},
				"east": {"uv": [0, 0, 1, 1], "rotation": 180, "texture": "#2"},
				"south": {"uv": [0, 0, 1, 1], "rotation": 180, "texture": "#2"},
				"west": {"uv": [0, 0, 1, 1], "rotation": 180, "texture": "#2"},
				"up": {"uv": [0, 0, 1, 1], "rotation": 90, "texture": "#2"},
				"down": {"uv": [0, 0, 1, 1], "rotation": 270, "texture": "#2"}
			}
		},
		{
			"name": "hexadecagon",
			"from": [7.9453, 7.725, -1.1],
			"to": [8.0547, 7.8, -0.9],
			"rotation": {"angle": 45, "axis": "z", "origin": [8, 8, -1.2]},
			"faces": {
				"north": {"uv": [0, 0, 1, 1], "rotation": 180, "texture": "#2"},
				"east": {"uv": [0, 0, 1, 1], "rotation": 180, "texture": "#2"},
				"south": {"uv": [0, 0, 1, 1], "rotation": 180, "texture": "#2"},
				"west": {"uv": [0, 0, 1, 1], "rotation": 180, "texture": "#2"},
				"up": {"uv": [0, 0, 1, 1], "rotation": 90, "texture": "#2"},
				"down": {"uv": [0, 0, 1, 1], "rotation": 270, "texture": "#2"}
			}
		},
		{
			"name": "hexadecagon",
			"from": [8.2, 7.9453, -1.1],
			"to": [8.275, 8.0547, -0.2],
			"rotation": {"angle": -22.5, "axis": "z", "origin": [8, 8, -1.2]},
			"faces": {
				"north": {"uv": [0, 0, 1, 1], "rotation": 270, "texture": "#2"},
				"east": {"uv": [0, 0, 1, 1], "rotation": 180, "texture": "#2"},
				"south": {"uv": [0, 0, 1, 1], "rotation": 90, "texture": "#2"},
				"west": {"uv": [0, 0, 1, 1], "texture": "#2"},
				"up": {"uv": [0, 0, 1, 1], "rotation": 90, "texture": "#2"},
				"down": {"uv": [0, 0, 1, 1], "rotation": 90, "texture": "#2"}
			}
		},
		{
			"name": "hexadecagon",
			"from": [8.2, 7.9453, -0.4],
			"to": [8.275, 8.0547, -0.2],
			"rotation": {"angle": 0, "axis": "y", "origin": [8, 8, -1.2]},
			"faces": {
				"north": {"uv": [0, 0, 1, 1], "rotation": 270, "texture": "#2"},
				"east": {"uv": [0, 0, 1, 1], "rotation": 180, "texture": "#2"},
				"south": {"uv": [0, 0, 1, 1], "rotation": 90, "texture": "#2"},
				"west": {"uv": [0, 0, 1, 1], "texture": "#2"},
				"up": {"uv": [0, 0, 1, 1], "rotation": 90, "texture": "#2"},
				"down": {"uv": [0, 0, 1, 1], "rotation": 90, "texture": "#2"}
			}
		},
		{
			"name": "hexadecagon",
			"from": [8.2, 7.9453, -1.1],
			"to": [8.275, 8.0547, -0.9],
			"rotation": {"angle": 0, "axis": "y", "origin": [8, 8, -1.2]},
			"faces": {
				"north": {"uv": [0, 0, 1, 1], "rotation": 270, "texture": "#2"},
				"east": {"uv": [0, 0, 1, 1], "rotation": 180, "texture": "#2"},
				"south": {"uv": [0, 0, 1, 1], "rotation": 90, "texture": "#2"},
				"west": {"uv": [0, 0, 1, 1], "texture": "#2"},
				"up": {"uv": [0, 0, 1, 1], "rotation": 90, "texture": "#2"},
				"down": {"uv": [0, 0, 1, 1], "rotation": 90, "texture": "#2"}
			}
		},
		{
			"name": "hexadecagon",
			"from": [8.2, 7.9453, -1.1],
			"to": [8.275, 8.0547, -0.2],
			"rotation": {"angle": 22.5, "axis": "z", "origin": [8, 8, -1.2]},
			"faces": {
				"north": {"uv": [0, 0, 1, 1], "rotation": 270, "texture": "#2"},
				"east": {"uv": [0, 0, 1, 1], "rotation": 180, "texture": "#2"},
				"south": {"uv": [0, 0, 1, 1], "rotation": 90, "texture": "#2"},
				"west": {"uv": [0, 0, 1, 1], "texture": "#2"},
				"up": {"uv": [0, 0, 1, 1], "rotation": 90, "texture": "#2"},
				"down": {"uv": [0, 0, 1, 1], "rotation": 90, "texture": "#2"}
			}
		},
		{
			"name": "hexadecagon",
			"from": [8.2, 7.9453, -0.4],
			"to": [8.275, 8.0547, -0.2],
			"rotation": {"angle": 45, "axis": "z", "origin": [8, 8, -1.2]},
			"faces": {
				"north": {"uv": [0, 0, 1, 1], "rotation": 270, "texture": "#2"},
				"east": {"uv": [0, 0, 1, 1], "rotation": 180, "texture": "#2"},
				"south": {"uv": [0, 0, 1, 1], "rotation": 90, "texture": "#2"},
				"west": {"uv": [0, 0, 1, 1], "texture": "#2"},
				"up": {"uv": [0, 0, 1, 1], "rotation": 90, "texture": "#2"},
				"down": {"uv": [0, 0, 1, 1], "rotation": 90, "texture": "#2"}
			}
		},
		{
			"name": "hexadecagon",
			"from": [8.2, 7.9453, -1.1],
			"to": [8.275, 8.0547, -0.9],
			"rotation": {"angle": 45, "axis": "z", "origin": [8, 8, -1.2]},
			"faces": {
				"north": {"uv": [0, 0, 1, 1], "rotation": 270, "texture": "#2"},
				"east": {"uv": [0, 0, 1, 1], "rotation": 180, "texture": "#2"},
				"south": {"uv": [0, 0, 1, 1], "rotation": 90, "texture": "#2"},
				"west": {"uv": [0, 0, 1, 1], "texture": "#2"},
				"up": {"uv": [0, 0, 1, 1], "rotation": 90, "texture": "#2"},
				"down": {"uv": [0, 0, 1, 1], "rotation": 90, "texture": "#2"}
			}
		},
		{
			"name": "hexadecagon",
			"from": [7.9453, 8.2, -1.1],
			"to": [8.0547, 8.275, -0.2],
			"rotation": {"angle": -22.5, "axis": "z", "origin": [8, 8, -1.2]},
			"faces": {
				"north": {"uv": [0, 0, 1, 1], "texture": "#2"},
				"east": {"uv": [0, 0, 1, 1], "texture": "#2"},
				"south": {"uv": [0, 0, 1, 1], "texture": "#2"},
				"west": {"uv": [0, 0, 1, 1], "texture": "#2"},
				"up": {"uv": [0, 0, 1, 1], "rotation": 90, "texture": "#2"},
				"down": {"uv": [0, 0, 1, 1], "rotation": 270, "texture": "#2"}
			}
		},
		{
			"name": "hexadecagon",
			"from": [7.7156, 8.325, 0],
			"to": [8.2844, 8.625, 7],
			"rotation": {"angle": 0, "axis": "y", "origin": [8, 7.9, 0.5]},
			"faces": {
				"north": {"uv": [0, 0, 1, 1], "rotation": 180, "texture": "#2"},
				"east": {"uv": [0, 0, 1, 1], "rotation": 180, "texture": "#2"},
				"south": {"uv": [0, 0, 1, 1], "rotation": 180, "texture": "#2"},
				"west": {"uv": [0, 0, 1, 1], "rotation": 180, "texture": "#2"},
				"up": {"uv": [0, 0, 1, 1], "rotation": 90, "texture": "#2"},
				"down": {"uv": [0, 0, 1, 1], "rotation": 270, "texture": "#2"}
			}
		},
		{
			"from": [3.81476, 17.22166, 0],
			"to": [3.88976, 17.32166, 0.2],
			"rotation": {"angle": -45, "axis": "z", "origin": [-4.41024, 7.57166, 0.5]},
			"faces": {
				"north": {"uv": [0, 0, 0.075, 0.1], "texture": "#2"},
				"east": {"uv": [0, 0, 0.2, 0.1], "texture": "#2"},
				"south": {"uv": [0, 0, 0.075, 0.1], "texture": "#2"},
				"west": {"uv": [0, 0, 0.2, 0.1], "texture": "#2"},
				"up": {"uv": [0, 0, 0.075, 0.2], "texture": "#2"},
				"down": {"uv": [0, 0, 0.075, 0.2], "texture": "#2"}
			}
		},
		{
			"from": [16.9503, 5.53672, 0],
			"to": [17.0253, 5.63672, 0.2],
			"rotation": {"angle": 45, "axis": "z", "origin": [8.7253, -4.11328, 0.5]},
			"faces": {
				"north": {"uv": [0, 0, 0.075, 0.1], "texture": "#2"},
				"east": {"uv": [0, 0, 0.2, 0.1], "texture": "#2"},
				"south": {"uv": [0, 0, 0.075, 0.1], "texture": "#2"},
				"west": {"uv": [0, 0, 0.2, 0.1], "texture": "#2"},
				"up": {"uv": [0, 0, 0.075, 0.2], "texture": "#2"},
				"down": {"uv": [0, 0, 0.075, 0.2], "texture": "#2"}
			}
		},
		{
			"from": [7.7, 8.55, 0],
			"to": [8.3, 8.65, 0.2],
			"rotation": {"angle": 0, "axis": "y", "origin": [0, -1.1, 0.5]},
			"faces": {
				"north": {"uv": [0, 0, 0.6, 0.1], "texture": "#2"},
				"east": {"uv": [0, 0, 0.2, 0.1], "texture": "#2"},
				"south": {"uv": [0, 0, 0.6, 0.1], "texture": "#2"},
				"west": {"uv": [0, 0, 0.2, 0.1], "texture": "#2"},
				"up": {"uv": [0, 0, 0.6, 0.2], "texture": "#2"},
				"down": {"uv": [0, 0, 0.6, 0.2], "texture": "#2"}
			}
		},
		{
			"from": [3.81476, 17.22166, 0],
			"to": [3.88976, 17.32166, 0.2],
			"rotation": {"angle": -45, "axis": "z", "origin": [-4.41024, 7.57166, 0.5]},
			"faces": {
				"north": {"uv": [0, 0, 0.075, 0.1], "texture": "#2"},
				"east": {"uv": [0, 0, 0.2, 0.1], "texture": "#2"},
				"south": {"uv": [0, 0, 0.075, 0.1], "texture": "#2"},
				"west": {"uv": [0, 0, 0.2, 0.1], "texture": "#2"},
				"up": {"uv": [0, 0, 0.075, 0.2], "texture": "#2"},
				"down": {"uv": [0, 0, 0.075, 0.2], "texture": "#2"}
			}
		},
		{
			"from": [7.7, 8.55, 0],
			"to": [8.3, 8.65, 0.2],
			"rotation": {"angle": 0, "axis": "y", "origin": [0, -1.1, 0.5]},
			"faces": {
				"north": {"uv": [0, 0, 0.6, 0.1], "texture": "#2"},
				"east": {"uv": [0, 0, 0.2, 0.1], "texture": "#2"},
				"south": {"uv": [0, 0, 0.6, 0.1], "texture": "#2"},
				"west": {"uv": [0, 0, 0.2, 0.1], "texture": "#2"},
				"up": {"uv": [0, 0, 0.6, 0.2], "texture": "#2"},
				"down": {"uv": [0, 0, 0.6, 0.2], "texture": "#2"}
			}
		},
		{
			"from": [16.9503, 5.53672, 0],
			"to": [17.0253, 5.63672, 0.2],
			"rotation": {"angle": 45, "axis": "z", "origin": [8.7253, -4.11328, 0.5]},
			"faces": {
				"north": {"uv": [0, 0, 0.075, 0.1], "texture": "#2"},
				"east": {"uv": [0, 0, 0.2, 0.1], "texture": "#2"},
				"south": {"uv": [0, 0, 0.075, 0.1], "texture": "#2"},
				"west": {"uv": [0, 0, 0.2, 0.1], "texture": "#2"},
				"up": {"uv": [0, 0, 0.075, 0.2], "texture": "#2"},
				"down": {"uv": [0, 0, 0.075, 0.2], "texture": "#2"}
			}
		},
		{
			"from": [3.81476, 17.22166, 0.4],
			"to": [3.88976, 17.32166, 0.6],
			"rotation": {"angle": -45, "axis": "z", "origin": [-4.41024, 7.57166, 0.9]},
			"faces": {
				"north": {"uv": [0, 0, 0.075, 0.1], "texture": "#2"},
				"east": {"uv": [0, 0, 0.2, 0.1], "texture": "#2"},
				"south": {"uv": [0, 0, 0.075, 0.1], "texture": "#2"},
				"west": {"uv": [0, 0, 0.2, 0.1], "texture": "#2"},
				"up": {"uv": [0, 0, 0.075, 0.2], "texture": "#2"},
				"down": {"uv": [0, 0, 0.075, 0.2], "texture": "#2"}
			}
		},
		{
			"from": [16.9503, 5.53672, 0.4],
			"to": [17.0253, 5.63672, 0.6],
			"rotation": {"angle": 45, "axis": "z", "origin": [8.7253, -4.11328, 0.9]},
			"faces": {
				"north": {"uv": [0, 0, 0.075, 0.1], "texture": "#2"},
				"east": {"uv": [0, 0, 0.2, 0.1], "texture": "#2"},
				"south": {"uv": [0, 0, 0.075, 0.1], "texture": "#2"},
				"west": {"uv": [0, 0, 0.2, 0.1], "texture": "#2"},
				"up": {"uv": [0, 0, 0.075, 0.2], "texture": "#2"},
				"down": {"uv": [0, 0, 0.075, 0.2], "texture": "#2"}
			}
		},
		{
			"from": [7.7, 8.55, 0.4],
			"to": [8.3, 8.65, 0.6],
			"rotation": {"angle": 0, "axis": "y", "origin": [0, -1.1, 0.9]},
			"faces": {
				"north": {"uv": [0, 0, 0.6, 0.1], "texture": "#2"},
				"east": {"uv": [0, 0, 0.2, 0.1], "texture": "#2"},
				"south": {"uv": [0, 0, 0.6, 0.1], "texture": "#2"},
				"west": {"uv": [0, 0, 0.2, 0.1], "texture": "#2"},
				"up": {"uv": [0, 0, 0.6, 0.2], "texture": "#2"},
				"down": {"uv": [0, 0, 0.6, 0.2], "texture": "#2"}
			}
		},
		{
			"from": [3.81476, 17.22166, 0.8],
			"to": [3.88976, 17.32166, 1],
			"rotation": {"angle": -45, "axis": "z", "origin": [-4.41024, 7.57166, 1.3]},
			"faces": {
				"north": {"uv": [0, 0, 0.075, 0.1], "texture": "#2"},
				"east": {"uv": [0, 0, 0.2, 0.1], "texture": "#2"},
				"south": {"uv": [0, 0, 0.075, 0.1], "texture": "#2"},
				"west": {"uv": [0, 0, 0.2, 0.1], "texture": "#2"},
				"up": {"uv": [0, 0, 0.075, 0.2], "texture": "#2"},
				"down": {"uv": [0, 0, 0.075, 0.2], "texture": "#2"}
			}
		},
		{
			"from": [16.9503, 5.53672, 0.8],
			"to": [17.0253, 5.63672, 1],
			"rotation": {"angle": 45, "axis": "z", "origin": [8.7253, -4.11328, 1.3]},
			"faces": {
				"north": {"uv": [0, 0, 0.075, 0.1], "texture": "#2"},
				"east": {"uv": [0, 0, 0.2, 0.1], "texture": "#2"},
				"south": {"uv": [0, 0, 0.075, 0.1], "texture": "#2"},
				"west": {"uv": [0, 0, 0.2, 0.1], "texture": "#2"},
				"up": {"uv": [0, 0, 0.075, 0.2], "texture": "#2"},
				"down": {"uv": [0, 0, 0.075, 0.2], "texture": "#2"}
			}
		},
		{
			"from": [7.7, 8.55, 0.8],
			"to": [8.3, 8.65, 1],
			"rotation": {"angle": 0, "axis": "y", "origin": [0, -1.1, 1.3]},
			"faces": {
				"north": {"uv": [0, 0, 0.6, 0.1], "texture": "#2"},
				"east": {"uv": [0, 0, 0.2, 0.1], "texture": "#2"},
				"south": {"uv": [0, 0, 0.6, 0.1], "texture": "#2"},
				"west": {"uv": [0, 0, 0.2, 0.1], "texture": "#2"},
				"up": {"uv": [0, 0, 0.6, 0.2], "texture": "#2"},
				"down": {"uv": [0, 0, 0.6, 0.2], "texture": "#2"}
			}
		},
		{
			"from": [3.81476, 17.22166, 1.2],
			"to": [3.88976, 17.32166, 1.4],
			"rotation": {"angle": -45, "axis": "z", "origin": [-4.41024, 7.57166, 1.7]},
			"faces": {
				"north": {"uv": [0, 0, 0.075, 0.1], "texture": "#2"},
				"east": {"uv": [0, 0, 0.2, 0.1], "texture": "#2"},
				"south": {"uv": [0, 0, 0.075, 0.1], "texture": "#2"},
				"west": {"uv": [0, 0, 0.2, 0.1], "texture": "#2"},
				"up": {"uv": [0, 0, 0.075, 0.2], "texture": "#2"},
				"down": {"uv": [0, 0, 0.075, 0.2], "texture": "#2"}
			}
		},
		{
			"from": [16.9503, 5.53672, 1.2],
			"to": [17.0253, 5.63672, 1.4],
			"rotation": {"angle": 45, "axis": "z", "origin": [8.7253, -4.11328, 1.7]},
			"faces": {
				"north": {"uv": [0, 0, 0.075, 0.1], "texture": "#2"},
				"east": {"uv": [0, 0, 0.2, 0.1], "texture": "#2"},
				"south": {"uv": [0, 0, 0.075, 0.1], "texture": "#2"},
				"west": {"uv": [0, 0, 0.2, 0.1], "texture": "#2"},
				"up": {"uv": [0, 0, 0.075, 0.2], "texture": "#2"},
				"down": {"uv": [0, 0, 0.075, 0.2], "texture": "#2"}
			}
		},
		{
			"from": [7.7, 8.55, 1.2],
			"to": [8.3, 8.65, 1.4],
			"rotation": {"angle": 0, "axis": "y", "origin": [0, -1.1, 1.7]},
			"faces": {
				"north": {"uv": [0, 0, 0.6, 0.1], "texture": "#2"},
				"east": {"uv": [0, 0, 0.2, 0.1], "texture": "#2"},
				"south": {"uv": [0, 0, 0.6, 0.1], "texture": "#2"},
				"west": {"uv": [0, 0, 0.2, 0.1], "texture": "#2"},
				"up": {"uv": [0, 0, 0.6, 0.2], "texture": "#2"},
				"down": {"uv": [0, 0, 0.6, 0.2], "texture": "#2"}
			}
		},
		{
			"from": [3.81476, 17.22166, 1.6],
			"to": [3.88976, 17.32166, 1.8],
			"rotation": {"angle": -45, "axis": "z", "origin": [-4.41024, 7.57166, 2.1]},
			"faces": {
				"north": {"uv": [0, 0, 0.075, 0.1], "texture": "#2"},
				"east": {"uv": [0, 0, 0.2, 0.1], "texture": "#2"},
				"south": {"uv": [0, 0, 0.075, 0.1], "texture": "#2"},
				"west": {"uv": [0, 0, 0.2, 0.1], "texture": "#2"},
				"up": {"uv": [0, 0, 0.075, 0.2], "texture": "#2"},
				"down": {"uv": [0, 0, 0.075, 0.2], "texture": "#2"}
			}
		},
		{
			"from": [16.9503, 5.53672, 1.6],
			"to": [17.0253, 5.63672, 1.8],
			"rotation": {"angle": 45, "axis": "z", "origin": [8.7253, -4.11328, 2.1]},
			"faces": {
				"north": {"uv": [0, 0, 0.075, 0.1], "texture": "#2"},
				"east": {"uv": [0, 0, 0.2, 0.1], "texture": "#2"},
				"south": {"uv": [0, 0, 0.075, 0.1], "texture": "#2"},
				"west": {"uv": [0, 0, 0.2, 0.1], "texture": "#2"},
				"up": {"uv": [0, 0, 0.075, 0.2], "texture": "#2"},
				"down": {"uv": [0, 0, 0.075, 0.2], "texture": "#2"}
			}
		},
		{
			"from": [7.7, 8.55, 1.6],
			"to": [8.3, 8.65, 1.8],
			"rotation": {"angle": 0, "axis": "y", "origin": [0, -1.1, 2.1]},
			"faces": {
				"north": {"uv": [0, 0, 0.6, 0.1], "texture": "#2"},
				"east": {"uv": [0, 0, 0.2, 0.1], "texture": "#2"},
				"south": {"uv": [0, 0, 0.6, 0.1], "texture": "#2"},
				"west": {"uv": [0, 0, 0.2, 0.1], "texture": "#2"},
				"up": {"uv": [0, 0, 0.6, 0.2], "texture": "#2"},
				"down": {"uv": [0, 0, 0.6, 0.2], "texture": "#2"}
			}
		},
		{
			"from": [3.81476, 17.22166, 2],
			"to": [3.88976, 17.32166, 2.2],
			"rotation": {"angle": -45, "axis": "z", "origin": [-4.41024, 7.57166, 2.5]},
			"faces": {
				"north": {"uv": [0, 0, 0.075, 0.1], "texture": "#2"},
				"east": {"uv": [0, 0, 0.2, 0.1], "texture": "#2"},
				"south": {"uv": [0, 0, 0.075, 0.1], "texture": "#2"},
				"west": {"uv": [0, 0, 0.2, 0.1], "texture": "#2"},
				"up": {"uv": [0, 0, 0.075, 0.2], "texture": "#2"},
				"down": {"uv": [0, 0, 0.075, 0.2], "texture": "#2"}
			}
		},
		{
			"from": [16.9503, 5.53672, 2],
			"to": [17.0253, 5.63672, 2.2],
			"rotation": {"angle": 45, "axis": "z", "origin": [8.7253, -4.11328, 2.5]},
			"faces": {
				"north": {"uv": [0, 0, 0.075, 0.1], "texture": "#2"},
				"east": {"uv": [0, 0, 0.2, 0.1], "texture": "#2"},
				"south": {"uv": [0, 0, 0.075, 0.1], "texture": "#2"},
				"west": {"uv": [0, 0, 0.2, 0.1], "texture": "#2"},
				"up": {"uv": [0, 0, 0.075, 0.2], "texture": "#2"},
				"down": {"uv": [0, 0, 0.075, 0.2], "texture": "#2"}
			}
		},
		{
			"from": [7.7, 8.55, 2],
			"to": [8.3, 8.65, 2.2],
			"rotation": {"angle": 0, "axis": "y", "origin": [0, -1.1, 2.5]},
			"faces": {
				"north": {"uv": [0, 0, 0.6, 0.1], "texture": "#2"},
				"east": {"uv": [0, 0, 0.2, 0.1], "texture": "#2"},
				"south": {"uv": [0, 0, 0.6, 0.1], "texture": "#2"},
				"west": {"uv": [0, 0, 0.2, 0.1], "texture": "#2"},
				"up": {"uv": [0, 0, 0.6, 0.2], "texture": "#2"},
				"down": {"uv": [0, 0, 0.6, 0.2], "texture": "#2"}
			}
		},
		{
			"from": [3.81476, 17.22166, 2.4],
			"to": [3.88976, 17.32166, 2.6],
			"rotation": {"angle": -45, "axis": "z", "origin": [-4.41024, 7.57166, 2.9]},
			"faces": {
				"north": {"uv": [0, 0, 0.075, 0.1], "texture": "#2"},
				"east": {"uv": [0, 0, 0.2, 0.1], "texture": "#2"},
				"south": {"uv": [0, 0, 0.075, 0.1], "texture": "#2"},
				"west": {"uv": [0, 0, 0.2, 0.1], "texture": "#2"},
				"up": {"uv": [0, 0, 0.075, 0.2], "texture": "#2"},
				"down": {"uv": [0, 0, 0.075, 0.2], "texture": "#2"}
			}
		},
		{
			"from": [16.9503, 5.53672, 2.4],
			"to": [17.0253, 5.63672, 2.6],
			"rotation": {"angle": 45, "axis": "z", "origin": [8.7253, -4.11328, 2.9]},
			"faces": {
				"north": {"uv": [0, 0, 0.075, 0.1], "texture": "#2"},
				"east": {"uv": [0, 0, 0.2, 0.1], "texture": "#2"},
				"south": {"uv": [0, 0, 0.075, 0.1], "texture": "#2"},
				"west": {"uv": [0, 0, 0.2, 0.1], "texture": "#2"},
				"up": {"uv": [0, 0, 0.075, 0.2], "texture": "#2"},
				"down": {"uv": [0, 0, 0.075, 0.2], "texture": "#2"}
			}
		},
		{
			"from": [7.7, 8.55, 2.4],
			"to": [8.3, 8.65, 2.6],
			"rotation": {"angle": 0, "axis": "y", "origin": [0, -1.1, 2.9]},
			"faces": {
				"north": {"uv": [0, 0, 0.6, 0.1], "texture": "#2"},
				"east": {"uv": [0, 0, 0.2, 0.1], "texture": "#2"},
				"south": {"uv": [0, 0, 0.6, 0.1], "texture": "#2"},
				"west": {"uv": [0, 0, 0.2, 0.1], "texture": "#2"},
				"up": {"uv": [0, 0, 0.6, 0.2], "texture": "#2"},
				"down": {"uv": [0, 0, 0.6, 0.2], "texture": "#2"}
			}
		},
		{
			"from": [3.81476, 17.22166, 2.8],
			"to": [3.88976, 17.32166, 3],
			"rotation": {"angle": -45, "axis": "z", "origin": [-4.41024, 7.57166, 3.3]},
			"faces": {
				"north": {"uv": [0, 0, 0.075, 0.1], "texture": "#2"},
				"east": {"uv": [0, 0, 0.2, 0.1], "texture": "#2"},
				"south": {"uv": [0, 0, 0.075, 0.1], "texture": "#2"},
				"west": {"uv": [0, 0, 0.2, 0.1], "texture": "#2"},
				"up": {"uv": [0, 0, 0.075, 0.2], "texture": "#2"},
				"down": {"uv": [0, 0, 0.075, 0.2], "texture": "#2"}
			}
		},
		{
			"from": [16.9503, 5.53672, 2.8],
			"to": [17.0253, 5.63672, 3],
			"rotation": {"angle": 45, "axis": "z", "origin": [8.7253, -4.11328, 3.3]},
			"faces": {
				"north": {"uv": [0, 0, 0.075, 0.1], "texture": "#2"},
				"east": {"uv": [0, 0, 0.2, 0.1], "texture": "#2"},
				"south": {"uv": [0, 0, 0.075, 0.1], "texture": "#2"},
				"west": {"uv": [0, 0, 0.2, 0.1], "texture": "#2"},
				"up": {"uv": [0, 0, 0.075, 0.2], "texture": "#2"},
				"down": {"uv": [0, 0, 0.075, 0.2], "texture": "#2"}
			}
		},
		{
			"from": [7.7, 8.55, 2.8],
			"to": [8.3, 8.65, 3],
			"rotation": {"angle": 0, "axis": "y", "origin": [0, -1.1, 3.3]},
			"faces": {
				"north": {"uv": [0, 0, 0.6, 0.1], "texture": "#2"},
				"east": {"uv": [0, 0, 0.2, 0.1], "texture": "#2"},
				"south": {"uv": [0, 0, 0.6, 0.1], "texture": "#2"},
				"west": {"uv": [0, 0, 0.2, 0.1], "texture": "#2"},
				"up": {"uv": [0, 0, 0.6, 0.2], "texture": "#2"},
				"down": {"uv": [0, 0, 0.6, 0.2], "texture": "#2"}
			}
		},
		{
			"from": [3.81476, 17.22166, 3.2],
			"to": [3.88976, 17.32166, 3.4],
			"rotation": {"angle": -45, "axis": "z", "origin": [-4.41024, 7.57166, 3.7]},
			"faces": {
				"north": {"uv": [0, 0, 0.075, 0.1], "texture": "#2"},
				"east": {"uv": [0, 0, 0.2, 0.1], "texture": "#2"},
				"south": {"uv": [0, 0, 0.075, 0.1], "texture": "#2"},
				"west": {"uv": [0, 0, 0.2, 0.1], "texture": "#2"},
				"up": {"uv": [0, 0, 0.075, 0.2], "texture": "#2"},
				"down": {"uv": [0, 0, 0.075, 0.2], "texture": "#2"}
			}
		},
		{
			"from": [16.9503, 5.53672, 3.2],
			"to": [17.0253, 5.63672, 3.4],
			"rotation": {"angle": 45, "axis": "z", "origin": [8.7253, -4.11328, 3.7]},
			"faces": {
				"north": {"uv": [0, 0, 0.075, 0.1], "texture": "#2"},
				"east": {"uv": [0, 0, 0.2, 0.1], "texture": "#2"},
				"south": {"uv": [0, 0, 0.075, 0.1], "texture": "#2"},
				"west": {"uv": [0, 0, 0.2, 0.1], "texture": "#2"},
				"up": {"uv": [0, 0, 0.075, 0.2], "texture": "#2"},
				"down": {"uv": [0, 0, 0.075, 0.2], "texture": "#2"}
			}
		},
		{
			"from": [7.7, 8.55, 3.2],
			"to": [8.3, 8.65, 3.4],
			"rotation": {"angle": 0, "axis": "y", "origin": [0, -1.1, 3.7]},
			"faces": {
				"north": {"uv": [0, 0, 0.6, 0.1], "texture": "#2"},
				"east": {"uv": [0, 0, 0.2, 0.1], "texture": "#2"},
				"south": {"uv": [0, 0, 0.6, 0.1], "texture": "#2"},
				"west": {"uv": [0, 0, 0.2, 0.1], "texture": "#2"},
				"up": {"uv": [0, 0, 0.6, 0.2], "texture": "#2"},
				"down": {"uv": [0, 0, 0.6, 0.2], "texture": "#2"}
			}
		},
		{
			"from": [3.81476, 17.22166, 3.6],
			"to": [3.88976, 17.32166, 3.8],
			"rotation": {"angle": -45, "axis": "z", "origin": [-4.41024, 7.57166, 4.1]},
			"faces": {
				"north": {"uv": [0, 0, 0.075, 0.1], "texture": "#2"},
				"east": {"uv": [0, 0, 0.2, 0.1], "texture": "#2"},
				"south": {"uv": [0, 0, 0.075, 0.1], "texture": "#2"},
				"west": {"uv": [0, 0, 0.2, 0.1], "texture": "#2"},
				"up": {"uv": [0, 0, 0.075, 0.2], "texture": "#2"},
				"down": {"uv": [0, 0, 0.075, 0.2], "texture": "#2"}
			}
		},
		{
			"from": [16.9503, 5.53672, 3.6],
			"to": [17.0253, 5.63672, 3.8],
			"rotation": {"angle": 45, "axis": "z", "origin": [8.7253, -4.11328, 4.1]},
			"faces": {
				"north": {"uv": [0, 0, 0.075, 0.1], "texture": "#2"},
				"east": {"uv": [0, 0, 0.2, 0.1], "texture": "#2"},
				"south": {"uv": [0, 0, 0.075, 0.1], "texture": "#2"},
				"west": {"uv": [0, 0, 0.2, 0.1], "texture": "#2"},
				"up": {"uv": [0, 0, 0.075, 0.2], "texture": "#2"},
				"down": {"uv": [0, 0, 0.075, 0.2], "texture": "#2"}
			}
		},
		{
			"from": [7.7, 8.55, 3.6],
			"to": [8.3, 8.65, 3.8],
			"rotation": {"angle": 0, "axis": "y", "origin": [0, -1.1, 4.1]},
			"faces": {
				"north": {"uv": [0, 0, 0.6, 0.1], "texture": "#2"},
				"east": {"uv": [0, 0, 0.2, 0.1], "texture": "#2"},
				"south": {"uv": [0, 0, 0.6, 0.1], "texture": "#2"},
				"west": {"uv": [0, 0, 0.2, 0.1], "texture": "#2"},
				"up": {"uv": [0, 0, 0.6, 0.2], "texture": "#2"},
				"down": {"uv": [0, 0, 0.6, 0.2], "texture": "#2"}
			}
		},
		{
			"from": [3.81476, 17.22166, 4],
			"to": [3.88976, 17.32166, 4.2],
			"rotation": {"angle": -45, "axis": "z", "origin": [-4.41024, 7.57166, 4.5]},
			"faces": {
				"north": {"uv": [0, 0, 0.075, 0.1], "texture": "#2"},
				"east": {"uv": [0, 0, 0.2, 0.1], "texture": "#2"},
				"south": {"uv": [0, 0, 0.075, 0.1], "texture": "#2"},
				"west": {"uv": [0, 0, 0.2, 0.1], "texture": "#2"},
				"up": {"uv": [0, 0, 0.075, 0.2], "texture": "#2"},
				"down": {"uv": [0, 0, 0.075, 0.2], "texture": "#2"}
			}
		},
		{
			"from": [16.9503, 5.53672, 4],
			"to": [17.0253, 5.63672, 4.2],
			"rotation": {"angle": 45, "axis": "z", "origin": [8.7253, -4.11328, 4.5]},
			"faces": {
				"north": {"uv": [0, 0, 0.075, 0.1], "texture": "#2"},
				"east": {"uv": [0, 0, 0.2, 0.1], "texture": "#2"},
				"south": {"uv": [0, 0, 0.075, 0.1], "texture": "#2"},
				"west": {"uv": [0, 0, 0.2, 0.1], "texture": "#2"},
				"up": {"uv": [0, 0, 0.075, 0.2], "texture": "#2"},
				"down": {"uv": [0, 0, 0.075, 0.2], "texture": "#2"}
			}
		},
		{
			"from": [7.7, 8.55, 4],
			"to": [8.3, 8.65, 4.2],
			"rotation": {"angle": 0, "axis": "y", "origin": [0, -1.1, 4.5]},
			"faces": {
				"north": {"uv": [0, 0, 0.6, 0.1], "texture": "#2"},
				"east": {"uv": [0, 0, 0.2, 0.1], "texture": "#2"},
				"south": {"uv": [0, 0, 0.6, 0.1], "texture": "#2"},
				"west": {"uv": [0, 0, 0.2, 0.1], "texture": "#2"},
				"up": {"uv": [0, 0, 0.6, 0.2], "texture": "#2"},
				"down": {"uv": [0, 0, 0.6, 0.2], "texture": "#2"}
			}
		},
		{
			"from": [3.81476, 17.22166, 4.4],
			"to": [3.88976, 17.32166, 4.6],
			"rotation": {"angle": -45, "axis": "z", "origin": [-4.41024, 7.57166, 4.9]},
			"faces": {
				"north": {"uv": [0, 0, 0.075, 0.1], "texture": "#2"},
				"east": {"uv": [0, 0, 0.2, 0.1], "texture": "#2"},
				"south": {"uv": [0, 0, 0.075, 0.1], "texture": "#2"},
				"west": {"uv": [0, 0, 0.2, 0.1], "texture": "#2"},
				"up": {"uv": [0, 0, 0.075, 0.2], "texture": "#2"},
				"down": {"uv": [0, 0, 0.075, 0.2], "texture": "#2"}
			}
		},
		{
			"from": [16.9503, 5.53672, 4.4],
			"to": [17.0253, 5.63672, 4.6],
			"rotation": {"angle": 45, "axis": "z", "origin": [8.7253, -4.11328, 4.9]},
			"faces": {
				"north": {"uv": [0, 0, 0.075, 0.1], "texture": "#2"},
				"east": {"uv": [0, 0, 0.2, 0.1], "texture": "#2"},
				"south": {"uv": [0, 0, 0.075, 0.1], "texture": "#2"},
				"west": {"uv": [0, 0, 0.2, 0.1], "texture": "#2"},
				"up": {"uv": [0, 0, 0.075, 0.2], "texture": "#2"},
				"down": {"uv": [0, 0, 0.075, 0.2], "texture": "#2"}
			}
		},
		{
			"from": [7.7, 8.55, 4.4],
			"to": [8.3, 8.65, 4.6],
			"rotation": {"angle": 0, "axis": "y", "origin": [0, -1.1, 4.9]},
			"faces": {
				"north": {"uv": [0, 0, 0.6, 0.1], "texture": "#2"},
				"east": {"uv": [0, 0, 0.2, 0.1], "texture": "#2"},
				"south": {"uv": [0, 0, 0.6, 0.1], "texture": "#2"},
				"west": {"uv": [0, 0, 0.2, 0.1], "texture": "#2"},
				"up": {"uv": [0, 0, 0.6, 0.2], "texture": "#2"},
				"down": {"uv": [0, 0, 0.6, 0.2], "texture": "#2"}
			}
		},
		{
			"from": [3.81476, 17.22166, 4.8],
			"to": [3.88976, 17.32166, 5],
			"rotation": {"angle": -45, "axis": "z", "origin": [-4.41024, 7.57166, 5.3]},
			"faces": {
				"north": {"uv": [0, 0, 0.075, 0.1], "texture": "#2"},
				"east": {"uv": [0, 0, 0.2, 0.1], "texture": "#2"},
				"south": {"uv": [0, 0, 0.075, 0.1], "texture": "#2"},
				"west": {"uv": [0, 0, 0.2, 0.1], "texture": "#2"},
				"up": {"uv": [0, 0, 0.075, 0.2], "texture": "#2"},
				"down": {"uv": [0, 0, 0.075, 0.2], "texture": "#2"}
			}
		},
		{
			"from": [16.9503, 5.53672, 4.8],
			"to": [17.0253, 5.63672, 5],
			"rotation": {"angle": 45, "axis": "z", "origin": [8.7253, -4.11328, 5.3]},
			"faces": {
				"north": {"uv": [0, 0, 0.075, 0.1], "texture": "#2"},
				"east": {"uv": [0, 0, 0.2, 0.1], "texture": "#2"},
				"south": {"uv": [0, 0, 0.075, 0.1], "texture": "#2"},
				"west": {"uv": [0, 0, 0.2, 0.1], "texture": "#2"},
				"up": {"uv": [0, 0, 0.075, 0.2], "texture": "#2"},
				"down": {"uv": [0, 0, 0.075, 0.2], "texture": "#2"}
			}
		},
		{
			"from": [7.7, 8.55, 4.8],
			"to": [8.3, 8.65, 5],
			"rotation": {"angle": 0, "axis": "y", "origin": [0, -1.1, 5.3]},
			"faces": {
				"north": {"uv": [0, 0, 0.6, 0.1], "texture": "#2"},
				"east": {"uv": [0, 0, 0.2, 0.1], "texture": "#2"},
				"south": {"uv": [0, 0, 0.6, 0.1], "texture": "#2"},
				"west": {"uv": [0, 0, 0.2, 0.1], "texture": "#2"},
				"up": {"uv": [0, 0, 0.6, 0.2], "texture": "#2"},
				"down": {"uv": [0, 0, 0.6, 0.2], "texture": "#2"}
			}
		},
		{
			"from": [3.81476, 17.22166, 5.2],
			"to": [3.88976, 17.32166, 5.4],
			"rotation": {"angle": -45, "axis": "z", "origin": [-4.41024, 7.57166, 5.7]},
			"faces": {
				"north": {"uv": [0, 0, 0.075, 0.1], "texture": "#2"},
				"east": {"uv": [0, 0, 0.2, 0.1], "texture": "#2"},
				"south": {"uv": [0, 0, 0.075, 0.1], "texture": "#2"},
				"west": {"uv": [0, 0, 0.2, 0.1], "texture": "#2"},
				"up": {"uv": [0, 0, 0.075, 0.2], "texture": "#2"},
				"down": {"uv": [0, 0, 0.075, 0.2], "texture": "#2"}
			}
		},
		{
			"from": [16.9503, 5.53672, 5.2],
			"to": [17.0253, 5.63672, 5.4],
			"rotation": {"angle": 45, "axis": "z", "origin": [8.7253, -4.11328, 5.7]},
			"faces": {
				"north": {"uv": [0, 0, 0.075, 0.1], "texture": "#2"},
				"east": {"uv": [0, 0, 0.2, 0.1], "texture": "#2"},
				"south": {"uv": [0, 0, 0.075, 0.1], "texture": "#2"},
				"west": {"uv": [0, 0, 0.2, 0.1], "texture": "#2"},
				"up": {"uv": [0, 0, 0.075, 0.2], "texture": "#2"},
				"down": {"uv": [0, 0, 0.075, 0.2], "texture": "#2"}
			}
		},
		{
			"from": [7.7, 8.55, 5.2],
			"to": [8.3, 8.65, 5.4],
			"rotation": {"angle": 0, "axis": "y", "origin": [0, -1.1, 5.7]},
			"faces": {
				"north": {"uv": [0, 0, 0.6, 0.1], "texture": "#2"},
				"east": {"uv": [0, 0, 0.2, 0.1], "texture": "#2"},
				"south": {"uv": [0, 0, 0.6, 0.1], "texture": "#2"},
				"west": {"uv": [0, 0, 0.2, 0.1], "texture": "#2"},
				"up": {"uv": [0, 0, 0.6, 0.2], "texture": "#2"},
				"down": {"uv": [0, 0, 0.6, 0.2], "texture": "#2"}
			}
		},
		{
			"from": [12.11024, 17.22166, 5.6],
			"to": [12.18524, 17.32166, 5.8],
			"rotation": {"angle": 45, "axis": "z", "origin": [20.41024, 7.57166, 5.3]},
			"faces": {
				"north": {"uv": [0, 0, 0.075, 0.1], "texture": "#2"},
				"east": {"uv": [0, 0, 0.2, 0.1], "texture": "#2"},
				"south": {"uv": [0, 0, 0.075, 0.1], "texture": "#2"},
				"west": {"uv": [0, 0, 0.2, 0.1], "texture": "#2"},
				"up": {"uv": [0, 0, 0.075, 0.2], "rotation": 180, "texture": "#2"},
				"down": {"uv": [0, 0, 0.075, 0.2], "rotation": 180, "texture": "#2"}
			}
		},
		{
			"from": [-1.0253, 5.53672, 5.6],
			"to": [-0.9503, 5.63672, 5.8],
			"rotation": {"angle": -45, "axis": "z", "origin": [7.2747, -4.11328, 5.3]},
			"faces": {
				"north": {"uv": [0, 0, 0.075, 0.1], "texture": "#2"},
				"east": {"uv": [0, 0, 0.2, 0.1], "texture": "#2"},
				"south": {"uv": [0, 0, 0.075, 0.1], "texture": "#2"},
				"west": {"uv": [0, 0, 0.2, 0.1], "texture": "#2"},
				"up": {"uv": [0, 0, 0.075, 0.2], "rotation": 180, "texture": "#2"},
				"down": {"uv": [0, 0, 0.075, 0.2], "rotation": 180, "texture": "#2"}
			}
		},
		{
			"from": [7.7, 8.55, 5.6],
			"to": [8.3, 8.65, 5.8],
			"rotation": {"angle": 0, "axis": "y", "origin": [16, -1.1, 5.3]},
			"faces": {
				"north": {"uv": [0, 0, 0.6, 0.1], "texture": "#2"},
				"east": {"uv": [0, 0, 0.2, 0.1], "texture": "#2"},
				"south": {"uv": [0, 0, 0.6, 0.1], "texture": "#2"},
				"west": {"uv": [0, 0, 0.2, 0.1], "texture": "#2"},
				"up": {"uv": [0, 0, 0.6, 0.2], "rotation": 180, "texture": "#2"},
				"down": {"uv": [0, 0, 0.6, 0.2], "rotation": 180, "texture": "#2"}
			}
		},
		{
			"from": [12.11024, 17.22166, 6],
			"to": [12.18524, 17.32166, 6.2],
			"rotation": {"angle": 45, "axis": "z", "origin": [20.41024, 7.57166, 5.7]},
			"faces": {
				"north": {"uv": [0, 0, 0.075, 0.1], "texture": "#2"},
				"east": {"uv": [0, 0, 0.2, 0.1], "texture": "#2"},
				"south": {"uv": [0, 0, 0.075, 0.1], "texture": "#2"},
				"west": {"uv": [0, 0, 0.2, 0.1], "texture": "#2"},
				"up": {"uv": [0, 0, 0.075, 0.2], "rotation": 180, "texture": "#2"},
				"down": {"uv": [0, 0, 0.075, 0.2], "rotation": 180, "texture": "#2"}
			}
		},
		{
			"from": [7.7, 8.55, 6],
			"to": [8.3, 8.65, 6.2],
			"rotation": {"angle": 0, "axis": "y", "origin": [16, -1.1, 5.7]},
			"faces": {
				"north": {"uv": [0, 0, 0.6, 0.1], "texture": "#2"},
				"east": {"uv": [0, 0, 0.2, 0.1], "texture": "#2"},
				"south": {"uv": [0, 0, 0.6, 0.1], "texture": "#2"},
				"west": {"uv": [0, 0, 0.2, 0.1], "texture": "#2"},
				"up": {"uv": [0, 0, 0.6, 0.2], "rotation": 180, "texture": "#2"},
				"down": {"uv": [0, 0, 0.6, 0.2], "rotation": 180, "texture": "#2"}
			}
		},
		{
			"from": [7.8, 8.65, 6],
			"to": [8.2, 8.85, 6.2],
			"rotation": {"angle": 0, "axis": "y", "origin": [16, -1.1, 5.7]},
			"faces": {
				"north": {"uv": [0, 0, 0.6, 0.1], "texture": "#2"},
				"east": {"uv": [0, 0, 0.2, 0.1], "texture": "#2"},
				"south": {"uv": [0, 0, 0.6, 0.1], "texture": "#2"},
				"west": {"uv": [0, 0, 0.2, 0.1], "texture": "#2"},
				"up": {"uv": [0, 0, 0.6, 0.2], "rotation": 180, "texture": "#2"},
				"down": {"uv": [0, 0, 0.6, 0.2], "rotation": 180, "texture": "#2"}
			}
		},
		{
			"from": [7.9, 8.85, 6],
			"to": [8.1, 9.25, 6.2],
			"rotation": {"angle": 0, "axis": "y", "origin": [16, -1.1, 5.7]},
			"faces": {
				"north": {"uv": [0, 0, 0.6, 0.1], "texture": "#2"},
				"east": {"uv": [0, 0, 0.2, 0.1], "texture": "#2"},
				"south": {"uv": [0, 0, 0.6, 0.1], "texture": "#2"},
				"west": {"uv": [0, 0, 0.2, 0.1], "texture": "#2"},
				"up": {"uv": [0, 0, 0.6, 0.2], "rotation": 180, "texture": "#2"},
				"down": {"uv": [0, 0, 0.6, 0.2], "rotation": 180, "texture": "#2"}
			}
		},
		{
			"from": [7.98108, 8.79651, 6],
			"to": [8.13108, 9.09651, 6.2],
			"rotation": {"angle": 22.5, "axis": "z", "origin": [8.03108, 8.99651, 6.1]},
			"faces": {
				"north": {"uv": [0, 0, 0.6, 0.1], "texture": "#2"},
				"east": {"uv": [0, 0, 0.2, 0.1], "texture": "#2"},
				"south": {"uv": [0, 0, 0.6, 0.1], "texture": "#2"},
				"west": {"uv": [0, 0, 0.2, 0.1], "texture": "#2"},
				"up": {"uv": [0, 0, 0.6, 0.2], "rotation": 180, "texture": "#2"},
				"down": {"uv": [0, 0, 0.6, 0.2], "rotation": 180, "texture": "#2"}
			}
		},
		{
			"from": [7.85169, 8.80988, 6],
			"to": [8.00169, 9.10988, 6.2],
			"rotation": {"angle": -22.5, "axis": "z", "origin": [7.92669, 8.95988, 6.1]},
			"faces": {
				"north": {"uv": [0, 0, 0.6, 0.1], "texture": "#2"},
				"east": {"uv": [0, 0, 0.2, 0.1], "texture": "#2"},
				"south": {"uv": [0, 0, 0.6, 0.1], "texture": "#2"},
				"west": {"uv": [0, 0, 0.2, 0.1], "texture": "#2"},
				"up": {"uv": [0, 0, 0.6, 0.2], "rotation": 180, "texture": "#2"},
				"down": {"uv": [0, 0, 0.6, 0.2], "rotation": 180, "texture": "#2"}
			}
		},
		{
			"from": [7.85169, 8.80988, 0.4],
			"to": [8.00169, 9.10988, 0.6],
			"rotation": {"angle": -22.5, "axis": "z", "origin": [7.92669, 8.95988, 0.5]},
			"faces": {
				"north": {"uv": [0, 0, 0.6, 0.1], "texture": "#2"},
				"east": {"uv": [0, 0, 0.2, 0.1], "texture": "#2"},
				"south": {"uv": [0, 0, 0.6, 0.1], "texture": "#2"},
				"west": {"uv": [0, 0, 0.2, 0.1], "texture": "#2"},
				"up": {"uv": [0, 0, 0.6, 0.2], "rotation": 180, "texture": "#2"},
				"down": {"uv": [0, 0, 0.6, 0.2], "rotation": 180, "texture": "#2"}
			}
		},
		{
			"from": [7.98108, 8.79651, 0.4],
			"to": [8.13108, 9.09651, 0.6],
			"rotation": {"angle": 22.5, "axis": "z", "origin": [8.03108, 8.99651, 0.5]},
			"faces": {
				"north": {"uv": [0, 0, 0.6, 0.1], "texture": "#2"},
				"east": {"uv": [0, 0, 0.2, 0.1], "texture": "#2"},
				"south": {"uv": [0, 0, 0.6, 0.1], "texture": "#2"},
				"west": {"uv": [0, 0, 0.2, 0.1], "texture": "#2"},
				"up": {"uv": [0, 0, 0.6, 0.2], "rotation": 180, "texture": "#2"},
				"down": {"uv": [0, 0, 0.6, 0.2], "rotation": 180, "texture": "#2"}
			}
		},
		{
			"from": [7.9, 8.85, 0.4],
			"to": [8.1, 9.25, 0.6],
			"rotation": {"angle": 0, "axis": "y", "origin": [16, -1.1, 5.7]},
			"faces": {
				"north": {"uv": [0, 0, 0.6, 0.1], "texture": "#2"},
				"east": {"uv": [0, 0, 0.2, 0.1], "texture": "#2"},
				"south": {"uv": [0, 0, 0.6, 0.1], "texture": "#2"},
				"west": {"uv": [0, 0, 0.2, 0.1], "texture": "#2"},
				"up": {"uv": [0, 0, 0.6, 0.2], "rotation": 180, "texture": "#2"},
				"down": {"uv": [0, 0, 0.6, 0.2], "rotation": 180, "texture": "#2"}
			}
		},
		{
			"from": [7.975, 9.25, 0.475],
			"to": [8.025, 9.45, 0.6],
			"rotation": {"angle": 0, "axis": "y", "origin": [16, -1.1, 5.7]},
			"faces": {
				"north": {"uv": [0, 0, 0.6, 0.1], "texture": "#2"},
				"east": {"uv": [0, 0, 0.2, 0.1], "texture": "#2"},
				"south": {"uv": [0, 0, 0.6, 0.1], "texture": "#2"},
				"west": {"uv": [0, 0, 0.2, 0.1], "texture": "#2"},
				"up": {"uv": [0, 0, 0.6, 0.2], "rotation": 180, "texture": "#2"},
				"down": {"uv": [0, 0, 0.6, 0.2], "rotation": 180, "texture": "#2"}
			}
		},
		{
			"from": [7.975, 9.21847, 0.43351],
			"to": [8.025, 9.41847, 0.55851],
			"rotation": {"angle": 22.5, "axis": "x", "origin": [7.925, 9.31847, 0.49601]},
			"faces": {
				"north": {"uv": [0, 0, 0.6, 0.1], "texture": "#2"},
				"east": {"uv": [0, 0, 0.2, 0.1], "texture": "#2"},
				"south": {"uv": [0, 0, 0.6, 0.1], "texture": "#2"},
				"west": {"uv": [0, 0, 0.2, 0.1], "texture": "#2"},
				"up": {"uv": [0, 0, 0.6, 0.2], "rotation": 180, "texture": "#2"},
				"down": {"uv": [0, 0, 0.6, 0.2], "rotation": 180, "texture": "#2"}
			}
		},
		{
			"from": [7.8, 8.65, 0.4],
			"to": [8.2, 8.85, 0.6],
			"rotation": {"angle": 0, "axis": "y", "origin": [16, -1.1, 5.7]},
			"faces": {
				"north": {"uv": [0, 0, 0.6, 0.1], "texture": "#2"},
				"east": {"uv": [0, 0, 0.2, 0.1], "texture": "#2"},
				"south": {"uv": [0, 0, 0.6, 0.1], "texture": "#2"},
				"west": {"uv": [0, 0, 0.2, 0.1], "texture": "#2"},
				"up": {"uv": [0, 0, 0.6, 0.2], "rotation": 180, "texture": "#2"},
				"down": {"uv": [0, 0, 0.6, 0.2], "rotation": 180, "texture": "#2"}
			}
		},
		{
			"from": [7.7, 8.55, 6.4],
			"to": [8.3, 8.675, 6.8],
			"rotation": {"angle": 0, "axis": "y", "origin": [16, -1.1, 5.7]},
			"faces": {
				"north": {"uv": [0, 0, 0.6, 0.1], "texture": "#2"},
				"east": {"uv": [0, 0, 0.2, 0.1], "texture": "#2"},
				"south": {"uv": [0, 0, 0.6, 0.1], "texture": "#2"},
				"west": {"uv": [0, 0, 0.2, 0.1], "texture": "#2"},
				"up": {"uv": [0, 0, 0.6, 0.2], "rotation": 180, "texture": "#2"},
				"down": {"uv": [0, 0, 0.6, 0.2], "rotation": 180, "texture": "#2"}
			}
		},
		{
			"from": [-1.0253, 5.53672, 6],
			"to": [-0.9503, 5.63672, 6.2],
			"rotation": {"angle": -45, "axis": "z", "origin": [7.2747, -4.11328, 5.7]},
			"faces": {
				"north": {"uv": [0, 0, 0.075, 0.1], "texture": "#2"},
				"east": {"uv": [0, 0, 0.2, 0.1], "texture": "#2"},
				"south": {"uv": [0, 0, 0.075, 0.1], "texture": "#2"},
				"west": {"uv": [0, 0, 0.2, 0.1], "texture": "#2"},
				"up": {"uv": [0, 0, 0.075, 0.2], "rotation": 180, "texture": "#2"},
				"down": {"uv": [0, 0, 0.075, 0.2], "rotation": 180, "texture": "#2"}
			}
		},
		{
			"from": [7.55, 7.7, 3.2],
			"to": [8.45, 8.4, 7],
			"faces": {
				"north": {"uv": [0, 0, 0.9, 0.7], "texture": "#1"},
				"east": {"uv": [0, 0, 3.8, 0.7], "texture": "#1"},
				"south": {"uv": [0, 0, 0.9, 0.7], "texture": "#1"},
				"west": {"uv": [0, 0, 3.8, 0.7], "texture": "#1"},
				"up": {"uv": [0, 0, 0.9, 3.8], "texture": "#1"},
				"down": {"uv": [0, 0, 0.9, 3.8], "texture": "#1"}
			}
		},
		{
			"from": [7.62273, 7.53436, 3.2],
			"to": [7.72273, 7.73436, 7],
			"rotation": {"angle": 22.5, "axis": "z", "origin": [7.67273, 7.53436, 4.7]},
			"faces": {
				"north": {"uv": [0, 0, 0.1, 0.2], "texture": "#1"},
				"east": {"uv": [0, 0, 3.8, 0.2], "texture": "#1"},
				"south": {"uv": [0, 0, 0.1, 0.2], "texture": "#1"},
				"west": {"uv": [0, 0, 3.8, 0.2], "texture": "#1"},
				"up": {"uv": [0, 0, 0.1, 3.8], "texture": "#1"},
				"down": {"uv": [0, 0, 0.1, 3.8], "texture": "#1"}
			}
		},
		{
			"from": [8.42951, 8.29972, 3.2],
			"to": [8.52951, 8.49972, 7],
			"rotation": {"angle": -22.5, "axis": "z", "origin": [6.47951, 8.29972, 4.7]},
			"faces": {
				"north": {"uv": [0, 0, 0.1, 0.2], "texture": "#1"},
				"east": {"uv": [0, 0, 3.8, 0.2], "texture": "#1"},
				"south": {"uv": [0, 0, 0.1, 0.2], "texture": "#1"},
				"west": {"uv": [0, 0, 3.8, 0.2], "texture": "#1"},
				"up": {"uv": [0, 0, 0.1, 3.8], "texture": "#1"},
				"down": {"uv": [0, 0, 0.1, 3.8], "texture": "#1"}
			}
		},
		{
			"from": [7.6, 7.5, 3.2],
			"to": [8.4, 7.7, 6.2],
			"faces": {
				"north": {"uv": [0, 0, 0.8, 0.2], "texture": "#1"},
				"east": {"uv": [0, 0, 3, 0.2], "texture": "#1"},
				"south": {"uv": [0, 0, 0.8, 0.2], "texture": "#1"},
				"west": {"uv": [0, 0, 3, 0.2], "texture": "#1"},
				"up": {"uv": [0, 0, 0.8, 3], "texture": "#1"},
				"down": {"uv": [0, 0, 0.8, 3], "texture": "#1"}
			}
		},
		{
			"from": [7.6, 8.06641, 2.82745],
			"to": [8.4, 8.26641, 3.35245],
			"rotation": {"angle": 22.5, "axis": "x", "origin": [8, 8.16641, 1.85245]},
			"faces": {
				"north": {"uv": [0, 0, 0.8, 0.2], "texture": "#1"},
				"east": {"uv": [0, 0, 0.525, 0.2], "texture": "#1"},
				"south": {"uv": [0, 0, 0.8, 0.2], "texture": "#1"},
				"west": {"uv": [0, 0, 0.525, 0.2], "texture": "#1"},
				"up": {"uv": [0, 0, 0.8, 0.525], "texture": "#1"},
				"down": {"uv": [0, 0, 0.8, 0.525], "texture": "#1"}
			}
		},
		{
			"from": [7.77175, 8.76464, 3.2],
			"to": [8.07175, 8.86464, 7],
			"rotation": {"angle": 45, "axis": "z", "origin": [8.22175, 8.36464, 4.7]},
			"faces": {
				"north": {"uv": [0, 0, 0.1, 0.3], "rotation": 270, "texture": "#1"},
				"east": {"uv": [0, 0, 0.1, 3.8], "rotation": 90, "texture": "#1"},
				"south": {"uv": [0, 0, 0.1, 0.3], "rotation": 90, "texture": "#1"},
				"west": {"uv": [0, 0, 0.1, 3.8], "rotation": 90, "texture": "#1"},
				"up": {"uv": [0, 0, 3.8, 0.3], "rotation": 90, "texture": "#1"},
				"down": {"uv": [0, 0, 3.8, 0.3], "rotation": 90, "texture": "#1"}
			}
		},
		{
			"from": [7.75251, 8.34038, 3.2],
			"to": [8.05251, 8.44038, 7],
			"rotation": {"angle": -45, "axis": "z", "origin": [8.20251, 7.94038, 4.7]},
			"faces": {
				"north": {"uv": [0, 0, 0.1, 0.3], "rotation": 270, "texture": "#1"},
				"east": {"uv": [0, 0, 0.1, 3.8], "rotation": 90, "texture": "#1"},
				"south": {"uv": [0, 0, 0.1, 0.3], "rotation": 90, "texture": "#1"},
				"west": {"uv": [0, 0, 0.1, 3.8], "rotation": 90, "texture": "#1"},
				"up": {"uv": [0, 0, 3.8, 0.3], "rotation": 90, "texture": "#1"},
				"down": {"uv": [0, 0, 3.8, 0.3], "rotation": 90, "texture": "#1"}
			}
		},
		{
			"name": "hexadecagon",
			"from": [7.575, 7.98011, 2.1],
			"to": [7.775, 8.01989, 9.1],
			"rotation": {"angle": -45, "axis": "z", "origin": [7.675, 8, 7.1]},
			"faces": {
				"north": {"uv": [0, 0, 1, 1], "texture": "#2"},
				"east": {"uv": [0, 0, 1, 1], "texture": "#2"},
				"south": {"uv": [0, 0, 1, 1], "texture": "#2"},
				"west": {"uv": [0, 0, 1, 1], "texture": "#2"},
				"up": {"uv": [0, 0, 1, 1], "rotation": 90, "texture": "#2"},
				"down": {"uv": [0, 0, 1, 1], "rotation": 270, "texture": "#2"}
			}
		},
		{
			"name": "hexadecagon",
			"from": [7.575, 7.98011, 2.1],
			"to": [7.775, 8.01989, 9.1],
			"rotation": {"angle": -22.5, "axis": "z", "origin": [7.675, 8, 7.1]},
			"faces": {
				"north": {"uv": [0, 0, 1, 1], "texture": "#2"},
				"east": {"uv": [0, 0, 1, 1], "texture": "#2"},
				"south": {"uv": [0, 0, 1, 1], "texture": "#2"},
				"west": {"uv": [0, 0, 1, 1], "texture": "#2"},
				"up": {"uv": [0, 0, 1, 1], "rotation": 90, "texture": "#2"},
				"down": {"uv": [0, 0, 1, 1], "rotation": 270, "texture": "#2"}
			}
		},
		{
			"name": "hexadecagon",
			"from": [7.575, 7.98011, 2.1],
			"to": [7.775, 8.01989, 9.1],
			"rotation": {"angle": 0, "axis": "y", "origin": [7.675, 8, 7.1]},
			"faces": {
				"north": {"uv": [0, 0, 1, 1], "texture": "#2"},
				"east": {"uv": [0, 0, 1, 1], "texture": "#2"},
				"south": {"uv": [0, 0, 1, 1], "texture": "#2"},
				"west": {"uv": [0, 0, 1, 1], "texture": "#2"},
				"up": {"uv": [0, 0, 1, 1], "rotation": 90, "texture": "#2"},
				"down": {"uv": [0, 0, 1, 1], "rotation": 270, "texture": "#2"}
			}
		},
		{
			"name": "hexadecagon",
			"from": [7.575, 7.98011, 2.1],
			"to": [7.775, 8.01989, 9.1],
			"rotation": {"angle": 22.5, "axis": "z", "origin": [7.675, 8, 7.1]},
			"faces": {
				"north": {"uv": [0, 0, 1, 1], "texture": "#2"},
				"east": {"uv": [0, 0, 1, 1], "texture": "#2"},
				"south": {"uv": [0, 0, 1, 1], "texture": "#2"},
				"west": {"uv": [0, 0, 1, 1], "texture": "#2"},
				"up": {"uv": [0, 0, 1, 1], "rotation": 90, "texture": "#2"},
				"down": {"uv": [0, 0, 1, 1], "rotation": 270, "texture": "#2"}
			}
		},
		{
			"name": "hexadecagon",
			"from": [7.575, 7.98011, 2.1],
			"to": [7.775, 8.01989, 9.1],
			"rotation": {"angle": 45, "axis": "z", "origin": [7.675, 8, 7.1]},
			"faces": {
				"north": {"uv": [0, 0, 1, 1], "texture": "#2"},
				"east": {"uv": [0, 0, 1, 1], "texture": "#2"},
				"south": {"uv": [0, 0, 1, 1], "texture": "#2"},
				"west": {"uv": [0, 0, 1, 1], "texture": "#2"},
				"up": {"uv": [0, 0, 1, 1], "rotation": 90, "texture": "#2"},
				"down": {"uv": [0, 0, 1, 1], "rotation": 270, "texture": "#2"}
			}
		},
		{
			"name": "hexadecagon",
			"from": [7.65511, 7.9, 2.1],
			"to": [7.69489, 8.1, 9.1],
			"rotation": {"angle": -22.5, "axis": "z", "origin": [7.675, 8, 7.1]},
			"faces": {
				"north": {"uv": [0, 0, 1, 1], "texture": "#2"},
				"east": {"uv": [0, 0, 1, 1], "texture": "#2"},
				"south": {"uv": [0, 0, 1, 1], "texture": "#2"},
				"west": {"uv": [0, 0, 1, 1], "texture": "#2"},
				"up": {"uv": [0, 0, 1, 1], "rotation": 90, "texture": "#2"},
				"down": {"uv": [0, 0, 1, 1], "rotation": 270, "texture": "#2"}
			}
		},
		{
			"name": "hexadecagon",
			"from": [7.65511, 7.9, 2.1],
			"to": [7.69489, 8.1, 9.1],
			"rotation": {"angle": 0, "axis": "y", "origin": [7.675, 8, 7.1]},
			"faces": {
				"north": {"uv": [0, 0, 1, 1], "texture": "#2"},
				"east": {"uv": [0, 0, 1, 1], "texture": "#2"},
				"south": {"uv": [0, 0, 1, 1], "texture": "#2"},
				"west": {"uv": [0, 0, 1, 1], "texture": "#2"},
				"up": {"uv": [0, 0, 1, 1], "rotation": 90, "texture": "#2"},
				"down": {"uv": [0, 0, 1, 1], "rotation": 270, "texture": "#2"}
			}
		},
		{
			"name": "hexadecagon",
			"from": [7.65511, 7.9, 2.1],
			"to": [7.69489, 8.1, 9.1],
			"rotation": {"angle": 22.5, "axis": "z", "origin": [7.675, 8, 7.1]},
			"faces": {
				"north": {"uv": [0, 0, 1, 1], "texture": "#2"},
				"east": {"uv": [0, 0, 1, 1], "texture": "#2"},
				"south": {"uv": [0, 0, 1, 1], "texture": "#2"},
				"west": {"uv": [0, 0, 1, 1], "texture": "#2"},
				"up": {"uv": [0, 0, 1, 1], "rotation": 90, "texture": "#2"},
				"down": {"uv": [0, 0, 1, 1], "rotation": 270, "texture": "#2"}
			}
		},
		{
			"name": "hexadecagon",
			"from": [8.225, 7.98011, 2.1],
			"to": [8.425, 8.01989, 9.1],
			"rotation": {"angle": -45, "axis": "z", "origin": [8.325, 8, 7.1]},
			"faces": {
				"north": {"uv": [0, 0, 1, 1], "texture": "#2"},
				"east": {"uv": [0, 0, 1, 1], "texture": "#2"},
				"south": {"uv": [0, 0, 1, 1], "texture": "#2"},
				"west": {"uv": [0, 0, 1, 1], "texture": "#2"},
				"up": {"uv": [0, 0, 1, 1], "rotation": 90, "texture": "#2"},
				"down": {"uv": [0, 0, 1, 1], "rotation": 270, "texture": "#2"}
			}
		},
		{
			"name": "hexadecagon",
			"from": [8.225, 7.98011, 2.1],
			"to": [8.425, 8.01989, 9.1],
			"rotation": {"angle": -22.5, "axis": "z", "origin": [8.325, 8, 7.1]},
			"faces": {
				"north": {"uv": [0, 0, 1, 1], "texture": "#2"},
				"east": {"uv": [0, 0, 1, 1], "texture": "#2"},
				"south": {"uv": [0, 0, 1, 1], "texture": "#2"},
				"west": {"uv": [0, 0, 1, 1], "texture": "#2"},
				"up": {"uv": [0, 0, 1, 1], "rotation": 90, "texture": "#2"},
				"down": {"uv": [0, 0, 1, 1], "rotation": 270, "texture": "#2"}
			}
		},
		{
			"name": "hexadecagon",
			"from": [8.225, 7.98011, 2.1],
			"to": [8.425, 8.01989, 9.1],
			"rotation": {"angle": 0, "axis": "y", "origin": [8.325, 8, 7.1]},
			"faces": {
				"north": {"uv": [0, 0, 1, 1], "texture": "#2"},
				"east": {"uv": [0, 0, 1, 1], "texture": "#2"},
				"south": {"uv": [0, 0, 1, 1], "texture": "#2"},
				"west": {"uv": [0, 0, 1, 1], "texture": "#2"},
				"up": {"uv": [0, 0, 1, 1], "rotation": 90, "texture": "#2"},
				"down": {"uv": [0, 0, 1, 1], "rotation": 270, "texture": "#2"}
			}
		},
		{
			"name": "hexadecagon",
			"from": [8.225, 7.98011, 2.1],
			"to": [8.425, 8.01989, 9.1],
			"rotation": {"angle": 22.5, "axis": "z", "origin": [8.325, 8, 7.1]},
			"faces": {
				"north": {"uv": [0, 0, 1, 1], "texture": "#2"},
				"east": {"uv": [0, 0, 1, 1], "texture": "#2"},
				"south": {"uv": [0, 0, 1, 1], "texture": "#2"},
				"west": {"uv": [0, 0, 1, 1], "texture": "#2"},
				"up": {"uv": [0, 0, 1, 1], "rotation": 90, "texture": "#2"},
				"down": {"uv": [0, 0, 1, 1], "rotation": 270, "texture": "#2"}
			}
		},
		{
			"name": "hexadecagon",
			"from": [8.225, 7.98011, 2.1],
			"to": [8.425, 8.01989, 9.1],
			"rotation": {"angle": 45, "axis": "z", "origin": [8.325, 8, 7.1]},
			"faces": {
				"north": {"uv": [0, 0, 1, 1], "texture": "#2"},
				"east": {"uv": [0, 0, 1, 1], "texture": "#2"},
				"south": {"uv": [0, 0, 1, 1], "texture": "#2"},
				"west": {"uv": [0, 0, 1, 1], "texture": "#2"},
				"up": {"uv": [0, 0, 1, 1], "rotation": 90, "texture": "#2"},
				"down": {"uv": [0, 0, 1, 1], "rotation": 270, "texture": "#2"}
			}
		},
		{
			"name": "hexadecagon",
			"from": [8.30511, 7.9, 2.1],
			"to": [8.34489, 8.1, 9.1],
			"rotation": {"angle": -22.5, "axis": "z", "origin": [8.325, 8, 7.1]},
			"faces": {
				"north": {"uv": [0, 0, 1, 1], "texture": "#2"},
				"east": {"uv": [0, 0, 1, 1], "texture": "#2"},
				"south": {"uv": [0, 0, 1, 1], "texture": "#2"},
				"west": {"uv": [0, 0, 1, 1], "texture": "#2"},
				"up": {"uv": [0, 0, 1, 1], "rotation": 90, "texture": "#2"},
				"down": {"uv": [0, 0, 1, 1], "rotation": 270, "texture": "#2"}
			}
		},
		{
			"name": "hexadecagon",
			"from": [8.30511, 7.9, 2.1],
			"to": [8.34489, 8.1, 9.1],
			"rotation": {"angle": 0, "axis": "y", "origin": [8.325, 8, 7.1]},
			"faces": {
				"north": {"uv": [0, 0, 1, 1], "texture": "#2"},
				"east": {"uv": [0, 0, 1, 1], "texture": "#2"},
				"south": {"uv": [0, 0, 1, 1], "texture": "#2"},
				"west": {"uv": [0, 0, 1, 1], "texture": "#2"},
				"up": {"uv": [0, 0, 1, 1], "rotation": 90, "texture": "#2"},
				"down": {"uv": [0, 0, 1, 1], "rotation": 270, "texture": "#2"}
			}
		},
		{
			"name": "hexadecagon",
			"from": [8.30511, 7.9, 2.1],
			"to": [8.34489, 8.1, 9.1],
			"rotation": {"angle": 22.5, "axis": "z", "origin": [8.325, 8, 7.1]},
			"faces": {
				"north": {"uv": [0, 0, 1, 1], "texture": "#2"},
				"east": {"uv": [0, 0, 1, 1], "texture": "#2"},
				"south": {"uv": [0, 0, 1, 1], "texture": "#2"},
				"west": {"uv": [0, 0, 1, 1], "texture": "#2"},
				"up": {"uv": [0, 0, 1, 1], "rotation": 90, "texture": "#2"},
				"down": {"uv": [0, 0, 1, 1], "rotation": 270, "texture": "#2"}
			}
		},
		{
			"from": [7.5, 6.4, 9.1],
			"to": [7.7, 8.5, 9.5],
			"faces": {
				"north": {"uv": [0, 0, 0.2, 2.1], "texture": "#2"},
				"east": {"uv": [0, 0, 0.4, 2.1], "texture": "#2"},
				"south": {"uv": [0, 0, 0.2, 2.1], "texture": "#2"},
				"west": {"uv": [0, 0, 0.4, 2.1], "texture": "#2"},
				"up": {"uv": [0, 0, 0.2, 0.4], "texture": "#2"},
				"down": {"uv": [0, 0, 0.2, 0.4], "texture": "#2"}
			}
		},
		{
			"from": [7.5, 7.7, 9.1],
			"to": [8.5, 8.5, 9.5],
			"faces": {
				"north": {"uv": [0, 0, 1, 0.8], "texture": "#2"},
				"east": {"uv": [0, 0, 0.4, 0.8], "texture": "#2"},
				"south": {"uv": [0, 0, 1, 0.8], "texture": "#2"},
				"west": {"uv": [0, 0, 0.4, 0.8], "texture": "#2"},
				"up": {"uv": [0, 0, 1, 0.4], "texture": "#2"},
				"down": {"uv": [0, 0, 1, 0.4], "texture": "#2"}
			}
		},
		{
			"from": [8.3, 6.4, 9.1],
			"to": [8.5, 8.5, 9.5],
			"faces": {
				"north": {"uv": [0, 0, 0.2, 2.1], "texture": "#2"},
				"east": {"uv": [0, 0, 0.4, 2.1], "texture": "#2"},
				"south": {"uv": [0, 0, 0.2, 2.1], "texture": "#2"},
				"west": {"uv": [0, 0, 0.4, 2.1], "texture": "#2"},
				"up": {"uv": [0, 0, 0.2, 0.4], "texture": "#2"},
				"down": {"uv": [0, 0, 0.2, 0.4], "texture": "#2"}
			}
		},
		{
			"from": [7.92095, 5.38373, 9.1],
			"to": [8.02095, 5.48373, 9.5],
			"rotation": {"angle": 0, "axis": "y", "origin": [-0.07905, -0.01627, 0]},
			"faces": {
				"north": {"uv": [0, 0, 0.1, 0.1], "texture": "#2"},
				"east": {"uv": [0, 0, 0.4, 0.1], "texture": "#2"},
				"south": {"uv": [0, 0, 0.1, 0.1], "texture": "#2"},
				"west": {"uv": [0, 0, 0.4, 0.1], "texture": "#2"},
				"up": {"uv": [0, 0, 0.1, 0.4], "texture": "#2"},
				"down": {"uv": [0, 0, 0.1, 0.4], "texture": "#2"}
			}
		},
		{
			"from": [7.97905, 5.38373, 9.1],
			"to": [8.07905, 5.48373, 9.5],
			"rotation": {"angle": 0, "axis": "y", "origin": [-0.02095, -0.01627, 0]},
			"faces": {
				"north": {"uv": [0, 0, 0.1, 0.1], "texture": "#2"},
				"east": {"uv": [0, 0, 0.4, 0.1], "texture": "#2"},
				"south": {"uv": [0, 0, 0.1, 0.1], "texture": "#2"},
				"west": {"uv": [0, 0, 0.4, 0.1], "texture": "#2"},
				"up": {"uv": [0, 0, 0.1, 0.4], "texture": "#2"},
				"down": {"uv": [0, 0, 0.1, 0.4], "texture": "#2"}
			}
		},
		{
			"from": [7.86376, 5.57127, 9.1],
			"to": [8.06376, 6.67127, 9.5],
			"rotation": {"angle": 22.5, "axis": "z", "origin": [8.36376, 5.62127, 9.3]},
			"faces": {
				"north": {"uv": [0, 0, 0.2, 1.1], "texture": "#2"},
				"east": {"uv": [0, 0, 0.4, 1.1], "texture": "#2"},
				"south": {"uv": [0, 0, 0.2, 1.1], "texture": "#2"},
				"west": {"uv": [0, 0, 0.4, 1.1], "texture": "#2"},
				"up": {"uv": [0, 0, 0.2, 0.4], "texture": "#2"},
				"down": {"uv": [0, 0, 0.2, 0.4], "texture": "#2"}
			}
		},
		{
			"from": [7.87535, 5.26512, 9.1],
			"to": [8.07535, 6.36512, 9.5],
			"rotation": {"angle": -22.5, "axis": "z", "origin": [8.37535, 5.31512, 9.3]},
			"faces": {
				"north": {"uv": [0, 0, 0.2, 1.1], "texture": "#2"},
				"east": {"uv": [0, 0, 0.4, 1.1], "texture": "#2"},
				"south": {"uv": [0, 0, 0.2, 1.1], "texture": "#2"},
				"west": {"uv": [0, 0, 0.4, 1.1], "texture": "#2"},
				"up": {"uv": [0, 0, 0.2, 0.4], "texture": "#2"},
				"down": {"uv": [0, 0, 0.2, 0.4], "texture": "#2"}
			}
		},
		{
			"name": "hexadecagon",
			"from": [7.95027, 9.575, 6],
			"to": [8.04973, 9.675, 6.2],
			"rotation": {"angle": 0, "axis": "y", "origin": [8, 9.425, 3.2]},
			"faces": {
				"north": {"uv": [0, 0, 1, 1], "texture": "#2"},
				"east": {"uv": [0, 0, 1, 1], "texture": "#2"},
				"south": {"uv": [0, 0, 1, 1], "texture": "#2"},
				"west": {"uv": [0, 0, 1, 1], "texture": "#2"},
				"up": {"uv": [0, 0, 1, 1], "rotation": 90, "texture": "#2"},
				"down": {"uv": [0, 0, 1, 1], "rotation": 270, "texture": "#2"}
			}
		},
		{
			"name": "hexadecagon",
			"from": [7.95027, 9.575, 6],
			"to": [8.04973, 9.675, 6.2],
			"rotation": {"angle": 22.5, "axis": "z", "origin": [8, 9.425, 3.2]},
			"faces": {
				"north": {"uv": [0, 0, 1, 1], "texture": "#2"},
				"east": {"uv": [0, 0, 1, 1], "texture": "#2"},
				"south": {"uv": [0, 0, 1, 1], "texture": "#2"},
				"west": {"uv": [0, 0, 1, 1], "texture": "#2"},
				"up": {"uv": [0, 0, 1, 1], "rotation": 90, "texture": "#2"},
				"down": {"uv": [0, 0, 1, 1], "rotation": 270, "texture": "#2"}
			}
		},
		{
			"name": "hexadecagon",
			"from": [7.95027, 9.575, 6],
			"to": [8.04973, 9.675, 6.2],
			"rotation": {"angle": 45, "axis": "z", "origin": [8, 9.425, 3.2]},
			"faces": {
				"north": {"uv": [0, 0, 1, 1], "texture": "#2"},
				"east": {"uv": [0, 0, 1, 1], "texture": "#2"},
				"south": {"uv": [0, 0, 1, 1], "texture": "#2"},
				"west": {"uv": [0, 0, 1, 1], "texture": "#2"},
				"up": {"uv": [0, 0, 1, 1], "rotation": 90, "texture": "#2"},
				"down": {"uv": [0, 0, 1, 1], "rotation": 270, "texture": "#2"}
			}
		},
		{
			"name": "hexadecagon",
			"from": [7.75, 9.37527, 6],
			"to": [7.85, 9.47473, 6.2],
			"rotation": {"angle": -22.5, "axis": "z", "origin": [8, 9.425, 3.2]},
			"faces": {
				"north": {"uv": [0, 0, 1, 1], "rotation": 90, "texture": "#2"},
				"east": {"uv": [0, 0, 1, 1], "rotation": 180, "texture": "#2"},
				"south": {"uv": [0, 0, 1, 1], "rotation": 270, "texture": "#2"},
				"west": {"uv": [0, 0, 1, 1], "texture": "#2"},
				"up": {"uv": [0, 0, 1, 1], "rotation": 270, "texture": "#2"},
				"down": {"uv": [0, 0, 1, 1], "rotation": 270, "texture": "#2"}
			}
		},
		{
			"name": "hexadecagon",
			"from": [7.75, 9.37527, 6],
			"to": [7.85, 9.47473, 6.2],
			"rotation": {"angle": 0, "axis": "y", "origin": [8, 9.425, 3.2]},
			"faces": {
				"north": {"uv": [0, 0, 1, 1], "rotation": 90, "texture": "#2"},
				"east": {"uv": [0, 0, 1, 1], "rotation": 180, "texture": "#2"},
				"south": {"uv": [0, 0, 1, 1], "rotation": 270, "texture": "#2"},
				"west": {"uv": [0, 0, 1, 1], "texture": "#2"},
				"up": {"uv": [0, 0, 1, 1], "rotation": 270, "texture": "#2"},
				"down": {"uv": [0, 0, 1, 1], "rotation": 270, "texture": "#2"}
			}
		},
		{
			"name": "hexadecagon",
			"from": [7.75, 9.37527, 6],
			"to": [7.85, 9.47473, 6.2],
			"rotation": {"angle": 22.5, "axis": "z", "origin": [8, 9.425, 3.2]},
			"faces": {
				"north": {"uv": [0, 0, 1, 1], "rotation": 90, "texture": "#2"},
				"east": {"uv": [0, 0, 1, 1], "rotation": 180, "texture": "#2"},
				"south": {"uv": [0, 0, 1, 1], "rotation": 270, "texture": "#2"},
				"west": {"uv": [0, 0, 1, 1], "texture": "#2"},
				"up": {"uv": [0, 0, 1, 1], "rotation": 270, "texture": "#2"},
				"down": {"uv": [0, 0, 1, 1], "rotation": 270, "texture": "#2"}
			}
		},
		{
			"name": "hexadecagon",
			"from": [7.75, 9.37527, 6],
			"to": [7.85, 9.47473, 6.2],
			"rotation": {"angle": 45, "axis": "z", "origin": [8, 9.425, 3.2]},
			"faces": {
				"north": {"uv": [0, 0, 1, 1], "rotation": 90, "texture": "#2"},
				"east": {"uv": [0, 0, 1, 1], "rotation": 180, "texture": "#2"},
				"south": {"uv": [0, 0, 1, 1], "rotation": 270, "texture": "#2"},
				"west": {"uv": [0, 0, 1, 1], "texture": "#2"},
				"up": {"uv": [0, 0, 1, 1], "rotation": 270, "texture": "#2"},
				"down": {"uv": [0, 0, 1, 1], "rotation": 270, "texture": "#2"}
			}
		},
		{
			"name": "hexadecagon",
			"from": [7.95027, 9.175, 6],
			"to": [8.04973, 9.275, 6.2],
			"rotation": {"angle": -22.5, "axis": "z", "origin": [8, 9.425, 3.2]},
			"faces": {
				"north": {"uv": [0, 0, 1, 1], "rotation": 180, "texture": "#2"},
				"east": {"uv": [0, 0, 1, 1], "rotation": 180, "texture": "#2"},
				"south": {"uv": [0, 0, 1, 1], "rotation": 180, "texture": "#2"},
				"west": {"uv": [0, 0, 1, 1], "rotation": 180, "texture": "#2"},
				"up": {"uv": [0, 0, 1, 1], "rotation": 90, "texture": "#2"},
				"down": {"uv": [0, 0, 1, 1], "rotation": 270, "texture": "#2"}
			}
		},
		{
			"name": "hexadecagon",
			"from": [7.95027, 9.175, 6],
			"to": [8.04973, 9.275, 6.2],
			"rotation": {"angle": 0, "axis": "y", "origin": [8, 9.425, 3.2]},
			"faces": {
				"north": {"uv": [0, 0, 1, 1], "rotation": 180, "texture": "#2"},
				"east": {"uv": [0, 0, 1, 1], "rotation": 180, "texture": "#2"},
				"south": {"uv": [0, 0, 1, 1], "rotation": 180, "texture": "#2"},
				"west": {"uv": [0, 0, 1, 1], "rotation": 180, "texture": "#2"},
				"up": {"uv": [0, 0, 1, 1], "rotation": 90, "texture": "#2"},
				"down": {"uv": [0, 0, 1, 1], "rotation": 270, "texture": "#2"}
			}
		},
		{
			"name": "hexadecagon",
			"from": [7.95027, 9.175, 6],
			"to": [8.04973, 9.275, 6.2],
			"rotation": {"angle": 22.5, "axis": "z", "origin": [8, 9.425, 3.2]},
			"faces": {
				"north": {"uv": [0, 0, 1, 1], "rotation": 180, "texture": "#2"},
				"east": {"uv": [0, 0, 1, 1], "rotation": 180, "texture": "#2"},
				"south": {"uv": [0, 0, 1, 1], "rotation": 180, "texture": "#2"},
				"west": {"uv": [0, 0, 1, 1], "rotation": 180, "texture": "#2"},
				"up": {"uv": [0, 0, 1, 1], "rotation": 90, "texture": "#2"},
				"down": {"uv": [0, 0, 1, 1], "rotation": 270, "texture": "#2"}
			}
		},
		{
			"name": "hexadecagon",
			"from": [7.95027, 9.175, 6],
			"to": [8.04973, 9.275, 6.2],
			"rotation": {"angle": 45, "axis": "z", "origin": [8, 9.425, 3.2]},
			"faces": {
				"north": {"uv": [0, 0, 1, 1], "rotation": 180, "texture": "#2"},
				"east": {"uv": [0, 0, 1, 1], "rotation": 180, "texture": "#2"},
				"south": {"uv": [0, 0, 1, 1], "rotation": 180, "texture": "#2"},
				"west": {"uv": [0, 0, 1, 1], "rotation": 180, "texture": "#2"},
				"up": {"uv": [0, 0, 1, 1], "rotation": 90, "texture": "#2"},
				"down": {"uv": [0, 0, 1, 1], "rotation": 270, "texture": "#2"}
			}
		},
		{
			"name": "hexadecagon",
			"from": [8.15, 9.37527, 6],
			"to": [8.25, 9.47473, 6.2],
			"rotation": {"angle": -22.5, "axis": "z", "origin": [8, 9.425, 3.2]},
			"faces": {
				"north": {"uv": [0, 0, 1, 1], "rotation": 270, "texture": "#2"},
				"east": {"uv": [0, 0, 1, 1], "rotation": 180, "texture": "#2"},
				"south": {"uv": [0, 0, 1, 1], "rotation": 90, "texture": "#2"},
				"west": {"uv": [0, 0, 1, 1], "texture": "#2"},
				"up": {"uv": [0, 0, 1, 1], "rotation": 90, "texture": "#2"},
				"down": {"uv": [0, 0, 1, 1], "rotation": 90, "texture": "#2"}
			}
		},
		{
			"name": "hexadecagon",
			"from": [8.15, 9.37527, 6],
			"to": [8.25, 9.47473, 6.2],
			"rotation": {"angle": 0, "axis": "y", "origin": [8, 9.425, 3.2]},
			"faces": {
				"north": {"uv": [0, 0, 1, 1], "rotation": 270, "texture": "#2"},
				"east": {"uv": [0, 0, 1, 1], "rotation": 180, "texture": "#2"},
				"south": {"uv": [0, 0, 1, 1], "rotation": 90, "texture": "#2"},
				"west": {"uv": [0, 0, 1, 1], "texture": "#2"},
				"up": {"uv": [0, 0, 1, 1], "rotation": 90, "texture": "#2"},
				"down": {"uv": [0, 0, 1, 1], "rotation": 90, "texture": "#2"}
			}
		},
		{
			"name": "hexadecagon",
			"from": [8.15, 9.37527, 6],
			"to": [8.25, 9.47473, 6.2],
			"rotation": {"angle": 22.5, "axis": "z", "origin": [8, 9.425, 3.2]},
			"faces": {
				"north": {"uv": [0, 0, 1, 1], "rotation": 270, "texture": "#2"},
				"east": {"uv": [0, 0, 1, 1], "rotation": 180, "texture": "#2"},
				"south": {"uv": [0, 0, 1, 1], "rotation": 90, "texture": "#2"},
				"west": {"uv": [0, 0, 1, 1], "texture": "#2"},
				"up": {"uv": [0, 0, 1, 1], "rotation": 90, "texture": "#2"},
				"down": {"uv": [0, 0, 1, 1], "rotation": 90, "texture": "#2"}
			}
		},
		{
			"name": "hexadecagon",
			"from": [8.15, 9.37527, 6],
			"to": [8.25, 9.47473, 6.2],
			"rotation": {"angle": 45, "axis": "z", "origin": [8, 9.425, 3.2]},
			"faces": {
				"north": {"uv": [0, 0, 1, 1], "rotation": 270, "texture": "#2"},
				"east": {"uv": [0, 0, 1, 1], "rotation": 180, "texture": "#2"},
				"south": {"uv": [0, 0, 1, 1], "rotation": 90, "texture": "#2"},
				"west": {"uv": [0, 0, 1, 1], "texture": "#2"},
				"up": {"uv": [0, 0, 1, 1], "rotation": 90, "texture": "#2"},
				"down": {"uv": [0, 0, 1, 1], "rotation": 90, "texture": "#2"}
			}
		},
		{
			"name": "hexadecagon",
			"from": [7.95027, 9.575, 6],
			"to": [8.04973, 9.675, 6.2],
			"rotation": {"angle": -22.5, "axis": "z", "origin": [8, 9.425, 3.2]},
			"faces": {
				"north": {"uv": [0, 0, 1, 1], "texture": "#2"},
				"east": {"uv": [0, 0, 1, 1], "texture": "#2"},
				"south": {"uv": [0, 0, 1, 1], "texture": "#2"},
				"west": {"uv": [0, 0, 1, 1], "texture": "#2"},
				"up": {"uv": [0, 0, 1, 1], "rotation": 90, "texture": "#2"},
				"down": {"uv": [0, 0, 1, 1], "rotation": 270, "texture": "#2"}
			}
		}
	],
	"display": {
		"thirdperson_righthand": {
			"translation": [0.5, 0, 6],
			"scale": [1.5, 1.5, 1.5]
		},
		"thirdperson_lefthand": {
			"translation": [0, 0.75, 6],
			"scale": [1.5, 1.5, 1.5]
		},
		"firstperson_righthand": {
			"translation": [-2.5, 5.25, 8],
			"scale": [1.5, 1.5, 1.5]
		},
		"gui": {
			"rotation": [0, 90, 0],
			"translation": [5.5, 1.5, 0],
			"scale": [1.5, 1.5, 1.5]
		}
	},
	"groups": [
		{
			"name": "hexadecagon",
			"origin": [8, 8, 8],
			"color": 0,
			"children": [0, 1, 2, 3, 4, 5, 6, 7]
		},
		8,
		9,
		10,
		11,
		12,
		13,
		14,
		15,
		16,
		17,
		18,
		19,
		20,
		21,
		22,
		23,
		24,
		25,
		26,
		27,
		28,
		{
			"name": "hexadecagon",
			"origin": [8, 8, 8],
			"color": 0,
			"children": [29, 30, 31, 32, 33, 34, 35, 36, 37, 38, 39, 40, 41, 42, 43, 44, 45, 46, 47, 48, 49, 50, 51]
		},
		{
			"name": "group",
			"origin": [8, 8, 8],
			"color": 0,
			"children": [
				{
					"name": "group",
					"origin": [20.41024, 8.67166, 5.2],
					"color": 0,
					"children": [
						52,
						53,
						54,
						55,
						56,
						57,
						58,
						59,
						60,
						61,
						62,
						63,
						64,
						65,
						66,
						67,
						68,
						69,
						70,
						71,
						72,
						73,
						74,
						75,
						76,
						77,
						78,
						79,
						80,
						81,
						82,
						83,
						84,
						85,
						86,
						87,
						88,
						89,
						90,
						91,
						92,
						93,
						94,
						95,
						96,
						97,
						98,
						99,
						100,
						101,
						102,
						103,
						104,
						105,
						106,
						107,
						108,
						109,
						110,
						111,
						112,
						113,
						114
					]
				}
			]
		},
		{
			"name": "group",
			"origin": [8, 8, 8],
			"color": 0,
			"children": []
		},
		115,
		116,
		117,
		118,
		119,
		120,
		121,
		{
			"name": "hexadecagon",
			"origin": [8, 8, 8],
			"color": 0,
			"children": [122, 123, 124, 125, 126, 127, 128, 129]
		},
		{
			"name": "hexadecagon",
			"origin": [8, 8, 8],
			"color": 0,
			"children": [130, 131, 132, 133, 134, 135, 136, 137]
		},
		138,
		139,
		140,
		141,
		142,
		143,
		144,
		{
			"name": "hexadecagon",
			"origin": [8, 8, 8],
			"color": 0,
			"children": [145, 146, 147, 148, 149, 150, 151, 152, 153, 154, 155, 156, 157, 158, 159, 160]
		}
	]
}