{
	"credit": "Made with Blockbench",
	"textures": {
		"0": "block/black_shulker_box",
		"particle": "block/black_shulker_box"
	},
	"elements": [
		{
			"from": [7.8, 0, 5.232],
			"to": [8.2, 0.2, 10.768],
			"rotation": {"angle": 0, "axis": "y", "origin": [6.4, 0, 5.232]},
			"faces": {
				"north": {"uv": [0, 0, 16, 1], "texture": "#0"},
				"east": {"uv": [0, 0, 16, 1], "texture": "#0"},
				"south": {"uv": [0, 0, 16, 1], "texture": "#0"},
				"west": {"uv": [0, 0, 16, 1], "texture": "#0"},
				"up": {"uv": [0, 0, 16, 1], "texture": "#0"},
				"down": {"uv": [0, 0, 16, 1], "texture": "#0"}
			}
		},
		{
			"from": [8.63, -0.23, 5.232],
			"to": [9.03, -0.03, 10.768],
			"rotation": {"angle": -45, "axis": "z", "origin": [9.63, 0.97, 5.232]},
			"faces": {
				"north": {"uv": [0, 0, 16, 1], "rotation": 180, "texture": "#0"},
				"east": {"uv": [0, 0, 16, 1], "rotation": 180, "texture": "#0"},
				"south": {"uv": [0, 0, 16, 1], "rotation": 180, "texture": "#0"},
				"west": {"uv": [0, 0, 16, 1], "rotation": 180, "texture": "#0"},
				"up": {"uv": [0, 0, 16, 1], "rotation": 180, "texture": "#0"},
				"down": {"uv": [0, 0, 16, 1], "rotation": 180, "texture": "#0"}
			}
		},
		{
			"from": [7.95, 2.061, 5.232],
			"to": [8.35, 2.261, 10.768],
			"rotation": {"angle": 45, "axis": "z", "origin": [9.63, 0.97, 5.232]},
			"faces": {
				"north": {"uv": [0, 0, 16, 1], "rotation": 180, "texture": "#0"},
				"east": {"uv": [0, 0, 16, 1], "rotation": 180, "texture": "#0"},
				"south": {"uv": [0, 0, 16, 1], "rotation": 180, "texture": "#0"},
				"west": {"uv": [0, 0, 16, 1], "rotation": 180, "texture": "#0"},
				"up": {"uv": [0, 0, 16, 1], "rotation": 180, "texture": "#0"},
				"down": {"uv": [0, 0, 16, 1], "rotation": 180, "texture": "#0"}
			}
		},
		{
			"from": [7.83, 0.77, 5.232],
			"to": [8.23, 0.97, 10.768],
			"rotation": {"angle": 0, "axis": "y", "origin": [9.63, 0.97, 5.232]},
			"faces": {
				"north": {"uv": [0, 0, 16, 1], "rotation": 180, "texture": "#0"},
				"east": {"uv": [0, 0, 16, 1], "rotation": 180, "texture": "#0"},
				"south": {"uv": [0, 0, 16, 1], "rotation": 180, "texture": "#0"},
				"west": {"uv": [0, 0, 16, 1], "rotation": 180, "texture": "#0"},
				"up": {"uv": [0, 0, 16, 1], "rotation": 180, "texture": "#0"},
				"down": {"uv": [0, 0, 16, 1], "rotation": 180, "texture": "#0"}
			}
		},
		{
			"from": [7.68, -1.291, 5.232],
			"to": [8.08, -1.091, 10.768],
			"rotation": {"angle": 45, "axis": "z", "origin": [6.4, 0, 5.232]},
			"faces": {
				"north": {"uv": [0, 0, 16, 1], "texture": "#0"},
				"east": {"uv": [0, 0, 16, 1], "texture": "#0"},
				"south": {"uv": [0, 0, 16, 1], "texture": "#0"},
				"west": {"uv": [0, 0, 16, 1], "texture": "#0"},
				"up": {"uv": [0, 0, 16, 1], "texture": "#0"},
				"down": {"uv": [0, 0, 16, 1], "texture": "#0"}
			}
		},
		{
			"from": [7, 1, 5.232],
			"to": [7.4, 1.2, 10.768],
			"rotation": {"angle": -45, "axis": "z", "origin": [6.4, 0, 5.232]},
			"faces": {
				"north": {"uv": [0, 0, 16, 1], "texture": "#0"},
				"east": {"uv": [0, 0, 16, 1], "texture": "#0"},
				"south": {"uv": [0, 0, 16, 1], "texture": "#0"},
				"west": {"uv": [0, 0, 16, 1], "texture": "#0"},
				"up": {"uv": [0, 0, 16, 1], "texture": "#0"},
				"down": {"uv": [0, 0, 16, 1], "texture": "#0"}
			}
		},
		{
			"from": [7.53, 0.28, 5.232],
			"to": [7.73, 0.68, 10.768],
			"rotation": {"angle": 0, "axis": "z", "origin": [6.4, 0, 5.232]},
			"faces": {
				"north": {"uv": [0, 0, 2, 16], "rotation": 270, "texture": "#0"},
				"east": {"uv": [0, 0, 2, 16], "rotation": 270, "texture": "#0"},
				"south": {"uv": [0, 0, 2, 16], "rotation": 270, "texture": "#0"},
				"west": {"uv": [0, 0, 2, 16], "rotation": 270, "texture": "#0"},
				"up": {"uv": [0, 0, 2, 16], "rotation": 270, "texture": "#0"},
				"down": {"uv": [0, 0, 2, 16], "rotation": 270, "texture": "#0"}
			}
		},
		{
			"from": [8.31, 0.28, 5.232],
			"to": [8.51, 0.68, 10.768],
			"rotation": {"angle": 0, "axis": "y", "origin": [6.4, 0, 5.232]},
			"faces": {
				"north": {"uv": [0, 0, 3, 16], "rotation": 270, "texture": "#0"},
				"east": {"uv": [0, 0, 3, 16], "rotation": 270, "texture": "#0"},
				"south": {"uv": [0, 0, 3, 16], "rotation": 270, "texture": "#0"},
				"west": {"uv": [0, 0, 3, 16], "rotation": 270, "texture": "#0"},
				"up": {"uv": [0, 0, 3, 16], "rotation": 270, "texture": "#0"},
				"down": {"uv": [0, 0, 3, 16], "rotation": 270, "texture": "#0"}
			}
		}
	],
	"display": {
		"thirdperson_righthand": {
			"translation": [0, 8.25, 0]
		},
		"thirdperson_lefthand": {
			"translation": [0, 8.5, 0]
		},
		"firstperson_righthand": {
			"translation": [0, 11, 0]
		},
		"firstperson_lefthand": {
			"translation": [0, 10.75, 0]
		},
		"gui": {
			"rotation": [0, 50, 0],
			"translation": [0, 22.75, 0],
			"scale": [3, 3, 3]
		},
		"head": {
			"translation": [0, 29.25, -6.25],
			"scale": [4, 4, 4]
		}
	}
}