{"textures":{"0":"modelengine:entity/em_ed_arcanist_texture"},"elements":[{"from":[2.8571424,-16.0,10.857143],"to":[13.142858,9.714288,11.428572],"rotation":{"angle":-22.5,"axis":"x","origin":[8.0,0.85714436,10.285714]},"faces":{"east":{"uv":[1.25,7.9375,1.3125,10.75],"rotation":0,"texture":"#0","tintindex":0},"south":{"uv":[1.125,0.0,2.25,2.8125],"rotation":0,"texture":"#0","tintindex":0},"north":{"uv":[0.0,0.0,1.125,2.8125],"rotation":0,"texture":"#0","tintindex":0},"west":{"uv":[1.3125,7.9375,1.375,10.75],"rotation":0,"texture":"#0","tintindex":0},"up":{"uv":[9.75,7.9375,8.625,7.875],"rotation":0,"texture":"#0","tintindex":0},"down":{"uv":[9.75,7.9375,8.625,8.0],"rotation":0,"texture":"#0","tintindex":0}}}],"display":{"head":{"translation":[0.0,-13.028578,0.0],"scale":[4.0,4.0,4.0]}}}