{"textures":{"0":"modelengine:entity/em_ed_arcanist_texture"},"elements":[{"from":[5.142857,-9.560238,5.2489767],"to":[10.857143,8.154049,10.963263],"rotation":{"angle":0.0,"axis":"y","origin":[8.0,8.0,8.0]},"faces":{"east":{"uv":[4.9375,5.0,5.5625,6.9375],"rotation":0,"texture":"#0","tintindex":0},"south":{"uv":[3.1875,5.1875,3.8125,7.125],"rotation":0,"texture":"#0","tintindex":0},"north":{"uv":[5.0,0.0,5.625,1.9375],"rotation":0,"texture":"#0","tintindex":0},"west":{"uv":[5.5625,3.0625,6.1875,5.0],"rotation":0,"texture":"#0","tintindex":0},"up":{"uv":[8.9375,2.8125,8.3125,2.1875],"rotation":0,"texture":"#0","tintindex":0},"down":{"uv":[8.9375,2.8125,8.3125,3.4375],"rotation":0,"texture":"#0","tintindex":0}}}],"display":{"head":{"translation":[0.0,-6.4,0.0],"scale":[4.0,4.0,4.0]}}}