{"credit":"thebradqq's guns","textures":{"0":"mgs:gun/metal_bright","1":"mgs:gun/brass"},"elements":[{"from":[4.18323,-1.47656,7.70628],"to":[4.43654,1.47656,8.29372],"rotation":{"angle":0,"axis":"y","origin":[5.5,0,8]},"faces":{"east":{"uv":[12.5,7.5,13,8],"texture":"#1"},"west":{"uv":[8.25,4,8.75,6],"texture":"#1"},"up":{"uv":[3.5,3.75,4,4.25],"rotation":180,"texture":"#1"},"down":{"uv":[6.25,8,6.75,8.25],"rotation":180,"texture":"#1"}}},{"from":[4.13984,-0.675,7.86574],"to":[4.30859,0.675,8.13428],"rotation":{"angle":0,"axis":"y","origin":[5.5,0,8]},"faces":{"west":{"uv":[6.25,4.5,6.75,5.25],"texture":"#0"},"up":{"uv":[3.25,4,3.5,4.5],"texture":"#0"},"down":{"uv":[9.5,8,9.75,8.25],"texture":"#0"}}},{"from":[5.0695,-1.47656,7.70628],"to":[12.0608,1.47656,8.29372],"rotation":{"angle":0,"axis":"y","origin":[5.5,0,8]},"faces":{"east":{"uv":[0.25,8.75,0.5,10.75],"rotation":180,"texture":"#1"},"west":{"uv":[12.5,7.5,13,8],"texture":"#1"},"up":{"uv":[2,3.25,4,3.75],"texture":"#1"},"down":{"uv":[5.5,7.75,7.5,8.25],"rotation":180,"texture":"#1"}}},{"from":[5.0695,-1.47657,7.70628],"to":[12.0608,1.47656,8.29371],"rotation":{"angle":22.5,"axis":"x","origin":[5.5,0,8]},"faces":{"east":{"uv":[0.25,8.75,0.5,10.75],"rotation":180,"texture":"#1"},"west":{"uv":[12.5,7.5,13,8],"texture":"#1"},"up":{"uv":[2,3.75,4,4.25],"texture":"#1"},"down":{"uv":[3,9,5,9.5],"rotation":180,"texture":"#1"}}},{"from":[5.0695,-1.47657,7.70629],"to":[12.0608,1.47656,8.29372],"rotation":{"angle":-22.5,"axis":"x","origin":[5.5,0,8]},"faces":{"east":{"uv":[0.25,8.75,0.5,10.75],"rotation":180,"texture":"#1"},"west":{"uv":[12.5,7.5,13,8],"texture":"#1"},"up":{"uv":[0,3.25,2,3.75],"texture":"#1"},"down":{"uv":[3.5,8,5.5,8.5],"rotation":180,"texture":"#1"}}},{"from":[5.0695,-1.47657,7.70628],"to":[12.0608,1.47656,8.29371],"rotation":{"angle":45,"axis":"x","origin":[5.5,0,8]},"faces":{"east":{"uv":[0.25,8.75,0.5,10.75],"rotation":180,"texture":"#1"},"west":{"uv":[12.5,7.5,13,8],"texture":"#1"},"up":{"uv":[5.25,4.25,7.25,4.75],"texture":"#1"},"down":{"uv":[5.75,5.5,7.75,6],"rotation":180,"texture":"#1"}}},{"from":[5.0695,-1.47656,7.70628],"to":[12.0608,1.47657,8.29371],"rotation":{"angle":-45,"axis":"x","origin":[5.5,0,8]},"faces":{"east":{"uv":[0.25,8.75,0.5,10.75],"rotation":180,"texture":"#1"},"west":{"uv":[12.5,7.5,13,8],"texture":"#1"},"up":{"uv":[1.25,4.25,3.25,4.75],"rotation":180,"texture":"#1"},"down":{"uv":[4.5,5.5,6.5,6],"texture":"#1"}}},{"from":[5.0695,-0.29372,6.52344],"to":[12.0608,0.29371,9.47656],"rotation":{"angle":-22.5,"axis":"x","origin":[5.5,0,8]},"faces":{"north":{"uv":[6.25,5,8.25,5.5],"texture":"#1"},"east":{"uv":[0.25,8.75,0.5,10.75],"rotation":90,"texture":"#1"},"south":{"uv":[5.25,4.75,7.25,5.25],"texture":"#1"},"west":{"uv":[12.5,7.5,13,8],"rotation":90,"texture":"#1"}}},{"from":[5.0695,-0.29372,6.52344],"to":[12.0608,0.29371,9.47656],"rotation":{"angle":22.5,"axis":"x","origin":[5.5,0,8]},"faces":{"north":{"uv":[5.25,4.75,7.25,5.25],"texture":"#1"},"east":{"uv":[0.25,8.75,0.5,10.75],"rotation":90,"texture":"#1"},"south":{"uv":[6.25,5,8.25,5.5],"texture":"#1"},"west":{"uv":[12.5,7.5,13,8],"rotation":270,"texture":"#1"}}},{"from":[5.0695,-0.29372,6.52344],"to":[12.0608,0.29372,9.47656],"rotation":{"angle":0,"axis":"y","origin":[5.5,0,8]},"faces":{"north":{"uv":[3,12.25,5,12.75],"texture":"#1"},"east":{"uv":[0.25,8.75,0.5,10.75],"rotation":90,"texture":"#1"},"south":{"uv":[0,12,2,12.5],"texture":"#1"},"west":{"uv":[12.5,7.5,13,8],"texture":"#1"}}},{"from":[4.18338,-1.47657,7.70628],"to":[4.43667,1.47656,8.29371],"rotation":{"angle":22.5,"axis":"x","origin":[5.5,0,8]},"faces":{"east":{"uv":[12.5,7.5,13,8],"texture":"#1"},"west":{"uv":[7.25,4,7.75,6],"texture":"#1"},"up":{"uv":[3.5,4.25,4,4.75],"texture":"#1"},"down":{"uv":[6.25,8,6.75,8.25],"rotation":180,"texture":"#1"}}},{"from":[4.18338,-1.47657,7.70629],"to":[4.43667,1.47656,8.29372],"rotation":{"angle":-22.5,"axis":"x","origin":[5.5,0,8]},"faces":{"east":{"uv":[12.5,7.5,13,8],"texture":"#1"},"west":{"uv":[7.25,4,7.75,6],"texture":"#1"},"up":{"uv":[3.5,4.25,4,4.75],"rotation":180,"texture":"#1"},"down":{"uv":[6.25,8,6.75,8.25],"rotation":180,"texture":"#1"}}},{"from":[4.18323,-1.47657,7.70628],"to":[4.43654,1.47656,8.29371],"rotation":{"angle":45,"axis":"x","origin":[5.5,0,8]},"faces":{"east":{"uv":[12.5,7.5,13,8],"texture":"#1"},"west":{"uv":[10.75,4.5,11.25,6.5],"texture":"#1"},"up":{"uv":[3.75,4.75,4.25,5.25],"texture":"#1"},"down":{"uv":[6.25,8,6.75,8.25],"rotation":180,"texture":"#1"}}},{"from":[4.18323,-1.47656,7.70628],"to":[4.43654,1.47657,8.29371],"rotation":{"angle":-45,"axis":"x","origin":[5.5,0,8]},"faces":{"east":{"uv":[12.5,7.5,13,8],"texture":"#1"},"west":{"uv":[6.75,4.5,7.25,6.5],"texture":"#1"},"up":{"uv":[7.75,4.75,8.25,5.25],"rotation":180,"texture":"#1"},"down":{"uv":[6.25,8,6.75,8.25],"rotation":180,"texture":"#1"}}},{"from":[4.18338,-0.29372,6.52344],"to":[4.43669,0.29371,9.47656],"rotation":{"angle":-22.5,"axis":"x","origin":[5.5,0,8]},"faces":{"north":{"uv":[6.75,8,7.25,8.5],"rotation":180,"texture":"#1"},"east":{"uv":[12.5,7.5,13,8],"rotation":270,"texture":"#1"},"south":{"uv":[5.25,5.5,5.75,6],"texture":"#1"},"west":{"uv":[0.5,4.75,1,6.75],"rotation":90,"texture":"#1"}}},{"from":[4.18338,-0.29372,6.52344],"to":[4.43669,0.29371,9.47656],"rotation":{"angle":22.5,"axis":"x","origin":[5.5,0,8]},"faces":{"north":{"uv":[6.75,5.5,7.25,6],"texture":"#1"},"east":{"uv":[12.5,7.5,13,8],"rotation":90,"texture":"#1"},"south":{"uv":[6,8,6.5,8.5],"rotation":180,"texture":"#1"},"west":{"uv":[0.75,4.75,1.25,6.75],"rotation":270,"texture":"#1"}}},{"from":[4.18322,-0.29372,6.52344],"to":[4.43651,0.29372,9.47656],"rotation":{"angle":0,"axis":"y","origin":[5.5,0,8]},"faces":{"north":{"uv":[4.25,8.25,4.75,8.75],"rotation":180,"texture":"#1"},"east":{"uv":[12.5,7.5,13,8],"texture":"#1"},"south":{"uv":[6.25,8.25,6.75,8.75],"rotation":180,"texture":"#1"},"west":{"uv":[7.25,9.5,7.75,11.5],"rotation":90,"texture":"#1"}}},{"from":[4.13969,-0.67501,7.86574],"to":[4.30844,0.67499,8.13428],"rotation":{"angle":-22.5,"axis":"x","origin":[5.5,0,8]},"faces":{"west":{"uv":[5.25,4.5,5.75,5.25],"texture":"#0"},"up":{"uv":[7.25,4.25,7.5,4.75],"rotation":180,"texture":"#0"},"down":{"uv":[9,8,9.25,8.5],"rotation":180,"texture":"#0"}}},{"from":[4.13969,-0.67501,7.86574],"to":[4.30844,0.67499,8.13428],"rotation":{"angle":22.5,"axis":"x","origin":[5.5,0,8]},"faces":{"west":{"uv":[5.25,4.5,5.75,5.25],"texture":"#0"},"up":{"uv":[3.25,4,3.5,4.5],"texture":"#0"},"down":{"uv":[9,8,9.25,8.5],"texture":"#0"}}},{"from":[4.13984,-0.67499,7.86573],"to":[4.30859,0.67501,8.13427],"rotation":{"angle":-45,"axis":"x","origin":[5.5,0,8]},"faces":{"west":{"uv":[6.25,4.5,6.75,5.25],"texture":"#0"},"up":{"uv":[8.25,4.5,8.5,5],"rotation":180,"texture":"#0"},"down":{"uv":[6,5.5,6.25,6],"texture":"#0"}}},{"from":[4.13984,-0.675,7.86574],"to":[4.30859,0.675,8.13427],"rotation":{"angle":45,"axis":"x","origin":[5.5,0,8]},"faces":{"west":{"uv":[6.25,4.5,6.75,5.25],"texture":"#0"},"up":{"uv":[3.75,4,4,4.5],"texture":"#0"},"down":{"uv":[6,5.5,6.25,6],"texture":"#0"}}},{"from":[4.13969,-0.13427,7.325],"to":[4.30844,0.13427,8.675],"rotation":{"angle":22.5,"axis":"x","origin":[5.5,0,8]},"faces":{"north":{"uv":[7.25,4.25,7.5,4.75],"texture":"#0"},"south":{"uv":[6.25,5,6.5,5.5],"texture":"#0"},"west":{"uv":[9.25,4.5,9.75,5.25],"rotation":270,"texture":"#0"}}},{"from":[4.13969,-0.13427,7.325],"to":[4.30844,0.13427,8.675],"rotation":{"angle":-22.5,"axis":"x","origin":[5.5,0,8]},"faces":{"north":{"uv":[6.25,5,6.5,5.5],"texture":"#0"},"south":{"uv":[7.25,4.25,7.5,4.75],"texture":"#0"},"west":{"uv":[9,4.5,9.5,5.25],"rotation":90,"texture":"#0"}}},{"from":[4.13984,-0.13426,7.325],"to":[4.30859,0.13428,8.675],"rotation":{"angle":0,"axis":"y","origin":[5.5,0,8]},"faces":{"north":{"uv":[6.25,4.5,6.5,5],"texture":"#0"},"south":{"uv":[6.25,4.5,6.5,5],"texture":"#0"},"west":{"uv":[6.25,4.5,6.75,5],"texture":"#0"}}},{"from":[4.3945,-1.30781,7.73985],"to":[5.407,1.30781,8.26015],"rotation":{"angle":0,"axis":"y","origin":[5.5,0,8]},"faces":{"up":{"uv":[10,2.75,10.5,3.25],"rotation":180,"texture":"#1"},"down":{"uv":[5.75,8,6.25,8.25],"texture":"#1"}}},{"from":[4.3945,-1.30782,7.73985],"to":[5.407,1.30781,8.26015],"rotation":{"angle":22.5,"axis":"x","origin":[5.5,0,8]},"faces":{"up":{"uv":[11,2.5,11.5,3],"rotation":180,"texture":"#1"},"down":{"uv":[5.75,8,6.25,8.25],"texture":"#1"}}},{"from":[4.3945,-1.30782,7.73985],"to":[5.407,1.30781,8.26015],"rotation":{"angle":-22.5,"axis":"x","origin":[5.5,0,8]},"faces":{"up":{"uv":[8.5,4,9,4.5],"rotation":180,"texture":"#1"},"down":{"uv":[5.75,8,6.25,8.25],"texture":"#1"}}},{"from":[4.3945,-1.30782,7.73985],"to":[5.407,1.30781,8.26014],"rotation":{"angle":45,"axis":"x","origin":[5.5,0,8]},"faces":{"up":{"uv":[3.25,4.25,3.75,4.75],"texture":"#1"},"down":{"uv":[5.75,8,6.25,8.25],"texture":"#1"}}},{"from":[4.3945,-1.30781,7.73985],"to":[5.407,1.30782,8.26014],"rotation":{"angle":-45,"axis":"x","origin":[5.5,0,8]},"faces":{"up":{"uv":[3.25,4.25,3.75,4.75],"rotation":180,"texture":"#1"},"down":{"uv":[5.75,8,6.25,8.25],"texture":"#1"}}},{"from":[4.3945,-0.26015,6.69219],"to":[5.407,0.26014,9.30781],"rotation":{"angle":-22.5,"axis":"x","origin":[5.5,0,8]},"faces":{"north":{"uv":[3,8,3.5,8.5],"rotation":180,"texture":"#1"},"south":{"uv":[3.25,4.75,3.75,5.25],"texture":"#1"}}},{"from":[4.3945,-0.26015,6.69219],"to":[5.407,0.26014,9.30781],"rotation":{"angle":22.5,"axis":"x","origin":[5.5,0,8]},"faces":{"north":{"uv":[3.25,4.75,3.75,5.25],"texture":"#1"},"south":{"uv":[3,8,3.5,8.5],"rotation":180,"texture":"#1"}}},{"from":[4.3945,-0.26015,6.69219],"to":[5.407,0.26015,9.30781],"rotation":{"angle":0,"axis":"y","origin":[5.5,0,8]},"faces":{"north":{"uv":[3.25,5.25,3.75,5.75],"texture":"#1"},"south":{"uv":[3.25,5.25,3.75,5.75],"texture":"#1"}}}],"gui_light":"front","display":{"thirdperson_righthand":{"rotation":[25,111,-23],"translation":[-1,-2,0],"scale":[0.25,0.25,0.25]},"thirdperson_lefthand":{"rotation":[69,-71,65],"translation":[-1,-2,0],"scale":[0.25,0.25,0.25]},"firstperson_righthand":{"rotation":[-87,65,68],"translation":[1,-1.25,4.25],"scale":[0.44,0.44,0.44]},"firstperson_lefthand":{"rotation":[-40,-110,-33],"translation":[-0.25,-1.5,3],"scale":[0.44,0.44,0.44]},"ground":{"rotation":[0,0,8],"scale":[0.125,0.125,0.125]},"gui":{"rotation":[0,180,32],"translation":[-0.5,1.75,0],"scale":[0.6,0.6,0.6]},"head":{"scale":[0.5,0.5,0.5]},"fixed":{"rotation":[0,180,0],"translation":[0,0,-2],"scale":[0.5,0.5,0.5]}}}