{ 
    "railgun.shoot": {
        "category": "player",
        "sounds": [
            "expansion:railgun/railgun_shoot"
        ]
    },
    "railgun.reload": {
        "category": "player",
        "sounds": [
            "expansion:railgun/railgun_reload"
        ]
    },
    "railgun.dry_fire": {
        "category": "player",
        "sounds": [
            "expansion:railgun/railgun_dry_fire"
        ]
    },
    "buggy.engine_driving": {
        "category": "player",
        "sounds": [
            "expansion:buggy/engine_driving"
        ]
    },
    "buggy.engine_idle": {
        "category": "player",
        "sounds": [
            "expansion:buggy/engine_idle"
        ]
    },
    "rocket.launch": {
        "category": "player",
        "sounds": [
            "expansion:rocket/launch"
        ]
    },
    "spaceship.blaster": {
        "category": "player",
        "sounds": [
            "expansion:spaceship/blaster"
        ]
    },
    "spaceship.engine": {
        "category": "player",
        "sounds": [
            "expansion:spaceship/engine"
        ]
    },
    "lunarmodule.launch": {
        "category": "player",
        "sounds": [
            "expansion:lunar_module/launch"
        ]
    }
}