{
	"credit": "Made with Blockbench",
	"textures": {
		"0": "block/saw",
		"1": "block/metal",
		"2": "block/plastic_cream",
		"particle": "block/saw"
	},
	"elements": [
		{
			"from": [5, 2, 10],
			"to": [10, 5, 16],
			"faces": {
				"north": {"uv": [3, 6, 8, 9], "texture": "#2"},
				"east": {"uv": [7, 5, 13, 8], "texture": "#2"},
				"south": {"uv": [5, 9, 10, 12], "texture": "#2"},
				"west": {"uv": [5, 7, 11, 10], "texture": "#2"},
				"up": {"uv": [11, 0, 16, 6], "texture": "#2"},
				"down": {"uv": [1, 10, 6, 16], "texture": "#2"}
			}
		},
		{
			"from": [5, 0, 8],
			"to": [10, 4, 10],
			"faces": {
				"north": {"uv": [3, 6, 8, 10], "texture": "#2"},
				"east": {"uv": [7, 5, 9, 9], "texture": "#2"},
				"south": {"uv": [5, 9, 10, 13], "texture": "#2"},
				"west": {"uv": [5, 7, 7, 11], "texture": "#2"},
				"up": {"uv": [11, 0, 16, 2], "texture": "#2"},
				"down": {"uv": [1, 10, 6, 12], "texture": "#2"}
			}
		},
		{
			"from": [7, 1.5, -8],
			"to": [8, 3.5, 8],
			"faces": {
				"north": {"uv": [0, 0, 1, 2], "texture": "#0"},
				"east": {"uv": [0, 0, 16, 2], "texture": "#0"},
				"south": {"uv": [0, 0, 1, 2], "texture": "#0"},
				"west": {"uv": [0, 0, 16, 2], "texture": "#0"},
				"up": {"uv": [0, 0, 1, 16], "texture": "#0"},
				"down": {"uv": [0, 0, 1, 16], "texture": "#0"}
			}
		},
		{
			"from": [7.5, 0.5, -9],
			"to": [7.5, 4.5, 8],
			"faces": {
				"north": {"uv": [0, 0, 0, 4], "texture": "#0"},
				"east": {"uv": [0, 0, 16, 4], "texture": "#0"},
				"south": {"uv": [0, 0, 0, 4], "texture": "#0"},
				"west": {"uv": [0, 0, 16, 4], "texture": "#0"},
				"up": {"uv": [0, 0, 0, 16], "texture": "#0"},
				"down": {"uv": [0, 0, 0, 16], "texture": "#0"}
			}
		},
		{
			"from": [5.5, 0, 10],
			"to": [9.5, 2, 15],
			"faces": {
				"north": {"uv": [3, 6, 7, 8], "texture": "#2"},
				"east": {"uv": [7, 5, 12, 7], "texture": "#2"},
				"south": {"uv": [5, 9, 9, 11], "texture": "#2"},
				"west": {"uv": [5, 7, 10, 9], "texture": "#2"},
				"up": {"uv": [11, 0, 15, 5], "texture": "#2"},
				"down": {"uv": [1, 10, 5, 15], "texture": "#2"}
			}
		},
		{
			"from": [7, 5, 13],
			"to": [8, 6, 19],
			"faces": {
				"north": {"uv": [3, 5, 4, 6], "texture": "#1"},
				"east": {"uv": [3, 4, 9, 5], "texture": "#1"},
				"south": {"uv": [4, 5, 5, 6], "texture": "#1"},
				"west": {"uv": [5, 5, 11, 6], "texture": "#1"},
				"up": {"uv": [5, 1, 11, 2], "rotation": 90, "texture": "#1"},
				"down": {"uv": [5, 10, 11, 11], "rotation": 90, "texture": "#1"}
			}
		},
		{
			"from": [6.5, 11, 7.875],
			"to": [8.5, 12, 8.875],
			"rotation": {"angle": 22.5, "axis": "x", "origin": [0, 0, 0]},
			"faces": {
				"north": {"uv": [3, 4, 5, 5], "rotation": 180, "texture": "#1"},
				"east": {"uv": [1, 5, 2, 6], "rotation": 90, "texture": "#1"},
				"south": {"uv": [0, 4, 2, 5], "texture": "#1"},
				"west": {"uv": [2, 4, 3, 5], "rotation": 270, "texture": "#1"},
				"up": {"uv": [3, 4, 5, 5], "texture": "#1"},
				"down": {"uv": [2, 4, 4, 5], "rotation": 180, "texture": "#1"}
			}
		},
		{
			"from": [5.5, 8, 7.875],
			"to": [6.5, 12, 8.875],
			"rotation": {"angle": 22.5, "axis": "x", "origin": [0, 0, 0]},
			"faces": {
				"north": {"uv": [8, 4, 4, 5], "rotation": 90, "texture": "#1"},
				"east": {"uv": [4, 4, 8, 5], "rotation": 90, "texture": "#1"},
				"south": {"uv": [4, 4, 8, 5], "rotation": 90, "texture": "#1"},
				"west": {"uv": [4, 4, 8, 5], "rotation": 270, "texture": "#1"},
				"up": {"uv": [2, 4, 3, 5], "rotation": 270, "texture": "#1"},
				"down": {"uv": [2, 4, 3, 5], "rotation": 90, "texture": "#1"}
			}
		},
		{
			"from": [8.5, 8, 7.875],
			"to": [9.5, 12, 8.875],
			"rotation": {"angle": 22.5, "axis": "x", "origin": [0, 0, 0]},
			"faces": {
				"north": {"uv": [8, 4, 4, 5], "rotation": 90, "texture": "#1"},
				"east": {"uv": [4, 4, 8, 5], "rotation": 90, "texture": "#1"},
				"south": {"uv": [4, 4, 8, 5], "rotation": 90, "texture": "#1"},
				"west": {"uv": [4, 4, 8, 5], "rotation": 270, "texture": "#1"},
				"up": {"uv": [2, 4, 3, 5], "rotation": 270, "texture": "#1"},
				"down": {"uv": [2, 4, 3, 5], "rotation": 90, "texture": "#1"}
			}
		},
		{
			"from": [7, 1, 15],
			"to": [8, 2, 19],
			"faces": {
				"north": {"uv": [1, 10, 2, 11], "texture": "#1"},
				"east": {"uv": [4, 10, 8, 11], "texture": "#1"},
				"south": {"uv": [4, 10, 5, 11], "texture": "#1"},
				"west": {"uv": [6, 10, 10, 11], "texture": "#1"},
				"up": {"uv": [6, 7, 10, 8], "rotation": 90, "texture": "#1"},
				"down": {"uv": [6, 13, 10, 14], "rotation": 90, "texture": "#1"}
			}
		},
		{
			"from": [7, 2, 18],
			"to": [8, 5, 19],
			"faces": {
				"north": {"uv": [3, 5, 4, 8], "texture": "#1"},
				"east": {"uv": [4, 6, 5, 9], "texture": "#1"},
				"south": {"uv": [5, 5, 6, 8], "texture": "#1"},
				"west": {"uv": [4, 5, 5, 8], "texture": "#1"},
				"up": {"uv": [6, 5, 7, 6], "texture": "#1"},
				"down": {"uv": [2, 7, 3, 8], "texture": "#1"}
			}
		}
	],
	"gui_light": "front",
	"display": {
		"thirdperson_righthand": {
			"rotation": [77, 0, 0],
			"translation": [0.5, 2.75, 1]
		},
		"thirdperson_lefthand": {
			"rotation": [77, 0, 0],
			"translation": [-0.5, 2.75, 1]
		},
		"firstperson_righthand": {
			"translation": [0, 7.75, -2]
		},
		"firstperson_lefthand": {
			"translation": [0, 7.75, -2]
		},
		"ground": {
			"rotation": [-90, 0, 0],
			"translation": [0.5, 0, -5.5]
		},
		"gui": {
			"rotation": [90, 45, -90],
			"translation": [3.75, 1.25, 0],
			"scale": [0.7, 0.7, 0.7]
		},
		"head": {
			"translation": [1.25, 13.5, -6],
			"scale": [2.5, 2.5, 2.5]
		}
	}
}