{
	"credit": "Made with Blockbench",
	"textures": {
		"0": "item/custom_item/photon_disc/ender_throw",
		"particle": "item/custom_item/photon_disc/ender_throw"
	},
	"elements": [
		{
			"from": [7, 7, 7],
			"to": [9, 9, 9],
			"rotation": {"angle": 0, "axis": "y", "origin": [8, 7.5, 8]},
			"faces": {
				"north": {"uv": [7, 4.5, 8, 5.5], "rotation": 180, "texture": "#0"},
				"east": {"uv": [8, 4.5, 9, 5.5], "rotation": 180, "texture": "#0"},
				"south": {"uv": [9, 4.5, 10, 5.5], "rotation": 180, "texture": "#0"},
				"west": {"uv": [10, 4.5, 11, 5.5], "rotation": 180, "texture": "#0"},
				"up": {"uv": [10, 3.5, 9, 4.5], "rotation": 270, "texture": "#0"},
				"down": {"uv": [9, 4.5, 8, 3.5], "rotation": 90, "texture": "#0"}
			}
		},
		{
			"from": [6, 7.5, 6],
			"to": [10, 8.5, 10],
			"rotation": {"angle": 0, "axis": "y", "origin": [8, 7.5, 8]},
			"faces": {
				"north": {"uv": [0, 2, 2, 2.5], "rotation": 180, "texture": "#0"},
				"east": {"uv": [2, 2, 4, 2.5], "rotation": 180, "texture": "#0"},
				"south": {"uv": [4, 2, 6, 2.5], "rotation": 180, "texture": "#0"},
				"west": {"uv": [6, 2, 8, 2.5], "rotation": 180, "texture": "#0"},
				"up": {"uv": [6, 0, 4, 2], "rotation": 270, "texture": "#0"},
				"down": {"uv": [4, 2, 2, 0], "rotation": 90, "texture": "#0"}
			}
		},
		{
			"from": [4, 7, 7],
			"to": [6, 9, 9],
			"rotation": {"angle": 0, "axis": "y", "origin": [8, 7.5, 8]},
			"faces": {
				"north": {"uv": [0, 7.5, 1, 8.5], "rotation": 180, "texture": "#0"},
				"east": {"uv": [1, 7.5, 2, 8.5], "rotation": 180, "texture": "#0"},
				"south": {"uv": [2, 7.5, 3, 8.5], "rotation": 180, "texture": "#0"},
				"west": {"uv": [3, 7.5, 4, 8.5], "rotation": 180, "texture": "#0"},
				"up": {"uv": [3, 6.5, 2, 7.5], "rotation": 270, "texture": "#0"},
				"down": {"uv": [2, 7.5, 1, 6.5], "rotation": 90, "texture": "#0"}
			}
		},
		{
			"from": [10, 7, 7],
			"to": [12, 9, 9],
			"rotation": {"angle": 0, "axis": "y", "origin": [8, 7.5, 8]},
			"faces": {
				"north": {"uv": [6, 7, 7, 8], "rotation": 180, "texture": "#0"},
				"east": {"uv": [7, 7, 8, 8], "rotation": 180, "texture": "#0"},
				"south": {"uv": [8, 7, 9, 8], "rotation": 180, "texture": "#0"},
				"west": {"uv": [9, 7, 10, 8], "rotation": 180, "texture": "#0"},
				"up": {"uv": [9, 6, 8, 7], "rotation": 270, "texture": "#0"},
				"down": {"uv": [8, 7, 7, 6], "rotation": 90, "texture": "#0"}
			}
		},
		{
			"from": [11, 7.5, 6],
			"to": [12, 8.5, 12],
			"rotation": {"angle": 0, "axis": "y", "origin": [8, 7.5, 8]},
			"faces": {
				"north": {"uv": [0, 6, 0.5, 6.5], "rotation": 180, "texture": "#0"},
				"east": {"uv": [0.5, 6, 3.5, 6.5], "rotation": 180, "texture": "#0"},
				"south": {"uv": [3.5, 6, 4, 6.5], "rotation": 180, "texture": "#0"},
				"west": {"uv": [4, 6, 7, 6.5], "rotation": 180, "texture": "#0"},
				"up": {"uv": [6.5, 5.5, 3.5, 6], "rotation": 270, "texture": "#0"},
				"down": {"uv": [3.5, 6, 0.5, 5.5], "rotation": 90, "texture": "#0"}
			}
		},
		{
			"from": [12, 7.5, 4],
			"to": [13, 8.5, 11],
			"rotation": {"angle": 0, "axis": "y", "origin": [8, 7.5, 8]},
			"faces": {
				"north": {"uv": [0, 3, 0.5, 3.5], "rotation": 180, "texture": "#0"},
				"east": {"uv": [0.5, 3, 4, 3.5], "rotation": 180, "texture": "#0"},
				"south": {"uv": [4, 3, 4.5, 3.5], "rotation": 180, "texture": "#0"},
				"west": {"uv": [4.5, 3, 8, 3.5], "rotation": 180, "texture": "#0"},
				"up": {"uv": [7.5, 2.5, 4, 3], "rotation": 270, "texture": "#0"},
				"down": {"uv": [4, 3, 0.5, 2.5], "rotation": 90, "texture": "#0"}
			}
		},
		{
			"from": [4, 7.5, 4],
			"to": [5, 8.5, 10],
			"rotation": {"angle": 0, "axis": "y", "origin": [8, 7.5, 8]},
			"faces": {
				"north": {"uv": [0, 5, 0.5, 5.5], "rotation": 180, "texture": "#0"},
				"east": {"uv": [0.5, 5, 3.5, 5.5], "rotation": 180, "texture": "#0"},
				"south": {"uv": [3.5, 5, 4, 5.5], "rotation": 180, "texture": "#0"},
				"west": {"uv": [4, 5, 7, 5.5], "rotation": 180, "texture": "#0"},
				"up": {"uv": [6.5, 4.5, 3.5, 5], "rotation": 270, "texture": "#0"},
				"down": {"uv": [3.5, 5, 0.5, 4.5], "rotation": 90, "texture": "#0"}
			}
		},
		{
			"from": [3, 7.5, 5],
			"to": [4, 8.5, 12],
			"rotation": {"angle": 0, "axis": "y", "origin": [8, 7.5, 8]},
			"faces": {
				"north": {"uv": [0, 4, 0.5, 4.5], "rotation": 180, "texture": "#0"},
				"east": {"uv": [0.5, 4, 4, 4.5], "rotation": 180, "texture": "#0"},
				"south": {"uv": [4, 4, 4.5, 4.5], "rotation": 180, "texture": "#0"},
				"west": {"uv": [4.5, 4, 8, 4.5], "rotation": 180, "texture": "#0"},
				"up": {"uv": [7.5, 3.5, 4, 4], "rotation": 270, "texture": "#0"},
				"down": {"uv": [4, 4, 0.5, 3.5], "rotation": 90, "texture": "#0"}
			}
		},
		{
			"from": [8, 7.5, 10],
			"to": [10, 8.5, 11],
			"rotation": {"angle": 0, "axis": "y", "origin": [8, 7.5, 8]},
			"faces": {
				"north": {"uv": [6, 9, 7, 9.5], "rotation": 180, "texture": "#0"},
				"east": {"uv": [7, 9, 7.5, 9.5], "rotation": 180, "texture": "#0"},
				"south": {"uv": [7.5, 9, 8.5, 9.5], "rotation": 180, "texture": "#0"},
				"west": {"uv": [8.5, 9, 9, 9.5], "rotation": 180, "texture": "#0"},
				"up": {"uv": [8, 8, 7.5, 9], "rotation": 270, "texture": "#0"},
				"down": {"uv": [7.5, 9, 7, 8], "rotation": 90, "texture": "#0"}
			}
		},
		{
			"from": [6, 7.5, 5],
			"to": [8, 8.5, 6],
			"rotation": {"angle": 0, "axis": "y", "origin": [8, 7.5, 8]},
			"faces": {
				"north": {"uv": [4, 8, 5, 8.5], "rotation": 180, "texture": "#0"},
				"east": {"uv": [5, 8, 5.5, 8.5], "rotation": 180, "texture": "#0"},
				"south": {"uv": [5.5, 8, 6.5, 8.5], "rotation": 180, "texture": "#0"},
				"west": {"uv": [6.5, 8, 7, 8.5], "rotation": 180, "texture": "#0"},
				"up": {"uv": [6, 7, 5.5, 8], "rotation": 270, "texture": "#0"},
				"down": {"uv": [5.5, 8, 5, 7], "rotation": 90, "texture": "#0"}
			}
		},
		{
			"from": [2, 7.5, 6],
			"to": [3, 8.5, 11],
			"rotation": {"angle": 0, "axis": "y", "origin": [8, 7.5, 8]},
			"faces": {
				"north": {"uv": [6, 1.5, 6.5, 2], "rotation": 180, "texture": "#0"},
				"east": {"uv": [6.5, 1.5, 9, 2], "rotation": 180, "texture": "#0"},
				"south": {"uv": [9, 1.5, 9.5, 2], "rotation": 180, "texture": "#0"},
				"west": {"uv": [9.5, 1.5, 12, 2], "rotation": 180, "texture": "#0"},
				"up": {"uv": [11.5, 1, 9, 1.5], "rotation": 270, "texture": "#0"},
				"down": {"uv": [9, 1.5, 6.5, 1], "rotation": 90, "texture": "#0"}
			}
		},
		{
			"from": [13, 7.5, 5],
			"to": [14, 8.5, 10],
			"rotation": {"angle": 0, "axis": "y", "origin": [8, 7.5, 8]},
			"faces": {
				"north": {"uv": [6, 0.5, 6.5, 1], "rotation": 180, "texture": "#0"},
				"east": {"uv": [6.5, 0.5, 9, 1], "rotation": 180, "texture": "#0"},
				"south": {"uv": [9, 0.5, 9.5, 1], "rotation": 180, "texture": "#0"},
				"west": {"uv": [9.5, 0.5, 12, 1], "rotation": 180, "texture": "#0"},
				"up": {"uv": [11.5, 0, 9, 0.5], "rotation": 270, "texture": "#0"},
				"down": {"uv": [9, 0.5, 6.5, 0], "rotation": 90, "texture": "#0"}
			}
		},
		{
			"name": "blade",
			"from": [14, 7.75, 5],
			"to": [15, 8.25, 10],
			"rotation": {"angle": 0, "axis": "y", "origin": [8, 7.5, 8]},
			"faces": {
				"north": {"uv": [0.5, 13, 3, 15.5], "rotation": 180, "texture": "#0"},
				"east": {"uv": [0.5, 13, 3, 15.5], "rotation": 180, "texture": "#0"},
				"south": {"uv": [0.5, 13, 3, 15.5], "rotation": 180, "texture": "#0"},
				"west": {"uv": [0.5, 13, 3, 15.5], "rotation": 180, "texture": "#0"},
				"up": {"uv": [0.5, 13, 3, 15.5], "rotation": 270, "texture": "#0"},
				"down": {"uv": [0.5, 13, 3, 15.5], "rotation": 90, "texture": "#0"}
			}
		},
		{
			"name": "blade",
			"from": [1, 7.75, 6],
			"to": [2, 8.25, 11],
			"rotation": {"angle": 0, "axis": "y", "origin": [8, 7.5, 8]},
			"faces": {
				"north": {"uv": [0.5, 13, 3, 15.5], "rotation": 180, "texture": "#0"},
				"east": {"uv": [0.5, 13, 3, 15.5], "rotation": 180, "texture": "#0"},
				"south": {"uv": [0.5, 13, 3, 15.5], "rotation": 180, "texture": "#0"},
				"west": {"uv": [0.5, 13, 3, 15.5], "rotation": 180, "texture": "#0"},
				"up": {"uv": [0.5, 13, 3, 15.5], "rotation": 90, "texture": "#0"},
				"down": {"uv": [0.5, 13, 3, 15.5], "rotation": 270, "texture": "#0"}
			}
		},
		{
			"name": "blade",
			"from": [13, 7.75, 10],
			"to": [14, 8.25, 11],
			"rotation": {"angle": 0, "axis": "y", "origin": [8, 7.5, 8]},
			"faces": {
				"north": {"uv": [0.5, 13, 3, 15.5], "rotation": 180, "texture": "#0"},
				"east": {"uv": [0.5, 13, 3, 15.5], "rotation": 180, "texture": "#0"},
				"south": {"uv": [0.5, 13, 3, 15.5], "rotation": 180, "texture": "#0"},
				"west": {"uv": [0.5, 13, 3, 15.5], "rotation": 180, "texture": "#0"},
				"up": {"uv": [0.5, 13, 3, 15.5], "rotation": 270, "texture": "#0"},
				"down": {"uv": [0.5, 13, 3, 15.5], "rotation": 90, "texture": "#0"}
			}
		},
		{
			"name": "blade",
			"from": [2, 7.75, 5],
			"to": [3, 8.25, 6],
			"rotation": {"angle": 0, "axis": "y", "origin": [8, 7.5, 8]},
			"faces": {
				"north": {"uv": [0.5, 13, 3, 15.5], "rotation": 180, "texture": "#0"},
				"east": {"uv": [0.5, 13, 3, 15.5], "rotation": 180, "texture": "#0"},
				"south": {"uv": [0.5, 13, 3, 15.5], "rotation": 180, "texture": "#0"},
				"west": {"uv": [0.5, 13, 3, 15.5], "rotation": 180, "texture": "#0"},
				"up": {"uv": [0.5, 13, 3, 15.5], "rotation": 90, "texture": "#0"},
				"down": {"uv": [0.5, 13, 3, 15.5], "rotation": 270, "texture": "#0"}
			}
		},
		{
			"name": "blade",
			"from": [12, 7.75, 11],
			"to": [13, 8.25, 12],
			"rotation": {"angle": 0, "axis": "y", "origin": [8, 7.5, 8]},
			"faces": {
				"north": {"uv": [0.5, 13, 3, 15.5], "rotation": 180, "texture": "#0"},
				"east": {"uv": [0.5, 13, 3, 15.5], "rotation": 180, "texture": "#0"},
				"south": {"uv": [0.5, 13, 3, 15.5], "rotation": 180, "texture": "#0"},
				"west": {"uv": [0.5, 13, 3, 15.5], "rotation": 180, "texture": "#0"},
				"up": {"uv": [0.5, 13, 3, 15.5], "rotation": 270, "texture": "#0"},
				"down": {"uv": [0.5, 13, 3, 15.5], "rotation": 90, "texture": "#0"}
			}
		},
		{
			"name": "blade",
			"from": [3, 7.75, 4],
			"to": [4, 8.25, 5],
			"rotation": {"angle": 0, "axis": "y", "origin": [8, 7.5, 8]},
			"faces": {
				"north": {"uv": [0.5, 13, 3, 15.5], "rotation": 180, "texture": "#0"},
				"east": {"uv": [0.5, 13, 3, 15.5], "rotation": 180, "texture": "#0"},
				"south": {"uv": [0.5, 13, 3, 15.5], "rotation": 180, "texture": "#0"},
				"west": {"uv": [0.5, 13, 3, 15.5], "rotation": 180, "texture": "#0"},
				"up": {"uv": [0.5, 13, 3, 15.5], "rotation": 90, "texture": "#0"},
				"down": {"uv": [0.5, 13, 3, 15.5], "rotation": 270, "texture": "#0"}
			}
		},
		{
			"name": "blade",
			"from": [11, 7.75, 12],
			"to": [12, 8.25, 13],
			"rotation": {"angle": 0, "axis": "y", "origin": [8, 7.5, 8]},
			"faces": {
				"north": {"uv": [0.5, 13, 3, 15.5], "rotation": 180, "texture": "#0"},
				"east": {"uv": [0.5, 13, 3, 15.5], "rotation": 180, "texture": "#0"},
				"south": {"uv": [0.5, 13, 3, 15.5], "rotation": 180, "texture": "#0"},
				"west": {"uv": [0.5, 13, 3, 15.5], "rotation": 180, "texture": "#0"},
				"up": {"uv": [0.5, 13, 3, 15.5], "rotation": 270, "texture": "#0"},
				"down": {"uv": [0.5, 13, 3, 15.5], "rotation": 90, "texture": "#0"}
			}
		},
		{
			"name": "blade",
			"from": [4, 7.75, 3],
			"to": [5, 8.25, 4],
			"rotation": {"angle": 0, "axis": "y", "origin": [8, 7.5, 8]},
			"faces": {
				"north": {"uv": [0.5, 13, 3, 15.5], "rotation": 180, "texture": "#0"},
				"east": {"uv": [0.5, 13, 3, 15.5], "rotation": 180, "texture": "#0"},
				"south": {"uv": [0.5, 13, 3, 15.5], "rotation": 180, "texture": "#0"},
				"west": {"uv": [0.5, 13, 3, 15.5], "rotation": 180, "texture": "#0"},
				"up": {"uv": [0.5, 13, 3, 15.5], "rotation": 90, "texture": "#0"},
				"down": {"uv": [0.5, 13, 3, 15.5], "rotation": 270, "texture": "#0"}
			}
		},
		{
			"name": "blade",
			"from": [12, 7.75, 3],
			"to": [13, 8.25, 4],
			"rotation": {"angle": 0, "axis": "y", "origin": [8, 7.5, 8]},
			"faces": {
				"north": {"uv": [0.5, 13, 3, 15.5], "rotation": 180, "texture": "#0"},
				"east": {"uv": [0.5, 13, 3, 15.5], "rotation": 180, "texture": "#0"},
				"south": {"uv": [0.5, 13, 3, 15.5], "rotation": 180, "texture": "#0"},
				"west": {"uv": [0.5, 13, 3, 15.5], "rotation": 180, "texture": "#0"},
				"up": {"uv": [0.5, 13, 3, 15.5], "rotation": 270, "texture": "#0"},
				"down": {"uv": [0.5, 13, 3, 15.5], "rotation": 90, "texture": "#0"}
			}
		},
		{
			"name": "blade",
			"from": [3, 7.75, 12],
			"to": [4, 8.25, 13],
			"rotation": {"angle": 0, "axis": "y", "origin": [8, 7.5, 8]},
			"faces": {
				"north": {"uv": [0.5, 13, 3, 15.5], "rotation": 180, "texture": "#0"},
				"east": {"uv": [0.5, 13, 3, 15.5], "rotation": 180, "texture": "#0"},
				"south": {"uv": [0.5, 13, 3, 15.5], "rotation": 180, "texture": "#0"},
				"west": {"uv": [0.5, 13, 3, 15.5], "rotation": 180, "texture": "#0"},
				"up": {"uv": [0.5, 13, 3, 15.5], "rotation": 90, "texture": "#0"},
				"down": {"uv": [0.5, 13, 3, 15.5], "rotation": 270, "texture": "#0"}
			}
		},
		{
			"name": "blade",
			"from": [13, 7.75, 4],
			"to": [14, 8.25, 5],
			"rotation": {"angle": 0, "axis": "y", "origin": [8, 7.5, 8]},
			"faces": {
				"north": {"uv": [0.5, 13, 3, 15.5], "rotation": 180, "texture": "#0"},
				"east": {"uv": [0.5, 13, 3, 15.5], "rotation": 180, "texture": "#0"},
				"south": {"uv": [0.5, 13, 3, 15.5], "rotation": 180, "texture": "#0"},
				"west": {"uv": [0.5, 13, 3, 15.5], "rotation": 180, "texture": "#0"},
				"up": {"uv": [0.5, 13, 3, 15.5], "rotation": 270, "texture": "#0"},
				"down": {"uv": [0.5, 13, 3, 15.5], "rotation": 90, "texture": "#0"}
			}
		},
		{
			"name": "blade",
			"from": [2, 7.75, 11],
			"to": [3, 8.25, 12],
			"rotation": {"angle": 0, "axis": "y", "origin": [8, 7.5, 8]},
			"faces": {
				"north": {"uv": [0.5, 13, 3, 15.5], "rotation": 180, "texture": "#0"},
				"east": {"uv": [0.5, 13, 3, 15.5], "rotation": 180, "texture": "#0"},
				"south": {"uv": [0.5, 13, 3, 15.5], "rotation": 180, "texture": "#0"},
				"west": {"uv": [0.5, 13, 3, 15.5], "rotation": 180, "texture": "#0"},
				"up": {"uv": [0.5, 13, 3, 15.5], "rotation": 90, "texture": "#0"},
				"down": {"uv": [0.5, 13, 3, 15.5], "rotation": 270, "texture": "#0"}
			}
		},
		{
			"name": "blade",
			"from": [6, 7.75, 4],
			"to": [8, 8.25, 5],
			"rotation": {"angle": 0, "axis": "y", "origin": [8, 7.5, 8]},
			"faces": {
				"north": {"uv": [0.5, 13, 3, 15.5], "rotation": 180, "texture": "#0"},
				"east": {"uv": [0.5, 13, 3, 15.5], "rotation": 180, "texture": "#0"},
				"south": {"uv": [0.5, 13, 3, 15.5], "rotation": 180, "texture": "#0"},
				"west": {"uv": [0.5, 13, 3, 15.5], "rotation": 180, "texture": "#0"},
				"up": {"uv": [0.5, 13, 3, 15.5], "rotation": 90, "texture": "#0"},
				"down": {"uv": [0.5, 13, 3, 15.5], "rotation": 270, "texture": "#0"}
			}
		},
		{
			"name": "blade",
			"from": [8, 7.75, 5],
			"to": [9, 8.25, 6],
			"rotation": {"angle": 0, "axis": "y", "origin": [8, 7.5, 8]},
			"faces": {
				"north": {"uv": [0.5, 13, 3, 15.5], "rotation": 180, "texture": "#0"},
				"east": {"uv": [0.5, 13, 3, 15.5], "rotation": 180, "texture": "#0"},
				"south": {"uv": [0.5, 13, 3, 15.5], "rotation": 180, "texture": "#0"},
				"west": {"uv": [0.5, 13, 3, 15.5], "rotation": 180, "texture": "#0"},
				"up": {"uv": [0.5, 13, 3, 15.5], "rotation": 90, "texture": "#0"},
				"down": {"uv": [0.5, 13, 3, 15.5], "rotation": 270, "texture": "#0"}
			}
		},
		{
			"name": "blade",
			"from": [7, 7.75, 10],
			"to": [8, 8.25, 11],
			"rotation": {"angle": 0, "axis": "y", "origin": [8, 7.5, 8]},
			"faces": {
				"north": {"uv": [0.5, 13, 3, 15.5], "rotation": 180, "texture": "#0"},
				"east": {"uv": [0.5, 13, 3, 15.5], "rotation": 180, "texture": "#0"},
				"south": {"uv": [0.5, 13, 3, 15.5], "rotation": 180, "texture": "#0"},
				"west": {"uv": [0.5, 13, 3, 15.5], "rotation": 180, "texture": "#0"},
				"up": {"uv": [0.5, 13, 3, 15.5], "rotation": 90, "texture": "#0"},
				"down": {"uv": [0.5, 13, 3, 15.5], "rotation": 270, "texture": "#0"}
			}
		},
		{
			"name": "blade",
			"from": [8, 7.75, 11],
			"to": [10, 8.25, 12],
			"rotation": {"angle": 0, "axis": "y", "origin": [8, 7.5, 8]},
			"faces": {
				"north": {"uv": [0.5, 13, 3, 15.5], "rotation": 180, "texture": "#0"},
				"east": {"uv": [0.5, 13, 3, 15.5], "rotation": 180, "texture": "#0"},
				"south": {"uv": [0.5, 13, 3, 15.5], "rotation": 180, "texture": "#0"},
				"west": {"uv": [0.5, 13, 3, 15.5], "rotation": 180, "texture": "#0"},
				"up": {"uv": [0.5, 13, 3, 15.5], "rotation": 90, "texture": "#0"},
				"down": {"uv": [0.5, 13, 3, 15.5], "rotation": 270, "texture": "#0"}
			}
		}
	],
	"gui_light": "front",
	"display": {
		"thirdperson_righthand": {
			"rotation": [-20, 10, -90],
			"translation": [0, -2, 1]
		},
		"thirdperson_lefthand": {
			"rotation": [-20, 10, -90],
			"translation": [0, -2, 1]
		},
		"firstperson_righthand": {
			"rotation": [30, 15, -90],
			"translation": [-0.25, 5.5, 1],
			"scale": [0.85, 0.85, 0.85]
		},
		"firstperson_lefthand": {
			"rotation": [30, 15, 90],
			"translation": [0.25, 5.5, 1],
			"scale": [0.85, 0.85, 0.85]
		},
		"ground": {
			"rotation": [45, 0, -90],
			"translation": [0, 2, 0],
			"scale": [0.55, 0.55, 0.55]
		},
		"gui": {
			"rotation": [-90, -45, 0],
			"scale": [1.15, 1.15, 1.15]
		},
		"head": {
			"translation": [0, -6, 0],
			"scale": [2.3, 2.3, 2.3]
		},
		"fixed": {
			"rotation": [90, 45, 0],
			"translation": [0, 0, -1],
			"scale": [1.35, 1.35, 1.35]
		}
	}
}