{
    "credit": "Made with Blockbench", 
    "textures": {
        "main": "item/custom_item/photon_disc/ender_throw_spin"
    }, 
    "elements": [
        {
            "from": [ 7, 7, 7 ], 
            "to":   [ 9, 9, 9 ], 
            "rotation": { "angle": 45, "axis": "y", "origin": [8, 7.5, 8] }, 
            "faces": {
                "north": { "uv": [ 4, 2.25, 4.5, 2.75 ], "rotation":180, "texture": "#main" }, 
                "east":  { "uv": [ 4.5, 2.25, 5, 2.75 ], "rotation":180, "texture": "#main" }, 
                "south": { "uv": [ 5, 2.25, 5.5, 2.75 ], "rotation":180, "texture": "#main" }, 
                "west":  { "uv": [ 3.5, 2.25, 4, 2.75 ], "rotation":180, "texture": "#main" }, 
                "up":    { "uv": [ 5, 1.75, 4.5, 2.25 ], "rotation":180, "texture": "#main" }, 
                "down":  { "uv": [ 4.5, 2.25, 4, 1.75 ], "rotation":180, "texture": "#main" }
            }
        }, 
        {
            "from": [ 6, 7.5, 6 ], 
            "to":   [ 10, 8.5, 10 ], 
            "rotation": { "angle": 45, "axis": "y", "origin": [8, 7.5, 8] }, 
            "faces": {
                "north": { "uv": [ 1, 1, 2, 1.25 ], "rotation":180, "texture": "#main" }, 
                "east":  { "uv": [ 2, 1, 3, 1.25 ], "rotation":180, "texture": "#main" }, 
                "south": { "uv": [ 3, 1, 4, 1.25 ], "rotation":180, "texture": "#main" }, 
                "west":  { "uv": [ 0, 1, 1, 1.25 ], "rotation":180, "texture": "#main" }, 
                "up":    { "uv": [ 3, 0, 2, 1 ], "rotation":180, "texture": "#main" }, 
                "down":  { "uv": [ 2, 1, 1, 0 ], "rotation":180, "texture": "#main" }
            }
        }, 
        {
            "from": [ 7, 7, 10 ], 
            "to":   [ 9, 9, 12 ], 
            "rotation": { "angle": 45, "axis": "y", "origin": [8, 7.5, 8] }, 
            "faces": {
                "north": { "uv": [ 0.5, 3.75, 1, 4.25 ], "rotation":180, "texture": "#main" }, 
                "east":  { "uv": [ 1, 3.75, 1.5, 4.25 ], "rotation":180, "texture": "#main" }, 
                "south": { "uv": [ 1.5, 3.75, 2, 4.25 ], "rotation":180, "texture": "#main" }, 
                "west":  { "uv": [ 0, 3.75, 0.5, 4.25 ], "rotation":180, "texture": "#main" }, 
                "up":    { "uv": [ 1.5, 3.25, 1, 3.75 ], "rotation":180, "texture": "#main" }, 
                "down":  { "uv": [ 1, 3.75, 0.5, 3.25 ], "rotation":180, "texture": "#main" }
            }
        }, 
        {
            "from": [ 7, 7, 4 ], 
            "to":   [ 9, 9, 6 ], 
            "rotation": { "angle": 45, "axis": "y", "origin": [8, 7.5, 8] }, 
            "faces": {
                "north": { "uv": [ 3.5, 3.5, 4, 4 ], "rotation":180, "texture": "#main" }, 
                "east":  { "uv": [ 4, 3.5, 4.5, 4 ], "rotation":180, "texture": "#main" }, 
                "south": { "uv": [ 4.5, 3.5, 5, 4 ], "rotation":180, "texture": "#main" }, 
                "west":  { "uv": [ 3, 3.5, 3.5, 4 ], "rotation":180, "texture": "#main" }, 
                "up":    { "uv": [ 4.5, 3, 4, 3.5 ], "rotation":180, "texture": "#main" }, 
                "down":  { "uv": [ 4, 3.5, 3.5, 3 ], "rotation":180, "texture": "#main" }
            }
        }, 
        {
            "from": [ 6, 7.5, 4 ], 
            "to":   [ 12, 8.5, 5 ], 
            "rotation": { "angle": 45, "axis": "y", "origin": [8, 7.5, 8] }, 
            "faces": {
                "north": { "uv": [ 0.25, 3, 1.75, 3.25 ], "rotation":180, "texture": "#main" }, 
                "east":  { "uv": [ 1.75, 3, 2, 3.25 ], "rotation":180, "texture": "#main" }, 
                "south": { "uv": [ 2, 3, 3.5, 3.25 ], "rotation":180, "texture": "#main" }, 
                "west":  { "uv": [ 0, 3, 0.25, 3.25 ], "rotation":180, "texture": "#main" }, 
                "up":    { "uv": [ 3.25, 2.75, 1.75, 3 ], "rotation":180, "texture": "#main" }, 
                "down":  { "uv": [ 1.75, 3, 0.25, 2.75 ], "rotation":180, "texture": "#main" }
            }
        }, 
        {
            "from": [ 4, 7.5, 3 ], 
            "to":   [ 11, 8.5, 4 ], 
            "rotation": { "angle": 45, "axis": "y", "origin": [8, 7.5, 8] }, 
            "faces": {
                "north": { "uv": [ 0.25, 1.5, 2, 1.75 ], "rotation":180, "texture": "#main" }, 
                "east":  { "uv": [ 2, 1.5, 2.25, 1.75 ], "rotation":180, "texture": "#main" }, 
                "south": { "uv": [ 2.25, 1.5, 4, 1.75 ], "rotation":180, "texture": "#main" }, 
                "west":  { "uv": [ 0, 1.5, 0.25, 1.75 ], "rotation":180, "texture": "#main" }, 
                "up":    { "uv": [ 3.75, 1.25, 2, 1.5 ], "rotation":180, "texture": "#main" }, 
                "down":  { "uv": [ 2, 1.5, 0.25, 1.25 ], "rotation":180, "texture": "#main" }
            }
        }, 
        {
            "from": [ 4, 7.5, 11 ], 
            "to":   [ 10, 8.5, 12 ], 
            "rotation": { "angle": 45, "axis": "y", "origin": [8, 7.5, 8] }, 
            "faces": {
                "north": { "uv": [ 0.25, 2.5, 1.75, 2.75 ], "rotation":180, "texture": "#main" }, 
                "east":  { "uv": [ 1.75, 2.5, 2, 2.75 ], "rotation":180, "texture": "#main" }, 
                "south": { "uv": [ 2, 2.5, 3.5, 2.75 ], "rotation":180, "texture": "#main" }, 
                "west":  { "uv": [ 0, 2.5, 0.25, 2.75 ], "rotation":180, "texture": "#main" }, 
                "up":    { "uv": [ 3.25, 2.25, 1.75, 2.5 ], "rotation":180, "texture": "#main" }, 
                "down":  { "uv": [ 1.75, 2.5, 0.25, 2.25 ], "rotation":180, "texture": "#main" }
            }
        }, 
        {
            "from": [ 5, 7.5, 12 ], 
            "to":   [ 12, 8.5, 13 ], 
            "rotation": { "angle": 45, "axis": "y", "origin": [8, 7.5, 8] }, 
            "faces": {
                "north": { "uv": [ 0.25, 2, 2, 2.25 ], "rotation":180, "texture": "#main" }, 
                "east":  { "uv": [ 2, 2, 2.25, 2.25 ], "rotation":180, "texture": "#main" }, 
                "south": { "uv": [ 2.25, 2, 4, 2.25 ], "rotation":180, "texture": "#main" }, 
                "west":  { "uv": [ 0, 2, 0.25, 2.25 ], "rotation":180, "texture": "#main" }, 
                "up":    { "uv": [ 3.75, 1.75, 2, 2 ], "rotation":180, "texture": "#main" }, 
                "down":  { "uv": [ 2, 2, 0.25, 1.75 ], "rotation":180, "texture": "#main" }
            }
        }, 
        {
            "from": [ 10, 7.5, 6 ], 
            "to":   [ 11, 8.5, 8 ], 
            "rotation": { "angle": 45, "axis": "y", "origin": [8, 7.5, 8] }, 
            "faces": {
                "north": { "uv": [ 3.5, 4.5, 3.75, 4.75 ], "rotation":180, "texture": "#main" }, 
                "east":  { "uv": [ 3.75, 4.5, 4.25, 4.75 ], "rotation":180, "texture": "#main" }, 
                "south": { "uv": [ 4.25, 4.5, 4.5, 4.75 ], "rotation":180, "texture": "#main" }, 
                "west":  { "uv": [ 3, 4.5, 3.5, 4.75 ], "rotation":180, "texture": "#main" }, 
                "up":    { "uv": [ 4, 4, 3.75, 4.5 ], "rotation":180, "texture": "#main" }, 
                "down":  { "uv": [ 3.75, 4.5, 3.5, 4 ], "rotation":180, "texture": "#main" }
            }
        }, 
        {
            "from": [ 5, 7.5, 8 ], 
            "to":   [ 6, 8.5, 10 ], 
            "rotation": { "angle": 45, "axis": "y", "origin": [8, 7.5, 8] }, 
            "faces": {
                "north": { "uv": [ 2.5, 4, 2.75, 4.25 ], "rotation":180, "texture": "#main" }, 
                "east":  { "uv": [ 2.75, 4, 3.25, 4.25 ], "rotation":180, "texture": "#main" }, 
                "south": { "uv": [ 3.25, 4, 3.5, 4.25 ], "rotation":180, "texture": "#main" }, 
                "west":  { "uv": [ 2, 4, 2.5, 4.25 ], "rotation":180, "texture": "#main" }, 
                "up":    { "uv": [ 3, 3.5, 2.75, 4 ], "rotation":180, "texture": "#main" }, 
                "down":  { "uv": [ 2.75, 4, 2.5, 3.5 ], "rotation":180, "texture": "#main" }
            }
        }, 
        {
            "from": [ 6, 7.5, 13 ], 
            "to":   [ 11, 8.5, 14 ], 
            "rotation": { "angle": 45, "axis": "y", "origin": [8, 7.5, 8] }, 
            "faces": {
                "north": { "uv": [ 3.25, 0.75, 4.5, 1 ], "rotation":180, "texture": "#main" }, 
                "east":  { "uv": [ 4.5, 0.75, 4.75, 1 ], "rotation":180, "texture": "#main" }, 
                "south": { "uv": [ 4.75, 0.75, 6, 1 ], "rotation":180, "texture": "#main" }, 
                "west":  { "uv": [ 3, 0.75, 3.25, 1 ], "rotation":180, "texture": "#main" }, 
                "up":    { "uv": [ 5.75, 0.5, 4.5, 0.75 ], "rotation":180, "texture": "#main" }, 
                "down":  { "uv": [ 4.5, 0.75, 3.25, 0.5 ], "rotation":180, "texture": "#main" }
            }
        }, 
        {
            "from": [ 5, 7.5, 2 ], 
            "to":   [ 10, 8.5, 3 ], 
            "rotation": { "angle": 45, "axis": "y", "origin": [8, 7.5, 8] }, 
            "faces": {
                "north": { "uv": [ 3.25, 0.25, 4.5, 0.5 ], "rotation":180, "texture": "#main" }, 
                "east":  { "uv": [ 4.5, 0.25, 4.75, 0.5 ], "rotation":180, "texture": "#main" }, 
                "south": { "uv": [ 4.75, 0.25, 6, 0.5 ], "rotation":180, "texture": "#main" }, 
                "west":  { "uv": [ 3, 0.25, 3.25, 0.5 ], "rotation":180, "texture": "#main" }, 
                "up":    { "uv": [ 5.75, 0, 4.5, 0.25 ], "rotation":180, "texture": "#main" }, 
                "down":  { "uv": [ 4.5, 0.25, 3.25, 0 ], "rotation":180, "texture": "#main" }
            }
        }, 
        {
            "name": "blade", 
            "from": [ 5, 7.75, 1 ], 
            "to":   [ 10, 8.25, 2 ], 
            "rotation": { "angle": 45, "axis": "y", "origin": [8, 7.5, 8] }, 
            "faces": {
                "north": { "uv": [ 0.25, 6.5, 1.5, 7.75 ], "rotation":180, "texture": "#main" }, 
                "east":  { "uv": [ 0.25, 6.5, 1.5, 7.75 ], "rotation":180, "texture": "#main" }, 
                "south": { "uv": [ 0.25, 6.5, 1.5, 7.75 ], "rotation":180, "texture": "#main" }, 
                "west":  { "uv": [ 0.25, 6.5, 1.5, 7.75 ], "rotation":180, "texture": "#main" }, 
                "up":    { "uv": [ 0.25, 6.5, 1.5, 7.75 ], "rotation":180, "texture": "#main" }, 
                "down":  { "uv": [ 0.25, 6.5, 1.5, 7.75 ], "rotation":180, "texture": "#main" }
            }
        }, 
        {
            "name": "blade", 
            "from": [ 6, 7.75, 14 ], 
            "to":   [ 11, 8.25, 15 ], 
            "rotation": { "angle": 45, "axis": "y", "origin": [8, 7.5, 8] }, 
            "faces": {
                "north": { "uv": [ 0.25, 6.5, 1.5, 7.75 ], "rotation":180, "texture": "#main" }, 
                "east":  { "uv": [ 0.25, 6.5, 1.5, 7.75 ], "rotation":180, "texture": "#main" }, 
                "south": { "uv": [ 0.25, 6.5, 1.5, 7.75 ], "rotation":180, "texture": "#main" }, 
                "west":  { "uv": [ 0.25, 6.5, 1.5, 7.75 ], "rotation":180, "texture": "#main" }, 
                "up":    { "uv": [ 0.25, 6.5, 1.5, 7.75 ], "texture": "#main" }, 
                "down":  { "uv": [ 0.25, 6.5, 1.5, 7.75 ], "texture": "#main" }
            }
        }, 
        {
            "name": "blade", 
            "from": [ 10, 7.75, 2 ], 
            "to":   [ 11, 8.25, 3 ], 
            "rotation": { "angle": 45, "axis": "y", "origin": [8, 7.5, 8] }, 
            "faces": {
                "north": { "uv": [ 0.25, 6.5, 1.5, 7.75 ], "rotation":180, "texture": "#main" }, 
                "east":  { "uv": [ 0.25, 6.5, 1.5, 7.75 ], "rotation":180, "texture": "#main" }, 
                "south": { "uv": [ 0.25, 6.5, 1.5, 7.75 ], "rotation":180, "texture": "#main" }, 
                "west":  { "uv": [ 0.25, 6.5, 1.5, 7.75 ], "rotation":180, "texture": "#main" }, 
                "up":    { "uv": [ 0.25, 6.5, 1.5, 7.75 ], "rotation":180, "texture": "#main" }, 
                "down":  { "uv": [ 0.25, 6.5, 1.5, 7.75 ], "rotation":180, "texture": "#main" }
            }
        }, 
        {
            "name": "blade", 
            "from": [ 5, 7.75, 13 ], 
            "to":   [ 6, 8.25, 14 ], 
            "rotation": { "angle": 45, "axis": "y", "origin": [8, 7.5, 8] }, 
            "faces": {
                "north": { "uv": [ 0.25, 6.5, 1.5, 7.75 ], "rotation":180, "texture": "#main" }, 
                "east":  { "uv": [ 0.25, 6.5, 1.5, 7.75 ], "rotation":180, "texture": "#main" }, 
                "south": { "uv": [ 0.25, 6.5, 1.5, 7.75 ], "rotation":180, "texture": "#main" }, 
                "west":  { "uv": [ 0.25, 6.5, 1.5, 7.75 ], "rotation":180, "texture": "#main" }, 
                "up":    { "uv": [ 0.25, 6.5, 1.5, 7.75 ], "texture": "#main" }, 
                "down":  { "uv": [ 0.25, 6.5, 1.5, 7.75 ], "texture": "#main" }
            }
        }, 
        {
            "name": "blade", 
            "from": [ 11, 7.75, 3 ], 
            "to":   [ 12, 8.25, 4 ], 
            "rotation": { "angle": 45, "axis": "y", "origin": [8, 7.5, 8] }, 
            "faces": {
                "north": { "uv": [ 0.25, 6.5, 1.5, 7.75 ], "rotation":180, "texture": "#main" }, 
                "east":  { "uv": [ 0.25, 6.5, 1.5, 7.75 ], "rotation":180, "texture": "#main" }, 
                "south": { "uv": [ 0.25, 6.5, 1.5, 7.75 ], "rotation":180, "texture": "#main" }, 
                "west":  { "uv": [ 0.25, 6.5, 1.5, 7.75 ], "rotation":180, "texture": "#main" }, 
                "up":    { "uv": [ 0.25, 6.5, 1.5, 7.75 ], "rotation":180, "texture": "#main" }, 
                "down":  { "uv": [ 0.25, 6.5, 1.5, 7.75 ], "rotation":180, "texture": "#main" }
            }
        }, 
        {
            "name": "blade", 
            "from": [ 4, 7.75, 12 ], 
            "to":   [ 5, 8.25, 13 ], 
            "rotation": { "angle": 45, "axis": "y", "origin": [8, 7.5, 8] }, 
            "faces": {
                "north": { "uv": [ 0.25, 6.5, 1.5, 7.75 ], "rotation":180, "texture": "#main" }, 
                "east":  { "uv": [ 0.25, 6.5, 1.5, 7.75 ], "rotation":180, "texture": "#main" }, 
                "south": { "uv": [ 0.25, 6.5, 1.5, 7.75 ], "rotation":180, "texture": "#main" }, 
                "west":  { "uv": [ 0.25, 6.5, 1.5, 7.75 ], "rotation":180, "texture": "#main" }, 
                "up":    { "uv": [ 0.25, 6.5, 1.5, 7.75 ], "texture": "#main" }, 
                "down":  { "uv": [ 0.25, 6.5, 1.5, 7.75 ], "texture": "#main" }
            }
        }, 
        {
            "name": "blade", 
            "from": [ 12, 7.75, 4 ], 
            "to":   [ 13, 8.25, 5 ], 
            "rotation": { "angle": 45, "axis": "y", "origin": [8, 7.5, 8] }, 
            "faces": {
                "north": { "uv": [ 0.25, 6.5, 1.5, 7.75 ], "rotation":180, "texture": "#main" }, 
                "east":  { "uv": [ 0.25, 6.5, 1.5, 7.75 ], "rotation":180, "texture": "#main" }, 
                "south": { "uv": [ 0.25, 6.5, 1.5, 7.75 ], "rotation":180, "texture": "#main" }, 
                "west":  { "uv": [ 0.25, 6.5, 1.5, 7.75 ], "rotation":180, "texture": "#main" }, 
                "up":    { "uv": [ 0.25, 6.5, 1.5, 7.75 ], "rotation":180, "texture": "#main" }, 
                "down":  { "uv": [ 0.25, 6.5, 1.5, 7.75 ], "rotation":180, "texture": "#main" }
            }
        }, 
        {
            "name": "blade", 
            "from": [ 3, 7.75, 11 ], 
            "to":   [ 4, 8.25, 12 ], 
            "rotation": { "angle": 45, "axis": "y", "origin": [8, 7.5, 8] }, 
            "faces": {
                "north": { "uv": [ 0.25, 6.5, 1.5, 7.75 ], "rotation":180, "texture": "#main" }, 
                "east":  { "uv": [ 0.25, 6.5, 1.5, 7.75 ], "rotation":180, "texture": "#main" }, 
                "south": { "uv": [ 0.25, 6.5, 1.5, 7.75 ], "rotation":180, "texture": "#main" }, 
                "west":  { "uv": [ 0.25, 6.5, 1.5, 7.75 ], "rotation":180, "texture": "#main" }, 
                "up":    { "uv": [ 0.25, 6.5, 1.5, 7.75 ], "texture": "#main" }, 
                "down":  { "uv": [ 0.25, 6.5, 1.5, 7.75 ], "texture": "#main" }
            }
        }, 
        {
            "name": "blade", 
            "from": [ 3, 7.75, 3 ], 
            "to":   [ 4, 8.25, 4 ], 
            "rotation": { "angle": 45, "axis": "y", "origin": [8, 7.5, 8] }, 
            "faces": {
                "north": { "uv": [ 0.25, 6.5, 1.5, 7.75 ], "rotation":180, "texture": "#main" }, 
                "east":  { "uv": [ 0.25, 6.5, 1.5, 7.75 ], "rotation":180, "texture": "#main" }, 
                "south": { "uv": [ 0.25, 6.5, 1.5, 7.75 ], "rotation":180, "texture": "#main" }, 
                "west":  { "uv": [ 0.25, 6.5, 1.5, 7.75 ], "rotation":180, "texture": "#main" }, 
                "up":    { "uv": [ 0.25, 6.5, 1.5, 7.75 ], "rotation":180, "texture": "#main" }, 
                "down":  { "uv": [ 0.25, 6.5, 1.5, 7.75 ], "rotation":180, "texture": "#main" }
            }
        }, 
        {
            "name": "blade", 
            "from": [ 12, 7.75, 12 ], 
            "to":   [ 13, 8.25, 13 ], 
            "rotation": { "angle": 45, "axis": "y", "origin": [8, 7.5, 8] }, 
            "faces": {
                "north": { "uv": [ 0.25, 6.5, 1.5, 7.75 ], "rotation":180, "texture": "#main" }, 
                "east":  { "uv": [ 0.25, 6.5, 1.5, 7.75 ], "rotation":180, "texture": "#main" }, 
                "south": { "uv": [ 0.25, 6.5, 1.5, 7.75 ], "rotation":180, "texture": "#main" }, 
                "west":  { "uv": [ 0.25, 6.5, 1.5, 7.75 ], "rotation":180, "texture": "#main" }, 
                "up":    { "uv": [ 0.25, 6.5, 1.5, 7.75 ], "texture": "#main" }, 
                "down":  { "uv": [ 0.25, 6.5, 1.5, 7.75 ], "texture": "#main" }
            }
        }, 
        {
            "name": "blade", 
            "from": [ 4, 7.75, 2 ], 
            "to":   [ 5, 8.25, 3 ], 
            "rotation": { "angle": 45, "axis": "y", "origin": [8, 7.5, 8] }, 
            "faces": {
                "north": { "uv": [ 0.25, 6.5, 1.5, 7.75 ], "rotation":180, "texture": "#main" }, 
                "east":  { "uv": [ 0.25, 6.5, 1.5, 7.75 ], "rotation":180, "texture": "#main" }, 
                "south": { "uv": [ 0.25, 6.5, 1.5, 7.75 ], "rotation":180, "texture": "#main" }, 
                "west":  { "uv": [ 0.25, 6.5, 1.5, 7.75 ], "rotation":180, "texture": "#main" }, 
                "up":    { "uv": [ 0.25, 6.5, 1.5, 7.75 ], "rotation":180, "texture": "#main" }, 
                "down":  { "uv": [ 0.25, 6.5, 1.5, 7.75 ], "rotation":180, "texture": "#main" }
            }
        }, 
        {
            "name": "blade", 
            "from": [ 11, 7.75, 13 ], 
            "to":   [ 12, 8.25, 14 ], 
            "rotation": { "angle": 45, "axis": "y", "origin": [8, 7.5, 8] }, 
            "faces": {
                "north": { "uv": [ 0.25, 6.5, 1.5, 7.75 ], "rotation":180, "texture": "#main" }, 
                "east":  { "uv": [ 0.25, 6.5, 1.5, 7.75 ], "rotation":180, "texture": "#main" }, 
                "south": { "uv": [ 0.25, 6.5, 1.5, 7.75 ], "rotation":180, "texture": "#main" }, 
                "west":  { "uv": [ 0.25, 6.5, 1.5, 7.75 ], "rotation":180, "texture": "#main" }, 
                "up":    { "uv": [ 0.25, 6.5, 1.5, 7.75 ], "texture": "#main" }, 
                "down":  { "uv": [ 0.25, 6.5, 1.5, 7.75 ], "texture": "#main" }
            }
        }, 
        {
            "name": "blade", 
            "from": [ 4, 7.75, 8 ], 
            "to":   [ 5, 8.25, 10 ], 
            "rotation": { "angle": 45, "axis": "y", "origin": [8, 7.5, 8] }, 
            "faces": {
                "north": { "uv": [ 0.25, 6.5, 1.5, 7.75 ], "rotation":180, "texture": "#main" }, 
                "east":  { "uv": [ 0.25, 6.5, 1.5, 7.75 ], "rotation":180, "texture": "#main" }, 
                "south": { "uv": [ 0.25, 6.5, 1.5, 7.75 ], "rotation":180, "texture": "#main" }, 
                "west":  { "uv": [ 0.25, 6.5, 1.5, 7.75 ], "rotation":180, "texture": "#main" }, 
                "up":    { "uv": [ 0.25, 6.5, 1.5, 7.75 ], "texture": "#main" }, 
                "down":  { "uv": [ 0.25, 6.5, 1.5, 7.75 ], "texture": "#main" }
            }
        }, 
        {
            "name": "blade", 
            "from": [ 5, 7.75, 7 ], 
            "to":   [ 6, 8.25, 8 ], 
            "rotation": { "angle": 45, "axis": "y", "origin": [8, 7.5, 8] }, 
            "faces": {
                "north": { "uv": [ 0.25, 6.5, 1.5, 7.75 ], "rotation":180, "texture": "#main" }, 
                "east":  { "uv": [ 0.25, 6.5, 1.5, 7.75 ], "rotation":180, "texture": "#main" }, 
                "south": { "uv": [ 0.25, 6.5, 1.5, 7.75 ], "rotation":180, "texture": "#main" }, 
                "west":  { "uv": [ 0.25, 6.5, 1.5, 7.75 ], "rotation":180, "texture": "#main" }, 
                "up":    { "uv": [ 0.25, 6.5, 1.5, 7.75 ], "texture": "#main" }, 
                "down":  { "uv": [ 0.25, 6.5, 1.5, 7.75 ], "texture": "#main" }
            }
        }, 
        {
            "name": "blade", 
            "from": [ 10, 7.75, 8 ], 
            "to":   [ 11, 8.25, 9 ], 
            "rotation": { "angle": 45, "axis": "y", "origin": [8, 7.5, 8] }, 
            "faces": {
                "north": { "uv": [ 0.25, 6.5, 1.5, 7.75 ], "rotation":180, "texture": "#main" }, 
                "east":  { "uv": [ 0.25, 6.5, 1.5, 7.75 ], "rotation":180, "texture": "#main" }, 
                "south": { "uv": [ 0.25, 6.5, 1.5, 7.75 ], "rotation":180, "texture": "#main" }, 
                "west":  { "uv": [ 0.25, 6.5, 1.5, 7.75 ], "rotation":180, "texture": "#main" }, 
                "up":    { "uv": [ 0.25, 6.5, 1.5, 7.75 ], "texture": "#main" }, 
                "down":  { "uv": [ 0.25, 6.5, 1.5, 7.75 ], "texture": "#main" }
            }
        }, 
        {
            "name": "blade", 
            "from": [ 11, 7.75, 6 ], 
            "to":   [ 12, 8.25, 8 ], 
            "rotation": { "angle": 45, "axis": "y", "origin": [8, 7.5, 8] }, 
            "faces": {
                "north": { "uv": [ 0.25, 6.5, 1.5, 7.75 ], "rotation":180, "texture": "#main" }, 
                "east":  { "uv": [ 0.25, 6.5, 1.5, 7.75 ], "rotation":180, "texture": "#main" }, 
                "south": { "uv": [ 0.25, 6.5, 1.5, 7.75 ], "rotation":180, "texture": "#main" }, 
                "west":  { "uv": [ 0.25, 6.5, 1.5, 7.75 ], "rotation":180, "texture": "#main" }, 
                "up":    { "uv": [ 0.25, 6.5, 1.5, 7.75 ], "texture": "#main" }, 
                "down":  { "uv": [ 0.25, 6.5, 1.5, 7.75 ], "texture": "#main" }
            }
        }, 
        {
            "from": [ 7, 7, 7 ], 
            "to":   [ 9, 9, 9 ], 
            "rotation": { "angle": 0, "axis": "y", "origin": [8, 7.5, 8] }, 
            "faces": {
                "north": { "uv": [ 12, 2.25, 12.5, 2.75 ], "rotation":180, "texture": "#main" }, 
                "east":  { "uv": [ 12.5, 2.25, 13, 2.75 ], "rotation":180, "texture": "#main" }, 
                "south": { "uv": [ 13, 2.25, 13.5, 2.75 ], "rotation":180, "texture": "#main" }, 
                "west":  { "uv": [ 11.5, 2.25, 12, 2.75 ], "rotation":180, "texture": "#main" }, 
                "up":    { "uv": [ 13, 1.75, 12.5, 2.25 ], "rotation":180, "texture": "#main" }, 
                "down":  { "uv": [ 12.5, 2.25, 12, 1.75 ], "rotation":180, "texture": "#main" }
            }
        }, 
        {
            "from": [ 6, 7.5, 6 ], 
            "to":   [ 10, 8.5, 10 ], 
            "rotation": { "angle": 0, "axis": "y", "origin": [8, 7.5, 8] }, 
            "faces": {
                "north": { "uv": [ 9, 1, 10, 1.25 ], "rotation":180, "texture": "#main" }, 
                "east":  { "uv": [ 10, 1, 11, 1.25 ], "rotation":180, "texture": "#main" }, 
                "south": { "uv": [ 11, 1, 12, 1.25 ], "rotation":180, "texture": "#main" }, 
                "west":  { "uv": [ 8, 1, 9, 1.25 ], "rotation":180, "texture": "#main" }, 
                "up":    { "uv": [ 11, 0, 10, 1 ], "rotation":180, "texture": "#main" }, 
                "down":  { "uv": [ 10, 1, 9, 0 ], "rotation":180, "texture": "#main" }
            }
        }, 
        {
            "from": [ 7, 7, 10 ], 
            "to":   [ 9, 9, 12 ], 
            "rotation": { "angle": 0, "axis": "y", "origin": [8, 7.5, 8] }, 
            "faces": {
                "north": { "uv": [ 8.5, 3.75, 9, 4.25 ], "rotation":180, "texture": "#main" }, 
                "east":  { "uv": [ 9, 3.75, 9.5, 4.25 ], "rotation":180, "texture": "#main" }, 
                "south": { "uv": [ 9.5, 3.75, 10, 4.25 ], "rotation":180, "texture": "#main" }, 
                "west":  { "uv": [ 8, 3.75, 8.5, 4.25 ], "rotation":180, "texture": "#main" }, 
                "up":    { "uv": [ 9.5, 3.25, 9, 3.75 ], "rotation":180, "texture": "#main" }, 
                "down":  { "uv": [ 9, 3.75, 8.5, 3.25 ], "rotation":180, "texture": "#main" }
            }
        }, 
        {
            "from": [ 7, 7, 4 ], 
            "to":   [ 9, 9, 6 ], 
            "rotation": { "angle": 0, "axis": "y", "origin": [8, 7.5, 8] }, 
            "faces": {
                "north": { "uv": [ 11.5, 3.5, 12, 4 ], "rotation":180, "texture": "#main" }, 
                "east":  { "uv": [ 12, 3.5, 12.5, 4 ], "rotation":180, "texture": "#main" }, 
                "south": { "uv": [ 12.5, 3.5, 13, 4 ], "rotation":180, "texture": "#main" }, 
                "west":  { "uv": [ 11, 3.5, 11.5, 4 ], "rotation":180, "texture": "#main" }, 
                "up":    { "uv": [ 12.5, 3, 12, 3.5 ], "rotation":180, "texture": "#main" }, 
                "down":  { "uv": [ 12, 3.5, 11.5, 3 ], "rotation":180, "texture": "#main" }
            }
        }, 
        {
            "from": [ 6, 7.5, 4 ], 
            "to":   [ 12, 8.5, 5 ], 
            "rotation": { "angle": 0, "axis": "y", "origin": [8, 7.5, 8] }, 
            "faces": {
                "north": { "uv": [ 8.25, 3, 9.75, 3.25 ], "rotation":180, "texture": "#main" }, 
                "east":  { "uv": [ 9.75, 3, 10, 3.25 ], "rotation":180, "texture": "#main" }, 
                "south": { "uv": [ 10, 3, 11.5, 3.25 ], "rotation":180, "texture": "#main" }, 
                "west":  { "uv": [ 8, 3, 8.25, 3.25 ], "rotation":180, "texture": "#main" }, 
                "up":    { "uv": [ 11.25, 2.75, 9.75, 3 ], "rotation":180, "texture": "#main" }, 
                "down":  { "uv": [ 9.75, 3, 8.25, 2.75 ], "rotation":180, "texture": "#main" }
            }
        }, 
        {
            "from": [ 4, 7.5, 3 ], 
            "to":   [ 11, 8.5, 4 ], 
            "rotation": { "angle": 0, "axis": "y", "origin": [8, 7.5, 8] }, 
            "faces": {
                "north": { "uv": [ 8.25, 1.5, 10, 1.75 ], "rotation":180, "texture": "#main" }, 
                "east":  { "uv": [ 10, 1.5, 10.25, 1.75 ], "rotation":180, "texture": "#main" }, 
                "south": { "uv": [ 10.25, 1.5, 12, 1.75 ], "rotation":180, "texture": "#main" }, 
                "west":  { "uv": [ 8, 1.5, 8.25, 1.75 ], "rotation":180, "texture": "#main" }, 
                "up":    { "uv": [ 11.75, 1.25, 10, 1.5 ], "rotation":180, "texture": "#main" }, 
                "down":  { "uv": [ 10, 1.5, 8.25, 1.25 ], "rotation":180, "texture": "#main" }
            }
        }, 
        {
            "from": [ 4, 7.5, 11 ], 
            "to":   [ 10, 8.5, 12 ], 
            "rotation": { "angle": 0, "axis": "y", "origin": [8, 7.5, 8] }, 
            "faces": {
                "north": { "uv": [ 8.25, 2.5, 9.75, 2.75 ], "rotation":180, "texture": "#main" }, 
                "east":  { "uv": [ 9.75, 2.5, 10, 2.75 ], "rotation":180, "texture": "#main" }, 
                "south": { "uv": [ 10, 2.5, 11.5, 2.75 ], "rotation":180, "texture": "#main" }, 
                "west":  { "uv": [ 8, 2.5, 8.25, 2.75 ], "rotation":180, "texture": "#main" }, 
                "up":    { "uv": [ 11.25, 2.25, 9.75, 2.5 ], "rotation":180, "texture": "#main" }, 
                "down":  { "uv": [ 9.75, 2.5, 8.25, 2.25 ], "rotation":180, "texture": "#main" }
            }
        }, 
        {
            "from": [ 5, 7.5, 12 ], 
            "to":   [ 12, 8.5, 13 ], 
            "rotation": { "angle": 0, "axis": "y", "origin": [8, 7.5, 8] }, 
            "faces": {
                "north": { "uv": [ 8.25, 2, 10, 2.25 ], "rotation":180, "texture": "#main" }, 
                "east":  { "uv": [ 10, 2, 10.25, 2.25 ], "rotation":180, "texture": "#main" }, 
                "south": { "uv": [ 10.25, 2, 12, 2.25 ], "rotation":180, "texture": "#main" }, 
                "west":  { "uv": [ 8, 2, 8.25, 2.25 ], "rotation":180, "texture": "#main" }, 
                "up":    { "uv": [ 11.75, 1.75, 10, 2 ], "rotation":180, "texture": "#main" }, 
                "down":  { "uv": [ 10, 2, 8.25, 1.75 ], "rotation":180, "texture": "#main" }
            }
        }, 
        {
            "from": [ 10, 7.5, 6 ], 
            "to":   [ 11, 8.5, 8 ], 
            "rotation": { "angle": 0, "axis": "y", "origin": [8, 7.5, 8] }, 
            "faces": {
                "north": { "uv": [ 11.5, 4.5, 11.75, 4.75 ], "rotation":180, "texture": "#main" }, 
                "east":  { "uv": [ 11.75, 4.5, 12.25, 4.75 ], "rotation":180, "texture": "#main" }, 
                "south": { "uv": [ 12.25, 4.5, 12.5, 4.75 ], "rotation":180, "texture": "#main" }, 
                "west":  { "uv": [ 11, 4.5, 11.5, 4.75 ], "rotation":180, "texture": "#main" }, 
                "up":    { "uv": [ 12, 4, 11.75, 4.5 ], "rotation":180, "texture": "#main" }, 
                "down":  { "uv": [ 11.75, 4.5, 11.5, 4 ], "rotation":180, "texture": "#main" }
            }
        }, 
        {
            "from": [ 5, 7.5, 8 ], 
            "to":   [ 6, 8.5, 10 ], 
            "rotation": { "angle": 0, "axis": "y", "origin": [8, 7.5, 8] }, 
            "faces": {
                "north": { "uv": [ 10.5, 4, 10.75, 4.25 ], "rotation":180, "texture": "#main" }, 
                "east":  { "uv": [ 10.75, 4, 11.25, 4.25 ], "rotation":180, "texture": "#main" }, 
                "south": { "uv": [ 11.25, 4, 11.5, 4.25 ], "rotation":180, "texture": "#main" }, 
                "west":  { "uv": [ 10, 4, 10.5, 4.25 ], "rotation":180, "texture": "#main" }, 
                "up":    { "uv": [ 11, 3.5, 10.75, 4 ], "rotation":180, "texture": "#main" }, 
                "down":  { "uv": [ 10.75, 4, 10.5, 3.5 ], "rotation":180, "texture": "#main" }
            }
        }, 
        {
            "from": [ 6, 7.5, 13 ], 
            "to":   [ 11, 8.5, 14 ], 
            "rotation": { "angle": 0, "axis": "y", "origin": [8, 7.5, 8] }, 
            "faces": {
                "north": { "uv": [ 11.25, 0.75, 12.5, 1 ], "rotation":180, "texture": "#main" }, 
                "east":  { "uv": [ 12.5, 0.75, 12.75, 1 ], "rotation":180, "texture": "#main" }, 
                "south": { "uv": [ 12.75, 0.75, 14, 1 ], "rotation":180, "texture": "#main" }, 
                "west":  { "uv": [ 11, 0.75, 11.25, 1 ], "rotation":180, "texture": "#main" }, 
                "up":    { "uv": [ 13.75, 0.5, 12.5, 0.75 ], "rotation":180, "texture": "#main" }, 
                "down":  { "uv": [ 12.5, 0.75, 11.25, 0.5 ], "rotation":180, "texture": "#main" }
            }
        }, 
        {
            "from": [ 5, 7.5, 2 ], 
            "to":   [ 10, 8.5, 3 ], 
            "rotation": { "angle": 0, "axis": "y", "origin": [8, 7.5, 8] }, 
            "faces": {
                "north": { "uv": [ 11.25, 0.25, 12.5, 0.5 ], "rotation":180, "texture": "#main" }, 
                "east":  { "uv": [ 12.5, 0.25, 12.75, 0.5 ], "rotation":180, "texture": "#main" }, 
                "south": { "uv": [ 12.75, 0.25, 14, 0.5 ], "rotation":180, "texture": "#main" }, 
                "west":  { "uv": [ 11, 0.25, 11.25, 0.5 ], "rotation":180, "texture": "#main" }, 
                "up":    { "uv": [ 13.75, 0, 12.5, 0.25 ], "rotation":180, "texture": "#main" }, 
                "down":  { "uv": [ 12.5, 0.25, 11.25, 0 ], "rotation":180, "texture": "#main" }
            }
        }, 
        {
            "name": "blade", 
            "from": [ 5, 7.75, 1 ], 
            "to":   [ 10, 8.25, 2 ], 
            "rotation": { "angle": 0, "axis": "y", "origin": [8, 7.5, 8] }, 
            "faces": {
                "north": { "uv": [ 8.25, 6.5, 9.5, 7.75 ], "rotation":180, "texture": "#main" }, 
                "east":  { "uv": [ 8.25, 6.5, 9.5, 7.75 ], "rotation":180, "texture": "#main" }, 
                "south": { "uv": [ 8.25, 6.5, 9.5, 7.75 ], "rotation":180, "texture": "#main" }, 
                "west":  { "uv": [ 8.25, 6.5, 9.5, 7.75 ], "rotation":180, "texture": "#main" }, 
                "up":    { "uv": [ 8.25, 6.5, 9.5, 7.75 ], "rotation":180, "texture": "#main" }, 
                "down":  { "uv": [ 8.25, 6.5, 9.5, 7.75 ], "rotation":180, "texture": "#main" }
            }
        }, 
        {
            "name": "blade", 
            "from": [ 6, 7.75, 14 ], 
            "to":   [ 11, 8.25, 15 ], 
            "rotation": { "angle": 0, "axis": "y", "origin": [8, 7.5, 8] }, 
            "faces": {
                "north": { "uv": [ 8.25, 6.5, 9.5, 7.75 ], "rotation":180, "texture": "#main" }, 
                "east":  { "uv": [ 8.25, 6.5, 9.5, 7.75 ], "rotation":180, "texture": "#main" }, 
                "south": { "uv": [ 8.25, 6.5, 9.5, 7.75 ], "rotation":180, "texture": "#main" }, 
                "west":  { "uv": [ 8.25, 6.5, 9.5, 7.75 ], "rotation":180, "texture": "#main" }, 
                "up":    { "uv": [ 8.25, 6.5, 9.5, 7.75 ], "texture": "#main" }, 
                "down":  { "uv": [ 8.25, 6.5, 9.5, 7.75 ], "texture": "#main" }
            }
        }, 
        {
            "name": "blade", 
            "from": [ 10, 7.75, 2 ], 
            "to":   [ 11, 8.25, 3 ], 
            "rotation": { "angle": 0, "axis": "y", "origin": [8, 7.5, 8] }, 
            "faces": {
                "north": { "uv": [ 8.25, 6.5, 9.5, 7.75 ], "rotation":180, "texture": "#main" }, 
                "east":  { "uv": [ 8.25, 6.5, 9.5, 7.75 ], "rotation":180, "texture": "#main" }, 
                "south": { "uv": [ 8.25, 6.5, 9.5, 7.75 ], "rotation":180, "texture": "#main" }, 
                "west":  { "uv": [ 8.25, 6.5, 9.5, 7.75 ], "rotation":180, "texture": "#main" }, 
                "up":    { "uv": [ 8.25, 6.5, 9.5, 7.75 ], "rotation":180, "texture": "#main" }, 
                "down":  { "uv": [ 8.25, 6.5, 9.5, 7.75 ], "rotation":180, "texture": "#main" }
            }
        }, 
        {
            "name": "blade", 
            "from": [ 5, 7.75, 13 ], 
            "to":   [ 6, 8.25, 14 ], 
            "rotation": { "angle": 0, "axis": "y", "origin": [8, 7.5, 8] }, 
            "faces": {
                "north": { "uv": [ 8.25, 6.5, 9.5, 7.75 ], "rotation":180, "texture": "#main" }, 
                "east":  { "uv": [ 8.25, 6.5, 9.5, 7.75 ], "rotation":180, "texture": "#main" }, 
                "south": { "uv": [ 8.25, 6.5, 9.5, 7.75 ], "rotation":180, "texture": "#main" }, 
                "west":  { "uv": [ 8.25, 6.5, 9.5, 7.75 ], "rotation":180, "texture": "#main" }, 
                "up":    { "uv": [ 8.25, 6.5, 9.5, 7.75 ], "texture": "#main" }, 
                "down":  { "uv": [ 8.25, 6.5, 9.5, 7.75 ], "texture": "#main" }
            }
        }, 
        {
            "name": "blade", 
            "from": [ 11, 7.75, 3 ], 
            "to":   [ 12, 8.25, 4 ], 
            "rotation": { "angle": 0, "axis": "y", "origin": [8, 7.5, 8] }, 
            "faces": {
                "north": { "uv": [ 8.25, 6.5, 9.5, 7.75 ], "rotation":180, "texture": "#main" }, 
                "east":  { "uv": [ 8.25, 6.5, 9.5, 7.75 ], "rotation":180, "texture": "#main" }, 
                "south": { "uv": [ 8.25, 6.5, 9.5, 7.75 ], "rotation":180, "texture": "#main" }, 
                "west":  { "uv": [ 8.25, 6.5, 9.5, 7.75 ], "rotation":180, "texture": "#main" }, 
                "up":    { "uv": [ 8.25, 6.5, 9.5, 7.75 ], "rotation":180, "texture": "#main" }, 
                "down":  { "uv": [ 8.25, 6.5, 9.5, 7.75 ], "rotation":180, "texture": "#main" }
            }
        }, 
        {
            "name": "blade", 
            "from": [ 4, 7.75, 12 ], 
            "to":   [ 5, 8.25, 13 ], 
            "rotation": { "angle": 0, "axis": "y", "origin": [8, 7.5, 8] }, 
            "faces": {
                "north": { "uv": [ 8.25, 6.5, 9.5, 7.75 ], "rotation":180, "texture": "#main" }, 
                "east":  { "uv": [ 8.25, 6.5, 9.5, 7.75 ], "rotation":180, "texture": "#main" }, 
                "south": { "uv": [ 8.25, 6.5, 9.5, 7.75 ], "rotation":180, "texture": "#main" }, 
                "west":  { "uv": [ 8.25, 6.5, 9.5, 7.75 ], "rotation":180, "texture": "#main" }, 
                "up":    { "uv": [ 8.25, 6.5, 9.5, 7.75 ], "texture": "#main" }, 
                "down":  { "uv": [ 8.25, 6.5, 9.5, 7.75 ], "texture": "#main" }
            }
        }, 
        {
            "name": "blade", 
            "from": [ 12, 7.75, 4 ], 
            "to":   [ 13, 8.25, 5 ], 
            "rotation": { "angle": 0, "axis": "y", "origin": [8, 7.5, 8] }, 
            "faces": {
                "north": { "uv": [ 8.25, 6.5, 9.5, 7.75 ], "rotation":180, "texture": "#main" }, 
                "east":  { "uv": [ 8.25, 6.5, 9.5, 7.75 ], "rotation":180, "texture": "#main" }, 
                "south": { "uv": [ 8.25, 6.5, 9.5, 7.75 ], "rotation":180, "texture": "#main" }, 
                "west":  { "uv": [ 8.25, 6.5, 9.5, 7.75 ], "rotation":180, "texture": "#main" }, 
                "up":    { "uv": [ 8.25, 6.5, 9.5, 7.75 ], "rotation":180, "texture": "#main" }, 
                "down":  { "uv": [ 8.25, 6.5, 9.5, 7.75 ], "rotation":180, "texture": "#main" }
            }
        }, 
        {
            "name": "blade", 
            "from": [ 3, 7.75, 11 ], 
            "to":   [ 4, 8.25, 12 ], 
            "rotation": { "angle": 0, "axis": "y", "origin": [8, 7.5, 8] }, 
            "faces": {
                "north": { "uv": [ 8.25, 6.5, 9.5, 7.75 ], "rotation":180, "texture": "#main" }, 
                "east":  { "uv": [ 8.25, 6.5, 9.5, 7.75 ], "rotation":180, "texture": "#main" }, 
                "south": { "uv": [ 8.25, 6.5, 9.5, 7.75 ], "rotation":180, "texture": "#main" }, 
                "west":  { "uv": [ 8.25, 6.5, 9.5, 7.75 ], "rotation":180, "texture": "#main" }, 
                "up":    { "uv": [ 8.25, 6.5, 9.5, 7.75 ], "texture": "#main" }, 
                "down":  { "uv": [ 8.25, 6.5, 9.5, 7.75 ], "texture": "#main" }
            }
        }, 
        {
            "name": "blade", 
            "from": [ 3, 7.75, 3 ], 
            "to":   [ 4, 8.25, 4 ], 
            "rotation": { "angle": 0, "axis": "y", "origin": [8, 7.5, 8] }, 
            "faces": {
                "north": { "uv": [ 8.25, 6.5, 9.5, 7.75 ], "rotation":180, "texture": "#main" }, 
                "east":  { "uv": [ 8.25, 6.5, 9.5, 7.75 ], "rotation":180, "texture": "#main" }, 
                "south": { "uv": [ 8.25, 6.5, 9.5, 7.75 ], "rotation":180, "texture": "#main" }, 
                "west":  { "uv": [ 8.25, 6.5, 9.5, 7.75 ], "rotation":180, "texture": "#main" }, 
                "up":    { "uv": [ 8.25, 6.5, 9.5, 7.75 ], "rotation":180, "texture": "#main" }, 
                "down":  { "uv": [ 8.25, 6.5, 9.5, 7.75 ], "rotation":180, "texture": "#main" }
            }
        }, 
        {
            "name": "blade", 
            "from": [ 12, 7.75, 12 ], 
            "to":   [ 13, 8.25, 13 ], 
            "rotation": { "angle": 0, "axis": "y", "origin": [8, 7.5, 8] }, 
            "faces": {
                "north": { "uv": [ 8.25, 6.5, 9.5, 7.75 ], "rotation":180, "texture": "#main" }, 
                "east":  { "uv": [ 8.25, 6.5, 9.5, 7.75 ], "rotation":180, "texture": "#main" }, 
                "south": { "uv": [ 8.25, 6.5, 9.5, 7.75 ], "rotation":180, "texture": "#main" }, 
                "west":  { "uv": [ 8.25, 6.5, 9.5, 7.75 ], "rotation":180, "texture": "#main" }, 
                "up":    { "uv": [ 8.25, 6.5, 9.5, 7.75 ], "texture": "#main" }, 
                "down":  { "uv": [ 8.25, 6.5, 9.5, 7.75 ], "texture": "#main" }
            }
        }, 
        {
            "name": "blade", 
            "from": [ 4, 7.75, 2 ], 
            "to":   [ 5, 8.25, 3 ], 
            "rotation": { "angle": 0, "axis": "y", "origin": [8, 7.5, 8] }, 
            "faces": {
                "north": { "uv": [ 8.25, 6.5, 9.5, 7.75 ], "rotation":180, "texture": "#main" }, 
                "east":  { "uv": [ 8.25, 6.5, 9.5, 7.75 ], "rotation":180, "texture": "#main" }, 
                "south": { "uv": [ 8.25, 6.5, 9.5, 7.75 ], "rotation":180, "texture": "#main" }, 
                "west":  { "uv": [ 8.25, 6.5, 9.5, 7.75 ], "rotation":180, "texture": "#main" }, 
                "up":    { "uv": [ 8.25, 6.5, 9.5, 7.75 ], "rotation":180, "texture": "#main" }, 
                "down":  { "uv": [ 8.25, 6.5, 9.5, 7.75 ], "rotation":180, "texture": "#main" }
            }
        }, 
        {
            "name": "blade", 
            "from": [ 11, 7.75, 13 ], 
            "to":   [ 12, 8.25, 14 ], 
            "rotation": { "angle": 0, "axis": "y", "origin": [8, 7.5, 8] }, 
            "faces": {
                "north": { "uv": [ 8.25, 6.5, 9.5, 7.75 ], "rotation":180, "texture": "#main" }, 
                "east":  { "uv": [ 8.25, 6.5, 9.5, 7.75 ], "rotation":180, "texture": "#main" }, 
                "south": { "uv": [ 8.25, 6.5, 9.5, 7.75 ], "rotation":180, "texture": "#main" }, 
                "west":  { "uv": [ 8.25, 6.5, 9.5, 7.75 ], "rotation":180, "texture": "#main" }, 
                "up":    { "uv": [ 8.25, 6.5, 9.5, 7.75 ], "texture": "#main" }, 
                "down":  { "uv": [ 8.25, 6.5, 9.5, 7.75 ], "texture": "#main" }
            }
        }, 
        {
            "name": "blade", 
            "from": [ 4, 7.75, 8 ], 
            "to":   [ 5, 8.25, 10 ], 
            "rotation": { "angle": 0, "axis": "y", "origin": [8, 7.5, 8] }, 
            "faces": {
                "north": { "uv": [ 8.25, 6.5, 9.5, 7.75 ], "rotation":180, "texture": "#main" }, 
                "east":  { "uv": [ 8.25, 6.5, 9.5, 7.75 ], "rotation":180, "texture": "#main" }, 
                "south": { "uv": [ 8.25, 6.5, 9.5, 7.75 ], "rotation":180, "texture": "#main" }, 
                "west":  { "uv": [ 8.25, 6.5, 9.5, 7.75 ], "rotation":180, "texture": "#main" }, 
                "up":    { "uv": [ 8.25, 6.5, 9.5, 7.75 ], "texture": "#main" }, 
                "down":  { "uv": [ 8.25, 6.5, 9.5, 7.75 ], "texture": "#main" }
            }
        }, 
        {
            "name": "blade", 
            "from": [ 5, 7.75, 7 ], 
            "to":   [ 6, 8.25, 8 ], 
            "rotation": { "angle": 0, "axis": "y", "origin": [8, 7.5, 8] }, 
            "faces": {
                "north": { "uv": [ 8.25, 6.5, 9.5, 7.75 ], "rotation":180, "texture": "#main" }, 
                "east":  { "uv": [ 8.25, 6.5, 9.5, 7.75 ], "rotation":180, "texture": "#main" }, 
                "south": { "uv": [ 8.25, 6.5, 9.5, 7.75 ], "rotation":180, "texture": "#main" }, 
                "west":  { "uv": [ 8.25, 6.5, 9.5, 7.75 ], "rotation":180, "texture": "#main" }, 
                "up":    { "uv": [ 8.25, 6.5, 9.5, 7.75 ], "texture": "#main" }, 
                "down":  { "uv": [ 8.25, 6.5, 9.5, 7.75 ], "texture": "#main" }
            }
        }, 
        {
            "name": "blade", 
            "from": [ 10, 7.75, 8 ], 
            "to":   [ 11, 8.25, 9 ], 
            "rotation": { "angle": 0, "axis": "y", "origin": [8, 7.5, 8] }, 
            "faces": {
                "north": { "uv": [ 8.25, 6.5, 9.5, 7.75 ], "rotation":180, "texture": "#main" }, 
                "east":  { "uv": [ 8.25, 6.5, 9.5, 7.75 ], "rotation":180, "texture": "#main" }, 
                "south": { "uv": [ 8.25, 6.5, 9.5, 7.75 ], "rotation":180, "texture": "#main" }, 
                "west":  { "uv": [ 8.25, 6.5, 9.5, 7.75 ], "rotation":180, "texture": "#main" }, 
                "up":    { "uv": [ 8.25, 6.5, 9.5, 7.75 ], "texture": "#main" }, 
                "down":  { "uv": [ 8.25, 6.5, 9.5, 7.75 ], "texture": "#main" }
            }
        }, 
        {
            "name": "blade", 
            "from": [ 11, 7.75, 6 ], 
            "to":   [ 12, 8.25, 8 ], 
            "rotation": { "angle": 0, "axis": "y", "origin": [8, 7.5, 8] }, 
            "faces": {
                "north": { "uv": [ 8.25, 6.5, 9.5, 7.75 ], "rotation":180, "texture": "#main" }, 
                "east":  { "uv": [ 8.25, 6.5, 9.5, 7.75 ], "rotation":180, "texture": "#main" }, 
                "south": { "uv": [ 8.25, 6.5, 9.5, 7.75 ], "rotation":180, "texture": "#main" }, 
                "west":  { "uv": [ 8.25, 6.5, 9.5, 7.75 ], "rotation":180, "texture": "#main" }, 
                "up":    { "uv": [ 8.25, 6.5, 9.5, 7.75 ], "texture": "#main" }, 
                "down":  { "uv": [ 8.25, 6.5, 9.5, 7.75 ], "texture": "#main" }
            }
        }, 
        {
            "from": [ 7, 7, 7 ], 
            "to":   [ 9, 9, 9 ], 
            "rotation": { "angle": 45, "axis": "y", "origin": [8, 7.5, 8] }, 
            "faces": {
                "north": { "uv": [ 3.5, 10.25, 4, 10.75 ], "rotation":180, "texture": "#main" }, 
                "east":  { "uv": [ 4, 10.25, 4.5, 10.75 ], "rotation":180, "texture": "#main" }, 
                "south": { "uv": [ 4.5, 10.25, 5, 10.75 ], "rotation":180, "texture": "#main" }, 
                "west":  { "uv": [ 5, 10.25, 5.5, 10.75 ], "rotation":180, "texture": "#main" }, 
                "up":    { "uv": [ 5, 9.75, 4.5, 10.25 ], "rotation":270, "texture": "#main" }, 
                "down":  { "uv": [ 4.5, 10.25, 4, 9.75 ], "rotation":90, "texture": "#main" }
            }
        }, 
        {
            "from": [ 6, 7.5, 6 ], 
            "to":   [ 10, 8.5, 10 ], 
            "rotation": { "angle": 45, "axis": "y", "origin": [8, 7.5, 8] }, 
            "faces": {
                "north": { "uv": [ 0, 9, 1, 9.25 ], "rotation":180, "texture": "#main" }, 
                "east":  { "uv": [ 1, 9, 2, 9.25 ], "rotation":180, "texture": "#main" }, 
                "south": { "uv": [ 2, 9, 3, 9.25 ], "rotation":180, "texture": "#main" }, 
                "west":  { "uv": [ 3, 9, 4, 9.25 ], "rotation":180, "texture": "#main" }, 
                "up":    { "uv": [ 3, 8, 2, 9 ], "rotation":270, "texture": "#main" }, 
                "down":  { "uv": [ 2, 9, 1, 8 ], "rotation":90, "texture": "#main" }
            }
        }, 
        {
            "from": [ 4, 7, 7 ], 
            "to":   [ 6, 9, 9 ], 
            "rotation": { "angle": 45, "axis": "y", "origin": [8, 7.5, 8] }, 
            "faces": {
                "north": { "uv": [ 0, 11.75, 0.5, 12.25 ], "rotation":180, "texture": "#main" }, 
                "east":  { "uv": [ 0.5, 11.75, 1, 12.25 ], "rotation":180, "texture": "#main" }, 
                "south": { "uv": [ 1, 11.75, 1.5, 12.25 ], "rotation":180, "texture": "#main" }, 
                "west":  { "uv": [ 1.5, 11.75, 2, 12.25 ], "rotation":180, "texture": "#main" }, 
                "up":    { "uv": [ 1.5, 11.25, 1, 11.75 ], "rotation":270, "texture": "#main" }, 
                "down":  { "uv": [ 1, 11.75, 0.5, 11.25 ], "rotation":90, "texture": "#main" }
            }
        }, 
        {
            "from": [ 10, 7, 7 ], 
            "to":   [ 12, 9, 9 ], 
            "rotation": { "angle": 45, "axis": "y", "origin": [8, 7.5, 8] }, 
            "faces": {
                "north": { "uv": [ 3, 11.5, 3.5, 12 ], "rotation":180, "texture": "#main" }, 
                "east":  { "uv": [ 3.5, 11.5, 4, 12 ], "rotation":180, "texture": "#main" }, 
                "south": { "uv": [ 4, 11.5, 4.5, 12 ], "rotation":180, "texture": "#main" }, 
                "west":  { "uv": [ 4.5, 11.5, 5, 12 ], "rotation":180, "texture": "#main" }, 
                "up":    { "uv": [ 4.5, 11, 4, 11.5 ], "rotation":270, "texture": "#main" }, 
                "down":  { "uv": [ 4, 11.5, 3.5, 11 ], "rotation":90, "texture": "#main" }
            }
        }, 
        {
            "from": [ 11, 7.5, 6 ], 
            "to":   [ 12, 8.5, 12 ], 
            "rotation": { "angle": 45, "axis": "y", "origin": [8, 7.5, 8] }, 
            "faces": {
                "north": { "uv": [ 0, 11, 0.25, 11.25 ], "rotation":180, "texture": "#main" }, 
                "east":  { "uv": [ 0.25, 11, 1.75, 11.25 ], "rotation":180, "texture": "#main" }, 
                "south": { "uv": [ 1.75, 11, 2, 11.25 ], "rotation":180, "texture": "#main" }, 
                "west":  { "uv": [ 2, 11, 3.5, 11.25 ], "rotation":180, "texture": "#main" }, 
                "up":    { "uv": [ 3.25, 10.75, 1.75, 11 ], "rotation":270, "texture": "#main" }, 
                "down":  { "uv": [ 1.75, 11, 0.25, 10.75 ], "rotation":90, "texture": "#main" }
            }
        }, 
        {
            "from": [ 12, 7.5, 4 ], 
            "to":   [ 13, 8.5, 11 ], 
            "rotation": { "angle": 45, "axis": "y", "origin": [8, 7.5, 8] }, 
            "faces": {
                "north": { "uv": [ 0, 9.5, 0.25, 9.75 ], "rotation":180, "texture": "#main" }, 
                "east":  { "uv": [ 0.25, 9.5, 2, 9.75 ], "rotation":180, "texture": "#main" }, 
                "south": { "uv": [ 2, 9.5, 2.25, 9.75 ], "rotation":180, "texture": "#main" }, 
                "west":  { "uv": [ 2.25, 9.5, 4, 9.75 ], "rotation":180, "texture": "#main" }, 
                "up":    { "uv": [ 3.75, 9.25, 2, 9.5 ], "rotation":270, "texture": "#main" }, 
                "down":  { "uv": [ 2, 9.5, 0.25, 9.25 ], "rotation":90, "texture": "#main" }
            }
        }, 
        {
            "from": [ 4, 7.5, 4 ], 
            "to":   [ 5, 8.5, 10 ], 
            "rotation": { "angle": 45, "axis": "y", "origin": [8, 7.5, 8] }, 
            "faces": {
                "north": { "uv": [ 0, 10.5, 0.25, 10.75 ], "rotation":180, "texture": "#main" }, 
                "east":  { "uv": [ 0.25, 10.5, 1.75, 10.75 ], "rotation":180, "texture": "#main" }, 
                "south": { "uv": [ 1.75, 10.5, 2, 10.75 ], "rotation":180, "texture": "#main" }, 
                "west":  { "uv": [ 2, 10.5, 3.5, 10.75 ], "rotation":180, "texture": "#main" }, 
                "up":    { "uv": [ 3.25, 10.25, 1.75, 10.5 ], "rotation":270, "texture": "#main" }, 
                "down":  { "uv": [ 1.75, 10.5, 0.25, 10.25 ], "rotation":90, "texture": "#main" }
            }
        }, 
        {
            "from": [ 3, 7.5, 5 ], 
            "to":   [ 4, 8.5, 12 ], 
            "rotation": { "angle": 45, "axis": "y", "origin": [8, 7.5, 8] }, 
            "faces": {
                "north": { "uv": [ 0, 10, 0.25, 10.25 ], "rotation":180, "texture": "#main" }, 
                "east":  { "uv": [ 0.25, 10, 2, 10.25 ], "rotation":180, "texture": "#main" }, 
                "south": { "uv": [ 2, 10, 2.25, 10.25 ], "rotation":180, "texture": "#main" }, 
                "west":  { "uv": [ 2.25, 10, 4, 10.25 ], "rotation":180, "texture": "#main" }, 
                "up":    { "uv": [ 3.75, 9.75, 2, 10 ], "rotation":270, "texture": "#main" }, 
                "down":  { "uv": [ 2, 10, 0.25, 9.75 ], "rotation":90, "texture": "#main" }
            }
        }, 
        {
            "from": [ 8, 7.5, 10 ], 
            "to":   [ 10, 8.5, 11 ], 
            "rotation": { "angle": 45, "axis": "y", "origin": [8, 7.5, 8] }, 
            "faces": {
                "north": { "uv": [ 3, 12.5, 3.5, 12.75 ], "rotation":180, "texture": "#main" }, 
                "east":  { "uv": [ 3.5, 12.5, 3.75, 12.75 ], "rotation":180, "texture": "#main" }, 
                "south": { "uv": [ 3.75, 12.5, 4.25, 12.75 ], "rotation":180, "texture": "#main" }, 
                "west":  { "uv": [ 4.25, 12.5, 4.5, 12.75 ], "rotation":180, "texture": "#main" }, 
                "up":    { "uv": [ 4, 12, 3.75, 12.5 ], "rotation":270, "texture": "#main" }, 
                "down":  { "uv": [ 3.75, 12.5, 3.5, 12 ], "rotation":90, "texture": "#main" }
            }
        }, 
        {
            "from": [ 6, 7.5, 5 ], 
            "to":   [ 8, 8.5, 6 ], 
            "rotation": { "angle": 45, "axis": "y", "origin": [8, 7.5, 8] }, 
            "faces": {
                "north": { "uv": [ 2, 12, 2.5, 12.25 ], "rotation":180, "texture": "#main" }, 
                "east":  { "uv": [ 2.5, 12, 2.75, 12.25 ], "rotation":180, "texture": "#main" }, 
                "south": { "uv": [ 2.75, 12, 3.25, 12.25 ], "rotation":180, "texture": "#main" }, 
                "west":  { "uv": [ 3.25, 12, 3.5, 12.25 ], "rotation":180, "texture": "#main" }, 
                "up":    { "uv": [ 3, 11.5, 2.75, 12 ], "rotation":270, "texture": "#main" }, 
                "down":  { "uv": [ 2.75, 12, 2.5, 11.5 ], "rotation":90, "texture": "#main" }
            }
        }, 
        {
            "from": [ 2, 7.5, 6 ], 
            "to":   [ 3, 8.5, 11 ], 
            "rotation": { "angle": 45, "axis": "y", "origin": [8, 7.5, 8] }, 
            "faces": {
                "north": { "uv": [ 3, 8.75, 3.25, 9 ], "rotation":180, "texture": "#main" }, 
                "east":  { "uv": [ 3.25, 8.75, 4.5, 9 ], "rotation":180, "texture": "#main" }, 
                "south": { "uv": [ 4.5, 8.75, 4.75, 9 ], "rotation":180, "texture": "#main" }, 
                "west":  { "uv": [ 4.75, 8.75, 6, 9 ], "rotation":180, "texture": "#main" }, 
                "up":    { "uv": [ 5.75, 8.5, 4.5, 8.75 ], "rotation":270, "texture": "#main" }, 
                "down":  { "uv": [ 4.5, 8.75, 3.25, 8.5 ], "rotation":90, "texture": "#main" }
            }
        }, 
        {
            "from": [ 13, 7.5, 5 ], 
            "to":   [ 14, 8.5, 10 ], 
            "rotation": { "angle": 45, "axis": "y", "origin": [8, 7.5, 8] }, 
            "faces": {
                "north": { "uv": [ 3, 8.25, 3.25, 8.5 ], "rotation":180, "texture": "#main" }, 
                "east":  { "uv": [ 3.25, 8.25, 4.5, 8.5 ], "rotation":180, "texture": "#main" }, 
                "south": { "uv": [ 4.5, 8.25, 4.75, 8.5 ], "rotation":180, "texture": "#main" }, 
                "west":  { "uv": [ 4.75, 8.25, 6, 8.5 ], "rotation":180, "texture": "#main" }, 
                "up":    { "uv": [ 5.75, 8, 4.5, 8.25 ], "rotation":270, "texture": "#main" }, 
                "down":  { "uv": [ 4.5, 8.25, 3.25, 8 ], "rotation":90, "texture": "#main" }
            }
        }, 
        {
            "name": "blade", 
            "from": [ 14, 7.75, 5 ], 
            "to":   [ 15, 8.25, 10 ], 
            "rotation": { "angle": 45, "axis": "y", "origin": [8, 7.5, 8] }, 
            "faces": {
                "north": { "uv": [ 0.25, 14.5, 1.5, 15.75 ], "rotation":180, "texture": "#main" }, 
                "east":  { "uv": [ 0.25, 14.5, 1.5, 15.75 ], "rotation":180, "texture": "#main" }, 
                "south": { "uv": [ 0.25, 14.5, 1.5, 15.75 ], "rotation":180, "texture": "#main" }, 
                "west":  { "uv": [ 0.25, 14.5, 1.5, 15.75 ], "rotation":180, "texture": "#main" }, 
                "up":    { "uv": [ 0.25, 14.5, 1.5, 15.75 ], "rotation":270, "texture": "#main" }, 
                "down":  { "uv": [ 0.25, 14.5, 1.5, 15.75 ], "rotation":90, "texture": "#main" }
            }
        }, 
        {
            "name": "blade", 
            "from": [ 1, 7.75, 6 ], 
            "to":   [ 2, 8.25, 11 ], 
            "rotation": { "angle": 45, "axis": "y", "origin": [8, 7.5, 8] }, 
            "faces": {
                "north": { "uv": [ 0.25, 14.5, 1.5, 15.75 ], "rotation":180, "texture": "#main" }, 
                "east":  { "uv": [ 0.25, 14.5, 1.5, 15.75 ], "rotation":180, "texture": "#main" }, 
                "south": { "uv": [ 0.25, 14.5, 1.5, 15.75 ], "rotation":180, "texture": "#main" }, 
                "west":  { "uv": [ 0.25, 14.5, 1.5, 15.75 ], "rotation":180, "texture": "#main" }, 
                "up":    { "uv": [ 0.25, 14.5, 1.5, 15.75 ], "rotation":90, "texture": "#main" }, 
                "down":  { "uv": [ 0.25, 14.5, 1.5, 15.75 ], "rotation":270, "texture": "#main" }
            }
        }, 
        {
            "name": "blade", 
            "from": [ 13, 7.75, 10 ], 
            "to":   [ 14, 8.25, 11 ], 
            "rotation": { "angle": 45, "axis": "y", "origin": [8, 7.5, 8] }, 
            "faces": {
                "north": { "uv": [ 0.25, 14.5, 1.5, 15.75 ], "rotation":180, "texture": "#main" }, 
                "east":  { "uv": [ 0.25, 14.5, 1.5, 15.75 ], "rotation":180, "texture": "#main" }, 
                "south": { "uv": [ 0.25, 14.5, 1.5, 15.75 ], "rotation":180, "texture": "#main" }, 
                "west":  { "uv": [ 0.25, 14.5, 1.5, 15.75 ], "rotation":180, "texture": "#main" }, 
                "up":    { "uv": [ 0.25, 14.5, 1.5, 15.75 ], "rotation":270, "texture": "#main" }, 
                "down":  { "uv": [ 0.25, 14.5, 1.5, 15.75 ], "rotation":90, "texture": "#main" }
            }
        }, 
        {
            "name": "blade", 
            "from": [ 2, 7.75, 5 ], 
            "to":   [ 3, 8.25, 6 ], 
            "rotation": { "angle": 45, "axis": "y", "origin": [8, 7.5, 8] }, 
            "faces": {
                "north": { "uv": [ 0.25, 14.5, 1.5, 15.75 ], "rotation":180, "texture": "#main" }, 
                "east":  { "uv": [ 0.25, 14.5, 1.5, 15.75 ], "rotation":180, "texture": "#main" }, 
                "south": { "uv": [ 0.25, 14.5, 1.5, 15.75 ], "rotation":180, "texture": "#main" }, 
                "west":  { "uv": [ 0.25, 14.5, 1.5, 15.75 ], "rotation":180, "texture": "#main" }, 
                "up":    { "uv": [ 0.25, 14.5, 1.5, 15.75 ], "rotation":90, "texture": "#main" }, 
                "down":  { "uv": [ 0.25, 14.5, 1.5, 15.75 ], "rotation":270, "texture": "#main" }
            }
        }, 
        {
            "name": "blade", 
            "from": [ 12, 7.75, 11 ], 
            "to":   [ 13, 8.25, 12 ], 
            "rotation": { "angle": 45, "axis": "y", "origin": [8, 7.5, 8] }, 
            "faces": {
                "north": { "uv": [ 0.25, 14.5, 1.5, 15.75 ], "rotation":180, "texture": "#main" }, 
                "east":  { "uv": [ 0.25, 14.5, 1.5, 15.75 ], "rotation":180, "texture": "#main" }, 
                "south": { "uv": [ 0.25, 14.5, 1.5, 15.75 ], "rotation":180, "texture": "#main" }, 
                "west":  { "uv": [ 0.25, 14.5, 1.5, 15.75 ], "rotation":180, "texture": "#main" }, 
                "up":    { "uv": [ 0.25, 14.5, 1.5, 15.75 ], "rotation":270, "texture": "#main" }, 
                "down":  { "uv": [ 0.25, 14.5, 1.5, 15.75 ], "rotation":90, "texture": "#main" }
            }
        }, 
        {
            "name": "blade", 
            "from": [ 3, 7.75, 4 ], 
            "to":   [ 4, 8.25, 5 ], 
            "rotation": { "angle": 45, "axis": "y", "origin": [8, 7.5, 8] }, 
            "faces": {
                "north": { "uv": [ 0.25, 14.5, 1.5, 15.75 ], "rotation":180, "texture": "#main" }, 
                "east":  { "uv": [ 0.25, 14.5, 1.5, 15.75 ], "rotation":180, "texture": "#main" }, 
                "south": { "uv": [ 0.25, 14.5, 1.5, 15.75 ], "rotation":180, "texture": "#main" }, 
                "west":  { "uv": [ 0.25, 14.5, 1.5, 15.75 ], "rotation":180, "texture": "#main" }, 
                "up":    { "uv": [ 0.25, 14.5, 1.5, 15.75 ], "rotation":90, "texture": "#main" }, 
                "down":  { "uv": [ 0.25, 14.5, 1.5, 15.75 ], "rotation":270, "texture": "#main" }
            }
        }, 
        {
            "name": "blade", 
            "from": [ 11, 7.75, 12 ], 
            "to":   [ 12, 8.25, 13 ], 
            "rotation": { "angle": 45, "axis": "y", "origin": [8, 7.5, 8] }, 
            "faces": {
                "north": { "uv": [ 0.25, 14.5, 1.5, 15.75 ], "rotation":180, "texture": "#main" }, 
                "east":  { "uv": [ 0.25, 14.5, 1.5, 15.75 ], "rotation":180, "texture": "#main" }, 
                "south": { "uv": [ 0.25, 14.5, 1.5, 15.75 ], "rotation":180, "texture": "#main" }, 
                "west":  { "uv": [ 0.25, 14.5, 1.5, 15.75 ], "rotation":180, "texture": "#main" }, 
                "up":    { "uv": [ 0.25, 14.5, 1.5, 15.75 ], "rotation":270, "texture": "#main" }, 
                "down":  { "uv": [ 0.25, 14.5, 1.5, 15.75 ], "rotation":90, "texture": "#main" }
            }
        }, 
        {
            "name": "blade", 
            "from": [ 4, 7.75, 3 ], 
            "to":   [ 5, 8.25, 4 ], 
            "rotation": { "angle": 45, "axis": "y", "origin": [8, 7.5, 8] }, 
            "faces": {
                "north": { "uv": [ 0.25, 14.5, 1.5, 15.75 ], "rotation":180, "texture": "#main" }, 
                "east":  { "uv": [ 0.25, 14.5, 1.5, 15.75 ], "rotation":180, "texture": "#main" }, 
                "south": { "uv": [ 0.25, 14.5, 1.5, 15.75 ], "rotation":180, "texture": "#main" }, 
                "west":  { "uv": [ 0.25, 14.5, 1.5, 15.75 ], "rotation":180, "texture": "#main" }, 
                "up":    { "uv": [ 0.25, 14.5, 1.5, 15.75 ], "rotation":90, "texture": "#main" }, 
                "down":  { "uv": [ 0.25, 14.5, 1.5, 15.75 ], "rotation":270, "texture": "#main" }
            }
        }, 
        {
            "name": "blade", 
            "from": [ 12, 7.75, 3 ], 
            "to":   [ 13, 8.25, 4 ], 
            "rotation": { "angle": 45, "axis": "y", "origin": [8, 7.5, 8] }, 
            "faces": {
                "north": { "uv": [ 0.25, 14.5, 1.5, 15.75 ], "rotation":180, "texture": "#main" }, 
                "east":  { "uv": [ 0.25, 14.5, 1.5, 15.75 ], "rotation":180, "texture": "#main" }, 
                "south": { "uv": [ 0.25, 14.5, 1.5, 15.75 ], "rotation":180, "texture": "#main" }, 
                "west":  { "uv": [ 0.25, 14.5, 1.5, 15.75 ], "rotation":180, "texture": "#main" }, 
                "up":    { "uv": [ 0.25, 14.5, 1.5, 15.75 ], "rotation":270, "texture": "#main" }, 
                "down":  { "uv": [ 0.25, 14.5, 1.5, 15.75 ], "rotation":90, "texture": "#main" }
            }
        }, 
        {
            "name": "blade", 
            "from": [ 3, 7.75, 12 ], 
            "to":   [ 4, 8.25, 13 ], 
            "rotation": { "angle": 45, "axis": "y", "origin": [8, 7.5, 8] }, 
            "faces": {
                "north": { "uv": [ 0.25, 14.5, 1.5, 15.75 ], "rotation":180, "texture": "#main" }, 
                "east":  { "uv": [ 0.25, 14.5, 1.5, 15.75 ], "rotation":180, "texture": "#main" }, 
                "south": { "uv": [ 0.25, 14.5, 1.5, 15.75 ], "rotation":180, "texture": "#main" }, 
                "west":  { "uv": [ 0.25, 14.5, 1.5, 15.75 ], "rotation":180, "texture": "#main" }, 
                "up":    { "uv": [ 0.25, 14.5, 1.5, 15.75 ], "rotation":90, "texture": "#main" }, 
                "down":  { "uv": [ 0.25, 14.5, 1.5, 15.75 ], "rotation":270, "texture": "#main" }
            }
        }, 
        {
            "name": "blade", 
            "from": [ 13, 7.75, 4 ], 
            "to":   [ 14, 8.25, 5 ], 
            "rotation": { "angle": 45, "axis": "y", "origin": [8, 7.5, 8] }, 
            "faces": {
                "north": { "uv": [ 0.25, 14.5, 1.5, 15.75 ], "rotation":180, "texture": "#main" }, 
                "east":  { "uv": [ 0.25, 14.5, 1.5, 15.75 ], "rotation":180, "texture": "#main" }, 
                "south": { "uv": [ 0.25, 14.5, 1.5, 15.75 ], "rotation":180, "texture": "#main" }, 
                "west":  { "uv": [ 0.25, 14.5, 1.5, 15.75 ], "rotation":180, "texture": "#main" }, 
                "up":    { "uv": [ 0.25, 14.5, 1.5, 15.75 ], "rotation":270, "texture": "#main" }, 
                "down":  { "uv": [ 0.25, 14.5, 1.5, 15.75 ], "rotation":90, "texture": "#main" }
            }
        }, 
        {
            "name": "blade", 
            "from": [ 2, 7.75, 11 ], 
            "to":   [ 3, 8.25, 12 ], 
            "rotation": { "angle": 45, "axis": "y", "origin": [8, 7.5, 8] }, 
            "faces": {
                "north": { "uv": [ 0.25, 14.5, 1.5, 15.75 ], "rotation":180, "texture": "#main" }, 
                "east":  { "uv": [ 0.25, 14.5, 1.5, 15.75 ], "rotation":180, "texture": "#main" }, 
                "south": { "uv": [ 0.25, 14.5, 1.5, 15.75 ], "rotation":180, "texture": "#main" }, 
                "west":  { "uv": [ 0.25, 14.5, 1.5, 15.75 ], "rotation":180, "texture": "#main" }, 
                "up":    { "uv": [ 0.25, 14.5, 1.5, 15.75 ], "rotation":90, "texture": "#main" }, 
                "down":  { "uv": [ 0.25, 14.5, 1.5, 15.75 ], "rotation":270, "texture": "#main" }
            }
        }, 
        {
            "name": "blade", 
            "from": [ 6, 7.75, 4 ], 
            "to":   [ 8, 8.25, 5 ], 
            "rotation": { "angle": 45, "axis": "y", "origin": [8, 7.5, 8] }, 
            "faces": {
                "north": { "uv": [ 0.25, 14.5, 1.5, 15.75 ], "rotation":180, "texture": "#main" }, 
                "east":  { "uv": [ 0.25, 14.5, 1.5, 15.75 ], "rotation":180, "texture": "#main" }, 
                "south": { "uv": [ 0.25, 14.5, 1.5, 15.75 ], "rotation":180, "texture": "#main" }, 
                "west":  { "uv": [ 0.25, 14.5, 1.5, 15.75 ], "rotation":180, "texture": "#main" }, 
                "up":    { "uv": [ 0.25, 14.5, 1.5, 15.75 ], "rotation":90, "texture": "#main" }, 
                "down":  { "uv": [ 0.25, 14.5, 1.5, 15.75 ], "rotation":270, "texture": "#main" }
            }
        }, 
        {
            "name": "blade", 
            "from": [ 8, 7.75, 5 ], 
            "to":   [ 9, 8.25, 6 ], 
            "rotation": { "angle": 45, "axis": "y", "origin": [8, 7.5, 8] }, 
            "faces": {
                "north": { "uv": [ 0.25, 14.5, 1.5, 15.75 ], "rotation":180, "texture": "#main" }, 
                "east":  { "uv": [ 0.25, 14.5, 1.5, 15.75 ], "rotation":180, "texture": "#main" }, 
                "south": { "uv": [ 0.25, 14.5, 1.5, 15.75 ], "rotation":180, "texture": "#main" }, 
                "west":  { "uv": [ 0.25, 14.5, 1.5, 15.75 ], "rotation":180, "texture": "#main" }, 
                "up":    { "uv": [ 0.25, 14.5, 1.5, 15.75 ], "rotation":90, "texture": "#main" }, 
                "down":  { "uv": [ 0.25, 14.5, 1.5, 15.75 ], "rotation":270, "texture": "#main" }
            }
        }, 
        {
            "name": "blade", 
            "from": [ 7, 7.75, 10 ], 
            "to":   [ 8, 8.25, 11 ], 
            "rotation": { "angle": 45, "axis": "y", "origin": [8, 7.5, 8] }, 
            "faces": {
                "north": { "uv": [ 0.25, 14.5, 1.5, 15.75 ], "rotation":180, "texture": "#main" }, 
                "east":  { "uv": [ 0.25, 14.5, 1.5, 15.75 ], "rotation":180, "texture": "#main" }, 
                "south": { "uv": [ 0.25, 14.5, 1.5, 15.75 ], "rotation":180, "texture": "#main" }, 
                "west":  { "uv": [ 0.25, 14.5, 1.5, 15.75 ], "rotation":180, "texture": "#main" }, 
                "up":    { "uv": [ 0.25, 14.5, 1.5, 15.75 ], "rotation":90, "texture": "#main" }, 
                "down":  { "uv": [ 0.25, 14.5, 1.5, 15.75 ], "rotation":270, "texture": "#main" }
            }
        }, 
        {
            "name": "blade", 
            "from": [ 8, 7.75, 11 ], 
            "to":   [ 10, 8.25, 12 ], 
            "rotation": { "angle": 45, "axis": "y", "origin": [8, 7.5, 8] }, 
            "faces": {
                "north": { "uv": [ 0.25, 14.5, 1.5, 15.75 ], "rotation":180, "texture": "#main" }, 
                "east":  { "uv": [ 0.25, 14.5, 1.5, 15.75 ], "rotation":180, "texture": "#main" }, 
                "south": { "uv": [ 0.25, 14.5, 1.5, 15.75 ], "rotation":180, "texture": "#main" }, 
                "west":  { "uv": [ 0.25, 14.5, 1.5, 15.75 ], "rotation":180, "texture": "#main" }, 
                "up":    { "uv": [ 0.25, 14.5, 1.5, 15.75 ], "rotation":90, "texture": "#main" }, 
                "down":  { "uv": [ 0.25, 14.5, 1.5, 15.75 ], "rotation":270, "texture": "#main" }
            }
        }, 
        {
            "from": [ 7, 7, 7 ], 
            "to":   [ 9, 9, 9 ], 
            "rotation": { "angle": 0, "axis": "y", "origin": [8, 7.5, 8] }, 
            "faces": {
                "north": { "uv": [ 11.5, 10.25, 12, 10.75 ], "rotation":180, "texture": "#main" }, 
                "east":  { "uv": [ 12, 10.25, 12.5, 10.75 ], "rotation":180, "texture": "#main" }, 
                "south": { "uv": [ 12.5, 10.25, 13, 10.75 ], "rotation":180, "texture": "#main" }, 
                "west":  { "uv": [ 13, 10.25, 13.5, 10.75 ], "rotation":180, "texture": "#main" }, 
                "up":    { "uv": [ 13, 9.75, 12.5, 10.25 ], "rotation":270, "texture": "#main" }, 
                "down":  { "uv": [ 12.5, 10.25, 12, 9.75 ], "rotation":90, "texture": "#main" }
            }
        }, 
        {
            "from": [ 6, 7.5, 6 ], 
            "to":   [ 10, 8.5, 10 ], 
            "rotation": { "angle": 0, "axis": "y", "origin": [8, 7.5, 8] }, 
            "faces": {
                "north": { "uv": [ 8, 9, 9, 9.25 ], "rotation":180, "texture": "#main" }, 
                "east":  { "uv": [ 9, 9, 10, 9.25 ], "rotation":180, "texture": "#main" }, 
                "south": { "uv": [ 10, 9, 11, 9.25 ], "rotation":180, "texture": "#main" }, 
                "west":  { "uv": [ 11, 9, 12, 9.25 ], "rotation":180, "texture": "#main" }, 
                "up":    { "uv": [ 11, 8, 10, 9 ], "rotation":270, "texture": "#main" }, 
                "down":  { "uv": [ 10, 9, 9, 8 ], "rotation":90, "texture": "#main" }
            }
        }, 
        {
            "from": [ 4, 7, 7 ], 
            "to":   [ 6, 9, 9 ], 
            "rotation": { "angle": 0, "axis": "y", "origin": [8, 7.5, 8] }, 
            "faces": {
                "north": { "uv": [ 8, 11.75, 8.5, 12.25 ], "rotation":180, "texture": "#main" }, 
                "east":  { "uv": [ 8.5, 11.75, 9, 12.25 ], "rotation":180, "texture": "#main" }, 
                "south": { "uv": [ 9, 11.75, 9.5, 12.25 ], "rotation":180, "texture": "#main" }, 
                "west":  { "uv": [ 9.5, 11.75, 10, 12.25 ], "rotation":180, "texture": "#main" }, 
                "up":    { "uv": [ 9.5, 11.25, 9, 11.75 ], "rotation":270, "texture": "#main" }, 
                "down":  { "uv": [ 9, 11.75, 8.5, 11.25 ], "rotation":90, "texture": "#main" }
            }
        }, 
        {
            "from": [ 10, 7, 7 ], 
            "to":   [ 12, 9, 9 ], 
            "rotation": { "angle": 0, "axis": "y", "origin": [8, 7.5, 8] }, 
            "faces": {
                "north": { "uv": [ 11, 11.5, 11.5, 12 ], "rotation":180, "texture": "#main" }, 
                "east":  { "uv": [ 11.5, 11.5, 12, 12 ], "rotation":180, "texture": "#main" }, 
                "south": { "uv": [ 12, 11.5, 12.5, 12 ], "rotation":180, "texture": "#main" }, 
                "west":  { "uv": [ 12.5, 11.5, 13, 12 ], "rotation":180, "texture": "#main" }, 
                "up":    { "uv": [ 12.5, 11, 12, 11.5 ], "rotation":270, "texture": "#main" }, 
                "down":  { "uv": [ 12, 11.5, 11.5, 11 ], "rotation":90, "texture": "#main" }
            }
        }, 
        {
            "from": [ 11, 7.5, 6 ], 
            "to":   [ 12, 8.5, 12 ], 
            "rotation": { "angle": 0, "axis": "y", "origin": [8, 7.5, 8] }, 
            "faces": {
                "north": { "uv": [ 8, 11, 8.25, 11.25 ], "rotation":180, "texture": "#main" }, 
                "east":  { "uv": [ 8.25, 11, 9.75, 11.25 ], "rotation":180, "texture": "#main" }, 
                "south": { "uv": [ 9.75, 11, 10, 11.25 ], "rotation":180, "texture": "#main" }, 
                "west":  { "uv": [ 10, 11, 11.5, 11.25 ], "rotation":180, "texture": "#main" }, 
                "up":    { "uv": [ 11.25, 10.75, 9.75, 11 ], "rotation":270, "texture": "#main" }, 
                "down":  { "uv": [ 9.75, 11, 8.25, 10.75 ], "rotation":90, "texture": "#main" }
            }
        }, 
        {
            "from": [ 12, 7.5, 4 ], 
            "to":   [ 13, 8.5, 11 ], 
            "rotation": { "angle": 0, "axis": "y", "origin": [8, 7.5, 8] }, 
            "faces": {
                "north": { "uv": [ 8, 9.5, 8.25, 9.75 ], "rotation":180, "texture": "#main" }, 
                "east":  { "uv": [ 8.25, 9.5, 10, 9.75 ], "rotation":180, "texture": "#main" }, 
                "south": { "uv": [ 10, 9.5, 10.25, 9.75 ], "rotation":180, "texture": "#main" }, 
                "west":  { "uv": [ 10.25, 9.5, 12, 9.75 ], "rotation":180, "texture": "#main" }, 
                "up":    { "uv": [ 11.75, 9.25, 10, 9.5 ], "rotation":270, "texture": "#main" }, 
                "down":  { "uv": [ 10, 9.5, 8.25, 9.25 ], "rotation":90, "texture": "#main" }
            }
        }, 
        {
            "from": [ 4, 7.5, 4 ], 
            "to":   [ 5, 8.5, 10 ], 
            "rotation": { "angle": 0, "axis": "y", "origin": [8, 7.5, 8] }, 
            "faces": {
                "north": { "uv": [ 8, 10.5, 8.25, 10.75 ], "rotation":180, "texture": "#main" }, 
                "east":  { "uv": [ 8.25, 10.5, 9.75, 10.75 ], "rotation":180, "texture": "#main" }, 
                "south": { "uv": [ 9.75, 10.5, 10, 10.75 ], "rotation":180, "texture": "#main" }, 
                "west":  { "uv": [ 10, 10.5, 11.5, 10.75 ], "rotation":180, "texture": "#main" }, 
                "up":    { "uv": [ 11.25, 10.25, 9.75, 10.5 ], "rotation":270, "texture": "#main" }, 
                "down":  { "uv": [ 9.75, 10.5, 8.25, 10.25 ], "rotation":90, "texture": "#main" }
            }
        }, 
        {
            "from": [ 3, 7.5, 5 ], 
            "to":   [ 4, 8.5, 12 ], 
            "rotation": { "angle": 0, "axis": "y", "origin": [8, 7.5, 8] }, 
            "faces": {
                "north": { "uv": [ 8, 10, 8.25, 10.25 ], "rotation":180, "texture": "#main" }, 
                "east":  { "uv": [ 8.25, 10, 10, 10.25 ], "rotation":180, "texture": "#main" }, 
                "south": { "uv": [ 10, 10, 10.25, 10.25 ], "rotation":180, "texture": "#main" }, 
                "west":  { "uv": [ 10.25, 10, 12, 10.25 ], "rotation":180, "texture": "#main" }, 
                "up":    { "uv": [ 11.75, 9.75, 10, 10 ], "rotation":270, "texture": "#main" }, 
                "down":  { "uv": [ 10, 10, 8.25, 9.75 ], "rotation":90, "texture": "#main" }
            }
        }, 
        {
            "from": [ 8, 7.5, 10 ], 
            "to":   [ 10, 8.5, 11 ], 
            "rotation": { "angle": 0, "axis": "y", "origin": [8, 7.5, 8] }, 
            "faces": {
                "north": { "uv": [ 11, 12.5, 11.5, 12.75 ], "rotation":180, "texture": "#main" }, 
                "east":  { "uv": [ 11.5, 12.5, 11.75, 12.75 ], "rotation":180, "texture": "#main" }, 
                "south": { "uv": [ 11.75, 12.5, 12.25, 12.75 ], "rotation":180, "texture": "#main" }, 
                "west":  { "uv": [ 12.25, 12.5, 12.5, 12.75 ], "rotation":180, "texture": "#main" }, 
                "up":    { "uv": [ 12, 12, 11.75, 12.5 ], "rotation":270, "texture": "#main" }, 
                "down":  { "uv": [ 11.75, 12.5, 11.5, 12 ], "rotation":90, "texture": "#main" }
            }
        }, 
        {
            "from": [ 6, 7.5, 5 ], 
            "to":   [ 8, 8.5, 6 ], 
            "rotation": { "angle": 0, "axis": "y", "origin": [8, 7.5, 8] }, 
            "faces": {
                "north": { "uv": [ 10, 12, 10.5, 12.25 ], "rotation":180, "texture": "#main" }, 
                "east":  { "uv": [ 10.5, 12, 10.75, 12.25 ], "rotation":180, "texture": "#main" }, 
                "south": { "uv": [ 10.75, 12, 11.25, 12.25 ], "rotation":180, "texture": "#main" }, 
                "west":  { "uv": [ 11.25, 12, 11.5, 12.25 ], "rotation":180, "texture": "#main" }, 
                "up":    { "uv": [ 11, 11.5, 10.75, 12 ], "rotation":270, "texture": "#main" }, 
                "down":  { "uv": [ 10.75, 12, 10.5, 11.5 ], "rotation":90, "texture": "#main" }
            }
        }, 
        {
            "from": [ 2, 7.5, 6 ], 
            "to":   [ 3, 8.5, 11 ], 
            "rotation": { "angle": 0, "axis": "y", "origin": [8, 7.5, 8] }, 
            "faces": {
                "north": { "uv": [ 11, 8.75, 11.25, 9 ], "rotation":180, "texture": "#main" }, 
                "east":  { "uv": [ 11.25, 8.75, 12.5, 9 ], "rotation":180, "texture": "#main" }, 
                "south": { "uv": [ 12.5, 8.75, 12.75, 9 ], "rotation":180, "texture": "#main" }, 
                "west":  { "uv": [ 12.75, 8.75, 14, 9 ], "rotation":180, "texture": "#main" }, 
                "up":    { "uv": [ 13.75, 8.5, 12.5, 8.75 ], "rotation":270, "texture": "#main" }, 
                "down":  { "uv": [ 12.5, 8.75, 11.25, 8.5 ], "rotation":90, "texture": "#main" }
            }
        }, 
        {
            "from": [ 13, 7.5, 5 ], 
            "to":   [ 14, 8.5, 10 ], 
            "rotation": { "angle": 0, "axis": "y", "origin": [8, 7.5, 8] }, 
            "faces": {
                "north": { "uv": [ 11, 8.25, 11.25, 8.5 ], "rotation":180, "texture": "#main" }, 
                "east":  { "uv": [ 11.25, 8.25, 12.5, 8.5 ], "rotation":180, "texture": "#main" }, 
                "south": { "uv": [ 12.5, 8.25, 12.75, 8.5 ], "rotation":180, "texture": "#main" }, 
                "west":  { "uv": [ 12.75, 8.25, 14, 8.5 ], "rotation":180, "texture": "#main" }, 
                "up":    { "uv": [ 13.75, 8, 12.5, 8.25 ], "rotation":270, "texture": "#main" }, 
                "down":  { "uv": [ 12.5, 8.25, 11.25, 8 ], "rotation":90, "texture": "#main" }
            }
        }, 
        {
            "name": "blade", 
            "from": [ 14, 7.75, 5 ], 
            "to":   [ 15, 8.25, 10 ], 
            "rotation": { "angle": 0, "axis": "y", "origin": [8, 7.5, 8] }, 
            "faces": {
                "north": { "uv": [ 8.25, 14.5, 9.5, 15.75 ], "rotation":180, "texture": "#main" }, 
                "east":  { "uv": [ 8.25, 14.5, 9.5, 15.75 ], "rotation":180, "texture": "#main" }, 
                "south": { "uv": [ 8.25, 14.5, 9.5, 15.75 ], "rotation":180, "texture": "#main" }, 
                "west":  { "uv": [ 8.25, 14.5, 9.5, 15.75 ], "rotation":180, "texture": "#main" }, 
                "up":    { "uv": [ 8.25, 14.5, 9.5, 15.75 ], "rotation":270, "texture": "#main" }, 
                "down":  { "uv": [ 8.25, 14.5, 9.5, 15.75 ], "rotation":90, "texture": "#main" }
            }
        }, 
        {
            "name": "blade", 
            "from": [ 1, 7.75, 6 ], 
            "to":   [ 2, 8.25, 11 ], 
            "rotation": { "angle": 0, "axis": "y", "origin": [8, 7.5, 8] }, 
            "faces": {
                "north": { "uv": [ 8.25, 14.5, 9.5, 15.75 ], "rotation":180, "texture": "#main" }, 
                "east":  { "uv": [ 8.25, 14.5, 9.5, 15.75 ], "rotation":180, "texture": "#main" }, 
                "south": { "uv": [ 8.25, 14.5, 9.5, 15.75 ], "rotation":180, "texture": "#main" }, 
                "west":  { "uv": [ 8.25, 14.5, 9.5, 15.75 ], "rotation":180, "texture": "#main" }, 
                "up":    { "uv": [ 8.25, 14.5, 9.5, 15.75 ], "rotation":90, "texture": "#main" }, 
                "down":  { "uv": [ 8.25, 14.5, 9.5, 15.75 ], "rotation":270, "texture": "#main" }
            }
        }, 
        {
            "name": "blade", 
            "from": [ 13, 7.75, 10 ], 
            "to":   [ 14, 8.25, 11 ], 
            "rotation": { "angle": 0, "axis": "y", "origin": [8, 7.5, 8] }, 
            "faces": {
                "north": { "uv": [ 8.25, 14.5, 9.5, 15.75 ], "rotation":180, "texture": "#main" }, 
                "east":  { "uv": [ 8.25, 14.5, 9.5, 15.75 ], "rotation":180, "texture": "#main" }, 
                "south": { "uv": [ 8.25, 14.5, 9.5, 15.75 ], "rotation":180, "texture": "#main" }, 
                "west":  { "uv": [ 8.25, 14.5, 9.5, 15.75 ], "rotation":180, "texture": "#main" }, 
                "up":    { "uv": [ 8.25, 14.5, 9.5, 15.75 ], "rotation":270, "texture": "#main" }, 
                "down":  { "uv": [ 8.25, 14.5, 9.5, 15.75 ], "rotation":90, "texture": "#main" }
            }
        }, 
        {
            "name": "blade", 
            "from": [ 2, 7.75, 5 ], 
            "to":   [ 3, 8.25, 6 ], 
            "rotation": { "angle": 0, "axis": "y", "origin": [8, 7.5, 8] }, 
            "faces": {
                "north": { "uv": [ 8.25, 14.5, 9.5, 15.75 ], "rotation":180, "texture": "#main" }, 
                "east":  { "uv": [ 8.25, 14.5, 9.5, 15.75 ], "rotation":180, "texture": "#main" }, 
                "south": { "uv": [ 8.25, 14.5, 9.5, 15.75 ], "rotation":180, "texture": "#main" }, 
                "west":  { "uv": [ 8.25, 14.5, 9.5, 15.75 ], "rotation":180, "texture": "#main" }, 
                "up":    { "uv": [ 8.25, 14.5, 9.5, 15.75 ], "rotation":90, "texture": "#main" }, 
                "down":  { "uv": [ 8.25, 14.5, 9.5, 15.75 ], "rotation":270, "texture": "#main" }
            }
        }, 
        {
            "name": "blade", 
            "from": [ 12, 7.75, 11 ], 
            "to":   [ 13, 8.25, 12 ], 
            "rotation": { "angle": 0, "axis": "y", "origin": [8, 7.5, 8] }, 
            "faces": {
                "north": { "uv": [ 8.25, 14.5, 9.5, 15.75 ], "rotation":180, "texture": "#main" }, 
                "east":  { "uv": [ 8.25, 14.5, 9.5, 15.75 ], "rotation":180, "texture": "#main" }, 
                "south": { "uv": [ 8.25, 14.5, 9.5, 15.75 ], "rotation":180, "texture": "#main" }, 
                "west":  { "uv": [ 8.25, 14.5, 9.5, 15.75 ], "rotation":180, "texture": "#main" }, 
                "up":    { "uv": [ 8.25, 14.5, 9.5, 15.75 ], "rotation":270, "texture": "#main" }, 
                "down":  { "uv": [ 8.25, 14.5, 9.5, 15.75 ], "rotation":90, "texture": "#main" }
            }
        }, 
        {
            "name": "blade", 
            "from": [ 3, 7.75, 4 ], 
            "to":   [ 4, 8.25, 5 ], 
            "rotation": { "angle": 0, "axis": "y", "origin": [8, 7.5, 8] }, 
            "faces": {
                "north": { "uv": [ 8.25, 14.5, 9.5, 15.75 ], "rotation":180, "texture": "#main" }, 
                "east":  { "uv": [ 8.25, 14.5, 9.5, 15.75 ], "rotation":180, "texture": "#main" }, 
                "south": { "uv": [ 8.25, 14.5, 9.5, 15.75 ], "rotation":180, "texture": "#main" }, 
                "west":  { "uv": [ 8.25, 14.5, 9.5, 15.75 ], "rotation":180, "texture": "#main" }, 
                "up":    { "uv": [ 8.25, 14.5, 9.5, 15.75 ], "rotation":90, "texture": "#main" }, 
                "down":  { "uv": [ 8.25, 14.5, 9.5, 15.75 ], "rotation":270, "texture": "#main" }
            }
        }, 
        {
            "name": "blade", 
            "from": [ 11, 7.75, 12 ], 
            "to":   [ 12, 8.25, 13 ], 
            "rotation": { "angle": 0, "axis": "y", "origin": [8, 7.5, 8] }, 
            "faces": {
                "north": { "uv": [ 8.25, 14.5, 9.5, 15.75 ], "rotation":180, "texture": "#main" }, 
                "east":  { "uv": [ 8.25, 14.5, 9.5, 15.75 ], "rotation":180, "texture": "#main" }, 
                "south": { "uv": [ 8.25, 14.5, 9.5, 15.75 ], "rotation":180, "texture": "#main" }, 
                "west":  { "uv": [ 8.25, 14.5, 9.5, 15.75 ], "rotation":180, "texture": "#main" }, 
                "up":    { "uv": [ 8.25, 14.5, 9.5, 15.75 ], "rotation":270, "texture": "#main" }, 
                "down":  { "uv": [ 8.25, 14.5, 9.5, 15.75 ], "rotation":90, "texture": "#main" }
            }
        }, 
        {
            "name": "blade", 
            "from": [ 4, 7.75, 3 ], 
            "to":   [ 5, 8.25, 4 ], 
            "rotation": { "angle": 0, "axis": "y", "origin": [8, 7.5, 8] }, 
            "faces": {
                "north": { "uv": [ 8.25, 14.5, 9.5, 15.75 ], "rotation":180, "texture": "#main" }, 
                "east":  { "uv": [ 8.25, 14.5, 9.5, 15.75 ], "rotation":180, "texture": "#main" }, 
                "south": { "uv": [ 8.25, 14.5, 9.5, 15.75 ], "rotation":180, "texture": "#main" }, 
                "west":  { "uv": [ 8.25, 14.5, 9.5, 15.75 ], "rotation":180, "texture": "#main" }, 
                "up":    { "uv": [ 8.25, 14.5, 9.5, 15.75 ], "rotation":90, "texture": "#main" }, 
                "down":  { "uv": [ 8.25, 14.5, 9.5, 15.75 ], "rotation":270, "texture": "#main" }
            }
        }, 
        {
            "name": "blade", 
            "from": [ 12, 7.75, 3 ], 
            "to":   [ 13, 8.25, 4 ], 
            "rotation": { "angle": 0, "axis": "y", "origin": [8, 7.5, 8] }, 
            "faces": {
                "north": { "uv": [ 8.25, 14.5, 9.5, 15.75 ], "rotation":180, "texture": "#main" }, 
                "east":  { "uv": [ 8.25, 14.5, 9.5, 15.75 ], "rotation":180, "texture": "#main" }, 
                "south": { "uv": [ 8.25, 14.5, 9.5, 15.75 ], "rotation":180, "texture": "#main" }, 
                "west":  { "uv": [ 8.25, 14.5, 9.5, 15.75 ], "rotation":180, "texture": "#main" }, 
                "up":    { "uv": [ 8.25, 14.5, 9.5, 15.75 ], "rotation":270, "texture": "#main" }, 
                "down":  { "uv": [ 8.25, 14.5, 9.5, 15.75 ], "rotation":90, "texture": "#main" }
            }
        }, 
        {
            "name": "blade", 
            "from": [ 3, 7.75, 12 ], 
            "to":   [ 4, 8.25, 13 ], 
            "rotation": { "angle": 0, "axis": "y", "origin": [8, 7.5, 8] }, 
            "faces": {
                "north": { "uv": [ 8.25, 14.5, 9.5, 15.75 ], "rotation":180, "texture": "#main" }, 
                "east":  { "uv": [ 8.25, 14.5, 9.5, 15.75 ], "rotation":180, "texture": "#main" }, 
                "south": { "uv": [ 8.25, 14.5, 9.5, 15.75 ], "rotation":180, "texture": "#main" }, 
                "west":  { "uv": [ 8.25, 14.5, 9.5, 15.75 ], "rotation":180, "texture": "#main" }, 
                "up":    { "uv": [ 8.25, 14.5, 9.5, 15.75 ], "rotation":90, "texture": "#main" }, 
                "down":  { "uv": [ 8.25, 14.5, 9.5, 15.75 ], "rotation":270, "texture": "#main" }
            }
        }, 
        {
            "name": "blade", 
            "from": [ 13, 7.75, 4 ], 
            "to":   [ 14, 8.25, 5 ], 
            "rotation": { "angle": 0, "axis": "y", "origin": [8, 7.5, 8] }, 
            "faces": {
                "north": { "uv": [ 8.25, 14.5, 9.5, 15.75 ], "rotation":180, "texture": "#main" }, 
                "east":  { "uv": [ 8.25, 14.5, 9.5, 15.75 ], "rotation":180, "texture": "#main" }, 
                "south": { "uv": [ 8.25, 14.5, 9.5, 15.75 ], "rotation":180, "texture": "#main" }, 
                "west":  { "uv": [ 8.25, 14.5, 9.5, 15.75 ], "rotation":180, "texture": "#main" }, 
                "up":    { "uv": [ 8.25, 14.5, 9.5, 15.75 ], "rotation":270, "texture": "#main" }, 
                "down":  { "uv": [ 8.25, 14.5, 9.5, 15.75 ], "rotation":90, "texture": "#main" }
            }
        }, 
        {
            "name": "blade", 
            "from": [ 2, 7.75, 11 ], 
            "to":   [ 3, 8.25, 12 ], 
            "rotation": { "angle": 0, "axis": "y", "origin": [8, 7.5, 8] }, 
            "faces": {
                "north": { "uv": [ 8.25, 14.5, 9.5, 15.75 ], "rotation":180, "texture": "#main" }, 
                "east":  { "uv": [ 8.25, 14.5, 9.5, 15.75 ], "rotation":180, "texture": "#main" }, 
                "south": { "uv": [ 8.25, 14.5, 9.5, 15.75 ], "rotation":180, "texture": "#main" }, 
                "west":  { "uv": [ 8.25, 14.5, 9.5, 15.75 ], "rotation":180, "texture": "#main" }, 
                "up":    { "uv": [ 8.25, 14.5, 9.5, 15.75 ], "rotation":90, "texture": "#main" }, 
                "down":  { "uv": [ 8.25, 14.5, 9.5, 15.75 ], "rotation":270, "texture": "#main" }
            }
        }, 
        {
            "name": "blade", 
            "from": [ 6, 7.75, 4 ], 
            "to":   [ 8, 8.25, 5 ], 
            "rotation": { "angle": 0, "axis": "y", "origin": [8, 7.5, 8] }, 
            "faces": {
                "north": { "uv": [ 8.25, 14.5, 9.5, 15.75 ], "rotation":180, "texture": "#main" }, 
                "east":  { "uv": [ 8.25, 14.5, 9.5, 15.75 ], "rotation":180, "texture": "#main" }, 
                "south": { "uv": [ 8.25, 14.5, 9.5, 15.75 ], "rotation":180, "texture": "#main" }, 
                "west":  { "uv": [ 8.25, 14.5, 9.5, 15.75 ], "rotation":180, "texture": "#main" }, 
                "up":    { "uv": [ 8.25, 14.5, 9.5, 15.75 ], "rotation":90, "texture": "#main" }, 
                "down":  { "uv": [ 8.25, 14.5, 9.5, 15.75 ], "rotation":270, "texture": "#main" }
            }
        }, 
        {
            "name": "blade", 
            "from": [ 8, 7.75, 5 ], 
            "to":   [ 9, 8.25, 6 ], 
            "rotation": { "angle": 0, "axis": "y", "origin": [8, 7.5, 8] }, 
            "faces": {
                "north": { "uv": [ 8.25, 14.5, 9.5, 15.75 ], "rotation":180, "texture": "#main" }, 
                "east":  { "uv": [ 8.25, 14.5, 9.5, 15.75 ], "rotation":180, "texture": "#main" }, 
                "south": { "uv": [ 8.25, 14.5, 9.5, 15.75 ], "rotation":180, "texture": "#main" }, 
                "west":  { "uv": [ 8.25, 14.5, 9.5, 15.75 ], "rotation":180, "texture": "#main" }, 
                "up":    { "uv": [ 8.25, 14.5, 9.5, 15.75 ], "rotation":90, "texture": "#main" }, 
                "down":  { "uv": [ 8.25, 14.5, 9.5, 15.75 ], "rotation":270, "texture": "#main" }
            }
        }, 
        {
            "name": "blade", 
            "from": [ 7, 7.75, 10 ], 
            "to":   [ 8, 8.25, 11 ], 
            "rotation": { "angle": 0, "axis": "y", "origin": [8, 7.5, 8] }, 
            "faces": {
                "north": { "uv": [ 8.25, 14.5, 9.5, 15.75 ], "rotation":180, "texture": "#main" }, 
                "east":  { "uv": [ 8.25, 14.5, 9.5, 15.75 ], "rotation":180, "texture": "#main" }, 
                "south": { "uv": [ 8.25, 14.5, 9.5, 15.75 ], "rotation":180, "texture": "#main" }, 
                "west":  { "uv": [ 8.25, 14.5, 9.5, 15.75 ], "rotation":180, "texture": "#main" }, 
                "up":    { "uv": [ 8.25, 14.5, 9.5, 15.75 ], "rotation":90, "texture": "#main" }, 
                "down":  { "uv": [ 8.25, 14.5, 9.5, 15.75 ], "rotation":270, "texture": "#main" }
            }
        }, 
        {
            "name": "blade", 
            "from": [ 8, 7.75, 11 ], 
            "to":   [ 10, 8.25, 12 ], 
            "rotation": { "angle": 0, "axis": "y", "origin": [8, 7.5, 8] }, 
            "faces": {
                "north": { "uv": [ 8.25, 14.5, 9.5, 15.75 ], "rotation":180, "texture": "#main" }, 
                "east":  { "uv": [ 8.25, 14.5, 9.5, 15.75 ], "rotation":180, "texture": "#main" }, 
                "south": { "uv": [ 8.25, 14.5, 9.5, 15.75 ], "rotation":180, "texture": "#main" }, 
                "west":  { "uv": [ 8.25, 14.5, 9.5, 15.75 ], "rotation":180, "texture": "#main" }, 
                "up":    { "uv": [ 8.25, 14.5, 9.5, 15.75 ], "rotation":90, "texture": "#main" }, 
                "down":  { "uv": [ 8.25, 14.5, 9.5, 15.75 ], "rotation":270, "texture": "#main" }
            }
        }
    ], 
    "gui_light": "front", 
    "display": {
        "thirdperson_righthand": {
            "rotation": [ -20, 10, -90 ], 
            "translation": [ 0, -2, 1 ]
        }, 
        "thirdperson_lefthand": {
            "rotation": [ -20, 10, -90 ], 
            "translation": [ 0, -2, 1 ]
        }, 
        "firstperson_righthand": {
            "rotation": [ 30, 15, -90 ], 
            "translation": [ -0.25, 5.5, 1 ], 
            "scale": [ 0.85, 0.85, 0.85 ]
        }, 
        "firstperson_lefthand": {
            "rotation": [ 30, 15, 90 ], 
            "translation": [ 0.25, 5.5, 1 ], 
            "scale": [ 0.85, 0.85, 0.85 ]
        }, 
        "ground": {
            "rotation": [ 45, 0, -90 ], 
            "translation": [ 0, 2, 0 ], 
            "scale": [ 0.55, 0.55, 0.55 ]
        }, 
        "gui": {
            "rotation": [ -90, -45, 0 ], 
            "scale": [ 1.15, 1.15, 1.15 ]
        }, 
        "head": {
            "translation": [ 0, -6, 0 ], 
            "scale": [ 2.3, 2.3, 2.3 ]
        }, 
        "fixed": {
            "rotation": [ 90, 45, 0 ], 
            "translation": [ 0, 0, -1 ], 
            "scale": [ 1.35, 1.35, 1.35 ]
        }
    }, 
    "__comment": "Model animated using Fizzy's model animator - http://fizzy81.github.io/animated-models/"
}