{
    "credit": "Made with Blockbench", 
    "textures": {
        "main": "item/custom_item/photon_disc/photon_disc_spin"
    }, 
    "elements": [
        {
            "name": "blade", 
            "from": [ 5, 7.75, 2 ], 
            "to":   [ 7, 8.25, 3 ], 
            "faces": {
                "north": { "uv": [ 0.25, 6.5, 1.5, 7.75 ], "texture": "#main" }, 
                "east":  { "uv": [ 0.25, 6.5, 1.5, 7.75 ], "texture": "#main" }, 
                "south": { "uv": [ 0.25, 6.5, 1.5, 7.75 ], "texture": "#main" }, 
                "west":  { "uv": [ 0.25, 6.5, 1.5, 7.75 ], "texture": "#main" }, 
                "up":    { "uv": [ 0.25, 6.5, 1.5, 7.75 ], "texture": "#main" }, 
                "down":  { "uv": [ 0.25, 6.5, 1.5, 7.75 ], "texture": "#main" }
            }
        }, 
        {
            "name": "blade", 
            "from": [ 9, 7.75, 13 ], 
            "to":   [ 11, 8.25, 14 ], 
            "faces": {
                "north": { "uv": [ 0.25, 6.5, 1.5, 7.75 ], "texture": "#main" }, 
                "east":  { "uv": [ 0.25, 6.5, 1.5, 7.75 ], "texture": "#main" }, 
                "south": { "uv": [ 0.25, 6.5, 1.5, 7.75 ], "texture": "#main" }, 
                "west":  { "uv": [ 0.25, 6.5, 1.5, 7.75 ], "texture": "#main" }, 
                "up":    { "uv": [ 0.25, 6.5, 1.5, 7.75 ], "rotation":180, "texture": "#main" }, 
                "down":  { "uv": [ 0.25, 6.5, 1.5, 7.75 ], "rotation":180, "texture": "#main" }
            }
        }, 
        {
            "name": "blade", 
            "from": [ 9, 7.75, 2 ], 
            "to":   [ 11, 8.25, 3 ], 
            "faces": {
                "north": { "uv": [ 0.25, 6.5, 1.5, 7.75 ], "texture": "#main" }, 
                "east":  { "uv": [ 0.25, 6.5, 1.5, 7.75 ], "texture": "#main" }, 
                "south": { "uv": [ 0.25, 6.5, 1.5, 7.75 ], "texture": "#main" }, 
                "west":  { "uv": [ 0.25, 6.5, 1.5, 7.75 ], "texture": "#main" }, 
                "up":    { "uv": [ 0.25, 6.5, 1.5, 7.75 ], "rotation":180, "texture": "#main" }, 
                "down":  { "uv": [ 0.25, 6.5, 1.5, 7.75 ], "rotation":180, "texture": "#main" }
            }
        }, 
        {
            "name": "blade", 
            "from": [ 5, 7.75, 13 ], 
            "to":   [ 7, 8.25, 14 ], 
            "faces": {
                "north": { "uv": [ 0.25, 6.5, 1.5, 7.75 ], "texture": "#main" }, 
                "east":  { "uv": [ 0.25, 6.5, 1.5, 7.75 ], "texture": "#main" }, 
                "south": { "uv": [ 0.25, 6.5, 1.5, 7.75 ], "texture": "#main" }, 
                "west":  { "uv": [ 0.25, 6.5, 1.5, 7.75 ], "texture": "#main" }, 
                "up":    { "uv": [ 0.25, 6.5, 1.5, 7.75 ], "texture": "#main" }, 
                "down":  { "uv": [ 0.25, 6.5, 1.5, 7.75 ], "texture": "#main" }
            }
        }, 
        {
            "name": "blade", 
            "from": [ 11, 7.75, 12 ], 
            "to":   [ 12, 8.25, 13 ], 
            "faces": {
                "north": { "uv": [ 0.25, 6.5, 1.5, 7.75 ], "texture": "#main" }, 
                "east":  { "uv": [ 0.25, 6.5, 1.5, 7.75 ], "texture": "#main" }, 
                "south": { "uv": [ 0.25, 6.5, 1.5, 7.75 ], "texture": "#main" }, 
                "west":  { "uv": [ 0.25, 6.5, 1.5, 7.75 ], "texture": "#main" }, 
                "up":    { "uv": [ 0.25, 6.5, 1.5, 7.75 ], "rotation":180, "texture": "#main" }, 
                "down":  { "uv": [ 0.25, 6.5, 1.5, 7.75 ], "rotation":180, "texture": "#main" }
            }
        }, 
        {
            "name": "blade", 
            "from": [ 4, 7.75, 3 ], 
            "to":   [ 5, 8.25, 4 ], 
            "faces": {
                "north": { "uv": [ 0.25, 6.5, 1.5, 7.75 ], "texture": "#main" }, 
                "east":  { "uv": [ 0.25, 6.5, 1.5, 7.75 ], "texture": "#main" }, 
                "south": { "uv": [ 0.25, 6.5, 1.5, 7.75 ], "texture": "#main" }, 
                "west":  { "uv": [ 0.25, 6.5, 1.5, 7.75 ], "texture": "#main" }, 
                "up":    { "uv": [ 0.25, 6.5, 1.5, 7.75 ], "texture": "#main" }, 
                "down":  { "uv": [ 0.25, 6.5, 1.5, 7.75 ], "texture": "#main" }
            }
        }, 
        {
            "name": "blade", 
            "from": [ 11, 7.75, 3 ], 
            "to":   [ 12, 8.25, 4 ], 
            "faces": {
                "north": { "uv": [ 0.25, 6.5, 1.5, 7.75 ], "texture": "#main" }, 
                "east":  { "uv": [ 0.25, 6.5, 1.5, 7.75 ], "texture": "#main" }, 
                "south": { "uv": [ 0.25, 6.5, 1.5, 7.75 ], "texture": "#main" }, 
                "west":  { "uv": [ 0.25, 6.5, 1.5, 7.75 ], "texture": "#main" }, 
                "up":    { "uv": [ 0.25, 6.5, 1.5, 7.75 ], "rotation":180, "texture": "#main" }, 
                "down":  { "uv": [ 0.25, 6.5, 1.5, 7.75 ], "rotation":180, "texture": "#main" }
            }
        }, 
        {
            "name": "blade", 
            "from": [ 4, 7.75, 12 ], 
            "to":   [ 5, 8.25, 13 ], 
            "faces": {
                "north": { "uv": [ 0.25, 6.5, 1.5, 7.75 ], "texture": "#main" }, 
                "east":  { "uv": [ 0.25, 6.5, 1.5, 7.75 ], "texture": "#main" }, 
                "south": { "uv": [ 0.25, 6.5, 1.5, 7.75 ], "texture": "#main" }, 
                "west":  { "uv": [ 0.25, 6.5, 1.5, 7.75 ], "texture": "#main" }, 
                "up":    { "uv": [ 0.25, 6.5, 1.5, 7.75 ], "texture": "#main" }, 
                "down":  { "uv": [ 0.25, 6.5, 1.5, 7.75 ], "texture": "#main" }
            }
        }, 
        {
            "name": "blade", 
            "from": [ 12, 7.75, 4 ], 
            "to":   [ 13, 8.25, 5 ], 
            "faces": {
                "north": { "uv": [ 0.25, 6.5, 1.5, 7.75 ], "texture": "#main" }, 
                "east":  { "uv": [ 0.25, 6.5, 1.5, 7.75 ], "texture": "#main" }, 
                "south": { "uv": [ 0.25, 6.5, 1.5, 7.75 ], "texture": "#main" }, 
                "west":  { "uv": [ 0.25, 6.5, 1.5, 7.75 ], "texture": "#main" }, 
                "up":    { "uv": [ 0.25, 6.5, 1.5, 7.75 ], "rotation":180, "texture": "#main" }, 
                "down":  { "uv": [ 0.25, 6.5, 1.5, 7.75 ], "rotation":180, "texture": "#main" }
            }
        }, 
        {
            "name": "blade", 
            "from": [ 3, 7.75, 11 ], 
            "to":   [ 4, 8.25, 12 ], 
            "faces": {
                "north": { "uv": [ 0.25, 6.5, 1.5, 7.75 ], "texture": "#main" }, 
                "east":  { "uv": [ 0.25, 6.5, 1.5, 7.75 ], "texture": "#main" }, 
                "south": { "uv": [ 0.25, 6.5, 1.5, 7.75 ], "texture": "#main" }, 
                "west":  { "uv": [ 0.25, 6.5, 1.5, 7.75 ], "texture": "#main" }, 
                "up":    { "uv": [ 0.25, 6.5, 1.5, 7.75 ], "texture": "#main" }, 
                "down":  { "uv": [ 0.25, 6.5, 1.5, 7.75 ], "texture": "#main" }
            }
        }, 
        {
            "name": "blade", 
            "from": [ 12, 7.75, 11 ], 
            "to":   [ 13, 8.25, 12 ], 
            "faces": {
                "north": { "uv": [ 0.25, 6.5, 1.5, 7.75 ], "texture": "#main" }, 
                "east":  { "uv": [ 0.25, 6.5, 1.5, 7.75 ], "texture": "#main" }, 
                "south": { "uv": [ 0.25, 6.5, 1.5, 7.75 ], "texture": "#main" }, 
                "west":  { "uv": [ 0.25, 6.5, 1.5, 7.75 ], "texture": "#main" }, 
                "up":    { "uv": [ 0.25, 6.5, 1.5, 7.75 ], "rotation":180, "texture": "#main" }, 
                "down":  { "uv": [ 0.25, 6.5, 1.5, 7.75 ], "rotation":180, "texture": "#main" }
            }
        }, 
        {
            "name": "blade", 
            "from": [ 3, 7.75, 4 ], 
            "to":   [ 4, 8.25, 5 ], 
            "faces": {
                "north": { "uv": [ 0.25, 6.5, 1.5, 7.75 ], "texture": "#main" }, 
                "east":  { "uv": [ 0.25, 6.5, 1.5, 7.75 ], "texture": "#main" }, 
                "south": { "uv": [ 0.25, 6.5, 1.5, 7.75 ], "texture": "#main" }, 
                "west":  { "uv": [ 0.25, 6.5, 1.5, 7.75 ], "texture": "#main" }, 
                "up":    { "uv": [ 0.25, 6.5, 1.5, 7.75 ], "texture": "#main" }, 
                "down":  { "uv": [ 0.25, 6.5, 1.5, 7.75 ], "texture": "#main" }
            }
        }, 
        {
            "name": "blade", 
            "from": [ 13, 7.75, 5 ], 
            "to":   [ 14, 8.25, 11 ], 
            "faces": {
                "north": { "uv": [ 0.25, 6.5, 1.5, 7.75 ], "texture": "#main" }, 
                "east":  { "uv": [ 0.25, 6.5, 1.5, 7.75 ], "texture": "#main" }, 
                "south": { "uv": [ 0.25, 6.5, 1.5, 7.75 ], "texture": "#main" }, 
                "west":  { "uv": [ 0.25, 6.5, 1.5, 7.75 ], "texture": "#main" }, 
                "up":    { "uv": [ 0.25, 6.5, 1.5, 7.75 ], "rotation":180, "texture": "#main" }, 
                "down":  { "uv": [ 0.25, 6.5, 1.5, 7.75 ], "rotation":180, "texture": "#main" }
            }
        }, 
        {
            "name": "blade", 
            "from": [ 2, 7.75, 5 ], 
            "to":   [ 3, 8.25, 11 ], 
            "faces": {
                "north": { "uv": [ 0.25, 6.5, 1.5, 7.75 ], "texture": "#main" }, 
                "east":  { "uv": [ 0.25, 6.5, 1.5, 7.75 ], "texture": "#main" }, 
                "south": { "uv": [ 0.25, 6.5, 1.5, 7.75 ], "texture": "#main" }, 
                "west":  { "uv": [ 0.25, 6.5, 1.5, 7.75 ], "texture": "#main" }, 
                "up":    { "uv": [ 0.25, 6.5, 1.5, 7.75 ], "texture": "#main" }, 
                "down":  { "uv": [ 0.25, 6.5, 1.5, 7.75 ], "texture": "#main" }
            }
        }, 
        {
            "from": [ 12, 7.5, 5 ], 
            "to":   [ 13, 8.5, 11 ], 
            "faces": {
                "north": { "uv": [ 4, 4, 4.25, 4.25 ], "texture": "#main" }, 
                "east":  { "uv": [ 2.5, 4, 4, 4.25 ], "texture": "#main" }, 
                "south": { "uv": [ 5.75, 4, 6, 4.25 ], "texture": "#main" }, 
                "west":  { "uv": [ 4.25, 4, 5.75, 4.25 ], "texture": "#main" }, 
                "up":    { "uv": [ 4.25, 4, 4, 2.5 ], "texture": "#main" }, 
                "down":  { "uv": [ 4.5, 2.5, 4.25, 4 ], "texture": "#main" }
            }
        }, 
        {
            "from": [ 3, 7.5, 5 ], 
            "to":   [ 4, 8.5, 11 ], 
            "faces": {
                "north": { "uv": [ 4, 1.5, 4.25, 1.75 ], "texture": "#main" }, 
                "east":  { "uv": [ 2.5, 1.5, 4, 1.75 ], "texture": "#main" }, 
                "south": { "uv": [ 5.75, 1.5, 6, 1.75 ], "texture": "#main" }, 
                "west":  { "uv": [ 4.25, 1.5, 5.75, 1.75 ], "texture": "#main" }, 
                "up":    { "uv": [ 4.25, 1.5, 4, 0 ], "texture": "#main" }, 
                "down":  { "uv": [ 4.5, 0, 4.25, 1.5 ], "texture": "#main" }
            }
        }, 
        {
            "from": [ 9, 7.5, 3 ], 
            "to":   [ 10, 8.5, 4 ], 
            "faces": {
                "north": { "uv": [ 1.25, 1.25, 1.5, 1.5 ], "texture": "#main" }, 
                "east":  { "uv": [ 1, 1.25, 1.25, 1.5 ], "texture": "#main" }, 
                "south": { "uv": [ 1.75, 1.25, 2, 1.5 ], "texture": "#main" }, 
                "west":  { "uv": [ 1.5, 1.25, 1.75, 1.5 ], "texture": "#main" }, 
                "up":    { "uv": [ 1.5, 1.25, 1.25, 1 ], "texture": "#main" }, 
                "down":  { "uv": [ 1.75, 1, 1.5, 1.25 ], "texture": "#main" }
            }
        }, 
        {
            "from": [ 6, 7.5, 12 ], 
            "to":   [ 7, 8.5, 13 ], 
            "faces": {
                "north": { "uv": [ 1.25, 2.5, 1.5, 2.75 ], "texture": "#main" }, 
                "east":  { "uv": [ 1, 2.5, 1.25, 2.75 ], "texture": "#main" }, 
                "south": { "uv": [ 1.75, 2.5, 2, 2.75 ], "texture": "#main" }, 
                "west":  { "uv": [ 1.5, 2.5, 1.75, 2.75 ], "texture": "#main" }, 
                "up":    { "uv": [ 1.5, 2.5, 1.25, 2.25 ], "texture": "#main" }, 
                "down":  { "uv": [ 1.75, 2.25, 1.5, 2.5 ], "texture": "#main" }
            }
        }, 
        {
            "from": [ 9, 7.5, 12 ], 
            "to":   [ 10, 8.5, 13 ], 
            "faces": {
                "north": { "uv": [ 1.25, 3.5, 1.5, 3.75 ], "texture": "#main" }, 
                "east":  { "uv": [ 1, 3.5, 1.25, 3.75 ], "texture": "#main" }, 
                "south": { "uv": [ 1.75, 3.5, 2, 3.75 ], "texture": "#main" }, 
                "west":  { "uv": [ 1.5, 3.5, 1.75, 3.75 ], "texture": "#main" }, 
                "up":    { "uv": [ 1.5, 3.5, 1.25, 3.25 ], "texture": "#main" }, 
                "down":  { "uv": [ 1.75, 3.25, 1.5, 3.5 ], "texture": "#main" }
            }
        }, 
        {
            "from": [ 6, 7.5, 3 ], 
            "to":   [ 7, 8.5, 4 ], 
            "faces": {
                "north": { "uv": [ 2.75, 3.5, 3, 3.75 ], "texture": "#main" }, 
                "east":  { "uv": [ 2.5, 3.5, 2.75, 3.75 ], "texture": "#main" }, 
                "south": { "uv": [ 3.25, 3.5, 3.5, 3.75 ], "texture": "#main" }, 
                "west":  { "uv": [ 3, 3.5, 3.25, 3.75 ], "texture": "#main" }, 
                "up":    { "uv": [ 3, 3.5, 2.75, 3.25 ], "texture": "#main" }, 
                "down":  { "uv": [ 3.25, 3.25, 3, 3.5 ], "texture": "#main" }
            }
        }, 
        {
            "name": "cube2", 
            "from": [ 10, 7.5, 11 ], 
            "to":   [ 11, 8.5, 13 ], 
            "faces": {
                "north": { "uv": [ 3, 3, 3.25, 3.25 ], "texture": "#main" }, 
                "east":  { "uv": [ 2.5, 3, 3, 3.25 ], "texture": "#main" }, 
                "south": { "uv": [ 3.75, 3, 4, 3.25 ], "texture": "#main" }, 
                "west":  { "uv": [ 3.25, 3, 3.75, 3.25 ], "texture": "#main" }, 
                "up":    { "uv": [ 3.25, 3, 3, 2.5 ], "texture": "#main" }, 
                "down":  { "uv": [ 3.5, 2.5, 3.25, 3 ], "texture": "#main" }
            }
        }, 
        {
            "from": [ 5, 7.5, 3 ], 
            "to":   [ 6, 8.5, 5 ], 
            "faces": {
                "north": { "uv": [ 3, 0.5, 3.25, 0.75 ], "texture": "#main" }, 
                "east":  { "uv": [ 2.5, 0.5, 3, 0.75 ], "texture": "#main" }, 
                "south": { "uv": [ 3.75, 0.5, 4, 0.75 ], "texture": "#main" }, 
                "west":  { "uv": [ 3.25, 0.5, 3.75, 0.75 ], "texture": "#main" }, 
                "up":    { "uv": [ 3.25, 0.5, 3, 0 ], "texture": "#main" }, 
                "down":  { "uv": [ 3.5, 0, 3.25, 0.5 ], "texture": "#main" }
            }
        }, 
        {
            "from": [ 10, 7.5, 3 ], 
            "to":   [ 11, 8.5, 5 ], 
            "faces": {
                "north": { "uv": [ 3, 1.25, 3.25, 1.5 ], "texture": "#main" }, 
                "east":  { "uv": [ 2.5, 1.25, 3, 1.5 ], "texture": "#main" }, 
                "south": { "uv": [ 3.75, 1.25, 4, 1.5 ], "texture": "#main" }, 
                "west":  { "uv": [ 3.25, 1.25, 3.75, 1.5 ], "texture": "#main" }, 
                "up":    { "uv": [ 3.25, 1.25, 3, 0.75 ], "texture": "#main" }, 
                "down":  { "uv": [ 3.5, 0.75, 3.25, 1.25 ], "texture": "#main" }
            }
        }, 
        {
            "from": [ 5, 7.5, 11 ], 
            "to":   [ 6, 8.5, 13 ], 
            "faces": {
                "north": { "uv": [ 0.5, 3.75, 0.75, 4 ], "texture": "#main" }, 
                "east":  { "uv": [ 0, 3.75, 0.5, 4 ], "texture": "#main" }, 
                "south": { "uv": [ 1.25, 3.75, 1.5, 4 ], "texture": "#main" }, 
                "west":  { "uv": [ 0.75, 3.75, 1.25, 4 ], "texture": "#main" }, 
                "up":    { "uv": [ 0.75, 3.75, 0.5, 3.25 ], "texture": "#main" }, 
                "down":  { "uv": [ 1, 3.25, 0.75, 3.75 ], "texture": "#main" }
            }
        }, 
        {
            "from": [ 11, 7.5, 4 ], 
            "to":   [ 12, 8.5, 12 ], 
            "faces": {
                "north": { "uv": [ 2, 2, 2.25, 2.25 ], "texture": "#main" }, 
                "east":  { "uv": [ 0, 2, 2, 2.25 ], "texture": "#main" }, 
                "south": { "uv": [ 4.25, 2, 4.5, 2.25 ], "texture": "#main" }, 
                "west":  { "uv": [ 2.25, 2, 4.25, 2.25 ], "texture": "#main" }, 
                "up":    { "uv": [ 2.25, 2, 2, 0 ], "texture": "#main" }, 
                "down":  { "uv": [ 2.5, 0, 2.25, 2 ], "texture": "#main" }
            }
        }, 
        {
            "from": [ 4, 7.5, 4 ], 
            "to":   [ 5, 8.5, 12 ], 
            "faces": {
                "north": { "uv": [ 2, 4.25, 2.25, 4.5 ], "texture": "#main" }, 
                "east":  { "uv": [ 0, 4.25, 2, 4.5 ], "texture": "#main" }, 
                "south": { "uv": [ 4.25, 4.25, 4.5, 4.5 ], "texture": "#main" }, 
                "west":  { "uv": [ 2.25, 4.25, 4.25, 4.5 ], "texture": "#main" }, 
                "up":    { "uv": [ 2.25, 4.25, 2, 2.25 ], "texture": "#main" }, 
                "down":  { "uv": [ 2.5, 2.25, 2.25, 4.25 ], "texture": "#main" }
            }
        }, 
        {
            "from": [ 5, 7, 7 ], 
            "to":   [ 6, 9, 9 ], 
            "faces": {
                "north": { "uv": [ 0.5, 1.5, 0.75, 2 ], "texture": "#main" }, 
                "east":  { "uv": [ 0, 1.5, 0.5, 2 ], "texture": "#main" }, 
                "south": { "uv": [ 1.25, 1.5, 1.5, 2 ], "texture": "#main" }, 
                "west":  { "uv": [ 0.75, 1.5, 1.25, 2 ], "texture": "#main" }, 
                "up":    { "uv": [ 0.75, 1.5, 0.5, 1 ], "texture": "#main" }, 
                "down":  { "uv": [ 1, 1, 0.75, 1.5 ], "texture": "#main" }
            }
        }, 
        {
            "from": [ 10, 7, 7 ], 
            "to":   [ 11, 9, 9 ], 
            "faces": {
                "north": { "uv": [ 0.5, 2.75, 0.75, 3.25 ], "texture": "#main" }, 
                "east":  { "uv": [ 0, 2.75, 0.5, 3.25 ], "texture": "#main" }, 
                "south": { "uv": [ 1.25, 2.75, 1.5, 3.25 ], "texture": "#main" }, 
                "west":  { "uv": [ 0.75, 2.75, 1.25, 3.25 ], "texture": "#main" }, 
                "up":    { "uv": [ 0.75, 2.75, 0.5, 2.25 ], "texture": "#main" }, 
                "down":  { "uv": [ 1, 2.25, 0.75, 2.75 ], "texture": "#main" }
            }
        }, 
        {
            "from": [ 6, 7.5, 6 ], 
            "to":   [ 10, 8.5, 10 ], 
            "faces": {
                "north": { "uv": [ 4.5, 5.25, 5.5, 5.5 ], "texture": "#main" }, 
                "east":  { "uv": [ 3.5, 5.25, 4.5, 5.5 ], "texture": "#main" }, 
                "south": { "uv": [ 6.5, 5.25, 7.5, 5.5 ], "texture": "#main" }, 
                "west":  { "uv": [ 5.5, 5.25, 6.5, 5.5 ], "texture": "#main" }, 
                "up":    { "uv": [ 5.5, 5.25, 4.5, 4.25 ], "texture": "#main" }, 
                "down":  { "uv": [ 6.5, 4.25, 5.5, 5.25 ], "texture": "#main" }
            }
        }, 
        {
            "from": [ 7, 7, 7 ], 
            "to":   [ 9, 9, 9 ], 
            "faces": {
                "north": { "uv": [ 0.5, 0.5, 1, 1 ], "texture": "#main" }, 
                "east":  { "uv": [ 0, 0.5, 0.5, 1 ], "texture": "#main" }, 
                "south": { "uv": [ 1.5, 0.5, 2, 1 ], "texture": "#main" }, 
                "west":  { "uv": [ 1, 0.5, 1.5, 1 ], "texture": "#main" }, 
                "up":    { "uv": [ 1, 0.5, 0.5, 0 ], "texture": "#main" }, 
                "down":  { "uv": [ 1.5, 0, 1, 0.5 ], "texture": "#main" }
            }
        }, 
        {
            "name": "blade", 
            "from": [ 5, 7.75, 2 ], 
            "to":   [ 7, 8.25, 3 ], 
            "rotation": { "angle": 45, "axis": "y", "origin": [8, 8, 8] }, 
            "faces": {
                "north": { "uv": [ 8.25, 6.5, 9.5, 7.75 ], "texture": "#main" }, 
                "east":  { "uv": [ 8.25, 6.5, 9.5, 7.75 ], "texture": "#main" }, 
                "south": { "uv": [ 8.25, 6.5, 9.5, 7.75 ], "texture": "#main" }, 
                "west":  { "uv": [ 8.25, 6.5, 9.5, 7.75 ], "texture": "#main" }, 
                "up":    { "uv": [ 8.25, 6.5, 9.5, 7.75 ], "texture": "#main" }, 
                "down":  { "uv": [ 8.25, 6.5, 9.5, 7.75 ], "texture": "#main" }
            }
        }, 
        {
            "name": "blade", 
            "from": [ 9, 7.75, 13 ], 
            "to":   [ 11, 8.25, 14 ], 
            "rotation": { "angle": 45, "axis": "y", "origin": [8, 8, 8] }, 
            "faces": {
                "north": { "uv": [ 8.25, 6.5, 9.5, 7.75 ], "texture": "#main" }, 
                "east":  { "uv": [ 8.25, 6.5, 9.5, 7.75 ], "texture": "#main" }, 
                "south": { "uv": [ 8.25, 6.5, 9.5, 7.75 ], "texture": "#main" }, 
                "west":  { "uv": [ 8.25, 6.5, 9.5, 7.75 ], "texture": "#main" }, 
                "up":    { "uv": [ 8.25, 6.5, 9.5, 7.75 ], "rotation":180, "texture": "#main" }, 
                "down":  { "uv": [ 8.25, 6.5, 9.5, 7.75 ], "rotation":180, "texture": "#main" }
            }
        }, 
        {
            "name": "blade", 
            "from": [ 9, 7.75, 2 ], 
            "to":   [ 11, 8.25, 3 ], 
            "rotation": { "angle": 45, "axis": "y", "origin": [8, 8, 8] }, 
            "faces": {
                "north": { "uv": [ 8.25, 6.5, 9.5, 7.75 ], "texture": "#main" }, 
                "east":  { "uv": [ 8.25, 6.5, 9.5, 7.75 ], "texture": "#main" }, 
                "south": { "uv": [ 8.25, 6.5, 9.5, 7.75 ], "texture": "#main" }, 
                "west":  { "uv": [ 8.25, 6.5, 9.5, 7.75 ], "texture": "#main" }, 
                "up":    { "uv": [ 8.25, 6.5, 9.5, 7.75 ], "rotation":180, "texture": "#main" }, 
                "down":  { "uv": [ 8.25, 6.5, 9.5, 7.75 ], "rotation":180, "texture": "#main" }
            }
        }, 
        {
            "name": "blade", 
            "from": [ 5, 7.75, 13 ], 
            "to":   [ 7, 8.25, 14 ], 
            "rotation": { "angle": 45, "axis": "y", "origin": [8, 8, 8] }, 
            "faces": {
                "north": { "uv": [ 8.25, 6.5, 9.5, 7.75 ], "texture": "#main" }, 
                "east":  { "uv": [ 8.25, 6.5, 9.5, 7.75 ], "texture": "#main" }, 
                "south": { "uv": [ 8.25, 6.5, 9.5, 7.75 ], "texture": "#main" }, 
                "west":  { "uv": [ 8.25, 6.5, 9.5, 7.75 ], "texture": "#main" }, 
                "up":    { "uv": [ 8.25, 6.5, 9.5, 7.75 ], "texture": "#main" }, 
                "down":  { "uv": [ 8.25, 6.5, 9.5, 7.75 ], "texture": "#main" }
            }
        }, 
        {
            "name": "blade", 
            "from": [ 11, 7.75, 12 ], 
            "to":   [ 12, 8.25, 13 ], 
            "rotation": { "angle": 45, "axis": "y", "origin": [8, 8, 8] }, 
            "faces": {
                "north": { "uv": [ 8.25, 6.5, 9.5, 7.75 ], "texture": "#main" }, 
                "east":  { "uv": [ 8.25, 6.5, 9.5, 7.75 ], "texture": "#main" }, 
                "south": { "uv": [ 8.25, 6.5, 9.5, 7.75 ], "texture": "#main" }, 
                "west":  { "uv": [ 8.25, 6.5, 9.5, 7.75 ], "texture": "#main" }, 
                "up":    { "uv": [ 8.25, 6.5, 9.5, 7.75 ], "rotation":180, "texture": "#main" }, 
                "down":  { "uv": [ 8.25, 6.5, 9.5, 7.75 ], "rotation":180, "texture": "#main" }
            }
        }, 
        {
            "name": "blade", 
            "from": [ 4, 7.75, 3 ], 
            "to":   [ 5, 8.25, 4 ], 
            "rotation": { "angle": 45, "axis": "y", "origin": [8, 8, 8] }, 
            "faces": {
                "north": { "uv": [ 8.25, 6.5, 9.5, 7.75 ], "texture": "#main" }, 
                "east":  { "uv": [ 8.25, 6.5, 9.5, 7.75 ], "texture": "#main" }, 
                "south": { "uv": [ 8.25, 6.5, 9.5, 7.75 ], "texture": "#main" }, 
                "west":  { "uv": [ 8.25, 6.5, 9.5, 7.75 ], "texture": "#main" }, 
                "up":    { "uv": [ 8.25, 6.5, 9.5, 7.75 ], "texture": "#main" }, 
                "down":  { "uv": [ 8.25, 6.5, 9.5, 7.75 ], "texture": "#main" }
            }
        }, 
        {
            "name": "blade", 
            "from": [ 11, 7.75, 3 ], 
            "to":   [ 12, 8.25, 4 ], 
            "rotation": { "angle": 45, "axis": "y", "origin": [8, 8, 8] }, 
            "faces": {
                "north": { "uv": [ 8.25, 6.5, 9.5, 7.75 ], "texture": "#main" }, 
                "east":  { "uv": [ 8.25, 6.5, 9.5, 7.75 ], "texture": "#main" }, 
                "south": { "uv": [ 8.25, 6.5, 9.5, 7.75 ], "texture": "#main" }, 
                "west":  { "uv": [ 8.25, 6.5, 9.5, 7.75 ], "texture": "#main" }, 
                "up":    { "uv": [ 8.25, 6.5, 9.5, 7.75 ], "rotation":180, "texture": "#main" }, 
                "down":  { "uv": [ 8.25, 6.5, 9.5, 7.75 ], "rotation":180, "texture": "#main" }
            }
        }, 
        {
            "name": "blade", 
            "from": [ 4, 7.75, 12 ], 
            "to":   [ 5, 8.25, 13 ], 
            "rotation": { "angle": 45, "axis": "y", "origin": [8, 8, 8] }, 
            "faces": {
                "north": { "uv": [ 8.25, 6.5, 9.5, 7.75 ], "texture": "#main" }, 
                "east":  { "uv": [ 8.25, 6.5, 9.5, 7.75 ], "texture": "#main" }, 
                "south": { "uv": [ 8.25, 6.5, 9.5, 7.75 ], "texture": "#main" }, 
                "west":  { "uv": [ 8.25, 6.5, 9.5, 7.75 ], "texture": "#main" }, 
                "up":    { "uv": [ 8.25, 6.5, 9.5, 7.75 ], "texture": "#main" }, 
                "down":  { "uv": [ 8.25, 6.5, 9.5, 7.75 ], "texture": "#main" }
            }
        }, 
        {
            "name": "blade", 
            "from": [ 12, 7.75, 4 ], 
            "to":   [ 13, 8.25, 5 ], 
            "rotation": { "angle": 45, "axis": "y", "origin": [8, 8, 8] }, 
            "faces": {
                "north": { "uv": [ 8.25, 6.5, 9.5, 7.75 ], "texture": "#main" }, 
                "east":  { "uv": [ 8.25, 6.5, 9.5, 7.75 ], "texture": "#main" }, 
                "south": { "uv": [ 8.25, 6.5, 9.5, 7.75 ], "texture": "#main" }, 
                "west":  { "uv": [ 8.25, 6.5, 9.5, 7.75 ], "texture": "#main" }, 
                "up":    { "uv": [ 8.25, 6.5, 9.5, 7.75 ], "rotation":180, "texture": "#main" }, 
                "down":  { "uv": [ 8.25, 6.5, 9.5, 7.75 ], "rotation":180, "texture": "#main" }
            }
        }, 
        {
            "name": "blade", 
            "from": [ 3, 7.75, 11 ], 
            "to":   [ 4, 8.25, 12 ], 
            "rotation": { "angle": 45, "axis": "y", "origin": [8, 8, 8] }, 
            "faces": {
                "north": { "uv": [ 8.25, 6.5, 9.5, 7.75 ], "texture": "#main" }, 
                "east":  { "uv": [ 8.25, 6.5, 9.5, 7.75 ], "texture": "#main" }, 
                "south": { "uv": [ 8.25, 6.5, 9.5, 7.75 ], "texture": "#main" }, 
                "west":  { "uv": [ 8.25, 6.5, 9.5, 7.75 ], "texture": "#main" }, 
                "up":    { "uv": [ 8.25, 6.5, 9.5, 7.75 ], "texture": "#main" }, 
                "down":  { "uv": [ 8.25, 6.5, 9.5, 7.75 ], "texture": "#main" }
            }
        }, 
        {
            "name": "blade", 
            "from": [ 12, 7.75, 11 ], 
            "to":   [ 13, 8.25, 12 ], 
            "rotation": { "angle": 45, "axis": "y", "origin": [8, 8, 8] }, 
            "faces": {
                "north": { "uv": [ 8.25, 6.5, 9.5, 7.75 ], "texture": "#main" }, 
                "east":  { "uv": [ 8.25, 6.5, 9.5, 7.75 ], "texture": "#main" }, 
                "south": { "uv": [ 8.25, 6.5, 9.5, 7.75 ], "texture": "#main" }, 
                "west":  { "uv": [ 8.25, 6.5, 9.5, 7.75 ], "texture": "#main" }, 
                "up":    { "uv": [ 8.25, 6.5, 9.5, 7.75 ], "rotation":180, "texture": "#main" }, 
                "down":  { "uv": [ 8.25, 6.5, 9.5, 7.75 ], "rotation":180, "texture": "#main" }
            }
        }, 
        {
            "name": "blade", 
            "from": [ 3, 7.75, 4 ], 
            "to":   [ 4, 8.25, 5 ], 
            "rotation": { "angle": 45, "axis": "y", "origin": [8, 8, 8] }, 
            "faces": {
                "north": { "uv": [ 8.25, 6.5, 9.5, 7.75 ], "texture": "#main" }, 
                "east":  { "uv": [ 8.25, 6.5, 9.5, 7.75 ], "texture": "#main" }, 
                "south": { "uv": [ 8.25, 6.5, 9.5, 7.75 ], "texture": "#main" }, 
                "west":  { "uv": [ 8.25, 6.5, 9.5, 7.75 ], "texture": "#main" }, 
                "up":    { "uv": [ 8.25, 6.5, 9.5, 7.75 ], "texture": "#main" }, 
                "down":  { "uv": [ 8.25, 6.5, 9.5, 7.75 ], "texture": "#main" }
            }
        }, 
        {
            "name": "blade", 
            "from": [ 13, 7.75, 5 ], 
            "to":   [ 14, 8.25, 11 ], 
            "rotation": { "angle": 45, "axis": "y", "origin": [8, 8, 8] }, 
            "faces": {
                "north": { "uv": [ 8.25, 6.5, 9.5, 7.75 ], "texture": "#main" }, 
                "east":  { "uv": [ 8.25, 6.5, 9.5, 7.75 ], "texture": "#main" }, 
                "south": { "uv": [ 8.25, 6.5, 9.5, 7.75 ], "texture": "#main" }, 
                "west":  { "uv": [ 8.25, 6.5, 9.5, 7.75 ], "texture": "#main" }, 
                "up":    { "uv": [ 8.25, 6.5, 9.5, 7.75 ], "rotation":180, "texture": "#main" }, 
                "down":  { "uv": [ 8.25, 6.5, 9.5, 7.75 ], "rotation":180, "texture": "#main" }
            }
        }, 
        {
            "name": "blade", 
            "from": [ 2, 7.75, 5 ], 
            "to":   [ 3, 8.25, 11 ], 
            "rotation": { "angle": 45, "axis": "y", "origin": [8, 8, 8] }, 
            "faces": {
                "north": { "uv": [ 8.25, 6.5, 9.5, 7.75 ], "texture": "#main" }, 
                "east":  { "uv": [ 8.25, 6.5, 9.5, 7.75 ], "texture": "#main" }, 
                "south": { "uv": [ 8.25, 6.5, 9.5, 7.75 ], "texture": "#main" }, 
                "west":  { "uv": [ 8.25, 6.5, 9.5, 7.75 ], "texture": "#main" }, 
                "up":    { "uv": [ 8.25, 6.5, 9.5, 7.75 ], "texture": "#main" }, 
                "down":  { "uv": [ 8.25, 6.5, 9.5, 7.75 ], "texture": "#main" }
            }
        }, 
        {
            "from": [ 12, 7.5, 5 ], 
            "to":   [ 13, 8.5, 11 ], 
            "rotation": { "angle": 45, "axis": "y", "origin": [8, 8, 8] }, 
            "faces": {
                "north": { "uv": [ 12, 4, 12.25, 4.25 ], "texture": "#main" }, 
                "east":  { "uv": [ 10.5, 4, 12, 4.25 ], "texture": "#main" }, 
                "south": { "uv": [ 13.75, 4, 14, 4.25 ], "texture": "#main" }, 
                "west":  { "uv": [ 12.25, 4, 13.75, 4.25 ], "texture": "#main" }, 
                "up":    { "uv": [ 12.25, 4, 12, 2.5 ], "texture": "#main" }, 
                "down":  { "uv": [ 12.5, 2.5, 12.25, 4 ], "texture": "#main" }
            }
        }, 
        {
            "from": [ 3, 7.5, 5 ], 
            "to":   [ 4, 8.5, 11 ], 
            "rotation": { "angle": 45, "axis": "y", "origin": [8, 8, 8] }, 
            "faces": {
                "north": { "uv": [ 12, 1.5, 12.25, 1.75 ], "texture": "#main" }, 
                "east":  { "uv": [ 10.5, 1.5, 12, 1.75 ], "texture": "#main" }, 
                "south": { "uv": [ 13.75, 1.5, 14, 1.75 ], "texture": "#main" }, 
                "west":  { "uv": [ 12.25, 1.5, 13.75, 1.75 ], "texture": "#main" }, 
                "up":    { "uv": [ 12.25, 1.5, 12, 0 ], "texture": "#main" }, 
                "down":  { "uv": [ 12.5, 0, 12.25, 1.5 ], "texture": "#main" }
            }
        }, 
        {
            "from": [ 9, 7.5, 3 ], 
            "to":   [ 10, 8.5, 4 ], 
            "rotation": { "angle": 45, "axis": "y", "origin": [8, 8, 8] }, 
            "faces": {
                "north": { "uv": [ 9.25, 1.25, 9.5, 1.5 ], "texture": "#main" }, 
                "east":  { "uv": [ 9, 1.25, 9.25, 1.5 ], "texture": "#main" }, 
                "south": { "uv": [ 9.75, 1.25, 10, 1.5 ], "texture": "#main" }, 
                "west":  { "uv": [ 9.5, 1.25, 9.75, 1.5 ], "texture": "#main" }, 
                "up":    { "uv": [ 9.5, 1.25, 9.25, 1 ], "texture": "#main" }, 
                "down":  { "uv": [ 9.75, 1, 9.5, 1.25 ], "texture": "#main" }
            }
        }, 
        {
            "from": [ 6, 7.5, 12 ], 
            "to":   [ 7, 8.5, 13 ], 
            "rotation": { "angle": 45, "axis": "y", "origin": [8, 8, 8] }, 
            "faces": {
                "north": { "uv": [ 9.25, 2.5, 9.5, 2.75 ], "texture": "#main" }, 
                "east":  { "uv": [ 9, 2.5, 9.25, 2.75 ], "texture": "#main" }, 
                "south": { "uv": [ 9.75, 2.5, 10, 2.75 ], "texture": "#main" }, 
                "west":  { "uv": [ 9.5, 2.5, 9.75, 2.75 ], "texture": "#main" }, 
                "up":    { "uv": [ 9.5, 2.5, 9.25, 2.25 ], "texture": "#main" }, 
                "down":  { "uv": [ 9.75, 2.25, 9.5, 2.5 ], "texture": "#main" }
            }
        }, 
        {
            "from": [ 9, 7.5, 12 ], 
            "to":   [ 10, 8.5, 13 ], 
            "rotation": { "angle": 45, "axis": "y", "origin": [8, 8, 8] }, 
            "faces": {
                "north": { "uv": [ 9.25, 3.5, 9.5, 3.75 ], "texture": "#main" }, 
                "east":  { "uv": [ 9, 3.5, 9.25, 3.75 ], "texture": "#main" }, 
                "south": { "uv": [ 9.75, 3.5, 10, 3.75 ], "texture": "#main" }, 
                "west":  { "uv": [ 9.5, 3.5, 9.75, 3.75 ], "texture": "#main" }, 
                "up":    { "uv": [ 9.5, 3.5, 9.25, 3.25 ], "texture": "#main" }, 
                "down":  { "uv": [ 9.75, 3.25, 9.5, 3.5 ], "texture": "#main" }
            }
        }, 
        {
            "from": [ 6, 7.5, 3 ], 
            "to":   [ 7, 8.5, 4 ], 
            "rotation": { "angle": 45, "axis": "y", "origin": [8, 8, 8] }, 
            "faces": {
                "north": { "uv": [ 10.75, 3.5, 11, 3.75 ], "texture": "#main" }, 
                "east":  { "uv": [ 10.5, 3.5, 10.75, 3.75 ], "texture": "#main" }, 
                "south": { "uv": [ 11.25, 3.5, 11.5, 3.75 ], "texture": "#main" }, 
                "west":  { "uv": [ 11, 3.5, 11.25, 3.75 ], "texture": "#main" }, 
                "up":    { "uv": [ 11, 3.5, 10.75, 3.25 ], "texture": "#main" }, 
                "down":  { "uv": [ 11.25, 3.25, 11, 3.5 ], "texture": "#main" }
            }
        }, 
        {
            "name": "cube2", 
            "from": [ 10, 7.5, 11 ], 
            "to":   [ 11, 8.5, 13 ], 
            "rotation": { "angle": 45, "axis": "y", "origin": [8, 8, 8] }, 
            "faces": {
                "north": { "uv": [ 11, 3, 11.25, 3.25 ], "texture": "#main" }, 
                "east":  { "uv": [ 10.5, 3, 11, 3.25 ], "texture": "#main" }, 
                "south": { "uv": [ 11.75, 3, 12, 3.25 ], "texture": "#main" }, 
                "west":  { "uv": [ 11.25, 3, 11.75, 3.25 ], "texture": "#main" }, 
                "up":    { "uv": [ 11.25, 3, 11, 2.5 ], "texture": "#main" }, 
                "down":  { "uv": [ 11.5, 2.5, 11.25, 3 ], "texture": "#main" }
            }
        }, 
        {
            "from": [ 5, 7.5, 3 ], 
            "to":   [ 6, 8.5, 5 ], 
            "rotation": { "angle": 45, "axis": "y", "origin": [8, 8, 8] }, 
            "faces": {
                "north": { "uv": [ 11, 0.5, 11.25, 0.75 ], "texture": "#main" }, 
                "east":  { "uv": [ 10.5, 0.5, 11, 0.75 ], "texture": "#main" }, 
                "south": { "uv": [ 11.75, 0.5, 12, 0.75 ], "texture": "#main" }, 
                "west":  { "uv": [ 11.25, 0.5, 11.75, 0.75 ], "texture": "#main" }, 
                "up":    { "uv": [ 11.25, 0.5, 11, 0 ], "texture": "#main" }, 
                "down":  { "uv": [ 11.5, 0, 11.25, 0.5 ], "texture": "#main" }
            }
        }, 
        {
            "from": [ 10, 7.5, 3 ], 
            "to":   [ 11, 8.5, 5 ], 
            "rotation": { "angle": 45, "axis": "y", "origin": [8, 8, 8] }, 
            "faces": {
                "north": { "uv": [ 11, 1.25, 11.25, 1.5 ], "texture": "#main" }, 
                "east":  { "uv": [ 10.5, 1.25, 11, 1.5 ], "texture": "#main" }, 
                "south": { "uv": [ 11.75, 1.25, 12, 1.5 ], "texture": "#main" }, 
                "west":  { "uv": [ 11.25, 1.25, 11.75, 1.5 ], "texture": "#main" }, 
                "up":    { "uv": [ 11.25, 1.25, 11, 0.75 ], "texture": "#main" }, 
                "down":  { "uv": [ 11.5, 0.75, 11.25, 1.25 ], "texture": "#main" }
            }
        }, 
        {
            "from": [ 5, 7.5, 11 ], 
            "to":   [ 6, 8.5, 13 ], 
            "rotation": { "angle": 45, "axis": "y", "origin": [8, 8, 8] }, 
            "faces": {
                "north": { "uv": [ 8.5, 3.75, 8.75, 4 ], "texture": "#main" }, 
                "east":  { "uv": [ 8, 3.75, 8.5, 4 ], "texture": "#main" }, 
                "south": { "uv": [ 9.25, 3.75, 9.5, 4 ], "texture": "#main" }, 
                "west":  { "uv": [ 8.75, 3.75, 9.25, 4 ], "texture": "#main" }, 
                "up":    { "uv": [ 8.75, 3.75, 8.5, 3.25 ], "texture": "#main" }, 
                "down":  { "uv": [ 9, 3.25, 8.75, 3.75 ], "texture": "#main" }
            }
        }, 
        {
            "from": [ 11, 7.5, 4 ], 
            "to":   [ 12, 8.5, 12 ], 
            "rotation": { "angle": 45, "axis": "y", "origin": [8, 8, 8] }, 
            "faces": {
                "north": { "uv": [ 10, 2, 10.25, 2.25 ], "texture": "#main" }, 
                "east":  { "uv": [ 8, 2, 10, 2.25 ], "texture": "#main" }, 
                "south": { "uv": [ 12.25, 2, 12.5, 2.25 ], "texture": "#main" }, 
                "west":  { "uv": [ 10.25, 2, 12.25, 2.25 ], "texture": "#main" }, 
                "up":    { "uv": [ 10.25, 2, 10, 0 ], "texture": "#main" }, 
                "down":  { "uv": [ 10.5, 0, 10.25, 2 ], "texture": "#main" }
            }
        }, 
        {
            "from": [ 4, 7.5, 4 ], 
            "to":   [ 5, 8.5, 12 ], 
            "rotation": { "angle": 45, "axis": "y", "origin": [8, 8, 8] }, 
            "faces": {
                "north": { "uv": [ 10, 4.25, 10.25, 4.5 ], "texture": "#main" }, 
                "east":  { "uv": [ 8, 4.25, 10, 4.5 ], "texture": "#main" }, 
                "south": { "uv": [ 12.25, 4.25, 12.5, 4.5 ], "texture": "#main" }, 
                "west":  { "uv": [ 10.25, 4.25, 12.25, 4.5 ], "texture": "#main" }, 
                "up":    { "uv": [ 10.25, 4.25, 10, 2.25 ], "texture": "#main" }, 
                "down":  { "uv": [ 10.5, 2.25, 10.25, 4.25 ], "texture": "#main" }
            }
        }, 
        {
            "from": [ 5, 7, 7 ], 
            "to":   [ 6, 9, 9 ], 
            "rotation": { "angle": 45, "axis": "y", "origin": [8, 8, 8] }, 
            "faces": {
                "north": { "uv": [ 8.5, 1.5, 8.75, 2 ], "texture": "#main" }, 
                "east":  { "uv": [ 8, 1.5, 8.5, 2 ], "texture": "#main" }, 
                "south": { "uv": [ 9.25, 1.5, 9.5, 2 ], "texture": "#main" }, 
                "west":  { "uv": [ 8.75, 1.5, 9.25, 2 ], "texture": "#main" }, 
                "up":    { "uv": [ 8.75, 1.5, 8.5, 1 ], "texture": "#main" }, 
                "down":  { "uv": [ 9, 1, 8.75, 1.5 ], "texture": "#main" }
            }
        }, 
        {
            "from": [ 10, 7, 7 ], 
            "to":   [ 11, 9, 9 ], 
            "rotation": { "angle": 45, "axis": "y", "origin": [8, 8, 8] }, 
            "faces": {
                "north": { "uv": [ 8.5, 2.75, 8.75, 3.25 ], "texture": "#main" }, 
                "east":  { "uv": [ 8, 2.75, 8.5, 3.25 ], "texture": "#main" }, 
                "south": { "uv": [ 9.25, 2.75, 9.5, 3.25 ], "texture": "#main" }, 
                "west":  { "uv": [ 8.75, 2.75, 9.25, 3.25 ], "texture": "#main" }, 
                "up":    { "uv": [ 8.75, 2.75, 8.5, 2.25 ], "texture": "#main" }, 
                "down":  { "uv": [ 9, 2.25, 8.75, 2.75 ], "texture": "#main" }
            }
        }, 
        {
            "from": [ 6, 7.5, 6 ], 
            "to":   [ 10, 8.5, 10 ], 
            "rotation": { "angle": 45, "axis": "y", "origin": [8, 8, 8] }, 
            "faces": {
                "north": { "uv": [ 12.5, 5.25, 13.5, 5.5 ], "texture": "#main" }, 
                "east":  { "uv": [ 11.5, 5.25, 12.5, 5.5 ], "texture": "#main" }, 
                "south": { "uv": [ 14.5, 5.25, 15.5, 5.5 ], "texture": "#main" }, 
                "west":  { "uv": [ 13.5, 5.25, 14.5, 5.5 ], "texture": "#main" }, 
                "up":    { "uv": [ 13.5, 5.25, 12.5, 4.25 ], "texture": "#main" }, 
                "down":  { "uv": [ 14.5, 4.25, 13.5, 5.25 ], "texture": "#main" }
            }
        }, 
        {
            "from": [ 7, 7, 7 ], 
            "to":   [ 9, 9, 9 ], 
            "rotation": { "angle": 45, "axis": "y", "origin": [8, 8, 8] }, 
            "faces": {
                "north": { "uv": [ 8.5, 0.5, 9, 1 ], "texture": "#main" }, 
                "east":  { "uv": [ 8, 0.5, 8.5, 1 ], "texture": "#main" }, 
                "south": { "uv": [ 9.5, 0.5, 10, 1 ], "texture": "#main" }, 
                "west":  { "uv": [ 9, 0.5, 9.5, 1 ], "texture": "#main" }, 
                "up":    { "uv": [ 9, 0.5, 8.5, 0 ], "texture": "#main" }, 
                "down":  { "uv": [ 9.5, 0, 9, 0.5 ], "texture": "#main" }
            }
        }, 
        {
            "name": "blade", 
            "from": [ 2, 7.75, 9 ], 
            "to":   [ 3, 8.25, 11 ], 
            "faces": {
                "north": { "uv": [ 0.25, 14.5, 1.5, 15.75 ], "texture": "#main" }, 
                "east":  { "uv": [ 0.25, 14.5, 1.5, 15.75 ], "texture": "#main" }, 
                "south": { "uv": [ 0.25, 14.5, 1.5, 15.75 ], "texture": "#main" }, 
                "west":  { "uv": [ 0.25, 14.5, 1.5, 15.75 ], "texture": "#main" }, 
                "up":    { "uv": [ 0.25, 14.5, 1.5, 15.75 ], "rotation":270, "texture": "#main" }, 
                "down":  { "uv": [ 0.25, 14.5, 1.5, 15.75 ], "rotation":90, "texture": "#main" }
            }
        }, 
        {
            "name": "blade", 
            "from": [ 13, 7.75, 5 ], 
            "to":   [ 14, 8.25, 7 ], 
            "faces": {
                "north": { "uv": [ 0.25, 14.5, 1.5, 15.75 ], "texture": "#main" }, 
                "east":  { "uv": [ 0.25, 14.5, 1.5, 15.75 ], "texture": "#main" }, 
                "south": { "uv": [ 0.25, 14.5, 1.5, 15.75 ], "texture": "#main" }, 
                "west":  { "uv": [ 0.25, 14.5, 1.5, 15.75 ], "texture": "#main" }, 
                "up":    { "uv": [ 0.25, 14.5, 1.5, 15.75 ], "rotation":90, "texture": "#main" }, 
                "down":  { "uv": [ 0.25, 14.5, 1.5, 15.75 ], "rotation":270, "texture": "#main" }
            }
        }, 
        {
            "name": "blade", 
            "from": [ 2, 7.75, 5 ], 
            "to":   [ 3, 8.25, 7 ], 
            "faces": {
                "north": { "uv": [ 0.25, 14.5, 1.5, 15.75 ], "texture": "#main" }, 
                "east":  { "uv": [ 0.25, 14.5, 1.5, 15.75 ], "texture": "#main" }, 
                "south": { "uv": [ 0.25, 14.5, 1.5, 15.75 ], "texture": "#main" }, 
                "west":  { "uv": [ 0.25, 14.5, 1.5, 15.75 ], "texture": "#main" }, 
                "up":    { "uv": [ 0.25, 14.5, 1.5, 15.75 ], "rotation":90, "texture": "#main" }, 
                "down":  { "uv": [ 0.25, 14.5, 1.5, 15.75 ], "rotation":270, "texture": "#main" }
            }
        }, 
        {
            "name": "blade", 
            "from": [ 13, 7.75, 9 ], 
            "to":   [ 14, 8.25, 11 ], 
            "faces": {
                "north": { "uv": [ 0.25, 14.5, 1.5, 15.75 ], "texture": "#main" }, 
                "east":  { "uv": [ 0.25, 14.5, 1.5, 15.75 ], "texture": "#main" }, 
                "south": { "uv": [ 0.25, 14.5, 1.5, 15.75 ], "texture": "#main" }, 
                "west":  { "uv": [ 0.25, 14.5, 1.5, 15.75 ], "texture": "#main" }, 
                "up":    { "uv": [ 0.25, 14.5, 1.5, 15.75 ], "rotation":270, "texture": "#main" }, 
                "down":  { "uv": [ 0.25, 14.5, 1.5, 15.75 ], "rotation":90, "texture": "#main" }
            }
        }, 
        {
            "name": "blade", 
            "from": [ 12, 7.75, 4 ], 
            "to":   [ 13, 8.25, 5 ], 
            "faces": {
                "north": { "uv": [ 0.25, 14.5, 1.5, 15.75 ], "texture": "#main" }, 
                "east":  { "uv": [ 0.25, 14.5, 1.5, 15.75 ], "texture": "#main" }, 
                "south": { "uv": [ 0.25, 14.5, 1.5, 15.75 ], "texture": "#main" }, 
                "west":  { "uv": [ 0.25, 14.5, 1.5, 15.75 ], "texture": "#main" }, 
                "up":    { "uv": [ 0.25, 14.5, 1.5, 15.75 ], "rotation":90, "texture": "#main" }, 
                "down":  { "uv": [ 0.25, 14.5, 1.5, 15.75 ], "rotation":270, "texture": "#main" }
            }
        }, 
        {
            "name": "blade", 
            "from": [ 3, 7.75, 11 ], 
            "to":   [ 4, 8.25, 12 ], 
            "faces": {
                "north": { "uv": [ 0.25, 14.5, 1.5, 15.75 ], "texture": "#main" }, 
                "east":  { "uv": [ 0.25, 14.5, 1.5, 15.75 ], "texture": "#main" }, 
                "south": { "uv": [ 0.25, 14.5, 1.5, 15.75 ], "texture": "#main" }, 
                "west":  { "uv": [ 0.25, 14.5, 1.5, 15.75 ], "texture": "#main" }, 
                "up":    { "uv": [ 0.25, 14.5, 1.5, 15.75 ], "rotation":270, "texture": "#main" }, 
                "down":  { "uv": [ 0.25, 14.5, 1.5, 15.75 ], "rotation":90, "texture": "#main" }
            }
        }, 
        {
            "name": "blade", 
            "from": [ 3, 7.75, 4 ], 
            "to":   [ 4, 8.25, 5 ], 
            "faces": {
                "north": { "uv": [ 0.25, 14.5, 1.5, 15.75 ], "texture": "#main" }, 
                "east":  { "uv": [ 0.25, 14.5, 1.5, 15.75 ], "texture": "#main" }, 
                "south": { "uv": [ 0.25, 14.5, 1.5, 15.75 ], "texture": "#main" }, 
                "west":  { "uv": [ 0.25, 14.5, 1.5, 15.75 ], "texture": "#main" }, 
                "up":    { "uv": [ 0.25, 14.5, 1.5, 15.75 ], "rotation":90, "texture": "#main" }, 
                "down":  { "uv": [ 0.25, 14.5, 1.5, 15.75 ], "rotation":270, "texture": "#main" }
            }
        }, 
        {
            "name": "blade", 
            "from": [ 12, 7.75, 11 ], 
            "to":   [ 13, 8.25, 12 ], 
            "faces": {
                "north": { "uv": [ 0.25, 14.5, 1.5, 15.75 ], "texture": "#main" }, 
                "east":  { "uv": [ 0.25, 14.5, 1.5, 15.75 ], "texture": "#main" }, 
                "south": { "uv": [ 0.25, 14.5, 1.5, 15.75 ], "texture": "#main" }, 
                "west":  { "uv": [ 0.25, 14.5, 1.5, 15.75 ], "texture": "#main" }, 
                "up":    { "uv": [ 0.25, 14.5, 1.5, 15.75 ], "rotation":270, "texture": "#main" }, 
                "down":  { "uv": [ 0.25, 14.5, 1.5, 15.75 ], "rotation":90, "texture": "#main" }
            }
        }, 
        {
            "name": "blade", 
            "from": [ 4, 7.75, 3 ], 
            "to":   [ 5, 8.25, 4 ], 
            "faces": {
                "north": { "uv": [ 0.25, 14.5, 1.5, 15.75 ], "texture": "#main" }, 
                "east":  { "uv": [ 0.25, 14.5, 1.5, 15.75 ], "texture": "#main" }, 
                "south": { "uv": [ 0.25, 14.5, 1.5, 15.75 ], "texture": "#main" }, 
                "west":  { "uv": [ 0.25, 14.5, 1.5, 15.75 ], "texture": "#main" }, 
                "up":    { "uv": [ 0.25, 14.5, 1.5, 15.75 ], "rotation":90, "texture": "#main" }, 
                "down":  { "uv": [ 0.25, 14.5, 1.5, 15.75 ], "rotation":270, "texture": "#main" }
            }
        }, 
        {
            "name": "blade", 
            "from": [ 11, 7.75, 12 ], 
            "to":   [ 12, 8.25, 13 ], 
            "faces": {
                "north": { "uv": [ 0.25, 14.5, 1.5, 15.75 ], "texture": "#main" }, 
                "east":  { "uv": [ 0.25, 14.5, 1.5, 15.75 ], "texture": "#main" }, 
                "south": { "uv": [ 0.25, 14.5, 1.5, 15.75 ], "texture": "#main" }, 
                "west":  { "uv": [ 0.25, 14.5, 1.5, 15.75 ], "texture": "#main" }, 
                "up":    { "uv": [ 0.25, 14.5, 1.5, 15.75 ], "rotation":270, "texture": "#main" }, 
                "down":  { "uv": [ 0.25, 14.5, 1.5, 15.75 ], "rotation":90, "texture": "#main" }
            }
        }, 
        {
            "name": "blade", 
            "from": [ 11, 7.75, 3 ], 
            "to":   [ 12, 8.25, 4 ], 
            "faces": {
                "north": { "uv": [ 0.25, 14.5, 1.5, 15.75 ], "texture": "#main" }, 
                "east":  { "uv": [ 0.25, 14.5, 1.5, 15.75 ], "texture": "#main" }, 
                "south": { "uv": [ 0.25, 14.5, 1.5, 15.75 ], "texture": "#main" }, 
                "west":  { "uv": [ 0.25, 14.5, 1.5, 15.75 ], "texture": "#main" }, 
                "up":    { "uv": [ 0.25, 14.5, 1.5, 15.75 ], "rotation":90, "texture": "#main" }, 
                "down":  { "uv": [ 0.25, 14.5, 1.5, 15.75 ], "rotation":270, "texture": "#main" }
            }
        }, 
        {
            "name": "blade", 
            "from": [ 4, 7.75, 12 ], 
            "to":   [ 5, 8.25, 13 ], 
            "faces": {
                "north": { "uv": [ 0.25, 14.5, 1.5, 15.75 ], "texture": "#main" }, 
                "east":  { "uv": [ 0.25, 14.5, 1.5, 15.75 ], "texture": "#main" }, 
                "south": { "uv": [ 0.25, 14.5, 1.5, 15.75 ], "texture": "#main" }, 
                "west":  { "uv": [ 0.25, 14.5, 1.5, 15.75 ], "texture": "#main" }, 
                "up":    { "uv": [ 0.25, 14.5, 1.5, 15.75 ], "rotation":270, "texture": "#main" }, 
                "down":  { "uv": [ 0.25, 14.5, 1.5, 15.75 ], "rotation":90, "texture": "#main" }
            }
        }, 
        {
            "name": "blade", 
            "from": [ 5, 7.75, 2 ], 
            "to":   [ 11, 8.25, 3 ], 
            "faces": {
                "north": { "uv": [ 0.25, 14.5, 1.5, 15.75 ], "texture": "#main" }, 
                "east":  { "uv": [ 0.25, 14.5, 1.5, 15.75 ], "texture": "#main" }, 
                "south": { "uv": [ 0.25, 14.5, 1.5, 15.75 ], "texture": "#main" }, 
                "west":  { "uv": [ 0.25, 14.5, 1.5, 15.75 ], "texture": "#main" }, 
                "up":    { "uv": [ 0.25, 14.5, 1.5, 15.75 ], "rotation":90, "texture": "#main" }, 
                "down":  { "uv": [ 0.25, 14.5, 1.5, 15.75 ], "rotation":270, "texture": "#main" }
            }
        }, 
        {
            "name": "blade", 
            "from": [ 5, 7.75, 13 ], 
            "to":   [ 11, 8.25, 14 ], 
            "faces": {
                "north": { "uv": [ 0.25, 14.5, 1.5, 15.75 ], "texture": "#main" }, 
                "east":  { "uv": [ 0.25, 14.5, 1.5, 15.75 ], "texture": "#main" }, 
                "south": { "uv": [ 0.25, 14.5, 1.5, 15.75 ], "texture": "#main" }, 
                "west":  { "uv": [ 0.25, 14.5, 1.5, 15.75 ], "texture": "#main" }, 
                "up":    { "uv": [ 0.25, 14.5, 1.5, 15.75 ], "rotation":270, "texture": "#main" }, 
                "down":  { "uv": [ 0.25, 14.5, 1.5, 15.75 ], "rotation":90, "texture": "#main" }
            }
        }, 
        {
            "from": [ 5, 7.5, 3 ], 
            "to":   [ 11, 8.5, 4 ], 
            "faces": {
                "north": { "uv": [ 2.5, 12, 4, 12.25 ], "texture": "#main" }, 
                "east":  { "uv": [ 5.75, 12, 6, 12.25 ], "texture": "#main" }, 
                "south": { "uv": [ 4.25, 12, 5.75, 12.25 ], "texture": "#main" }, 
                "west":  { "uv": [ 4, 12, 4.25, 12.25 ], "texture": "#main" }, 
                "up":    { "uv": [ 4.25, 12, 4, 10.5 ], "rotation":270, "texture": "#main" }, 
                "down":  { "uv": [ 4.5, 10.5, 4.25, 12 ], "rotation":90, "texture": "#main" }
            }
        }, 
        {
            "from": [ 5, 7.5, 12 ], 
            "to":   [ 11, 8.5, 13 ], 
            "faces": {
                "north": { "uv": [ 2.5, 9.5, 4, 9.75 ], "texture": "#main" }, 
                "east":  { "uv": [ 5.75, 9.5, 6, 9.75 ], "texture": "#main" }, 
                "south": { "uv": [ 4.25, 9.5, 5.75, 9.75 ], "texture": "#main" }, 
                "west":  { "uv": [ 4, 9.5, 4.25, 9.75 ], "texture": "#main" }, 
                "up":    { "uv": [ 4.25, 9.5, 4, 8 ], "rotation":270, "texture": "#main" }, 
                "down":  { "uv": [ 4.5, 8, 4.25, 9.5 ], "rotation":90, "texture": "#main" }
            }
        }, 
        {
            "from": [ 3, 7.5, 6 ], 
            "to":   [ 4, 8.5, 7 ], 
            "faces": {
                "north": { "uv": [ 1, 9.25, 1.25, 9.5 ], "texture": "#main" }, 
                "east":  { "uv": [ 1.75, 9.25, 2, 9.5 ], "texture": "#main" }, 
                "south": { "uv": [ 1.5, 9.25, 1.75, 9.5 ], "texture": "#main" }, 
                "west":  { "uv": [ 1.25, 9.25, 1.5, 9.5 ], "texture": "#main" }, 
                "up":    { "uv": [ 1.5, 9.25, 1.25, 9 ], "rotation":270, "texture": "#main" }, 
                "down":  { "uv": [ 1.75, 9, 1.5, 9.25 ], "rotation":90, "texture": "#main" }
            }
        }, 
        {
            "from": [ 12, 7.5, 9 ], 
            "to":   [ 13, 8.5, 10 ], 
            "faces": {
                "north": { "uv": [ 1, 10.5, 1.25, 10.75 ], "texture": "#main" }, 
                "east":  { "uv": [ 1.75, 10.5, 2, 10.75 ], "texture": "#main" }, 
                "south": { "uv": [ 1.5, 10.5, 1.75, 10.75 ], "texture": "#main" }, 
                "west":  { "uv": [ 1.25, 10.5, 1.5, 10.75 ], "texture": "#main" }, 
                "up":    { "uv": [ 1.5, 10.5, 1.25, 10.25 ], "rotation":270, "texture": "#main" }, 
                "down":  { "uv": [ 1.75, 10.25, 1.5, 10.5 ], "rotation":90, "texture": "#main" }
            }
        }, 
        {
            "from": [ 12, 7.5, 6 ], 
            "to":   [ 13, 8.5, 7 ], 
            "faces": {
                "north": { "uv": [ 1, 11.5, 1.25, 11.75 ], "texture": "#main" }, 
                "east":  { "uv": [ 1.75, 11.5, 2, 11.75 ], "texture": "#main" }, 
                "south": { "uv": [ 1.5, 11.5, 1.75, 11.75 ], "texture": "#main" }, 
                "west":  { "uv": [ 1.25, 11.5, 1.5, 11.75 ], "texture": "#main" }, 
                "up":    { "uv": [ 1.5, 11.5, 1.25, 11.25 ], "rotation":270, "texture": "#main" }, 
                "down":  { "uv": [ 1.75, 11.25, 1.5, 11.5 ], "rotation":90, "texture": "#main" }
            }
        }, 
        {
            "from": [ 3, 7.5, 9 ], 
            "to":   [ 4, 8.5, 10 ], 
            "faces": {
                "north": { "uv": [ 2.5, 11.5, 2.75, 11.75 ], "texture": "#main" }, 
                "east":  { "uv": [ 3.25, 11.5, 3.5, 11.75 ], "texture": "#main" }, 
                "south": { "uv": [ 3, 11.5, 3.25, 11.75 ], "texture": "#main" }, 
                "west":  { "uv": [ 2.75, 11.5, 3, 11.75 ], "texture": "#main" }, 
                "up":    { "uv": [ 3, 11.5, 2.75, 11.25 ], "rotation":270, "texture": "#main" }, 
                "down":  { "uv": [ 3.25, 11.25, 3, 11.5 ], "rotation":90, "texture": "#main" }
            }
        }, 
        {
            "name": "cube2", 
            "from": [ 11, 7.5, 5 ], 
            "to":   [ 13, 8.5, 6 ], 
            "faces": {
                "north": { "uv": [ 2.5, 11, 3, 11.25 ], "texture": "#main" }, 
                "east":  { "uv": [ 3.75, 11, 4, 11.25 ], "texture": "#main" }, 
                "south": { "uv": [ 3.25, 11, 3.75, 11.25 ], "texture": "#main" }, 
                "west":  { "uv": [ 3, 11, 3.25, 11.25 ], "texture": "#main" }, 
                "up":    { "uv": [ 3.25, 11, 3, 10.5 ], "rotation":270, "texture": "#main" }, 
                "down":  { "uv": [ 3.5, 10.5, 3.25, 11 ], "rotation":90, "texture": "#main" }
            }
        }, 
        {
            "from": [ 3, 7.5, 10 ], 
            "to":   [ 5, 8.5, 11 ], 
            "faces": {
                "north": { "uv": [ 2.5, 8.5, 3, 8.75 ], "texture": "#main" }, 
                "east":  { "uv": [ 3.75, 8.5, 4, 8.75 ], "texture": "#main" }, 
                "south": { "uv": [ 3.25, 8.5, 3.75, 8.75 ], "texture": "#main" }, 
                "west":  { "uv": [ 3, 8.5, 3.25, 8.75 ], "texture": "#main" }, 
                "up":    { "uv": [ 3.25, 8.5, 3, 8 ], "rotation":270, "texture": "#main" }, 
                "down":  { "uv": [ 3.5, 8, 3.25, 8.5 ], "rotation":90, "texture": "#main" }
            }
        }, 
        {
            "from": [ 3, 7.5, 5 ], 
            "to":   [ 5, 8.5, 6 ], 
            "faces": {
                "north": { "uv": [ 2.5, 9.25, 3, 9.5 ], "texture": "#main" }, 
                "east":  { "uv": [ 3.75, 9.25, 4, 9.5 ], "texture": "#main" }, 
                "south": { "uv": [ 3.25, 9.25, 3.75, 9.5 ], "texture": "#main" }, 
                "west":  { "uv": [ 3, 9.25, 3.25, 9.5 ], "texture": "#main" }, 
                "up":    { "uv": [ 3.25, 9.25, 3, 8.75 ], "rotation":270, "texture": "#main" }, 
                "down":  { "uv": [ 3.5, 8.75, 3.25, 9.25 ], "rotation":90, "texture": "#main" }
            }
        }, 
        {
            "from": [ 11, 7.5, 10 ], 
            "to":   [ 13, 8.5, 11 ], 
            "faces": {
                "north": { "uv": [ 0, 11.75, 0.5, 12 ], "texture": "#main" }, 
                "east":  { "uv": [ 1.25, 11.75, 1.5, 12 ], "texture": "#main" }, 
                "south": { "uv": [ 0.75, 11.75, 1.25, 12 ], "texture": "#main" }, 
                "west":  { "uv": [ 0.5, 11.75, 0.75, 12 ], "texture": "#main" }, 
                "up":    { "uv": [ 0.75, 11.75, 0.5, 11.25 ], "rotation":270, "texture": "#main" }, 
                "down":  { "uv": [ 1, 11.25, 0.75, 11.75 ], "rotation":90, "texture": "#main" }
            }
        }, 
        {
            "from": [ 4, 7.5, 4 ], 
            "to":   [ 12, 8.5, 5 ], 
            "faces": {
                "north": { "uv": [ 0, 10, 2, 10.25 ], "texture": "#main" }, 
                "east":  { "uv": [ 4.25, 10, 4.5, 10.25 ], "texture": "#main" }, 
                "south": { "uv": [ 2.25, 10, 4.25, 10.25 ], "texture": "#main" }, 
                "west":  { "uv": [ 2, 10, 2.25, 10.25 ], "texture": "#main" }, 
                "up":    { "uv": [ 2.25, 10, 2, 8 ], "rotation":270, "texture": "#main" }, 
                "down":  { "uv": [ 2.5, 8, 2.25, 10 ], "rotation":90, "texture": "#main" }
            }
        }, 
        {
            "from": [ 4, 7.5, 11 ], 
            "to":   [ 12, 8.5, 12 ], 
            "faces": {
                "north": { "uv": [ 0, 12.25, 2, 12.5 ], "texture": "#main" }, 
                "east":  { "uv": [ 4.25, 12.25, 4.5, 12.5 ], "texture": "#main" }, 
                "south": { "uv": [ 2.25, 12.25, 4.25, 12.5 ], "texture": "#main" }, 
                "west":  { "uv": [ 2, 12.25, 2.25, 12.5 ], "texture": "#main" }, 
                "up":    { "uv": [ 2.25, 12.25, 2, 10.25 ], "rotation":270, "texture": "#main" }, 
                "down":  { "uv": [ 2.5, 10.25, 2.25, 12.25 ], "rotation":90, "texture": "#main" }
            }
        }, 
        {
            "from": [ 7, 7, 10 ], 
            "to":   [ 9, 9, 11 ], 
            "faces": {
                "north": { "uv": [ 0, 9.5, 0.5, 10 ], "texture": "#main" }, 
                "east":  { "uv": [ 1.25, 9.5, 1.5, 10 ], "texture": "#main" }, 
                "south": { "uv": [ 0.75, 9.5, 1.25, 10 ], "texture": "#main" }, 
                "west":  { "uv": [ 0.5, 9.5, 0.75, 10 ], "texture": "#main" }, 
                "up":    { "uv": [ 0.75, 9.5, 0.5, 9 ], "rotation":270, "texture": "#main" }, 
                "down":  { "uv": [ 1, 9, 0.75, 9.5 ], "rotation":90, "texture": "#main" }
            }
        }, 
        {
            "from": [ 7, 7, 5 ], 
            "to":   [ 9, 9, 6 ], 
            "faces": {
                "north": { "uv": [ 0, 10.75, 0.5, 11.25 ], "texture": "#main" }, 
                "east":  { "uv": [ 1.25, 10.75, 1.5, 11.25 ], "texture": "#main" }, 
                "south": { "uv": [ 0.75, 10.75, 1.25, 11.25 ], "texture": "#main" }, 
                "west":  { "uv": [ 0.5, 10.75, 0.75, 11.25 ], "texture": "#main" }, 
                "up":    { "uv": [ 0.75, 10.75, 0.5, 10.25 ], "rotation":270, "texture": "#main" }, 
                "down":  { "uv": [ 1, 10.25, 0.75, 10.75 ], "rotation":90, "texture": "#main" }
            }
        }, 
        {
            "from": [ 6, 7.5, 6 ], 
            "to":   [ 10, 8.5, 10 ], 
            "faces": {
                "north": { "uv": [ 3.5, 13.25, 4.5, 13.5 ], "texture": "#main" }, 
                "east":  { "uv": [ 6.5, 13.25, 7.5, 13.5 ], "texture": "#main" }, 
                "south": { "uv": [ 5.5, 13.25, 6.5, 13.5 ], "texture": "#main" }, 
                "west":  { "uv": [ 4.5, 13.25, 5.5, 13.5 ], "texture": "#main" }, 
                "up":    { "uv": [ 5.5, 13.25, 4.5, 12.25 ], "rotation":270, "texture": "#main" }, 
                "down":  { "uv": [ 6.5, 12.25, 5.5, 13.25 ], "rotation":90, "texture": "#main" }
            }
        }, 
        {
            "from": [ 7, 7, 7 ], 
            "to":   [ 9, 9, 9 ], 
            "faces": {
                "north": { "uv": [ 0, 8.5, 0.5, 9 ], "texture": "#main" }, 
                "east":  { "uv": [ 1.5, 8.5, 2, 9 ], "texture": "#main" }, 
                "south": { "uv": [ 1, 8.5, 1.5, 9 ], "texture": "#main" }, 
                "west":  { "uv": [ 0.5, 8.5, 1, 9 ], "texture": "#main" }, 
                "up":    { "uv": [ 1, 8.5, 0.5, 8 ], "rotation":270, "texture": "#main" }, 
                "down":  { "uv": [ 1.5, 8, 1, 8.5 ], "rotation":90, "texture": "#main" }
            }
        }, 
        {
            "name": "blade", 
            "from": [ 2, 7.75, 9 ], 
            "to":   [ 3, 8.25, 11 ], 
            "rotation": { "angle": 45, "axis": "y", "origin": [8, 8, 8] }, 
            "faces": {
                "north": { "uv": [ 8.25, 14.5, 9.5, 15.75 ], "texture": "#main" }, 
                "east":  { "uv": [ 8.25, 14.5, 9.5, 15.75 ], "texture": "#main" }, 
                "south": { "uv": [ 8.25, 14.5, 9.5, 15.75 ], "texture": "#main" }, 
                "west":  { "uv": [ 8.25, 14.5, 9.5, 15.75 ], "texture": "#main" }, 
                "up":    { "uv": [ 8.25, 14.5, 9.5, 15.75 ], "rotation":270, "texture": "#main" }, 
                "down":  { "uv": [ 8.25, 14.5, 9.5, 15.75 ], "rotation":90, "texture": "#main" }
            }
        }, 
        {
            "name": "blade", 
            "from": [ 13, 7.75, 5 ], 
            "to":   [ 14, 8.25, 7 ], 
            "rotation": { "angle": 45, "axis": "y", "origin": [8, 8, 8] }, 
            "faces": {
                "north": { "uv": [ 8.25, 14.5, 9.5, 15.75 ], "texture": "#main" }, 
                "east":  { "uv": [ 8.25, 14.5, 9.5, 15.75 ], "texture": "#main" }, 
                "south": { "uv": [ 8.25, 14.5, 9.5, 15.75 ], "texture": "#main" }, 
                "west":  { "uv": [ 8.25, 14.5, 9.5, 15.75 ], "texture": "#main" }, 
                "up":    { "uv": [ 8.25, 14.5, 9.5, 15.75 ], "rotation":90, "texture": "#main" }, 
                "down":  { "uv": [ 8.25, 14.5, 9.5, 15.75 ], "rotation":270, "texture": "#main" }
            }
        }, 
        {
            "name": "blade", 
            "from": [ 2, 7.75, 5 ], 
            "to":   [ 3, 8.25, 7 ], 
            "rotation": { "angle": 45, "axis": "y", "origin": [8, 8, 8] }, 
            "faces": {
                "north": { "uv": [ 8.25, 14.5, 9.5, 15.75 ], "texture": "#main" }, 
                "east":  { "uv": [ 8.25, 14.5, 9.5, 15.75 ], "texture": "#main" }, 
                "south": { "uv": [ 8.25, 14.5, 9.5, 15.75 ], "texture": "#main" }, 
                "west":  { "uv": [ 8.25, 14.5, 9.5, 15.75 ], "texture": "#main" }, 
                "up":    { "uv": [ 8.25, 14.5, 9.5, 15.75 ], "rotation":90, "texture": "#main" }, 
                "down":  { "uv": [ 8.25, 14.5, 9.5, 15.75 ], "rotation":270, "texture": "#main" }
            }
        }, 
        {
            "name": "blade", 
            "from": [ 13, 7.75, 9 ], 
            "to":   [ 14, 8.25, 11 ], 
            "rotation": { "angle": 45, "axis": "y", "origin": [8, 8, 8] }, 
            "faces": {
                "north": { "uv": [ 8.25, 14.5, 9.5, 15.75 ], "texture": "#main" }, 
                "east":  { "uv": [ 8.25, 14.5, 9.5, 15.75 ], "texture": "#main" }, 
                "south": { "uv": [ 8.25, 14.5, 9.5, 15.75 ], "texture": "#main" }, 
                "west":  { "uv": [ 8.25, 14.5, 9.5, 15.75 ], "texture": "#main" }, 
                "up":    { "uv": [ 8.25, 14.5, 9.5, 15.75 ], "rotation":270, "texture": "#main" }, 
                "down":  { "uv": [ 8.25, 14.5, 9.5, 15.75 ], "rotation":90, "texture": "#main" }
            }
        }, 
        {
            "name": "blade", 
            "from": [ 12, 7.75, 4 ], 
            "to":   [ 13, 8.25, 5 ], 
            "rotation": { "angle": 45, "axis": "y", "origin": [8, 8, 8] }, 
            "faces": {
                "north": { "uv": [ 8.25, 14.5, 9.5, 15.75 ], "texture": "#main" }, 
                "east":  { "uv": [ 8.25, 14.5, 9.5, 15.75 ], "texture": "#main" }, 
                "south": { "uv": [ 8.25, 14.5, 9.5, 15.75 ], "texture": "#main" }, 
                "west":  { "uv": [ 8.25, 14.5, 9.5, 15.75 ], "texture": "#main" }, 
                "up":    { "uv": [ 8.25, 14.5, 9.5, 15.75 ], "rotation":90, "texture": "#main" }, 
                "down":  { "uv": [ 8.25, 14.5, 9.5, 15.75 ], "rotation":270, "texture": "#main" }
            }
        }, 
        {
            "name": "blade", 
            "from": [ 3, 7.75, 11 ], 
            "to":   [ 4, 8.25, 12 ], 
            "rotation": { "angle": 45, "axis": "y", "origin": [8, 8, 8] }, 
            "faces": {
                "north": { "uv": [ 8.25, 14.5, 9.5, 15.75 ], "texture": "#main" }, 
                "east":  { "uv": [ 8.25, 14.5, 9.5, 15.75 ], "texture": "#main" }, 
                "south": { "uv": [ 8.25, 14.5, 9.5, 15.75 ], "texture": "#main" }, 
                "west":  { "uv": [ 8.25, 14.5, 9.5, 15.75 ], "texture": "#main" }, 
                "up":    { "uv": [ 8.25, 14.5, 9.5, 15.75 ], "rotation":270, "texture": "#main" }, 
                "down":  { "uv": [ 8.25, 14.5, 9.5, 15.75 ], "rotation":90, "texture": "#main" }
            }
        }, 
        {
            "name": "blade", 
            "from": [ 3, 7.75, 4 ], 
            "to":   [ 4, 8.25, 5 ], 
            "rotation": { "angle": 45, "axis": "y", "origin": [8, 8, 8] }, 
            "faces": {
                "north": { "uv": [ 8.25, 14.5, 9.5, 15.75 ], "texture": "#main" }, 
                "east":  { "uv": [ 8.25, 14.5, 9.5, 15.75 ], "texture": "#main" }, 
                "south": { "uv": [ 8.25, 14.5, 9.5, 15.75 ], "texture": "#main" }, 
                "west":  { "uv": [ 8.25, 14.5, 9.5, 15.75 ], "texture": "#main" }, 
                "up":    { "uv": [ 8.25, 14.5, 9.5, 15.75 ], "rotation":90, "texture": "#main" }, 
                "down":  { "uv": [ 8.25, 14.5, 9.5, 15.75 ], "rotation":270, "texture": "#main" }
            }
        }, 
        {
            "name": "blade", 
            "from": [ 12, 7.75, 11 ], 
            "to":   [ 13, 8.25, 12 ], 
            "rotation": { "angle": 45, "axis": "y", "origin": [8, 8, 8] }, 
            "faces": {
                "north": { "uv": [ 8.25, 14.5, 9.5, 15.75 ], "texture": "#main" }, 
                "east":  { "uv": [ 8.25, 14.5, 9.5, 15.75 ], "texture": "#main" }, 
                "south": { "uv": [ 8.25, 14.5, 9.5, 15.75 ], "texture": "#main" }, 
                "west":  { "uv": [ 8.25, 14.5, 9.5, 15.75 ], "texture": "#main" }, 
                "up":    { "uv": [ 8.25, 14.5, 9.5, 15.75 ], "rotation":270, "texture": "#main" }, 
                "down":  { "uv": [ 8.25, 14.5, 9.5, 15.75 ], "rotation":90, "texture": "#main" }
            }
        }, 
        {
            "name": "blade", 
            "from": [ 4, 7.75, 3 ], 
            "to":   [ 5, 8.25, 4 ], 
            "rotation": { "angle": 45, "axis": "y", "origin": [8, 8, 8] }, 
            "faces": {
                "north": { "uv": [ 8.25, 14.5, 9.5, 15.75 ], "texture": "#main" }, 
                "east":  { "uv": [ 8.25, 14.5, 9.5, 15.75 ], "texture": "#main" }, 
                "south": { "uv": [ 8.25, 14.5, 9.5, 15.75 ], "texture": "#main" }, 
                "west":  { "uv": [ 8.25, 14.5, 9.5, 15.75 ], "texture": "#main" }, 
                "up":    { "uv": [ 8.25, 14.5, 9.5, 15.75 ], "rotation":90, "texture": "#main" }, 
                "down":  { "uv": [ 8.25, 14.5, 9.5, 15.75 ], "rotation":270, "texture": "#main" }
            }
        }, 
        {
            "name": "blade", 
            "from": [ 11, 7.75, 12 ], 
            "to":   [ 12, 8.25, 13 ], 
            "rotation": { "angle": 45, "axis": "y", "origin": [8, 8, 8] }, 
            "faces": {
                "north": { "uv": [ 8.25, 14.5, 9.5, 15.75 ], "texture": "#main" }, 
                "east":  { "uv": [ 8.25, 14.5, 9.5, 15.75 ], "texture": "#main" }, 
                "south": { "uv": [ 8.25, 14.5, 9.5, 15.75 ], "texture": "#main" }, 
                "west":  { "uv": [ 8.25, 14.5, 9.5, 15.75 ], "texture": "#main" }, 
                "up":    { "uv": [ 8.25, 14.5, 9.5, 15.75 ], "rotation":270, "texture": "#main" }, 
                "down":  { "uv": [ 8.25, 14.5, 9.5, 15.75 ], "rotation":90, "texture": "#main" }
            }
        }, 
        {
            "name": "blade", 
            "from": [ 11, 7.75, 3 ], 
            "to":   [ 12, 8.25, 4 ], 
            "rotation": { "angle": 45, "axis": "y", "origin": [8, 8, 8] }, 
            "faces": {
                "north": { "uv": [ 8.25, 14.5, 9.5, 15.75 ], "texture": "#main" }, 
                "east":  { "uv": [ 8.25, 14.5, 9.5, 15.75 ], "texture": "#main" }, 
                "south": { "uv": [ 8.25, 14.5, 9.5, 15.75 ], "texture": "#main" }, 
                "west":  { "uv": [ 8.25, 14.5, 9.5, 15.75 ], "texture": "#main" }, 
                "up":    { "uv": [ 8.25, 14.5, 9.5, 15.75 ], "rotation":90, "texture": "#main" }, 
                "down":  { "uv": [ 8.25, 14.5, 9.5, 15.75 ], "rotation":270, "texture": "#main" }
            }
        }, 
        {
            "name": "blade", 
            "from": [ 4, 7.75, 12 ], 
            "to":   [ 5, 8.25, 13 ], 
            "rotation": { "angle": 45, "axis": "y", "origin": [8, 8, 8] }, 
            "faces": {
                "north": { "uv": [ 8.25, 14.5, 9.5, 15.75 ], "texture": "#main" }, 
                "east":  { "uv": [ 8.25, 14.5, 9.5, 15.75 ], "texture": "#main" }, 
                "south": { "uv": [ 8.25, 14.5, 9.5, 15.75 ], "texture": "#main" }, 
                "west":  { "uv": [ 8.25, 14.5, 9.5, 15.75 ], "texture": "#main" }, 
                "up":    { "uv": [ 8.25, 14.5, 9.5, 15.75 ], "rotation":270, "texture": "#main" }, 
                "down":  { "uv": [ 8.25, 14.5, 9.5, 15.75 ], "rotation":90, "texture": "#main" }
            }
        }, 
        {
            "name": "blade", 
            "from": [ 5, 7.75, 2 ], 
            "to":   [ 11, 8.25, 3 ], 
            "rotation": { "angle": 45, "axis": "y", "origin": [8, 8, 8] }, 
            "faces": {
                "north": { "uv": [ 8.25, 14.5, 9.5, 15.75 ], "texture": "#main" }, 
                "east":  { "uv": [ 8.25, 14.5, 9.5, 15.75 ], "texture": "#main" }, 
                "south": { "uv": [ 8.25, 14.5, 9.5, 15.75 ], "texture": "#main" }, 
                "west":  { "uv": [ 8.25, 14.5, 9.5, 15.75 ], "texture": "#main" }, 
                "up":    { "uv": [ 8.25, 14.5, 9.5, 15.75 ], "rotation":90, "texture": "#main" }, 
                "down":  { "uv": [ 8.25, 14.5, 9.5, 15.75 ], "rotation":270, "texture": "#main" }
            }
        }, 
        {
            "name": "blade", 
            "from": [ 5, 7.75, 13 ], 
            "to":   [ 11, 8.25, 14 ], 
            "rotation": { "angle": 45, "axis": "y", "origin": [8, 8, 8] }, 
            "faces": {
                "north": { "uv": [ 8.25, 14.5, 9.5, 15.75 ], "texture": "#main" }, 
                "east":  { "uv": [ 8.25, 14.5, 9.5, 15.75 ], "texture": "#main" }, 
                "south": { "uv": [ 8.25, 14.5, 9.5, 15.75 ], "texture": "#main" }, 
                "west":  { "uv": [ 8.25, 14.5, 9.5, 15.75 ], "texture": "#main" }, 
                "up":    { "uv": [ 8.25, 14.5, 9.5, 15.75 ], "rotation":270, "texture": "#main" }, 
                "down":  { "uv": [ 8.25, 14.5, 9.5, 15.75 ], "rotation":90, "texture": "#main" }
            }
        }, 
        {
            "from": [ 5, 7.5, 3 ], 
            "to":   [ 11, 8.5, 4 ], 
            "rotation": { "angle": 45, "axis": "y", "origin": [8, 8, 8] }, 
            "faces": {
                "north": { "uv": [ 10.5, 12, 12, 12.25 ], "texture": "#main" }, 
                "east":  { "uv": [ 13.75, 12, 14, 12.25 ], "texture": "#main" }, 
                "south": { "uv": [ 12.25, 12, 13.75, 12.25 ], "texture": "#main" }, 
                "west":  { "uv": [ 12, 12, 12.25, 12.25 ], "texture": "#main" }, 
                "up":    { "uv": [ 12.25, 12, 12, 10.5 ], "rotation":270, "texture": "#main" }, 
                "down":  { "uv": [ 12.5, 10.5, 12.25, 12 ], "rotation":90, "texture": "#main" }
            }
        }, 
        {
            "from": [ 5, 7.5, 12 ], 
            "to":   [ 11, 8.5, 13 ], 
            "rotation": { "angle": 45, "axis": "y", "origin": [8, 8, 8] }, 
            "faces": {
                "north": { "uv": [ 10.5, 9.5, 12, 9.75 ], "texture": "#main" }, 
                "east":  { "uv": [ 13.75, 9.5, 14, 9.75 ], "texture": "#main" }, 
                "south": { "uv": [ 12.25, 9.5, 13.75, 9.75 ], "texture": "#main" }, 
                "west":  { "uv": [ 12, 9.5, 12.25, 9.75 ], "texture": "#main" }, 
                "up":    { "uv": [ 12.25, 9.5, 12, 8 ], "rotation":270, "texture": "#main" }, 
                "down":  { "uv": [ 12.5, 8, 12.25, 9.5 ], "rotation":90, "texture": "#main" }
            }
        }, 
        {
            "from": [ 3, 7.5, 6 ], 
            "to":   [ 4, 8.5, 7 ], 
            "rotation": { "angle": 45, "axis": "y", "origin": [8, 8, 8] }, 
            "faces": {
                "north": { "uv": [ 9, 9.25, 9.25, 9.5 ], "texture": "#main" }, 
                "east":  { "uv": [ 9.75, 9.25, 10, 9.5 ], "texture": "#main" }, 
                "south": { "uv": [ 9.5, 9.25, 9.75, 9.5 ], "texture": "#main" }, 
                "west":  { "uv": [ 9.25, 9.25, 9.5, 9.5 ], "texture": "#main" }, 
                "up":    { "uv": [ 9.5, 9.25, 9.25, 9 ], "rotation":270, "texture": "#main" }, 
                "down":  { "uv": [ 9.75, 9, 9.5, 9.25 ], "rotation":90, "texture": "#main" }
            }
        }, 
        {
            "from": [ 12, 7.5, 9 ], 
            "to":   [ 13, 8.5, 10 ], 
            "rotation": { "angle": 45, "axis": "y", "origin": [8, 8, 8] }, 
            "faces": {
                "north": { "uv": [ 9, 10.5, 9.25, 10.75 ], "texture": "#main" }, 
                "east":  { "uv": [ 9.75, 10.5, 10, 10.75 ], "texture": "#main" }, 
                "south": { "uv": [ 9.5, 10.5, 9.75, 10.75 ], "texture": "#main" }, 
                "west":  { "uv": [ 9.25, 10.5, 9.5, 10.75 ], "texture": "#main" }, 
                "up":    { "uv": [ 9.5, 10.5, 9.25, 10.25 ], "rotation":270, "texture": "#main" }, 
                "down":  { "uv": [ 9.75, 10.25, 9.5, 10.5 ], "rotation":90, "texture": "#main" }
            }
        }, 
        {
            "from": [ 12, 7.5, 6 ], 
            "to":   [ 13, 8.5, 7 ], 
            "rotation": { "angle": 45, "axis": "y", "origin": [8, 8, 8] }, 
            "faces": {
                "north": { "uv": [ 9, 11.5, 9.25, 11.75 ], "texture": "#main" }, 
                "east":  { "uv": [ 9.75, 11.5, 10, 11.75 ], "texture": "#main" }, 
                "south": { "uv": [ 9.5, 11.5, 9.75, 11.75 ], "texture": "#main" }, 
                "west":  { "uv": [ 9.25, 11.5, 9.5, 11.75 ], "texture": "#main" }, 
                "up":    { "uv": [ 9.5, 11.5, 9.25, 11.25 ], "rotation":270, "texture": "#main" }, 
                "down":  { "uv": [ 9.75, 11.25, 9.5, 11.5 ], "rotation":90, "texture": "#main" }
            }
        }, 
        {
            "from": [ 3, 7.5, 9 ], 
            "to":   [ 4, 8.5, 10 ], 
            "rotation": { "angle": 45, "axis": "y", "origin": [8, 8, 8] }, 
            "faces": {
                "north": { "uv": [ 10.5, 11.5, 10.75, 11.75 ], "texture": "#main" }, 
                "east":  { "uv": [ 11.25, 11.5, 11.5, 11.75 ], "texture": "#main" }, 
                "south": { "uv": [ 11, 11.5, 11.25, 11.75 ], "texture": "#main" }, 
                "west":  { "uv": [ 10.75, 11.5, 11, 11.75 ], "texture": "#main" }, 
                "up":    { "uv": [ 11, 11.5, 10.75, 11.25 ], "rotation":270, "texture": "#main" }, 
                "down":  { "uv": [ 11.25, 11.25, 11, 11.5 ], "rotation":90, "texture": "#main" }
            }
        }, 
        {
            "name": "cube2", 
            "from": [ 11, 7.5, 5 ], 
            "to":   [ 13, 8.5, 6 ], 
            "rotation": { "angle": 45, "axis": "y", "origin": [8, 8, 8] }, 
            "faces": {
                "north": { "uv": [ 10.5, 11, 11, 11.25 ], "texture": "#main" }, 
                "east":  { "uv": [ 11.75, 11, 12, 11.25 ], "texture": "#main" }, 
                "south": { "uv": [ 11.25, 11, 11.75, 11.25 ], "texture": "#main" }, 
                "west":  { "uv": [ 11, 11, 11.25, 11.25 ], "texture": "#main" }, 
                "up":    { "uv": [ 11.25, 11, 11, 10.5 ], "rotation":270, "texture": "#main" }, 
                "down":  { "uv": [ 11.5, 10.5, 11.25, 11 ], "rotation":90, "texture": "#main" }
            }
        }, 
        {
            "from": [ 3, 7.5, 10 ], 
            "to":   [ 5, 8.5, 11 ], 
            "rotation": { "angle": 45, "axis": "y", "origin": [8, 8, 8] }, 
            "faces": {
                "north": { "uv": [ 10.5, 8.5, 11, 8.75 ], "texture": "#main" }, 
                "east":  { "uv": [ 11.75, 8.5, 12, 8.75 ], "texture": "#main" }, 
                "south": { "uv": [ 11.25, 8.5, 11.75, 8.75 ], "texture": "#main" }, 
                "west":  { "uv": [ 11, 8.5, 11.25, 8.75 ], "texture": "#main" }, 
                "up":    { "uv": [ 11.25, 8.5, 11, 8 ], "rotation":270, "texture": "#main" }, 
                "down":  { "uv": [ 11.5, 8, 11.25, 8.5 ], "rotation":90, "texture": "#main" }
            }
        }, 
        {
            "from": [ 3, 7.5, 5 ], 
            "to":   [ 5, 8.5, 6 ], 
            "rotation": { "angle": 45, "axis": "y", "origin": [8, 8, 8] }, 
            "faces": {
                "north": { "uv": [ 10.5, 9.25, 11, 9.5 ], "texture": "#main" }, 
                "east":  { "uv": [ 11.75, 9.25, 12, 9.5 ], "texture": "#main" }, 
                "south": { "uv": [ 11.25, 9.25, 11.75, 9.5 ], "texture": "#main" }, 
                "west":  { "uv": [ 11, 9.25, 11.25, 9.5 ], "texture": "#main" }, 
                "up":    { "uv": [ 11.25, 9.25, 11, 8.75 ], "rotation":270, "texture": "#main" }, 
                "down":  { "uv": [ 11.5, 8.75, 11.25, 9.25 ], "rotation":90, "texture": "#main" }
            }
        }, 
        {
            "from": [ 11, 7.5, 10 ], 
            "to":   [ 13, 8.5, 11 ], 
            "rotation": { "angle": 45, "axis": "y", "origin": [8, 8, 8] }, 
            "faces": {
                "north": { "uv": [ 8, 11.75, 8.5, 12 ], "texture": "#main" }, 
                "east":  { "uv": [ 9.25, 11.75, 9.5, 12 ], "texture": "#main" }, 
                "south": { "uv": [ 8.75, 11.75, 9.25, 12 ], "texture": "#main" }, 
                "west":  { "uv": [ 8.5, 11.75, 8.75, 12 ], "texture": "#main" }, 
                "up":    { "uv": [ 8.75, 11.75, 8.5, 11.25 ], "rotation":270, "texture": "#main" }, 
                "down":  { "uv": [ 9, 11.25, 8.75, 11.75 ], "rotation":90, "texture": "#main" }
            }
        }, 
        {
            "from": [ 4, 7.5, 4 ], 
            "to":   [ 12, 8.5, 5 ], 
            "rotation": { "angle": 45, "axis": "y", "origin": [8, 8, 8] }, 
            "faces": {
                "north": { "uv": [ 8, 10, 10, 10.25 ], "texture": "#main" }, 
                "east":  { "uv": [ 12.25, 10, 12.5, 10.25 ], "texture": "#main" }, 
                "south": { "uv": [ 10.25, 10, 12.25, 10.25 ], "texture": "#main" }, 
                "west":  { "uv": [ 10, 10, 10.25, 10.25 ], "texture": "#main" }, 
                "up":    { "uv": [ 10.25, 10, 10, 8 ], "rotation":270, "texture": "#main" }, 
                "down":  { "uv": [ 10.5, 8, 10.25, 10 ], "rotation":90, "texture": "#main" }
            }
        }, 
        {
            "from": [ 4, 7.5, 11 ], 
            "to":   [ 12, 8.5, 12 ], 
            "rotation": { "angle": 45, "axis": "y", "origin": [8, 8, 8] }, 
            "faces": {
                "north": { "uv": [ 8, 12.25, 10, 12.5 ], "texture": "#main" }, 
                "east":  { "uv": [ 12.25, 12.25, 12.5, 12.5 ], "texture": "#main" }, 
                "south": { "uv": [ 10.25, 12.25, 12.25, 12.5 ], "texture": "#main" }, 
                "west":  { "uv": [ 10, 12.25, 10.25, 12.5 ], "texture": "#main" }, 
                "up":    { "uv": [ 10.25, 12.25, 10, 10.25 ], "rotation":270, "texture": "#main" }, 
                "down":  { "uv": [ 10.5, 10.25, 10.25, 12.25 ], "rotation":90, "texture": "#main" }
            }
        }, 
        {
            "from": [ 7, 7, 10 ], 
            "to":   [ 9, 9, 11 ], 
            "rotation": { "angle": 45, "axis": "y", "origin": [8, 8, 8] }, 
            "faces": {
                "north": { "uv": [ 8, 9.5, 8.5, 10 ], "texture": "#main" }, 
                "east":  { "uv": [ 9.25, 9.5, 9.5, 10 ], "texture": "#main" }, 
                "south": { "uv": [ 8.75, 9.5, 9.25, 10 ], "texture": "#main" }, 
                "west":  { "uv": [ 8.5, 9.5, 8.75, 10 ], "texture": "#main" }, 
                "up":    { "uv": [ 8.75, 9.5, 8.5, 9 ], "rotation":270, "texture": "#main" }, 
                "down":  { "uv": [ 9, 9, 8.75, 9.5 ], "rotation":90, "texture": "#main" }
            }
        }, 
        {
            "from": [ 7, 7, 5 ], 
            "to":   [ 9, 9, 6 ], 
            "rotation": { "angle": 45, "axis": "y", "origin": [8, 8, 8] }, 
            "faces": {
                "north": { "uv": [ 8, 10.75, 8.5, 11.25 ], "texture": "#main" }, 
                "east":  { "uv": [ 9.25, 10.75, 9.5, 11.25 ], "texture": "#main" }, 
                "south": { "uv": [ 8.75, 10.75, 9.25, 11.25 ], "texture": "#main" }, 
                "west":  { "uv": [ 8.5, 10.75, 8.75, 11.25 ], "texture": "#main" }, 
                "up":    { "uv": [ 8.75, 10.75, 8.5, 10.25 ], "rotation":270, "texture": "#main" }, 
                "down":  { "uv": [ 9, 10.25, 8.75, 10.75 ], "rotation":90, "texture": "#main" }
            }
        }, 
        {
            "from": [ 6, 7.5, 6 ], 
            "to":   [ 10, 8.5, 10 ], 
            "rotation": { "angle": 45, "axis": "y", "origin": [8, 8, 8] }, 
            "faces": {
                "north": { "uv": [ 11.5, 13.25, 12.5, 13.5 ], "texture": "#main" }, 
                "east":  { "uv": [ 14.5, 13.25, 15.5, 13.5 ], "texture": "#main" }, 
                "south": { "uv": [ 13.5, 13.25, 14.5, 13.5 ], "texture": "#main" }, 
                "west":  { "uv": [ 12.5, 13.25, 13.5, 13.5 ], "texture": "#main" }, 
                "up":    { "uv": [ 13.5, 13.25, 12.5, 12.25 ], "rotation":270, "texture": "#main" }, 
                "down":  { "uv": [ 14.5, 12.25, 13.5, 13.25 ], "rotation":90, "texture": "#main" }
            }
        }, 
        {
            "from": [ 7, 7, 7 ], 
            "to":   [ 9, 9, 9 ], 
            "rotation": { "angle": 45, "axis": "y", "origin": [8, 8, 8] }, 
            "faces": {
                "north": { "uv": [ 8, 8.5, 8.5, 9 ], "texture": "#main" }, 
                "east":  { "uv": [ 9.5, 8.5, 10, 9 ], "texture": "#main" }, 
                "south": { "uv": [ 9, 8.5, 9.5, 9 ], "texture": "#main" }, 
                "west":  { "uv": [ 8.5, 8.5, 9, 9 ], "texture": "#main" }, 
                "up":    { "uv": [ 9, 8.5, 8.5, 8 ], "rotation":270, "texture": "#main" }, 
                "down":  { "uv": [ 9.5, 8, 9, 8.5 ], "rotation":90, "texture": "#main" }
            }
        }
    ], 
    "gui_light": "front", 
    "display": {
        "thirdperson_righthand": {
            "rotation": [ -25, 10, -90 ], 
            "translation": [ 0, -2, 1 ]
        }, 
        "thirdperson_lefthand": {
            "rotation": [ -25, 10, -90 ], 
            "translation": [ 0, -2, 1 ]
        }, 
        "firstperson_righthand": {
            "rotation": [ 45, 15, -90 ], 
            "translation": [ -0.25, 5.5, 1 ], 
            "scale": [ 0.85, 0.85, 0.85 ]
        }, 
        "firstperson_lefthand": {
            "rotation": [ 45, 15, -90 ], 
            "translation": [ 0.25, 5.5, 1 ], 
            "scale": [ 0.85, 0.85, 0.85 ]
        }, 
        "ground": {
            "rotation": [ 45, 0, -90 ], 
            "translation": [ 0, 2, 0 ], 
            "scale": [ 0.55, 0.55, 0.55 ]
        }, 
        "gui": {
            "rotation": [ -90, -45, 0 ], 
            "scale": [ 1.15, 1.15, 1.15 ]
        }, 
        "head": {
            "translation": [ 0, -6, 0 ], 
            "scale": [ 2.3, 2.3, 2.3 ]
        }, 
        "fixed": {
            "rotation": [ -90, 45, 0 ], 
            "translation": [ 0, 0, -1 ], 
            "scale": [ 1.35, 1.35, 1.35 ]
        }
    }, 
    "groups": [
        {
            "name": "photon_disc", 
            "origin": [
                8, 
                8, 
                8
            ], 
            "children": [
                0, 
                1, 
                2, 
                3, 
                4, 
                5, 
                6, 
                7, 
                8, 
                9, 
                10, 
                11, 
                12, 
                13, 
                14, 
                15, 
                16, 
                17, 
                18, 
                19, 
                20, 
                21, 
                22, 
                23, 
                24, 
                25, 
                26, 
                27, 
                28, 
                29
            ]
        }
    ], 
    "__comment": "Model animated using Fizzy's model animator - http://fizzy81.github.io/animated-models/"
}