{
	"credit": "Made with Blockbench",
	"textures": {
		"1": "item/custom_item/photon_disc/photon_disc"
	},
	"elements": [
		{
			"name": "blade",
			"from": [5, 7.75, 2],
			"to": [7, 8.25, 3],
			"faces": {
				"north": {"uv": [0.5, 13, 3, 15.5], "texture": "#1"},
				"east": {"uv": [0.5, 13, 3, 15.5], "texture": "#1"},
				"south": {"uv": [0.5, 13, 3, 15.5], "texture": "#1"},
				"west": {"uv": [0.5, 13, 3, 15.5], "texture": "#1"},
				"up": {"uv": [0.5, 13, 3, 15.5], "texture": "#1"},
				"down": {"uv": [0.5, 13, 3, 15.5], "texture": "#1"}
			}
		},
		{
			"name": "blade",
			"from": [9, 7.75, 13],
			"to": [11, 8.25, 14],
			"faces": {
				"north": {"uv": [0.5, 13, 3, 15.5], "texture": "#1"},
				"east": {"uv": [0.5, 13, 3, 15.5], "texture": "#1"},
				"south": {"uv": [0.5, 13, 3, 15.5], "texture": "#1"},
				"west": {"uv": [0.5, 13, 3, 15.5], "texture": "#1"},
				"up": {"uv": [0.5, 13, 3, 15.5], "rotation": 180, "texture": "#1"},
				"down": {"uv": [0.5, 13, 3, 15.5], "rotation": 180, "texture": "#1"}
			}
		},
		{
			"name": "blade",
			"from": [9, 7.75, 2],
			"to": [11, 8.25, 3],
			"faces": {
				"north": {"uv": [0.5, 13, 3, 15.5], "texture": "#1"},
				"east": {"uv": [0.5, 13, 3, 15.5], "texture": "#1"},
				"south": {"uv": [0.5, 13, 3, 15.5], "texture": "#1"},
				"west": {"uv": [0.5, 13, 3, 15.5], "texture": "#1"},
				"up": {"uv": [0.5, 13, 3, 15.5], "rotation": 180, "texture": "#1"},
				"down": {"uv": [0.5, 13, 3, 15.5], "rotation": 180, "texture": "#1"}
			}
		},
		{
			"name": "blade",
			"from": [5, 7.75, 13],
			"to": [7, 8.25, 14],
			"faces": {
				"north": {"uv": [0.5, 13, 3, 15.5], "texture": "#1"},
				"east": {"uv": [0.5, 13, 3, 15.5], "texture": "#1"},
				"south": {"uv": [0.5, 13, 3, 15.5], "texture": "#1"},
				"west": {"uv": [0.5, 13, 3, 15.5], "texture": "#1"},
				"up": {"uv": [0.5, 13, 3, 15.5], "texture": "#1"},
				"down": {"uv": [0.5, 13, 3, 15.5], "texture": "#1"}
			}
		},
		{
			"name": "blade",
			"from": [11, 7.75, 12],
			"to": [12, 8.25, 13],
			"faces": {
				"north": {"uv": [0.5, 13, 3, 15.5], "texture": "#1"},
				"east": {"uv": [0.5, 13, 3, 15.5], "texture": "#1"},
				"south": {"uv": [0.5, 13, 3, 15.5], "texture": "#1"},
				"west": {"uv": [0.5, 13, 3, 15.5], "texture": "#1"},
				"up": {"uv": [0.5, 13, 3, 15.5], "rotation": 180, "texture": "#1"},
				"down": {"uv": [0.5, 13, 3, 15.5], "rotation": 180, "texture": "#1"}
			}
		},
		{
			"name": "blade",
			"from": [4, 7.75, 3],
			"to": [5, 8.25, 4],
			"faces": {
				"north": {"uv": [0.5, 13, 3, 15.5], "texture": "#1"},
				"east": {"uv": [0.5, 13, 3, 15.5], "texture": "#1"},
				"south": {"uv": [0.5, 13, 3, 15.5], "texture": "#1"},
				"west": {"uv": [0.5, 13, 3, 15.5], "texture": "#1"},
				"up": {"uv": [0.5, 13, 3, 15.5], "texture": "#1"},
				"down": {"uv": [0.5, 13, 3, 15.5], "texture": "#1"}
			}
		},
		{
			"name": "blade",
			"from": [11, 7.75, 3],
			"to": [12, 8.25, 4],
			"faces": {
				"north": {"uv": [0.5, 13, 3, 15.5], "texture": "#1"},
				"east": {"uv": [0.5, 13, 3, 15.5], "texture": "#1"},
				"south": {"uv": [0.5, 13, 3, 15.5], "texture": "#1"},
				"west": {"uv": [0.5, 13, 3, 15.5], "texture": "#1"},
				"up": {"uv": [0.5, 13, 3, 15.5], "rotation": 180, "texture": "#1"},
				"down": {"uv": [0.5, 13, 3, 15.5], "rotation": 180, "texture": "#1"}
			}
		},
		{
			"name": "blade",
			"from": [4, 7.75, 12],
			"to": [5, 8.25, 13],
			"faces": {
				"north": {"uv": [0.5, 13, 3, 15.5], "texture": "#1"},
				"east": {"uv": [0.5, 13, 3, 15.5], "texture": "#1"},
				"south": {"uv": [0.5, 13, 3, 15.5], "texture": "#1"},
				"west": {"uv": [0.5, 13, 3, 15.5], "texture": "#1"},
				"up": {"uv": [0.5, 13, 3, 15.5], "texture": "#1"},
				"down": {"uv": [0.5, 13, 3, 15.5], "texture": "#1"}
			}
		},
		{
			"name": "blade",
			"from": [12, 7.75, 4],
			"to": [13, 8.25, 5],
			"faces": {
				"north": {"uv": [0.5, 13, 3, 15.5], "texture": "#1"},
				"east": {"uv": [0.5, 13, 3, 15.5], "texture": "#1"},
				"south": {"uv": [0.5, 13, 3, 15.5], "texture": "#1"},
				"west": {"uv": [0.5, 13, 3, 15.5], "texture": "#1"},
				"up": {"uv": [0.5, 13, 3, 15.5], "rotation": 180, "texture": "#1"},
				"down": {"uv": [0.5, 13, 3, 15.5], "rotation": 180, "texture": "#1"}
			}
		},
		{
			"name": "blade",
			"from": [3, 7.75, 11],
			"to": [4, 8.25, 12],
			"faces": {
				"north": {"uv": [0.5, 13, 3, 15.5], "texture": "#1"},
				"east": {"uv": [0.5, 13, 3, 15.5], "texture": "#1"},
				"south": {"uv": [0.5, 13, 3, 15.5], "texture": "#1"},
				"west": {"uv": [0.5, 13, 3, 15.5], "texture": "#1"},
				"up": {"uv": [0.5, 13, 3, 15.5], "texture": "#1"},
				"down": {"uv": [0.5, 13, 3, 15.5], "texture": "#1"}
			}
		},
		{
			"name": "blade",
			"from": [12, 7.75, 11],
			"to": [13, 8.25, 12],
			"faces": {
				"north": {"uv": [0.5, 13, 3, 15.5], "texture": "#1"},
				"east": {"uv": [0.5, 13, 3, 15.5], "texture": "#1"},
				"south": {"uv": [0.5, 13, 3, 15.5], "texture": "#1"},
				"west": {"uv": [0.5, 13, 3, 15.5], "texture": "#1"},
				"up": {"uv": [0.5, 13, 3, 15.5], "rotation": 180, "texture": "#1"},
				"down": {"uv": [0.5, 13, 3, 15.5], "rotation": 180, "texture": "#1"}
			}
		},
		{
			"name": "blade",
			"from": [3, 7.75, 4],
			"to": [4, 8.25, 5],
			"faces": {
				"north": {"uv": [0.5, 13, 3, 15.5], "texture": "#1"},
				"east": {"uv": [0.5, 13, 3, 15.5], "texture": "#1"},
				"south": {"uv": [0.5, 13, 3, 15.5], "texture": "#1"},
				"west": {"uv": [0.5, 13, 3, 15.5], "texture": "#1"},
				"up": {"uv": [0.5, 13, 3, 15.5], "texture": "#1"},
				"down": {"uv": [0.5, 13, 3, 15.5], "texture": "#1"}
			}
		},
		{
			"name": "blade",
			"from": [13, 7.75, 5],
			"to": [14, 8.25, 11],
			"faces": {
				"north": {"uv": [0.5, 13, 3, 15.5], "texture": "#1"},
				"east": {"uv": [0.5, 13, 3, 15.5], "texture": "#1"},
				"south": {"uv": [0.5, 13, 3, 15.5], "texture": "#1"},
				"west": {"uv": [0.5, 13, 3, 15.5], "texture": "#1"},
				"up": {"uv": [0.5, 13, 3, 15.5], "rotation": 180, "texture": "#1"},
				"down": {"uv": [0.5, 13, 3, 15.5], "rotation": 180, "texture": "#1"}
			}
		},
		{
			"name": "blade",
			"from": [2, 7.75, 5],
			"to": [3, 8.25, 11],
			"faces": {
				"north": {"uv": [0.5, 13, 3, 15.5], "texture": "#1"},
				"east": {"uv": [0.5, 13, 3, 15.5], "texture": "#1"},
				"south": {"uv": [0.5, 13, 3, 15.5], "texture": "#1"},
				"west": {"uv": [0.5, 13, 3, 15.5], "texture": "#1"},
				"up": {"uv": [0.5, 13, 3, 15.5], "texture": "#1"},
				"down": {"uv": [0.5, 13, 3, 15.5], "texture": "#1"}
			}
		},
		{
			"from": [12, 7.5, 5],
			"to": [13, 8.5, 11],
			"faces": {
				"north": {"uv": [8, 8, 8.5, 8.5], "texture": "#1"},
				"east": {"uv": [5, 8, 8, 8.5], "texture": "#1"},
				"south": {"uv": [11.5, 8, 12, 8.5], "texture": "#1"},
				"west": {"uv": [8.5, 8, 11.5, 8.5], "texture": "#1"},
				"up": {"uv": [8.5, 8, 8, 5], "texture": "#1"},
				"down": {"uv": [9, 5, 8.5, 8], "texture": "#1"}
			}
		},
		{
			"from": [3, 7.5, 5],
			"to": [4, 8.5, 11],
			"faces": {
				"north": {"uv": [8, 3, 8.5, 3.5], "texture": "#1"},
				"east": {"uv": [5, 3, 8, 3.5], "texture": "#1"},
				"south": {"uv": [11.5, 3, 12, 3.5], "texture": "#1"},
				"west": {"uv": [8.5, 3, 11.5, 3.5], "texture": "#1"},
				"up": {"uv": [8.5, 3, 8, 0], "texture": "#1"},
				"down": {"uv": [9, 0, 8.5, 3], "texture": "#1"}
			}
		},
		{
			"from": [9, 7.5, 3],
			"to": [10, 8.5, 4],
			"faces": {
				"north": {"uv": [2.5, 2.5, 3, 3], "texture": "#1"},
				"east": {"uv": [2, 2.5, 2.5, 3], "texture": "#1"},
				"south": {"uv": [3.5, 2.5, 4, 3], "texture": "#1"},
				"west": {"uv": [3, 2.5, 3.5, 3], "texture": "#1"},
				"up": {"uv": [3, 2.5, 2.5, 2], "texture": "#1"},
				"down": {"uv": [3.5, 2, 3, 2.5], "texture": "#1"}
			}
		},
		{
			"from": [6, 7.5, 12],
			"to": [7, 8.5, 13],
			"faces": {
				"north": {"uv": [2.5, 5, 3, 5.5], "texture": "#1"},
				"east": {"uv": [2, 5, 2.5, 5.5], "texture": "#1"},
				"south": {"uv": [3.5, 5, 4, 5.5], "texture": "#1"},
				"west": {"uv": [3, 5, 3.5, 5.5], "texture": "#1"},
				"up": {"uv": [3, 5, 2.5, 4.5], "texture": "#1"},
				"down": {"uv": [3.5, 4.5, 3, 5], "texture": "#1"}
			}
		},
		{
			"from": [9, 7.5, 12],
			"to": [10, 8.5, 13],
			"faces": {
				"north": {"uv": [2.5, 7, 3, 7.5], "texture": "#1"},
				"east": {"uv": [2, 7, 2.5, 7.5], "texture": "#1"},
				"south": {"uv": [3.5, 7, 4, 7.5], "texture": "#1"},
				"west": {"uv": [3, 7, 3.5, 7.5], "texture": "#1"},
				"up": {"uv": [3, 7, 2.5, 6.5], "texture": "#1"},
				"down": {"uv": [3.5, 6.5, 3, 7], "texture": "#1"}
			}
		},
		{
			"from": [6, 7.5, 3],
			"to": [7, 8.5, 4],
			"faces": {
				"north": {"uv": [5.5, 7, 6, 7.5], "texture": "#1"},
				"east": {"uv": [5, 7, 5.5, 7.5], "texture": "#1"},
				"south": {"uv": [6.5, 7, 7, 7.5], "texture": "#1"},
				"west": {"uv": [6, 7, 6.5, 7.5], "texture": "#1"},
				"up": {"uv": [6, 7, 5.5, 6.5], "texture": "#1"},
				"down": {"uv": [6.5, 6.5, 6, 7], "texture": "#1"}
			}
		},
		{
			"name": "cube2",
			"from": [10, 7.5, 11],
			"to": [11, 8.5, 13],
			"faces": {
				"north": {"uv": [6, 6, 6.5, 6.5], "texture": "#1"},
				"east": {"uv": [5, 6, 6, 6.5], "texture": "#1"},
				"south": {"uv": [7.5, 6, 8, 6.5], "texture": "#1"},
				"west": {"uv": [6.5, 6, 7.5, 6.5], "texture": "#1"},
				"up": {"uv": [6.5, 6, 6, 5], "texture": "#1"},
				"down": {"uv": [7, 5, 6.5, 6], "texture": "#1"}
			}
		},
		{
			"from": [5, 7.5, 3],
			"to": [6, 8.5, 5],
			"faces": {
				"north": {"uv": [6, 1, 6.5, 1.5], "texture": "#1"},
				"east": {"uv": [5, 1, 6, 1.5], "texture": "#1"},
				"south": {"uv": [7.5, 1, 8, 1.5], "texture": "#1"},
				"west": {"uv": [6.5, 1, 7.5, 1.5], "texture": "#1"},
				"up": {"uv": [6.5, 1, 6, 0], "texture": "#1"},
				"down": {"uv": [7, 0, 6.5, 1], "texture": "#1"}
			}
		},
		{
			"from": [10, 7.5, 3],
			"to": [11, 8.5, 5],
			"faces": {
				"north": {"uv": [6, 2.5, 6.5, 3], "texture": "#1"},
				"east": {"uv": [5, 2.5, 6, 3], "texture": "#1"},
				"south": {"uv": [7.5, 2.5, 8, 3], "texture": "#1"},
				"west": {"uv": [6.5, 2.5, 7.5, 3], "texture": "#1"},
				"up": {"uv": [6.5, 2.5, 6, 1.5], "texture": "#1"},
				"down": {"uv": [7, 1.5, 6.5, 2.5], "texture": "#1"}
			}
		},
		{
			"from": [5, 7.5, 11],
			"to": [6, 8.5, 13],
			"faces": {
				"north": {"uv": [1, 7.5, 1.5, 8], "texture": "#1"},
				"east": {"uv": [0, 7.5, 1, 8], "texture": "#1"},
				"south": {"uv": [2.5, 7.5, 3, 8], "texture": "#1"},
				"west": {"uv": [1.5, 7.5, 2.5, 8], "texture": "#1"},
				"up": {"uv": [1.5, 7.5, 1, 6.5], "texture": "#1"},
				"down": {"uv": [2, 6.5, 1.5, 7.5], "texture": "#1"}
			}
		},
		{
			"from": [11, 7.5, 4],
			"to": [12, 8.5, 12],
			"faces": {
				"north": {"uv": [4, 4, 4.5, 4.5], "texture": "#1"},
				"east": {"uv": [0, 4, 4, 4.5], "texture": "#1"},
				"south": {"uv": [8.5, 4, 9, 4.5], "texture": "#1"},
				"west": {"uv": [4.5, 4, 8.5, 4.5], "texture": "#1"},
				"up": {"uv": [4.5, 4, 4, 0], "texture": "#1"},
				"down": {"uv": [5, 0, 4.5, 4], "texture": "#1"}
			}
		},
		{
			"from": [4, 7.5, 4],
			"to": [5, 8.5, 12],
			"faces": {
				"north": {"uv": [4, 8.5, 4.5, 9], "texture": "#1"},
				"east": {"uv": [0, 8.5, 4, 9], "texture": "#1"},
				"south": {"uv": [8.5, 8.5, 9, 9], "texture": "#1"},
				"west": {"uv": [4.5, 8.5, 8.5, 9], "texture": "#1"},
				"up": {"uv": [4.5, 8.5, 4, 4.5], "texture": "#1"},
				"down": {"uv": [5, 4.5, 4.5, 8.5], "texture": "#1"}
			}
		},
		{
			"from": [5, 7, 7],
			"to": [6, 9, 9],
			"faces": {
				"north": {"uv": [1, 3, 1.5, 4], "texture": "#1"},
				"east": {"uv": [0, 3, 1, 4], "texture": "#1"},
				"south": {"uv": [2.5, 3, 3, 4], "texture": "#1"},
				"west": {"uv": [1.5, 3, 2.5, 4], "texture": "#1"},
				"up": {"uv": [1.5, 3, 1, 2], "texture": "#1"},
				"down": {"uv": [2, 2, 1.5, 3], "texture": "#1"}
			}
		},
		{
			"from": [10, 7, 7],
			"to": [11, 9, 9],
			"faces": {
				"north": {"uv": [1, 5.5, 1.5, 6.5], "texture": "#1"},
				"east": {"uv": [0, 5.5, 1, 6.5], "texture": "#1"},
				"south": {"uv": [2.5, 5.5, 3, 6.5], "texture": "#1"},
				"west": {"uv": [1.5, 5.5, 2.5, 6.5], "texture": "#1"},
				"up": {"uv": [1.5, 5.5, 1, 4.5], "texture": "#1"},
				"down": {"uv": [2, 4.5, 1.5, 5.5], "texture": "#1"}
			}
		},
		{
			"from": [6, 7.5, 6],
			"to": [10, 8.5, 10],
			"faces": {
				"north": {"uv": [9, 10.5, 11, 11], "texture": "#1"},
				"east": {"uv": [7, 10.5, 9, 11], "texture": "#1"},
				"south": {"uv": [13, 10.5, 15, 11], "texture": "#1"},
				"west": {"uv": [11, 10.5, 13, 11], "texture": "#1"},
				"up": {"uv": [11, 10.5, 9, 8.5], "texture": "#1"},
				"down": {"uv": [13, 8.5, 11, 10.5], "texture": "#1"}
			}
		},
		{
			"from": [7, 7, 7],
			"to": [9, 9, 9],
			"faces": {
				"north": {"uv": [1, 1, 2, 2], "texture": "#1"},
				"east": {"uv": [0, 1, 1, 2], "texture": "#1"},
				"south": {"uv": [3, 1, 4, 2], "texture": "#1"},
				"west": {"uv": [2, 1, 3, 2], "texture": "#1"},
				"up": {"uv": [2, 1, 1, 0], "texture": "#1"},
				"down": {"uv": [3, 0, 2, 1], "texture": "#1"}
			}
		}
	],
	"gui_light": "front",
	"display": {
		"thirdperson_righthand": {
			"rotation": [-25, 10, -90],
			"translation": [0, -2, 1]
		},
		"thirdperson_lefthand": {
			"rotation": [-25, 10, -90],
			"translation": [0, -2, 1]
		},
		"firstperson_righthand": {
			"rotation": [45, 15, -90],
			"translation": [-0.25, 5.5, 1],
			"scale": [0.85, 0.85, 0.85]
		},
		"firstperson_lefthand": {
			"rotation": [45, 15, -90],
			"translation": [0.25, 5.5, 1],
			"scale": [0.85, 0.85, 0.85]
		},
		"ground": {
			"rotation": [45, 0, -90],
			"translation": [0, 2, 0],
			"scale": [0.55, 0.55, 0.55]
		},
		"gui": {
			"rotation": [-90, -45, 0],
			"scale": [1.15, 1.15, 1.15]
		},
		"head": {
			"translation": [0, -6, 0],
			"scale": [2.3, 2.3, 2.3]
		},
		"fixed": {
			"rotation": [-90, 45, 0],
			"translation": [0, 0, -1],
			"scale": [1.35, 1.35, 1.35]
		}
	},
	"groups": [
		{
			"name": "photon_disc",
			"origin": [8, 8, 8],
			"children": [0, 1, 2, 3, 4, 5, 6, 7, 8, 9, 10, 11, 12, 13, 14, 15, 16, 17, 18, 19, 20, 21, 22, 23, 24, 25, 26, 27, 28, 29]
		}
	]
}