{
	"credit": "Made with Blockbench",
	"textures": {
		"0": "item/custom_item/photon_disc/ricochetter",
		"particle": "item/custom_item/photon_disc/ricochetter"
	},
	"elements": [
		{
			"from": [7, 7, 7],
			"to": [9, 9, 9],
			"faces": {
				"north": {"uv": [9, 7.5, 10, 8.5], "texture": "#0"},
				"east": {"uv": [8, 7.5, 9, 8.5], "texture": "#0"},
				"south": {"uv": [11, 7.5, 12, 8.5], "texture": "#0"},
				"west": {"uv": [10, 7.5, 11, 8.5], "texture": "#0"},
				"up": {"uv": [10, 7.5, 9, 6.5], "texture": "#0"},
				"down": {"uv": [11, 6.5, 10, 7.5], "texture": "#0"}
			}
		},
		{
			"from": [6, 7.5, 6],
			"to": [10, 8.5, 10],
			"faces": {
				"north": {"uv": [6, 6, 8, 6.5], "texture": "#0"},
				"east": {"uv": [4, 6, 6, 6.5], "texture": "#0"},
				"south": {"uv": [10, 6, 12, 6.5], "texture": "#0"},
				"west": {"uv": [8, 6, 10, 6.5], "texture": "#0"},
				"up": {"uv": [8, 6, 6, 4], "texture": "#0"},
				"down": {"uv": [10, 4, 8, 6], "texture": "#0"}
			}
		},
		{
			"from": [7, 7.5, 4],
			"to": [9, 8.5, 5],
			"faces": {
				"north": {"uv": [0.5, 5, 1.5, 5.5], "texture": "#0"},
				"east": {"uv": [0, 5, 0.5, 5.5], "texture": "#0"},
				"south": {"uv": [2, 5, 3, 5.5], "texture": "#0"},
				"west": {"uv": [1.5, 5, 2, 5.5], "texture": "#0"},
				"up": {"uv": [1.5, 5, 0.5, 4.5], "texture": "#0"},
				"down": {"uv": [2.5, 4.5, 1.5, 5], "texture": "#0"}
			}
		},
		{
			"from": [7, 7.5, 11],
			"to": [9, 8.5, 12],
			"faces": {
				"north": {"uv": [0.5, 4, 1.5, 4.5], "texture": "#0"},
				"east": {"uv": [0, 4, 0.5, 4.5], "texture": "#0"},
				"south": {"uv": [2, 4, 3, 4.5], "texture": "#0"},
				"west": {"uv": [1.5, 4, 2, 4.5], "texture": "#0"},
				"up": {"uv": [1.5, 4, 0.5, 3.5], "texture": "#0"},
				"down": {"uv": [2.5, 3.5, 1.5, 4], "texture": "#0"}
			}
		},
		{
			"from": [4, 7.5, 7],
			"to": [5, 8.5, 9],
			"faces": {
				"north": {"uv": [1, 2.5, 1.5, 3], "texture": "#0"},
				"east": {"uv": [0, 2.5, 1, 3], "texture": "#0"},
				"south": {"uv": [2.5, 2.5, 3, 3], "texture": "#0"},
				"west": {"uv": [1.5, 2.5, 2.5, 3], "texture": "#0"},
				"up": {"uv": [1.5, 2.5, 1, 1.5], "texture": "#0"},
				"down": {"uv": [2, 1.5, 1.5, 2.5], "texture": "#0"}
			}
		},
		{
			"from": [11, 7.5, 7],
			"to": [12, 8.5, 9],
			"faces": {
				"north": {"uv": [1, 1, 1.5, 1.5], "texture": "#0"},
				"east": {"uv": [0, 1, 1, 1.5], "texture": "#0"},
				"south": {"uv": [2.5, 1, 3, 1.5], "texture": "#0"},
				"west": {"uv": [1.5, 1, 2.5, 1.5], "texture": "#0"},
				"up": {"uv": [1.5, 1, 1, 0], "texture": "#0"},
				"down": {"uv": [2, 0, 1.5, 1], "texture": "#0"}
			}
		},
		{
			"from": [5, 7.5, 3],
			"to": [11, 8.5, 4],
			"faces": {
				"north": {"uv": [4.5, 1.5, 7.5, 2], "texture": "#0"},
				"east": {"uv": [4, 1.5, 4.5, 2], "texture": "#0"},
				"south": {"uv": [8, 1.5, 11, 2], "texture": "#0"},
				"west": {"uv": [7.5, 1.5, 8, 2], "texture": "#0"},
				"up": {"uv": [7.5, 1.5, 4.5, 1], "texture": "#0"},
				"down": {"uv": [10.5, 1, 7.5, 1.5], "texture": "#0"}
			}
		},
		{
			"from": [3, 7.5, 5],
			"to": [4, 8.5, 11],
			"faces": {
				"north": {"uv": [3, 6.5, 3.5, 7], "texture": "#0"},
				"east": {"uv": [0, 6.5, 3, 7], "texture": "#0"},
				"south": {"uv": [6.5, 6.5, 7, 7], "texture": "#0"},
				"west": {"uv": [3.5, 6.5, 6.5, 7], "texture": "#0"},
				"up": {"uv": [3.5, 6.5, 3, 3.5], "texture": "#0"},
				"down": {"uv": [4, 3.5, 3.5, 6.5], "texture": "#0"}
			}
		},
		{
			"from": [5, 7.5, 12],
			"to": [11, 8.5, 13],
			"faces": {
				"north": {"uv": [4.5, 0.5, 7.5, 1], "texture": "#0"},
				"east": {"uv": [4, 0.5, 4.5, 1], "texture": "#0"},
				"south": {"uv": [8, 0.5, 11, 1], "texture": "#0"},
				"west": {"uv": [7.5, 0.5, 8, 1], "texture": "#0"},
				"up": {"uv": [7.5, 0.5, 4.5, 0], "texture": "#0"},
				"down": {"uv": [10.5, 0, 7.5, 0.5], "texture": "#0"}
			}
		},
		{
			"from": [12, 7.5, 5],
			"to": [13, 8.5, 11],
			"faces": {
				"north": {"uv": [3, 3, 3.5, 3.5], "texture": "#0"},
				"east": {"uv": [0, 3, 3, 3.5], "texture": "#0"},
				"south": {"uv": [6.5, 3, 7, 3.5], "texture": "#0"},
				"west": {"uv": [3.5, 3, 6.5, 3.5], "texture": "#0"},
				"up": {"uv": [3.5, 3, 3, 0], "texture": "#0"},
				"down": {"uv": [4, 0, 3.5, 3], "texture": "#0"}
			}
		},
		{
			"from": [6, 7.5, 2],
			"to": [10, 8.5, 3],
			"faces": {
				"north": {"uv": [7, 3.5, 9, 4], "texture": "#0"},
				"east": {"uv": [6.5, 3.5, 7, 4], "texture": "#0"},
				"south": {"uv": [9.5, 3.5, 11.5, 4], "texture": "#0"},
				"west": {"uv": [9, 3.5, 9.5, 4], "texture": "#0"},
				"up": {"uv": [9, 3.5, 7, 3], "texture": "#0"},
				"down": {"uv": [11, 3, 9, 3.5], "texture": "#0"}
			}
		},
		{
			"from": [2, 7.5, 6],
			"to": [3, 8.5, 10],
			"faces": {
				"north": {"uv": [2, 9, 2.5, 9.5], "texture": "#0"},
				"east": {"uv": [0, 9, 2, 9.5], "texture": "#0"},
				"south": {"uv": [4.5, 9, 5, 9.5], "texture": "#0"},
				"west": {"uv": [2.5, 9, 4.5, 9.5], "texture": "#0"},
				"up": {"uv": [2.5, 9, 2, 7], "texture": "#0"},
				"down": {"uv": [3, 7, 2.5, 9], "texture": "#0"}
			}
		},
		{
			"from": [6, 7.5, 13],
			"to": [10, 8.5, 14],
			"faces": {
				"north": {"uv": [4.5, 2.5, 6.5, 3], "texture": "#0"},
				"east": {"uv": [4, 2.5, 4.5, 3], "texture": "#0"},
				"south": {"uv": [7, 2.5, 9, 3], "texture": "#0"},
				"west": {"uv": [6.5, 2.5, 7, 3], "texture": "#0"},
				"up": {"uv": [6.5, 2.5, 4.5, 2], "texture": "#0"},
				"down": {"uv": [8.5, 2, 6.5, 2.5], "texture": "#0"}
			}
		},
		{
			"from": [13, 7.5, 6],
			"to": [14, 8.5, 10],
			"faces": {
				"north": {"uv": [7, 8.5, 7.5, 9], "texture": "#0"},
				"east": {"uv": [5, 8.5, 7, 9], "texture": "#0"},
				"south": {"uv": [9.5, 8.5, 10, 9], "texture": "#0"},
				"west": {"uv": [7.5, 8.5, 9.5, 9], "texture": "#0"},
				"up": {"uv": [7.5, 8.5, 7, 6.5], "texture": "#0"},
				"down": {"uv": [8, 6.5, 7.5, 8.5], "texture": "#0"}
			}
		},
		{
			"from": [5, 7, 6.5],
			"to": [6, 9, 9.5],
			"faces": {
				"north": {"uv": [5, 10.5, 5.5, 11.5], "texture": "#0"},
				"east": {"uv": [3.5, 10.5, 5, 11.5], "texture": "#0"},
				"south": {"uv": [7, 10.5, 7.5, 11.5], "texture": "#0"},
				"west": {"uv": [5.5, 10.5, 7, 11.5], "texture": "#0"},
				"up": {"uv": [5.5, 10.5, 5, 9], "texture": "#0"},
				"down": {"uv": [6, 9, 5.5, 10.5], "texture": "#0"}
			}
		},
		{
			"from": [6.5, 7, 10],
			"to": [9.5, 9, 11],
			"faces": {
				"north": {"uv": [10.5, 4.5, 12, 5.5], "texture": "#0"},
				"east": {"uv": [10, 4.5, 10.5, 5.5], "texture": "#0"},
				"south": {"uv": [12.5, 4.5, 14, 5.5], "texture": "#0"},
				"west": {"uv": [12, 4.5, 12.5, 5.5], "texture": "#0"},
				"up": {"uv": [12, 4.5, 10.5, 4], "texture": "#0"},
				"down": {"uv": [13.5, 4, 12, 4.5], "texture": "#0"}
			}
		},
		{
			"from": [10, 7, 6.5],
			"to": [11, 9, 9.5],
			"faces": {
				"north": {"uv": [10, 10, 10.5, 11], "texture": "#0"},
				"east": {"uv": [8.5, 10, 10, 11], "texture": "#0"},
				"south": {"uv": [12, 10, 12.5, 11], "texture": "#0"},
				"west": {"uv": [10.5, 10, 12, 11], "texture": "#0"},
				"up": {"uv": [10.5, 10, 10, 8.5], "texture": "#0"},
				"down": {"uv": [11, 8.5, 10.5, 10], "texture": "#0"}
			}
		},
		{
			"from": [6.5, 7, 5],
			"to": [9.5, 9, 6],
			"faces": {
				"north": {"uv": [3.5, 7.5, 5, 8.5], "texture": "#0"},
				"east": {"uv": [3, 7.5, 3.5, 8.5], "texture": "#0"},
				"south": {"uv": [5.5, 7.5, 7, 8.5], "texture": "#0"},
				"west": {"uv": [5, 7.5, 5.5, 8.5], "texture": "#0"},
				"up": {"uv": [5, 7.5, 3.5, 7], "texture": "#0"},
				"down": {"uv": [6.5, 7, 5, 7.5], "texture": "#0"}
			}
		},
		{
			"name": "blade",
			"from": [6, 7.75, 1],
			"to": [10, 8.25, 2],
			"faces": {
				"north": {"uv": [0.5, 13, 3, 15.5], "texture": "#0"},
				"east": {"uv": [0.5, 13, 3, 15.5], "texture": "#0"},
				"south": {"uv": [0.5, 13, 3, 15.5], "texture": "#0"},
				"west": {"uv": [0.5, 13, 3, 15.5], "texture": "#0"},
				"up": {"uv": [0.5, 13, 3, 15.5], "texture": "#0"},
				"down": {"uv": [0.5, 13, 3, 15.5], "texture": "#0"}
			}
		},
		{
			"name": "blade",
			"from": [1, 7.75, 6],
			"to": [2, 8.25, 10],
			"faces": {
				"north": {"uv": [0.5, 13, 3, 15.5], "texture": "#0"},
				"east": {"uv": [0.5, 13, 3, 15.5], "texture": "#0"},
				"south": {"uv": [0.5, 13, 3, 15.5], "texture": "#0"},
				"west": {"uv": [0.5, 13, 3, 15.5], "texture": "#0"},
				"up": {"uv": [0.5, 13, 3, 15.5], "rotation": 270, "texture": "#0"},
				"down": {"uv": [0.5, 13, 3, 15.5], "rotation": 90, "texture": "#0"}
			}
		},
		{
			"name": "blade",
			"from": [6, 7.75, 14],
			"to": [10, 8.25, 15],
			"faces": {
				"north": {"uv": [0.5, 13, 3, 15.5], "texture": "#0"},
				"east": {"uv": [0.5, 13, 3, 15.5], "texture": "#0"},
				"south": {"uv": [0.5, 13, 3, 15.5], "texture": "#0"},
				"west": {"uv": [0.5, 13, 3, 15.5], "texture": "#0"},
				"up": {"uv": [0.5, 13, 3, 15.5], "rotation": 180, "texture": "#0"},
				"down": {"uv": [0.5, 13, 3, 15.5], "rotation": 180, "texture": "#0"}
			}
		},
		{
			"name": "blade",
			"from": [14, 7.75, 6],
			"to": [15, 8.25, 10],
			"faces": {
				"north": {"uv": [0.5, 13, 3, 15.5], "texture": "#0"},
				"east": {"uv": [0.5, 13, 3, 15.5], "texture": "#0"},
				"south": {"uv": [0.5, 13, 3, 15.5], "texture": "#0"},
				"west": {"uv": [0.5, 13, 3, 15.5], "texture": "#0"},
				"up": {"uv": [0.5, 13, 3, 15.5], "rotation": 90, "texture": "#0"},
				"down": {"uv": [0.5, 13, 3, 15.5], "rotation": 270, "texture": "#0"}
			}
		},
		{
			"name": "blade",
			"from": [5, 7.75, 2],
			"to": [6, 8.25, 3],
			"faces": {
				"north": {"uv": [0.5, 13, 3, 15.5], "texture": "#0"},
				"east": {"uv": [0.5, 13, 3, 15.5], "texture": "#0"},
				"south": {"uv": [0.5, 13, 3, 15.5], "texture": "#0"},
				"west": {"uv": [0.5, 13, 3, 15.5], "texture": "#0"},
				"up": {"uv": [0.5, 13, 3, 15.5], "texture": "#0"},
				"down": {"uv": [0.5, 13, 3, 15.5], "texture": "#0"}
			}
		},
		{
			"name": "blade",
			"from": [2, 7.75, 10],
			"to": [3, 8.25, 11],
			"faces": {
				"north": {"uv": [0.5, 13, 3, 15.5], "texture": "#0"},
				"east": {"uv": [0.5, 13, 3, 15.5], "texture": "#0"},
				"south": {"uv": [0.5, 13, 3, 15.5], "texture": "#0"},
				"west": {"uv": [0.5, 13, 3, 15.5], "texture": "#0"},
				"up": {"uv": [0.5, 13, 3, 15.5], "rotation": 270, "texture": "#0"},
				"down": {"uv": [0.5, 13, 3, 15.5], "rotation": 90, "texture": "#0"}
			}
		},
		{
			"name": "blade",
			"from": [10, 7.75, 13],
			"to": [11, 8.25, 14],
			"faces": {
				"north": {"uv": [0.5, 13, 3, 15.5], "texture": "#0"},
				"east": {"uv": [0.5, 13, 3, 15.5], "texture": "#0"},
				"south": {"uv": [0.5, 13, 3, 15.5], "texture": "#0"},
				"west": {"uv": [0.5, 13, 3, 15.5], "texture": "#0"},
				"up": {"uv": [0.5, 13, 3, 15.5], "rotation": 180, "texture": "#0"},
				"down": {"uv": [0.5, 13, 3, 15.5], "rotation": 180, "texture": "#0"}
			}
		},
		{
			"name": "blade",
			"from": [13, 7.75, 5],
			"to": [14, 8.25, 6],
			"faces": {
				"north": {"uv": [0.5, 13, 3, 15.5], "texture": "#0"},
				"east": {"uv": [0.5, 13, 3, 15.5], "texture": "#0"},
				"south": {"uv": [0.5, 13, 3, 15.5], "texture": "#0"},
				"west": {"uv": [0.5, 13, 3, 15.5], "texture": "#0"},
				"up": {"uv": [0.5, 13, 3, 15.5], "rotation": 90, "texture": "#0"},
				"down": {"uv": [0.5, 13, 3, 15.5], "rotation": 270, "texture": "#0"}
			}
		},
		{
			"name": "blade",
			"from": [4, 7.75, 3],
			"to": [5, 8.25, 4],
			"faces": {
				"north": {"uv": [0.5, 13, 3, 15.5], "texture": "#0"},
				"east": {"uv": [0.5, 13, 3, 15.5], "texture": "#0"},
				"south": {"uv": [0.5, 13, 3, 15.5], "texture": "#0"},
				"west": {"uv": [0.5, 13, 3, 15.5], "texture": "#0"},
				"up": {"uv": [0.5, 13, 3, 15.5], "texture": "#0"},
				"down": {"uv": [0.5, 13, 3, 15.5], "texture": "#0"}
			}
		},
		{
			"name": "blade",
			"from": [3, 7.75, 11],
			"to": [4, 8.25, 12],
			"faces": {
				"north": {"uv": [0.5, 13, 3, 15.5], "texture": "#0"},
				"east": {"uv": [0.5, 13, 3, 15.5], "texture": "#0"},
				"south": {"uv": [0.5, 13, 3, 15.5], "texture": "#0"},
				"west": {"uv": [0.5, 13, 3, 15.5], "texture": "#0"},
				"up": {"uv": [0.5, 13, 3, 15.5], "rotation": 270, "texture": "#0"},
				"down": {"uv": [0.5, 13, 3, 15.5], "rotation": 90, "texture": "#0"}
			}
		},
		{
			"name": "blade",
			"from": [11, 7.75, 12],
			"to": [12, 8.25, 13],
			"faces": {
				"north": {"uv": [0.5, 13, 3, 15.5], "texture": "#0"},
				"east": {"uv": [0.5, 13, 3, 15.5], "texture": "#0"},
				"south": {"uv": [0.5, 13, 3, 15.5], "texture": "#0"},
				"west": {"uv": [0.5, 13, 3, 15.5], "texture": "#0"},
				"up": {"uv": [0.5, 13, 3, 15.5], "rotation": 180, "texture": "#0"},
				"down": {"uv": [0.5, 13, 3, 15.5], "rotation": 180, "texture": "#0"}
			}
		},
		{
			"name": "blade",
			"from": [12, 7.75, 4],
			"to": [13, 8.25, 5],
			"faces": {
				"north": {"uv": [0.5, 13, 3, 15.5], "texture": "#0"},
				"east": {"uv": [0.5, 13, 3, 15.5], "texture": "#0"},
				"south": {"uv": [0.5, 13, 3, 15.5], "texture": "#0"},
				"west": {"uv": [0.5, 13, 3, 15.5], "texture": "#0"},
				"up": {"uv": [0.5, 13, 3, 15.5], "rotation": 90, "texture": "#0"},
				"down": {"uv": [0.5, 13, 3, 15.5], "rotation": 270, "texture": "#0"}
			}
		},
		{
			"name": "blade",
			"from": [10, 7.75, 2],
			"to": [11, 8.25, 3],
			"faces": {
				"north": {"uv": [0.5, 13, 3, 15.5], "texture": "#0"},
				"east": {"uv": [0.5, 13, 3, 15.5], "texture": "#0"},
				"south": {"uv": [0.5, 13, 3, 15.5], "texture": "#0"},
				"west": {"uv": [0.5, 13, 3, 15.5], "texture": "#0"},
				"up": {"uv": [0.5, 13, 3, 15.5], "texture": "#0"},
				"down": {"uv": [0.5, 13, 3, 15.5], "texture": "#0"}
			}
		},
		{
			"name": "blade",
			"from": [2, 7.75, 5],
			"to": [3, 8.25, 6],
			"faces": {
				"north": {"uv": [0.5, 13, 3, 15.5], "texture": "#0"},
				"east": {"uv": [0.5, 13, 3, 15.5], "texture": "#0"},
				"south": {"uv": [0.5, 13, 3, 15.5], "texture": "#0"},
				"west": {"uv": [0.5, 13, 3, 15.5], "texture": "#0"},
				"up": {"uv": [0.5, 13, 3, 15.5], "rotation": 270, "texture": "#0"},
				"down": {"uv": [0.5, 13, 3, 15.5], "rotation": 90, "texture": "#0"}
			}
		},
		{
			"name": "blade",
			"from": [5, 7.75, 13],
			"to": [6, 8.25, 14],
			"faces": {
				"north": {"uv": [0.5, 13, 3, 15.5], "texture": "#0"},
				"east": {"uv": [0.5, 13, 3, 15.5], "texture": "#0"},
				"south": {"uv": [0.5, 13, 3, 15.5], "texture": "#0"},
				"west": {"uv": [0.5, 13, 3, 15.5], "texture": "#0"},
				"up": {"uv": [0.5, 13, 3, 15.5], "rotation": 180, "texture": "#0"},
				"down": {"uv": [0.5, 13, 3, 15.5], "rotation": 180, "texture": "#0"}
			}
		},
		{
			"name": "blade",
			"from": [13, 7.75, 10],
			"to": [14, 8.25, 11],
			"faces": {
				"north": {"uv": [0.5, 13, 3, 15.5], "texture": "#0"},
				"east": {"uv": [0.5, 13, 3, 15.5], "texture": "#0"},
				"south": {"uv": [0.5, 13, 3, 15.5], "texture": "#0"},
				"west": {"uv": [0.5, 13, 3, 15.5], "texture": "#0"},
				"up": {"uv": [0.5, 13, 3, 15.5], "rotation": 90, "texture": "#0"},
				"down": {"uv": [0.5, 13, 3, 15.5], "rotation": 270, "texture": "#0"}
			}
		},
		{
			"name": "blade",
			"from": [11, 7.75, 3],
			"to": [12, 8.25, 4],
			"faces": {
				"north": {"uv": [0.5, 13, 3, 15.5], "texture": "#0"},
				"east": {"uv": [0.5, 13, 3, 15.5], "texture": "#0"},
				"south": {"uv": [0.5, 13, 3, 15.5], "texture": "#0"},
				"west": {"uv": [0.5, 13, 3, 15.5], "texture": "#0"},
				"up": {"uv": [0.5, 13, 3, 15.5], "texture": "#0"},
				"down": {"uv": [0.5, 13, 3, 15.5], "texture": "#0"}
			}
		},
		{
			"name": "blade",
			"from": [3, 7.75, 4],
			"to": [4, 8.25, 5],
			"faces": {
				"north": {"uv": [0.5, 13, 3, 15.5], "texture": "#0"},
				"east": {"uv": [0.5, 13, 3, 15.5], "texture": "#0"},
				"south": {"uv": [0.5, 13, 3, 15.5], "texture": "#0"},
				"west": {"uv": [0.5, 13, 3, 15.5], "texture": "#0"},
				"up": {"uv": [0.5, 13, 3, 15.5], "rotation": 270, "texture": "#0"},
				"down": {"uv": [0.5, 13, 3, 15.5], "rotation": 90, "texture": "#0"}
			}
		},
		{
			"name": "blade",
			"from": [4, 7.75, 12],
			"to": [5, 8.25, 13],
			"faces": {
				"north": {"uv": [0.5, 13, 3, 15.5], "texture": "#0"},
				"east": {"uv": [0.5, 13, 3, 15.5], "texture": "#0"},
				"south": {"uv": [0.5, 13, 3, 15.5], "texture": "#0"},
				"west": {"uv": [0.5, 13, 3, 15.5], "texture": "#0"},
				"up": {"uv": [0.5, 13, 3, 15.5], "rotation": 180, "texture": "#0"},
				"down": {"uv": [0.5, 13, 3, 15.5], "rotation": 180, "texture": "#0"}
			}
		},
		{
			"name": "blade",
			"from": [12, 7.75, 11],
			"to": [13, 8.25, 12],
			"faces": {
				"north": {"uv": [0.5, 13, 3, 15.5], "texture": "#0"},
				"east": {"uv": [0.5, 13, 3, 15.5], "texture": "#0"},
				"south": {"uv": [0.5, 13, 3, 15.5], "texture": "#0"},
				"west": {"uv": [0.5, 13, 3, 15.5], "texture": "#0"},
				"up": {"uv": [0.5, 13, 3, 15.5], "rotation": 90, "texture": "#0"},
				"down": {"uv": [0.5, 13, 3, 15.5], "rotation": 270, "texture": "#0"}
			}
		}
	],
	"gui_light": "front",
	"display": {
		"thirdperson_righthand": {
			"rotation": [-25, 10, -90],
			"translation": [0, -2, 1]
		},
		"thirdperson_lefthand": {
			"rotation": [-25, 10, -90],
			"translation": [0, -2, 1]
		},
		"firstperson_righthand": {
			"rotation": [45, 15, -90],
			"translation": [-0.25, 5.5, 1],
			"scale": [0.85, 0.85, 0.85]
		},
		"firstperson_lefthand": {
			"rotation": [45, 15, -90],
			"translation": [0.25, 5.5, 1],
			"scale": [0.85, 0.85, 0.85]
		},
		"ground": {
			"rotation": [45, 0, -90],
			"translation": [0, 2, 0],
			"scale": [0.55, 0.55, 0.55]
		},
		"gui": {
			"rotation": [-90, -45, 0],
			"scale": [1.15, 1.15, 1.15]
		},
		"head": {
			"translation": [0, -12, 0],
			"scale": [2.3, 2.3, 2.3]
		},
		"fixed": {
			"rotation": [-90, 45, 0],
			"translation": [0, 0, -1],
			"scale": [1.35, 1.35, 1.35]
		}
	}
}