{
	"credit": "Made with Blockbench",
	"textures": {
		"main": "item/custom_item/photon_disc/ricochetter_spin"
	},
	"elements": [
		{
			"from": [7, 7, 7],
			"to": [9, 9, 9],
			"faces": {
				"north": {"uv": [4.5, 3.75, 5, 4.25], "texture": "#main"},
				"east": {"uv": [4, 3.75, 4.5, 4.25], "texture": "#main"},
				"south": {"uv": [5.5, 3.75, 6, 4.25], "texture": "#main"},
				"west": {"uv": [5, 3.75, 5.5, 4.25], "texture": "#main"},
				"up": {"uv": [5, 3.75, 4.5, 3.25], "texture": "#main"},
				"down": {"uv": [5.5, 3.25, 5, 3.75], "texture": "#main"}
			}
		},
		{
			"from": [6, 7.5, 6],
			"to": [10, 8.5, 10],
			"faces": {
				"north": {"uv": [3, 3, 4, 3.25], "texture": "#main"},
				"east": {"uv": [2, 3, 3, 3.25], "texture": "#main"},
				"south": {"uv": [5, 3, 6, 3.25], "texture": "#main"},
				"west": {"uv": [4, 3, 5, 3.25], "texture": "#main"},
				"up": {"uv": [4, 3, 3, 2], "texture": "#main"},
				"down": {"uv": [5, 2, 4, 3], "texture": "#main"}
			}
		},
		{
			"from": [7, 7.5, 4],
			"to": [9, 8.5, 5],
			"faces": {
				"north": {"uv": [0.25, 2.5, 0.75, 2.75], "texture": "#main"},
				"east": {"uv": [0, 2.5, 0.25, 2.75], "texture": "#main"},
				"south": {"uv": [1, 2.5, 1.5, 2.75], "texture": "#main"},
				"west": {"uv": [0.75, 2.5, 1, 2.75], "texture": "#main"},
				"up": {"uv": [0.75, 2.5, 0.25, 2.25], "texture": "#main"},
				"down": {"uv": [1.25, 2.25, 0.75, 2.5], "texture": "#main"}
			}
		},
		{
			"from": [7, 7.5, 11],
			"to": [9, 8.5, 12],
			"faces": {
				"north": {"uv": [0.25, 2, 0.75, 2.25], "texture": "#main"},
				"east": {"uv": [0, 2, 0.25, 2.25], "texture": "#main"},
				"south": {"uv": [1, 2, 1.5, 2.25], "texture": "#main"},
				"west": {"uv": [0.75, 2, 1, 2.25], "texture": "#main"},
				"up": {"uv": [0.75, 2, 0.25, 1.75], "texture": "#main"},
				"down": {"uv": [1.25, 1.75, 0.75, 2], "texture": "#main"}
			}
		},
		{
			"from": [4, 7.5, 7],
			"to": [5, 8.5, 9],
			"faces": {
				"north": {"uv": [0.5, 1.25, 0.75, 1.5], "texture": "#main"},
				"east": {"uv": [0, 1.25, 0.5, 1.5], "texture": "#main"},
				"south": {"uv": [1.25, 1.25, 1.5, 1.5], "texture": "#main"},
				"west": {"uv": [0.75, 1.25, 1.25, 1.5], "texture": "#main"},
				"up": {"uv": [0.75, 1.25, 0.5, 0.75], "texture": "#main"},
				"down": {"uv": [1, 0.75, 0.75, 1.25], "texture": "#main"}
			}
		},
		{
			"from": [11, 7.5, 7],
			"to": [12, 8.5, 9],
			"faces": {
				"north": {"uv": [0.5, 0.5, 0.75, 0.75], "texture": "#main"},
				"east": {"uv": [0, 0.5, 0.5, 0.75], "texture": "#main"},
				"south": {"uv": [1.25, 0.5, 1.5, 0.75], "texture": "#main"},
				"west": {"uv": [0.75, 0.5, 1.25, 0.75], "texture": "#main"},
				"up": {"uv": [0.75, 0.5, 0.5, 0], "texture": "#main"},
				"down": {"uv": [1, 0, 0.75, 0.5], "texture": "#main"}
			}
		},
		{
			"from": [5, 7.5, 3],
			"to": [11, 8.5, 4],
			"faces": {
				"north": {"uv": [2.25, 0.75, 3.75, 1], "texture": "#main"},
				"east": {"uv": [2, 0.75, 2.25, 1], "texture": "#main"},
				"south": {"uv": [4, 0.75, 5.5, 1], "texture": "#main"},
				"west": {"uv": [3.75, 0.75, 4, 1], "texture": "#main"},
				"up": {"uv": [3.75, 0.75, 2.25, 0.5], "texture": "#main"},
				"down": {"uv": [5.25, 0.5, 3.75, 0.75], "texture": "#main"}
			}
		},
		{
			"from": [3, 7.5, 5],
			"to": [4, 8.5, 11],
			"faces": {
				"north": {"uv": [1.5, 3.25, 1.75, 3.5], "texture": "#main"},
				"east": {"uv": [0, 3.25, 1.5, 3.5], "texture": "#main"},
				"south": {"uv": [3.25, 3.25, 3.5, 3.5], "texture": "#main"},
				"west": {"uv": [1.75, 3.25, 3.25, 3.5], "texture": "#main"},
				"up": {"uv": [1.75, 3.25, 1.5, 1.75], "texture": "#main"},
				"down": {"uv": [2, 1.75, 1.75, 3.25], "texture": "#main"}
			}
		},
		{
			"from": [5, 7.5, 12],
			"to": [11, 8.5, 13],
			"faces": {
				"north": {"uv": [2.25, 0.25, 3.75, 0.5], "texture": "#main"},
				"east": {"uv": [2, 0.25, 2.25, 0.5], "texture": "#main"},
				"south": {"uv": [4, 0.25, 5.5, 0.5], "texture": "#main"},
				"west": {"uv": [3.75, 0.25, 4, 0.5], "texture": "#main"},
				"up": {"uv": [3.75, 0.25, 2.25, 0], "texture": "#main"},
				"down": {"uv": [5.25, 0, 3.75, 0.25], "texture": "#main"}
			}
		},
		{
			"from": [12, 7.5, 5],
			"to": [13, 8.5, 11],
			"faces": {
				"north": {"uv": [1.5, 1.5, 1.75, 1.75], "texture": "#main"},
				"east": {"uv": [0, 1.5, 1.5, 1.75], "texture": "#main"},
				"south": {"uv": [3.25, 1.5, 3.5, 1.75], "texture": "#main"},
				"west": {"uv": [1.75, 1.5, 3.25, 1.75], "texture": "#main"},
				"up": {"uv": [1.75, 1.5, 1.5, 0], "texture": "#main"},
				"down": {"uv": [2, 0, 1.75, 1.5], "texture": "#main"}
			}
		},
		{
			"from": [6, 7.5, 2],
			"to": [10, 8.5, 3],
			"faces": {
				"north": {"uv": [3.5, 1.75, 4.5, 2], "texture": "#main"},
				"east": {"uv": [3.25, 1.75, 3.5, 2], "texture": "#main"},
				"south": {"uv": [4.75, 1.75, 5.75, 2], "texture": "#main"},
				"west": {"uv": [4.5, 1.75, 4.75, 2], "texture": "#main"},
				"up": {"uv": [4.5, 1.75, 3.5, 1.5], "texture": "#main"},
				"down": {"uv": [5.5, 1.5, 4.5, 1.75], "texture": "#main"}
			}
		},
		{
			"from": [2, 7.5, 6],
			"to": [3, 8.5, 10],
			"faces": {
				"north": {"uv": [1, 4.5, 1.25, 4.75], "texture": "#main"},
				"east": {"uv": [0, 4.5, 1, 4.75], "texture": "#main"},
				"south": {"uv": [2.25, 4.5, 2.5, 4.75], "texture": "#main"},
				"west": {"uv": [1.25, 4.5, 2.25, 4.75], "texture": "#main"},
				"up": {"uv": [1.25, 4.5, 1, 3.5], "texture": "#main"},
				"down": {"uv": [1.5, 3.5, 1.25, 4.5], "texture": "#main"}
			}
		},
		{
			"from": [6, 7.5, 13],
			"to": [10, 8.5, 14],
			"faces": {
				"north": {"uv": [2.25, 1.25, 3.25, 1.5], "texture": "#main"},
				"east": {"uv": [2, 1.25, 2.25, 1.5], "texture": "#main"},
				"south": {"uv": [3.5, 1.25, 4.5, 1.5], "texture": "#main"},
				"west": {"uv": [3.25, 1.25, 3.5, 1.5], "texture": "#main"},
				"up": {"uv": [3.25, 1.25, 2.25, 1], "texture": "#main"},
				"down": {"uv": [4.25, 1, 3.25, 1.25], "texture": "#main"}
			}
		},
		{
			"from": [13, 7.5, 6],
			"to": [14, 8.5, 10],
			"faces": {
				"north": {"uv": [3.5, 4.25, 3.75, 4.5], "texture": "#main"},
				"east": {"uv": [2.5, 4.25, 3.5, 4.5], "texture": "#main"},
				"south": {"uv": [4.75, 4.25, 5, 4.5], "texture": "#main"},
				"west": {"uv": [3.75, 4.25, 4.75, 4.5], "texture": "#main"},
				"up": {"uv": [3.75, 4.25, 3.5, 3.25], "texture": "#main"},
				"down": {"uv": [4, 3.25, 3.75, 4.25], "texture": "#main"}
			}
		},
		{
			"from": [5, 7, 6.5],
			"to": [6, 9, 9.5],
			"faces": {
				"north": {"uv": [2.5, 5.25, 2.75, 5.75], "texture": "#main"},
				"east": {"uv": [1.75, 5.25, 2.5, 5.75], "texture": "#main"},
				"south": {"uv": [3.5, 5.25, 3.75, 5.75], "texture": "#main"},
				"west": {"uv": [2.75, 5.25, 3.5, 5.75], "texture": "#main"},
				"up": {"uv": [2.75, 5.25, 2.5, 4.5], "texture": "#main"},
				"down": {"uv": [3, 4.5, 2.75, 5.25], "texture": "#main"}
			}
		},
		{
			"from": [6.5, 7, 10],
			"to": [9.5, 9, 11],
			"faces": {
				"north": {"uv": [5.25, 2.25, 6, 2.75], "texture": "#main"},
				"east": {"uv": [5, 2.25, 5.25, 2.75], "texture": "#main"},
				"south": {"uv": [6.25, 2.25, 7, 2.75], "texture": "#main"},
				"west": {"uv": [6, 2.25, 6.25, 2.75], "texture": "#main"},
				"up": {"uv": [6, 2.25, 5.25, 2], "texture": "#main"},
				"down": {"uv": [6.75, 2, 6, 2.25], "texture": "#main"}
			}
		},
		{
			"from": [10, 7, 6.5],
			"to": [11, 9, 9.5],
			"faces": {
				"north": {"uv": [5, 5, 5.25, 5.5], "texture": "#main"},
				"east": {"uv": [4.25, 5, 5, 5.5], "texture": "#main"},
				"south": {"uv": [6, 5, 6.25, 5.5], "texture": "#main"},
				"west": {"uv": [5.25, 5, 6, 5.5], "texture": "#main"},
				"up": {"uv": [5.25, 5, 5, 4.25], "texture": "#main"},
				"down": {"uv": [5.5, 4.25, 5.25, 5], "texture": "#main"}
			}
		},
		{
			"from": [6.5, 7, 5],
			"to": [9.5, 9, 6],
			"faces": {
				"north": {"uv": [1.75, 3.75, 2.5, 4.25], "texture": "#main"},
				"east": {"uv": [1.5, 3.75, 1.75, 4.25], "texture": "#main"},
				"south": {"uv": [2.75, 3.75, 3.5, 4.25], "texture": "#main"},
				"west": {"uv": [2.5, 3.75, 2.75, 4.25], "texture": "#main"},
				"up": {"uv": [2.5, 3.75, 1.75, 3.5], "texture": "#main"},
				"down": {"uv": [3.25, 3.5, 2.5, 3.75], "texture": "#main"}
			}
		},
		{
			"name": "blade",
			"from": [6, 7.75, 1],
			"to": [10, 8.25, 2],
			"faces": {
				"north": {"uv": [0.25, 6.5, 1.5, 7.75], "texture": "#main"},
				"east": {"uv": [0.25, 6.5, 1.5, 7.75], "texture": "#main"},
				"south": {"uv": [0.25, 6.5, 1.5, 7.75], "texture": "#main"},
				"west": {"uv": [0.25, 6.5, 1.5, 7.75], "texture": "#main"},
				"up": {"uv": [0.25, 6.5, 1.5, 7.75], "texture": "#main"},
				"down": {"uv": [0.25, 6.5, 1.5, 7.75], "texture": "#main"}
			}
		},
		{
			"name": "blade",
			"from": [1, 7.75, 6],
			"to": [2, 8.25, 10],
			"faces": {
				"north": {"uv": [0.25, 6.5, 1.5, 7.75], "texture": "#main"},
				"east": {"uv": [0.25, 6.5, 1.5, 7.75], "texture": "#main"},
				"south": {"uv": [0.25, 6.5, 1.5, 7.75], "texture": "#main"},
				"west": {"uv": [0.25, 6.5, 1.5, 7.75], "texture": "#main"},
				"up": {"uv": [0.25, 6.5, 1.5, 7.75], "rotation": 270, "texture": "#main"},
				"down": {"uv": [0.25, 6.5, 1.5, 7.75], "rotation": 90, "texture": "#main"}
			}
		},
		{
			"name": "blade",
			"from": [6, 7.75, 14],
			"to": [10, 8.25, 15],
			"faces": {
				"north": {"uv": [0.25, 6.5, 1.5, 7.75], "texture": "#main"},
				"east": {"uv": [0.25, 6.5, 1.5, 7.75], "texture": "#main"},
				"south": {"uv": [0.25, 6.5, 1.5, 7.75], "texture": "#main"},
				"west": {"uv": [0.25, 6.5, 1.5, 7.75], "texture": "#main"},
				"up": {"uv": [0.25, 6.5, 1.5, 7.75], "rotation": 180, "texture": "#main"},
				"down": {"uv": [0.25, 6.5, 1.5, 7.75], "rotation": 180, "texture": "#main"}
			}
		},
		{
			"name": "blade",
			"from": [14, 7.75, 6],
			"to": [15, 8.25, 10],
			"faces": {
				"north": {"uv": [0.25, 6.5, 1.5, 7.75], "texture": "#main"},
				"east": {"uv": [0.25, 6.5, 1.5, 7.75], "texture": "#main"},
				"south": {"uv": [0.25, 6.5, 1.5, 7.75], "texture": "#main"},
				"west": {"uv": [0.25, 6.5, 1.5, 7.75], "texture": "#main"},
				"up": {"uv": [0.25, 6.5, 1.5, 7.75], "rotation": 90, "texture": "#main"},
				"down": {"uv": [0.25, 6.5, 1.5, 7.75], "rotation": 270, "texture": "#main"}
			}
		},
		{
			"name": "blade",
			"from": [5, 7.75, 2],
			"to": [6, 8.25, 3],
			"faces": {
				"north": {"uv": [0.25, 6.5, 1.5, 7.75], "texture": "#main"},
				"east": {"uv": [0.25, 6.5, 1.5, 7.75], "texture": "#main"},
				"south": {"uv": [0.25, 6.5, 1.5, 7.75], "texture": "#main"},
				"west": {"uv": [0.25, 6.5, 1.5, 7.75], "texture": "#main"},
				"up": {"uv": [0.25, 6.5, 1.5, 7.75], "texture": "#main"},
				"down": {"uv": [0.25, 6.5, 1.5, 7.75], "texture": "#main"}
			}
		},
		{
			"name": "blade",
			"from": [2, 7.75, 10],
			"to": [3, 8.25, 11],
			"faces": {
				"north": {"uv": [0.25, 6.5, 1.5, 7.75], "texture": "#main"},
				"east": {"uv": [0.25, 6.5, 1.5, 7.75], "texture": "#main"},
				"south": {"uv": [0.25, 6.5, 1.5, 7.75], "texture": "#main"},
				"west": {"uv": [0.25, 6.5, 1.5, 7.75], "texture": "#main"},
				"up": {"uv": [0.25, 6.5, 1.5, 7.75], "rotation": 270, "texture": "#main"},
				"down": {"uv": [0.25, 6.5, 1.5, 7.75], "rotation": 90, "texture": "#main"}
			}
		},
		{
			"name": "blade",
			"from": [10, 7.75, 13],
			"to": [11, 8.25, 14],
			"faces": {
				"north": {"uv": [0.25, 6.5, 1.5, 7.75], "texture": "#main"},
				"east": {"uv": [0.25, 6.5, 1.5, 7.75], "texture": "#main"},
				"south": {"uv": [0.25, 6.5, 1.5, 7.75], "texture": "#main"},
				"west": {"uv": [0.25, 6.5, 1.5, 7.75], "texture": "#main"},
				"up": {"uv": [0.25, 6.5, 1.5, 7.75], "rotation": 180, "texture": "#main"},
				"down": {"uv": [0.25, 6.5, 1.5, 7.75], "rotation": 180, "texture": "#main"}
			}
		},
		{
			"name": "blade",
			"from": [13, 7.75, 5],
			"to": [14, 8.25, 6],
			"faces": {
				"north": {"uv": [0.25, 6.5, 1.5, 7.75], "texture": "#main"},
				"east": {"uv": [0.25, 6.5, 1.5, 7.75], "texture": "#main"},
				"south": {"uv": [0.25, 6.5, 1.5, 7.75], "texture": "#main"},
				"west": {"uv": [0.25, 6.5, 1.5, 7.75], "texture": "#main"},
				"up": {"uv": [0.25, 6.5, 1.5, 7.75], "rotation": 90, "texture": "#main"},
				"down": {"uv": [0.25, 6.5, 1.5, 7.75], "rotation": 270, "texture": "#main"}
			}
		},
		{
			"name": "blade",
			"from": [4, 7.75, 3],
			"to": [5, 8.25, 4],
			"faces": {
				"north": {"uv": [0.25, 6.5, 1.5, 7.75], "texture": "#main"},
				"east": {"uv": [0.25, 6.5, 1.5, 7.75], "texture": "#main"},
				"south": {"uv": [0.25, 6.5, 1.5, 7.75], "texture": "#main"},
				"west": {"uv": [0.25, 6.5, 1.5, 7.75], "texture": "#main"},
				"up": {"uv": [0.25, 6.5, 1.5, 7.75], "texture": "#main"},
				"down": {"uv": [0.25, 6.5, 1.5, 7.75], "texture": "#main"}
			}
		},
		{
			"name": "blade",
			"from": [3, 7.75, 11],
			"to": [4, 8.25, 12],
			"faces": {
				"north": {"uv": [0.25, 6.5, 1.5, 7.75], "texture": "#main"},
				"east": {"uv": [0.25, 6.5, 1.5, 7.75], "texture": "#main"},
				"south": {"uv": [0.25, 6.5, 1.5, 7.75], "texture": "#main"},
				"west": {"uv": [0.25, 6.5, 1.5, 7.75], "texture": "#main"},
				"up": {"uv": [0.25, 6.5, 1.5, 7.75], "rotation": 270, "texture": "#main"},
				"down": {"uv": [0.25, 6.5, 1.5, 7.75], "rotation": 90, "texture": "#main"}
			}
		},
		{
			"name": "blade",
			"from": [11, 7.75, 12],
			"to": [12, 8.25, 13],
			"faces": {
				"north": {"uv": [0.25, 6.5, 1.5, 7.75], "texture": "#main"},
				"east": {"uv": [0.25, 6.5, 1.5, 7.75], "texture": "#main"},
				"south": {"uv": [0.25, 6.5, 1.5, 7.75], "texture": "#main"},
				"west": {"uv": [0.25, 6.5, 1.5, 7.75], "texture": "#main"},
				"up": {"uv": [0.25, 6.5, 1.5, 7.75], "rotation": 180, "texture": "#main"},
				"down": {"uv": [0.25, 6.5, 1.5, 7.75], "rotation": 180, "texture": "#main"}
			}
		},
		{
			"name": "blade",
			"from": [12, 7.75, 4],
			"to": [13, 8.25, 5],
			"faces": {
				"north": {"uv": [0.25, 6.5, 1.5, 7.75], "texture": "#main"},
				"east": {"uv": [0.25, 6.5, 1.5, 7.75], "texture": "#main"},
				"south": {"uv": [0.25, 6.5, 1.5, 7.75], "texture": "#main"},
				"west": {"uv": [0.25, 6.5, 1.5, 7.75], "texture": "#main"},
				"up": {"uv": [0.25, 6.5, 1.5, 7.75], "rotation": 90, "texture": "#main"},
				"down": {"uv": [0.25, 6.5, 1.5, 7.75], "rotation": 270, "texture": "#main"}
			}
		},
		{
			"name": "blade",
			"from": [10, 7.75, 2],
			"to": [11, 8.25, 3],
			"faces": {
				"north": {"uv": [0.25, 6.5, 1.5, 7.75], "texture": "#main"},
				"east": {"uv": [0.25, 6.5, 1.5, 7.75], "texture": "#main"},
				"south": {"uv": [0.25, 6.5, 1.5, 7.75], "texture": "#main"},
				"west": {"uv": [0.25, 6.5, 1.5, 7.75], "texture": "#main"},
				"up": {"uv": [0.25, 6.5, 1.5, 7.75], "texture": "#main"},
				"down": {"uv": [0.25, 6.5, 1.5, 7.75], "texture": "#main"}
			}
		},
		{
			"name": "blade",
			"from": [2, 7.75, 5],
			"to": [3, 8.25, 6],
			"faces": {
				"north": {"uv": [0.25, 6.5, 1.5, 7.75], "texture": "#main"},
				"east": {"uv": [0.25, 6.5, 1.5, 7.75], "texture": "#main"},
				"south": {"uv": [0.25, 6.5, 1.5, 7.75], "texture": "#main"},
				"west": {"uv": [0.25, 6.5, 1.5, 7.75], "texture": "#main"},
				"up": {"uv": [0.25, 6.5, 1.5, 7.75], "rotation": 270, "texture": "#main"},
				"down": {"uv": [0.25, 6.5, 1.5, 7.75], "rotation": 90, "texture": "#main"}
			}
		},
		{
			"name": "blade",
			"from": [5, 7.75, 13],
			"to": [6, 8.25, 14],
			"faces": {
				"north": {"uv": [0.25, 6.5, 1.5, 7.75], "texture": "#main"},
				"east": {"uv": [0.25, 6.5, 1.5, 7.75], "texture": "#main"},
				"south": {"uv": [0.25, 6.5, 1.5, 7.75], "texture": "#main"},
				"west": {"uv": [0.25, 6.5, 1.5, 7.75], "texture": "#main"},
				"up": {"uv": [0.25, 6.5, 1.5, 7.75], "rotation": 180, "texture": "#main"},
				"down": {"uv": [0.25, 6.5, 1.5, 7.75], "rotation": 180, "texture": "#main"}
			}
		},
		{
			"name": "blade",
			"from": [13, 7.75, 10],
			"to": [14, 8.25, 11],
			"faces": {
				"north": {"uv": [0.25, 6.5, 1.5, 7.75], "texture": "#main"},
				"east": {"uv": [0.25, 6.5, 1.5, 7.75], "texture": "#main"},
				"south": {"uv": [0.25, 6.5, 1.5, 7.75], "texture": "#main"},
				"west": {"uv": [0.25, 6.5, 1.5, 7.75], "texture": "#main"},
				"up": {"uv": [0.25, 6.5, 1.5, 7.75], "rotation": 90, "texture": "#main"},
				"down": {"uv": [0.25, 6.5, 1.5, 7.75], "rotation": 270, "texture": "#main"}
			}
		},
		{
			"name": "blade",
			"from": [11, 7.75, 3],
			"to": [12, 8.25, 4],
			"faces": {
				"north": {"uv": [0.25, 6.5, 1.5, 7.75], "texture": "#main"},
				"east": {"uv": [0.25, 6.5, 1.5, 7.75], "texture": "#main"},
				"south": {"uv": [0.25, 6.5, 1.5, 7.75], "texture": "#main"},
				"west": {"uv": [0.25, 6.5, 1.5, 7.75], "texture": "#main"},
				"up": {"uv": [0.25, 6.5, 1.5, 7.75], "texture": "#main"},
				"down": {"uv": [0.25, 6.5, 1.5, 7.75], "texture": "#main"}
			}
		},
		{
			"name": "blade",
			"from": [3, 7.75, 4],
			"to": [4, 8.25, 5],
			"faces": {
				"north": {"uv": [0.25, 6.5, 1.5, 7.75], "texture": "#main"},
				"east": {"uv": [0.25, 6.5, 1.5, 7.75], "texture": "#main"},
				"south": {"uv": [0.25, 6.5, 1.5, 7.75], "texture": "#main"},
				"west": {"uv": [0.25, 6.5, 1.5, 7.75], "texture": "#main"},
				"up": {"uv": [0.25, 6.5, 1.5, 7.75], "rotation": 270, "texture": "#main"},
				"down": {"uv": [0.25, 6.5, 1.5, 7.75], "rotation": 90, "texture": "#main"}
			}
		},
		{
			"name": "blade",
			"from": [4, 7.75, 12],
			"to": [5, 8.25, 13],
			"faces": {
				"north": {"uv": [0.25, 6.5, 1.5, 7.75], "texture": "#main"},
				"east": {"uv": [0.25, 6.5, 1.5, 7.75], "texture": "#main"},
				"south": {"uv": [0.25, 6.5, 1.5, 7.75], "texture": "#main"},
				"west": {"uv": [0.25, 6.5, 1.5, 7.75], "texture": "#main"},
				"up": {"uv": [0.25, 6.5, 1.5, 7.75], "rotation": 180, "texture": "#main"},
				"down": {"uv": [0.25, 6.5, 1.5, 7.75], "rotation": 180, "texture": "#main"}
			}
		},
		{
			"name": "blade",
			"from": [12, 7.75, 11],
			"to": [13, 8.25, 12],
			"faces": {
				"north": {"uv": [0.25, 6.5, 1.5, 7.75], "texture": "#main"},
				"east": {"uv": [0.25, 6.5, 1.5, 7.75], "texture": "#main"},
				"south": {"uv": [0.25, 6.5, 1.5, 7.75], "texture": "#main"},
				"west": {"uv": [0.25, 6.5, 1.5, 7.75], "texture": "#main"},
				"up": {"uv": [0.25, 6.5, 1.5, 7.75], "rotation": 90, "texture": "#main"},
				"down": {"uv": [0.25, 6.5, 1.5, 7.75], "rotation": 270, "texture": "#main"}
			}
		},
		{
			"from": [7, 7, 7],
			"to": [9, 9, 9],
			"rotation": {"angle": 45, "axis": "y", "origin": [8, 8, 8]},
			"faces": {
				"north": {"uv": [12.5, 3.75, 13, 4.25], "texture": "#main"},
				"east": {"uv": [12, 3.75, 12.5, 4.25], "texture": "#main"},
				"south": {"uv": [13.5, 3.75, 14, 4.25], "texture": "#main"},
				"west": {"uv": [13, 3.75, 13.5, 4.25], "texture": "#main"},
				"up": {"uv": [13, 3.75, 12.5, 3.25], "texture": "#main"},
				"down": {"uv": [13.5, 3.25, 13, 3.75], "texture": "#main"}
			}
		},
		{
			"from": [6, 7.5, 6],
			"to": [10, 8.5, 10],
			"rotation": {"angle": 45, "axis": "y", "origin": [8, 8, 8]},
			"faces": {
				"north": {"uv": [11, 3, 12, 3.25], "texture": "#main"},
				"east": {"uv": [10, 3, 11, 3.25], "texture": "#main"},
				"south": {"uv": [13, 3, 14, 3.25], "texture": "#main"},
				"west": {"uv": [12, 3, 13, 3.25], "texture": "#main"},
				"up": {"uv": [12, 3, 11, 2], "texture": "#main"},
				"down": {"uv": [13, 2, 12, 3], "texture": "#main"}
			}
		},
		{
			"from": [7, 7.5, 4],
			"to": [9, 8.5, 5],
			"rotation": {"angle": 45, "axis": "y", "origin": [8, 8, 8]},
			"faces": {
				"north": {"uv": [8.25, 2.5, 8.75, 2.75], "texture": "#main"},
				"east": {"uv": [8, 2.5, 8.25, 2.75], "texture": "#main"},
				"south": {"uv": [9, 2.5, 9.5, 2.75], "texture": "#main"},
				"west": {"uv": [8.75, 2.5, 9, 2.75], "texture": "#main"},
				"up": {"uv": [8.75, 2.5, 8.25, 2.25], "texture": "#main"},
				"down": {"uv": [9.25, 2.25, 8.75, 2.5], "texture": "#main"}
			}
		},
		{
			"from": [7, 7.5, 11],
			"to": [9, 8.5, 12],
			"rotation": {"angle": 45, "axis": "y", "origin": [8, 8, 8]},
			"faces": {
				"north": {"uv": [8.25, 2, 8.75, 2.25], "texture": "#main"},
				"east": {"uv": [8, 2, 8.25, 2.25], "texture": "#main"},
				"south": {"uv": [9, 2, 9.5, 2.25], "texture": "#main"},
				"west": {"uv": [8.75, 2, 9, 2.25], "texture": "#main"},
				"up": {"uv": [8.75, 2, 8.25, 1.75], "texture": "#main"},
				"down": {"uv": [9.25, 1.75, 8.75, 2], "texture": "#main"}
			}
		},
		{
			"from": [4, 7.5, 7],
			"to": [5, 8.5, 9],
			"rotation": {"angle": 45, "axis": "y", "origin": [8, 8, 8]},
			"faces": {
				"north": {"uv": [8.5, 1.25, 8.75, 1.5], "texture": "#main"},
				"east": {"uv": [8, 1.25, 8.5, 1.5], "texture": "#main"},
				"south": {"uv": [9.25, 1.25, 9.5, 1.5], "texture": "#main"},
				"west": {"uv": [8.75, 1.25, 9.25, 1.5], "texture": "#main"},
				"up": {"uv": [8.75, 1.25, 8.5, 0.75], "texture": "#main"},
				"down": {"uv": [9, 0.75, 8.75, 1.25], "texture": "#main"}
			}
		},
		{
			"from": [11, 7.5, 7],
			"to": [12, 8.5, 9],
			"rotation": {"angle": 45, "axis": "y", "origin": [8, 8, 8]},
			"faces": {
				"north": {"uv": [8.5, 0.5, 8.75, 0.75], "texture": "#main"},
				"east": {"uv": [8, 0.5, 8.5, 0.75], "texture": "#main"},
				"south": {"uv": [9.25, 0.5, 9.5, 0.75], "texture": "#main"},
				"west": {"uv": [8.75, 0.5, 9.25, 0.75], "texture": "#main"},
				"up": {"uv": [8.75, 0.5, 8.5, 0], "texture": "#main"},
				"down": {"uv": [9, 0, 8.75, 0.5], "texture": "#main"}
			}
		},
		{
			"from": [5, 7.5, 3],
			"to": [11, 8.5, 4],
			"rotation": {"angle": 45, "axis": "y", "origin": [8, 8, 8]},
			"faces": {
				"north": {"uv": [10.25, 0.75, 11.75, 1], "texture": "#main"},
				"east": {"uv": [10, 0.75, 10.25, 1], "texture": "#main"},
				"south": {"uv": [12, 0.75, 13.5, 1], "texture": "#main"},
				"west": {"uv": [11.75, 0.75, 12, 1], "texture": "#main"},
				"up": {"uv": [11.75, 0.75, 10.25, 0.5], "texture": "#main"},
				"down": {"uv": [13.25, 0.5, 11.75, 0.75], "texture": "#main"}
			}
		},
		{
			"from": [3, 7.5, 5],
			"to": [4, 8.5, 11],
			"rotation": {"angle": 45, "axis": "y", "origin": [8, 8, 8]},
			"faces": {
				"north": {"uv": [9.5, 3.25, 9.75, 3.5], "texture": "#main"},
				"east": {"uv": [8, 3.25, 9.5, 3.5], "texture": "#main"},
				"south": {"uv": [11.25, 3.25, 11.5, 3.5], "texture": "#main"},
				"west": {"uv": [9.75, 3.25, 11.25, 3.5], "texture": "#main"},
				"up": {"uv": [9.75, 3.25, 9.5, 1.75], "texture": "#main"},
				"down": {"uv": [10, 1.75, 9.75, 3.25], "texture": "#main"}
			}
		},
		{
			"from": [5, 7.5, 12],
			"to": [11, 8.5, 13],
			"rotation": {"angle": 45, "axis": "y", "origin": [8, 8, 8]},
			"faces": {
				"north": {"uv": [10.25, 0.25, 11.75, 0.5], "texture": "#main"},
				"east": {"uv": [10, 0.25, 10.25, 0.5], "texture": "#main"},
				"south": {"uv": [12, 0.25, 13.5, 0.5], "texture": "#main"},
				"west": {"uv": [11.75, 0.25, 12, 0.5], "texture": "#main"},
				"up": {"uv": [11.75, 0.25, 10.25, 0], "texture": "#main"},
				"down": {"uv": [13.25, 0, 11.75, 0.25], "texture": "#main"}
			}
		},
		{
			"from": [12, 7.5, 5],
			"to": [13, 8.5, 11],
			"rotation": {"angle": 45, "axis": "y", "origin": [8, 8, 8]},
			"faces": {
				"north": {"uv": [9.5, 1.5, 9.75, 1.75], "texture": "#main"},
				"east": {"uv": [8, 1.5, 9.5, 1.75], "texture": "#main"},
				"south": {"uv": [11.25, 1.5, 11.5, 1.75], "texture": "#main"},
				"west": {"uv": [9.75, 1.5, 11.25, 1.75], "texture": "#main"},
				"up": {"uv": [9.75, 1.5, 9.5, 0], "texture": "#main"},
				"down": {"uv": [10, 0, 9.75, 1.5], "texture": "#main"}
			}
		},
		{
			"from": [6, 7.5, 2],
			"to": [10, 8.5, 3],
			"rotation": {"angle": 45, "axis": "y", "origin": [8, 8, 8]},
			"faces": {
				"north": {"uv": [11.5, 1.75, 12.5, 2], "texture": "#main"},
				"east": {"uv": [11.25, 1.75, 11.5, 2], "texture": "#main"},
				"south": {"uv": [12.75, 1.75, 13.75, 2], "texture": "#main"},
				"west": {"uv": [12.5, 1.75, 12.75, 2], "texture": "#main"},
				"up": {"uv": [12.5, 1.75, 11.5, 1.5], "texture": "#main"},
				"down": {"uv": [13.5, 1.5, 12.5, 1.75], "texture": "#main"}
			}
		},
		{
			"from": [2, 7.5, 6],
			"to": [3, 8.5, 10],
			"rotation": {"angle": 45, "axis": "y", "origin": [8, 8, 8]},
			"faces": {
				"north": {"uv": [9, 4.5, 9.25, 4.75], "texture": "#main"},
				"east": {"uv": [8, 4.5, 9, 4.75], "texture": "#main"},
				"south": {"uv": [10.25, 4.5, 10.5, 4.75], "texture": "#main"},
				"west": {"uv": [9.25, 4.5, 10.25, 4.75], "texture": "#main"},
				"up": {"uv": [9.25, 4.5, 9, 3.5], "texture": "#main"},
				"down": {"uv": [9.5, 3.5, 9.25, 4.5], "texture": "#main"}
			}
		},
		{
			"from": [6, 7.5, 13],
			"to": [10, 8.5, 14],
			"rotation": {"angle": 45, "axis": "y", "origin": [8, 8, 8]},
			"faces": {
				"north": {"uv": [10.25, 1.25, 11.25, 1.5], "texture": "#main"},
				"east": {"uv": [10, 1.25, 10.25, 1.5], "texture": "#main"},
				"south": {"uv": [11.5, 1.25, 12.5, 1.5], "texture": "#main"},
				"west": {"uv": [11.25, 1.25, 11.5, 1.5], "texture": "#main"},
				"up": {"uv": [11.25, 1.25, 10.25, 1], "texture": "#main"},
				"down": {"uv": [12.25, 1, 11.25, 1.25], "texture": "#main"}
			}
		},
		{
			"from": [13, 7.5, 6],
			"to": [14, 8.5, 10],
			"rotation": {"angle": 45, "axis": "y", "origin": [8, 8, 8]},
			"faces": {
				"north": {"uv": [11.5, 4.25, 11.75, 4.5], "texture": "#main"},
				"east": {"uv": [10.5, 4.25, 11.5, 4.5], "texture": "#main"},
				"south": {"uv": [12.75, 4.25, 13, 4.5], "texture": "#main"},
				"west": {"uv": [11.75, 4.25, 12.75, 4.5], "texture": "#main"},
				"up": {"uv": [11.75, 4.25, 11.5, 3.25], "texture": "#main"},
				"down": {"uv": [12, 3.25, 11.75, 4.25], "texture": "#main"}
			}
		},
		{
			"from": [5, 7, 6.5],
			"to": [6, 9, 9.5],
			"rotation": {"angle": 45, "axis": "y", "origin": [8, 8, 8]},
			"faces": {
				"north": {"uv": [10.5, 5.25, 10.75, 5.75], "texture": "#main"},
				"east": {"uv": [9.75, 5.25, 10.5, 5.75], "texture": "#main"},
				"south": {"uv": [11.5, 5.25, 11.75, 5.75], "texture": "#main"},
				"west": {"uv": [10.75, 5.25, 11.5, 5.75], "texture": "#main"},
				"up": {"uv": [10.75, 5.25, 10.5, 4.5], "texture": "#main"},
				"down": {"uv": [11, 4.5, 10.75, 5.25], "texture": "#main"}
			}
		},
		{
			"from": [6.5, 7, 10],
			"to": [9.5, 9, 11],
			"rotation": {"angle": 45, "axis": "y", "origin": [8, 8, 8]},
			"faces": {
				"north": {"uv": [13.25, 2.25, 14, 2.75], "texture": "#main"},
				"east": {"uv": [13, 2.25, 13.25, 2.75], "texture": "#main"},
				"south": {"uv": [14.25, 2.25, 15, 2.75], "texture": "#main"},
				"west": {"uv": [14, 2.25, 14.25, 2.75], "texture": "#main"},
				"up": {"uv": [14, 2.25, 13.25, 2], "texture": "#main"},
				"down": {"uv": [14.75, 2, 14, 2.25], "texture": "#main"}
			}
		},
		{
			"from": [10, 7, 6.5],
			"to": [11, 9, 9.5],
			"rotation": {"angle": 45, "axis": "y", "origin": [8, 8, 8]},
			"faces": {
				"north": {"uv": [13, 5, 13.25, 5.5], "texture": "#main"},
				"east": {"uv": [12.25, 5, 13, 5.5], "texture": "#main"},
				"south": {"uv": [14, 5, 14.25, 5.5], "texture": "#main"},
				"west": {"uv": [13.25, 5, 14, 5.5], "texture": "#main"},
				"up": {"uv": [13.25, 5, 13, 4.25], "texture": "#main"},
				"down": {"uv": [13.5, 4.25, 13.25, 5], "texture": "#main"}
			}
		},
		{
			"from": [6.5, 7, 5],
			"to": [9.5, 9, 6],
			"rotation": {"angle": 45, "axis": "y", "origin": [8, 8, 8]},
			"faces": {
				"north": {"uv": [9.75, 3.75, 10.5, 4.25], "texture": "#main"},
				"east": {"uv": [9.5, 3.75, 9.75, 4.25], "texture": "#main"},
				"south": {"uv": [10.75, 3.75, 11.5, 4.25], "texture": "#main"},
				"west": {"uv": [10.5, 3.75, 10.75, 4.25], "texture": "#main"},
				"up": {"uv": [10.5, 3.75, 9.75, 3.5], "texture": "#main"},
				"down": {"uv": [11.25, 3.5, 10.5, 3.75], "texture": "#main"}
			}
		},
		{
			"name": "blade",
			"from": [6, 7.75, 1],
			"to": [10, 8.25, 2],
			"rotation": {"angle": 45, "axis": "y", "origin": [8, 8, 8]},
			"faces": {
				"north": {"uv": [8.25, 6.5, 9.5, 7.75], "texture": "#main"},
				"east": {"uv": [8.25, 6.5, 9.5, 7.75], "texture": "#main"},
				"south": {"uv": [8.25, 6.5, 9.5, 7.75], "texture": "#main"},
				"west": {"uv": [8.25, 6.5, 9.5, 7.75], "texture": "#main"},
				"up": {"uv": [8.25, 6.5, 9.5, 7.75], "texture": "#main"},
				"down": {"uv": [8.25, 6.5, 9.5, 7.75], "texture": "#main"}
			}
		},
		{
			"name": "blade",
			"from": [1, 7.75, 6],
			"to": [2, 8.25, 10],
			"rotation": {"angle": 45, "axis": "y", "origin": [8, 8, 8]},
			"faces": {
				"north": {"uv": [8.25, 6.5, 9.5, 7.75], "texture": "#main"},
				"east": {"uv": [8.25, 6.5, 9.5, 7.75], "texture": "#main"},
				"south": {"uv": [8.25, 6.5, 9.5, 7.75], "texture": "#main"},
				"west": {"uv": [8.25, 6.5, 9.5, 7.75], "texture": "#main"},
				"up": {"uv": [8.25, 6.5, 9.5, 7.75], "rotation": 270, "texture": "#main"},
				"down": {"uv": [8.25, 6.5, 9.5, 7.75], "rotation": 90, "texture": "#main"}
			}
		},
		{
			"name": "blade",
			"from": [6, 7.75, 14],
			"to": [10, 8.25, 15],
			"rotation": {"angle": 45, "axis": "y", "origin": [8, 8, 8]},
			"faces": {
				"north": {"uv": [8.25, 6.5, 9.5, 7.75], "texture": "#main"},
				"east": {"uv": [8.25, 6.5, 9.5, 7.75], "texture": "#main"},
				"south": {"uv": [8.25, 6.5, 9.5, 7.75], "texture": "#main"},
				"west": {"uv": [8.25, 6.5, 9.5, 7.75], "texture": "#main"},
				"up": {"uv": [8.25, 6.5, 9.5, 7.75], "rotation": 180, "texture": "#main"},
				"down": {"uv": [8.25, 6.5, 9.5, 7.75], "rotation": 180, "texture": "#main"}
			}
		},
		{
			"name": "blade",
			"from": [14, 7.75, 6],
			"to": [15, 8.25, 10],
			"rotation": {"angle": 45, "axis": "y", "origin": [8, 8, 8]},
			"faces": {
				"north": {"uv": [8.25, 6.5, 9.5, 7.75], "texture": "#main"},
				"east": {"uv": [8.25, 6.5, 9.5, 7.75], "texture": "#main"},
				"south": {"uv": [8.25, 6.5, 9.5, 7.75], "texture": "#main"},
				"west": {"uv": [8.25, 6.5, 9.5, 7.75], "texture": "#main"},
				"up": {"uv": [8.25, 6.5, 9.5, 7.75], "rotation": 90, "texture": "#main"},
				"down": {"uv": [8.25, 6.5, 9.5, 7.75], "rotation": 270, "texture": "#main"}
			}
		},
		{
			"name": "blade",
			"from": [5, 7.75, 2],
			"to": [6, 8.25, 3],
			"rotation": {"angle": 45, "axis": "y", "origin": [8, 8, 8]},
			"faces": {
				"north": {"uv": [8.25, 6.5, 9.5, 7.75], "texture": "#main"},
				"east": {"uv": [8.25, 6.5, 9.5, 7.75], "texture": "#main"},
				"south": {"uv": [8.25, 6.5, 9.5, 7.75], "texture": "#main"},
				"west": {"uv": [8.25, 6.5, 9.5, 7.75], "texture": "#main"},
				"up": {"uv": [8.25, 6.5, 9.5, 7.75], "texture": "#main"},
				"down": {"uv": [8.25, 6.5, 9.5, 7.75], "texture": "#main"}
			}
		},
		{
			"name": "blade",
			"from": [2, 7.75, 10],
			"to": [3, 8.25, 11],
			"rotation": {"angle": 45, "axis": "y", "origin": [8, 8, 8]},
			"faces": {
				"north": {"uv": [8.25, 6.5, 9.5, 7.75], "texture": "#main"},
				"east": {"uv": [8.25, 6.5, 9.5, 7.75], "texture": "#main"},
				"south": {"uv": [8.25, 6.5, 9.5, 7.75], "texture": "#main"},
				"west": {"uv": [8.25, 6.5, 9.5, 7.75], "texture": "#main"},
				"up": {"uv": [8.25, 6.5, 9.5, 7.75], "rotation": 270, "texture": "#main"},
				"down": {"uv": [8.25, 6.5, 9.5, 7.75], "rotation": 90, "texture": "#main"}
			}
		},
		{
			"name": "blade",
			"from": [10, 7.75, 13],
			"to": [11, 8.25, 14],
			"rotation": {"angle": 45, "axis": "y", "origin": [8, 8, 8]},
			"faces": {
				"north": {"uv": [8.25, 6.5, 9.5, 7.75], "texture": "#main"},
				"east": {"uv": [8.25, 6.5, 9.5, 7.75], "texture": "#main"},
				"south": {"uv": [8.25, 6.5, 9.5, 7.75], "texture": "#main"},
				"west": {"uv": [8.25, 6.5, 9.5, 7.75], "texture": "#main"},
				"up": {"uv": [8.25, 6.5, 9.5, 7.75], "rotation": 180, "texture": "#main"},
				"down": {"uv": [8.25, 6.5, 9.5, 7.75], "rotation": 180, "texture": "#main"}
			}
		},
		{
			"name": "blade",
			"from": [13, 7.75, 5],
			"to": [14, 8.25, 6],
			"rotation": {"angle": 45, "axis": "y", "origin": [8, 8, 8]},
			"faces": {
				"north": {"uv": [8.25, 6.5, 9.5, 7.75], "texture": "#main"},
				"east": {"uv": [8.25, 6.5, 9.5, 7.75], "texture": "#main"},
				"south": {"uv": [8.25, 6.5, 9.5, 7.75], "texture": "#main"},
				"west": {"uv": [8.25, 6.5, 9.5, 7.75], "texture": "#main"},
				"up": {"uv": [8.25, 6.5, 9.5, 7.75], "rotation": 90, "texture": "#main"},
				"down": {"uv": [8.25, 6.5, 9.5, 7.75], "rotation": 270, "texture": "#main"}
			}
		},
		{
			"name": "blade",
			"from": [4, 7.75, 3],
			"to": [5, 8.25, 4],
			"rotation": {"angle": 45, "axis": "y", "origin": [8, 8, 8]},
			"faces": {
				"north": {"uv": [8.25, 6.5, 9.5, 7.75], "texture": "#main"},
				"east": {"uv": [8.25, 6.5, 9.5, 7.75], "texture": "#main"},
				"south": {"uv": [8.25, 6.5, 9.5, 7.75], "texture": "#main"},
				"west": {"uv": [8.25, 6.5, 9.5, 7.75], "texture": "#main"},
				"up": {"uv": [8.25, 6.5, 9.5, 7.75], "texture": "#main"},
				"down": {"uv": [8.25, 6.5, 9.5, 7.75], "texture": "#main"}
			}
		},
		{
			"name": "blade",
			"from": [3, 7.75, 11],
			"to": [4, 8.25, 12],
			"rotation": {"angle": 45, "axis": "y", "origin": [8, 8, 8]},
			"faces": {
				"north": {"uv": [8.25, 6.5, 9.5, 7.75], "texture": "#main"},
				"east": {"uv": [8.25, 6.5, 9.5, 7.75], "texture": "#main"},
				"south": {"uv": [8.25, 6.5, 9.5, 7.75], "texture": "#main"},
				"west": {"uv": [8.25, 6.5, 9.5, 7.75], "texture": "#main"},
				"up": {"uv": [8.25, 6.5, 9.5, 7.75], "rotation": 270, "texture": "#main"},
				"down": {"uv": [8.25, 6.5, 9.5, 7.75], "rotation": 90, "texture": "#main"}
			}
		},
		{
			"name": "blade",
			"from": [11, 7.75, 12],
			"to": [12, 8.25, 13],
			"rotation": {"angle": 45, "axis": "y", "origin": [8, 8, 8]},
			"faces": {
				"north": {"uv": [8.25, 6.5, 9.5, 7.75], "texture": "#main"},
				"east": {"uv": [8.25, 6.5, 9.5, 7.75], "texture": "#main"},
				"south": {"uv": [8.25, 6.5, 9.5, 7.75], "texture": "#main"},
				"west": {"uv": [8.25, 6.5, 9.5, 7.75], "texture": "#main"},
				"up": {"uv": [8.25, 6.5, 9.5, 7.75], "rotation": 180, "texture": "#main"},
				"down": {"uv": [8.25, 6.5, 9.5, 7.75], "rotation": 180, "texture": "#main"}
			}
		},
		{
			"name": "blade",
			"from": [12, 7.75, 4],
			"to": [13, 8.25, 5],
			"rotation": {"angle": 45, "axis": "y", "origin": [8, 8, 8]},
			"faces": {
				"north": {"uv": [8.25, 6.5, 9.5, 7.75], "texture": "#main"},
				"east": {"uv": [8.25, 6.5, 9.5, 7.75], "texture": "#main"},
				"south": {"uv": [8.25, 6.5, 9.5, 7.75], "texture": "#main"},
				"west": {"uv": [8.25, 6.5, 9.5, 7.75], "texture": "#main"},
				"up": {"uv": [8.25, 6.5, 9.5, 7.75], "rotation": 90, "texture": "#main"},
				"down": {"uv": [8.25, 6.5, 9.5, 7.75], "rotation": 270, "texture": "#main"}
			}
		},
		{
			"name": "blade",
			"from": [10, 7.75, 2],
			"to": [11, 8.25, 3],
			"rotation": {"angle": 45, "axis": "y", "origin": [8, 8, 8]},
			"faces": {
				"north": {"uv": [8.25, 6.5, 9.5, 7.75], "texture": "#main"},
				"east": {"uv": [8.25, 6.5, 9.5, 7.75], "texture": "#main"},
				"south": {"uv": [8.25, 6.5, 9.5, 7.75], "texture": "#main"},
				"west": {"uv": [8.25, 6.5, 9.5, 7.75], "texture": "#main"},
				"up": {"uv": [8.25, 6.5, 9.5, 7.75], "texture": "#main"},
				"down": {"uv": [8.25, 6.5, 9.5, 7.75], "texture": "#main"}
			}
		},
		{
			"name": "blade",
			"from": [2, 7.75, 5],
			"to": [3, 8.25, 6],
			"rotation": {"angle": 45, "axis": "y", "origin": [8, 8, 8]},
			"faces": {
				"north": {"uv": [8.25, 6.5, 9.5, 7.75], "texture": "#main"},
				"east": {"uv": [8.25, 6.5, 9.5, 7.75], "texture": "#main"},
				"south": {"uv": [8.25, 6.5, 9.5, 7.75], "texture": "#main"},
				"west": {"uv": [8.25, 6.5, 9.5, 7.75], "texture": "#main"},
				"up": {"uv": [8.25, 6.5, 9.5, 7.75], "rotation": 270, "texture": "#main"},
				"down": {"uv": [8.25, 6.5, 9.5, 7.75], "rotation": 90, "texture": "#main"}
			}
		},
		{
			"name": "blade",
			"from": [5, 7.75, 13],
			"to": [6, 8.25, 14],
			"rotation": {"angle": 45, "axis": "y", "origin": [8, 8, 8]},
			"faces": {
				"north": {"uv": [8.25, 6.5, 9.5, 7.75], "texture": "#main"},
				"east": {"uv": [8.25, 6.5, 9.5, 7.75], "texture": "#main"},
				"south": {"uv": [8.25, 6.5, 9.5, 7.75], "texture": "#main"},
				"west": {"uv": [8.25, 6.5, 9.5, 7.75], "texture": "#main"},
				"up": {"uv": [8.25, 6.5, 9.5, 7.75], "rotation": 180, "texture": "#main"},
				"down": {"uv": [8.25, 6.5, 9.5, 7.75], "rotation": 180, "texture": "#main"}
			}
		},
		{
			"name": "blade",
			"from": [13, 7.75, 10],
			"to": [14, 8.25, 11],
			"rotation": {"angle": 45, "axis": "y", "origin": [8, 8, 8]},
			"faces": {
				"north": {"uv": [8.25, 6.5, 9.5, 7.75], "texture": "#main"},
				"east": {"uv": [8.25, 6.5, 9.5, 7.75], "texture": "#main"},
				"south": {"uv": [8.25, 6.5, 9.5, 7.75], "texture": "#main"},
				"west": {"uv": [8.25, 6.5, 9.5, 7.75], "texture": "#main"},
				"up": {"uv": [8.25, 6.5, 9.5, 7.75], "rotation": 90, "texture": "#main"},
				"down": {"uv": [8.25, 6.5, 9.5, 7.75], "rotation": 270, "texture": "#main"}
			}
		},
		{
			"name": "blade",
			"from": [11, 7.75, 3],
			"to": [12, 8.25, 4],
			"rotation": {"angle": 45, "axis": "y", "origin": [8, 8, 8]},
			"faces": {
				"north": {"uv": [8.25, 6.5, 9.5, 7.75], "texture": "#main"},
				"east": {"uv": [8.25, 6.5, 9.5, 7.75], "texture": "#main"},
				"south": {"uv": [8.25, 6.5, 9.5, 7.75], "texture": "#main"},
				"west": {"uv": [8.25, 6.5, 9.5, 7.75], "texture": "#main"},
				"up": {"uv": [8.25, 6.5, 9.5, 7.75], "texture": "#main"},
				"down": {"uv": [8.25, 6.5, 9.5, 7.75], "texture": "#main"}
			}
		},
		{
			"name": "blade",
			"from": [3, 7.75, 4],
			"to": [4, 8.25, 5],
			"rotation": {"angle": 45, "axis": "y", "origin": [8, 8, 8]},
			"faces": {
				"north": {"uv": [8.25, 6.5, 9.5, 7.75], "texture": "#main"},
				"east": {"uv": [8.25, 6.5, 9.5, 7.75], "texture": "#main"},
				"south": {"uv": [8.25, 6.5, 9.5, 7.75], "texture": "#main"},
				"west": {"uv": [8.25, 6.5, 9.5, 7.75], "texture": "#main"},
				"up": {"uv": [8.25, 6.5, 9.5, 7.75], "rotation": 270, "texture": "#main"},
				"down": {"uv": [8.25, 6.5, 9.5, 7.75], "rotation": 90, "texture": "#main"}
			}
		},
		{
			"name": "blade",
			"from": [4, 7.75, 12],
			"to": [5, 8.25, 13],
			"rotation": {"angle": 45, "axis": "y", "origin": [8, 8, 8]},
			"faces": {
				"north": {"uv": [8.25, 6.5, 9.5, 7.75], "texture": "#main"},
				"east": {"uv": [8.25, 6.5, 9.5, 7.75], "texture": "#main"},
				"south": {"uv": [8.25, 6.5, 9.5, 7.75], "texture": "#main"},
				"west": {"uv": [8.25, 6.5, 9.5, 7.75], "texture": "#main"},
				"up": {"uv": [8.25, 6.5, 9.5, 7.75], "rotation": 180, "texture": "#main"},
				"down": {"uv": [8.25, 6.5, 9.5, 7.75], "rotation": 180, "texture": "#main"}
			}
		},
		{
			"name": "blade",
			"from": [12, 7.75, 11],
			"to": [13, 8.25, 12],
			"rotation": {"angle": 45, "axis": "y", "origin": [8, 8, 8]},
			"faces": {
				"north": {"uv": [8.25, 6.5, 9.5, 7.75], "texture": "#main"},
				"east": {"uv": [8.25, 6.5, 9.5, 7.75], "texture": "#main"},
				"south": {"uv": [8.25, 6.5, 9.5, 7.75], "texture": "#main"},
				"west": {"uv": [8.25, 6.5, 9.5, 7.75], "texture": "#main"},
				"up": {"uv": [8.25, 6.5, 9.5, 7.75], "rotation": 90, "texture": "#main"},
				"down": {"uv": [8.25, 6.5, 9.5, 7.75], "rotation": 270, "texture": "#main"}
			}
		},
		{
			"from": [7, 7, 7],
			"to": [9, 9, 9],
			"faces": {
				"north": {"uv": [4, 11.75, 4.5, 12.25], "texture": "#main"},
				"east": {"uv": [5.5, 11.75, 6, 12.25], "texture": "#main"},
				"south": {"uv": [5, 11.75, 5.5, 12.25], "texture": "#main"},
				"west": {"uv": [4.5, 11.75, 5, 12.25], "texture": "#main"},
				"up": {"uv": [5, 11.75, 4.5, 11.25], "rotation": 270, "texture": "#main"},
				"down": {"uv": [5.5, 11.25, 5, 11.75], "rotation": 90, "texture": "#main"}
			}
		},
		{
			"from": [6, 7.5, 6],
			"to": [10, 8.5, 10],
			"faces": {
				"north": {"uv": [2, 11, 3, 11.25], "texture": "#main"},
				"east": {"uv": [5, 11, 6, 11.25], "texture": "#main"},
				"south": {"uv": [4, 11, 5, 11.25], "texture": "#main"},
				"west": {"uv": [3, 11, 4, 11.25], "texture": "#main"},
				"up": {"uv": [4, 11, 3, 10], "rotation": 270, "texture": "#main"},
				"down": {"uv": [5, 10, 4, 11], "rotation": 90, "texture": "#main"}
			}
		},
		{
			"from": [4, 7.5, 7],
			"to": [5, 8.5, 9],
			"faces": {
				"north": {"uv": [0, 10.5, 0.25, 10.75], "texture": "#main"},
				"east": {"uv": [1, 10.5, 1.5, 10.75], "texture": "#main"},
				"south": {"uv": [0.75, 10.5, 1, 10.75], "texture": "#main"},
				"west": {"uv": [0.25, 10.5, 0.75, 10.75], "texture": "#main"},
				"up": {"uv": [0.75, 10.5, 0.25, 10.25], "rotation": 270, "texture": "#main"},
				"down": {"uv": [1.25, 10.25, 0.75, 10.5], "rotation": 90, "texture": "#main"}
			}
		},
		{
			"from": [11, 7.5, 7],
			"to": [12, 8.5, 9],
			"faces": {
				"north": {"uv": [0, 10, 0.25, 10.25], "texture": "#main"},
				"east": {"uv": [1, 10, 1.5, 10.25], "texture": "#main"},
				"south": {"uv": [0.75, 10, 1, 10.25], "texture": "#main"},
				"west": {"uv": [0.25, 10, 0.75, 10.25], "texture": "#main"},
				"up": {"uv": [0.75, 10, 0.25, 9.75], "rotation": 270, "texture": "#main"},
				"down": {"uv": [1.25, 9.75, 0.75, 10], "rotation": 90, "texture": "#main"}
			}
		},
		{
			"from": [7, 7.5, 11],
			"to": [9, 8.5, 12],
			"faces": {
				"north": {"uv": [0, 9.25, 0.5, 9.5], "texture": "#main"},
				"east": {"uv": [1.25, 9.25, 1.5, 9.5], "texture": "#main"},
				"south": {"uv": [0.75, 9.25, 1.25, 9.5], "texture": "#main"},
				"west": {"uv": [0.5, 9.25, 0.75, 9.5], "texture": "#main"},
				"up": {"uv": [0.75, 9.25, 0.5, 8.75], "rotation": 270, "texture": "#main"},
				"down": {"uv": [1, 8.75, 0.75, 9.25], "rotation": 90, "texture": "#main"}
			}
		},
		{
			"from": [7, 7.5, 4],
			"to": [9, 8.5, 5],
			"faces": {
				"north": {"uv": [0, 8.5, 0.5, 8.75], "texture": "#main"},
				"east": {"uv": [1.25, 8.5, 1.5, 8.75], "texture": "#main"},
				"south": {"uv": [0.75, 8.5, 1.25, 8.75], "texture": "#main"},
				"west": {"uv": [0.5, 8.5, 0.75, 8.75], "texture": "#main"},
				"up": {"uv": [0.75, 8.5, 0.5, 8], "rotation": 270, "texture": "#main"},
				"down": {"uv": [1, 8, 0.75, 8.5], "rotation": 90, "texture": "#main"}
			}
		},
		{
			"from": [3, 7.5, 5],
			"to": [4, 8.5, 11],
			"faces": {
				"north": {"uv": [2, 8.75, 2.25, 9], "texture": "#main"},
				"east": {"uv": [4, 8.75, 5.5, 9], "texture": "#main"},
				"south": {"uv": [3.75, 8.75, 4, 9], "texture": "#main"},
				"west": {"uv": [2.25, 8.75, 3.75, 9], "texture": "#main"},
				"up": {"uv": [3.75, 8.75, 2.25, 8.5], "rotation": 270, "texture": "#main"},
				"down": {"uv": [5.25, 8.5, 3.75, 8.75], "rotation": 90, "texture": "#main"}
			}
		},
		{
			"from": [5, 7.5, 12],
			"to": [11, 8.5, 13],
			"faces": {
				"north": {"uv": [0, 11.25, 1.5, 11.5], "texture": "#main"},
				"east": {"uv": [3.25, 11.25, 3.5, 11.5], "texture": "#main"},
				"south": {"uv": [1.75, 11.25, 3.25, 11.5], "texture": "#main"},
				"west": {"uv": [1.5, 11.25, 1.75, 11.5], "texture": "#main"},
				"up": {"uv": [1.75, 11.25, 1.5, 9.75], "rotation": 270, "texture": "#main"},
				"down": {"uv": [2, 9.75, 1.75, 11.25], "rotation": 90, "texture": "#main"}
			}
		},
		{
			"from": [12, 7.5, 5],
			"to": [13, 8.5, 11],
			"faces": {
				"north": {"uv": [2, 8.25, 2.25, 8.5], "texture": "#main"},
				"east": {"uv": [4, 8.25, 5.5, 8.5], "texture": "#main"},
				"south": {"uv": [3.75, 8.25, 4, 8.5], "texture": "#main"},
				"west": {"uv": [2.25, 8.25, 3.75, 8.5], "texture": "#main"},
				"up": {"uv": [3.75, 8.25, 2.25, 8], "rotation": 270, "texture": "#main"},
				"down": {"uv": [5.25, 8, 3.75, 8.25], "rotation": 90, "texture": "#main"}
			}
		},
		{
			"from": [5, 7.5, 3],
			"to": [11, 8.5, 4],
			"faces": {
				"north": {"uv": [0, 9.5, 1.5, 9.75], "texture": "#main"},
				"east": {"uv": [3.25, 9.5, 3.5, 9.75], "texture": "#main"},
				"south": {"uv": [1.75, 9.5, 3.25, 9.75], "texture": "#main"},
				"west": {"uv": [1.5, 9.5, 1.75, 9.75], "texture": "#main"},
				"up": {"uv": [1.75, 9.5, 1.5, 8], "rotation": 270, "texture": "#main"},
				"down": {"uv": [2, 8, 1.75, 9.5], "rotation": 90, "texture": "#main"}
			}
		},
		{
			"from": [2, 7.5, 6],
			"to": [3, 8.5, 10],
			"faces": {
				"north": {"uv": [3.25, 9.75, 3.5, 10], "texture": "#main"},
				"east": {"uv": [4.75, 9.75, 5.75, 10], "texture": "#main"},
				"south": {"uv": [4.5, 9.75, 4.75, 10], "texture": "#main"},
				"west": {"uv": [3.5, 9.75, 4.5, 10], "texture": "#main"},
				"up": {"uv": [4.5, 9.75, 3.5, 9.5], "rotation": 270, "texture": "#main"},
				"down": {"uv": [5.5, 9.5, 4.5, 9.75], "rotation": 90, "texture": "#main"}
			}
		},
		{
			"from": [6, 7.5, 13],
			"to": [10, 8.5, 14],
			"faces": {
				"north": {"uv": [0, 12.5, 1, 12.75], "texture": "#main"},
				"east": {"uv": [2.25, 12.5, 2.5, 12.75], "texture": "#main"},
				"south": {"uv": [1.25, 12.5, 2.25, 12.75], "texture": "#main"},
				"west": {"uv": [1, 12.5, 1.25, 12.75], "texture": "#main"},
				"up": {"uv": [1.25, 12.5, 1, 11.5], "rotation": 270, "texture": "#main"},
				"down": {"uv": [1.5, 11.5, 1.25, 12.5], "rotation": 90, "texture": "#main"}
			}
		},
		{
			"from": [13, 7.5, 6],
			"to": [14, 8.5, 10],
			"faces": {
				"north": {"uv": [2, 9.25, 2.25, 9.5], "texture": "#main"},
				"east": {"uv": [3.5, 9.25, 4.5, 9.5], "texture": "#main"},
				"south": {"uv": [3.25, 9.25, 3.5, 9.5], "texture": "#main"},
				"west": {"uv": [2.25, 9.25, 3.25, 9.5], "texture": "#main"},
				"up": {"uv": [3.25, 9.25, 2.25, 9], "rotation": 270, "texture": "#main"},
				"down": {"uv": [4.25, 9, 3.25, 9.25], "rotation": 90, "texture": "#main"}
			}
		},
		{
			"from": [6, 7.5, 2],
			"to": [10, 8.5, 3],
			"faces": {
				"north": {"uv": [2.5, 12.25, 3.5, 12.5], "texture": "#main"},
				"east": {"uv": [4.75, 12.25, 5, 12.5], "texture": "#main"},
				"south": {"uv": [3.75, 12.25, 4.75, 12.5], "texture": "#main"},
				"west": {"uv": [3.5, 12.25, 3.75, 12.5], "texture": "#main"},
				"up": {"uv": [3.75, 12.25, 3.5, 11.25], "rotation": 270, "texture": "#main"},
				"down": {"uv": [4, 11.25, 3.75, 12.25], "rotation": 90, "texture": "#main"}
			}
		},
		{
			"from": [6.5, 7, 10],
			"to": [9.5, 9, 11],
			"faces": {
				"north": {"uv": [1.75, 13.25, 2.5, 13.75], "texture": "#main"},
				"east": {"uv": [3.5, 13.25, 3.75, 13.75], "texture": "#main"},
				"south": {"uv": [2.75, 13.25, 3.5, 13.75], "texture": "#main"},
				"west": {"uv": [2.5, 13.25, 2.75, 13.75], "texture": "#main"},
				"up": {"uv": [2.75, 13.25, 2.5, 12.5], "rotation": 270, "texture": "#main"},
				"down": {"uv": [3, 12.5, 2.75, 13.25], "rotation": 90, "texture": "#main"}
			}
		},
		{
			"from": [10, 7, 6.5],
			"to": [11, 9, 9.5],
			"faces": {
				"north": {"uv": [5, 10.25, 5.25, 10.75], "texture": "#main"},
				"east": {"uv": [6.25, 10.25, 7, 10.75], "texture": "#main"},
				"south": {"uv": [6, 10.25, 6.25, 10.75], "texture": "#main"},
				"west": {"uv": [5.25, 10.25, 6, 10.75], "texture": "#main"},
				"up": {"uv": [6, 10.25, 5.25, 10], "rotation": 270, "texture": "#main"},
				"down": {"uv": [6.75, 10, 6, 10.25], "rotation": 90, "texture": "#main"}
			}
		},
		{
			"from": [6.5, 7, 5],
			"to": [9.5, 9, 6],
			"faces": {
				"north": {"uv": [4.25, 13, 5, 13.5], "texture": "#main"},
				"east": {"uv": [6, 13, 6.25, 13.5], "texture": "#main"},
				"south": {"uv": [5.25, 13, 6, 13.5], "texture": "#main"},
				"west": {"uv": [5, 13, 5.25, 13.5], "texture": "#main"},
				"up": {"uv": [5.25, 13, 5, 12.25], "rotation": 270, "texture": "#main"},
				"down": {"uv": [5.5, 12.25, 5.25, 13], "rotation": 90, "texture": "#main"}
			}
		},
		{
			"from": [5, 7, 6.5],
			"to": [6, 9, 9.5],
			"faces": {
				"north": {"uv": [1.5, 11.75, 1.75, 12.25], "texture": "#main"},
				"east": {"uv": [2.75, 11.75, 3.5, 12.25], "texture": "#main"},
				"south": {"uv": [2.5, 11.75, 2.75, 12.25], "texture": "#main"},
				"west": {"uv": [1.75, 11.75, 2.5, 12.25], "texture": "#main"},
				"up": {"uv": [2.5, 11.75, 1.75, 11.5], "rotation": 270, "texture": "#main"},
				"down": {"uv": [3.25, 11.5, 2.5, 11.75], "rotation": 90, "texture": "#main"}
			}
		},
		{
			"name": "blade",
			"from": [1, 7.75, 6],
			"to": [2, 8.25, 10],
			"faces": {
				"north": {"uv": [0.25, 14.5, 1.5, 15.75], "texture": "#main"},
				"east": {"uv": [0.25, 14.5, 1.5, 15.75], "texture": "#main"},
				"south": {"uv": [0.25, 14.5, 1.5, 15.75], "texture": "#main"},
				"west": {"uv": [0.25, 14.5, 1.5, 15.75], "texture": "#main"},
				"up": {"uv": [0.25, 14.5, 1.5, 15.75], "rotation": 270, "texture": "#main"},
				"down": {"uv": [0.25, 14.5, 1.5, 15.75], "rotation": 90, "texture": "#main"}
			}
		},
		{
			"name": "blade",
			"from": [6, 7.75, 14],
			"to": [10, 8.25, 15],
			"faces": {
				"north": {"uv": [0.25, 14.5, 1.5, 15.75], "texture": "#main"},
				"east": {"uv": [0.25, 14.5, 1.5, 15.75], "texture": "#main"},
				"south": {"uv": [0.25, 14.5, 1.5, 15.75], "texture": "#main"},
				"west": {"uv": [0.25, 14.5, 1.5, 15.75], "texture": "#main"},
				"up": {"uv": [0.25, 14.5, 1.5, 15.75], "rotation": 180, "texture": "#main"},
				"down": {"uv": [0.25, 14.5, 1.5, 15.75], "rotation": 180, "texture": "#main"}
			}
		},
		{
			"name": "blade",
			"from": [14, 7.75, 6],
			"to": [15, 8.25, 10],
			"faces": {
				"north": {"uv": [0.25, 14.5, 1.5, 15.75], "texture": "#main"},
				"east": {"uv": [0.25, 14.5, 1.5, 15.75], "texture": "#main"},
				"south": {"uv": [0.25, 14.5, 1.5, 15.75], "texture": "#main"},
				"west": {"uv": [0.25, 14.5, 1.5, 15.75], "texture": "#main"},
				"up": {"uv": [0.25, 14.5, 1.5, 15.75], "rotation": 90, "texture": "#main"},
				"down": {"uv": [0.25, 14.5, 1.5, 15.75], "rotation": 270, "texture": "#main"}
			}
		},
		{
			"name": "blade",
			"from": [6, 7.75, 1],
			"to": [10, 8.25, 2],
			"faces": {
				"north": {"uv": [0.25, 14.5, 1.5, 15.75], "texture": "#main"},
				"east": {"uv": [0.25, 14.5, 1.5, 15.75], "texture": "#main"},
				"south": {"uv": [0.25, 14.5, 1.5, 15.75], "texture": "#main"},
				"west": {"uv": [0.25, 14.5, 1.5, 15.75], "texture": "#main"},
				"up": {"uv": [0.25, 14.5, 1.5, 15.75], "texture": "#main"},
				"down": {"uv": [0.25, 14.5, 1.5, 15.75], "texture": "#main"}
			}
		},
		{
			"name": "blade",
			"from": [2, 7.75, 10],
			"to": [3, 8.25, 11],
			"faces": {
				"north": {"uv": [0.25, 14.5, 1.5, 15.75], "texture": "#main"},
				"east": {"uv": [0.25, 14.5, 1.5, 15.75], "texture": "#main"},
				"south": {"uv": [0.25, 14.5, 1.5, 15.75], "texture": "#main"},
				"west": {"uv": [0.25, 14.5, 1.5, 15.75], "texture": "#main"},
				"up": {"uv": [0.25, 14.5, 1.5, 15.75], "rotation": 270, "texture": "#main"},
				"down": {"uv": [0.25, 14.5, 1.5, 15.75], "rotation": 90, "texture": "#main"}
			}
		},
		{
			"name": "blade",
			"from": [10, 7.75, 13],
			"to": [11, 8.25, 14],
			"faces": {
				"north": {"uv": [0.25, 14.5, 1.5, 15.75], "texture": "#main"},
				"east": {"uv": [0.25, 14.5, 1.5, 15.75], "texture": "#main"},
				"south": {"uv": [0.25, 14.5, 1.5, 15.75], "texture": "#main"},
				"west": {"uv": [0.25, 14.5, 1.5, 15.75], "texture": "#main"},
				"up": {"uv": [0.25, 14.5, 1.5, 15.75], "rotation": 180, "texture": "#main"},
				"down": {"uv": [0.25, 14.5, 1.5, 15.75], "rotation": 180, "texture": "#main"}
			}
		},
		{
			"name": "blade",
			"from": [13, 7.75, 5],
			"to": [14, 8.25, 6],
			"faces": {
				"north": {"uv": [0.25, 14.5, 1.5, 15.75], "texture": "#main"},
				"east": {"uv": [0.25, 14.5, 1.5, 15.75], "texture": "#main"},
				"south": {"uv": [0.25, 14.5, 1.5, 15.75], "texture": "#main"},
				"west": {"uv": [0.25, 14.5, 1.5, 15.75], "texture": "#main"},
				"up": {"uv": [0.25, 14.5, 1.5, 15.75], "rotation": 90, "texture": "#main"},
				"down": {"uv": [0.25, 14.5, 1.5, 15.75], "rotation": 270, "texture": "#main"}
			}
		},
		{
			"name": "blade",
			"from": [5, 7.75, 2],
			"to": [6, 8.25, 3],
			"faces": {
				"north": {"uv": [0.25, 14.5, 1.5, 15.75], "texture": "#main"},
				"east": {"uv": [0.25, 14.5, 1.5, 15.75], "texture": "#main"},
				"south": {"uv": [0.25, 14.5, 1.5, 15.75], "texture": "#main"},
				"west": {"uv": [0.25, 14.5, 1.5, 15.75], "texture": "#main"},
				"up": {"uv": [0.25, 14.5, 1.5, 15.75], "texture": "#main"},
				"down": {"uv": [0.25, 14.5, 1.5, 15.75], "texture": "#main"}
			}
		},
		{
			"name": "blade",
			"from": [3, 7.75, 11],
			"to": [4, 8.25, 12],
			"faces": {
				"north": {"uv": [0.25, 14.5, 1.5, 15.75], "texture": "#main"},
				"east": {"uv": [0.25, 14.5, 1.5, 15.75], "texture": "#main"},
				"south": {"uv": [0.25, 14.5, 1.5, 15.75], "texture": "#main"},
				"west": {"uv": [0.25, 14.5, 1.5, 15.75], "texture": "#main"},
				"up": {"uv": [0.25, 14.5, 1.5, 15.75], "rotation": 270, "texture": "#main"},
				"down": {"uv": [0.25, 14.5, 1.5, 15.75], "rotation": 90, "texture": "#main"}
			}
		},
		{
			"name": "blade",
			"from": [11, 7.75, 12],
			"to": [12, 8.25, 13],
			"faces": {
				"north": {"uv": [0.25, 14.5, 1.5, 15.75], "texture": "#main"},
				"east": {"uv": [0.25, 14.5, 1.5, 15.75], "texture": "#main"},
				"south": {"uv": [0.25, 14.5, 1.5, 15.75], "texture": "#main"},
				"west": {"uv": [0.25, 14.5, 1.5, 15.75], "texture": "#main"},
				"up": {"uv": [0.25, 14.5, 1.5, 15.75], "rotation": 180, "texture": "#main"},
				"down": {"uv": [0.25, 14.5, 1.5, 15.75], "rotation": 180, "texture": "#main"}
			}
		},
		{
			"name": "blade",
			"from": [12, 7.75, 4],
			"to": [13, 8.25, 5],
			"faces": {
				"north": {"uv": [0.25, 14.5, 1.5, 15.75], "texture": "#main"},
				"east": {"uv": [0.25, 14.5, 1.5, 15.75], "texture": "#main"},
				"south": {"uv": [0.25, 14.5, 1.5, 15.75], "texture": "#main"},
				"west": {"uv": [0.25, 14.5, 1.5, 15.75], "texture": "#main"},
				"up": {"uv": [0.25, 14.5, 1.5, 15.75], "rotation": 90, "texture": "#main"},
				"down": {"uv": [0.25, 14.5, 1.5, 15.75], "rotation": 270, "texture": "#main"}
			}
		},
		{
			"name": "blade",
			"from": [4, 7.75, 3],
			"to": [5, 8.25, 4],
			"faces": {
				"north": {"uv": [0.25, 14.5, 1.5, 15.75], "texture": "#main"},
				"east": {"uv": [0.25, 14.5, 1.5, 15.75], "texture": "#main"},
				"south": {"uv": [0.25, 14.5, 1.5, 15.75], "texture": "#main"},
				"west": {"uv": [0.25, 14.5, 1.5, 15.75], "texture": "#main"},
				"up": {"uv": [0.25, 14.5, 1.5, 15.75], "texture": "#main"},
				"down": {"uv": [0.25, 14.5, 1.5, 15.75], "texture": "#main"}
			}
		},
		{
			"name": "blade",
			"from": [2, 7.75, 5],
			"to": [3, 8.25, 6],
			"faces": {
				"north": {"uv": [0.25, 14.5, 1.5, 15.75], "texture": "#main"},
				"east": {"uv": [0.25, 14.5, 1.5, 15.75], "texture": "#main"},
				"south": {"uv": [0.25, 14.5, 1.5, 15.75], "texture": "#main"},
				"west": {"uv": [0.25, 14.5, 1.5, 15.75], "texture": "#main"},
				"up": {"uv": [0.25, 14.5, 1.5, 15.75], "rotation": 270, "texture": "#main"},
				"down": {"uv": [0.25, 14.5, 1.5, 15.75], "rotation": 90, "texture": "#main"}
			}
		},
		{
			"name": "blade",
			"from": [5, 7.75, 13],
			"to": [6, 8.25, 14],
			"faces": {
				"north": {"uv": [0.25, 14.5, 1.5, 15.75], "texture": "#main"},
				"east": {"uv": [0.25, 14.5, 1.5, 15.75], "texture": "#main"},
				"south": {"uv": [0.25, 14.5, 1.5, 15.75], "texture": "#main"},
				"west": {"uv": [0.25, 14.5, 1.5, 15.75], "texture": "#main"},
				"up": {"uv": [0.25, 14.5, 1.5, 15.75], "rotation": 180, "texture": "#main"},
				"down": {"uv": [0.25, 14.5, 1.5, 15.75], "rotation": 180, "texture": "#main"}
			}
		},
		{
			"name": "blade",
			"from": [13, 7.75, 10],
			"to": [14, 8.25, 11],
			"faces": {
				"north": {"uv": [0.25, 14.5, 1.5, 15.75], "texture": "#main"},
				"east": {"uv": [0.25, 14.5, 1.5, 15.75], "texture": "#main"},
				"south": {"uv": [0.25, 14.5, 1.5, 15.75], "texture": "#main"},
				"west": {"uv": [0.25, 14.5, 1.5, 15.75], "texture": "#main"},
				"up": {"uv": [0.25, 14.5, 1.5, 15.75], "rotation": 90, "texture": "#main"},
				"down": {"uv": [0.25, 14.5, 1.5, 15.75], "rotation": 270, "texture": "#main"}
			}
		},
		{
			"name": "blade",
			"from": [10, 7.75, 2],
			"to": [11, 8.25, 3],
			"faces": {
				"north": {"uv": [0.25, 14.5, 1.5, 15.75], "texture": "#main"},
				"east": {"uv": [0.25, 14.5, 1.5, 15.75], "texture": "#main"},
				"south": {"uv": [0.25, 14.5, 1.5, 15.75], "texture": "#main"},
				"west": {"uv": [0.25, 14.5, 1.5, 15.75], "texture": "#main"},
				"up": {"uv": [0.25, 14.5, 1.5, 15.75], "texture": "#main"},
				"down": {"uv": [0.25, 14.5, 1.5, 15.75], "texture": "#main"}
			}
		},
		{
			"name": "blade",
			"from": [3, 7.75, 4],
			"to": [4, 8.25, 5],
			"faces": {
				"north": {"uv": [0.25, 14.5, 1.5, 15.75], "texture": "#main"},
				"east": {"uv": [0.25, 14.5, 1.5, 15.75], "texture": "#main"},
				"south": {"uv": [0.25, 14.5, 1.5, 15.75], "texture": "#main"},
				"west": {"uv": [0.25, 14.5, 1.5, 15.75], "texture": "#main"},
				"up": {"uv": [0.25, 14.5, 1.5, 15.75], "rotation": 270, "texture": "#main"},
				"down": {"uv": [0.25, 14.5, 1.5, 15.75], "rotation": 90, "texture": "#main"}
			}
		},
		{
			"name": "blade",
			"from": [4, 7.75, 12],
			"to": [5, 8.25, 13],
			"faces": {
				"north": {"uv": [0.25, 14.5, 1.5, 15.75], "texture": "#main"},
				"east": {"uv": [0.25, 14.5, 1.5, 15.75], "texture": "#main"},
				"south": {"uv": [0.25, 14.5, 1.5, 15.75], "texture": "#main"},
				"west": {"uv": [0.25, 14.5, 1.5, 15.75], "texture": "#main"},
				"up": {"uv": [0.25, 14.5, 1.5, 15.75], "rotation": 180, "texture": "#main"},
				"down": {"uv": [0.25, 14.5, 1.5, 15.75], "rotation": 180, "texture": "#main"}
			}
		},
		{
			"name": "blade",
			"from": [12, 7.75, 11],
			"to": [13, 8.25, 12],
			"faces": {
				"north": {"uv": [0.25, 14.5, 1.5, 15.75], "texture": "#main"},
				"east": {"uv": [0.25, 14.5, 1.5, 15.75], "texture": "#main"},
				"south": {"uv": [0.25, 14.5, 1.5, 15.75], "texture": "#main"},
				"west": {"uv": [0.25, 14.5, 1.5, 15.75], "texture": "#main"},
				"up": {"uv": [0.25, 14.5, 1.5, 15.75], "rotation": 90, "texture": "#main"},
				"down": {"uv": [0.25, 14.5, 1.5, 15.75], "rotation": 270, "texture": "#main"}
			}
		},
		{
			"name": "blade",
			"from": [11, 7.75, 3],
			"to": [12, 8.25, 4],
			"faces": {
				"north": {"uv": [0.25, 14.5, 1.5, 15.75], "texture": "#main"},
				"east": {"uv": [0.25, 14.5, 1.5, 15.75], "texture": "#main"},
				"south": {"uv": [0.25, 14.5, 1.5, 15.75], "texture": "#main"},
				"west": {"uv": [0.25, 14.5, 1.5, 15.75], "texture": "#main"},
				"up": {"uv": [0.25, 14.5, 1.5, 15.75], "texture": "#main"},
				"down": {"uv": [0.25, 14.5, 1.5, 15.75], "texture": "#main"}
			}
		},
		{
			"from": [7, 7, 7],
			"to": [9, 9, 9],
			"rotation": {"angle": 45, "axis": "y", "origin": [8, 8, 8]},
			"faces": {
				"north": {"uv": [12, 11.75, 12.5, 12.25], "texture": "#main"},
				"east": {"uv": [13.5, 11.75, 14, 12.25], "texture": "#main"},
				"south": {"uv": [13, 11.75, 13.5, 12.25], "texture": "#main"},
				"west": {"uv": [12.5, 11.75, 13, 12.25], "texture": "#main"},
				"up": {"uv": [13, 11.75, 12.5, 11.25], "rotation": 270, "texture": "#main"},
				"down": {"uv": [13.5, 11.25, 13, 11.75], "rotation": 90, "texture": "#main"}
			}
		},
		{
			"from": [6, 7.5, 6],
			"to": [10, 8.5, 10],
			"rotation": {"angle": 45, "axis": "y", "origin": [8, 8, 8]},
			"faces": {
				"north": {"uv": [10, 11, 11, 11.25], "texture": "#main"},
				"east": {"uv": [13, 11, 14, 11.25], "texture": "#main"},
				"south": {"uv": [12, 11, 13, 11.25], "texture": "#main"},
				"west": {"uv": [11, 11, 12, 11.25], "texture": "#main"},
				"up": {"uv": [12, 11, 11, 10], "rotation": 270, "texture": "#main"},
				"down": {"uv": [13, 10, 12, 11], "rotation": 90, "texture": "#main"}
			}
		},
		{
			"from": [4, 7.5, 7],
			"to": [5, 8.5, 9],
			"rotation": {"angle": 45, "axis": "y", "origin": [8, 8, 8]},
			"faces": {
				"north": {"uv": [8, 10.5, 8.25, 10.75], "texture": "#main"},
				"east": {"uv": [9, 10.5, 9.5, 10.75], "texture": "#main"},
				"south": {"uv": [8.75, 10.5, 9, 10.75], "texture": "#main"},
				"west": {"uv": [8.25, 10.5, 8.75, 10.75], "texture": "#main"},
				"up": {"uv": [8.75, 10.5, 8.25, 10.25], "rotation": 270, "texture": "#main"},
				"down": {"uv": [9.25, 10.25, 8.75, 10.5], "rotation": 90, "texture": "#main"}
			}
		},
		{
			"from": [11, 7.5, 7],
			"to": [12, 8.5, 9],
			"rotation": {"angle": 45, "axis": "y", "origin": [8, 8, 8]},
			"faces": {
				"north": {"uv": [8, 10, 8.25, 10.25], "texture": "#main"},
				"east": {"uv": [9, 10, 9.5, 10.25], "texture": "#main"},
				"south": {"uv": [8.75, 10, 9, 10.25], "texture": "#main"},
				"west": {"uv": [8.25, 10, 8.75, 10.25], "texture": "#main"},
				"up": {"uv": [8.75, 10, 8.25, 9.75], "rotation": 270, "texture": "#main"},
				"down": {"uv": [9.25, 9.75, 8.75, 10], "rotation": 90, "texture": "#main"}
			}
		},
		{
			"from": [7, 7.5, 11],
			"to": [9, 8.5, 12],
			"rotation": {"angle": 45, "axis": "y", "origin": [8, 8, 8]},
			"faces": {
				"north": {"uv": [8, 9.25, 8.5, 9.5], "texture": "#main"},
				"east": {"uv": [9.25, 9.25, 9.5, 9.5], "texture": "#main"},
				"south": {"uv": [8.75, 9.25, 9.25, 9.5], "texture": "#main"},
				"west": {"uv": [8.5, 9.25, 8.75, 9.5], "texture": "#main"},
				"up": {"uv": [8.75, 9.25, 8.5, 8.75], "rotation": 270, "texture": "#main"},
				"down": {"uv": [9, 8.75, 8.75, 9.25], "rotation": 90, "texture": "#main"}
			}
		},
		{
			"from": [7, 7.5, 4],
			"to": [9, 8.5, 5],
			"rotation": {"angle": 45, "axis": "y", "origin": [8, 8, 8]},
			"faces": {
				"north": {"uv": [8, 8.5, 8.5, 8.75], "texture": "#main"},
				"east": {"uv": [9.25, 8.5, 9.5, 8.75], "texture": "#main"},
				"south": {"uv": [8.75, 8.5, 9.25, 8.75], "texture": "#main"},
				"west": {"uv": [8.5, 8.5, 8.75, 8.75], "texture": "#main"},
				"up": {"uv": [8.75, 8.5, 8.5, 8], "rotation": 270, "texture": "#main"},
				"down": {"uv": [9, 8, 8.75, 8.5], "rotation": 90, "texture": "#main"}
			}
		},
		{
			"from": [3, 7.5, 5],
			"to": [4, 8.5, 11],
			"rotation": {"angle": 45, "axis": "y", "origin": [8, 8, 8]},
			"faces": {
				"north": {"uv": [10, 8.75, 10.25, 9], "texture": "#main"},
				"east": {"uv": [12, 8.75, 13.5, 9], "texture": "#main"},
				"south": {"uv": [11.75, 8.75, 12, 9], "texture": "#main"},
				"west": {"uv": [10.25, 8.75, 11.75, 9], "texture": "#main"},
				"up": {"uv": [11.75, 8.75, 10.25, 8.5], "rotation": 270, "texture": "#main"},
				"down": {"uv": [13.25, 8.5, 11.75, 8.75], "rotation": 90, "texture": "#main"}
			}
		},
		{
			"from": [5, 7.5, 12],
			"to": [11, 8.5, 13],
			"rotation": {"angle": 45, "axis": "y", "origin": [8, 8, 8]},
			"faces": {
				"north": {"uv": [8, 11.25, 9.5, 11.5], "texture": "#main"},
				"east": {"uv": [11.25, 11.25, 11.5, 11.5], "texture": "#main"},
				"south": {"uv": [9.75, 11.25, 11.25, 11.5], "texture": "#main"},
				"west": {"uv": [9.5, 11.25, 9.75, 11.5], "texture": "#main"},
				"up": {"uv": [9.75, 11.25, 9.5, 9.75], "rotation": 270, "texture": "#main"},
				"down": {"uv": [10, 9.75, 9.75, 11.25], "rotation": 90, "texture": "#main"}
			}
		},
		{
			"from": [12, 7.5, 5],
			"to": [13, 8.5, 11],
			"rotation": {"angle": 45, "axis": "y", "origin": [8, 8, 8]},
			"faces": {
				"north": {"uv": [10, 8.25, 10.25, 8.5], "texture": "#main"},
				"east": {"uv": [12, 8.25, 13.5, 8.5], "texture": "#main"},
				"south": {"uv": [11.75, 8.25, 12, 8.5], "texture": "#main"},
				"west": {"uv": [10.25, 8.25, 11.75, 8.5], "texture": "#main"},
				"up": {"uv": [11.75, 8.25, 10.25, 8], "rotation": 270, "texture": "#main"},
				"down": {"uv": [13.25, 8, 11.75, 8.25], "rotation": 90, "texture": "#main"}
			}
		},
		{
			"from": [5, 7.5, 3],
			"to": [11, 8.5, 4],
			"rotation": {"angle": 45, "axis": "y", "origin": [8, 8, 8]},
			"faces": {
				"north": {"uv": [8, 9.5, 9.5, 9.75], "texture": "#main"},
				"east": {"uv": [11.25, 9.5, 11.5, 9.75], "texture": "#main"},
				"south": {"uv": [9.75, 9.5, 11.25, 9.75], "texture": "#main"},
				"west": {"uv": [9.5, 9.5, 9.75, 9.75], "texture": "#main"},
				"up": {"uv": [9.75, 9.5, 9.5, 8], "rotation": 270, "texture": "#main"},
				"down": {"uv": [10, 8, 9.75, 9.5], "rotation": 90, "texture": "#main"}
			}
		},
		{
			"from": [2, 7.5, 6],
			"to": [3, 8.5, 10],
			"rotation": {"angle": 45, "axis": "y", "origin": [8, 8, 8]},
			"faces": {
				"north": {"uv": [11.25, 9.75, 11.5, 10], "texture": "#main"},
				"east": {"uv": [12.75, 9.75, 13.75, 10], "texture": "#main"},
				"south": {"uv": [12.5, 9.75, 12.75, 10], "texture": "#main"},
				"west": {"uv": [11.5, 9.75, 12.5, 10], "texture": "#main"},
				"up": {"uv": [12.5, 9.75, 11.5, 9.5], "rotation": 270, "texture": "#main"},
				"down": {"uv": [13.5, 9.5, 12.5, 9.75], "rotation": 90, "texture": "#main"}
			}
		},
		{
			"from": [6, 7.5, 13],
			"to": [10, 8.5, 14],
			"rotation": {"angle": 45, "axis": "y", "origin": [8, 8, 8]},
			"faces": {
				"north": {"uv": [8, 12.5, 9, 12.75], "texture": "#main"},
				"east": {"uv": [10.25, 12.5, 10.5, 12.75], "texture": "#main"},
				"south": {"uv": [9.25, 12.5, 10.25, 12.75], "texture": "#main"},
				"west": {"uv": [9, 12.5, 9.25, 12.75], "texture": "#main"},
				"up": {"uv": [9.25, 12.5, 9, 11.5], "rotation": 270, "texture": "#main"},
				"down": {"uv": [9.5, 11.5, 9.25, 12.5], "rotation": 90, "texture": "#main"}
			}
		},
		{
			"from": [13, 7.5, 6],
			"to": [14, 8.5, 10],
			"rotation": {"angle": 45, "axis": "y", "origin": [8, 8, 8]},
			"faces": {
				"north": {"uv": [10, 9.25, 10.25, 9.5], "texture": "#main"},
				"east": {"uv": [11.5, 9.25, 12.5, 9.5], "texture": "#main"},
				"south": {"uv": [11.25, 9.25, 11.5, 9.5], "texture": "#main"},
				"west": {"uv": [10.25, 9.25, 11.25, 9.5], "texture": "#main"},
				"up": {"uv": [11.25, 9.25, 10.25, 9], "rotation": 270, "texture": "#main"},
				"down": {"uv": [12.25, 9, 11.25, 9.25], "rotation": 90, "texture": "#main"}
			}
		},
		{
			"from": [6, 7.5, 2],
			"to": [10, 8.5, 3],
			"rotation": {"angle": 45, "axis": "y", "origin": [8, 8, 8]},
			"faces": {
				"north": {"uv": [10.5, 12.25, 11.5, 12.5], "texture": "#main"},
				"east": {"uv": [12.75, 12.25, 13, 12.5], "texture": "#main"},
				"south": {"uv": [11.75, 12.25, 12.75, 12.5], "texture": "#main"},
				"west": {"uv": [11.5, 12.25, 11.75, 12.5], "texture": "#main"},
				"up": {"uv": [11.75, 12.25, 11.5, 11.25], "rotation": 270, "texture": "#main"},
				"down": {"uv": [12, 11.25, 11.75, 12.25], "rotation": 90, "texture": "#main"}
			}
		},
		{
			"from": [6.5, 7, 10],
			"to": [9.5, 9, 11],
			"rotation": {"angle": 45, "axis": "y", "origin": [8, 8, 8]},
			"faces": {
				"north": {"uv": [9.75, 13.25, 10.5, 13.75], "texture": "#main"},
				"east": {"uv": [11.5, 13.25, 11.75, 13.75], "texture": "#main"},
				"south": {"uv": [10.75, 13.25, 11.5, 13.75], "texture": "#main"},
				"west": {"uv": [10.5, 13.25, 10.75, 13.75], "texture": "#main"},
				"up": {"uv": [10.75, 13.25, 10.5, 12.5], "rotation": 270, "texture": "#main"},
				"down": {"uv": [11, 12.5, 10.75, 13.25], "rotation": 90, "texture": "#main"}
			}
		},
		{
			"from": [10, 7, 6.5],
			"to": [11, 9, 9.5],
			"rotation": {"angle": 45, "axis": "y", "origin": [8, 8, 8]},
			"faces": {
				"north": {"uv": [13, 10.25, 13.25, 10.75], "texture": "#main"},
				"east": {"uv": [14.25, 10.25, 15, 10.75], "texture": "#main"},
				"south": {"uv": [14, 10.25, 14.25, 10.75], "texture": "#main"},
				"west": {"uv": [13.25, 10.25, 14, 10.75], "texture": "#main"},
				"up": {"uv": [14, 10.25, 13.25, 10], "rotation": 270, "texture": "#main"},
				"down": {"uv": [14.75, 10, 14, 10.25], "rotation": 90, "texture": "#main"}
			}
		},
		{
			"from": [6.5, 7, 5],
			"to": [9.5, 9, 6],
			"rotation": {"angle": 45, "axis": "y", "origin": [8, 8, 8]},
			"faces": {
				"north": {"uv": [12.25, 13, 13, 13.5], "texture": "#main"},
				"east": {"uv": [14, 13, 14.25, 13.5], "texture": "#main"},
				"south": {"uv": [13.25, 13, 14, 13.5], "texture": "#main"},
				"west": {"uv": [13, 13, 13.25, 13.5], "texture": "#main"},
				"up": {"uv": [13.25, 13, 13, 12.25], "rotation": 270, "texture": "#main"},
				"down": {"uv": [13.5, 12.25, 13.25, 13], "rotation": 90, "texture": "#main"}
			}
		},
		{
			"from": [5, 7, 6.5],
			"to": [6, 9, 9.5],
			"rotation": {"angle": 45, "axis": "y", "origin": [8, 8, 8]},
			"faces": {
				"north": {"uv": [9.5, 11.75, 9.75, 12.25], "texture": "#main"},
				"east": {"uv": [10.75, 11.75, 11.5, 12.25], "texture": "#main"},
				"south": {"uv": [10.5, 11.75, 10.75, 12.25], "texture": "#main"},
				"west": {"uv": [9.75, 11.75, 10.5, 12.25], "texture": "#main"},
				"up": {"uv": [10.5, 11.75, 9.75, 11.5], "rotation": 270, "texture": "#main"},
				"down": {"uv": [11.25, 11.5, 10.5, 11.75], "rotation": 90, "texture": "#main"}
			}
		},
		{
			"name": "blade",
			"from": [1, 7.75, 6],
			"to": [2, 8.25, 10],
			"rotation": {"angle": 45, "axis": "y", "origin": [8, 8, 8]},
			"faces": {
				"north": {"uv": [8.25, 14.5, 9.5, 15.75], "texture": "#main"},
				"east": {"uv": [8.25, 14.5, 9.5, 15.75], "texture": "#main"},
				"south": {"uv": [8.25, 14.5, 9.5, 15.75], "texture": "#main"},
				"west": {"uv": [8.25, 14.5, 9.5, 15.75], "texture": "#main"},
				"up": {"uv": [8.25, 14.5, 9.5, 15.75], "rotation": 270, "texture": "#main"},
				"down": {"uv": [8.25, 14.5, 9.5, 15.75], "rotation": 90, "texture": "#main"}
			}
		},
		{
			"name": "blade",
			"from": [6, 7.75, 14],
			"to": [10, 8.25, 15],
			"rotation": {"angle": 45, "axis": "y", "origin": [8, 8, 8]},
			"faces": {
				"north": {"uv": [8.25, 14.5, 9.5, 15.75], "texture": "#main"},
				"east": {"uv": [8.25, 14.5, 9.5, 15.75], "texture": "#main"},
				"south": {"uv": [8.25, 14.5, 9.5, 15.75], "texture": "#main"},
				"west": {"uv": [8.25, 14.5, 9.5, 15.75], "texture": "#main"},
				"up": {"uv": [8.25, 14.5, 9.5, 15.75], "rotation": 180, "texture": "#main"},
				"down": {"uv": [8.25, 14.5, 9.5, 15.75], "rotation": 180, "texture": "#main"}
			}
		},
		{
			"name": "blade",
			"from": [14, 7.75, 6],
			"to": [15, 8.25, 10],
			"rotation": {"angle": 45, "axis": "y", "origin": [8, 8, 8]},
			"faces": {
				"north": {"uv": [8.25, 14.5, 9.5, 15.75], "texture": "#main"},
				"east": {"uv": [8.25, 14.5, 9.5, 15.75], "texture": "#main"},
				"south": {"uv": [8.25, 14.5, 9.5, 15.75], "texture": "#main"},
				"west": {"uv": [8.25, 14.5, 9.5, 15.75], "texture": "#main"},
				"up": {"uv": [8.25, 14.5, 9.5, 15.75], "rotation": 90, "texture": "#main"},
				"down": {"uv": [8.25, 14.5, 9.5, 15.75], "rotation": 270, "texture": "#main"}
			}
		},
		{
			"name": "blade",
			"from": [6, 7.75, 1],
			"to": [10, 8.25, 2],
			"rotation": {"angle": 45, "axis": "y", "origin": [8, 8, 8]},
			"faces": {
				"north": {"uv": [8.25, 14.5, 9.5, 15.75], "texture": "#main"},
				"east": {"uv": [8.25, 14.5, 9.5, 15.75], "texture": "#main"},
				"south": {"uv": [8.25, 14.5, 9.5, 15.75], "texture": "#main"},
				"west": {"uv": [8.25, 14.5, 9.5, 15.75], "texture": "#main"},
				"up": {"uv": [8.25, 14.5, 9.5, 15.75], "texture": "#main"},
				"down": {"uv": [8.25, 14.5, 9.5, 15.75], "texture": "#main"}
			}
		},
		{
			"name": "blade",
			"from": [2, 7.75, 10],
			"to": [3, 8.25, 11],
			"rotation": {"angle": 45, "axis": "y", "origin": [8, 8, 8]},
			"faces": {
				"north": {"uv": [8.25, 14.5, 9.5, 15.75], "texture": "#main"},
				"east": {"uv": [8.25, 14.5, 9.5, 15.75], "texture": "#main"},
				"south": {"uv": [8.25, 14.5, 9.5, 15.75], "texture": "#main"},
				"west": {"uv": [8.25, 14.5, 9.5, 15.75], "texture": "#main"},
				"up": {"uv": [8.25, 14.5, 9.5, 15.75], "rotation": 270, "texture": "#main"},
				"down": {"uv": [8.25, 14.5, 9.5, 15.75], "rotation": 90, "texture": "#main"}
			}
		},
		{
			"name": "blade",
			"from": [10, 7.75, 13],
			"to": [11, 8.25, 14],
			"rotation": {"angle": 45, "axis": "y", "origin": [8, 8, 8]},
			"faces": {
				"north": {"uv": [8.25, 14.5, 9.5, 15.75], "texture": "#main"},
				"east": {"uv": [8.25, 14.5, 9.5, 15.75], "texture": "#main"},
				"south": {"uv": [8.25, 14.5, 9.5, 15.75], "texture": "#main"},
				"west": {"uv": [8.25, 14.5, 9.5, 15.75], "texture": "#main"},
				"up": {"uv": [8.25, 14.5, 9.5, 15.75], "rotation": 180, "texture": "#main"},
				"down": {"uv": [8.25, 14.5, 9.5, 15.75], "rotation": 180, "texture": "#main"}
			}
		},
		{
			"name": "blade",
			"from": [13, 7.75, 5],
			"to": [14, 8.25, 6],
			"rotation": {"angle": 45, "axis": "y", "origin": [8, 8, 8]},
			"faces": {
				"north": {"uv": [8.25, 14.5, 9.5, 15.75], "texture": "#main"},
				"east": {"uv": [8.25, 14.5, 9.5, 15.75], "texture": "#main"},
				"south": {"uv": [8.25, 14.5, 9.5, 15.75], "texture": "#main"},
				"west": {"uv": [8.25, 14.5, 9.5, 15.75], "texture": "#main"},
				"up": {"uv": [8.25, 14.5, 9.5, 15.75], "rotation": 90, "texture": "#main"},
				"down": {"uv": [8.25, 14.5, 9.5, 15.75], "rotation": 270, "texture": "#main"}
			}
		},
		{
			"name": "blade",
			"from": [5, 7.75, 2],
			"to": [6, 8.25, 3],
			"rotation": {"angle": 45, "axis": "y", "origin": [8, 8, 8]},
			"faces": {
				"north": {"uv": [8.25, 14.5, 9.5, 15.75], "texture": "#main"},
				"east": {"uv": [8.25, 14.5, 9.5, 15.75], "texture": "#main"},
				"south": {"uv": [8.25, 14.5, 9.5, 15.75], "texture": "#main"},
				"west": {"uv": [8.25, 14.5, 9.5, 15.75], "texture": "#main"},
				"up": {"uv": [8.25, 14.5, 9.5, 15.75], "texture": "#main"},
				"down": {"uv": [8.25, 14.5, 9.5, 15.75], "texture": "#main"}
			}
		},
		{
			"name": "blade",
			"from": [3, 7.75, 11],
			"to": [4, 8.25, 12],
			"rotation": {"angle": 45, "axis": "y", "origin": [8, 8, 8]},
			"faces": {
				"north": {"uv": [8.25, 14.5, 9.5, 15.75], "texture": "#main"},
				"east": {"uv": [8.25, 14.5, 9.5, 15.75], "texture": "#main"},
				"south": {"uv": [8.25, 14.5, 9.5, 15.75], "texture": "#main"},
				"west": {"uv": [8.25, 14.5, 9.5, 15.75], "texture": "#main"},
				"up": {"uv": [8.25, 14.5, 9.5, 15.75], "rotation": 270, "texture": "#main"},
				"down": {"uv": [8.25, 14.5, 9.5, 15.75], "rotation": 90, "texture": "#main"}
			}
		},
		{
			"name": "blade",
			"from": [11, 7.75, 12],
			"to": [12, 8.25, 13],
			"rotation": {"angle": 45, "axis": "y", "origin": [8, 8, 8]},
			"faces": {
				"north": {"uv": [8.25, 14.5, 9.5, 15.75], "texture": "#main"},
				"east": {"uv": [8.25, 14.5, 9.5, 15.75], "texture": "#main"},
				"south": {"uv": [8.25, 14.5, 9.5, 15.75], "texture": "#main"},
				"west": {"uv": [8.25, 14.5, 9.5, 15.75], "texture": "#main"},
				"up": {"uv": [8.25, 14.5, 9.5, 15.75], "rotation": 180, "texture": "#main"},
				"down": {"uv": [8.25, 14.5, 9.5, 15.75], "rotation": 180, "texture": "#main"}
			}
		},
		{
			"name": "blade",
			"from": [12, 7.75, 4],
			"to": [13, 8.25, 5],
			"rotation": {"angle": 45, "axis": "y", "origin": [8, 8, 8]},
			"faces": {
				"north": {"uv": [8.25, 14.5, 9.5, 15.75], "texture": "#main"},
				"east": {"uv": [8.25, 14.5, 9.5, 15.75], "texture": "#main"},
				"south": {"uv": [8.25, 14.5, 9.5, 15.75], "texture": "#main"},
				"west": {"uv": [8.25, 14.5, 9.5, 15.75], "texture": "#main"},
				"up": {"uv": [8.25, 14.5, 9.5, 15.75], "rotation": 90, "texture": "#main"},
				"down": {"uv": [8.25, 14.5, 9.5, 15.75], "rotation": 270, "texture": "#main"}
			}
		},
		{
			"name": "blade",
			"from": [4, 7.75, 3],
			"to": [5, 8.25, 4],
			"rotation": {"angle": 45, "axis": "y", "origin": [8, 8, 8]},
			"faces": {
				"north": {"uv": [8.25, 14.5, 9.5, 15.75], "texture": "#main"},
				"east": {"uv": [8.25, 14.5, 9.5, 15.75], "texture": "#main"},
				"south": {"uv": [8.25, 14.5, 9.5, 15.75], "texture": "#main"},
				"west": {"uv": [8.25, 14.5, 9.5, 15.75], "texture": "#main"},
				"up": {"uv": [8.25, 14.5, 9.5, 15.75], "texture": "#main"},
				"down": {"uv": [8.25, 14.5, 9.5, 15.75], "texture": "#main"}
			}
		},
		{
			"name": "blade",
			"from": [2, 7.75, 5],
			"to": [3, 8.25, 6],
			"rotation": {"angle": 45, "axis": "y", "origin": [8, 8, 8]},
			"faces": {
				"north": {"uv": [8.25, 14.5, 9.5, 15.75], "texture": "#main"},
				"east": {"uv": [8.25, 14.5, 9.5, 15.75], "texture": "#main"},
				"south": {"uv": [8.25, 14.5, 9.5, 15.75], "texture": "#main"},
				"west": {"uv": [8.25, 14.5, 9.5, 15.75], "texture": "#main"},
				"up": {"uv": [8.25, 14.5, 9.5, 15.75], "rotation": 270, "texture": "#main"},
				"down": {"uv": [8.25, 14.5, 9.5, 15.75], "rotation": 90, "texture": "#main"}
			}
		},
		{
			"name": "blade",
			"from": [5, 7.75, 13],
			"to": [6, 8.25, 14],
			"rotation": {"angle": 45, "axis": "y", "origin": [8, 8, 8]},
			"faces": {
				"north": {"uv": [8.25, 14.5, 9.5, 15.75], "texture": "#main"},
				"east": {"uv": [8.25, 14.5, 9.5, 15.75], "texture": "#main"},
				"south": {"uv": [8.25, 14.5, 9.5, 15.75], "texture": "#main"},
				"west": {"uv": [8.25, 14.5, 9.5, 15.75], "texture": "#main"},
				"up": {"uv": [8.25, 14.5, 9.5, 15.75], "rotation": 180, "texture": "#main"},
				"down": {"uv": [8.25, 14.5, 9.5, 15.75], "rotation": 180, "texture": "#main"}
			}
		},
		{
			"name": "blade",
			"from": [13, 7.75, 10],
			"to": [14, 8.25, 11],
			"rotation": {"angle": 45, "axis": "y", "origin": [8, 8, 8]},
			"faces": {
				"north": {"uv": [8.25, 14.5, 9.5, 15.75], "texture": "#main"},
				"east": {"uv": [8.25, 14.5, 9.5, 15.75], "texture": "#main"},
				"south": {"uv": [8.25, 14.5, 9.5, 15.75], "texture": "#main"},
				"west": {"uv": [8.25, 14.5, 9.5, 15.75], "texture": "#main"},
				"up": {"uv": [8.25, 14.5, 9.5, 15.75], "rotation": 90, "texture": "#main"},
				"down": {"uv": [8.25, 14.5, 9.5, 15.75], "rotation": 270, "texture": "#main"}
			}
		},
		{
			"name": "blade",
			"from": [10, 7.75, 2],
			"to": [11, 8.25, 3],
			"rotation": {"angle": 45, "axis": "y", "origin": [8, 8, 8]},
			"faces": {
				"north": {"uv": [8.25, 14.5, 9.5, 15.75], "texture": "#main"},
				"east": {"uv": [8.25, 14.5, 9.5, 15.75], "texture": "#main"},
				"south": {"uv": [8.25, 14.5, 9.5, 15.75], "texture": "#main"},
				"west": {"uv": [8.25, 14.5, 9.5, 15.75], "texture": "#main"},
				"up": {"uv": [8.25, 14.5, 9.5, 15.75], "texture": "#main"},
				"down": {"uv": [8.25, 14.5, 9.5, 15.75], "texture": "#main"}
			}
		},
		{
			"name": "blade",
			"from": [3, 7.75, 4],
			"to": [4, 8.25, 5],
			"rotation": {"angle": 45, "axis": "y", "origin": [8, 8, 8]},
			"faces": {
				"north": {"uv": [8.25, 14.5, 9.5, 15.75], "texture": "#main"},
				"east": {"uv": [8.25, 14.5, 9.5, 15.75], "texture": "#main"},
				"south": {"uv": [8.25, 14.5, 9.5, 15.75], "texture": "#main"},
				"west": {"uv": [8.25, 14.5, 9.5, 15.75], "texture": "#main"},
				"up": {"uv": [8.25, 14.5, 9.5, 15.75], "rotation": 270, "texture": "#main"},
				"down": {"uv": [8.25, 14.5, 9.5, 15.75], "rotation": 90, "texture": "#main"}
			}
		},
		{
			"name": "blade",
			"from": [4, 7.75, 12],
			"to": [5, 8.25, 13],
			"rotation": {"angle": 45, "axis": "y", "origin": [8, 8, 8]},
			"faces": {
				"north": {"uv": [8.25, 14.5, 9.5, 15.75], "texture": "#main"},
				"east": {"uv": [8.25, 14.5, 9.5, 15.75], "texture": "#main"},
				"south": {"uv": [8.25, 14.5, 9.5, 15.75], "texture": "#main"},
				"west": {"uv": [8.25, 14.5, 9.5, 15.75], "texture": "#main"},
				"up": {"uv": [8.25, 14.5, 9.5, 15.75], "rotation": 180, "texture": "#main"},
				"down": {"uv": [8.25, 14.5, 9.5, 15.75], "rotation": 180, "texture": "#main"}
			}
		},
		{
			"name": "blade",
			"from": [12, 7.75, 11],
			"to": [13, 8.25, 12],
			"rotation": {"angle": 45, "axis": "y", "origin": [8, 8, 8]},
			"faces": {
				"north": {"uv": [8.25, 14.5, 9.5, 15.75], "texture": "#main"},
				"east": {"uv": [8.25, 14.5, 9.5, 15.75], "texture": "#main"},
				"south": {"uv": [8.25, 14.5, 9.5, 15.75], "texture": "#main"},
				"west": {"uv": [8.25, 14.5, 9.5, 15.75], "texture": "#main"},
				"up": {"uv": [8.25, 14.5, 9.5, 15.75], "rotation": 90, "texture": "#main"},
				"down": {"uv": [8.25, 14.5, 9.5, 15.75], "rotation": 270, "texture": "#main"}
			}
		},
		{
			"name": "blade",
			"from": [11, 7.75, 3],
			"to": [12, 8.25, 4],
			"rotation": {"angle": 45, "axis": "y", "origin": [8, 8, 8]},
			"faces": {
				"north": {"uv": [8.25, 14.5, 9.5, 15.75], "texture": "#main"},
				"east": {"uv": [8.25, 14.5, 9.5, 15.75], "texture": "#main"},
				"south": {"uv": [8.25, 14.5, 9.5, 15.75], "texture": "#main"},
				"west": {"uv": [8.25, 14.5, 9.5, 15.75], "texture": "#main"},
				"up": {"uv": [8.25, 14.5, 9.5, 15.75], "texture": "#main"},
				"down": {"uv": [8.25, 14.5, 9.5, 15.75], "texture": "#main"}
			}
		}
	],
	"gui_light": "front",
	"display": {
		"thirdperson_righthand": {
			"rotation": [-25, 10, -90],
			"translation": [0, -2, 1]
		},
		"thirdperson_lefthand": {
			"rotation": [-25, 10, -90],
			"translation": [0, -2, 1]
		},
		"firstperson_righthand": {
			"rotation": [45, 15, -90],
			"translation": [-0.25, 5.5, 1],
			"scale": [0.85, 0.85, 0.85]
		},
		"firstperson_lefthand": {
			"rotation": [45, 15, -90],
			"translation": [0.25, 5.5, 1],
			"scale": [0.85, 0.85, 0.85]
		},
		"ground": {
			"rotation": [45, 0, -90],
			"translation": [0, 2, 0],
			"scale": [0.55, 0.55, 0.55]
		},
		"gui": {
			"rotation": [-90, -45, 0],
			"scale": [1.15, 1.15, 1.15]
		},
		"head": {
			"translation": [0, -6, 0],
			"scale": [2.3, 2.3, 2.3]
		},
		"fixed": {
			"rotation": [-90, 45, 0],
			"translation": [0, 0, -1],
			"scale": [1.35, 1.35, 1.35]
		}
	}
}