{"textures":{"2":"modelengine:entity/em_goblin_armor_armor"},"elements":[{"from":[6.857143,5.714286,5.714286],"to":[8.571428,8.571428,8.571428],"rotation":{"angle":0.0,"axis":"y","origin":[6.857143,8.0,8.0]},"faces":{"east":{"uv":[7.0,8.0,9.5,10.5],"rotation":0,"texture":"#2","tintindex":0},"south":{"uv":[0.0,8.0,1.5,10.5],"rotation":0,"texture":"#2","tintindex":0},"north":{"uv":[8.5,5.5,10.0,8.0],"rotation":0,"texture":"#2","tintindex":0},"west":{"uv":[4.5,8.0,7.0,10.5],"rotation":0,"texture":"#2","tintindex":0},"up":{"uv":[3.0,8.0,4.5,10.5],"rotation":0,"texture":"#2","tintindex":0},"down":{"uv":[1.5,8.0,3.0,10.5],"rotation":0,"texture":"#2","tintindex":0}}}],"display":{"head":{"translation":[0.0,-6.4,0.0],"scale":[4.0,4.0,4.0]}}}