{"textures":{"0":"modelengine:entity/em_goblin_armor_main"},"elements":[{"from":[5.142857,7.428571,7.428571],"to":[8.571428,8.571428,8.571428],"rotation":{"angle":0.0,"axis":"y","origin":[8.571428,8.0,8.0]},"faces":{"east":{"uv":[5.0,13.0,6.0,14.0],"rotation":0,"texture":"#0","tintindex":0},"south":{"uv":[7.0,11.5,10.0,12.5],"rotation":0,"texture":"#0","tintindex":0},"north":{"uv":[11.0,4.0,14.0,5.0],"rotation":0,"texture":"#0","tintindex":0},"west":{"uv":[6.0,13.0,7.0,14.0],"rotation":0,"texture":"#0","tintindex":0},"up":{"uv":[15.0,6.0,12.0,5.0],"rotation":0,"texture":"#0","tintindex":0},"down":{"uv":[15.0,6.0,12.0,7.0],"rotation":0,"texture":"#0","tintindex":0}}}],"display":{"head":{"translation":[0.0,-6.4,0.0],"scale":[4.0,4.0,4.0]}}}