{"textures":{"0":"modelengine:entity/em_advisor"},"elements":[{"from":[5.714286,-5.714287,5.714286],"to":[10.285714,8.0,10.285714],"rotation":{"angle":0.0,"axis":"y","origin":[14.857143,-19.428574,8.0]},"faces":{"east":{"uv":[9.0,0.0,10.0,3.0],"rotation":0,"texture":"#0","tintindex":0},"south":{"uv":[9.0,3.0,10.0,6.0],"rotation":0,"texture":"#0","tintindex":0},"north":{"uv":[7.0,8.0,8.0,11.0],"rotation":0,"texture":"#0","tintindex":0},"west":{"uv":[9.0,6.0,10.0,9.0],"rotation":0,"texture":"#0","tintindex":0},"up":{"uv":[3.0,12.5,2.0,11.5],"rotation":0,"texture":"#0","tintindex":0},"down":{"uv":[4.0,11.5,3.0,12.5],"rotation":0,"texture":"#0","tintindex":0}}}],"display":{"head":{"translation":[0.0,-6.4,0.0],"scale":[4.0,4.0,4.0]}}}