{"textures":{"0":"modelengine:entity/em_advisor"},"elements":[{"from":[5.714286,-5.714287,5.714286],"to":[10.285714,8.0,10.285714],"rotation":{"angle":0.0,"axis":"y","origin":[5.714286,-5.714287,8.0]},"faces":{"east":{"uv":[0.0,7.75,1.0,10.75],"rotation":0,"texture":"#0","tintindex":0},"south":{"uv":[1.0,7.75,2.0,10.75],"rotation":0,"texture":"#0","tintindex":0},"north":{"uv":[5.0,6.5,6.0,9.5],"rotation":0,"texture":"#0","tintindex":0},"west":{"uv":[2.0,7.75,3.0,10.75],"rotation":0,"texture":"#0","tintindex":0},"up":{"uv":[12.25,11.0,11.25,10.0],"rotation":0,"texture":"#0","tintindex":0},"down":{"uv":[12.25,11.0,11.25,12.0],"rotation":0,"texture":"#0","tintindex":0}}}],"display":{"head":{"translation":[0.0,-6.4,0.0],"scale":[4.0,4.0,4.0]}}}