{"textures":{"0":"modelengine:entity/em_advisor"},"elements":[{"from":[5.714286,-5.714287,5.714286],"to":[10.285714,8.0,10.285714],"rotation":{"angle":0.0,"axis":"y","origin":[1.1428566,-19.428574,8.0]},"faces":{"east":{"uv":[9.0,9.0,10.0,12.0],"rotation":0,"texture":"#0","tintindex":0},"south":{"uv":[5.0,9.5,6.0,12.5],"rotation":0,"texture":"#0","tintindex":0},"north":{"uv":[8.0,9.0,9.0,12.0],"rotation":0,"texture":"#0","tintindex":0},"west":{"uv":[10.0,0.0,11.0,3.0],"rotation":0,"texture":"#0","tintindex":0},"up":{"uv":[12.75,7.5,11.75,6.5],"rotation":0,"texture":"#0","tintindex":0},"down":{"uv":[12.75,7.5,11.75,8.5],"rotation":0,"texture":"#0","tintindex":0}}}],"display":{"head":{"translation":[0.0,-6.4,0.0],"scale":[4.0,4.0,4.0]}}}