{"textures":{"0":"modelengine:entity/em_advisor"},"elements":[{"from":[7.428571,7.428571,2.8571424],"to":[8.571428,8.571428,12.571428],"rotation":{"angle":0.0,"axis":"y","origin":[14.857143,-7.4285717,8.0]},"faces":{"east":{"uv":[11.75,8.5,13.875,8.75],"rotation":0,"texture":"#0","tintindex":0},"south":{"uv":[8.0,12.5,8.25,12.75],"rotation":0,"texture":"#0","tintindex":0},"north":{"uv":[7.75,12.5,8.0,12.75],"rotation":0,"texture":"#0","tintindex":0},"west":{"uv":[12.0,6.125,14.125,6.375],"rotation":0,"texture":"#0","tintindex":0},"up":{"uv":[5.0,12.875,4.75,10.75],"rotation":0,"texture":"#0","tintindex":0},"down":{"uv":[0.25,12.5,0.0,14.625],"rotation":0,"texture":"#0","tintindex":0}}},{"from":[6.857143,6.857143,2.8571424],"to":[9.142858,9.142858,12.571428],"rotation":{"angle":0.0,"axis":"y","origin":[14.857143,-7.4285717,8.0]},"faces":{"east":{"uv":[11.0,2.5,13.125,3.0],"rotation":0,"texture":"#0","tintindex":0},"south":{"uv":[3.25,12.5,3.75,13.0],"rotation":0,"texture":"#0","tintindex":0},"north":{"uv":[7.5,3.5,8.0,4.0],"rotation":0,"texture":"#0","tintindex":0},"west":{"uv":[11.25,9.5,13.375,10.0],"rotation":0,"texture":"#0","tintindex":0},"up":{"uv":[7.25,13.125,6.75,11.0],"rotation":0,"texture":"#0","tintindex":0},"down":{"uv":[7.75,11.0,7.25,13.125],"rotation":0,"texture":"#0","tintindex":0}}}],"display":{"head":{"translation":[0.0,-6.4,0.0],"scale":[4.0,4.0,4.0]}}}