{
	"credit": "Made with Blockbench",
	"textures": {
		"0": "block/anvil",
		"1": "block/oak_log",
		"particle": "block/anvil"
	},
	"elements": [
		{
			"name": "hexadecagon",
			"from": [7.6, 7.72909, -5.53806],
			"to": [8.4, 7.88822, 11.46194],
			"rotation": {"angle": -45, "axis": "z", "origin": [8, 7.80866, 8.46194]},
			"faces": {
				"north": {"uv": [0, 0, 1, 1], "texture": "#0"},
				"east": {"uv": [0, 0, 1, 1], "texture": "#0"},
				"south": {"uv": [0, 0, 1, 1], "texture": "#0"},
				"west": {"uv": [0, 0, 1, 1], "texture": "#0"},
				"up": {"uv": [0, 0, 1, 1], "rotation": 90, "texture": "#0"},
				"down": {"uv": [0, 0, 1, 1], "rotation": 270, "texture": "#0"}
			}
		},
		{
			"name": "hexadecagon",
			"from": [7.6, 7.72909, -5.53806],
			"to": [8.4, 7.88822, 11.46194],
			"rotation": {"angle": -22.5, "axis": "z", "origin": [8, 7.80866, 8.46194]},
			"faces": {
				"north": {"uv": [0, 0, 1, 1], "texture": "#0"},
				"east": {"uv": [0, 0, 1, 1], "texture": "#0"},
				"south": {"uv": [0, 0, 1, 1], "texture": "#0"},
				"west": {"uv": [0, 0, 1, 1], "texture": "#0"},
				"up": {"uv": [0, 0, 1, 1], "rotation": 90, "texture": "#0"},
				"down": {"uv": [0, 0, 1, 1], "rotation": 270, "texture": "#0"}
			}
		},
		{
			"name": "hexadecagon",
			"from": [7.6, 7.72909, -5.53806],
			"to": [8.4, 7.88822, 11.46194],
			"rotation": {"angle": 0, "axis": "y", "origin": [8, 7.80866, 8.46194]},
			"faces": {
				"north": {"uv": [0, 0, 1, 1], "texture": "#0"},
				"east": {"uv": [0, 0, 1, 1], "texture": "#0"},
				"south": {"uv": [0, 0, 1, 1], "texture": "#0"},
				"west": {"uv": [0, 0, 1, 1], "texture": "#0"},
				"up": {"uv": [0, 0, 1, 1], "rotation": 90, "texture": "#0"},
				"down": {"uv": [0, 0, 1, 1], "rotation": 270, "texture": "#0"}
			}
		},
		{
			"name": "hexadecagon",
			"from": [7.6, 7.72909, -5.53806],
			"to": [8.4, 7.88822, 11.46194],
			"rotation": {"angle": 22.5, "axis": "z", "origin": [8, 7.80866, 8.46194]},
			"faces": {
				"north": {"uv": [0, 0, 1, 1], "texture": "#0"},
				"east": {"uv": [0, 0, 1, 1], "texture": "#0"},
				"south": {"uv": [0, 0, 1, 1], "texture": "#0"},
				"west": {"uv": [0, 0, 1, 1], "texture": "#0"},
				"up": {"uv": [0, 0, 1, 1], "rotation": 90, "texture": "#0"},
				"down": {"uv": [0, 0, 1, 1], "rotation": 270, "texture": "#0"}
			}
		},
		{
			"name": "hexadecagon",
			"from": [7.6, 7.72909, -5.53806],
			"to": [8.4, 7.88822, 11.46194],
			"rotation": {"angle": 45, "axis": "z", "origin": [8, 7.80866, 8.46194]},
			"faces": {
				"north": {"uv": [0, 0, 1, 1], "texture": "#0"},
				"east": {"uv": [0, 0, 1, 1], "texture": "#0"},
				"south": {"uv": [0, 0, 1, 1], "texture": "#0"},
				"west": {"uv": [0, 0, 1, 1], "texture": "#0"},
				"up": {"uv": [0, 0, 1, 1], "rotation": 90, "texture": "#0"},
				"down": {"uv": [0, 0, 1, 1], "rotation": 270, "texture": "#0"}
			}
		},
		{
			"name": "hexadecagon",
			"from": [7.92044, 7.40866, -5.53806],
			"to": [8.07956, 8.20866, 11.46194],
			"rotation": {"angle": -22.5, "axis": "z", "origin": [8, 7.80866, 8.46194]},
			"faces": {
				"north": {"uv": [0, 0, 1, 1], "texture": "#0"},
				"east": {"uv": [0, 0, 1, 1], "texture": "#0"},
				"south": {"uv": [0, 0, 1, 1], "texture": "#0"},
				"west": {"uv": [0, 0, 1, 1], "texture": "#0"},
				"up": {"uv": [0, 0, 1, 1], "rotation": 90, "texture": "#0"},
				"down": {"uv": [0, 0, 1, 1], "rotation": 270, "texture": "#0"}
			}
		},
		{
			"name": "hexadecagon",
			"from": [7.92044, 7.40866, -5.53806],
			"to": [8.07956, 8.20866, 11.46194],
			"rotation": {"angle": 0, "axis": "y", "origin": [8, 7.80866, 8.46194]},
			"faces": {
				"north": {"uv": [0, 0, 1, 1], "texture": "#0"},
				"east": {"uv": [0, 0, 1, 1], "texture": "#0"},
				"south": {"uv": [0, 0, 1, 1], "texture": "#0"},
				"west": {"uv": [0, 0, 1, 1], "texture": "#0"},
				"up": {"uv": [0, 0, 1, 1], "rotation": 90, "texture": "#0"},
				"down": {"uv": [0, 0, 1, 1], "rotation": 270, "texture": "#0"}
			}
		},
		{
			"name": "hexadecagon",
			"from": [7.92044, 8.20866, -5.53806],
			"to": [8.07956, 8.60866, -4.53806],
			"rotation": {"angle": 0, "axis": "y", "origin": [8, 8.60866, 8.46194]},
			"faces": {
				"north": {"uv": [0, 0, 1, 1], "texture": "#0"},
				"east": {"uv": [0, 0, 1, 1], "texture": "#0"},
				"south": {"uv": [0, 0, 1, 1], "texture": "#0"},
				"west": {"uv": [0, 0, 1, 1], "texture": "#0"},
				"up": {"uv": [0, 0, 1, 1], "rotation": 90, "texture": "#0"},
				"down": {"uv": [0, 0, 1, 1], "rotation": 270, "texture": "#0"}
			}
		},
		{
			"name": "hexadecagon",
			"from": [7.92044, 7.91368, -4.82593],
			"to": [8.07956, 8.31368, -3.82593],
			"rotation": {"angle": 45, "axis": "x", "origin": [8, 8.11368, -4.32593]},
			"faces": {
				"north": {"uv": [0, 0, 1, 1], "texture": "#0"},
				"east": {"uv": [0, 0, 1, 1], "texture": "#0"},
				"south": {"uv": [0, 0, 1, 1], "texture": "#0"},
				"west": {"uv": [0, 0, 1, 1], "texture": "#0"},
				"up": {"uv": [0, 0, 1, 1], "rotation": 90, "texture": "#0"},
				"down": {"uv": [0, 0, 1, 1], "rotation": 270, "texture": "#0"}
			}
		},
		{
			"name": "hexadecagon",
			"from": [7.92044, 7.40866, -5.53806],
			"to": [8.07956, 8.20866, 11.46194],
			"rotation": {"angle": 22.5, "axis": "z", "origin": [8, 7.80866, 8.46194]},
			"faces": {
				"north": {"uv": [0, 0, 1, 1], "texture": "#0"},
				"east": {"uv": [0, 0, 1, 1], "texture": "#0"},
				"south": {"uv": [0, 0, 1, 1], "texture": "#0"},
				"west": {"uv": [0, 0, 1, 1], "texture": "#0"},
				"up": {"uv": [0, 0, 1, 1], "rotation": 90, "texture": "#0"},
				"down": {"uv": [0, 0, 1, 1], "rotation": 270, "texture": "#0"}
			}
		},
		{
			"name": "hexadecagon",
			"from": [7.6, 6.82909, -4.53806],
			"to": [8.4, 6.98822, 11.46194],
			"rotation": {"angle": -45, "axis": "z", "origin": [8, 6.90866, 8.46194]},
			"faces": {
				"north": {"uv": [0, 0, 1, 1], "texture": "#0"},
				"east": {"uv": [0, 0, 1, 1], "texture": "#0"},
				"south": {"uv": [0, 0, 1, 1], "texture": "#0"},
				"west": {"uv": [0, 0, 1, 1], "texture": "#0"},
				"up": {"uv": [0, 0, 1, 1], "rotation": 90, "texture": "#0"},
				"down": {"uv": [0, 0, 1, 1], "rotation": 270, "texture": "#0"}
			}
		},
		{
			"name": "hexadecagon",
			"from": [7.6, 6.82909, -4.53806],
			"to": [8.4, 6.98822, 11.46194],
			"rotation": {"angle": -22.5, "axis": "z", "origin": [8, 6.90866, 8.46194]},
			"faces": {
				"north": {"uv": [0, 0, 1, 1], "texture": "#0"},
				"east": {"uv": [0, 0, 1, 1], "texture": "#0"},
				"south": {"uv": [0, 0, 1, 1], "texture": "#0"},
				"west": {"uv": [0, 0, 1, 1], "texture": "#0"},
				"up": {"uv": [0, 0, 1, 1], "rotation": 90, "texture": "#0"},
				"down": {"uv": [0, 0, 1, 1], "rotation": 270, "texture": "#0"}
			}
		},
		{
			"name": "hexadecagon",
			"from": [7.6, 6.82909, -4.53806],
			"to": [8.4, 6.98822, 11.46194],
			"rotation": {"angle": 0, "axis": "y", "origin": [8, 6.90866, 8.46194]},
			"faces": {
				"north": {"uv": [0, 0, 1, 1], "texture": "#0"},
				"east": {"uv": [0, 0, 1, 1], "texture": "#0"},
				"south": {"uv": [0, 0, 1, 1], "texture": "#0"},
				"west": {"uv": [0, 0, 1, 1], "texture": "#0"},
				"up": {"uv": [0, 0, 1, 1], "rotation": 90, "texture": "#0"},
				"down": {"uv": [0, 0, 1, 1], "rotation": 270, "texture": "#0"}
			}
		},
		{
			"name": "hexadecagon",
			"from": [7.6, 6.82909, -4.53806],
			"to": [8.4, 6.98822, 11.46194],
			"rotation": {"angle": 22.5, "axis": "z", "origin": [8, 6.90866, 8.46194]},
			"faces": {
				"north": {"uv": [0, 0, 1, 1], "texture": "#0"},
				"east": {"uv": [0, 0, 1, 1], "texture": "#0"},
				"south": {"uv": [0, 0, 1, 1], "texture": "#0"},
				"west": {"uv": [0, 0, 1, 1], "texture": "#0"},
				"up": {"uv": [0, 0, 1, 1], "rotation": 90, "texture": "#0"},
				"down": {"uv": [0, 0, 1, 1], "rotation": 270, "texture": "#0"}
			}
		},
		{
			"name": "hexadecagon",
			"from": [7.6, 6.82909, -4.53806],
			"to": [8.4, 6.98822, 11.46194],
			"rotation": {"angle": 45, "axis": "z", "origin": [8, 6.90866, 8.46194]},
			"faces": {
				"north": {"uv": [0, 0, 1, 1], "texture": "#0"},
				"east": {"uv": [0, 0, 1, 1], "texture": "#0"},
				"south": {"uv": [0, 0, 1, 1], "texture": "#0"},
				"west": {"uv": [0, 0, 1, 1], "texture": "#0"},
				"up": {"uv": [0, 0, 1, 1], "rotation": 90, "texture": "#0"},
				"down": {"uv": [0, 0, 1, 1], "rotation": 270, "texture": "#0"}
			}
		},
		{
			"name": "hexadecagon",
			"from": [7.92044, 6.50866, -4.53806],
			"to": [8.07956, 7.30866, 11.46194],
			"rotation": {"angle": -22.5, "axis": "z", "origin": [8, 6.90866, 8.46194]},
			"faces": {
				"north": {"uv": [0, 0, 1, 1], "texture": "#0"},
				"east": {"uv": [0, 0, 1, 1], "texture": "#0"},
				"south": {"uv": [0, 0, 1, 1], "texture": "#0"},
				"west": {"uv": [0, 0, 1, 1], "texture": "#0"},
				"up": {"uv": [0, 0, 1, 1], "rotation": 90, "texture": "#0"},
				"down": {"uv": [0, 0, 1, 1], "rotation": 270, "texture": "#0"}
			}
		},
		{
			"name": "hexadecagon",
			"from": [7.92044, 6.50866, -4.53806],
			"to": [8.07956, 7.30866, 11.46194],
			"rotation": {"angle": 0, "axis": "y", "origin": [8, 6.90866, 8.46194]},
			"faces": {
				"north": {"uv": [0, 0, 1, 1], "texture": "#0"},
				"east": {"uv": [0, 0, 1, 1], "texture": "#0"},
				"south": {"uv": [0, 0, 1, 1], "texture": "#0"},
				"west": {"uv": [0, 0, 1, 1], "texture": "#0"},
				"up": {"uv": [0, 0, 1, 1], "rotation": 90, "texture": "#0"},
				"down": {"uv": [0, 0, 1, 1], "rotation": 270, "texture": "#0"}
			}
		},
		{
			"name": "hexadecagon",
			"from": [7.92044, 6.50866, -4.53806],
			"to": [8.07956, 7.30866, 11.46194],
			"rotation": {"angle": 22.5, "axis": "z", "origin": [8, 6.90866, 8.46194]},
			"faces": {
				"north": {"uv": [0, 0, 1, 1], "texture": "#0"},
				"east": {"uv": [0, 0, 1, 1], "texture": "#0"},
				"south": {"uv": [0, 0, 1, 1], "texture": "#0"},
				"west": {"uv": [0, 0, 1, 1], "texture": "#0"},
				"up": {"uv": [0, 0, 1, 1], "rotation": 90, "texture": "#0"},
				"down": {"uv": [0, 0, 1, 1], "rotation": 270, "texture": "#0"}
			}
		},
		{
			"name": "hexadecagon",
			"from": [7.55, 6.81915, 5.46194],
			"to": [8.45, 6.99817, 11.06194],
			"rotation": {"angle": 45, "axis": "z", "origin": [8, 6.90866, 8.46194]},
			"faces": {
				"north": {"uv": [0, 0, 1, 1], "texture": "#1"},
				"east": {"uv": [0, 0, 1, 1], "texture": "#1"},
				"south": {"uv": [0, 0, 1, 1], "texture": "#1"},
				"west": {"uv": [0, 0, 1, 1], "texture": "#1"},
				"up": {"uv": [0, 0, 1, 1], "rotation": 270, "texture": "#1"},
				"down": {"uv": [0, 0, 1, 1], "rotation": 90, "texture": "#1"}
			}
		},
		{
			"name": "hexadecagon",
			"from": [7.55, 6.81915, 5.46194],
			"to": [8.45, 6.99817, 11.06194],
			"rotation": {"angle": 22.5, "axis": "z", "origin": [8, 6.90866, 8.46194]},
			"faces": {
				"north": {"uv": [0, 0, 1, 1], "texture": "#1"},
				"east": {"uv": [0, 0, 1, 1], "texture": "#1"},
				"south": {"uv": [0, 0, 1, 1], "texture": "#1"},
				"west": {"uv": [0, 0, 1, 1], "texture": "#1"},
				"up": {"uv": [0, 0, 1, 1], "rotation": 270, "texture": "#1"},
				"down": {"uv": [0, 0, 1, 1], "rotation": 90, "texture": "#1"}
			}
		},
		{
			"name": "hexadecagon",
			"from": [7.55, 6.81915, 5.46194],
			"to": [8.45, 6.99817, 11.06194],
			"rotation": {"angle": 0, "axis": "y", "origin": [8, 6.90866, 8.46194]},
			"faces": {
				"north": {"uv": [0, 0, 1, 1], "texture": "#1"},
				"east": {"uv": [0, 0, 1, 1], "texture": "#1"},
				"south": {"uv": [0, 0, 1, 1], "texture": "#1"},
				"west": {"uv": [0, 0, 1, 1], "texture": "#1"},
				"up": {"uv": [0, 0, 1, 1], "rotation": 270, "texture": "#1"},
				"down": {"uv": [0, 0, 1, 1], "rotation": 90, "texture": "#1"}
			}
		},
		{
			"name": "hexadecagon",
			"from": [7.55, 6.81915, 5.46194],
			"to": [8.45, 6.99817, 11.06194],
			"rotation": {"angle": -22.5, "axis": "z", "origin": [8, 6.90866, 8.46194]},
			"faces": {
				"north": {"uv": [0, 0, 1, 1], "texture": "#1"},
				"east": {"uv": [0, 0, 1, 1], "texture": "#1"},
				"south": {"uv": [0, 0, 1, 1], "texture": "#1"},
				"west": {"uv": [0, 0, 1, 1], "texture": "#1"},
				"up": {"uv": [0, 0, 1, 1], "rotation": 270, "texture": "#1"},
				"down": {"uv": [0, 0, 1, 1], "rotation": 90, "texture": "#1"}
			}
		},
		{
			"name": "hexadecagon",
			"from": [7.55, 6.81915, 5.46194],
			"to": [8.45, 6.99817, 11.06194],
			"rotation": {"angle": -45, "axis": "z", "origin": [8, 6.90866, 8.46194]},
			"faces": {
				"north": {"uv": [0, 0, 1, 1], "texture": "#1"},
				"east": {"uv": [0, 0, 1, 1], "texture": "#1"},
				"south": {"uv": [0, 0, 1, 1], "texture": "#1"},
				"west": {"uv": [0, 0, 1, 1], "texture": "#1"},
				"up": {"uv": [0, 0, 1, 1], "rotation": 270, "texture": "#1"},
				"down": {"uv": [0, 0, 1, 1], "rotation": 90, "texture": "#1"}
			}
		},
		{
			"name": "hexadecagon",
			"from": [7.91049, 6.45866, 5.46194],
			"to": [8.08951, 7.35866, 11.06194],
			"rotation": {"angle": 22.5, "axis": "z", "origin": [8, 6.90866, 8.46194]},
			"faces": {
				"north": {"uv": [0, 0, 1, 1], "texture": "#1"},
				"east": {"uv": [0, 0, 1, 1], "texture": "#1"},
				"south": {"uv": [0, 0, 1, 1], "texture": "#1"},
				"west": {"uv": [0, 0, 1, 1], "texture": "#1"},
				"up": {"uv": [0, 0, 1, 1], "rotation": 270, "texture": "#1"},
				"down": {"uv": [0, 0, 1, 1], "rotation": 90, "texture": "#1"}
			}
		},
		{
			"name": "hexadecagon",
			"from": [7.91049, 6.45866, 5.46194],
			"to": [8.08951, 7.35866, 11.06194],
			"rotation": {"angle": 0, "axis": "y", "origin": [8, 6.90866, 8.46194]},
			"faces": {
				"north": {"uv": [0, 0, 1, 1], "texture": "#1"},
				"east": {"uv": [0, 0, 1, 1], "texture": "#1"},
				"south": {"uv": [0, 0, 1, 1], "texture": "#1"},
				"west": {"uv": [0, 0, 1, 1], "texture": "#1"},
				"up": {"uv": [0, 0, 1, 1], "rotation": 270, "texture": "#1"},
				"down": {"uv": [0, 0, 1, 1], "rotation": 90, "texture": "#1"}
			}
		},
		{
			"name": "hexadecagon",
			"from": [7.91049, 6.45866, 5.46194],
			"to": [8.08951, 7.35866, 11.06194],
			"rotation": {"angle": -22.5, "axis": "z", "origin": [8, 6.90866, 8.46194]},
			"faces": {
				"north": {"uv": [0, 0, 1, 1], "texture": "#1"},
				"east": {"uv": [0, 0, 1, 1], "texture": "#1"},
				"south": {"uv": [0, 0, 1, 1], "texture": "#1"},
				"west": {"uv": [0, 0, 1, 1], "texture": "#1"},
				"up": {"uv": [0, 0, 1, 1], "rotation": 270, "texture": "#1"},
				"down": {"uv": [0, 0, 1, 1], "rotation": 90, "texture": "#1"}
			}
		},
		{
			"from": [7.6, 6.40866, 11.46194],
			"to": [8.5, 8.30866, 16.46194],
			"rotation": {"angle": 0, "axis": "y", "origin": [0, -0.19134, 0.46194]},
			"faces": {
				"north": {"uv": [0, 0, 0.9, 1.9], "texture": "#0"},
				"east": {"uv": [0, 0, 5, 1.9], "texture": "#0"},
				"south": {"uv": [0, 0, 0.9, 1.9], "texture": "#0"},
				"west": {"uv": [0, 0, 5, 1.9], "texture": "#0"},
				"up": {"uv": [0, 0, 0.9, 5], "texture": "#0"},
				"down": {"uv": [0, 0, 0.9, 5], "texture": "#0"}
			}
		},
		{
			"from": [7.6, 6.40866, 16.46194],
			"to": [8.5, 7.00866, 16.66194],
			"rotation": {"angle": 0, "axis": "y", "origin": [0, -0.19134, 0.46194]},
			"faces": {
				"north": {"uv": [0, 0, 0.9, 0.6], "texture": "#0"},
				"east": {"uv": [0, 0, 0.2, 0.6], "texture": "#0"},
				"south": {"uv": [0, 0, 0.9, 0.6], "texture": "#0"},
				"west": {"uv": [0, 0, 0.2, 0.6], "texture": "#0"},
				"up": {"uv": [0, 0, 0.9, 0.2], "texture": "#0"},
				"down": {"uv": [0, 0, 0.9, 0.2], "texture": "#0"}
			}
		},
		{
			"from": [7.7, 8.30866, 15.16194],
			"to": [8.4, 8.40866, 15.46194],
			"rotation": {"angle": 0, "axis": "y", "origin": [0, -0.19134, 0.46194]},
			"faces": {
				"north": {"uv": [0, 0, 0.7, 0.1], "texture": "#0"},
				"east": {"uv": [0, 0, 0.3, 0.1], "texture": "#0"},
				"south": {"uv": [0, 0, 0.7, 0.1], "texture": "#0"},
				"west": {"uv": [0, 0, 0.3, 0.1], "texture": "#0"},
				"up": {"uv": [0, 0, 0.7, 0.3], "texture": "#0"},
				"down": {"uv": [0, 0, 0.7, 0.3], "texture": "#0"}
			}
		},
		{
			"from": [7.8, 8.40866, 15.16194],
			"to": [7.9, 8.60866, 15.46194],
			"rotation": {"angle": 0, "axis": "y", "origin": [0, -0.09134, 0.46194]},
			"faces": {
				"north": {"uv": [0, 0, 0.1, 0.2], "texture": "#0"},
				"east": {"uv": [0, 0, 0.3, 0.2], "texture": "#0"},
				"south": {"uv": [0, 0, 0.1, 0.2], "texture": "#0"},
				"west": {"uv": [0, 0, 0.3, 0.2], "texture": "#0"},
				"up": {"uv": [0, 0, 0.1, 0.3], "texture": "#0"},
				"down": {"uv": [0, 0, 0.1, 0.3], "texture": "#0"}
			}
		},
		{
			"from": [8.2, 8.40866, 15.16194],
			"to": [8.3, 8.60866, 15.46194],
			"rotation": {"angle": 0, "axis": "y", "origin": [0.4, -0.09134, 0.46194]},
			"faces": {
				"north": {"uv": [0, 0, 0.1, 0.2], "texture": "#0"},
				"east": {"uv": [0, 0, 0.3, 0.2], "texture": "#0"},
				"south": {"uv": [0, 0, 0.1, 0.2], "texture": "#0"},
				"west": {"uv": [0, 0, 0.3, 0.2], "texture": "#0"},
				"up": {"uv": [0, 0, 0.1, 0.3], "texture": "#0"},
				"down": {"uv": [0, 0, 0.1, 0.3], "texture": "#0"}
			}
		},
		{
			"from": [7.8, 5.80866, 15.46194],
			"to": [8.3, 6.50866, 15.66194],
			"rotation": {"angle": 0, "axis": "y", "origin": [0, -0.19134, 0.46194]},
			"faces": {
				"north": {"uv": [0, 0, 0.5, 0.7], "texture": "#0"},
				"east": {"uv": [0, 0, 0.2, 0.7], "texture": "#0"},
				"south": {"uv": [0, 0, 0.5, 0.7], "texture": "#0"},
				"west": {"uv": [0, 0, 0.2, 0.7], "texture": "#0"},
				"up": {"uv": [0, 0, 0.5, 0.2], "texture": "#0"},
				"down": {"uv": [0, 0, 0.5, 0.2], "texture": "#0"}
			}
		},
		{
			"from": [7.6, 5.40866, 14.86194],
			"to": [8.5, 6.40866, 15.06194],
			"rotation": {"angle": 0, "axis": "y", "origin": [0, -0.19134, 0.46194]},
			"faces": {
				"north": {"uv": [0, 0, 0.9, 1], "texture": "#0"},
				"east": {"uv": [0, 0, 0.2, 1], "texture": "#0"},
				"south": {"uv": [0, 0, 0.9, 1], "texture": "#0"},
				"west": {"uv": [0, 0, 0.2, 1], "texture": "#0"},
				"up": {"uv": [0, 0, 0.9, 0.2], "texture": "#0"},
				"down": {"uv": [0, 0, 0.9, 0.2], "texture": "#0"}
			}
		},
		{
			"from": [7.6, 5.40866, 16.26194],
			"to": [8.5, 6.40866, 16.46194],
			"rotation": {"angle": 0, "axis": "y", "origin": [0, -0.19134, 0.46194]},
			"faces": {
				"north": {"uv": [0, 0, 0.9, 1], "texture": "#0"},
				"east": {"uv": [0, 0, 0.2, 1], "texture": "#0"},
				"south": {"uv": [0, 0, 0.9, 1], "texture": "#0"},
				"west": {"uv": [0, 0, 0.2, 1], "texture": "#0"},
				"up": {"uv": [0, 0, 0.9, 0.2], "texture": "#0"},
				"down": {"uv": [0, 0, 0.9, 0.2], "texture": "#0"}
			}
		},
		{
			"from": [7.6, 5.40866, 14.86194],
			"to": [8.5, 5.60866, 16.26194],
			"rotation": {"angle": 0, "axis": "y", "origin": [0, -0.19134, 0.46194]},
			"faces": {
				"north": {"uv": [0, 0, 0.9, 0.2], "texture": "#0"},
				"east": {"uv": [0, 0, 1.4, 0.2], "texture": "#0"},
				"south": {"uv": [0, 0, 0.9, 0.2], "texture": "#0"},
				"west": {"uv": [0, 0, 1.4, 0.2], "texture": "#0"},
				"up": {"uv": [0, 0, 0.9, 1.4], "texture": "#0"},
				"down": {"uv": [0, 0, 0.9, 1.4], "texture": "#0"}
			}
		},
		{
			"from": [7.6, 6.79078, 16.24207],
			"to": [8.5, 7.99078, 17.44207],
			"rotation": {"angle": -22.5, "axis": "x", "origin": [8.05, 7.39078, 17.29207]},
			"faces": {
				"north": {"uv": [0, 0, 0.9, 1.2], "texture": "#0"},
				"east": {"uv": [0, 0, 1.2, 1.2], "texture": "#0"},
				"south": {"uv": [0, 0, 0.9, 1.2], "texture": "#0"},
				"west": {"uv": [0, 0, 1.2, 1.2], "texture": "#0"},
				"up": {"uv": [0, 0, 0.9, 1.2], "texture": "#0"},
				"down": {"uv": [0, 0, 0.9, 1.2], "texture": "#0"}
			}
		},
		{
			"from": [7.6, 7.04354, 16.38931],
			"to": [8.5, 8.24354, 17.18931],
			"rotation": {"angle": 22.5, "axis": "x", "origin": [8.05, 8.09354, 16.58931]},
			"faces": {
				"north": {"uv": [0, 0, 0.9, 1.2], "rotation": 180, "texture": "#0"},
				"east": {"uv": [0, 0, 1.2, 0.8], "rotation": 90, "texture": "#0"},
				"south": {"uv": [0, 0, 0.9, 1.2], "texture": "#0"},
				"west": {"uv": [0, 0, 1.2, 0.8], "rotation": 270, "texture": "#0"},
				"up": {"uv": [0, 0, 0.9, 0.8], "texture": "#0"},
				"down": {"uv": [0, 0, 0.9, 0.8], "rotation": 180, "texture": "#0"}
			}
		},
		{
			"from": [7.6, 6.48134, 16.96568],
			"to": [8.5, 7.58134, 18.26568],
			"rotation": {"angle": 22.5, "axis": "x", "origin": [8.05, 7.48134, 16.71568]},
			"faces": {
				"north": {"uv": [0, 0, 0.9, 1.1], "rotation": 180, "texture": "#1"},
				"east": {"uv": [0, 0, 1.1, 1.3], "rotation": 90, "texture": "#1"},
				"south": {"uv": [0, 0, 0.9, 1.1], "texture": "#1"},
				"west": {"uv": [0, 0, 1.1, 1.3], "rotation": 270, "texture": "#1"},
				"up": {"uv": [0, 0, 0.9, 1.3], "texture": "#1"},
				"down": {"uv": [0, 0, 0.9, 1.3], "rotation": 180, "texture": "#1"}
			}
		},
		{
			"from": [7.6, 4.45351, 17.24993],
			"to": [8.5, 6.95351, 18.44993],
			"rotation": {"angle": -22.5, "axis": "x", "origin": [8.05, 6.30351, 18.24993]},
			"faces": {
				"north": {"uv": [0, 0, 0.9, 2.5], "texture": "#1"},
				"east": {"uv": [0, 0, 1.2, 2.5], "texture": "#1"},
				"south": {"uv": [0, 0, 0.9, 2.5], "texture": "#1"},
				"west": {"uv": [0, 0, 1.2, 2.5], "texture": "#1"},
				"up": {"uv": [0, 0, 0.9, 1.2], "texture": "#1"},
				"down": {"uv": [0, 0, 0.9, 1.2], "texture": "#1"}
			}
		},
		{
			"from": [7.6, 4.61146, 18.86613],
			"to": [8.5, 5.11146, 19.86613],
			"rotation": {"angle": 0, "axis": "y", "origin": [8.05, 8.46146, 17.06613]},
			"faces": {
				"north": {"uv": [0, 0, 0.9, 0.5], "texture": "#1"},
				"east": {"uv": [0, 0, 1, 0.5], "texture": "#1"},
				"south": {"uv": [0, 0, 0.9, 0.5], "texture": "#1"},
				"west": {"uv": [0, 0, 1, 0.5], "texture": "#1"},
				"up": {"uv": [0, 0, 0.9, 1], "texture": "#1"},
				"down": {"uv": [0, 0, 0.9, 1], "texture": "#1"}
			}
		},
		{
			"from": [7.6, 4.41146, 19.86613],
			"to": [8.5, 4.81146, 20.86613],
			"rotation": {"angle": 0, "axis": "y", "origin": [8.05, 8.46146, 17.06613]},
			"faces": {
				"north": {"uv": [0, 0, 0.9, 0.4], "texture": "#1"},
				"east": {"uv": [0, 0, 1, 0.4], "texture": "#1"},
				"south": {"uv": [0, 0, 0.9, 0.4], "texture": "#1"},
				"west": {"uv": [0, 0, 1, 0.4], "texture": "#1"},
				"up": {"uv": [0, 0, 0.9, 1], "texture": "#1"},
				"down": {"uv": [0, 0, 0.9, 1], "texture": "#1"}
			}
		},
		{
			"from": [7.6, 4.21146, 20.86613],
			"to": [8.5, 4.61146, 21.86613],
			"rotation": {"angle": 0, "axis": "y", "origin": [8.05, 8.46146, 17.06613]},
			"faces": {
				"north": {"uv": [0, 0, 0.9, 0.4], "texture": "#1"},
				"east": {"uv": [0, 0, 1, 0.4], "texture": "#1"},
				"south": {"uv": [0, 0, 0.9, 0.4], "texture": "#1"},
				"west": {"uv": [0, 0, 1, 0.4], "texture": "#1"},
				"up": {"uv": [0, 0, 0.9, 1], "texture": "#1"},
				"down": {"uv": [0, 0, 0.9, 1], "texture": "#1"}
			}
		},
		{
			"from": [7.6, 4.01146, 21.86613],
			"to": [8.5, 4.81146, 22.86613],
			"rotation": {"angle": 0, "axis": "y", "origin": [8.05, 8.46146, 17.06613]},
			"faces": {
				"north": {"uv": [0, 0, 0.9, 0.8], "texture": "#1"},
				"east": {"uv": [0, 0, 1, 0.8], "texture": "#1"},
				"south": {"uv": [0, 0, 0.9, 0.8], "texture": "#1"},
				"west": {"uv": [0, 0, 1, 0.8], "texture": "#1"},
				"up": {"uv": [0, 0, 0.9, 1], "texture": "#1"},
				"down": {"uv": [0, 0, 0.9, 1], "texture": "#1"}
			}
		},
		{
			"from": [7.6, 3.81146, 22.86613],
			"to": [8.5, 4.61146, 23.86613],
			"rotation": {"angle": 0, "axis": "y", "origin": [8.05, 8.46146, 17.06613]},
			"faces": {
				"north": {"uv": [0, 0, 0.9, 0.8], "texture": "#1"},
				"east": {"uv": [0, 0, 1, 0.8], "texture": "#1"},
				"south": {"uv": [0, 0, 0.9, 0.8], "texture": "#1"},
				"west": {"uv": [0, 0, 1, 0.8], "texture": "#1"},
				"up": {"uv": [0, 0, 0.9, 1], "texture": "#1"},
				"down": {"uv": [0, 0, 0.9, 1], "texture": "#1"}
			}
		},
		{
			"from": [7.6, 3.61146, 23.86613],
			"to": [8.5, 4.41146, 24.86613],
			"rotation": {"angle": 0, "axis": "y", "origin": [8.05, 8.46146, 17.06613]},
			"faces": {
				"north": {"uv": [0, 0, 0.9, 0.8], "texture": "#1"},
				"east": {"uv": [0, 0, 1, 0.8], "texture": "#1"},
				"south": {"uv": [0, 0, 0.9, 0.8], "texture": "#1"},
				"west": {"uv": [0, 0, 1, 0.8], "texture": "#1"},
				"up": {"uv": [0, 0, 0.9, 1], "texture": "#1"},
				"down": {"uv": [0, 0, 0.9, 1], "texture": "#1"}
			}
		},
		{
			"from": [7.6, 3.41146, 24.86613],
			"to": [8.5, 4.21146, 25.86613],
			"rotation": {"angle": 0, "axis": "y", "origin": [8.05, 8.46146, 17.06613]},
			"faces": {
				"north": {"uv": [0, 0, 0.9, 0.8], "texture": "#1"},
				"east": {"uv": [0, 0, 1, 0.8], "texture": "#1"},
				"south": {"uv": [0, 0, 0.9, 0.8], "texture": "#1"},
				"west": {"uv": [0, 0, 1, 0.8], "texture": "#1"},
				"up": {"uv": [0, 0, 0.9, 1], "texture": "#1"},
				"down": {"uv": [0, 0, 0.9, 1], "texture": "#1"}
			}
		},
		{
			"from": [7.6, 4.71146, 19.86613],
			"to": [8.5, 7.11146, 20.86613],
			"rotation": {"angle": 0, "axis": "y", "origin": [8.05, 8.46146, 17.06613]},
			"faces": {
				"north": {"uv": [0, 0, 0.9, 2.4], "texture": "#1"},
				"east": {"uv": [0, 0, 1, 2.4], "texture": "#1"},
				"south": {"uv": [0, 0, 0.9, 2.4], "texture": "#1"},
				"west": {"uv": [0, 0, 1, 2.4], "texture": "#1"},
				"up": {"uv": [0, 0, 0.9, 1], "texture": "#1"},
				"down": {"uv": [0, 0, 0.9, 1], "texture": "#1"}
			}
		},
		{
			"from": [7.6, 6.63154, 20.77067],
			"to": [8.5, 6.93154, 21.77067],
			"rotation": {"angle": 22.5, "axis": "x", "origin": [8.05, 6.78154, 21.27067]},
			"faces": {
				"north": {"uv": [0, 0, 0.9, 0.3], "texture": "#1"},
				"east": {"uv": [0, 0, 1, 0.3], "texture": "#1"},
				"south": {"uv": [0, 0, 0.9, 0.3], "texture": "#1"},
				"west": {"uv": [0, 0, 1, 0.3], "texture": "#1"},
				"up": {"uv": [0, 0, 0.9, 1], "texture": "#1"},
				"down": {"uv": [0, 0, 0.9, 1], "texture": "#1"}
			}
		},
		{
			"from": [7.6, 6.43154, 22.77067],
			"to": [8.5, 6.73154, 23.77067],
			"rotation": {"angle": 22.5, "axis": "x", "origin": [8.05, 6.58154, 23.27067]},
			"faces": {
				"north": {"uv": [0, 0, 0.9, 0.3], "texture": "#1"},
				"east": {"uv": [0, 0, 1, 0.3], "texture": "#1"},
				"south": {"uv": [0, 0, 0.9, 0.3], "texture": "#1"},
				"west": {"uv": [0, 0, 1, 0.3], "texture": "#1"},
				"up": {"uv": [0, 0, 0.9, 1], "texture": "#1"},
				"down": {"uv": [0, 0, 0.9, 1], "texture": "#1"}
			}
		},
		{
			"from": [7.6, 6.33154, 23.77067],
			"to": [8.5, 6.63154, 24.77067],
			"rotation": {"angle": 22.5, "axis": "x", "origin": [8.05, 6.48154, 24.27067]},
			"faces": {
				"north": {"uv": [0, 0, 0.9, 0.3], "texture": "#1"},
				"east": {"uv": [0, 0, 1, 0.3], "texture": "#1"},
				"south": {"uv": [0, 0, 0.9, 0.3], "texture": "#1"},
				"west": {"uv": [0, 0, 1, 0.3], "texture": "#1"},
				"up": {"uv": [0, 0, 0.9, 1], "texture": "#1"},
				"down": {"uv": [0, 0, 0.9, 1], "texture": "#1"}
			}
		},
		{
			"from": [7.6, 6.23154, 24.77067],
			"to": [8.5, 6.53154, 25.77067],
			"rotation": {"angle": 22.5, "axis": "x", "origin": [8.05, 6.38154, 25.27067]},
			"faces": {
				"north": {"uv": [0, 0, 0.9, 0.3], "texture": "#1"},
				"east": {"uv": [0, 0, 1, 0.3], "texture": "#1"},
				"south": {"uv": [0, 0, 0.9, 0.3], "texture": "#1"},
				"west": {"uv": [0, 0, 1, 0.3], "texture": "#1"},
				"up": {"uv": [0, 0, 0.9, 1], "texture": "#1"},
				"down": {"uv": [0, 0, 0.9, 1], "texture": "#1"}
			}
		},
		{
			"from": [7.6, 3.59139, 23.96159],
			"to": [8.5, 3.89139, 24.96159],
			"rotation": {"angle": 22.5, "axis": "x", "origin": [8.05, 3.74139, 24.46159]},
			"faces": {
				"north": {"uv": [0, 0, 0.9, 0.3], "texture": "#1"},
				"east": {"uv": [0, 0, 1, 0.3], "texture": "#1"},
				"south": {"uv": [0, 0, 0.9, 0.3], "texture": "#1"},
				"west": {"uv": [0, 0, 1, 0.3], "texture": "#1"},
				"up": {"uv": [0, 0, 0.9, 1], "texture": "#1"},
				"down": {"uv": [0, 0, 0.9, 1], "texture": "#1"}
			}
		},
		{
			"from": [7.6, 3.79139, 22.96159],
			"to": [8.5, 4.09139, 23.96159],
			"rotation": {"angle": 22.5, "axis": "x", "origin": [8.05, 3.94139, 23.46159]},
			"faces": {
				"north": {"uv": [0, 0, 0.9, 0.3], "texture": "#1"},
				"east": {"uv": [0, 0, 1, 0.3], "texture": "#1"},
				"south": {"uv": [0, 0, 0.9, 0.3], "texture": "#1"},
				"west": {"uv": [0, 0, 1, 0.3], "texture": "#1"},
				"up": {"uv": [0, 0, 0.9, 1], "texture": "#1"},
				"down": {"uv": [0, 0, 0.9, 1], "texture": "#1"}
			}
		},
		{
			"from": [7.6, 3.99139, 21.96159],
			"to": [8.5, 4.29139, 22.96159],
			"rotation": {"angle": 22.5, "axis": "x", "origin": [8.05, 4.14139, 22.46159]},
			"faces": {
				"north": {"uv": [0, 0, 0.9, 0.3], "texture": "#1"},
				"east": {"uv": [0, 0, 1, 0.3], "texture": "#1"},
				"south": {"uv": [0, 0, 0.9, 0.3], "texture": "#1"},
				"west": {"uv": [0, 0, 1, 0.3], "texture": "#1"},
				"up": {"uv": [0, 0, 0.9, 1], "texture": "#1"},
				"down": {"uv": [0, 0, 0.9, 1], "texture": "#1"}
			}
		},
		{
			"from": [7.6, 4.19139, 20.96159],
			"to": [8.5, 4.49139, 21.96159],
			"rotation": {"angle": 22.5, "axis": "x", "origin": [8.05, 4.34139, 21.46159]},
			"faces": {
				"north": {"uv": [0, 0, 0.9, 0.3], "texture": "#1"},
				"east": {"uv": [0, 0, 1, 0.3], "texture": "#1"},
				"south": {"uv": [0, 0, 0.9, 0.3], "texture": "#1"},
				"west": {"uv": [0, 0, 1, 0.3], "texture": "#1"},
				"up": {"uv": [0, 0, 0.9, 1], "texture": "#1"},
				"down": {"uv": [0, 0, 0.9, 1], "texture": "#1"}
			}
		},
		{
			"from": [7.6, 4.39139, 19.96159],
			"to": [8.5, 4.69139, 20.96159],
			"rotation": {"angle": 22.5, "axis": "x", "origin": [8.05, 4.54139, 20.46159]},
			"faces": {
				"north": {"uv": [0, 0, 0.9, 0.3], "texture": "#1"},
				"east": {"uv": [0, 0, 1, 0.3], "texture": "#1"},
				"south": {"uv": [0, 0, 0.9, 0.3], "texture": "#1"},
				"west": {"uv": [0, 0, 1, 0.3], "texture": "#1"},
				"up": {"uv": [0, 0, 0.9, 1], "texture": "#1"},
				"down": {"uv": [0, 0, 0.9, 1], "texture": "#1"}
			}
		},
		{
			"from": [7.6, 4.59139, 18.96159],
			"to": [8.5, 4.89139, 19.96159],
			"rotation": {"angle": 22.5, "axis": "x", "origin": [8.05, 4.74139, 19.46159]},
			"faces": {
				"north": {"uv": [0, 0, 0.9, 0.3], "texture": "#1"},
				"east": {"uv": [0, 0, 1, 0.3], "texture": "#1"},
				"south": {"uv": [0, 0, 0.9, 0.3], "texture": "#1"},
				"west": {"uv": [0, 0, 1, 0.3], "texture": "#1"},
				"up": {"uv": [0, 0, 0.9, 1], "texture": "#1"},
				"down": {"uv": [0, 0, 0.9, 1], "texture": "#1"}
			}
		},
		{
			"from": [7.6, 6.53154, 21.77067],
			"to": [8.5, 6.83154, 22.77067],
			"rotation": {"angle": 22.5, "axis": "x", "origin": [8.05, 6.68154, 22.27067]},
			"faces": {
				"north": {"uv": [0, 0, 0.9, 0.3], "texture": "#1"},
				"east": {"uv": [0, 0, 1, 0.3], "texture": "#1"},
				"south": {"uv": [0, 0, 0.9, 0.3], "texture": "#1"},
				"west": {"uv": [0, 0, 1, 0.3], "texture": "#1"},
				"up": {"uv": [0, 0, 0.9, 1], "texture": "#1"},
				"down": {"uv": [0, 0, 0.9, 1], "texture": "#1"}
			}
		},
		{
			"from": [7.6, 6.53535, 19.58073],
			"to": [8.5, 6.93535, 19.98073],
			"rotation": {"angle": -22.5, "axis": "x", "origin": [8.05, 6.73535, 19.48073]},
			"faces": {
				"north": {"uv": [0, 0, 0.9, 0.4], "texture": "#1"},
				"east": {"uv": [0, 0, 0.4, 0.4], "texture": "#1"},
				"south": {"uv": [0, 0, 0.9, 0.4], "texture": "#1"},
				"west": {"uv": [0, 0, 0.4, 0.4], "texture": "#1"},
				"up": {"uv": [0, 0, 0.9, 0.4], "texture": "#1"},
				"down": {"uv": [0, 0, 0.9, 0.4], "texture": "#1"}
			}
		},
		{
			"from": [7.6, 6.11991, 19.29001],
			"to": [8.5, 6.91991, 20.09001],
			"rotation": {"angle": 22.5, "axis": "x", "origin": [8.05, 6.41991, 19.49001]},
			"faces": {
				"north": {"uv": [0, 0, 0.9, 0.8], "rotation": 180, "texture": "#1"},
				"east": {"uv": [0, 0, 0.8, 0.8], "rotation": 90, "texture": "#1"},
				"south": {"uv": [0, 0, 0.9, 0.8], "texture": "#1"},
				"west": {"uv": [0, 0, 0.8, 0.8], "rotation": 270, "texture": "#1"},
				"up": {"uv": [0, 0, 0.9, 0.8], "texture": "#1"},
				"down": {"uv": [0, 0, 0.9, 0.8], "rotation": 180, "texture": "#1"}
			}
		},
		{
			"from": [7.6, 5.81929, 19.19043],
			"to": [8.5, 6.21929, 19.99043],
			"rotation": {"angle": 0, "axis": "y", "origin": [8.05, 5.71929, 19.39043]},
			"faces": {
				"north": {"uv": [0, 0, 0.9, 0.4], "rotation": 180, "texture": "#1"},
				"east": {"uv": [0, 0, 0.4, 0.8], "rotation": 90, "texture": "#1"},
				"south": {"uv": [0, 0, 0.9, 0.4], "texture": "#1"},
				"west": {"uv": [0, 0, 0.4, 0.8], "rotation": 270, "texture": "#1"},
				"up": {"uv": [0, 0, 0.9, 0.8], "texture": "#1"},
				"down": {"uv": [0, 0, 0.9, 0.8], "rotation": 180, "texture": "#1"}
			}
		},
		{
			"from": [7.6, 4.81272, 18.42695],
			"to": [8.5, 6.11272, 19.95195],
			"rotation": {"angle": -22.5, "axis": "x", "origin": [8.05, 5.81272, 19.05195]},
			"faces": {
				"north": {"uv": [0, 0, 0.9, 1.3], "texture": "#1"},
				"east": {"uv": [0, 0, 1.525, 1.3], "texture": "#1"},
				"south": {"uv": [0, 0, 0.9, 1.3], "texture": "#1"},
				"west": {"uv": [0, 0, 1.525, 1.3], "texture": "#1"},
				"up": {"uv": [0, 0, 0.9, 1.525], "texture": "#1"},
				"down": {"uv": [0, 0, 0.9, 1.525], "texture": "#1"}
			}
		},
		{
			"from": [7.6, 4.61146, 20.86613],
			"to": [8.5, 7.01146, 21.86613],
			"rotation": {"angle": 0, "axis": "y", "origin": [8.05, 8.46146, 17.06613]},
			"faces": {
				"north": {"uv": [0, 0, 0.9, 2.4], "texture": "#1"},
				"east": {"uv": [0, 0, 1, 2.4], "texture": "#1"},
				"south": {"uv": [0, 0, 0.9, 2.4], "texture": "#1"},
				"west": {"uv": [0, 0, 1, 2.4], "texture": "#1"},
				"up": {"uv": [0, 0, 0.9, 1], "texture": "#1"},
				"down": {"uv": [0, 0, 0.9, 1], "texture": "#1"}
			}
		},
		{
			"from": [7.6, 4.51146, 21.86613],
			"to": [8.5, 6.91146, 22.86613],
			"rotation": {"angle": 0, "axis": "y", "origin": [8.05, 8.46146, 17.06613]},
			"faces": {
				"north": {"uv": [0, 0, 0.9, 2.4], "texture": "#1"},
				"east": {"uv": [0, 0, 1, 2.4], "texture": "#1"},
				"south": {"uv": [0, 0, 0.9, 2.4], "texture": "#1"},
				"west": {"uv": [0, 0, 1, 2.4], "texture": "#1"},
				"up": {"uv": [0, 0, 0.9, 1], "texture": "#1"},
				"down": {"uv": [0, 0, 0.9, 1], "texture": "#1"}
			}
		},
		{
			"from": [7.6, 4.41146, 22.86613],
			"to": [8.5, 6.81146, 23.86613],
			"rotation": {"angle": 0, "axis": "y", "origin": [8.05, 8.46146, 17.06613]},
			"faces": {
				"north": {"uv": [0, 0, 0.9, 2.4], "texture": "#1"},
				"east": {"uv": [0, 0, 1, 2.4], "texture": "#1"},
				"south": {"uv": [0, 0, 0.9, 2.4], "texture": "#1"},
				"west": {"uv": [0, 0, 1, 2.4], "texture": "#1"},
				"up": {"uv": [0, 0, 0.9, 1], "texture": "#1"},
				"down": {"uv": [0, 0, 0.9, 1], "texture": "#1"}
			}
		},
		{
			"from": [7.6, 4.31146, 23.86613],
			"to": [8.5, 6.71146, 24.86613],
			"rotation": {"angle": 0, "axis": "y", "origin": [8.05, 8.46146, 17.06613]},
			"faces": {
				"north": {"uv": [0, 0, 0.9, 2.4], "texture": "#1"},
				"east": {"uv": [0, 0, 1, 2.4], "texture": "#1"},
				"south": {"uv": [0, 0, 0.9, 2.4], "texture": "#1"},
				"west": {"uv": [0, 0, 1, 2.4], "texture": "#1"},
				"up": {"uv": [0, 0, 0.9, 1], "texture": "#1"},
				"down": {"uv": [0, 0, 0.9, 1], "texture": "#1"}
			}
		},
		{
			"from": [7.6, 4.21146, 24.86613],
			"to": [8.5, 6.61146, 25.86613],
			"rotation": {"angle": 0, "axis": "y", "origin": [8.05, 8.46146, 17.06613]},
			"faces": {
				"north": {"uv": [0, 0, 0.9, 2.4], "texture": "#1"},
				"east": {"uv": [0, 0, 1, 2.4], "texture": "#1"},
				"south": {"uv": [0, 0, 0.9, 2.4], "texture": "#1"},
				"west": {"uv": [0, 0, 1, 2.4], "texture": "#1"},
				"up": {"uv": [0, 0, 0.9, 1], "texture": "#1"},
				"down": {"uv": [0, 0, 0.9, 1], "texture": "#1"}
			}
		},
		{
			"from": [7.6, 3.81146, 25.56613],
			"to": [8.5, 6.21146, 25.86613],
			"rotation": {"angle": 0, "axis": "y", "origin": [8.05, 8.46146, 17.06613]},
			"faces": {
				"north": {"uv": [0, 0, 0.9, 2.4], "texture": "#1"},
				"east": {"uv": [0, 0, 0.3, 2.4], "texture": "#1"},
				"south": {"uv": [0, 0, 0.9, 2.4], "texture": "#1"},
				"west": {"uv": [0, 0, 0.3, 2.4], "texture": "#1"},
				"up": {"uv": [0, 0, 0.9, 0.3], "texture": "#1"},
				"down": {"uv": [0, 0, 0.9, 0.3], "texture": "#1"}
			}
		},
		{
			"from": [7.6, 4.76831, 19.4355],
			"to": [8.5, 5.36831, 19.8355],
			"rotation": {"angle": 22.5, "axis": "x", "origin": [8.05, 9.01831, 17.5355]},
			"faces": {
				"north": {"uv": [0, 0, 0.9, 0.6], "texture": "#1"},
				"east": {"uv": [0, 0, 0.4, 0.6], "texture": "#1"},
				"south": {"uv": [0, 0, 0.9, 0.6], "texture": "#1"},
				"west": {"uv": [0, 0, 0.4, 0.6], "texture": "#1"},
				"up": {"uv": [0, 0, 0.9, 0.4], "texture": "#1"},
				"down": {"uv": [0, 0, 0.9, 0.4], "texture": "#1"}
			}
		}
	],
	"display": {
		"thirdperson_righthand": {
			"translation": [0, 2, -7.25]
		},
		"thirdperson_lefthand": {
			"translation": [0, 2.25, -7.5]
		},
		"firstperson_righthand": {
			"translation": [-9.1, 7.25, -9],
			"scale": [2, 2, 2]
		},
		"firstperson_lefthand": {
			"translation": [-2, 4.25, -4.25]
		},
		"gui": {
			"rotation": [0, 90, 0],
			"translation": [-1.25, 0, 0],
			"scale": [0.5, 0.5, 0.5]
		},
		"fixed": {
			"rotation": [0, 90, 0]
		}
	},
	"groups": [
		{
			"name": "hexadecagon",
			"origin": [8, 8, 8],
			"color": 0,
			"children": [0, 1, 2, 3, 4, 5, 6, 7, 8, 9]
		},
		{
			"name": "hexadecagon",
			"origin": [8, 8, 8],
			"color": 0,
			"children": [10, 11, 12, 13, 14, 15, 16, 17]
		},
		{
			"name": "hexadecagon",
			"origin": [8, 8, 8],
			"color": 0,
			"children": [18, 19, 20, 21, 22, 23, 24, 25]
		},
		26,
		27,
		28,
		29,
		30,
		31,
		32,
		33,
		34,
		35,
		36,
		37,
		38,
		39,
		40,
		41,
		42,
		43,
		44,
		45,
		46,
		47,
		48,
		49,
		50,
		51,
		52,
		53,
		54,
		55,
		56,
		57,
		58,
		59,
		60,
		61,
		62,
		63,
		64,
		65,
		66,
		67,
		68
	]
}