{
	"credit": "Made with Blockbench",
	"textures": {
		"particle": "block/3dmodel/metal_weapon"
	},
	"elements": [
		{
			"from": [18.1, 3.4, -2.3],
			"to": [20.4, 6, 9.8],
			"rotation": {"angle": -45, "axis": "y", "origin": [0, 0, 0]},
			"color": 8,
			"faces": {
				"north": {"uv": [0, 0, 2.3, 2.6], "texture": "#missing"},
				"east": {"uv": [0, 0, 12.1, 2.6], "texture": "#missing"},
				"south": {"uv": [0, 0, 2.3, 2.6], "texture": "#missing"},
				"west": {"uv": [0, 0, 12.1, 2.6], "texture": "#missing"},
				"up": {"uv": [0, 0, 2.3, 12.1], "texture": "#missing"},
				"down": {"uv": [0, 0, 2.3, 12.1], "texture": "#missing"}
			}
		},
		{
			"from": [13.75132, 3.50574, 3.16706],
			"to": [16.05132, 6.10574, 10.36706],
			"rotation": {"angle": 22.5, "axis": "x", "origin": [-0.74868, 0.10574, 10.76706]},
			"color": 8,
			"faces": {
				"north": {"uv": [0, 0, 2.3, 2.6], "texture": "#missing"},
				"east": {"uv": [0, 0, 7.2, 2.6], "texture": "#missing"},
				"south": {"uv": [0, 0, 2.3, 2.6], "texture": "#missing"},
				"west": {"uv": [0, 0, 7.2, 2.6], "texture": "#missing"},
				"up": {"uv": [0, 0, 2.3, 7.2], "texture": "#missing"},
				"down": {"uv": [0, 0, 2.3, 7.2], "texture": "#missing"}
			}
		},
		{
			"from": [13.75132, 3.4, 11.69863],
			"to": [16.05132, 5.9, 12.79863],
			"rotation": {"angle": 0, "axis": "x", "origin": [-0.74868, -0.1, 13.19863]},
			"color": 8,
			"faces": {
				"north": {"uv": [0, 0, 2.3, 2.5], "texture": "#missing"},
				"east": {"uv": [0, 0, 1.1, 2.5], "texture": "#missing"},
				"south": {"uv": [0, 0, 2.3, 2.5], "texture": "#missing"},
				"west": {"uv": [0, 0, 1.1, 2.5], "texture": "#missing"},
				"up": {"uv": [0, 0, 2.3, 1.1], "texture": "#missing"},
				"down": {"uv": [0, 0, 2.3, 1.1], "texture": "#missing"}
			}
		}
	],
	"display": {
		"thirdperson_righthand": {
			"rotation": [-180, 0, -180],
			"translation": [0, 1.5, 0.5],
			"scale": [0, 0, 0]
		},
		"thirdperson_lefthand": {
			"translation": [0, 19.25, 0],
			"scale": [0, 0, 0]
		},
		"firstperson_righthand": {
			"rotation": [-180, -3, 174.5],
			"translation": [-4, 5.75, 6.75],
			"scale": [0.93, 1.37, 1.04]
		},
		"firstperson_lefthand": {
			"rotation": [-180, -3, 174.5],
			"translation": [-12.25, 5.75, 8.25],
			"scale": [0.93, 1.37, 1.04]
		},
		"ground": {
			"rotation": [0, 0, -90],
			"translation": [0, -2.25, 0],
			"scale": [0.53, 0.6, 0.64]
		},
		"gui": {
			"rotation": [-90, 51, 101],
			"translation": [-2.25, 0.5, 0],
			"scale": [0, 0, 0]
		},
		"fixed": {
			"rotation": [0, 90, 0],
			"translation": [-4.5, 2.5, -2],
			"scale": [1.16, 1.25, 1.39]
		}
	}
}