{
	"credit": "Made with Blockbench",
	"textures": {
		"1": "block/gold_block"
	},
	"elements": [
		{
			"from": [7.5, 0.4, 7.5],
			"to": [8.5, 2.2, 8.5],
			"faces": {
				"north": {"uv": [0, 0, 2, 1.8], "texture": "#1"},
				"east": {"uv": [0, 0, 2, 1.8], "texture": "#1"},
				"south": {"uv": [0, 0, 2, 1.8], "texture": "#1"},
				"west": {"uv": [0, 0, 2, 1.8], "texture": "#1"},
				"up": {"uv": [0, 0, 2, 2], "texture": "#1"},
				"down": {"uv": [0, 0, 2, 2], "texture": "#1"}
			}
		},
		{
			"from": [7.7, 0.4, 8.5],
			"to": [8.3, 2.2, 8.6],
			"faces": {
				"north": {"uv": [0, 0, 2, 1.8], "texture": "#1"},
				"east": {"uv": [0, 0, 2, 1.8], "texture": "#1"},
				"south": {"uv": [0, 0, 2, 1.8], "texture": "#1"},
				"west": {"uv": [0, 0, 2, 1.8], "texture": "#1"},
				"up": {"uv": [0, 0, 2, 2], "texture": "#1"},
				"down": {"uv": [0, 0, 2, 2], "texture": "#1"}
			}
		},
		{
			"from": [7.7, 0, 8.5],
			"to": [8.3, 0.3, 8.6],
			"faces": {
				"north": {"uv": [0, 0, 2, 1.8], "texture": "#1"},
				"east": {"uv": [0, 0, 2, 1.8], "texture": "#1"},
				"south": {"uv": [0, 0, 2, 1.8], "texture": "#1"},
				"west": {"uv": [0, 0, 2, 1.8], "texture": "#1"},
				"up": {"uv": [0, 0, 2, 2], "texture": "#1"},
				"down": {"uv": [0, 0, 2, 2], "texture": "#1"}
			}
		},
		{
			"from": [7.7, 0.1, 8.4],
			"to": [8.3, 0.4, 8.5],
			"faces": {
				"north": {"uv": [0, 0, 2, 1.8], "texture": "#1"},
				"east": {"uv": [0, 0, 2, 1.8], "texture": "#1"},
				"south": {"uv": [0, 0, 2, 1.8], "texture": "#1"},
				"west": {"uv": [0, 0, 2, 1.8], "texture": "#1"},
				"up": {"uv": [0, 0, 2, 2], "texture": "#1"},
				"down": {"uv": [0, 0, 2, 2], "texture": "#1"}
			}
		},
		{
			"from": [7.7, 0.1, 7.5],
			"to": [8.3, 0.4, 7.6],
			"faces": {
				"north": {"uv": [0, 0, 2, 1.8], "texture": "#1"},
				"east": {"uv": [0, 0, 2, 1.8], "texture": "#1"},
				"south": {"uv": [0, 0, 2, 1.8], "texture": "#1"},
				"west": {"uv": [0, 0, 2, 1.8], "texture": "#1"},
				"up": {"uv": [0, 0, 2, 2], "texture": "#1"},
				"down": {"uv": [0, 0, 2, 2], "texture": "#1"}
			}
		},
		{
			"from": [7.7, 0.4, 7.4],
			"to": [8.3, 2.2, 7.5],
			"faces": {
				"north": {"uv": [0, 0, 2, 1.8], "texture": "#1"},
				"east": {"uv": [0, 0, 2, 1.8], "texture": "#1"},
				"south": {"uv": [0, 0, 2, 1.8], "texture": "#1"},
				"west": {"uv": [0, 0, 2, 1.8], "texture": "#1"},
				"up": {"uv": [0, 0, 2, 2], "texture": "#1"},
				"down": {"uv": [0, 0, 2, 2], "texture": "#1"}
			}
		},
		{
			"from": [7.7, 0, 7.4],
			"to": [8.3, 0.3, 7.5],
			"faces": {
				"north": {"uv": [0, 0, 2, 1.8], "texture": "#1"},
				"east": {"uv": [0, 0, 2, 1.8], "texture": "#1"},
				"south": {"uv": [0, 0, 2, 1.8], "texture": "#1"},
				"west": {"uv": [0, 0, 2, 1.8], "texture": "#1"},
				"up": {"uv": [0, 0, 2, 2], "texture": "#1"},
				"down": {"uv": [0, 0, 2, 2], "texture": "#1"}
			}
		},
		{
			"from": [8.5, 0.4, 7.7],
			"to": [8.6, 2.2, 8.3],
			"rotation": {"angle": 0, "axis": "y", "origin": [8, 1.3, 7.45]},
			"faces": {
				"north": {"uv": [0, 0, 2, 1.8], "texture": "#1"},
				"east": {"uv": [0, 0, 2, 1.8], "texture": "#1"},
				"south": {"uv": [0, 0, 2, 1.8], "texture": "#1"},
				"west": {"uv": [0, 0, 2, 1.8], "texture": "#1"},
				"up": {"uv": [0, 0, 2, 2], "rotation": 90, "texture": "#1"},
				"down": {"uv": [0, 0, 2, 2], "rotation": 270, "texture": "#1"}
			}
		},
		{
			"from": [8.5, 0, 7.7],
			"to": [8.6, 0.3, 8.3],
			"rotation": {"angle": 0, "axis": "y", "origin": [8, 1.3, 7.45]},
			"faces": {
				"north": {"uv": [0, 0, 2, 1.8], "texture": "#1"},
				"east": {"uv": [0, 0, 2, 1.8], "texture": "#1"},
				"south": {"uv": [0, 0, 2, 1.8], "texture": "#1"},
				"west": {"uv": [0, 0, 2, 1.8], "texture": "#1"},
				"up": {"uv": [0, 0, 2, 2], "rotation": 90, "texture": "#1"},
				"down": {"uv": [0, 0, 2, 2], "rotation": 270, "texture": "#1"}
			}
		},
		{
			"from": [8.4, 0.1, 7.7],
			"to": [8.5, 0.4, 8.3],
			"rotation": {"angle": 0, "axis": "y", "origin": [8, 1.3, 7.45]},
			"faces": {
				"north": {"uv": [0, 0, 2, 1.8], "texture": "#1"},
				"east": {"uv": [0, 0, 2, 1.8], "texture": "#1"},
				"south": {"uv": [0, 0, 2, 1.8], "texture": "#1"},
				"west": {"uv": [0, 0, 2, 1.8], "texture": "#1"},
				"up": {"uv": [0, 0, 2, 2], "rotation": 90, "texture": "#1"},
				"down": {"uv": [0, 0, 2, 2], "rotation": 270, "texture": "#1"}
			}
		},
		{
			"from": [7.5, 0.1, 7.7],
			"to": [7.6, 0.4, 8.3],
			"rotation": {"angle": 0, "axis": "y", "origin": [8, 1.3, 7.45]},
			"faces": {
				"north": {"uv": [0, 0, 2, 1.8], "texture": "#1"},
				"east": {"uv": [0, 0, 2, 1.8], "texture": "#1"},
				"south": {"uv": [0, 0, 2, 1.8], "texture": "#1"},
				"west": {"uv": [0, 0, 2, 1.8], "texture": "#1"},
				"up": {"uv": [0, 0, 2, 2], "rotation": 90, "texture": "#1"},
				"down": {"uv": [0, 0, 2, 2], "rotation": 270, "texture": "#1"}
			}
		},
		{
			"from": [7.4, 0.4, 7.7],
			"to": [7.5, 2.2, 8.3],
			"rotation": {"angle": 0, "axis": "y", "origin": [8, 1.3, 7.45]},
			"faces": {
				"north": {"uv": [0, 0, 2, 1.8], "texture": "#1"},
				"east": {"uv": [0, 0, 2, 1.8], "texture": "#1"},
				"south": {"uv": [0, 0, 2, 1.8], "texture": "#1"},
				"west": {"uv": [0, 0, 2, 1.8], "texture": "#1"},
				"up": {"uv": [0, 0, 2, 2], "rotation": 90, "texture": "#1"},
				"down": {"uv": [0, 0, 2, 2], "rotation": 270, "texture": "#1"}
			}
		},
		{
			"from": [7.4, 0, 7.7],
			"to": [7.5, 0.3, 8.3],
			"rotation": {"angle": 0, "axis": "y", "origin": [8, 1.3, 7.45]},
			"faces": {
				"north": {"uv": [0, 0, 2, 1.8], "texture": "#1"},
				"east": {"uv": [0, 0, 2, 1.8], "texture": "#1"},
				"south": {"uv": [0, 0, 2, 1.8], "texture": "#1"},
				"west": {"uv": [0, 0, 2, 1.8], "texture": "#1"},
				"up": {"uv": [0, 0, 2, 2], "rotation": 90, "texture": "#1"},
				"down": {"uv": [0, 0, 2, 2], "rotation": 270, "texture": "#1"}
			}
		},
		{
			"from": [7.6, 0, 7.6],
			"to": [8.4, 2.2, 8.4],
			"faces": {
				"north": {"uv": [0, 0, 2, 2.2], "texture": "#1"},
				"east": {"uv": [0, 0, 1.8, 2.2], "texture": "#1"},
				"south": {"uv": [0, 0, 1.8, 2.2], "texture": "#1"},
				"west": {"uv": [0, 0, 1.8, 2.2], "texture": "#1"},
				"up": {"uv": [0, 0, 1.8, 1.8], "texture": "#1"},
				"down": {"uv": [0, 0, 1.8, 1.8], "texture": "#1"}
			}
		},
		{
			"from": [7.5, 0, 7.5],
			"to": [8.5, 0.3, 8.5],
			"faces": {
				"north": {"uv": [0, 0, 2, 0.3], "texture": "#1"},
				"east": {"uv": [0, 0, 2, 0.3], "texture": "#1"},
				"south": {"uv": [0, 0, 2, 0.3], "texture": "#1"},
				"west": {"uv": [0, 0, 2, 0.3], "texture": "#1"},
				"up": {"uv": [0, 0, 2, 2], "texture": "#1"},
				"down": {"uv": [0, 0, 2, 2], "texture": "#1"}
			}
		}
	],
	"display": {
		"thirdperson_righthand": {
			"translation": [0, 7, 0]
		},
		"thirdperson_lefthand": {
			"translation": [0, 7, 0]
		},
		"ground": {
			"rotation": [90, 0, 0],
			"translation": [0, -6.25, 8.75]
		}
	}
}