{
	"credit": "Made with Blockbench",
	"textures": {
		"0": "block/oak_planks",
		"1": "block/cauldron_inner",
		"particle": "block/oak_planks"
	},
	"elements": [
		{
			"from": [7, 5.38268, 2.07612],
			"to": [9, 8.38268, 10.07612],
			"rotation": {"angle": 0, "axis": "y", "origin": [0, 0.38268, 0.02612]},
			"faces": {
				"north": {"uv": [0, 0, 2, 3], "texture": "#0"},
				"east": {"uv": [6, 9, 14, 12], "texture": "#0"},
				"south": {"uv": [7, 6, 9, 9], "texture": "#0"},
				"west": {"uv": [7, 5, 15, 8], "texture": "#0"},
				"up": {"uv": [5, 5, 7, 13], "texture": "#0"},
				"down": {"uv": [5, 4, 7, 12], "texture": "#0"}
			}
		},
		{
			"from": [7, 5.38268, 10.07612],
			"to": [9, 7.38268, 17.07612],
			"rotation": {"angle": 0, "axis": "y", "origin": [0, 0.38268, -0.92388]},
			"faces": {
				"north": {"uv": [5, 6, 7, 8], "texture": "#0"},
				"east": {"uv": [2, 6, 9, 8], "texture": "#0"},
				"south": {"uv": [2, 8, 4, 10], "texture": "#0"},
				"west": {"uv": [4, 6, 11, 8], "texture": "#0"},
				"up": {"uv": [8, 3, 10, 10], "texture": "#0"},
				"down": {"uv": [8, 3, 10, 10], "texture": "#0"}
			}
		},
		{
			"from": [7.5, 1.38268, 9.07612],
			"to": [8.5, 5.38268, 12.07612],
			"rotation": {"angle": 0, "axis": "y", "origin": [0, 0.38268, -0.92388]},
			"faces": {
				"north": {"uv": [4, 7, 8, 8], "rotation": 90, "texture": "#1"},
				"east": {"uv": [7, 6, 11, 9], "rotation": 90, "texture": "#1"},
				"south": {"uv": [7, 8, 11, 9], "rotation": 90, "texture": "#1"},
				"west": {"uv": [5, 6, 9, 9], "rotation": 90, "texture": "#1"},
				"up": {"uv": [6, 7, 9, 8], "rotation": 90, "texture": "#1"},
				"down": {"uv": [8, 6, 11, 7], "rotation": 90, "texture": "#1"}
			}
		},
		{
			"from": [7.5, 4.38268, 12.07612],
			"to": [8.5, 5.38268, 14.07612],
			"rotation": {"angle": 0, "axis": "y", "origin": [0, 0.38268, -0.92388]},
			"faces": {
				"north": {"uv": [0, 0, 1, 1], "texture": "#1"},
				"east": {"uv": [4, 5, 6, 6], "texture": "#1"},
				"south": {"uv": [4, 6, 5, 7], "texture": "#1"},
				"west": {"uv": [4, 5, 6, 6], "texture": "#1"},
				"up": {"uv": [5, 4, 6, 6], "texture": "#1"},
				"down": {"uv": [4, 6, 5, 8], "texture": "#1"}
			}
		},
		{
			"from": [7.51, 7.38268, 10.32612],
			"to": [8.51, 8.38268, 11.32612],
			"rotation": {"angle": 0, "axis": "y", "origin": [0, 0.38268, -0.92388]},
			"faces": {
				"north": {"uv": [4, 11, 5, 12], "rotation": 90, "texture": "#1"},
				"east": {"uv": [5, 10, 6, 11], "texture": "#1"},
				"south": {"uv": [4, 10, 5, 11], "rotation": 90, "texture": "#1"},
				"west": {"uv": [5, 9, 6, 10], "texture": "#1"},
				"up": {"uv": [4, 10, 5, 11], "rotation": 90, "texture": "#1"},
				"down": {"uv": [4, 10, 5, 11], "rotation": 90, "texture": "#1"}
			}
		},
		{
			"from": [7.5, 6.88268, 10.07612],
			"to": [8.5, 7.88268, 14.07612],
			"rotation": {"angle": 0, "axis": "y", "origin": [-0.5, 0.76537, -0.92388]},
			"faces": {
				"north": {"uv": [4, 11, 5, 12], "rotation": 90, "texture": "#1"},
				"east": {"uv": [5, 10, 9, 11], "texture": "#1"},
				"south": {"uv": [4, 10, 5, 11], "rotation": 90, "texture": "#1"},
				"west": {"uv": [5, 9, 9, 10], "texture": "#1"},
				"up": {"uv": [4, 10, 8, 11], "rotation": 90, "texture": "#1"},
				"down": {"uv": [4, 10, 8, 11], "rotation": 90, "texture": "#1"}
			}
		},
		{
			"from": [7.5, 7.38268, 14.07612],
			"to": [8.5, 8.38268, 16.07612],
			"rotation": {"angle": 0, "axis": "y", "origin": [0, 0.38268, -0.92388]},
			"faces": {
				"north": {"uv": [4, 11, 5, 12], "rotation": 90, "texture": "#1"},
				"east": {"uv": [5, 10, 7, 11], "texture": "#1"},
				"south": {"uv": [4, 10, 5, 11], "rotation": 90, "texture": "#1"},
				"west": {"uv": [5, 9, 7, 10], "texture": "#1"},
				"up": {"uv": [4, 10, 6, 11], "rotation": 90, "texture": "#1"},
				"down": {"uv": [4, 10, 6, 11], "rotation": 90, "texture": "#1"}
			}
		},
		{
			"from": [7.5, 3.88268, 14.07612],
			"to": [8.5, 4.88268, 14.07612],
			"rotation": {"angle": 0, "axis": "y", "origin": [0, 0.38268, -0.92388]},
			"faces": {
				"north": {"uv": [5, 8, 6, 9], "texture": "#1"},
				"east": {"uv": [7, 9, 7, 10], "texture": "#1"},
				"south": {"uv": [4, 10, 5, 11], "texture": "#1"},
				"west": {"uv": [7, 9, 7, 10], "texture": "#1"},
				"up": {"uv": [4, 6, 5, 6], "texture": "#1"},
				"down": {"uv": [7, 7, 8, 7], "texture": "#1"}
			}
		},
		{
			"from": [7.5, 3.88268, 16.07612],
			"to": [8.5, 5.88268, 16.07612],
			"rotation": {"angle": 0, "axis": "y", "origin": [0, 0.38268, -0.92388]},
			"faces": {
				"north": {"uv": [5, 8, 6, 10], "texture": "#1"},
				"east": {"uv": [7, 9, 7, 11], "texture": "#1"},
				"south": {"uv": [4, 10, 5, 12], "texture": "#1"},
				"west": {"uv": [7, 9, 7, 11], "texture": "#1"},
				"up": {"uv": [4, 6, 5, 6], "texture": "#1"},
				"down": {"uv": [7, 7, 8, 7], "texture": "#1"}
			}
		},
		{
			"from": [7.5, 3.88268, 14.07612],
			"to": [8.5, 3.88268, 16.07612],
			"rotation": {"angle": 0, "axis": "y", "origin": [0, 0.38268, -0.92388]},
			"faces": {
				"north": {"uv": [5, 8, 6, 8], "texture": "#1"},
				"east": {"uv": [7, 9, 9, 9], "texture": "#1"},
				"south": {"uv": [4, 10, 5, 10], "texture": "#1"},
				"west": {"uv": [7, 9, 9, 9], "texture": "#1"},
				"up": {"uv": [4, 6, 5, 8], "texture": "#1"},
				"down": {"uv": [7, 7, 8, 9], "texture": "#1"}
			}
		},
		{
			"from": [6.99, 2.02512, 27.01043],
			"to": [8.99, 4.02512, 30.01043],
			"rotation": {"angle": 0, "axis": "x", "origin": [0, -2.97488, -1.98957]},
			"faces": {
				"north": {"uv": [0, 7, 2, 9], "texture": "#0"},
				"east": {"uv": [0, 6, 3, 8], "texture": "#0"},
				"south": {"uv": [1, 7, 3, 9], "texture": "#0"},
				"west": {"uv": [0, 6, 3, 8], "texture": "#0"},
				"up": {"uv": [0, 8, 2, 11], "texture": "#0"},
				"down": {"uv": [0, 8, 2, 11], "texture": "#0"}
			}
		},
		{
			"from": [7, 3.02512, 25.01043],
			"to": [9, 5.02512, 30.01043],
			"rotation": {"angle": 0, "axis": "x", "origin": [0, -2.97488, -1.98957]},
			"faces": {
				"north": {"uv": [0, 7, 2, 9], "texture": "#0"},
				"east": {"uv": [0, 8, 5, 10], "texture": "#0"},
				"south": {"uv": [2, 9, 4, 11], "texture": "#0"},
				"west": {"uv": [0, 8, 5, 10], "texture": "#0"},
				"up": {"uv": [0, 8, 2, 13], "texture": "#0"},
				"down": {"uv": [1, 9, 3, 14], "texture": "#0"}
			}
		},
		{
			"from": [7, 4.02512, 22.01043],
			"to": [9, 5.02512, 25.01043],
			"rotation": {"angle": 0, "axis": "x", "origin": [0, -2.97488, -1.98957]},
			"faces": {
				"north": {"uv": [2, 10, 4, 11], "texture": "#0"},
				"east": {"uv": [1, 9, 4, 10], "texture": "#0"},
				"south": {"uv": [1, 9, 3, 10], "texture": "#0"},
				"west": {"uv": [2, 10, 5, 11], "texture": "#0"},
				"up": {"uv": [4, 8, 6, 11], "texture": "#0"},
				"down": {"uv": [4, 8, 6, 11], "texture": "#0"}
			}
		},
		{
			"from": [7, 1.78923, 16.47044],
			"to": [9, 5.78923, 17.47044],
			"rotation": {"angle": -22.5, "axis": "x", "origin": [0, 9.71725, 18.14811]},
			"faces": {
				"north": {"uv": [8, 8, 10, 12], "rotation": 180, "texture": "#0"},
				"east": {"uv": [8, 8, 12, 9], "rotation": 270, "texture": "#0"},
				"south": {"uv": [4, 6, 6, 10], "texture": "#0"},
				"west": {"uv": [8, 12, 12, 13], "rotation": 90, "texture": "#0"},
				"up": {"uv": [8, 8, 10, 9], "rotation": 180, "texture": "#0"},
				"down": {"uv": [8, 8, 10, 9], "texture": "#0"}
			}
		},
		{
			"from": [7, 1.78923, 17.47044],
			"to": [9, 4.78923, 18.47044],
			"rotation": {"angle": -22.5, "axis": "x", "origin": [0, 9.71725, 18.14811]},
			"faces": {
				"north": {"uv": [8, 8, 10, 11], "rotation": 180, "texture": "#0"},
				"east": {"uv": [7, 10, 10, 11], "rotation": 270, "texture": "#0"},
				"south": {"uv": [4, 7, 6, 10], "texture": "#0"},
				"west": {"uv": [6, 9, 9, 10], "rotation": 90, "texture": "#0"},
				"up": {"uv": [8, 9, 10, 10], "rotation": 180, "texture": "#0"},
				"down": {"uv": [9, 9, 11, 10], "texture": "#0"}
			}
		},
		{
			"from": [7.01, 13.71725, 21.14811],
			"to": [9.01, 16.71725, 30.14811],
			"rotation": {"angle": 22.5, "axis": "x", "origin": [0, 9.71725, -6.85189]},
			"faces": {
				"north": {"uv": [7, 8, 9, 11], "texture": "#0"},
				"east": {"uv": [0, 9, 9, 12], "texture": "#0"},
				"south": {"uv": [3, 7, 5, 10], "texture": "#0"},
				"west": {"uv": [0, 9, 9, 12], "texture": "#0"},
				"up": {"uv": [7, 6, 9, 15], "texture": "#0"},
				"down": {"uv": [2, 6, 4, 15], "texture": "#0"}
			}
		},
		{
			"from": [7.01, 14.71725, 16.14811],
			"to": [9.01, 16.71725, 21.14811],
			"rotation": {"angle": 22.5, "axis": "x", "origin": [0, 9.71725, -6.85189]},
			"faces": {
				"north": {"uv": [5, 6, 7, 8], "texture": "#0"},
				"east": {"uv": [5, 6, 10, 8], "texture": "#0"},
				"south": {"uv": [5, 6, 7, 8], "texture": "#0"},
				"west": {"uv": [9, 7, 11, 12], "rotation": 90, "texture": "#0"},
				"up": {"uv": [5, 6, 7, 11], "texture": "#0"},
				"down": {"uv": [5, 6, 7, 11], "texture": "#0"}
			}
		},
		{
			"from": [7, 6.38268, -0.92388],
			"to": [9, 8.38268, 2.07612],
			"rotation": {"angle": 0, "axis": "x", "origin": [0, 6.38268, 0.07612]},
			"faces": {
				"north": {"uv": [4, 4, 6, 6], "texture": "#0"},
				"east": {"uv": [3, 12, 6, 14], "texture": "#0"},
				"south": {"uv": [10, 9, 12, 11], "texture": "#0"},
				"west": {"uv": [9, 10, 12, 12], "texture": "#0"},
				"up": {"uv": [11, 5, 13, 8], "texture": "#0"},
				"down": {"uv": [4, 9, 6, 12], "texture": "#0"}
			}
		},
		{
			"from": [7, 6.38268, -2.92388],
			"to": [9, 7.38268, -0.92388],
			"rotation": {"angle": 0, "axis": "x", "origin": [0, 6.38268, 0.07612]},
			"faces": {
				"north": {"uv": [10, 11, 12, 12], "texture": "#0"},
				"east": {"uv": [10, 11, 12, 12], "texture": "#0"},
				"south": {"uv": [10, 11, 12, 12], "texture": "#0"},
				"west": {"uv": [10, 11, 12, 12], "texture": "#0"},
				"up": {"uv": [10, 11, 12, 13], "texture": "#0"},
				"down": {"uv": [10, 11, 12, 13], "texture": "#0"}
			}
		},
		{
			"from": [7.5, 6.88268, -16],
			"to": [8.5, 7.88268, -1],
			"rotation": {"angle": 0, "axis": "x", "origin": [0, 6.38268, 0.07612]},
			"faces": {
				"north": {"uv": [4, 7, 5, 8], "texture": "#1"},
				"east": {"uv": [1, 7, 16, 8], "texture": "#1"},
				"south": {"uv": [2, 7, 3, 8], "texture": "#1"},
				"west": {"uv": [1, 7, 16, 8], "texture": "#1"},
				"up": {"uv": [1, 7, 16, 8], "rotation": 90, "texture": "#1"},
				"down": {"uv": [1, 6.92388, 16, 7.92388], "rotation": 90, "texture": "#1"}
			}
		},
		{
			"from": [8, 7.88268, -15],
			"to": [8, 8.88268, -12.92388],
			"rotation": {"angle": 0, "axis": "x", "origin": [0, 6.38268, 0.07612]},
			"faces": {
				"north": {"uv": [0, 0, 0, 1], "texture": "#1"},
				"east": {"uv": [5, 7, 7.07612, 8], "texture": "#1"},
				"south": {"uv": [0, 0, 0, 1], "texture": "#1"},
				"west": {"uv": [6, 7, 8.07612, 8], "texture": "#1"},
				"up": {"uv": [0, 0, 0, 2.07612], "texture": "#1"},
				"down": {"uv": [0, 0, 0, 2.07612], "texture": "#1"}
			}
		},
		{
			"from": [8, 5.88268, -7],
			"to": [8, 6.88268, -3.92388],
			"rotation": {"angle": 0, "axis": "x", "origin": [0, 6.38268, 0.07612]},
			"faces": {
				"north": {"uv": [0, 0, 0, 1], "texture": "#1"},
				"east": {"uv": [5, 7, 8.07612, 8], "texture": "#1"},
				"south": {"uv": [0, 0, 0, 1], "texture": "#1"},
				"west": {"uv": [5, 8, 8.07612, 9], "texture": "#1"},
				"up": {"uv": [0, 0, 0, 3.07612], "texture": "#1"},
				"down": {"uv": [0, 0, 0, 3.07612], "texture": "#1"}
			}
		},
		{
			"from": [7.01, 6.14805, -0.77164],
			"to": [9.01, 7.14805, 2.22836],
			"rotation": {"angle": 22.5, "axis": "x", "origin": [0, 6.14805, 0.22836]},
			"faces": {
				"north": {"uv": [7, 11, 9, 12], "texture": "#0"},
				"east": {"uv": [7, 11, 10, 12], "texture": "#0"},
				"south": {"uv": [7, 11, 9, 12], "texture": "#0"},
				"west": {"uv": [7, 11, 10, 12], "texture": "#0"},
				"up": {"uv": [7, 13, 9, 16], "texture": "#0"},
				"down": {"uv": [9, 8, 11, 11], "texture": "#0"}
			}
		}
	],
	"display": {
		"thirdperson_righthand": {
			"rotation": [55, 0, 0],
			"translation": [0, 3.5, -0.5],
			"scale": [0.5, 0.5, 0.5]
		},
		"thirdperson_lefthand": {
			"rotation": [55, 0, 0],
			"translation": [0, 3.5, -0.5],
			"scale": [0.5, 0.5, 0.5]
		},
		"firstperson_righthand": {
			"rotation": [50.43, 77.01, -82.22],
			"translation": [-9.25, 6.5, -3.25]
		},
		"firstperson_lefthand": {
			"rotation": [50.43, 77.01, -82.22],
			"translation": [-9.25, 6.5, -3.25]
		},
		"gui": {
			"rotation": [90, 45, -90],
			"translation": [0.75, 1.25, 0],
			"scale": [0.5, 0.5, 0.5]
		}
	}
}