{
	"credit": "Made with Blockbench",
	"texture_size": [48, 48],
	"textures": {
		"1": "expansion:items/equipment_modules/armored"
	},
	"elements": [
		{
			"from": [0, 0.025, 7.975],
			"to": [16, 16.025, 8.025],
			"rotation": {"angle": 0, "axis": "x", "origin": [8, 0.025, 8]},
			"faces": {
				"north": {"uv": [5.33333, 5.66667, 0, 11], "rotation": 180, "texture": "#1"},
				"east": {"uv": [5.66667, 0.66667, 11, 0.83333], "rotation": 270, "texture": "#1"},
				"south": {"uv": [5.33333, 5.33333, 0, 0], "texture": "#1"},
				"west": {"uv": [5.66667, 2, 11, 2.16667], "rotation": 90, "texture": "#1"},
				"up": {"uv": [5.66667, 0, 11, 0.16667], "rotation": 180, "texture": "#1"},
				"down": {"uv": [5.66667, 1.33333, 11, 1.5], "texture": "#1"}
			}
		}
	],
	"gui_light": "front",
	"display": {
		"thirdperson_righthand": {
			"translation": [0, 3, 1],
			"scale": [0.55, 0.55, 0.55]
		},
		"thirdperson_lefthand": {
			"translation": [0, 3, 1],
			"scale": [0.55, 0.55, 0.55]
		},
		"firstperson_righthand": {
			"rotation": [0, -90, 25],
			"translation": [1.13, 3.2, 1.13],
			"scale": [0.68, 0.68, 0.68]
		},
		"firstperson_lefthand": {
			"rotation": [0, -90, 25],
			"translation": [1.13, 3.2, 1.13],
			"scale": [0.68, 0.68, 0.68]
		},
		"ground": {
			"translation": [0, 2, 0],
			"scale": [0.5, 0.5, 0.5]
		},
		"gui": {
			"scale": [0.8, 0.8, 0.8]
		},
		"head": {
			"rotation": [0, 180, 0],
			"translation": [0, 13, 7]
		},
		"fixed": {
			"rotation": [0, 180, 0]
		}
	}
}