{
	"credit": "Made with Blockbench",
	"parent": "hl_ss",
	"texture_size": [32, 32],
	"textures": {
		"0": "block/hl_ss",
		"3": "block/mp5",
		"particle": "block/hl_ss"
	},
	"elements": [
		{
			"from": [8, 1, 3.35],
			"to": [9, 2, 5.35],
			"faces": {
				"north": {"uv": [11, 0.5, 11.5, 1], "texture": "#3"},
				"east": {"uv": [3, 9.5, 4, 10], "texture": "#3"},
				"south": {"uv": [1, 11, 1.5, 11.5], "texture": "#3"},
				"west": {"uv": [9.5, 3, 10.5, 3.5], "texture": "#3"},
				"up": {"uv": [1, 10.5, 0.5, 9.5], "texture": "#3"},
				"down": {"uv": [10, 3.5, 9.5, 4.5], "texture": "#3"}
			}
		},
		{
			"from": [8, 6, 4.75],
			"to": [9, 7, 6.75],
			"faces": {
				"north": {"uv": [4, 11, 4.5, 11.5], "texture": "#3"},
				"east": {"uv": [3, 10, 4, 10.5], "texture": "#3"},
				"south": {"uv": [4.5, 11, 5, 11.5], "texture": "#3"},
				"west": {"uv": [10, 3.5, 11, 4], "texture": "#3"},
				"up": {"uv": [4.5, 11, 4, 10], "texture": "#3"},
				"down": {"uv": [10.5, 4, 10, 5], "texture": "#3"}
			}
		},
		{
			"from": [8, 7, 4.85],
			"to": [9, 8, 6.85],
			"faces": {
				"north": {"uv": [5, 11, 5.5, 11.5], "texture": "#3"},
				"east": {"uv": [4.5, 10, 5.5, 10.5], "texture": "#3"},
				"south": {"uv": [5.5, 11, 6, 11.5], "texture": "#3"},
				"west": {"uv": [10, 6, 11, 6.5], "texture": "#3"},
				"up": {"uv": [6, 11, 5.5, 10], "texture": "#3"},
				"down": {"uv": [7, 10, 6.5, 11], "texture": "#3"}
			}
		},
		{
			"from": [8, 5, 4.6],
			"to": [9, 6, 6.6],
			"faces": {
				"north": {"uv": [3.5, 11, 4, 11.5], "texture": "#3"},
				"east": {"uv": [10, 1, 11, 1.5], "texture": "#3"},
				"south": {"uv": [11, 3.5, 11.5, 4], "texture": "#3"},
				"west": {"uv": [10, 1.5, 11, 2], "texture": "#3"},
				"up": {"uv": [2.5, 11, 2, 10], "texture": "#3"},
				"down": {"uv": [3, 10, 2.5, 11], "texture": "#3"}
			}
		},
		{
			"from": [8, 2, 3.75],
			"to": [9, 3, 5.75],
			"faces": {
				"north": {"uv": [11, 1, 11.5, 1.5], "texture": "#3"},
				"east": {"uv": [4, 9.5, 5, 10], "texture": "#3"},
				"south": {"uv": [1.5, 11, 2, 11.5], "texture": "#3"},
				"west": {"uv": [5, 9.5, 6, 10], "texture": "#3"},
				"up": {"uv": [6.5, 10.5, 6, 9.5], "texture": "#3"},
				"down": {"uv": [10, 6, 9.5, 7], "texture": "#3"}
			}
		},
		{
			"from": [8, 0, 3],
			"to": [9, 1, 5],
			"faces": {
				"north": {"uv": [8, 4, 8.5, 4.5], "texture": "#3"},
				"east": {"uv": [8, 4.5, 9, 5], "texture": "#3"},
				"south": {"uv": [9.5, 10.5, 10, 11], "texture": "#3"},
				"west": {"uv": [9, 4.5, 10, 5], "texture": "#3"},
				"up": {"uv": [0.5, 10.5, 0, 9.5], "texture": "#3"},
				"down": {"uv": [10, 0, 9.5, 1], "texture": "#3"}
			}
		},
		{
			"from": [8, 3, 4.1],
			"to": [9, 4, 6.1],
			"faces": {
				"north": {"uv": [11, 1.5, 11.5, 2], "texture": "#3"},
				"east": {"uv": [9.5, 7, 10.5, 7.5], "texture": "#3"},
				"south": {"uv": [2, 11, 2.5, 11.5], "texture": "#3"},
				"west": {"uv": [7.5, 9.5, 8.5, 10], "texture": "#3"},
				"up": {"uv": [10, 8.5, 9.5, 7.5], "texture": "#3"},
				"down": {"uv": [9, 9.5, 8.5, 10.5], "texture": "#3"}
			}
		},
		{
			"from": [8, 4, 4.5],
			"to": [9, 5, 6.5],
			"faces": {
				"north": {"uv": [2.5, 11, 3, 11.5], "texture": "#3"},
				"east": {"uv": [9.5, 8.5, 10.5, 9], "texture": "#3"},
				"south": {"uv": [3, 11, 3.5, 11.5], "texture": "#3"},
				"west": {"uv": [9.5, 9, 10.5, 9.5], "texture": "#3"},
				"up": {"uv": [10, 10.5, 9.5, 9.5], "texture": "#3"},
				"down": {"uv": [10.5, 0, 10, 1], "texture": "#3"}
			}
		},
		{
			"from": [7.9, 7, 4.75],
			"to": [9.15, 9, 7],
			"faces": {
				"north": {"uv": [8, 1, 8.625, 2], "texture": "#3"},
				"east": {"uv": [3, 7, 4.125, 8], "texture": "#3"},
				"south": {"uv": [8.5, 6, 9.125, 7], "texture": "#3"},
				"west": {"uv": [7, 3, 8.125, 4], "texture": "#3"},
				"up": {"uv": [3.625, 9.125, 3, 8], "texture": "#3"},
				"down": {"uv": [8.125, 8, 7.5, 9.125], "texture": "#3"}
			}
		},
		{
			"from": [7.9, 7, 7],
			"to": [9.15, 9, 14],
			"faces": {
				"north": {"uv": [9, 1, 9.625, 2], "texture": "#3"},
				"east": {"uv": [4.5, 0, 8, 1], "texture": "#3"},
				"south": {"uv": [2, 9, 2.625, 10], "texture": "#3"},
				"west": {"uv": [4.5, 1, 8, 2], "texture": "#3"},
				"up": {"uv": [5.125, 9.5, 4.5, 6], "texture": "#3"},
				"down": {"uv": [6.125, 6, 5.5, 9.5], "texture": "#3"}
			}
		},
		{
			"from": [7.9, 7.5, 14],
			"to": [9.15, 9, 16.25],
			"faces": {
				"north": {"uv": [7, 10, 7.625, 10.75], "texture": "#3"},
				"east": {"uv": [7.5, 7, 8.625, 7.75], "texture": "#3"},
				"south": {"uv": [10, 7.5, 10.625, 8.25], "texture": "#3"},
				"west": {"uv": [8, 0, 9.125, 0.75], "texture": "#3"},
				"up": {"uv": [9.125, 4.125, 8.5, 3], "texture": "#3"},
				"down": {"uv": [7.125, 8.5, 6.5, 9.625], "texture": "#3"}
			}
		},
		{
			"from": [8.05, -4, 12],
			"to": [9.05, 3, 14.25],
			"rotation": {"angle": -22.5, "axis": "x", "origin": [0, 0, 0]},
			"faces": {
				"north": {"uv": [1, 7, 1.5, 10.5], "texture": "#3"},
				"east": {"uv": [3, 0, 4.125, 3.5], "texture": "#3"},
				"south": {"uv": [1.5, 7, 2, 10.5], "texture": "#3"},
				"west": {"uv": [3, 3.5, 4.125, 7], "texture": "#3"},
				"up": {"uv": [9.5, 8.125, 9, 7], "texture": "#3"},
				"down": {"uv": [9.5, 8.5, 9, 9.625], "texture": "#3"}
			}
		},
		{
			"from": [8.05, 0.35, 10.9],
			"to": [9.05, 0.6, 12.15],
			"rotation": {"angle": -22.5, "axis": "x", "origin": [0, 0, 0]},
			"faces": {
				"north": {"uv": [12, 3.5, 12.5, 3.625], "texture": "#3"},
				"east": {"uv": [2, 12, 2.625, 12.125], "texture": "#3"},
				"south": {"uv": [4, 12, 4.5, 12.125], "texture": "#3"},
				"west": {"uv": [12, 2.5, 12.625, 2.625], "texture": "#3"},
				"up": {"uv": [10.5, 10.625, 10, 10], "texture": "#3"},
				"down": {"uv": [0.5, 10.5, 0, 11.125], "texture": "#3"}
			}
		},
		{
			"from": [8.05, 4.45, 8.65],
			"to": [9.05, 4.7, 9.9],
			"faces": {
				"north": {"uv": [12, 4, 12.5, 4.125], "texture": "#3"},
				"east": {"uv": [3, 12, 3.625, 12.125], "texture": "#3"},
				"south": {"uv": [4.5, 12, 5, 12.125], "texture": "#3"},
				"west": {"uv": [12, 3, 12.625, 3.125], "texture": "#3"},
				"up": {"uv": [11, 0.625, 10.5, 0], "texture": "#3"},
				"down": {"uv": [1, 10.5, 0.5, 11.125], "texture": "#3"}
			}
		},
		{
			"from": [8.05, 0.85, 9.7],
			"to": [9.05, 3.7, 9.95],
			"rotation": {"angle": -22.5, "axis": "x", "origin": [0, 0, 0]},
			"faces": {
				"north": {"uv": [4, 8, 4.5, 9.375], "texture": "#3"},
				"east": {"uv": [5, 11.5, 5.125, 12.875], "texture": "#3"},
				"south": {"uv": [8.5, 8, 9, 9.375], "texture": "#3"},
				"west": {"uv": [5.5, 11.5, 5.625, 12.875], "texture": "#3"},
				"up": {"uv": [6.5, 12.125, 6, 12], "texture": "#3"},
				"down": {"uv": [7, 12, 6.5, 12.125], "texture": "#3"}
			}
		},
		{
			"from": [8.05, 8.35, 6.7],
			"to": [9.05, 9.2, 6.95],
			"rotation": {"angle": 22.5, "axis": "x", "origin": [0, 0, 0]},
			"faces": {
				"north": {"uv": [11.5, 1, 12, 1.375], "texture": "#3"},
				"east": {"uv": [12, 8.5, 12.125, 8.875], "texture": "#3"},
				"south": {"uv": [1.5, 11.5, 2, 11.875], "texture": "#3"},
				"west": {"uv": [9, 12, 9.125, 12.375], "texture": "#3"},
				"up": {"uv": [7.5, 12.125, 7, 12], "texture": "#3"},
				"down": {"uv": [8, 12, 7.5, 12.125], "texture": "#3"}
			}
		},
		{
			"from": [8.05, 5.75, 9.7],
			"to": [9.05, 7.6, 9.95],
			"faces": {
				"north": {"uv": [8, 10, 8.5, 10.875], "texture": "#3"},
				"east": {"uv": [1.5, 12, 1.625, 12.875], "texture": "#3"},
				"south": {"uv": [9, 10, 9.5, 10.875], "texture": "#3"},
				"west": {"uv": [12, 1.5, 12.125, 2.375], "texture": "#3"},
				"up": {"uv": [12.5, 7.625, 12, 7.5], "texture": "#3"},
				"down": {"uv": [8.5, 12, 8, 12.125], "texture": "#3"}
			}
		},
		{
			"from": [8, 9, 4],
			"to": [9.5, 10, 18],
			"rotation": {"angle": 0, "axis": "y", "origin": [0, -4, 0]},
			"faces": {
				"north": {"uv": [10, 6.5, 10.75, 7], "texture": "#3"},
				"east": {"uv": [4.5, 2, 11.5, 2.5], "texture": "#3"},
				"south": {"uv": [10, 9.5, 10.75, 10], "texture": "#3"},
				"west": {"uv": [4.5, 2.5, 11.5, 3], "texture": "#3"},
				"up": {"uv": [0.75, 7, 0, 0], "texture": "#3"},
				"down": {"uv": [1.75, 0, 1, 7], "texture": "#3"}
			}
		},
		{
			"from": [8.25, 10, 0],
			"to": [9.25, 10.5, 18],
			"rotation": {"angle": 0, "axis": "y", "origin": [0, -4, 0]},
			"faces": {
				"north": {"uv": [11.5, 10, 12, 10.25], "texture": "#3"},
				"east": {"uv": [4.5, 5, 13.5, 5.25], "texture": "#3"},
				"south": {"uv": [10.5, 11.5, 11, 11.75], "texture": "#3"},
				"west": {"uv": [4.5, 5.5, 13.5, 5.75], "texture": "#3"},
				"up": {"uv": [2.5, 9, 2, 0], "texture": "#3"},
				"down": {"uv": [3, 0, 2.5, 9], "texture": "#3"}
			}
		},
		{
			"from": [8.5, 9.1, 18],
			"to": [9.25, 9.85, 18.75],
			"rotation": {"angle": 0, "axis": "y", "origin": [0, -4, 0]},
			"faces": {
				"north": {"uv": [11.5, 8.5, 11.875, 8.875], "texture": "#3"},
				"east": {"uv": [9, 11.5, 9.375, 11.875], "texture": "#3"},
				"south": {"uv": [11.5, 9, 11.875, 9.375], "texture": "#3"},
				"west": {"uv": [9.5, 11.5, 9.875, 11.875], "texture": "#3"},
				"up": {"uv": [11.875, 9.875, 11.5, 9.5], "texture": "#3"},
				"down": {"uv": [10.375, 11.5, 10, 11.875], "texture": "#3"}
			}
		},
		{
			"from": [8.4, 9, 18.75],
			"to": [9.4, 10, 19.75],
			"rotation": {"angle": 0, "axis": "y", "origin": [0, -4, 0]},
			"faces": {
				"north": {"uv": [11, 6, 11.5, 6.5], "texture": "#3"},
				"east": {"uv": [6.5, 11, 7, 11.5], "texture": "#3"},
				"south": {"uv": [11, 6.5, 11.5, 7], "texture": "#3"},
				"west": {"uv": [7, 11, 7.5, 11.5], "texture": "#3"},
				"up": {"uv": [8, 11.5, 7.5, 11], "texture": "#3"},
				"down": {"uv": [11.5, 7.5, 11, 8], "texture": "#3"}
			}
		},
		{
			"from": [8.65, 10, 18.75],
			"to": [9.15, 10.5, 19.75],
			"rotation": {"angle": 0, "axis": "y", "origin": [0, -4, 0]},
			"faces": {
				"north": {"uv": [12, 8, 12.25, 8.25], "texture": "#3"},
				"east": {"uv": [0.5, 12, 1, 12.25], "texture": "#3"},
				"south": {"uv": [8.5, 12, 8.75, 12.25], "texture": "#3"},
				"west": {"uv": [12, 0.5, 12.5, 0.75], "texture": "#3"},
				"up": {"uv": [1.25, 12.5, 1, 12], "texture": "#3"},
				"down": {"uv": [12.25, 1, 12, 1.5], "texture": "#3"}
			}
		},
		{
			"from": [8.4, 8, 18.75],
			"to": [9.4, 9, 19.75],
			"rotation": {"angle": 0, "axis": "y", "origin": [0, -4, 0]},
			"faces": {
				"north": {"uv": [8, 11, 8.5, 11.5], "texture": "#3"},
				"east": {"uv": [11, 8, 11.5, 8.5], "texture": "#3"},
				"south": {"uv": [9, 11, 9.5, 11.5], "texture": "#3"},
				"west": {"uv": [9.5, 11, 10, 11.5], "texture": "#3"},
				"up": {"uv": [11.5, 10, 11, 9.5], "texture": "#3"},
				"down": {"uv": [10.5, 11, 10, 11.5], "texture": "#3"}
			}
		},
		{
			"from": [8.4, 7.25, 18.75],
			"to": [9.4, 8, 19.75],
			"rotation": {"angle": 0, "axis": "y", "origin": [0, -4, 0]},
			"faces": {
				"north": {"uv": [11.5, 1.5, 12, 1.875], "texture": "#3"},
				"east": {"uv": [2, 11.5, 2.5, 11.875], "texture": "#3"},
				"south": {"uv": [11.5, 2, 12, 2.375], "texture": "#3"},
				"west": {"uv": [2.5, 11.5, 3, 11.875], "texture": "#3"},
				"up": {"uv": [11, 11.5, 10.5, 11], "texture": "#3"},
				"down": {"uv": [11.5, 11, 11, 11.5], "texture": "#3"}
			}
		},
		{
			"from": [8.4, 6.6, 18.95],
			"to": [9.4, 7.35, 19.95],
			"rotation": {"angle": 0, "axis": "y", "origin": [0, -4, 0]},
			"faces": {
				"north": {"uv": [11.5, 2.5, 12, 2.875], "texture": "#3"},
				"east": {"uv": [3, 11.5, 3.5, 11.875], "texture": "#3"},
				"south": {"uv": [11.5, 3, 12, 3.375], "texture": "#3"},
				"west": {"uv": [3.5, 11.5, 4, 11.875], "texture": "#3"},
				"up": {"uv": [0.5, 12, 0, 11.5], "texture": "#3"},
				"down": {"uv": [1, 11.5, 0.5, 12], "texture": "#3"}
			}
		},
		{
			"from": [8.4, 6, 19.2],
			"to": [9.4, 6.75, 20.2],
			"rotation": {"angle": 0, "axis": "y", "origin": [0, -4, 0]},
			"faces": {
				"north": {"uv": [11.5, 3.5, 12, 3.875], "texture": "#3"},
				"east": {"uv": [4, 11.5, 4.5, 11.875], "texture": "#3"},
				"south": {"uv": [11.5, 4, 12, 4.375], "texture": "#3"},
				"west": {"uv": [4.5, 11.5, 5, 11.875], "texture": "#3"},
				"up": {"uv": [12, 1, 11.5, 0.5], "texture": "#3"},
				"down": {"uv": [1.5, 11.5, 1, 12], "texture": "#3"}
			}
		},
		{
			"from": [8.4, 8.6, -2.4],
			"to": [9.15, 9.35, -0.9],
			"rotation": {"angle": 0, "axis": "y", "origin": [0, -4, 0]},
			"faces": {
				"north": {"uv": [11.5, 8, 11.875, 8.375], "texture": "#3"},
				"east": {"uv": [10.5, 10.5, 11.25, 10.875], "texture": "#3"},
				"south": {"uv": [8.5, 11.5, 8.875, 11.875], "texture": "#3"},
				"west": {"uv": [11, 0, 11.75, 0.375], "texture": "#3"},
				"up": {"uv": [6.375, 11.25, 6, 10.5], "texture": "#3"},
				"down": {"uv": [8.875, 10.5, 8.5, 11.25], "texture": "#3"}
			}
		},
		{
			"from": [8, 8.55, -0.9],
			"to": [9.5, 9.25, -0.15],
			"rotation": {"angle": 0, "axis": "y", "origin": [0, -4, 0]},
			"faces": {
				"north": {"uv": [10.5, 7, 11.25, 7.375], "texture": "#3"},
				"east": {"uv": [11.5, 7.5, 11.875, 7.875], "texture": "#3"},
				"south": {"uv": [10.5, 8.5, 11.25, 8.875], "texture": "#3"},
				"west": {"uv": [8, 11.5, 8.375, 11.875], "texture": "#3"},
				"up": {"uv": [11.25, 9.375, 10.5, 9], "texture": "#3"},
				"down": {"uv": [11.25, 10, 10.5, 10.375], "texture": "#3"}
			}
		},
		{
			"from": [8.1, 9.25, -0.75],
			"to": [9.35, 10.25, -0.25],
			"rotation": {"angle": 0, "axis": "y", "origin": [0, -4, 0]},
			"faces": {
				"north": {"uv": [4.5, 10.5, 5.125, 11], "texture": "#3"},
				"east": {"uv": [0, 12, 0.25, 12.5], "texture": "#3"},
				"south": {"uv": [10.5, 4.5, 11.125, 5], "texture": "#3"},
				"west": {"uv": [12, 0, 12.25, 0.5], "texture": "#3"},
				"up": {"uv": [7.625, 11.75, 7, 11.5], "texture": "#3"},
				"down": {"uv": [12.125, 7, 11.5, 7.25], "texture": "#3"}
			}
		},
		{
			"from": [8.1, 11.25, -0.25],
			"to": [9.35, 12.25, 0.25],
			"rotation": {"angle": 0, "axis": "y", "origin": [0, -4, 0]},
			"faces": {
				"north": {"uv": [10.5, 3, 11.125, 3.5], "texture": "#3"},
				"east": {"uv": [11.5, 11, 11.75, 11.5], "texture": "#3"},
				"south": {"uv": [10.5, 4, 11.125, 4.5], "texture": "#3"},
				"west": {"uv": [11.5, 11.5, 11.75, 12], "texture": "#3"},
				"up": {"uv": [12.125, 6.25, 11.5, 6], "texture": "#3"},
				"down": {"uv": [12.125, 6.5, 11.5, 6.75], "texture": "#3"}
			}
		},
		{
			"from": [8.1, 10.25, -0.5],
			"to": [9.35, 11.25, 0],
			"rotation": {"angle": 0, "axis": "y", "origin": [0, -4, 0]},
			"faces": {
				"north": {"uv": [1, 10.5, 1.625, 11], "texture": "#3"},
				"east": {"uv": [11.5, 10.5, 11.75, 11], "texture": "#3"},
				"south": {"uv": [3, 10.5, 3.625, 11], "texture": "#3"},
				"west": {"uv": [11, 11.5, 11.25, 12], "texture": "#3"},
				"up": {"uv": [12.125, 4.75, 11.5, 4.5], "texture": "#3"},
				"down": {"uv": [6.625, 11.5, 6, 11.75], "texture": "#3"}
			}
		},
		{
			"from": [7.95, 8, 0.35],
			"to": [9.7, 10, 5.05],
			"rotation": {"angle": 0, "axis": "y", "origin": [0, -4, 0]},
			"faces": {
				"north": {"uv": [7, 4, 7.875, 5], "texture": "#3"},
				"east": {"uv": [4.5, 3, 6.875, 4], "texture": "#3"},
				"south": {"uv": [7.5, 6, 8.375, 7], "texture": "#3"},
				"west": {"uv": [4.5, 4, 6.875, 5], "texture": "#3"},
				"up": {"uv": [7.375, 8.375, 6.5, 6], "texture": "#3"},
				"down": {"uv": [0.875, 7, 0, 9.375], "texture": "#3"}
			}
		},
		{
			"from": [7.5, 10, 4.75],
			"to": [9.5, 12, 10.75],
			"faces": {
				"north": {"uv": [3, 6, 4, 7], "texture": "#0"},
				"east": {"uv": [0, 1, 3, 2], "texture": "#0"},
				"south": {"uv": [4, 6, 5, 7], "texture": "#0"},
				"west": {"uv": [0, 0, 3, 1], "texture": "#0"},
				"up": {"uv": [3, 3, 0, 2], "rotation": 270, "texture": "#0"},
				"down": {"uv": [3, 3, 0, 4], "rotation": 90, "texture": "#0"}
			}
		},
		{
			"from": [7.5, 10, 6],
			"to": [7.75, 12, 11],
			"faces": {
				"north": {"uv": [0, 8, 0.125, 9], "texture": "#0"},
				"east": {"uv": [3, 1, 5.5, 2], "texture": "#0"},
				"south": {"uv": [0.5, 8, 0.625, 9], "texture": "#0"},
				"west": {"uv": [3, 0, 5.5, 1], "texture": "#0"},
				"up": {"uv": [8.5, 5.625, 6, 5.5], "rotation": 270, "texture": "#0"},
				"down": {"uv": [7.5, 6.5, 5, 6.625], "rotation": 90, "texture": "#0"}
			}
		},
		{
			"from": [9.4, 11.7, 7.75],
			"to": [9.65, 13.7, 10.75],
			"faces": {
				"north": {"uv": [2, 8, 2.125, 9], "texture": "#0"},
				"east": {"uv": [4.5, 4, 6, 5], "texture": "#0"},
				"south": {"uv": [2.5, 8, 2.625, 9], "texture": "#0"},
				"west": {"uv": [3, 4, 4.5, 5], "texture": "#0"},
				"up": {"uv": [8.5, 2.625, 7, 2.5], "rotation": 270, "texture": "#0"},
				"down": {"uv": [8.5, 3, 7, 3.125], "rotation": 90, "texture": "#0"}
			}
		},
		{
			"from": [7.5, 11.7, 7.75],
			"to": [7.75, 13.7, 10.75],
			"faces": {
				"north": {"uv": [3, 8, 3.125, 9], "texture": "#0"},
				"east": {"uv": [4.5, 5, 6, 6], "texture": "#0"},
				"south": {"uv": [3.5, 8, 3.625, 9], "texture": "#0"},
				"west": {"uv": [3, 5, 4.5, 6], "texture": "#0"},
				"up": {"uv": [8.5, 3.625, 7, 3.5], "rotation": 270, "texture": "#0"},
				"down": {"uv": [5.5, 7, 4, 7.125], "rotation": 90, "texture": "#0"}
			}
		},
		{
			"from": [7.5, 11.75, 7.75],
			"to": [7.75, 13.75, 10.75],
			"faces": {
				"north": {"uv": [4, 8, 4.125, 9], "texture": "#0"},
				"east": {"uv": [5.5, 0, 7, 1], "texture": "#0"},
				"south": {"uv": [8, 4, 8.125, 5], "texture": "#0"},
				"west": {"uv": [0, 5.5, 1.5, 6.5], "texture": "#0"},
				"up": {"uv": [3, 7.625, 1.5, 7.5], "rotation": 270, "texture": "#0"},
				"down": {"uv": [4.5, 7.5, 3, 7.625], "rotation": 90, "texture": "#0"}
			}
		},
		{
			"from": [7.5, 11.75, 7.75],
			"to": [7.75, 13.75, 10.75],
			"faces": {
				"north": {"uv": [4.5, 8, 4.625, 9], "texture": "#0"},
				"east": {"uv": [1.5, 5.5, 3, 6.5], "texture": "#0"},
				"south": {"uv": [5, 8, 5.125, 9], "texture": "#0"},
				"west": {"uv": [5.5, 1, 7, 2], "texture": "#0"},
				"up": {"uv": [6, 7.625, 4.5, 7.5], "rotation": 270, "texture": "#0"},
				"down": {"uv": [7.5, 7.5, 6, 7.625], "rotation": 90, "texture": "#0"}
			}
		},
		{
			"from": [7.5, 13.5, 7.75],
			"to": [9.5, 13.75, 10.75],
			"faces": {
				"north": {"uv": [2, 6.5, 3, 6.625], "texture": "#0"},
				"east": {"uv": [7.5, 7.5, 9, 7.625], "texture": "#0"},
				"south": {"uv": [8, 5, 9, 5.125], "texture": "#0"},
				"west": {"uv": [7.5, 6.5, 9, 6.625], "texture": "#0"},
				"up": {"uv": [7, 3, 5.5, 2], "rotation": 270, "texture": "#0"},
				"down": {"uv": [7, 3, 5.5, 4], "rotation": 90, "texture": "#0"}
			}
		},
		{
			"from": [7.5, 10, 6],
			"to": [7.75, 12, 11],
			"faces": {
				"north": {"uv": [1, 8, 1.125, 9], "texture": "#0"},
				"east": {"uv": [3, 3, 5.5, 4], "texture": "#0"},
				"south": {"uv": [1.5, 8, 1.625, 9], "texture": "#0"},
				"west": {"uv": [3, 2, 5.5, 3], "texture": "#0"},
				"up": {"uv": [9.5, 0.125, 7, 0], "rotation": 270, "texture": "#0"},
				"down": {"uv": [9.5, 0.5, 7, 0.625], "rotation": 90, "texture": "#0"}
			}
		},
		{
			"from": [7.5, 10, 7],
			"to": [7.75, 10.75, 11],
			"faces": {
				"north": {"uv": [5.5, 8, 5.625, 8.375], "texture": "#0"},
				"east": {"uv": [6, 4.5, 8, 4.875], "texture": "#0"},
				"south": {"uv": [6, 8, 6.125, 8.375], "texture": "#0"},
				"west": {"uv": [6, 4, 8, 4.375], "texture": "#0"},
				"up": {"uv": [9, 1.125, 7, 1], "rotation": 270, "texture": "#0"},
				"down": {"uv": [9, 1.5, 7, 1.625], "rotation": 90, "texture": "#0"}
			}
		},
		{
			"from": [7.5, 10, 7],
			"to": [7.75, 10.75, 11],
			"faces": {
				"north": {"uv": [6.5, 8, 6.625, 8.375], "texture": "#0"},
				"east": {"uv": [6, 5, 8, 5.375], "texture": "#0"},
				"south": {"uv": [7, 8, 7.125, 8.375], "texture": "#0"},
				"west": {"uv": [5, 6, 7, 6.375], "texture": "#0"},
				"up": {"uv": [4, 7.125, 2, 7], "rotation": 270, "texture": "#0"},
				"down": {"uv": [9, 2, 7, 2.125], "rotation": 90, "texture": "#0"}
			}
		},
		{
			"from": [7.8, 12, 8.9],
			"to": [9.3, 13.5, 9],
			"faces": {
				"north": {"uv": [0, 6.5, 0.75, 7.25], "texture": "#0"},
				"east": {"uv": [8, 8, 8.0625, 8.75], "texture": "#0"},
				"south": {"uv": [1, 6.5, 1.75, 7.25], "texture": "#0"},
				"west": {"uv": [7.5, 8, 7.5625, 8.75], "texture": "#0"},
				"up": {"uv": [8.5625, 3.25, 8.5, 2.5], "rotation": 270, "texture": "#0"},
				"down": {"uv": [8.5625, 3.5, 8.5, 4.25], "rotation": 90, "texture": "#0"}
			}
		}
	],
	"display": {
		"thirdperson_righthand": {
			"translation": [0, 0.75, -0.5],
			"scale": [0.5, 0.5, 0.5]
		},
		"thirdperson_lefthand": {
			"translation": [0, 0, -1],
			"scale": [0.5, 0.5, 0.5]
		},
		"firstperson_righthand": {
			"translation": [-11.5, -10.93, -30.25],
			"scale": [4, 4, 4]
		},
		"firstperson_lefthand": {
			"translation": [0, 3, 0]
		},
		"ground": {
			"translation": [0, 5.25, 0]
		},
		"gui": {
			"rotation": [0, -43, 0],
			"translation": [0, 0.5, 0]
		},
		"head": {
			"translation": [0, 0, -0.25]
		},
		"fixed": {
			"rotation": [-90, 51.5, 90],
			"translation": [-1.25, 0.5, 0]
		}
	},
	"groups": [
		{
			"name": "zenbu",
			"origin": [8, 8, 8],
			"color": 0,
			"children": [
				{
					"name": "motutoko",
					"origin": [8, 8, 8],
					"color": 0,
					"children": [
						{
							"name": "magazin",
							"origin": [8, 8, 8],
							"color": 0,
							"children": [0, 1, 2, 3, 4, 5, 6, 7, 8]
						},
						{
							"name": "gurippu",
							"origin": [8, 8, 8],
							"color": 0,
							"children": [9, 10, 11, 12, 13, 14, 15, 16]
						}
					]
				},
				{
					"name": "hontai",
					"origin": [8, 8, 8],
					"color": 0,
					"children": [17, 18, 19, 20, 21, 22, 23, 24, 25, 26, 27, 28, 29, 30, 31]
				}
			]
		},
		{
			"name": "hl_ss",
			"origin": [8, 8, 8],
			"color": 0,
			"children": [32, 33, 34, 35, 36, 37, 38, 39, 40, 41, 42]
		}
	]
}