{
    "ak47.reload":        {"sounds": ["mgs:ak47/reload"]},
	"ak47.fire":          {"sounds": ["mgs:ak47/fire"]},
	"ak47.playerbegin":   {"sounds": ["mgs:ak47/playerbegin"]},
	"ak47.playerend":     {"sounds": ["mgs:ak47/playerend"]},
	"m16.reload":         {"sounds": ["mgs:m16/reload"]},
	"m16.fire":           {"sounds": ["mgs:m16/fire0","mgs:m16/fire1","mgs:m16/fire2"]},
	"m16.playerbegin":    {"sounds": ["mgs:m16/playerbegin"]},
	"m16.playerend":      {"sounds": ["mgs:m16/playerend"]},
    "fal.reload":         {"sounds": ["mgs:fnfal/reload"]},
	"fal.fire":           {"sounds": ["mgs:fnfal/fire0","mgs:fnfal/fire1","mgs:fnfal/fire2"]},
	"fal.playerbegin":    {"sounds": ["mgs:fnfal/playerbegin"]},
	"fal.playerend":      {"sounds": ["mgs:fnfal/playerend"]},
    "aug.reload":         {"sounds": ["mgs:aug/reload"]},
	"aug.fire":           {"sounds": ["mgs:aug/fire0","mgs:aug/fire1","mgs:aug/fire2"]},
	"aug.playerbegin":    {"sounds": ["mgs:aug/playerbegin"]},
    "aug.playermid":      {"sounds": ["mgs:aug/playermid"]},
	"aug.playerend":      {"sounds": ["mgs:aug/playerend"]},
    "m4.reload":          {"sounds": ["mgs:m4/reload"]},
	"m4.fire":            {"sounds": ["mgs:m4/fire0","mgs:m4/fire1","mgs:m4/fire2"]},
	"m4.playerbegin":     {"sounds": ["mgs:m4/playerbegin"]},
	"m4.playerend":       {"sounds": ["mgs:m4/playerend"]},
    "g3.reload":          {"sounds": ["mgs:g3/reload"]},
	"g3.fire":            {"sounds": ["mgs:g3/fire0","mgs:g3/fire1","mgs:g3/fire2"]},
	"g3.playerbegin":     {"sounds": ["mgs:g3/playerbegin"]},
    "g3.playerend":       {"sounds": ["mgs:g3/playerend"]},
    "famas.reload":       {"sounds": ["mgs:famas/reload"]},
	"famas.fire":         {"sounds": ["mgs:famas/fire0","mgs:famas/fire1","mgs:famas/fire2"]},
	"famas.playerbegin":  {"sounds": ["mgs:famas/playerbegin"]},
	"famas.playermid":    {"sounds": ["mgs:famas/playermid"]},
    "famas.playerend":    {"sounds": ["mgs:famas/playerend"]},
    "scar17.reload":      {"sounds": ["mgs:scar17/reload"]},
	"scar17.fire":        {"sounds": ["mgs:scar17/fire0","mgs:scar17/fire1","mgs:scar17/fire2"]},
	"scar17.playerbegin": {"sounds": ["mgs:scar17/playerbegin"]},
    "scar17.playerend":   {"sounds": ["mgs:scar17/playerend"]},
	"m82.reload":         {"sounds": ["mgs:m82/reload"]},
	"m82.fire":           {"sounds": ["mgs:m82/fire"]},
	"m82.playerbegin":    {"sounds": ["mgs:m82/playerbegin"]},
	"m82.playermid":      {"sounds": ["mgs:m82/playermid"]},
	"m82.playerend":      {"sounds": ["mgs:m82/playerend"]},
	"svd.reload":         {"sounds": ["mgs:svd/reload"]},
	"svd.fire":           {"sounds": ["mgs:svd/fire"]},
	"svd.playerbegin":    {"sounds": ["mgs:svd/playerbegin"]},
	"svd.playermid":      {"sounds": ["mgs:svd/playermid"]},
	"svd.playerend":      {"sounds": ["mgs:svd/playerend"]},
	"m1911.reload":       {"sounds": ["mgs:m1911/reload"]},
	"m1911.fire":         {"sounds": ["mgs:m1911/fire"]},
	"m1911.playerbegin":  {"sounds": ["mgs:m1911/playerbegin"]},
	"m1911.playerend":    {"sounds": ["mgs:m1911/playerend"]},
    "m9.reload":          {"sounds": ["mgs:m9/reload"]},
	"m9.fire":            {"sounds": ["mgs:m9/fire"]},
	"m9.playerbegin":     {"sounds": ["mgs:m9/playerbegin"]},
	"m9.playerend":       {"sounds": ["mgs:m9/playerend"]},
    "deagle.reload":      {"sounds": ["mgs:deagle/reload"]},
	"deagle.fire":        {"sounds": ["mgs:deagle/fire"]},
	"deagle.playerbegin": {"sounds": ["mgs:deagle/playerbegin"]},
	"deagle.playerend":   {"sounds": ["mgs:deagle/playerend"]},
    "makarov.reload":     {"sounds": ["mgs:makarov/reload"]},
	"makarov.fire":       {"sounds": ["mgs:makarov/fire"]},
	"makarov.playerbegin":{"sounds": ["mgs:makarov/playerbegin"]},
    "makarov.playerend":  {"sounds": ["mgs:makarov/playerend"]},
    "glock17.reload":     {"sounds": ["mgs:glock17/reload"]},
	"glock17.fire":       {"sounds": ["mgs:glock17/fire"]},
	"glock17.playerbegin":{"sounds": ["mgs:glock17/playerbegin"]},
    "glock17.playerend":  {"sounds": ["mgs:glock17/playerend"]},
    "glock18.reload":     {"sounds": ["mgs:glock18/reload"]},
	"glock18.fire":       {"sounds": ["mgs:glock18/fire"]},
	"glock18.playerbegin":{"sounds": ["mgs:glock18/playerbegin"]},
    "glock18.playerend":  {"sounds": ["mgs:glock18/playerend"]},
    "vz61.reload":        {"sounds": ["mgs:vz61/reload"]},
	"vz61.fire":          {"sounds": ["mgs:vz61/fire0","mgs:vz61/fire1","mgs:vz61/fire2"]},
	"vz61.playerbegin":   {"sounds": ["mgs:vz61/playerbegin"]},
	"vz61.playerend":     {"sounds": ["mgs:vz61/playerend"]},
	"mp5.reload":         {"sounds": ["mgs:mp5/reload"]},
	"mp5.fire":           {"sounds": ["mgs:mp5/fire0","mgs:mp5/fire1","mgs:mp5/fire2"]},
	"mp5.playerbegin":    {"sounds": ["mgs:mp5/playerbegin"]},
	"mp5.playermid":      {"sounds": ["mgs:mp5/playermid"]},
	"mp5.playerend":      {"sounds": ["mgs:mp5/playerend"]},
    "mac10.reload":       {"sounds": ["mgs:mac10/reload"]},
	"mac10.fire":         {"sounds": ["mgs:mac10/fire0","mgs:mac10/fire1","mgs:mac10/fire2"]},
	"mac10.playerbegin":  {"sounds": ["mgs:mac10/playerbegin"]},
	"mac10.playermid":    {"sounds": ["mgs:mac10/playermid"]},
    "mac10.playerend":    {"sounds": ["mgs:mac10/playerend"]},
    "mp7.reload":         {"sounds": ["mgs:mp7/reload"]},
	"mp7.fire":           {"sounds": ["mgs:mp7/fire0","mgs:mp7/fire1","mgs:mp7/fire2"]},
	"mp7.playerbegin":    {"sounds": ["mgs:mp7/playerbegin"]},
    "mp7.playerend":      {"sounds": ["mgs:mp7/playerend"]},
    "ppsh41.reload":      {"sounds": ["mgs:ppsh41/reload"]},
    "ppsh41.fire":        {"sounds": ["mgs:ppsh41/fire0","mgs:ppsh41/fire1","mgs:ppsh41/fire2"]},
	"ppsh41.playerbegin": {"sounds": ["mgs:ppsh41/playerbegin"]},
	"ppsh41.playermid":   {"sounds": ["mgs:ppsh41/playermid"]},
    "ppsh41.playerend":   {"sounds": ["mgs:ppsh41/playerend"]},
    "sten.reload":        {"sounds": ["mgs:sten/reload"]},
	"sten.fire":          {"sounds": ["mgs:sten/fire0","mgs:sten/fire1","mgs:sten/fire2"]},
	"sten.playerbegin":   {"sounds": ["mgs:sten/playerbegin"]},
	"sten.playermid":     {"sounds": ["mgs:sten/playermid"]},
    "sten.playerend":     {"sounds": ["mgs:sten/playerend"]},
	"spas12.reload":      {"sounds": ["mgs:spas12/reload1", "mgs:spas12/reload2"]},
	"spas12.fire":        {"sounds": ["mgs:spas12/fire"]},
    "spas12.fire_s":      {"sounds": ["mgs:spas12/fire_s"]},
	"spas12.pump":        {"sounds": ["mgs:spas12/pump"]},
    "m500.reload":        {"sounds": ["mgs:m500/reload1", "mgs:m500/reload2"]},
	"m500.fire":          {"sounds": ["mgs:m500/fire"]},
    "m500.pump":          {"sounds": ["mgs:m500/pump"]},
    "m590.reload":        {"sounds": ["mgs:m590/reload1", "mgs:m590/reload2"]},
	"m590.fire":          {"sounds": ["mgs:m590/fire"]},
	"m590.pump":          {"sounds": ["mgs:m590/pump"]},
	"mosin.reload":       {"sounds": ["mgs:mosin/reload1", "mgs:mosin/reload2"]},
	"mosin.fire":         {"sounds": ["mgs:mosin/fire"]},
	"mosin.cycle":        {"sounds": ["mgs:mosin/cycle"]},
	"mosin.playerbegin":  {"sounds": ["mgs:mosin/playerbegin"]},
    "mosin.playerend":    {"sounds": ["mgs:mosin/playerend"]},
    "m24.reload":         {"sounds": ["mgs:m24/reload1", "mgs:m24/reload2"]},
	"m24.fire":           {"sounds": ["mgs:m24/fire"]},
	"m24.cycle":          {"sounds": ["mgs:m24/cycle"]},
	"m24.playerbegin":    {"sounds": ["mgs:m24/playerbegin"]},
	"m24.playerend":      {"sounds": ["mgs:m24/playerend"]},
    "rpg7.reload":        {"sounds": ["mgs:rpg7/reload"]},
	"rpg7.fire":          {"sounds": ["mgs:rpg7/fire0", "mgs:rpg7/fire1"]},
	"rpg7.playerbegin":   {"sounds": ["mgs:rpg7/playerbegin"]},
    "rpg7.playerend":     {"sounds": ["mgs:rpg7/playerend"]},
    "rpk.reload":         {"sounds": ["mgs:rpk/reload"]},
	"rpk.fire":           {"sounds": ["mgs:rpk/fire"]},
	"rpk.playerbegin":    {"sounds": ["mgs:rpk/playerbegin"]},
	"rpk.playermid":      {"sounds": ["mgs:rpk/playermid"]},
    "rpk.playerend":      {"sounds": ["mgs:rpk/playerend"]},
    "m249.reload":         {"sounds": ["mgs:m249/reload"]},
    "m249.fire":           {"sounds": ["mgs:m249/fire0","mgs:m249/fire1"]},
	"m249.playerbegin":    {"sounds": ["mgs:m249/playerbegin"]},
	"m249.playermid":      {"sounds": ["mgs:m249/playermid"]},
	"m249.playerend":      {"sounds": ["mgs:m249/playerend"]},
	"common.lean_in":               {"sounds": ["mgs:common/lean_in1", "mgs:common/lean_in2", "mgs:common/lean_in3", "mgs:common/lean_in4"]},
	"common.lean_out":              {"sounds": ["mgs:common/lean_out"]},
	"common.fireselect":            {"sounds": ["mgs:common/fireselect"]},
    "common.empty":                 {"sounds": ["mgs:common/empty"]},
    "common.rocket_crack":          {"sounds": ["mgs:common/silence"]},
	"common.large_crack_0":         {"sounds": ["mgs:common/silence"]},
	"common.large_crack_1":         {"sounds": ["mgs:common/silence"]},
	"common.large_crack_2":         {"sounds": ["mgs:common/silence"]},
	"common.large_crack_3":         {"sounds": ["mgs:common/silence"]},
	"common.large_crack_4":         {"sounds": ["mgs:common/silence"]},
	"common.large_crack_w":         {"sounds": ["mgs:common/silence"]},
	"common.medlarge_crack_0":      {"sounds": ["mgs:common/silence"]},
	"common.medlarge_crack_1":      {"sounds": ["mgs:common/silence"]},
	"common.medlarge_crack_2":      {"sounds": ["mgs:common/silence"]},
	"common.medlarge_crack_3":      {"sounds": ["mgs:common/silence"]},
	"common.medlarge_crack_4":      {"sounds": ["mgs:common/silence"]},
	"common.medlarge_crack_w":      {"sounds": ["mgs:common/silence"]},
	"common.med_crack_0":           {"sounds": ["mgs:common/silence"]},
	"common.med_crack_1":           {"sounds": ["mgs:common/silence"]},
	"common.med_crack_2":           {"sounds": ["mgs:common/silence"]},
	"common.med_crack_3":           {"sounds": ["mgs:common/silence"]},
	"common.med_crack_4":           {"sounds": ["mgs:common/silence"]},
	"common.med_crack_w":           {"sounds": ["mgs:common/silence"]},
	"common.smallmed_crack_0":      {"sounds": ["mgs:common/silence"]},
	"common.smallmed_crack_1":      {"sounds": ["mgs:common/silence"]},
	"common.smallmed_crack_2":      {"sounds": ["mgs:common/silence"]},
	"common.smallmed_crack_3":      {"sounds": ["mgs:common/silence"]},
	"common.smallmed_crack_4":      {"sounds": ["mgs:common/silence"]},
	"common.smallmed_crack_w":      {"sounds": ["mgs:common/silence"]},
	"common.small_crack_0":         {"sounds": ["mgs:common/silence"]},
	"common.small_crack_1":         {"sounds": ["mgs:common/silence"]},
	"common.small_crack_2":         {"sounds": ["mgs:common/silence"]},
	"common.small_crack_3":         {"sounds": ["mgs:common/silence"]},
	"common.small_crack_4":         {"sounds": ["mgs:common/silence"]},
	"common.small_crack_w":         {"sounds": ["mgs:common/silence"]},
    "common.rocket_crack_mono":     {"sounds": ["mgs:common/silence"]},
    "common.large_crack_0_mono":    {"sounds": ["mgs:common/silence"]},
    "common.large_crack_1_mono":    {"sounds": ["mgs:common/silence"]},
    "common.large_crack_2_mono":    {"sounds": ["mgs:common/silence"]},
    "common.large_crack_3_mono":    {"sounds": ["mgs:common/silence"]},
    "common.large_crack_4_mono":    {"sounds": ["mgs:common/silence"]},
    "common.large_crack_w_mono":    {"sounds": ["mgs:common/silence"]},
	"common.medlarge_crack_0_mono": {"sounds": ["mgs:common/silence"]},
	"common.medlarge_crack_1_mono": {"sounds": ["mgs:common/silence"]},
	"common.medlarge_crack_2_mono": {"sounds": ["mgs:common/silence"]},
	"common.medlarge_crack_3_mono": {"sounds": ["mgs:common/silence"]},
	"common.medlarge_crack_4_mono": {"sounds": ["mgs:common/silence"]},
	"common.medlarge_crack_w_mono": {"sounds": ["mgs:common/silence"]},
	"common.med_crack_0_mono":      {"sounds": ["mgs:common/silence"]},
	"common.med_crack_1_mono":      {"sounds": ["mgs:common/silence"]},
	"common.med_crack_2_mono":      {"sounds": ["mgs:common/silence"]},
	"common.med_crack_3_mono":      {"sounds": ["mgs:common/silence"]},
	"common.med_crack_4_mono":      {"sounds": ["mgs:common/silence"]},
	"common.med_crack_w_mono":      {"sounds": ["mgs:common/silence"]},
	"common.smallmed_crack_0_mono": {"sounds": ["mgs:common/silence"]},
	"common.smallmed_crack_1_mono": {"sounds": ["mgs:common/silence"]},
	"common.smallmed_crack_2_mono": {"sounds": ["mgs:common/silence"]},
	"common.smallmed_crack_3_mono": {"sounds": ["mgs:common/silence"]},
	"common.smallmed_crack_4_mono": {"sounds": ["mgs:common/silence"]},
	"common.smallmed_crack_w_mono": {"sounds": ["mgs:common/silence"]},
	"common.small_crack_0_mono":    {"sounds": ["mgs:common/silence"]},
	"common.small_crack_1_mono":    {"sounds": ["mgs:common/silence"]},
	"common.small_crack_2_mono":    {"sounds": ["mgs:common/silence"]},
	"common.small_crack_3_mono":    {"sounds": ["mgs:common/silence"]},
	"common.small_crack_4_mono":    {"sounds": ["mgs:common/silence"]},
	"common.small_crack_w_mono":    {"sounds": ["mgs:common/silence"]},
	"common.solid_bullet_impact":   {"sounds": ["mgs:common/solid_bullet_impact_01", "mgs:common/solid_bullet_impact_02", "mgs:common/solid_bullet_impact_03", "mgs:common/solid_bullet_impact_04", "mgs:common/solid_bullet_impact_05"]},
	"common.soft_bullet_impact":    {"sounds": ["mgs:common/soft_bullet_impact_01", "mgs:common/soft_bullet_impact_02", "mgs:common/soft_bullet_impact_03", "mgs:common/soft_bullet_impact_04"]},
	"common.cloth_bullet_impact":   {"sounds": ["mgs:common/cloth_bullet_impact_01", "mgs:common/cloth_bullet_impact_02", "mgs:common/cloth_bullet_impact_03", "mgs:common/cloth_bullet_impact_04"]},
	"common.dirt_bullet_impact":    {"sounds": ["mgs:common/dirt_bullet_impact_01", "mgs:common/dirt_bullet_impact_02", "mgs:common/dirt_bullet_impact_03"]},
	"common.mud_bullet_impact":     {"sounds": ["mgs:common/mud_bullet_impact_01", "mgs:common/mud_bullet_impact_02", "mgs:common/mud_bullet_impact_03", "mgs:common/mud_bullet_impact_04"]},
	"common.wood_bullet_impact":    {"sounds": ["mgs:common/wood_bullet_impact_01", "mgs:common/wood_bullet_impact_02", "mgs:common/wood_bullet_impact_03", "mgs:common/wood_bullet_impact_04"]},
	"common.bullet_fly_by":         {"sounds": ["mgs:common/flyby01", "mgs:common/flyby02"]},
    "common.rocket_fly_by":         {"sounds": ["mgs:common/rocket_flyby01", "mgs:common/rocket_flyby02"]},
    "common.explode_far":           {"sounds": ["mgs:common/explode_far0"]},
    "common.reload_generic":        {"sounds": ["mgs:common/reload_generic"]}
}
