{"textures":{"0":"modelengine:entity/em_robot"},"elements":[{"from":[8.570286,3.4285712,4.0],"to":[8.570286,10.857143,12.0],"rotation":{"angle":0.0,"axis":"y","origin":[8.0,8.0,8.0]},"faces":{"east":{"uv":[0.0,7.111111,2.4444444,9.555555],"rotation":0,"texture":"#0","tintindex":0},"south":{"uv":[0.0,0.0,0.0,2.4444444],"rotation":0,"texture":"#0","tintindex":0},"north":{"uv":[0.0,0.0,0.0,2.4444444],"rotation":0,"texture":"#0","tintindex":0},"west":{"uv":[2.4444444,7.111111,0.0,9.555555],"rotation":0,"texture":"#0","tintindex":0},"up":{"uv":[0.0,2.4444444,0.0,0.0],"rotation":0,"texture":"#0","tintindex":0},"down":{"uv":[0.0,0.0,0.0,2.4444444],"rotation":0,"texture":"#0","tintindex":0}}}],"display":{"head":{"translation":[0.0,-6.4,0.0],"scale":[4.0,4.0,4.0]}}}