{"parent":"block/stone","overrides": [
	{"predicate":{"custom_model_data": 1001},"model":"craftory:block/powered/cells/iron_cell"},
	{"predicate":{"custom_model_data": 1002},"model":"craftory:block/powered/cells/gold_cell"},
	{"predicate":{"custom_model_data": 1003},"model":"craftory:block/powered/cells/diamond_cell"},
	{"predicate":{"custom_model_data": 1004},"model":"craftory:block/powered/cells/emerald_cell"},
	{"predicate":{"custom_model_data": 1005},"model":"craftory:block/powered/foundry/iron_electric_foundry"},
	{"predicate":{"custom_model_data": 1006},"model":"craftory:block/powered/foundry/gold_electric_foundry"},
	{"predicate":{"custom_model_data": 1007},"model":"craftory:block/powered/foundry/diamond_electric_foundry"},
	{"predicate":{"custom_model_data": 1008},"model":"craftory:block/powered/foundry/emerald_electric_foundry"},
	{"predicate":{"custom_model_data": 1009},"model":"craftory:block/powered/furnace/iron_electric_furnace"},
	{"predicate":{"custom_model_data": 10010},"model":"craftory:block/powered/furnace/gold_electric_furnace"},
	{"predicate":{"custom_model_data": 10011},"model":"craftory:block/powered/furnace/diamond_electric_furnace"},
	{"predicate":{"custom_model_data": 10012},"model":"craftory:block/powered/furnace/emerald_electric_furnace"},
	{"predicate":{"custom_model_data": 10013},"model":"craftory:block/powered/generator/iron_solid_fuel_generator"},
	{"predicate":{"custom_model_data": 10014},"model":"craftory:block/powered/grid/power_connector"},
	{"predicate":{"custom_model_data": 10015},"model":"craftory:block/powered/foundry/iron_foundry"},
	{"predicate":{"custom_model_data": 10016},"model":"craftory:block/ores/crystal"},
	{"predicate":{"custom_model_data": 10017},"model":"craftory:block/powered/macerator/iron_macerator"},
	{"predicate":{"custom_model_data": 10018},"model":"craftory:block/powered/macerator/gold_macerator"},
	{"predicate":{"custom_model_data": 10019},"model":"craftory:block/powered/macerator/diamond_macerator"},
	{"predicate":{"custom_model_data": 10020},"model":"craftory:block/powered/macerator/emerald_macerator"},
	{"predicate":{"custom_model_data": 10024},"model":"craftory:block/powered/generator/solar/solar_array"},
	{"predicate":{"custom_model_data": 10025},"model":"craftory:block/powered/turrets/gun_turret_platform"},
	{"predicate":{"custom_model_data": 10026},"model":"craftory:block/powered/generator/geothermal_generator"},
	{"predicate":{"custom_model_data": 10027},"model":"craftory:block/powered/generator/rotary_generator"},
	{"predicate":{"custom_model_data": 10028},"model":"craftory:block/powered/magnetiser/magnetiser"},
	{"predicate":{"custom_model_data": 10029},"model":"craftory:block/powered/magnetiser/magnetising_table"},
	{"predicate":{"custom_model_data": 10031},"model":"craftory:block/powered/manipulator/block_breacker"},
	{"predicate":{"custom_model_data": 10032},"model":"craftory:block/powered/manipulator/block_breacker_east"},
	{"predicate":{"custom_model_data": 10033},"model":"craftory:block/powered/manipulator/block_breacker_south"},
	{"predicate":{"custom_model_data": 10034},"model":"craftory:block/powered/manipulator/block_breacker_west"},
	{"predicate":{"custom_model_data": 10035},"model":"craftory:block/powered/manipulator/block_placer"},
	{"predicate":{"custom_model_data": 10036},"model":"craftory:block/powered/manipulator/block_placer_east"},
	{"predicate":{"custom_model_data": 10037},"model":"craftory:block/powered/manipulator/block_placer_south"},
	{"predicate":{"custom_model_data": 10038},"model":"craftory:block/powered/manipulator/block_placer_west"}
	]}