{"textures":{"2":"modelengine:entity/em_goblin_coins_weapon"},"elements":[{"from":[5.714286,5.142857,7.428571],"to":[9.142858,8.571428,7.428571],"rotation":{"angle":0.0,"axis":"y","origin":[6.857143,9.142858,7.428571]},"faces":{"east":{"uv":[0.0,0.0,0.0,5.5],"rotation":0,"texture":"#2","tintindex":0},"south":{"uv":[2.0,0.0,9.0,7.5],"rotation":0,"texture":"#2","tintindex":0},"north":{"uv":[9.0,0.0,2.0,7.5],"rotation":0,"texture":"#2","tintindex":0},"west":{"uv":[0.0,0.0,0.0,5.5],"rotation":0,"texture":"#2","tintindex":0},"up":{"uv":[4.5,0.0,0.0,0.0],"rotation":0,"texture":"#2","tintindex":0},"down":{"uv":[4.5,0.0,0.0,0.0],"rotation":0,"texture":"#2","tintindex":0}}}],"display":{"head":{"translation":[0.0,-6.4,0.0],"scale":[4.0,4.0,4.0]}}}