{
	"credit": "Made with Blockbench",
	"textures": {
		"0": "block/reticles_e",
		"1": "block/anvil",
		"particle": "block/reticles_e"
	},
	"elements": [
		{
			"from": [7.45, 9.825, 7],
			"to": [8.55, 10.2, 8.8],
			"faces": {
				"north": {"uv": [0, 0, 1.1, 0.375], "texture": "#1"},
				"east": {"uv": [0, 0, 1.8, 0.375], "texture": "#1"},
				"south": {"uv": [0, 0, 1.1, 0.375], "texture": "#1"},
				"west": {"uv": [0, 0, 1.8, 0.375], "texture": "#1"},
				"up": {"uv": [0, 0, 1.1, 1.8], "texture": "#1"},
				"down": {"uv": [0, 0, 1.1, 1.8], "texture": "#1"}
			}
		},
		{
			"from": [7.45, 10.35, 7],
			"to": [8.55, 10.575, 8.9],
			"rotation": {"angle": 0, "axis": "y", "origin": [0, 0.1, 0]},
			"faces": {
				"north": {"uv": [0, 0, 1.1, 0.225], "texture": "#1"},
				"east": {"uv": [0, 0, 1.9, 0.225], "texture": "#1"},
				"south": {"uv": [0, 0, 1.1, 0.225], "texture": "#1"},
				"west": {"uv": [0, 0, 1.9, 0.225], "texture": "#1"},
				"up": {"uv": [0, 0, 1.1, 1.9], "texture": "#1"},
				"down": {"uv": [0, 0, 1.1, 1.9], "texture": "#1"}
			}
		},
		{
			"from": [7.55, 10.575, 7.025],
			"to": [8.45, 10.675, 7.35],
			"rotation": {"angle": 0, "axis": "y", "origin": [0, 0.1, 0]},
			"faces": {
				"north": {"uv": [0, 0, 0.9, 0.1], "texture": "#1"},
				"east": {"uv": [0, 0, 0.325, 0.1], "texture": "#1"},
				"south": {"uv": [0, 0, 0.9, 0.1], "texture": "#1"},
				"west": {"uv": [0, 0, 0.325, 0.1], "texture": "#1"},
				"up": {"uv": [0, 0, 0.9, 0.325], "texture": "#1"},
				"down": {"uv": [0, 0, 0.9, 0.325], "texture": "#1"}
			}
		},
		{
			"from": [7.55, 11.37933, 7.025],
			"to": [8.45, 11.42933, 7.35],
			"rotation": {"angle": 0, "axis": "y", "origin": [0, 0.05433, 0]},
			"faces": {
				"north": {"uv": [0, 0, 0.9, 0.05], "texture": "#1"},
				"east": {"uv": [0, 0, 0.325, 0.05], "texture": "#1"},
				"south": {"uv": [0, 0, 0.9, 0.05], "texture": "#1"},
				"west": {"uv": [0, 0, 0.325, 0.05], "texture": "#1"},
				"up": {"uv": [0, 0, 0.9, 0.325], "texture": "#1"},
				"down": {"uv": [0, 0, 0.9, 0.325], "texture": "#1"}
			}
		},
		{
			"from": [7.37399, 10.55988, 7.025],
			"to": [7.42399, 10.85988, 7.35],
			"rotation": {"angle": 22.5, "axis": "z", "origin": [7.42399, 11.00988, 7.25]},
			"faces": {
				"north": {"uv": [0, 0, 0.3, 0.05], "rotation": 90, "texture": "#1"},
				"east": {"uv": [0, 0, 0.3, 0.325], "rotation": 270, "texture": "#1"},
				"south": {"uv": [0, 0, 0.3, 0.05], "rotation": 270, "texture": "#1"},
				"west": {"uv": [0, 0, 0.3, 0.325], "rotation": 270, "texture": "#1"},
				"up": {"uv": [0, 0, 0.325, 0.05], "rotation": 270, "texture": "#1"},
				"down": {"uv": [0, 0, 0.325, 0.05], "rotation": 270, "texture": "#1"}
			}
		},
		{
			"from": [7.6036, 11.09878, 7.025],
			"to": [7.6536, 11.39878, 7.35],
			"rotation": {"angle": -22.5, "axis": "z", "origin": [7.6536, 11.54878, 7.25]},
			"faces": {
				"north": {"uv": [0, 0, 0.3, 0.05], "rotation": 90, "texture": "#1"},
				"east": {"uv": [0, 0, 0.3, 0.325], "rotation": 270, "texture": "#1"},
				"south": {"uv": [0, 0, 0.3, 0.05], "rotation": 270, "texture": "#1"},
				"west": {"uv": [0, 0, 0.3, 0.325], "rotation": 270, "texture": "#1"},
				"up": {"uv": [0, 0, 0.325, 0.05], "rotation": 270, "texture": "#1"},
				"down": {"uv": [0, 0, 0.325, 0.05], "rotation": 270, "texture": "#1"}
			}
		},
		{
			"from": [7.4352, 10.85216, 7.025],
			"to": [7.4852, 11.15216, 7.35],
			"rotation": {"angle": 0, "axis": "z", "origin": [7.4852, 11.30216, 7.25]},
			"faces": {
				"north": {"uv": [0, 0, 0.3, 0.05], "rotation": 90, "texture": "#1"},
				"east": {"uv": [0, 0, 0.3, 0.325], "rotation": 270, "texture": "#1"},
				"south": {"uv": [0, 0, 0.3, 0.05], "rotation": 270, "texture": "#1"},
				"west": {"uv": [0, 0, 0.3, 0.325], "rotation": 270, "texture": "#1"},
				"up": {"uv": [0, 0, 0.325, 0.05], "rotation": 270, "texture": "#1"},
				"down": {"uv": [0, 0, 0.325, 0.05], "rotation": 270, "texture": "#1"}
			}
		},
		{
			"from": [8.5148, 10.85216, 7.025],
			"to": [8.5648, 11.15216, 7.35],
			"rotation": {"angle": 0, "axis": "z", "origin": [8.5148, 11.30216, 7.15]},
			"faces": {
				"north": {"uv": [0, 0, 0.3, 0.05], "rotation": 270, "texture": "#1"},
				"east": {"uv": [0, 0, 0.3, 0.325], "rotation": 270, "texture": "#1"},
				"south": {"uv": [0, 0, 0.3, 0.05], "rotation": 90, "texture": "#1"},
				"west": {"uv": [0, 0, 0.3, 0.325], "rotation": 270, "texture": "#1"},
				"up": {"uv": [0, 0, 0.325, 0.05], "rotation": 90, "texture": "#1"},
				"down": {"uv": [0, 0, 0.325, 0.05], "rotation": 90, "texture": "#1"}
			}
		},
		{
			"from": [8.57601, 10.55988, 7.025],
			"to": [8.62601, 10.85988, 7.35],
			"rotation": {"angle": -22.5, "axis": "z", "origin": [8.57601, 11.00988, 7.15]},
			"faces": {
				"north": {"uv": [0, 0, 0.3, 0.05], "rotation": 270, "texture": "#1"},
				"east": {"uv": [0, 0, 0.3, 0.325], "rotation": 270, "texture": "#1"},
				"south": {"uv": [0, 0, 0.3, 0.05], "rotation": 90, "texture": "#1"},
				"west": {"uv": [0, 0, 0.3, 0.325], "rotation": 270, "texture": "#1"},
				"up": {"uv": [0, 0, 0.325, 0.05], "rotation": 90, "texture": "#1"},
				"down": {"uv": [0, 0, 0.325, 0.05], "rotation": 90, "texture": "#1"}
			}
		},
		{
			"from": [8.3464, 11.09878, 7.025],
			"to": [8.3964, 11.39878, 7.35],
			"rotation": {"angle": 22.5, "axis": "z", "origin": [8.3464, 11.54878, 7.15]},
			"faces": {
				"north": {"uv": [0, 0, 0.3, 0.05], "rotation": 270, "texture": "#1"},
				"east": {"uv": [0, 0, 0.3, 0.325], "rotation": 270, "texture": "#1"},
				"south": {"uv": [0, 0, 0.3, 0.05], "rotation": 90, "texture": "#1"},
				"west": {"uv": [0, 0, 0.3, 0.325], "rotation": 270, "texture": "#1"},
				"up": {"uv": [0, 0, 0.325, 0.05], "rotation": 90, "texture": "#1"},
				"down": {"uv": [0, 0, 0.325, 0.05], "rotation": 90, "texture": "#1"}
			}
		},
		{
			"from": [7.45, 10.25, 7],
			"to": [8.55, 10.35, 8.8],
			"rotation": {"angle": 0, "axis": "y", "origin": [0, 0.1, 0]},
			"faces": {
				"north": {"uv": [0, 0, 1.1, 0.1], "texture": "#1"},
				"east": {"uv": [0, 0, 1.8, 0.1], "texture": "#1"},
				"south": {"uv": [0, 0, 1.1, 0.1], "texture": "#1"},
				"west": {"uv": [0, 0, 1.8, 0.1], "texture": "#1"},
				"up": {"uv": [0, 0, 1.1, 1.8], "texture": "#1"},
				"down": {"uv": [0, 0, 1.1, 1.8], "texture": "#1"}
			}
		},
		{
			"from": [7.45, 10.87175, 8.50104],
			"to": [8.55, 10.97175, 8.57604],
			"rotation": {"angle": -45, "axis": "x", "origin": [8, 10.92175, 9.40104]},
			"faces": {
				"north": {"uv": [0, 0, 1.1, 0.1], "texture": "#1"},
				"east": {"uv": [0, 0, 0.075, 0.1], "texture": "#1"},
				"south": {"uv": [0, 0, 1.1, 0.1], "texture": "#1"},
				"west": {"uv": [0, 0, 0.075, 0.1], "texture": "#1"},
				"up": {"uv": [0, 0, 1.1, 0.075], "texture": "#1"},
				"down": {"uv": [0, 0, 1.1, 0.075], "texture": "#1"}
			}
		},
		{
			"from": [7.45, 10.9364, 8.54069],
			"to": [8.55, 11.0364, 8.61569],
			"rotation": {"angle": -45, "axis": "x", "origin": [8, 10.9864, 9.46569]},
			"faces": {
				"north": {"uv": [0, 0, 1.1, 0.1], "texture": "#1"},
				"east": {"uv": [0, 0, 0.075, 0.1], "texture": "#1"},
				"south": {"uv": [0, 0, 1.1, 0.1], "texture": "#1"},
				"west": {"uv": [0, 0, 0.075, 0.1], "texture": "#1"},
				"up": {"uv": [0, 0, 1.1, 0.075], "texture": "#1"},
				"down": {"uv": [0, 0, 1.1, 0.075], "texture": "#1"}
			}
		},
		{
			"from": [7.75615, 10.35, 8.8891],
			"to": [8.05615, 10.575, 9.6391],
			"rotation": {"angle": 0, "axis": "y", "origin": [0.30615, 0.1, 0.0391]},
			"faces": {
				"north": {"uv": [0, 0, 0.3, 0.225], "texture": "#1"},
				"east": {"uv": [0, 0, 0.75, 0.225], "texture": "#1"},
				"south": {"uv": [0, 0, 0.3, 0.225], "texture": "#1"},
				"west": {"uv": [0, 0, 0.75, 0.225], "texture": "#1"},
				"up": {"uv": [0, 0, 0.3, 0.75], "texture": "#1"},
				"down": {"uv": [0, 0, 0.3, 0.75], "texture": "#1"}
			}
		},
		{
			"from": [7.94385, 10.35, 8.8891],
			"to": [8.24385, 10.575, 9.6391],
			"rotation": {"angle": 0, "axis": "y", "origin": [0.31885, 0.1, 0.0391]},
			"faces": {
				"north": {"uv": [0, 0, 0.3, 0.225], "texture": "#1"},
				"east": {"uv": [0, 0, 0.75, 0.225], "texture": "#1"},
				"south": {"uv": [0, 0, 0.3, 0.225], "texture": "#1"},
				"west": {"uv": [0, 0, 0.75, 0.225], "texture": "#1"},
				"up": {"uv": [0, 0, 0.3, 0.75], "texture": "#1"},
				"down": {"uv": [0, 0, 0.3, 0.75], "texture": "#1"}
			}
		},
		{
			"from": [7.75615, 10.575, 8.9391],
			"to": [8.05615, 10.675, 9.5391],
			"rotation": {"angle": 0, "axis": "y", "origin": [0.30615, 0.1, 0.0391]},
			"faces": {
				"north": {"uv": [0, 0, 0.3, 0.1], "texture": "#1"},
				"east": {"uv": [0, 0, 0.6, 0.1], "texture": "#1"},
				"south": {"uv": [0, 0, 0.3, 0.1], "texture": "#1"},
				"west": {"uv": [0, 0, 0.6, 0.1], "texture": "#1"},
				"up": {"uv": [0, 0, 0.3, 0.6], "texture": "#1"},
				"down": {"uv": [0, 0, 0.3, 0.6], "texture": "#1"}
			}
		},
		{
			"from": [7.94385, 10.575, 8.9391],
			"to": [8.24385, 10.675, 9.5391],
			"rotation": {"angle": 0, "axis": "y", "origin": [0.31885, 0.1, 0.0391]},
			"faces": {
				"north": {"uv": [0, 0, 0.3, 0.1], "texture": "#1"},
				"east": {"uv": [0, 0, 0.6, 0.1], "texture": "#1"},
				"south": {"uv": [0, 0, 0.3, 0.1], "texture": "#1"},
				"west": {"uv": [0, 0, 0.6, 0.1], "texture": "#1"},
				"up": {"uv": [0, 0, 0.3, 0.6], "texture": "#1"},
				"down": {"uv": [0, 0, 0.3, 0.6], "texture": "#1"}
			}
		},
		{
			"from": [8.06627, 10.35, 8.82367],
			"to": [8.36627, 10.575, 9.62367],
			"rotation": {"angle": -22.5, "axis": "y", "origin": [8.26627, 10.4625, 9.32367]},
			"faces": {
				"north": {"uv": [0, 0, 0.3, 0.225], "texture": "#1"},
				"east": {"uv": [0, 0, 0.8, 0.225], "texture": "#1"},
				"south": {"uv": [0, 0, 0.3, 0.225], "texture": "#1"},
				"west": {"uv": [0, 0, 0.8, 0.225], "texture": "#1"},
				"up": {"uv": [0, 0, 0.3, 0.8], "texture": "#1"},
				"down": {"uv": [0, 0, 0.3, 0.8], "texture": "#1"}
			}
		},
		{
			"from": [7.96627, 10.575, 8.82367],
			"to": [8.31627, 10.675, 9.52367],
			"rotation": {"angle": -22.5, "axis": "y", "origin": [8.26627, 10.4625, 9.32367]},
			"faces": {
				"north": {"uv": [0, 0, 0.35, 0.1], "texture": "#1"},
				"east": {"uv": [0, 0, 0.7, 0.1], "texture": "#1"},
				"south": {"uv": [0, 0, 0.35, 0.1], "texture": "#1"},
				"west": {"uv": [0, 0, 0.7, 0.1], "texture": "#1"},
				"up": {"uv": [0, 0, 0.35, 0.7], "texture": "#1"},
				"down": {"uv": [0, 0, 0.35, 0.7], "texture": "#1"}
			}
		},
		{
			"from": [7.63373, 10.35, 8.82367],
			"to": [7.93373, 10.575, 9.62367],
			"rotation": {"angle": 22.5, "axis": "y", "origin": [7.73373, 10.4625, 9.32367]},
			"faces": {
				"north": {"uv": [0, 0, 0.3, 0.225], "texture": "#1"},
				"east": {"uv": [0, 0, 0.8, 0.225], "texture": "#1"},
				"south": {"uv": [0, 0, 0.3, 0.225], "texture": "#1"},
				"west": {"uv": [0, 0, 0.8, 0.225], "texture": "#1"},
				"up": {"uv": [0, 0, 0.3, 0.8], "texture": "#1"},
				"down": {"uv": [0, 0, 0.3, 0.8], "texture": "#1"}
			}
		},
		{
			"from": [7.68373, 10.45, 8.82367],
			"to": [8.03373, 10.675, 9.52367],
			"rotation": {"angle": 22.5, "axis": "y", "origin": [7.73373, 10.4625, 9.32367]},
			"faces": {
				"north": {"uv": [0, 0, 0.35, 0.225], "texture": "#1"},
				"east": {"uv": [0, 0, 0.7, 0.225], "texture": "#1"},
				"south": {"uv": [0, 0, 0.35, 0.225], "texture": "#1"},
				"west": {"uv": [0, 0, 0.7, 0.225], "texture": "#1"},
				"up": {"uv": [0, 0, 0.35, 0.7], "texture": "#1"},
				"down": {"uv": [0, 0, 0.35, 0.7], "texture": "#1"}
			}
		},
		{
			"from": [7.5, 10.2, 7.05],
			"to": [8.5, 10.25, 8.75],
			"faces": {
				"north": {"uv": [0, 0, 1, 0.05], "texture": "#1"},
				"east": {"uv": [0, 0, 1.7, 0.05], "texture": "#1"},
				"south": {"uv": [0, 0, 1, 0.05], "texture": "#1"},
				"west": {"uv": [0, 0, 1.7, 0.05], "texture": "#1"},
				"up": {"uv": [0, 0, 1, 1.7], "texture": "#1"},
				"down": {"uv": [0, 0, 1, 1.7], "texture": "#1"}
			}
		},
		{
			"name": "hexadecagon",
			"from": [7.92044, 10.2, 8.7],
			"to": [8.07956, 10.5, 9.5],
			"rotation": {"angle": -45, "axis": "y", "origin": [8, 8.1, 9.1]},
			"faces": {
				"north": {"uv": [0, 0, 1, 1], "rotation": 90, "texture": "#1"},
				"east": {"uv": [0, 0, 1, 1], "rotation": 270, "texture": "#1"},
				"south": {"uv": [0, 0, 1, 1], "rotation": 270, "texture": "#1"},
				"west": {"uv": [0, 0, 1, 1], "rotation": 270, "texture": "#1"},
				"up": {"uv": [0, 0, 1, 1], "rotation": 270, "texture": "#1"},
				"down": {"uv": [0, 0, 1, 1], "rotation": 270, "texture": "#1"}
			}
		},
		{
			"name": "hexadecagon",
			"from": [7.92044, 10.2, 8.7],
			"to": [8.07956, 10.5, 9.5],
			"rotation": {"angle": -22.5, "axis": "y", "origin": [8, 8.1, 9.1]},
			"faces": {
				"north": {"uv": [0, 0, 1, 1], "rotation": 90, "texture": "#1"},
				"east": {"uv": [0, 0, 1, 1], "rotation": 270, "texture": "#1"},
				"south": {"uv": [0, 0, 1, 1], "rotation": 270, "texture": "#1"},
				"west": {"uv": [0, 0, 1, 1], "rotation": 270, "texture": "#1"},
				"up": {"uv": [0, 0, 1, 1], "rotation": 270, "texture": "#1"},
				"down": {"uv": [0, 0, 1, 1], "rotation": 270, "texture": "#1"}
			}
		},
		{
			"name": "hexadecagon",
			"from": [7.92044, 10.2, 8.7],
			"to": [8.07956, 10.5, 9.5],
			"rotation": {"angle": 0, "axis": "x", "origin": [8, 8.1, 9.1]},
			"faces": {
				"north": {"uv": [0, 0, 1, 1], "rotation": 90, "texture": "#1"},
				"east": {"uv": [0, 0, 1, 1], "rotation": 270, "texture": "#1"},
				"south": {"uv": [0, 0, 1, 1], "rotation": 270, "texture": "#1"},
				"west": {"uv": [0, 0, 1, 1], "rotation": 270, "texture": "#1"},
				"up": {"uv": [0, 0, 1, 1], "rotation": 270, "texture": "#1"},
				"down": {"uv": [0, 0, 1, 1], "rotation": 270, "texture": "#1"}
			}
		},
		{
			"name": "hexadecagon",
			"from": [7.92044, 10.2, 8.7],
			"to": [8.07956, 10.5, 9.5],
			"rotation": {"angle": 22.5, "axis": "y", "origin": [8, 8.1, 9.1]},
			"faces": {
				"north": {"uv": [0, 0, 1, 1], "rotation": 90, "texture": "#1"},
				"east": {"uv": [0, 0, 1, 1], "rotation": 270, "texture": "#1"},
				"south": {"uv": [0, 0, 1, 1], "rotation": 270, "texture": "#1"},
				"west": {"uv": [0, 0, 1, 1], "rotation": 270, "texture": "#1"},
				"up": {"uv": [0, 0, 1, 1], "rotation": 270, "texture": "#1"},
				"down": {"uv": [0, 0, 1, 1], "rotation": 270, "texture": "#1"}
			}
		},
		{
			"name": "hexadecagon",
			"from": [7.92044, 10.2, 8.7],
			"to": [8.07956, 10.5, 9.5],
			"rotation": {"angle": 45, "axis": "y", "origin": [8, 8.1, 9.1]},
			"faces": {
				"north": {"uv": [0, 0, 1, 1], "rotation": 90, "texture": "#1"},
				"east": {"uv": [0, 0, 1, 1], "rotation": 270, "texture": "#1"},
				"south": {"uv": [0, 0, 1, 1], "rotation": 270, "texture": "#1"},
				"west": {"uv": [0, 0, 1, 1], "rotation": 270, "texture": "#1"},
				"up": {"uv": [0, 0, 1, 1], "rotation": 270, "texture": "#1"},
				"down": {"uv": [0, 0, 1, 1], "rotation": 270, "texture": "#1"}
			}
		},
		{
			"name": "hexadecagon",
			"from": [7.6, 10.2, 9.02044],
			"to": [8.4, 10.5, 9.17956],
			"rotation": {"angle": -22.5, "axis": "y", "origin": [8, 8.1, 9.1]},
			"faces": {
				"north": {"uv": [0, 0, 1, 1], "rotation": 90, "texture": "#1"},
				"east": {"uv": [0, 0, 1, 1], "rotation": 270, "texture": "#1"},
				"south": {"uv": [0, 0, 1, 1], "rotation": 270, "texture": "#1"},
				"west": {"uv": [0, 0, 1, 1], "rotation": 270, "texture": "#1"},
				"up": {"uv": [0, 0, 1, 1], "rotation": 270, "texture": "#1"},
				"down": {"uv": [0, 0, 1, 1], "rotation": 270, "texture": "#1"}
			}
		},
		{
			"name": "hexadecagon",
			"from": [7.6, 10.2, 9.02044],
			"to": [8.4, 10.5, 9.17956],
			"rotation": {"angle": 0, "axis": "x", "origin": [8, 8.1, 9.1]},
			"faces": {
				"north": {"uv": [0, 0, 1, 1], "rotation": 90, "texture": "#1"},
				"east": {"uv": [0, 0, 1, 1], "rotation": 270, "texture": "#1"},
				"south": {"uv": [0, 0, 1, 1], "rotation": 270, "texture": "#1"},
				"west": {"uv": [0, 0, 1, 1], "rotation": 270, "texture": "#1"},
				"up": {"uv": [0, 0, 1, 1], "rotation": 270, "texture": "#1"},
				"down": {"uv": [0, 0, 1, 1], "rotation": 270, "texture": "#1"}
			}
		},
		{
			"name": "hexadecagon",
			"from": [7.6, 10.2, 9.02044],
			"to": [8.4, 10.5, 9.17956],
			"rotation": {"angle": 22.5, "axis": "y", "origin": [8, 8.1, 9.1]},
			"faces": {
				"north": {"uv": [0, 0, 1, 1], "rotation": 90, "texture": "#1"},
				"east": {"uv": [0, 0, 1, 1], "rotation": 270, "texture": "#1"},
				"south": {"uv": [0, 0, 1, 1], "rotation": 270, "texture": "#1"},
				"west": {"uv": [0, 0, 1, 1], "rotation": 270, "texture": "#1"},
				"up": {"uv": [0, 0, 1, 1], "rotation": 270, "texture": "#1"},
				"down": {"uv": [0, 0, 1, 1], "rotation": 270, "texture": "#1"}
			}
		},
		{
			"name": "hexadecagon",
			"from": [7.92044, 9.9, 7.3],
			"to": [8.07956, 10.7, 8.1],
			"rotation": {"angle": -45, "axis": "y", "origin": [8, 8, 7.7]},
			"faces": {
				"north": {"uv": [0, 0, 1, 1], "rotation": 90, "texture": "#1"},
				"east": {"uv": [0, 0, 1, 1], "rotation": 270, "texture": "#1"},
				"south": {"uv": [0, 0, 1, 1], "rotation": 270, "texture": "#1"},
				"west": {"uv": [0, 0, 1, 1], "rotation": 270, "texture": "#1"},
				"up": {"uv": [0, 0, 1, 1], "rotation": 270, "texture": "#1"},
				"down": {"uv": [0, 0, 1, 1], "rotation": 270, "texture": "#1"}
			}
		},
		{
			"name": "hexadecagon",
			"from": [7.92044, 9.9, 7.3],
			"to": [8.07956, 10.7, 8.1],
			"rotation": {"angle": -22.5, "axis": "y", "origin": [8, 8, 7.7]},
			"faces": {
				"north": {"uv": [0, 0, 1, 1], "rotation": 90, "texture": "#1"},
				"east": {"uv": [0, 0, 1, 1], "rotation": 270, "texture": "#1"},
				"south": {"uv": [0, 0, 1, 1], "rotation": 270, "texture": "#1"},
				"west": {"uv": [0, 0, 1, 1], "rotation": 270, "texture": "#1"},
				"up": {"uv": [0, 0, 1, 1], "rotation": 270, "texture": "#1"},
				"down": {"uv": [0, 0, 1, 1], "rotation": 270, "texture": "#1"}
			}
		},
		{
			"name": "hexadecagon",
			"from": [7.92044, 9.9, 7.3],
			"to": [8.07956, 10.7, 8.1],
			"rotation": {"angle": 0, "axis": "x", "origin": [8, 8, 7.7]},
			"faces": {
				"north": {"uv": [0, 0, 1, 1], "rotation": 90, "texture": "#1"},
				"east": {"uv": [0, 0, 1, 1], "rotation": 270, "texture": "#1"},
				"south": {"uv": [0, 0, 1, 1], "rotation": 270, "texture": "#1"},
				"west": {"uv": [0, 0, 1, 1], "rotation": 270, "texture": "#1"},
				"up": {"uv": [0, 0, 1, 1], "rotation": 270, "texture": "#1"},
				"down": {"uv": [0, 0, 1, 1], "rotation": 270, "texture": "#1"}
			}
		},
		{
			"name": "hexadecagon",
			"from": [7.92044, 9.9, 7.3],
			"to": [8.07956, 10.7, 8.1],
			"rotation": {"angle": 22.5, "axis": "y", "origin": [8, 8, 7.7]},
			"faces": {
				"north": {"uv": [0, 0, 1, 1], "rotation": 90, "texture": "#1"},
				"east": {"uv": [0, 0, 1, 1], "rotation": 270, "texture": "#1"},
				"south": {"uv": [0, 0, 1, 1], "rotation": 270, "texture": "#1"},
				"west": {"uv": [0, 0, 1, 1], "rotation": 270, "texture": "#1"},
				"up": {"uv": [0, 0, 1, 1], "rotation": 270, "texture": "#1"},
				"down": {"uv": [0, 0, 1, 1], "rotation": 270, "texture": "#1"}
			}
		},
		{
			"name": "hexadecagon",
			"from": [7.92044, 9.9, 7.3],
			"to": [8.07956, 10.7, 8.1],
			"rotation": {"angle": 45, "axis": "y", "origin": [8, 8, 7.7]},
			"faces": {
				"north": {"uv": [0, 0, 1, 1], "rotation": 90, "texture": "#1"},
				"east": {"uv": [0, 0, 1, 1], "rotation": 270, "texture": "#1"},
				"south": {"uv": [0, 0, 1, 1], "rotation": 270, "texture": "#1"},
				"west": {"uv": [0, 0, 1, 1], "rotation": 270, "texture": "#1"},
				"up": {"uv": [0, 0, 1, 1], "rotation": 270, "texture": "#1"},
				"down": {"uv": [0, 0, 1, 1], "rotation": 270, "texture": "#1"}
			}
		},
		{
			"name": "hexadecagon",
			"from": [7.6, 9.9, 7.62044],
			"to": [8.4, 10.7, 7.77956],
			"rotation": {"angle": -22.5, "axis": "y", "origin": [8, 8, 7.7]},
			"faces": {
				"north": {"uv": [0, 0, 1, 1], "rotation": 90, "texture": "#1"},
				"east": {"uv": [0, 0, 1, 1], "rotation": 270, "texture": "#1"},
				"south": {"uv": [0, 0, 1, 1], "rotation": 270, "texture": "#1"},
				"west": {"uv": [0, 0, 1, 1], "rotation": 270, "texture": "#1"},
				"up": {"uv": [0, 0, 1, 1], "rotation": 270, "texture": "#1"},
				"down": {"uv": [0, 0, 1, 1], "rotation": 270, "texture": "#1"}
			}
		},
		{
			"name": "hexadecagon",
			"from": [7.6, 9.9, 7.62044],
			"to": [8.4, 10.7, 7.77956],
			"rotation": {"angle": 0, "axis": "x", "origin": [8, 8, 7.7]},
			"faces": {
				"north": {"uv": [0, 0, 1, 1], "rotation": 90, "texture": "#1"},
				"east": {"uv": [0, 0, 1, 1], "rotation": 270, "texture": "#1"},
				"south": {"uv": [0, 0, 1, 1], "rotation": 270, "texture": "#1"},
				"west": {"uv": [0, 0, 1, 1], "rotation": 270, "texture": "#1"},
				"up": {"uv": [0, 0, 1, 1], "rotation": 270, "texture": "#1"},
				"down": {"uv": [0, 0, 1, 1], "rotation": 270, "texture": "#1"}
			}
		},
		{
			"name": "hexadecagon",
			"from": [7.6, 9.9, 7.62044],
			"to": [8.4, 10.7, 7.77956],
			"rotation": {"angle": 22.5, "axis": "y", "origin": [8, 8, 7.7]},
			"faces": {
				"north": {"uv": [0, 0, 1, 1], "rotation": 90, "texture": "#1"},
				"east": {"uv": [0, 0, 1, 1], "rotation": 270, "texture": "#1"},
				"south": {"uv": [0, 0, 1, 1], "rotation": 270, "texture": "#1"},
				"west": {"uv": [0, 0, 1, 1], "rotation": 270, "texture": "#1"},
				"up": {"uv": [0, 0, 1, 1], "rotation": 270, "texture": "#1"},
				"down": {"uv": [0, 0, 1, 1], "rotation": 270, "texture": "#1"}
			}
		},
		{
			"from": [7.9, 10.9, 7.2],
			"to": [8.1, 11.1, 7.2],
			"faces": {
				"north": {"uv": [8, 0, 12, 4], "texture": "#0"},
				"east": {"uv": [0, 0, 2, 2], "texture": "#0"},
				"south": {"uv": [8, 0, 12, 4], "texture": "#0"},
				"west": {"uv": [0, 0, 2, 2], "texture": "#0"},
				"up": {"uv": [0, 0, 2, 2], "texture": "#0"},
				"down": {"uv": [0, 0, 2, 2], "texture": "#0"}
			}
		}
	],
	"display": {
		"thirdperson_righthand": {
			"translation": [0, -1.75, 0.25]
		},
		"thirdperson_lefthand": {
			"translation": [0, -2, 0.25]
		},
		"gui": {
			"rotation": [0, 50, 0],
			"translation": [0, -9.5, 0],
			"scale": [4, 4, 4]
		}
	},
	"groups": [
		0,
		1,
		2,
		3,
		4,
		5,
		6,
		7,
		8,
		9,
		10,
		11,
		12,
		13,
		14,
		15,
		16,
		17,
		18,
		19,
		20,
		21,
		{
			"name": "hexadecagon",
			"origin": [8, 8, 8],
			"color": 0,
			"children": [22, 23, 24, 25, 26, 27, 28, 29]
		},
		{
			"name": "hexadecagon",
			"origin": [8, 8, 8],
			"color": 0,
			"children": [30, 31, 32, 33, 34, 35, 36, 37]
		},
		38
	]
}