{
	"credit": "Model By GCGames Studios",
	"textures": {
		"0": "items/anvil",
		"1": "items/dark_oak_planks",
		"particle": "items/anvil"
	},
	"elements": [
		{
			"from": [7, 3, -3.44151],
			"to": [8.25, 8.22642, -2.44151],
			"faces": {
				"north": {"uv": [13, 12, 15, 14.25], "texture": "#1"},
				"east": {"uv": [13, 12, 15, 14.25], "texture": "#1"},
				"south": {"uv": [13, 12, 15, 14.25], "texture": "#1"},
				"west": {"uv": [13, 12, 15, 14.25], "texture": "#1"},
				"up": {"uv": [13, 12, 15, 14.25], "rotation": 90, "texture": "#1"},
				"down": {"uv": [13, 12, 15, 14.25], "rotation": 270, "texture": "#1"}
			}
		},
		{
			"from": [7, 5.23396, -3.44151],
			"to": [8.25, 8.22642, 1.78491],
			"rotation": {"angle": 0, "axis": "z", "origin": [7.5, 5.61321, 0.5]},
			"faces": {
				"north": {"uv": [13, 12, 15, 14.25], "rotation": 270, "texture": "#1"},
				"east": {"uv": [13, 12, 15, 14.25], "rotation": 270, "texture": "#1"},
				"south": {"uv": [13, 12, 15, 14.25], "rotation": 270, "texture": "#1"},
				"west": {"uv": [13, 12, 15, 14.25], "rotation": 270, "texture": "#1"},
				"up": {"uv": [13, 12, 15, 14.25], "texture": "#1"},
				"down": {"uv": [13, 12, 15, 14.25], "rotation": 180, "texture": "#1"}
			}
		},
		{
			"from": [7.72453, 8.13208, -3.44151],
			"to": [8.25, 8.34717, 1.78491],
			"rotation": {"angle": 0, "axis": "z", "origin": [7.5, 5.61321, 0.5]},
			"faces": {
				"north": {"uv": [13, 12, 15, 14.25], "rotation": 270, "texture": "#1"},
				"east": {"uv": [13, 12, 15, 14.25], "rotation": 270, "texture": "#1"},
				"south": {"uv": [13, 12, 15, 14.25], "rotation": 270, "texture": "#1"},
				"west": {"uv": [13, 12, 15, 14.25], "rotation": 270, "texture": "#1"},
				"up": {"uv": [13, 12, 15, 14.25], "texture": "#1"},
				"down": {"uv": [13, 12, 15, 14.25], "rotation": 180, "texture": "#1"}
			}
		},
		{
			"from": [7, 8.13208, -3.44151],
			"to": [7.34434, 8.34717, 1.78491],
			"rotation": {"angle": 0, "axis": "z", "origin": [7.5, 5.61321, 0.5]},
			"faces": {
				"north": {"uv": [13, 12, 15, 14.25], "rotation": 270, "texture": "#1"},
				"east": {"uv": [13, 12, 15, 14.25], "rotation": 270, "texture": "#1"},
				"south": {"uv": [13, 12, 15, 14.25], "rotation": 270, "texture": "#1"},
				"west": {"uv": [13, 12, 15, 14.25], "rotation": 270, "texture": "#1"},
				"up": {"uv": [13, 12, 15, 14.25], "texture": "#1"},
				"down": {"uv": [13, 12, 15, 14.25], "rotation": 180, "texture": "#1"}
			}
		},
		{
			"from": [6.98647, 8.32253, -3.44151],
			"to": [7.51194, 8.53762, 1.78491],
			"rotation": {"angle": -22.5, "axis": "z", "origin": [7.05142, 8.23962, 2.61321]},
			"faces": {
				"north": {"uv": [13, 12, 15, 14.25], "rotation": 270, "texture": "#1"},
				"east": {"uv": [13, 12, 15, 14.25], "rotation": 270, "texture": "#1"},
				"south": {"uv": [13, 12, 15, 14.25], "rotation": 270, "texture": "#1"},
				"west": {"uv": [13, 12, 15, 14.25], "rotation": 270, "texture": "#1"},
				"up": {"uv": [13, 12, 15, 14.25], "texture": "#1"},
				"down": {"uv": [13, 12, 15, 14.25], "rotation": 180, "texture": "#1"}
			}
		},
		{
			"from": [7.66875, 8.33631, -3.44151],
			"to": [8.19422, 8.55141, 1.78491],
			"rotation": {"angle": 22.5, "axis": "z", "origin": [8.19858, 8.42075, 2.61321]},
			"faces": {
				"north": {"uv": [13, 12, 15, 14.25], "rotation": 270, "texture": "#1"},
				"east": {"uv": [13, 12, 15, 14.25], "rotation": 270, "texture": "#1"},
				"south": {"uv": [13, 12, 15, 14.25], "rotation": 270, "texture": "#1"},
				"west": {"uv": [13, 12, 15, 14.25], "rotation": 270, "texture": "#1"},
				"up": {"uv": [13, 12, 15, 14.25], "texture": "#1"},
				"down": {"uv": [13, 12, 15, 14.25], "rotation": 180, "texture": "#1"}
			}
		},
		{
			"from": [7.87289, 8.25356, -3.44151],
			"to": [8.08798, 8.53752, 1.78491],
			"rotation": {"angle": -22.5, "axis": "z", "origin": [8.13821, 8.42075, 2.61321]},
			"faces": {
				"north": {"uv": [13, 12, 15, 14.25], "rotation": 270, "texture": "#1"},
				"east": {"uv": [13, 12, 15, 14.25], "rotation": 270, "texture": "#1"},
				"south": {"uv": [13, 12, 15, 14.25], "rotation": 270, "texture": "#1"},
				"west": {"uv": [13, 12, 15, 14.25], "rotation": 270, "texture": "#1"},
				"up": {"uv": [13, 12, 15, 14.25], "texture": "#1"},
				"down": {"uv": [13, 12, 15, 14.25], "rotation": 180, "texture": "#1"}
			}
		},
		{
			"from": [7.13233, 8.41203, -3.44151],
			"to": [7.34742, 8.51486, 1.78491],
			"rotation": {"angle": 22.5, "axis": "z", "origin": [7.11179, 8.42075, 2.61321]},
			"faces": {
				"north": {"uv": [13, 12, 15, 14.25], "rotation": 270, "texture": "#1"},
				"east": {"uv": [13, 12, 15, 14.25], "rotation": 270, "texture": "#1"},
				"south": {"uv": [13, 12, 15, 14.25], "rotation": 270, "texture": "#1"},
				"west": {"uv": [13, 12, 15, 14.25], "rotation": 270, "texture": "#1"},
				"up": {"uv": [13, 12, 15, 14.25], "texture": "#1"},
				"down": {"uv": [13, 12, 15, 14.25], "rotation": 180, "texture": "#1"}
			}
		},
		{
			"from": [7.24575, 7.88632, -3.44151],
			"to": [7.94387, 8.59292, 1.78491],
			"rotation": {"angle": 0, "axis": "x", "origin": [7.17217, 8.54151, 2.61321]},
			"faces": {
				"north": {"uv": [13, 12, 15, 14.25], "rotation": 270, "texture": "#1"},
				"east": {"uv": [13, 12, 15, 14.25], "rotation": 270, "texture": "#1"},
				"south": {"uv": [13, 12, 15, 14.25], "rotation": 270, "texture": "#1"},
				"west": {"uv": [13, 12, 15, 14.25], "rotation": 270, "texture": "#1"},
				"up": {"uv": [13, 12, 15, 14.25], "texture": "#1"},
				"down": {"uv": [13, 12, 15, 14.25], "rotation": 180, "texture": "#1"}
			}
		},
		{
			"from": [7, 2.9144, 3.09012],
			"to": [8.25, 3.97478, 5.4788],
			"rotation": {"angle": 45, "axis": "x", "origin": [7.5, 7.72642, 7.62453]},
			"faces": {
				"north": {"uv": [13, 12, 15, 14.25], "rotation": 270, "texture": "#1"},
				"east": {"uv": [13, 12, 15, 14.25], "rotation": 270, "texture": "#1"},
				"south": {"uv": [13, 12, 15, 14.25], "rotation": 270, "texture": "#1"},
				"west": {"uv": [13, 12, 15, 14.25], "rotation": 270, "texture": "#1"},
				"up": {"uv": [13, 12, 15, 14.25], "texture": "#1"},
				"down": {"uv": [13, 12, 15, 14.25], "rotation": 180, "texture": "#1"}
			}
		},
		{
			"from": [7, 2.99878, 4.02142],
			"to": [8.25, 5.62897, 5.32331],
			"rotation": {"angle": 45, "axis": "x", "origin": [7.5, 6.56626, 7.25682]},
			"faces": {
				"north": {"uv": [13, 12, 15, 14.25], "rotation": 90, "texture": "#1"},
				"east": {"uv": [13, 12, 15, 14.25], "rotation": 90, "texture": "#1"},
				"south": {"uv": [13, 12, 15, 14.25], "rotation": 90, "texture": "#1"},
				"west": {"uv": [13, 12, 15, 14.25], "rotation": 90, "texture": "#1"},
				"up": {"uv": [13, 12, 15, 14.25], "rotation": 180, "texture": "#1"},
				"down": {"uv": [13, 12, 15, 14.25], "texture": "#1"}
			}
		},
		{
			"from": [7, 6.18781, 4.90309],
			"to": [8.25, 8.45574, 10.43139],
			"rotation": {"angle": 0, "axis": "z", "origin": [7.5, 5.96328, 9.72007]},
			"faces": {
				"north": {"uv": [13, 12, 15, 14.25], "rotation": 90, "texture": "#1"},
				"east": {"uv": [13, 12, 15, 14.25], "rotation": 90, "texture": "#1"},
				"south": {"uv": [13, 12, 15, 14.25], "rotation": 90, "texture": "#1"},
				"west": {"uv": [13, 12, 15, 14.25], "rotation": 90, "texture": "#1"},
				"up": {"uv": [13, 12, 15, 14.25], "rotation": 180, "texture": "#1"},
				"down": {"uv": [13, 12, 15, 14.25], "texture": "#1"}
			}
		},
		{
			"from": [7, 8.45937, 4.6368],
			"to": [8.25, 9.6405, 5.39529],
			"rotation": {"angle": -22.5, "axis": "x", "origin": [7.625, 7.78871, 8.1885]},
			"faces": {
				"north": {"uv": [13, 12, 15, 14.25], "rotation": 90, "texture": "#1"},
				"east": {"uv": [13, 12, 15, 14.25], "rotation": 90, "texture": "#1"},
				"south": {"uv": [13, 12, 15, 14.25], "rotation": 90, "texture": "#1"},
				"west": {"uv": [13, 12, 15, 14.25], "rotation": 90, "texture": "#1"},
				"up": {"uv": [13, 12, 15, 14.25], "rotation": 180, "texture": "#1"},
				"down": {"uv": [13, 12, 15, 14.25], "texture": "#1"}
			}
		},
		{
			"from": [7, 6.18781, 3.87667],
			"to": [8.25, 7.73121, 10.43139],
			"rotation": {"angle": 0, "axis": "z", "origin": [7.5, 5.96328, 9.72007]},
			"faces": {
				"north": {"uv": [13, 12, 15, 14.25], "rotation": 90, "texture": "#1"},
				"east": {"uv": [13, 12, 15, 14.25], "rotation": 90, "texture": "#1"},
				"south": {"uv": [13, 12, 15, 14.25], "rotation": 90, "texture": "#1"},
				"west": {"uv": [13, 12, 15, 14.25], "rotation": 90, "texture": "#1"},
				"up": {"uv": [13, 12, 15, 14.25], "rotation": 180, "texture": "#1"},
				"down": {"uv": [13, 12, 15, 14.25], "texture": "#1"}
			}
		},
		{
			"from": [7.25, 4.91989, 5.56724],
			"to": [8, 6.28215, 5.78233],
			"rotation": {"angle": 0, "axis": "z", "origin": [7.5, 5.96328, 9.72007]},
			"faces": {
				"north": {"uv": [13, 12, 15, 14.25], "rotation": 90, "texture": "#0"},
				"east": {"uv": [13, 12, 15, 14.25], "rotation": 90, "texture": "#0"},
				"south": {"uv": [13, 12, 15, 14.25], "rotation": 90, "texture": "#0"},
				"west": {"uv": [13, 12, 15, 14.25], "rotation": 90, "texture": "#0"},
				"up": {"uv": [13, 12, 15, 14.25], "rotation": 180, "texture": "#0"},
				"down": {"uv": [13, 12, 15, 14.25], "texture": "#0"}
			}
		},
		{
			"from": [7.5, 6.55927, 6.57865],
			"to": [7.75, 7.92153, 6.79374],
			"rotation": {"angle": -22.5, "axis": "x", "origin": [7.625, 5.36558, 9.63468]},
			"faces": {
				"north": {"uv": [13, 12, 15, 14.25], "rotation": 90, "texture": "#0"},
				"east": {"uv": [13, 12, 15, 14.25], "rotation": 90, "texture": "#0"},
				"south": {"uv": [13, 12, 15, 14.25], "rotation": 90, "texture": "#0"},
				"west": {"uv": [13, 12, 15, 14.25], "rotation": 90, "texture": "#0"},
				"up": {"uv": [13, 12, 15, 14.25], "rotation": 180, "texture": "#0"},
				"down": {"uv": [13, 12, 15, 14.25], "texture": "#0"}
			}
		},
		{
			"from": [7.5, 4.08733, 6.87842],
			"to": [7.75, 4.30243, 7.15389],
			"rotation": {"angle": 22.5, "axis": "x", "origin": [7.625, 5.96935, 9.63468]},
			"faces": {
				"north": {"uv": [13, 12, 15, 14.25], "texture": "#0"},
				"east": {"uv": [13, 12, 15, 14.25], "texture": "#0"},
				"south": {"uv": [13, 12, 15, 14.25], "texture": "#0"},
				"west": {"uv": [13, 12, 15, 14.25], "texture": "#0"},
				"up": {"uv": [13, 12, 15, 14.25], "rotation": 90, "texture": "#0"},
				"down": {"uv": [13, 12, 15, 14.25], "rotation": 270, "texture": "#0"}
			}
		},
		{
			"from": [7.5, 5.16409, 6.64019],
			"to": [7.75, 5.37919, 6.91567],
			"rotation": {"angle": 0, "axis": "z", "origin": [7.625, 5.33202, 9.97793]},
			"faces": {
				"north": {"uv": [13, 12, 15, 14.25], "texture": "#0"},
				"east": {"uv": [13, 12, 15, 14.25], "texture": "#0"},
				"south": {"uv": [13, 12, 15, 14.25], "texture": "#0"},
				"west": {"uv": [13, 12, 15, 14.25], "texture": "#0"},
				"up": {"uv": [13, 12, 15, 14.25], "rotation": 90, "texture": "#0"},
				"down": {"uv": [13, 12, 15, 14.25], "rotation": 270, "texture": "#0"}
			}
		},
		{
			"from": [7.25, 6.09266, 5.82486],
			"to": [8, 6.36813, 6.03996],
			"rotation": {"angle": -22.5, "axis": "x", "origin": [7.625, 5.05762, 9.23705]},
			"faces": {
				"north": {"uv": [13, 12, 15, 14.25], "rotation": 90, "texture": "#0"},
				"east": {"uv": [13, 12, 15, 14.25], "rotation": 90, "texture": "#0"},
				"south": {"uv": [13, 12, 15, 14.25], "rotation": 90, "texture": "#0"},
				"west": {"uv": [13, 12, 15, 14.25], "rotation": 90, "texture": "#0"},
				"up": {"uv": [13, 12, 15, 14.25], "rotation": 180, "texture": "#0"},
				"down": {"uv": [13, 12, 15, 14.25], "texture": "#0"}
			}
		},
		{
			"from": [7.25, 3.31359, 6.04642],
			"to": [8, 3.52868, 6.32189],
			"rotation": {"angle": 22.5, "axis": "x", "origin": [7.625, 4.69536, 9.41818]},
			"faces": {
				"north": {"uv": [13, 12, 15, 14.25], "texture": "#0"},
				"east": {"uv": [13, 12, 15, 14.25], "texture": "#0"},
				"south": {"uv": [13, 12, 15, 14.25], "texture": "#0"},
				"west": {"uv": [13, 12, 15, 14.25], "texture": "#0"},
				"up": {"uv": [13, 12, 15, 14.25], "rotation": 90, "texture": "#0"},
				"down": {"uv": [13, 12, 15, 14.25], "rotation": 270, "texture": "#0"}
			}
		},
		{
			"from": [7.25, 5.9652, 8.45562],
			"to": [8, 6.18029, 8.73109],
			"rotation": {"angle": -22.5, "axis": "x", "origin": [7.625, 4.75574, 11.7729]},
			"faces": {
				"north": {"uv": [13, 12, 15, 14.25], "texture": "#0"},
				"east": {"uv": [13, 12, 15, 14.25], "texture": "#0"},
				"south": {"uv": [13, 12, 15, 14.25], "texture": "#0"},
				"west": {"uv": [13, 12, 15, 14.25], "texture": "#0"},
				"up": {"uv": [13, 12, 15, 14.25], "rotation": 90, "texture": "#0"},
				"down": {"uv": [13, 12, 15, 14.25], "rotation": 270, "texture": "#0"}
			}
		},
		{
			"from": [7.25, 3.40783, 8.65737],
			"to": [8, 3.6833, 8.87247],
			"rotation": {"angle": 22.5, "axis": "x", "origin": [7.625, 4.99725, 11.95403]},
			"faces": {
				"north": {"uv": [13, 12, 15, 14.25], "rotation": 270, "texture": "#0"},
				"east": {"uv": [13, 12, 15, 14.25], "rotation": 270, "texture": "#0"},
				"south": {"uv": [13, 12, 15, 14.25], "rotation": 270, "texture": "#0"},
				"west": {"uv": [13, 12, 15, 14.25], "rotation": 270, "texture": "#0"},
				"up": {"uv": [13, 12, 15, 14.25], "texture": "#0"},
				"down": {"uv": [13, 12, 15, 14.25], "rotation": 180, "texture": "#0"}
			}
		},
		{
			"from": [7.25, 4.98026, 8.40497],
			"to": [8, 7.18781, 8.62007],
			"rotation": {"angle": 0, "axis": "z", "origin": [7.625, 4.87649, 11.89365]},
			"faces": {
				"north": {"uv": [13, 12, 15, 14.25], "rotation": 270, "texture": "#0"},
				"east": {"uv": [13, 12, 15, 14.25], "rotation": 270, "texture": "#0"},
				"south": {"uv": [13, 12, 15, 14.25], "rotation": 270, "texture": "#0"},
				"west": {"uv": [13, 12, 15, 14.25], "rotation": 270, "texture": "#0"},
				"up": {"uv": [13, 12, 15, 14.25], "texture": "#0"},
				"down": {"uv": [13, 12, 15, 14.25], "rotation": 180, "texture": "#0"}
			}
		},
		{
			"from": [7.25, 5.40291, 7.62007],
			"to": [8, 7.61045, 7.83516],
			"rotation": {"angle": 0, "axis": "z", "origin": [7.625, 4.87649, 11.89365]},
			"faces": {
				"north": {"uv": [13, 12, 15, 14.25], "rotation": 270, "texture": "#0"},
				"east": {"uv": [13, 12, 15, 14.25], "rotation": 270, "texture": "#0"},
				"south": {"uv": [13, 12, 15, 14.25], "rotation": 270, "texture": "#0"},
				"west": {"uv": [13, 12, 15, 14.25], "rotation": 270, "texture": "#0"},
				"up": {"uv": [13, 12, 15, 14.25], "texture": "#0"},
				"down": {"uv": [13, 12, 15, 14.25], "rotation": 180, "texture": "#0"}
			}
		},
		{
			"from": [7.25, 4.58781, 6.02007],
			"to": [8, 4.80291, 8.34837],
			"rotation": {"angle": 0, "axis": "z", "origin": [7.625, 4.75574, 9.41818]},
			"faces": {
				"north": {"uv": [13, 12, 15, 14.25], "texture": "#0"},
				"east": {"uv": [13, 12, 15, 14.25], "texture": "#0"},
				"south": {"uv": [13, 12, 15, 14.25], "texture": "#0"},
				"west": {"uv": [13, 12, 15, 14.25], "texture": "#0"},
				"up": {"uv": [13, 12, 15, 14.25], "rotation": 90, "texture": "#0"},
				"down": {"uv": [13, 12, 15, 14.25], "rotation": 270, "texture": "#0"}
			}
		},
		{
			"from": [7, 5.02467, -2.30322],
			"to": [8.25, 7.17184, 4.00998],
			"rotation": {"angle": -22.5, "axis": "x", "origin": [7.5, 3.5, 2.67358]},
			"faces": {
				"north": {"uv": [13, 12, 15, 14.25], "rotation": 90, "texture": "#1"},
				"east": {"uv": [13, 12, 15, 14.25], "rotation": 90, "texture": "#1"},
				"south": {"uv": [13, 12, 15, 14.25], "rotation": 90, "texture": "#1"},
				"west": {"uv": [13, 12, 15, 14.25], "rotation": 90, "texture": "#1"},
				"up": {"uv": [13, 12, 15, 14.25], "rotation": 180, "texture": "#1"},
				"down": {"uv": [13, 12, 15, 14.25], "texture": "#1"}
			}
		},
		{
			"from": [7.12075, 8.96604, 5.18113],
			"to": [8.06038, 9.48302, 7.3283],
			"faces": {
				"north": {"uv": [6, 4, 7.147, 5.938], "texture": "#0"},
				"east": {"uv": [6, 4, 7.147, 5.938], "texture": "#0"},
				"south": {"uv": [6, 4, 7.147, 5.938], "texture": "#0"},
				"west": {"uv": [6, 4, 7.147, 5.938], "texture": "#0"},
				"up": {"uv": [6, 4, 7.147, 5.938], "rotation": 90, "texture": "#0"},
				"down": {"uv": [6, 4, 7.147, 5.938], "rotation": 270, "texture": "#0"}
			}
		},
		{
			"from": [7.12075, 9.02642, 26.22642],
			"to": [8.06038, 9.48302, 28.37358],
			"faces": {
				"north": {"uv": [6, 4, 7.147, 5.938], "texture": "#0"},
				"east": {"uv": [6, 4, 7.147, 5.938], "texture": "#0"},
				"south": {"uv": [6, 4, 7.147, 5.938], "texture": "#0"},
				"west": {"uv": [6, 4, 7.147, 5.938], "texture": "#0"},
				"up": {"uv": [6, 4, 7.147, 5.938], "rotation": 90, "texture": "#0"},
				"down": {"uv": [6, 4, 7.147, 5.938], "rotation": 270, "texture": "#0"}
			}
		},
		{
			"from": [7.12075, 9.02642, 26.58868],
			"to": [8.06038, 9.60377, 28.01132],
			"faces": {
				"north": {"uv": [6, 4, 7.147, 5.938], "texture": "#0"},
				"east": {"uv": [6, 4, 7.147, 5.938], "texture": "#0"},
				"south": {"uv": [6, 4, 7.147, 5.938], "texture": "#0"},
				"west": {"uv": [6, 4, 7.147, 5.938], "texture": "#0"},
				"up": {"uv": [6, 4, 7.147, 5.938], "rotation": 90, "texture": "#0"},
				"down": {"uv": [6, 4, 7.147, 5.938], "rotation": 270, "texture": "#0"}
			}
		},
		{
			"from": [7.5434, 9.50943, 27.49434],
			"to": [7.63774, 10.26792, 27.70943],
			"faces": {
				"north": {"uv": [6, 4, 7.147, 5.938], "texture": "#0"},
				"east": {"uv": [6, 4, 7.147, 5.938], "texture": "#0"},
				"south": {"uv": [6, 4, 7.147, 5.938], "texture": "#0"},
				"west": {"uv": [6, 4, 7.147, 5.938], "texture": "#0"},
				"up": {"uv": [6, 4, 7.147, 5.938], "rotation": 90, "texture": "#0"},
				"down": {"uv": [6, 4, 7.147, 5.938], "rotation": 270, "texture": "#0"}
			}
		},
		{
			"from": [7.12075, 8.96604, 5.5434],
			"to": [7.21509, 9.66415, 6.96604],
			"faces": {
				"north": {"uv": [6, 4, 7.147, 5.938], "texture": "#0"},
				"east": {"uv": [6, 4, 7.147, 5.938], "texture": "#0"},
				"south": {"uv": [6, 4, 7.147, 5.938], "texture": "#0"},
				"west": {"uv": [6, 4, 7.147, 5.938], "texture": "#0"},
				"up": {"uv": [6, 4, 7.147, 5.938], "rotation": 90, "texture": "#0"},
				"down": {"uv": [6, 4, 7.147, 5.938], "rotation": 270, "texture": "#0"}
			}
		},
		{
			"from": [7.96604, 8.96604, 5.5434],
			"to": [8.06038, 9.66415, 6.96604],
			"faces": {
				"north": {"uv": [6, 4, 7.147, 5.938], "texture": "#0"},
				"east": {"uv": [6, 4, 7.147, 5.938], "texture": "#0"},
				"south": {"uv": [6, 4, 7.147, 5.938], "texture": "#0"},
				"west": {"uv": [6, 4, 7.147, 5.938], "texture": "#0"},
				"up": {"uv": [6, 4, 7.147, 5.938], "rotation": 90, "texture": "#0"},
				"down": {"uv": [6, 4, 7.147, 5.938], "rotation": 270, "texture": "#0"}
			}
		},
		{
			"from": [7.12075, 9.20755, 5.96604],
			"to": [7.21509, 9.90566, 6.24151],
			"faces": {
				"north": {"uv": [6, 4, 7.147, 5.938], "texture": "#0"},
				"east": {"uv": [6, 4, 7.147, 5.938], "texture": "#0"},
				"south": {"uv": [6, 4, 7.147, 5.938], "texture": "#0"},
				"west": {"uv": [6, 4, 7.147, 5.938], "texture": "#0"},
				"up": {"uv": [6, 4, 7.147, 5.938], "rotation": 90, "texture": "#0"},
				"down": {"uv": [6, 4, 7.147, 5.938], "rotation": 270, "texture": "#0"}
			}
		},
		{
			"from": [7.96604, 9.20755, 5.96604],
			"to": [8.06038, 9.90566, 6.24151],
			"faces": {
				"north": {"uv": [6, 4, 7.147, 5.938], "texture": "#0"},
				"east": {"uv": [6, 4, 7.147, 5.938], "texture": "#0"},
				"south": {"uv": [6, 4, 7.147, 5.938], "texture": "#0"},
				"west": {"uv": [6, 4, 7.147, 5.938], "texture": "#0"},
				"up": {"uv": [6, 4, 7.147, 5.938], "rotation": 90, "texture": "#0"},
				"down": {"uv": [6, 4, 7.147, 5.938], "rotation": 270, "texture": "#0"}
			}
		},
		{
			"from": [7.12075, 9.371, 5.23418],
			"to": [7.21509, 9.58609, 5.69079],
			"rotation": {"angle": -45, "axis": "x", "origin": [7.16792, 9.43585, 5.46981]},
			"faces": {
				"north": {"uv": [6, 4, 7.147, 5.938], "rotation": 90, "texture": "#0"},
				"east": {"uv": [6, 4, 7.147, 5.938], "rotation": 90, "texture": "#0"},
				"south": {"uv": [6, 4, 7.147, 5.938], "rotation": 90, "texture": "#0"},
				"west": {"uv": [6, 4, 7.147, 5.938], "rotation": 90, "texture": "#0"},
				"up": {"uv": [6, 4, 7.147, 5.938], "rotation": 180, "texture": "#0"},
				"down": {"uv": [6, 4, 7.147, 5.938], "texture": "#0"}
			}
		},
		{
			"from": [7.96604, 9.371, 5.23418],
			"to": [8.06038, 9.58609, 5.69079],
			"rotation": {"angle": -45, "axis": "x", "origin": [7.16792, 9.43585, 5.46981]},
			"faces": {
				"north": {"uv": [6, 4, 7.147, 5.938], "rotation": 90, "texture": "#0"},
				"east": {"uv": [6, 4, 7.147, 5.938], "rotation": 90, "texture": "#0"},
				"south": {"uv": [6, 4, 7.147, 5.938], "rotation": 90, "texture": "#0"},
				"west": {"uv": [6, 4, 7.147, 5.938], "rotation": 90, "texture": "#0"},
				"up": {"uv": [6, 4, 7.147, 5.938], "rotation": 180, "texture": "#0"},
				"down": {"uv": [6, 4, 7.147, 5.938], "texture": "#0"}
			}
		},
		{
			"from": [7.12075, 9.15753, 5.70381],
			"to": [7.21509, 9.37262, 6.16041],
			"rotation": {"angle": -45, "axis": "x", "origin": [7.16792, 9.43585, 5.46981]},
			"faces": {
				"north": {"uv": [6, 4, 7.147, 5.938], "rotation": 90, "texture": "#0"},
				"east": {"uv": [6, 4, 7.147, 5.938], "rotation": 90, "texture": "#0"},
				"south": {"uv": [6, 4, 7.147, 5.938], "rotation": 90, "texture": "#0"},
				"west": {"uv": [6, 4, 7.147, 5.938], "rotation": 90, "texture": "#0"},
				"up": {"uv": [6, 4, 7.147, 5.938], "rotation": 180, "texture": "#0"},
				"down": {"uv": [6, 4, 7.147, 5.938], "texture": "#0"}
			}
		},
		{
			"from": [7.96604, 9.15753, 5.70381],
			"to": [8.06038, 9.37262, 6.16041],
			"rotation": {"angle": -45, "axis": "x", "origin": [7.16792, 9.43585, 5.46981]},
			"faces": {
				"north": {"uv": [6, 4, 7.147, 5.938], "rotation": 90, "texture": "#0"},
				"east": {"uv": [6, 4, 7.147, 5.938], "rotation": 90, "texture": "#0"},
				"south": {"uv": [6, 4, 7.147, 5.938], "rotation": 90, "texture": "#0"},
				"west": {"uv": [6, 4, 7.147, 5.938], "rotation": 90, "texture": "#0"},
				"up": {"uv": [6, 4, 7.147, 5.938], "rotation": 180, "texture": "#0"},
				"down": {"uv": [6, 4, 7.147, 5.938], "texture": "#0"}
			}
		},
		{
			"from": [7.12075, 9.97174, 6.6845],
			"to": [7.21509, 10.18683, 7.1411],
			"rotation": {"angle": 22.5, "axis": "x", "origin": [7.16792, 9.43585, 5.46981]},
			"faces": {
				"north": {"uv": [6, 4, 7.147, 5.938], "rotation": 90, "texture": "#0"},
				"east": {"uv": [6, 4, 7.147, 5.938], "rotation": 90, "texture": "#0"},
				"south": {"uv": [6, 4, 7.147, 5.938], "rotation": 90, "texture": "#0"},
				"west": {"uv": [6, 4, 7.147, 5.938], "rotation": 90, "texture": "#0"},
				"up": {"uv": [6, 4, 7.147, 5.938], "rotation": 180, "texture": "#0"},
				"down": {"uv": [6, 4, 7.147, 5.938], "texture": "#0"}
			}
		},
		{
			"from": [7.96604, 9.97174, 6.6845],
			"to": [8.06038, 10.18683, 7.1411],
			"rotation": {"angle": 22.5, "axis": "x", "origin": [7.16792, 9.43585, 5.46981]},
			"faces": {
				"north": {"uv": [6, 4, 7.147, 5.938], "rotation": 90, "texture": "#0"},
				"east": {"uv": [6, 4, 7.147, 5.938], "rotation": 90, "texture": "#0"},
				"south": {"uv": [6, 4, 7.147, 5.938], "rotation": 90, "texture": "#0"},
				"west": {"uv": [6, 4, 7.147, 5.938], "rotation": 90, "texture": "#0"},
				"up": {"uv": [6, 4, 7.147, 5.938], "rotation": 180, "texture": "#0"},
				"down": {"uv": [6, 4, 7.147, 5.938], "texture": "#0"}
			}
		},
		{
			"from": [7.12075, 9.9407, 5.97848],
			"to": [7.21509, 10.1558, 6.61622],
			"rotation": {"angle": 22.5, "axis": "x", "origin": [7.16792, 9.43585, 5.46981]},
			"faces": {
				"north": {"uv": [6, 4, 7.147, 5.938], "rotation": 90, "texture": "#0"},
				"east": {"uv": [6, 4, 7.147, 5.938], "rotation": 90, "texture": "#0"},
				"south": {"uv": [6, 4, 7.147, 5.938], "rotation": 90, "texture": "#0"},
				"west": {"uv": [6, 4, 7.147, 5.938], "rotation": 90, "texture": "#0"},
				"up": {"uv": [6, 4, 7.147, 5.938], "rotation": 180, "texture": "#0"},
				"down": {"uv": [6, 4, 7.147, 5.938], "texture": "#0"}
			}
		},
		{
			"from": [7.96604, 9.9407, 5.97848],
			"to": [8.06038, 10.1558, 6.61622],
			"rotation": {"angle": 22.5, "axis": "x", "origin": [7.16792, 9.43585, 5.46981]},
			"faces": {
				"north": {"uv": [6, 4, 7.147, 5.938], "rotation": 90, "texture": "#0"},
				"east": {"uv": [6, 4, 7.147, 5.938], "rotation": 90, "texture": "#0"},
				"south": {"uv": [6, 4, 7.147, 5.938], "rotation": 90, "texture": "#0"},
				"west": {"uv": [6, 4, 7.147, 5.938], "rotation": 90, "texture": "#0"},
				"up": {"uv": [6, 4, 7.147, 5.938], "rotation": 180, "texture": "#0"},
				"down": {"uv": [6, 4, 7.147, 5.938], "texture": "#0"}
			}
		},
		{
			"from": [5.85283, 8.5434, 8.59623],
			"to": [8.12075, 8.93962, 8.84151],
			"faces": {
				"north": {"uv": [7, 2, 9.244, 4.266], "texture": "#0"},
				"east": {"uv": [7, 2, 9.244, 4.266], "texture": "#0"},
				"south": {"uv": [7, 2, 9.244, 4.266], "texture": "#0"},
				"west": {"uv": [7, 2, 9.244, 4.266], "texture": "#0"},
				"up": {"uv": [7, 2, 9.244, 4.266], "rotation": 90, "texture": "#0"},
				"down": {"uv": [7, 2, 9.244, 4.266], "rotation": 270, "texture": "#0"}
			}
		},
		{
			"from": [6.39623, 8.5434, 8.59623],
			"to": [8.12075, 8.93962, 9.08302],
			"faces": {
				"north": {"uv": [7, 2, 9.244, 4.266], "texture": "#0"},
				"east": {"uv": [7, 2, 9.244, 4.266], "texture": "#0"},
				"south": {"uv": [7, 2, 9.244, 4.266], "texture": "#0"},
				"west": {"uv": [7, 2, 9.244, 4.266], "texture": "#0"},
				"up": {"uv": [7, 2, 9.244, 4.266], "rotation": 90, "texture": "#0"},
				"down": {"uv": [7, 2, 9.244, 4.266], "rotation": 270, "texture": "#0"}
			}
		},
		{
			"from": [4.72066, 8.5434, 9.30445],
			"to": [6.98859, 8.93962, 9.54973],
			"rotation": {"angle": -22.5, "axis": "y", "origin": [6.98679, 8.74151, 12.16038]},
			"faces": {
				"north": {"uv": [7, 2, 9.244, 4.266], "texture": "#0"},
				"east": {"uv": [7, 2, 9.244, 4.266], "texture": "#0"},
				"south": {"uv": [7, 2, 9.244, 4.266], "texture": "#0"},
				"west": {"uv": [7, 2, 9.244, 4.266], "texture": "#0"},
				"up": {"uv": [7, 2, 9.244, 4.266], "rotation": 90, "texture": "#0"},
				"down": {"uv": [7, 2, 9.244, 4.266], "rotation": 270, "texture": "#0"}
			}
		},
		{
			"from": [7, 6.06792, 10.40755],
			"to": [8.30189, 8.4566, 10.53208],
			"faces": {
				"north": {"uv": [7, 2, 9.244, 4.266], "texture": "#0"},
				"east": {"uv": [7, 2, 9.244, 4.266], "texture": "#0"},
				"south": {"uv": [7, 2, 9.244, 4.266], "texture": "#0"},
				"west": {"uv": [7, 2, 9.244, 4.266], "texture": "#0"},
				"up": {"uv": [7, 2, 9.244, 4.266], "rotation": 90, "texture": "#0"},
				"down": {"uv": [7, 2, 9.244, 4.266], "rotation": 270, "texture": "#0"}
			}
		},
		{
			"from": [7.12075, 6.1283, 10.40755],
			"to": [8.24151, 8.4566, 11.98113],
			"faces": {
				"north": {"uv": [7, 2, 9.244, 4.266], "texture": "#0"},
				"east": {"uv": [7, 2, 9.244, 4.266], "texture": "#0"},
				"south": {"uv": [7, 2, 9.244, 4.266], "texture": "#0"},
				"west": {"uv": [7, 2, 9.244, 4.266], "texture": "#0"},
				"up": {"uv": [7, 2, 9.244, 4.266], "rotation": 90, "texture": "#0"},
				"down": {"uv": [7, 2, 9.244, 4.266], "rotation": 270, "texture": "#0"}
			}
		},
		{
			"from": [7.12075, 7.27547, 10.40755],
			"to": [8.24151, 8.4566, 13.91321],
			"faces": {
				"north": {"uv": [7, 2, 9.244, 4.266], "texture": "#0"},
				"east": {"uv": [7, 2, 9.244, 4.266], "texture": "#0"},
				"south": {"uv": [7, 2, 9.244, 4.266], "texture": "#0"},
				"west": {"uv": [7, 2, 9.244, 4.266], "texture": "#0"},
				"up": {"uv": [7, 2, 9.244, 4.266], "rotation": 90, "texture": "#0"},
				"down": {"uv": [7, 2, 9.244, 4.266], "rotation": 270, "texture": "#0"}
			}
		},
		{
			"from": [7.12075, 6.43019, 13.12453],
			"to": [8.24151, 8.4566, 14.57736],
			"faces": {
				"north": {"uv": [7, 2, 9.244, 4.266], "texture": "#0"},
				"east": {"uv": [7, 2, 9.244, 4.266], "texture": "#0"},
				"south": {"uv": [7, 2, 9.244, 4.266], "texture": "#0"},
				"west": {"uv": [7, 2, 9.244, 4.266], "texture": "#0"},
				"up": {"uv": [7, 2, 9.244, 4.266], "rotation": 90, "texture": "#0"},
				"down": {"uv": [7, 2, 9.244, 4.266], "rotation": 270, "texture": "#0"}
			}
		},
		{
			"from": [7.12075, 7.75301, 15.48326],
			"to": [8.12075, 8.7832, 17.6908],
			"rotation": {"angle": -22.5, "axis": "x", "origin": [7.68113, 7.4434, 17.29245]},
			"faces": {
				"north": {"uv": [7, 2, 9.244, 4.266], "rotation": 90, "texture": "#0"},
				"east": {"uv": [7, 2, 9.244, 4.266], "rotation": 90, "texture": "#0"},
				"south": {"uv": [7, 2, 9.244, 4.266], "rotation": 90, "texture": "#0"},
				"west": {"uv": [7, 2, 9.244, 4.266], "rotation": 90, "texture": "#0"},
				"up": {"uv": [7, 2, 9.244, 4.266], "rotation": 180, "texture": "#0"},
				"down": {"uv": [7, 2, 9.244, 4.266], "texture": "#0"}
			}
		},
		{
			"from": [7.12075, 7.05802, 13.28928],
			"to": [8.12075, 8.08821, 15.49682],
			"rotation": {"angle": 0, "axis": "z", "origin": [7.62075, 7.93538, 16.32512]},
			"faces": {
				"north": {"uv": [7, 2, 9.244, 4.266], "rotation": 90, "texture": "#0"},
				"east": {"uv": [7, 2, 9.244, 4.266], "rotation": 90, "texture": "#0"},
				"south": {"uv": [7, 2, 9.244, 4.266], "rotation": 90, "texture": "#0"},
				"west": {"uv": [7, 2, 9.244, 4.266], "rotation": 90, "texture": "#0"},
				"up": {"uv": [7, 2, 9.244, 4.266], "rotation": 180, "texture": "#0"},
				"down": {"uv": [7, 2, 9.244, 4.266], "texture": "#0"}
			}
		},
		{
			"from": [7.06038, 6.30943, 13.12453],
			"to": [8.30189, 7.43019, 13.24906],
			"faces": {
				"north": {"uv": [7, 2, 9.244, 4.266], "texture": "#0"},
				"east": {"uv": [7, 2, 9.244, 4.266], "texture": "#0"},
				"south": {"uv": [7, 2, 9.244, 4.266], "texture": "#0"},
				"west": {"uv": [7, 2, 9.244, 4.266], "texture": "#0"},
				"up": {"uv": [7, 2, 9.244, 4.266], "rotation": 90, "texture": "#0"},
				"down": {"uv": [7, 2, 9.244, 4.266], "rotation": 270, "texture": "#0"}
			}
		},
		{
			"from": [7.06038, 6.06792, 11.8566],
			"to": [8.30189, 7.43019, 11.98113],
			"faces": {
				"north": {"uv": [7, 2, 9.244, 4.266], "texture": "#0"},
				"east": {"uv": [7, 2, 9.244, 4.266], "texture": "#0"},
				"south": {"uv": [7, 2, 9.244, 4.266], "texture": "#0"},
				"west": {"uv": [7, 2, 9.244, 4.266], "texture": "#0"},
				"up": {"uv": [7, 2, 9.244, 4.266], "rotation": 90, "texture": "#0"},
				"down": {"uv": [7, 2, 9.244, 4.266], "rotation": 270, "texture": "#0"}
			}
		},
		{
			"from": [7.06038, 7.29057, 11.84151],
			"to": [8.30189, 7.41509, 13.20377],
			"rotation": {"angle": 0, "axis": "z", "origin": [7.68113, 6.74906, 15.36038]},
			"faces": {
				"north": {"uv": [7, 2, 9.244, 4.266], "rotation": 270, "texture": "#0"},
				"east": {"uv": [7, 2, 9.244, 4.266], "rotation": 270, "texture": "#0"},
				"south": {"uv": [7, 2, 9.244, 4.266], "rotation": 270, "texture": "#0"},
				"west": {"uv": [7, 2, 9.244, 4.266], "rotation": 270, "texture": "#0"},
				"up": {"uv": [7, 2, 9.244, 4.266], "texture": "#0"},
				"down": {"uv": [7, 2, 9.244, 4.266], "rotation": 180, "texture": "#0"}
			}
		},
		{
			"from": [7.31038, 8.36226, 4.91321],
			"to": [7.87075, 9.42264, 8.90189],
			"faces": {
				"north": {"uv": [7, 2, 9.244, 4.266], "texture": "#0"},
				"east": {"uv": [7, 2, 9.244, 4.266], "texture": "#0"},
				"south": {"uv": [7, 2, 9.244, 4.266], "texture": "#0"},
				"west": {"uv": [7, 2, 9.244, 4.266], "texture": "#0"},
				"up": {"uv": [7, 2, 9.244, 4.266], "rotation": 90, "texture": "#0"},
				"down": {"uv": [7, 2, 9.244, 4.266], "rotation": 270, "texture": "#0"}
			}
		},
		{
			"from": [7.31038, 8.36226, 8.6566],
			"to": [7.87075, 9.30189, 18.50189],
			"faces": {
				"north": {"uv": [7, 2, 9.244, 4.266], "texture": "#0"},
				"east": {"uv": [7, 2, 9.244, 4.266], "texture": "#0"},
				"south": {"uv": [7, 2, 9.244, 4.266], "texture": "#0"},
				"west": {"uv": [7, 2, 9.244, 4.266], "texture": "#0"},
				"up": {"uv": [7, 2, 9.244, 4.266], "rotation": 90, "texture": "#0"},
				"down": {"uv": [7, 2, 9.244, 4.266], "rotation": 270, "texture": "#0"}
			}
		},
		{
			"from": [7.22989, 8.46953, 4.91321],
			"to": [7.50537, 8.84878, 18.50189],
			"rotation": {"angle": -45, "axis": "z", "origin": [7.92264, 9.0434, 10.85472]},
			"faces": {
				"north": {"uv": [7, 2, 9.244, 4.266], "rotation": 180, "texture": "#0"},
				"east": {"uv": [7, 2, 9.244, 4.266], "rotation": 180, "texture": "#0"},
				"south": {"uv": [7, 2, 9.244, 4.266], "rotation": 180, "texture": "#0"},
				"west": {"uv": [7, 2, 9.244, 4.266], "rotation": 180, "texture": "#0"},
				"up": {"uv": [7, 2, 9.244, 4.266], "rotation": 270, "texture": "#0"},
				"down": {"uv": [7, 2, 9.244, 4.266], "rotation": 90, "texture": "#0"}
			}
		},
		{
			"from": [7.06038, 8.36226, 4.91321],
			"to": [8.12075, 9.12075, 18.50189],
			"faces": {
				"north": {"uv": [7, 2, 9.244, 4.266], "texture": "#0"},
				"east": {"uv": [7, 2, 9.244, 4.266], "texture": "#0"},
				"south": {"uv": [7, 2, 9.244, 4.266], "texture": "#0"},
				"west": {"uv": [7, 2, 9.244, 4.266], "texture": "#0"},
				"up": {"uv": [7, 2, 9.244, 4.266], "rotation": 90, "texture": "#0"},
				"down": {"uv": [7, 2, 9.244, 4.266], "rotation": 270, "texture": "#0"}
			}
		},
		{
			"from": [7.31038, 8.36226, 9.98491],
			"to": [7.87075, 9.42264, 18.50189],
			"faces": {
				"north": {"uv": [7, 2, 9.244, 4.266], "texture": "#0"},
				"east": {"uv": [7, 2, 9.244, 4.266], "texture": "#0"},
				"south": {"uv": [7, 2, 9.244, 4.266], "texture": "#0"},
				"west": {"uv": [7, 2, 9.244, 4.266], "texture": "#0"},
				"up": {"uv": [7, 2, 9.244, 4.266], "rotation": 90, "texture": "#0"},
				"down": {"uv": [7, 2, 9.244, 4.266], "rotation": 270, "texture": "#0"}
			}
		},
		{
			"from": [7.70498, 9.21487, 4.91321],
			"to": [8.08422, 9.49034, 18.50189],
			"rotation": {"angle": -45, "axis": "z", "origin": [7.68113, 9.22453, 10.85472]},
			"faces": {
				"north": {"uv": [7, 2, 9.244, 4.266], "texture": "#0"},
				"east": {"uv": [7, 2, 9.244, 4.266], "texture": "#0"},
				"south": {"uv": [7, 2, 9.244, 4.266], "texture": "#0"},
				"west": {"uv": [7, 2, 9.244, 4.266], "texture": "#0"},
				"up": {"uv": [7, 2, 9.244, 4.266], "rotation": 90, "texture": "#0"},
				"down": {"uv": [7, 2, 9.244, 4.266], "rotation": 270, "texture": "#0"}
			}
		},
		{
			"from": [7.22989, 8.46953, 14.75472],
			"to": [7.50537, 8.84878, 30.15472],
			"rotation": {"angle": -45, "axis": "z", "origin": [7.92264, 9.0434, 10.85472]},
			"faces": {
				"north": {"uv": [7, 2, 9.244, 4.266], "rotation": 180, "texture": "#0"},
				"east": {"uv": [7, 2, 9.244, 4.266], "rotation": 180, "texture": "#0"},
				"south": {"uv": [7, 2, 9.244, 4.266], "rotation": 180, "texture": "#0"},
				"west": {"uv": [7, 2, 9.244, 4.266], "rotation": 180, "texture": "#0"},
				"up": {"uv": [7, 2, 9.244, 4.266], "rotation": 270, "texture": "#0"},
				"down": {"uv": [7, 2, 9.244, 4.266], "rotation": 90, "texture": "#0"}
			}
		},
		{
			"from": [8.04107, 7.65836, 14.75472],
			"to": [8.31654, 8.03761, 29.18868],
			"rotation": {"angle": -45, "axis": "z", "origin": [7.92264, 9.0434, 10.85472]},
			"faces": {
				"north": {"uv": [7, 2, 9.244, 4.266], "rotation": 180, "texture": "#0"},
				"east": {"uv": [7, 2, 9.244, 4.266], "rotation": 180, "texture": "#0"},
				"south": {"uv": [7, 2, 9.244, 4.266], "rotation": 180, "texture": "#0"},
				"west": {"uv": [7, 2, 9.244, 4.266], "rotation": 180, "texture": "#0"},
				"up": {"uv": [7, 2, 9.244, 4.266], "rotation": 270, "texture": "#0"},
				"down": {"uv": [7, 2, 9.244, 4.266], "rotation": 90, "texture": "#0"}
			}
		},
		{
			"from": [7.70498, 9.21487, 14.75472],
			"to": [8.08422, 9.49034, 30.15472],
			"rotation": {"angle": -45, "axis": "z", "origin": [7.68113, 9.22453, 10.85472]},
			"faces": {
				"north": {"uv": [7, 2, 9.244, 4.266], "texture": "#0"},
				"east": {"uv": [7, 2, 9.244, 4.266], "texture": "#0"},
				"south": {"uv": [7, 2, 9.244, 4.266], "texture": "#0"},
				"west": {"uv": [7, 2, 9.244, 4.266], "texture": "#0"},
				"up": {"uv": [7, 2, 9.244, 4.266], "rotation": 90, "texture": "#0"},
				"down": {"uv": [7, 2, 9.244, 4.266], "rotation": 270, "texture": "#0"}
			}
		},
		{
			"from": [8.51615, 8.4037, 14.75472],
			"to": [8.89539, 8.67917, 29.18868],
			"rotation": {"angle": -45, "axis": "z", "origin": [7.68113, 9.22453, 10.85472]},
			"faces": {
				"north": {"uv": [7, 2, 9.244, 4.266], "texture": "#0"},
				"east": {"uv": [7, 2, 9.244, 4.266], "texture": "#0"},
				"south": {"uv": [7, 2, 9.244, 4.266], "texture": "#0"},
				"west": {"uv": [7, 2, 9.244, 4.266], "texture": "#0"},
				"up": {"uv": [7, 2, 9.244, 4.266], "rotation": 90, "texture": "#0"},
				"down": {"uv": [7, 2, 9.244, 4.266], "rotation": 270, "texture": "#0"}
			}
		},
		{
			"from": [7.68764, 9.20934, 14.75472],
			"to": [7.96311, 9.58859, 30.15472],
			"rotation": {"angle": -45, "axis": "z", "origin": [7.59057, 9.16415, 24.99057]},
			"faces": {
				"north": {"uv": [7, 2, 9.244, 4.266], "texture": "#0"},
				"east": {"uv": [7, 2, 9.244, 4.266], "texture": "#0"},
				"south": {"uv": [7, 2, 9.244, 4.266], "texture": "#0"},
				"west": {"uv": [7, 2, 9.244, 4.266], "texture": "#0"},
				"up": {"uv": [7, 2, 9.244, 4.266], "rotation": 90, "texture": "#0"},
				"down": {"uv": [7, 2, 9.244, 4.266], "rotation": 270, "texture": "#0"}
			}
		},
		{
			"from": [8.49881, 8.39817, 14.75472],
			"to": [8.77429, 8.77741, 29.18868],
			"rotation": {"angle": -45, "axis": "z", "origin": [7.59057, 9.16415, 24.99057]},
			"faces": {
				"north": {"uv": [7, 2, 9.244, 4.266], "texture": "#0"},
				"east": {"uv": [7, 2, 9.244, 4.266], "texture": "#0"},
				"south": {"uv": [7, 2, 9.244, 4.266], "texture": "#0"},
				"west": {"uv": [7, 2, 9.244, 4.266], "texture": "#0"},
				"up": {"uv": [7, 2, 9.244, 4.266], "rotation": 90, "texture": "#0"},
				"down": {"uv": [7, 2, 9.244, 4.266], "rotation": 270, "texture": "#0"}
			}
		},
		{
			"from": [7.16613, 8.7916, 14.75472],
			"to": [7.54538, 9.06707, 30.15472],
			"rotation": {"angle": -45, "axis": "z", "origin": [7.59057, 9.16415, 24.99057]},
			"faces": {
				"north": {"uv": [7, 2, 9.244, 4.266], "texture": "#0"},
				"east": {"uv": [7, 2, 9.244, 4.266], "texture": "#0"},
				"south": {"uv": [7, 2, 9.244, 4.266], "texture": "#0"},
				"west": {"uv": [7, 2, 9.244, 4.266], "texture": "#0"},
				"up": {"uv": [7, 2, 9.244, 4.266], "rotation": 90, "texture": "#0"},
				"down": {"uv": [7, 2, 9.244, 4.266], "rotation": 270, "texture": "#0"}
			}
		},
		{
			"from": [7.9773, 7.98043, 14.75472],
			"to": [8.35655, 8.2559, 29.18868],
			"rotation": {"angle": -45, "axis": "z", "origin": [7.59057, 9.16415, 24.99057]},
			"faces": {
				"north": {"uv": [7, 2, 9.244, 4.266], "texture": "#0"},
				"east": {"uv": [7, 2, 9.244, 4.266], "texture": "#0"},
				"south": {"uv": [7, 2, 9.244, 4.266], "texture": "#0"},
				"west": {"uv": [7, 2, 9.244, 4.266], "texture": "#0"},
				"up": {"uv": [7, 2, 9.244, 4.266], "rotation": 90, "texture": "#0"},
				"down": {"uv": [7, 2, 9.244, 4.266], "rotation": 270, "texture": "#0"}
			}
		},
		{
			"name": "hexadecagon",
			"from": [7.15326, 1.29283, 12.01019],
			"to": [8.34674, 7.29283, 13.09472],
			"rotation": {"angle": -45, "axis": "z", "origin": [7.75, 4.29283, 12.59472]},
			"faces": {
				"north": {"uv": [0, 0, 2, 2], "texture": "#0"},
				"east": {"uv": [0, 0, 2, 2], "texture": "#0"},
				"south": {"uv": [0, 0, 2, 2], "texture": "#0"},
				"west": {"uv": [0, 0, 2, 2], "texture": "#0"},
				"up": {"uv": [0, 0, 2, 2], "texture": "#0"},
				"down": {"uv": [0, 0, 2, 2], "texture": "#0"}
			}
		},
		{
			"name": "hexadecagon",
			"from": [7.15326, 1.29283, 12.01019],
			"to": [8.34674, 7.29283, 13.09472],
			"rotation": {"angle": -22.5, "axis": "z", "origin": [7.75, 4.29283, 12.59472]},
			"faces": {
				"north": {"uv": [0, 0, 2, 2], "texture": "#0"},
				"east": {"uv": [0, 0, 2, 2], "texture": "#0"},
				"south": {"uv": [0, 0, 2, 2], "texture": "#0"},
				"west": {"uv": [0, 0, 2, 2], "texture": "#0"},
				"up": {"uv": [0, 0, 2, 2], "texture": "#0"},
				"down": {"uv": [0, 0, 2, 2], "texture": "#0"}
			}
		},
		{
			"name": "hexadecagon",
			"from": [7.15326, 1.29283, 12.01019],
			"to": [8.34674, 7.29283, 13.09472],
			"rotation": {"angle": 0, "axis": "z", "origin": [7.75, 4.29283, 12.59472]},
			"faces": {
				"north": {"uv": [0, 0, 2, 2], "texture": "#0"},
				"east": {"uv": [0, 0, 2, 2], "texture": "#0"},
				"south": {"uv": [0, 0, 2, 2], "texture": "#0"},
				"west": {"uv": [0, 0, 2, 2], "texture": "#0"},
				"up": {"uv": [0, 0, 2, 2], "texture": "#0"},
				"down": {"uv": [0, 0, 2, 2], "texture": "#0"}
			}
		},
		{
			"name": "hexadecagon",
			"from": [7.15326, 1.29283, 12.01019],
			"to": [8.34674, 7.29283, 13.09472],
			"rotation": {"angle": 22.5, "axis": "z", "origin": [7.75, 4.29283, 12.59472]},
			"faces": {
				"north": {"uv": [0, 0, 2, 2], "texture": "#0"},
				"east": {"uv": [0, 0, 2, 2], "texture": "#0"},
				"south": {"uv": [0, 0, 2, 2], "texture": "#0"},
				"west": {"uv": [0, 0, 2, 2], "texture": "#0"},
				"up": {"uv": [0, 0, 2, 2], "texture": "#0"},
				"down": {"uv": [0, 0, 2, 2], "texture": "#0"}
			}
		},
		{
			"name": "hexadecagon",
			"from": [7.15326, 1.29283, 12.01019],
			"to": [8.34674, 7.29283, 13.09472],
			"rotation": {"angle": 45, "axis": "z", "origin": [7.75, 4.29283, 12.59472]},
			"faces": {
				"north": {"uv": [0, 0, 2, 2], "texture": "#0"},
				"east": {"uv": [0, 0, 2, 2], "texture": "#0"},
				"south": {"uv": [0, 0, 2, 2], "texture": "#0"},
				"west": {"uv": [0, 0, 2, 2], "texture": "#0"},
				"up": {"uv": [0, 0, 2, 2], "texture": "#0"},
				"down": {"uv": [0, 0, 2, 2], "texture": "#0"}
			}
		},
		{
			"name": "hexadecagon",
			"from": [4.75, 3.69609, 12.01019],
			"to": [10.75, 4.88957, 13.09472],
			"rotation": {"angle": -22.5, "axis": "z", "origin": [7.75, 4.29283, 12.59472]},
			"faces": {
				"north": {"uv": [0, 0, 2, 2], "texture": "#0"},
				"east": {"uv": [0, 0, 2, 2], "texture": "#0"},
				"south": {"uv": [0, 0, 2, 2], "texture": "#0"},
				"west": {"uv": [0, 0, 2, 2], "texture": "#0"},
				"up": {"uv": [0, 0, 2, 2], "texture": "#0"},
				"down": {"uv": [0, 0, 2, 2], "texture": "#0"}
			}
		},
		{
			"name": "hexadecagon",
			"from": [4.75, 3.69609, 12.01019],
			"to": [10.75, 4.88957, 13.09472],
			"rotation": {"angle": 0, "axis": "z", "origin": [7.75, 4.29283, 12.59472]},
			"faces": {
				"north": {"uv": [0, 0, 2, 2], "texture": "#0"},
				"east": {"uv": [0, 0, 2, 2], "texture": "#0"},
				"south": {"uv": [0, 0, 2, 2], "texture": "#0"},
				"west": {"uv": [0, 0, 2, 2], "texture": "#0"},
				"up": {"uv": [0, 0, 2, 2], "texture": "#0"},
				"down": {"uv": [0, 0, 2, 2], "texture": "#0"}
			}
		},
		{
			"name": "hexadecagon",
			"from": [4.75, 3.69609, 12.01019],
			"to": [10.75, 4.88957, 13.09472],
			"rotation": {"angle": 22.5, "axis": "z", "origin": [7.75, 4.29283, 12.59472]},
			"faces": {
				"north": {"uv": [0, 0, 2, 2], "texture": "#0"},
				"east": {"uv": [0, 0, 2, 2], "texture": "#0"},
				"south": {"uv": [0, 0, 2, 2], "texture": "#0"},
				"west": {"uv": [0, 0, 2, 2], "texture": "#0"},
				"up": {"uv": [0, 0, 2, 2], "texture": "#0"},
				"down": {"uv": [0, 0, 2, 2], "texture": "#0"}
			}
		},
		{
			"from": [7.31038, 7.83094, 11.13208],
			"to": [7.87075, 8.77057, 18.50189],
			"rotation": {"angle": 0, "axis": "x", "origin": [7.59057, 8.95887, 15.12491]},
			"faces": {
				"north": {"uv": [7, 2, 9.244, 4.266], "texture": "#0"},
				"east": {"uv": [7, 2, 9.244, 4.266], "texture": "#0"},
				"south": {"uv": [7, 2, 9.244, 4.266], "texture": "#0"},
				"west": {"uv": [7, 2, 9.244, 4.266], "texture": "#0"},
				"up": {"uv": [7, 2, 9.244, 4.266], "rotation": 90, "texture": "#0"},
				"down": {"uv": [7, 2, 9.244, 4.266], "rotation": 270, "texture": "#0"}
			}
		},
		{
			"from": [6.93559, 7.88615, 7.38868],
			"to": [7.31483, 8.16162, 18.50189],
			"rotation": {"angle": 45, "axis": "z", "origin": [7.59057, 8.95887, 15.12491]},
			"faces": {
				"north": {"uv": [7, 2, 9.244, 4.266], "texture": "#0"},
				"east": {"uv": [7, 2, 9.244, 4.266], "texture": "#0"},
				"south": {"uv": [7, 2, 9.244, 4.266], "texture": "#0"},
				"west": {"uv": [7, 2, 9.244, 4.266], "texture": "#0"},
				"up": {"uv": [7, 2, 9.244, 4.266], "rotation": 90, "texture": "#0"},
				"down": {"uv": [7, 2, 9.244, 4.266], "rotation": 270, "texture": "#0"}
			}
		},
		{
			"from": [7.06038, 8.01208, 7.38868],
			"to": [8.12075, 8.77057, 18.50189],
			"rotation": {"angle": 0, "axis": "x", "origin": [7.59057, 8.95887, 15.12491]},
			"faces": {
				"north": {"uv": [7, 2, 9.244, 4.266], "texture": "#0"},
				"east": {"uv": [7, 2, 9.244, 4.266], "texture": "#0"},
				"south": {"uv": [7, 2, 9.244, 4.266], "texture": "#0"},
				"west": {"uv": [7, 2, 9.244, 4.266], "texture": "#0"},
				"up": {"uv": [7, 2, 9.244, 4.266], "rotation": 90, "texture": "#0"},
				"down": {"uv": [7, 2, 9.244, 4.266], "rotation": 270, "texture": "#0"}
			}
		},
		{
			"from": [7.06038, 8.01208, 19.70566],
			"to": [7.27547, 9.13283, 21.09811],
			"rotation": {"angle": 0, "axis": "x", "origin": [7.59057, 8.95887, 15.12491]},
			"faces": {
				"north": {"uv": [7, 2, 9.244, 4.266], "texture": "#0"},
				"east": {"uv": [7, 2, 9.244, 4.266], "texture": "#0"},
				"south": {"uv": [7, 2, 9.244, 4.266], "texture": "#0"},
				"west": {"uv": [7, 2, 9.244, 4.266], "texture": "#0"},
				"up": {"uv": [7, 2, 9.244, 4.266], "rotation": 90, "texture": "#0"},
				"down": {"uv": [7, 2, 9.244, 4.266], "rotation": 270, "texture": "#0"}
			}
		},
		{
			"from": [7.06038, 8.01208, 22.42264],
			"to": [7.27547, 9.13283, 23.81509],
			"rotation": {"angle": 0, "axis": "x", "origin": [7.59057, 8.95887, 15.12491]},
			"faces": {
				"north": {"uv": [7, 2, 9.244, 4.266], "texture": "#0"},
				"east": {"uv": [7, 2, 9.244, 4.266], "texture": "#0"},
				"south": {"uv": [7, 2, 9.244, 4.266], "texture": "#0"},
				"west": {"uv": [7, 2, 9.244, 4.266], "texture": "#0"},
				"up": {"uv": [7, 2, 9.244, 4.266], "rotation": 90, "texture": "#0"},
				"down": {"uv": [7, 2, 9.244, 4.266], "rotation": 270, "texture": "#0"}
			}
		},
		{
			"from": [7.06038, 8.01208, 25.13962],
			"to": [7.27547, 9.13283, 26.53208],
			"rotation": {"angle": 0, "axis": "x", "origin": [7.59057, 8.95887, 15.12491]},
			"faces": {
				"north": {"uv": [7, 2, 9.244, 4.266], "texture": "#0"},
				"east": {"uv": [7, 2, 9.244, 4.266], "texture": "#0"},
				"south": {"uv": [7, 2, 9.244, 4.266], "texture": "#0"},
				"west": {"uv": [7, 2, 9.244, 4.266], "texture": "#0"},
				"up": {"uv": [7, 2, 9.244, 4.266], "rotation": 90, "texture": "#0"},
				"down": {"uv": [7, 2, 9.244, 4.266], "rotation": 270, "texture": "#0"}
			}
		},
		{
			"from": [7.06038, 7.69428, 28.43663],
			"to": [7.27547, 7.849, 30.01021],
			"rotation": {"angle": -45, "axis": "x", "origin": [7.16792, 8.57245, 28.49245]},
			"faces": {
				"north": {"uv": [7, 2, 9.244, 4.266], "rotation": 180, "texture": "#0"},
				"east": {"uv": [7, 2, 9.244, 4.266], "rotation": 180, "texture": "#0"},
				"south": {"uv": [7, 2, 9.244, 4.266], "rotation": 180, "texture": "#0"},
				"west": {"uv": [7, 2, 9.244, 4.266], "rotation": 180, "texture": "#0"},
				"up": {"uv": [7, 2, 9.244, 4.266], "rotation": 270, "texture": "#0"},
				"down": {"uv": [7, 2, 9.244, 4.266], "rotation": 90, "texture": "#0"}
			}
		},
		{
			"from": [7.90566, 7.69428, 28.43663],
			"to": [8.12075, 7.849, 30.01021],
			"rotation": {"angle": -45, "axis": "x", "origin": [7.16792, 8.57245, 28.49245]},
			"faces": {
				"north": {"uv": [7, 2, 9.244, 4.266], "rotation": 180, "texture": "#0"},
				"east": {"uv": [7, 2, 9.244, 4.266], "rotation": 180, "texture": "#0"},
				"south": {"uv": [7, 2, 9.244, 4.266], "rotation": 180, "texture": "#0"},
				"west": {"uv": [7, 2, 9.244, 4.266], "rotation": 180, "texture": "#0"},
				"up": {"uv": [7, 2, 9.244, 4.266], "rotation": 270, "texture": "#0"},
				"down": {"uv": [7, 2, 9.244, 4.266], "rotation": 90, "texture": "#0"}
			}
		},
		{
			"from": [7.06038, 8.01208, 27.79623],
			"to": [7.27547, 9.13283, 29.24906],
			"rotation": {"angle": 0, "axis": "x", "origin": [7.59057, 8.95887, 15.12491]},
			"faces": {
				"north": {"uv": [7, 2, 9.244, 4.266], "texture": "#0"},
				"east": {"uv": [7, 2, 9.244, 4.266], "texture": "#0"},
				"south": {"uv": [7, 2, 9.244, 4.266], "texture": "#0"},
				"west": {"uv": [7, 2, 9.244, 4.266], "texture": "#0"},
				"up": {"uv": [7, 2, 9.244, 4.266], "rotation": 90, "texture": "#0"},
				"down": {"uv": [7, 2, 9.244, 4.266], "rotation": 270, "texture": "#0"}
			}
		},
		{
			"from": [7.90566, 8.01208, 27.79623],
			"to": [8.12075, 9.13283, 29.24906],
			"rotation": {"angle": 0, "axis": "x", "origin": [7.59057, 8.95887, 15.12491]},
			"faces": {
				"north": {"uv": [7, 2, 9.244, 4.266], "texture": "#0"},
				"east": {"uv": [7, 2, 9.244, 4.266], "texture": "#0"},
				"south": {"uv": [7, 2, 9.244, 4.266], "texture": "#0"},
				"west": {"uv": [7, 2, 9.244, 4.266], "texture": "#0"},
				"up": {"uv": [7, 2, 9.244, 4.266], "rotation": 90, "texture": "#0"},
				"down": {"uv": [7, 2, 9.244, 4.266], "rotation": 270, "texture": "#0"}
			}
		},
		{
			"from": [7.06038, 8.91774, 27.79623],
			"to": [7.27547, 9.13283, 30.03396],
			"rotation": {"angle": 0, "axis": "x", "origin": [7.59057, 8.95887, 15.12491]},
			"faces": {
				"north": {"uv": [7, 2, 9.244, 4.266], "texture": "#0"},
				"east": {"uv": [7, 2, 9.244, 4.266], "texture": "#0"},
				"south": {"uv": [7, 2, 9.244, 4.266], "texture": "#0"},
				"west": {"uv": [7, 2, 9.244, 4.266], "texture": "#0"},
				"up": {"uv": [7, 2, 9.244, 4.266], "rotation": 90, "texture": "#0"},
				"down": {"uv": [7, 2, 9.244, 4.266], "rotation": 270, "texture": "#0"}
			}
		},
		{
			"from": [7.90566, 8.91774, 27.79623],
			"to": [8.12075, 9.13283, 30.03396],
			"rotation": {"angle": 0, "axis": "x", "origin": [7.59057, 8.95887, 15.12491]},
			"faces": {
				"north": {"uv": [7, 2, 9.244, 4.266], "texture": "#0"},
				"east": {"uv": [7, 2, 9.244, 4.266], "texture": "#0"},
				"south": {"uv": [7, 2, 9.244, 4.266], "texture": "#0"},
				"west": {"uv": [7, 2, 9.244, 4.266], "texture": "#0"},
				"up": {"uv": [7, 2, 9.244, 4.266], "rotation": 90, "texture": "#0"},
				"down": {"uv": [7, 2, 9.244, 4.266], "rotation": 270, "texture": "#0"}
			}
		},
		{
			"from": [7.06038, 8.7366, 27.79623],
			"to": [7.27547, 8.9517, 29.85283],
			"rotation": {"angle": 0, "axis": "x", "origin": [7.59057, 8.95887, 15.12491]},
			"faces": {
				"north": {"uv": [7, 2, 9.244, 4.266], "texture": "#0"},
				"east": {"uv": [7, 2, 9.244, 4.266], "texture": "#0"},
				"south": {"uv": [7, 2, 9.244, 4.266], "texture": "#0"},
				"west": {"uv": [7, 2, 9.244, 4.266], "texture": "#0"},
				"up": {"uv": [7, 2, 9.244, 4.266], "rotation": 90, "texture": "#0"},
				"down": {"uv": [7, 2, 9.244, 4.266], "rotation": 270, "texture": "#0"}
			}
		},
		{
			"from": [7.90566, 8.7366, 27.79623],
			"to": [8.12075, 8.9517, 29.85283],
			"rotation": {"angle": 0, "axis": "x", "origin": [7.59057, 8.95887, 15.12491]},
			"faces": {
				"north": {"uv": [7, 2, 9.244, 4.266], "texture": "#0"},
				"east": {"uv": [7, 2, 9.244, 4.266], "texture": "#0"},
				"south": {"uv": [7, 2, 9.244, 4.266], "texture": "#0"},
				"west": {"uv": [7, 2, 9.244, 4.266], "texture": "#0"},
				"up": {"uv": [7, 2, 9.244, 4.266], "rotation": 90, "texture": "#0"},
				"down": {"uv": [7, 2, 9.244, 4.266], "rotation": 270, "texture": "#0"}
			}
		},
		{
			"from": [7.06038, 8.55547, 27.79623],
			"to": [7.27547, 8.77057, 29.6717],
			"rotation": {"angle": 0, "axis": "x", "origin": [7.59057, 8.95887, 15.12491]},
			"faces": {
				"north": {"uv": [7, 2, 9.244, 4.266], "texture": "#0"},
				"east": {"uv": [7, 2, 9.244, 4.266], "texture": "#0"},
				"south": {"uv": [7, 2, 9.244, 4.266], "texture": "#0"},
				"west": {"uv": [7, 2, 9.244, 4.266], "texture": "#0"},
				"up": {"uv": [7, 2, 9.244, 4.266], "rotation": 90, "texture": "#0"},
				"down": {"uv": [7, 2, 9.244, 4.266], "rotation": 270, "texture": "#0"}
			}
		},
		{
			"from": [7.90566, 8.55547, 27.79623],
			"to": [8.12075, 8.77057, 29.6717],
			"rotation": {"angle": 0, "axis": "x", "origin": [7.59057, 8.95887, 15.12491]},
			"faces": {
				"north": {"uv": [7, 2, 9.244, 4.266], "texture": "#0"},
				"east": {"uv": [7, 2, 9.244, 4.266], "texture": "#0"},
				"south": {"uv": [7, 2, 9.244, 4.266], "texture": "#0"},
				"west": {"uv": [7, 2, 9.244, 4.266], "texture": "#0"},
				"up": {"uv": [7, 2, 9.244, 4.266], "rotation": 90, "texture": "#0"},
				"down": {"uv": [7, 2, 9.244, 4.266], "rotation": 270, "texture": "#0"}
			}
		},
		{
			"from": [7.06038, 8.37434, 27.79623],
			"to": [7.27547, 8.58943, 29.49057],
			"rotation": {"angle": 0, "axis": "x", "origin": [7.59057, 8.95887, 15.12491]},
			"faces": {
				"north": {"uv": [7, 2, 9.244, 4.266], "texture": "#0"},
				"east": {"uv": [7, 2, 9.244, 4.266], "texture": "#0"},
				"south": {"uv": [7, 2, 9.244, 4.266], "texture": "#0"},
				"west": {"uv": [7, 2, 9.244, 4.266], "texture": "#0"},
				"up": {"uv": [7, 2, 9.244, 4.266], "rotation": 90, "texture": "#0"},
				"down": {"uv": [7, 2, 9.244, 4.266], "rotation": 270, "texture": "#0"}
			}
		},
		{
			"from": [7.90566, 8.37434, 27.79623],
			"to": [8.12075, 8.58943, 29.49057],
			"rotation": {"angle": 0, "axis": "x", "origin": [7.59057, 8.95887, 15.12491]},
			"faces": {
				"north": {"uv": [7, 2, 9.244, 4.266], "texture": "#0"},
				"east": {"uv": [7, 2, 9.244, 4.266], "texture": "#0"},
				"south": {"uv": [7, 2, 9.244, 4.266], "texture": "#0"},
				"west": {"uv": [7, 2, 9.244, 4.266], "texture": "#0"},
				"up": {"uv": [7, 2, 9.244, 4.266], "rotation": 90, "texture": "#0"},
				"down": {"uv": [7, 2, 9.244, 4.266], "rotation": 270, "texture": "#0"}
			}
		},
		{
			"from": [7.06038, 8.25358, 27.79623],
			"to": [7.27547, 8.46868, 29.30943],
			"rotation": {"angle": 0, "axis": "x", "origin": [7.59057, 8.95887, 15.12491]},
			"faces": {
				"north": {"uv": [7, 2, 9.244, 4.266], "texture": "#0"},
				"east": {"uv": [7, 2, 9.244, 4.266], "texture": "#0"},
				"south": {"uv": [7, 2, 9.244, 4.266], "texture": "#0"},
				"west": {"uv": [7, 2, 9.244, 4.266], "texture": "#0"},
				"up": {"uv": [7, 2, 9.244, 4.266], "rotation": 90, "texture": "#0"},
				"down": {"uv": [7, 2, 9.244, 4.266], "rotation": 270, "texture": "#0"}
			}
		},
		{
			"from": [7.90566, 8.25358, 27.79623],
			"to": [8.12075, 8.46868, 29.30943],
			"rotation": {"angle": 0, "axis": "x", "origin": [7.59057, 8.95887, 15.12491]},
			"faces": {
				"north": {"uv": [7, 2, 9.244, 4.266], "texture": "#0"},
				"east": {"uv": [7, 2, 9.244, 4.266], "texture": "#0"},
				"south": {"uv": [7, 2, 9.244, 4.266], "texture": "#0"},
				"west": {"uv": [7, 2, 9.244, 4.266], "texture": "#0"},
				"up": {"uv": [7, 2, 9.244, 4.266], "rotation": 90, "texture": "#0"},
				"down": {"uv": [7, 2, 9.244, 4.266], "rotation": 270, "texture": "#0"}
			}
		},
		{
			"from": [7.90566, 8.01208, 19.70566],
			"to": [8.12075, 9.13283, 21.09811],
			"rotation": {"angle": 0, "axis": "x", "origin": [7.59057, 8.95887, 15.12491]},
			"faces": {
				"north": {"uv": [7, 2, 9.244, 4.266], "texture": "#0"},
				"east": {"uv": [7, 2, 9.244, 4.266], "texture": "#0"},
				"south": {"uv": [7, 2, 9.244, 4.266], "texture": "#0"},
				"west": {"uv": [7, 2, 9.244, 4.266], "texture": "#0"},
				"up": {"uv": [7, 2, 9.244, 4.266], "rotation": 90, "texture": "#0"},
				"down": {"uv": [7, 2, 9.244, 4.266], "rotation": 270, "texture": "#0"}
			}
		},
		{
			"from": [7.90566, 8.01208, 22.42264],
			"to": [8.12075, 9.13283, 23.81509],
			"rotation": {"angle": 0, "axis": "x", "origin": [7.59057, 8.95887, 15.12491]},
			"faces": {
				"north": {"uv": [7, 2, 9.244, 4.266], "texture": "#0"},
				"east": {"uv": [7, 2, 9.244, 4.266], "texture": "#0"},
				"south": {"uv": [7, 2, 9.244, 4.266], "texture": "#0"},
				"west": {"uv": [7, 2, 9.244, 4.266], "texture": "#0"},
				"up": {"uv": [7, 2, 9.244, 4.266], "rotation": 90, "texture": "#0"},
				"down": {"uv": [7, 2, 9.244, 4.266], "rotation": 270, "texture": "#0"}
			}
		},
		{
			"from": [7.90566, 8.01208, 25.13962],
			"to": [8.12075, 9.13283, 26.53208],
			"rotation": {"angle": 0, "axis": "x", "origin": [7.59057, 8.95887, 15.12491]},
			"faces": {
				"north": {"uv": [7, 2, 9.244, 4.266], "texture": "#0"},
				"east": {"uv": [7, 2, 9.244, 4.266], "texture": "#0"},
				"south": {"uv": [7, 2, 9.244, 4.266], "texture": "#0"},
				"west": {"uv": [7, 2, 9.244, 4.266], "texture": "#0"},
				"up": {"uv": [7, 2, 9.244, 4.266], "rotation": 90, "texture": "#0"},
				"down": {"uv": [7, 2, 9.244, 4.266], "rotation": 270, "texture": "#0"}
			}
		},
		{
			"from": [7.90566, 8.01208, 27.79623],
			"to": [8.12075, 9.13283, 29.18868],
			"rotation": {"angle": 0, "axis": "x", "origin": [7.59057, 8.95887, 15.12491]},
			"faces": {
				"north": {"uv": [7, 2, 9.244, 4.266], "texture": "#0"},
				"east": {"uv": [7, 2, 9.244, 4.266], "texture": "#0"},
				"south": {"uv": [7, 2, 9.244, 4.266], "texture": "#0"},
				"west": {"uv": [7, 2, 9.244, 4.266], "texture": "#0"},
				"up": {"uv": [7, 2, 9.244, 4.266], "rotation": 90, "texture": "#0"},
				"down": {"uv": [7, 2, 9.244, 4.266], "rotation": 270, "texture": "#0"}
			}
		},
		{
			"from": [7.2717, 9.0083, 19.70566],
			"to": [7.90943, 9.40453, 21.09811],
			"rotation": {"angle": 0, "axis": "x", "origin": [7.28868, 8.57245, 23.8434]},
			"faces": {
				"north": {"uv": [7, 2, 9.244, 4.266], "texture": "#0"},
				"east": {"uv": [7, 2, 9.244, 4.266], "texture": "#0"},
				"south": {"uv": [7, 2, 9.244, 4.266], "texture": "#0"},
				"west": {"uv": [7, 2, 9.244, 4.266], "texture": "#0"},
				"up": {"uv": [7, 2, 9.244, 4.266], "rotation": 90, "texture": "#0"},
				"down": {"uv": [7, 2, 9.244, 4.266], "rotation": 270, "texture": "#0"}
			}
		},
		{
			"from": [7.2717, 9.0083, 22.42264],
			"to": [7.90943, 9.40453, 23.81509],
			"rotation": {"angle": 0, "axis": "x", "origin": [7.28868, 8.57245, 23.8434]},
			"faces": {
				"north": {"uv": [7, 2, 9.244, 4.266], "texture": "#0"},
				"east": {"uv": [7, 2, 9.244, 4.266], "texture": "#0"},
				"south": {"uv": [7, 2, 9.244, 4.266], "texture": "#0"},
				"west": {"uv": [7, 2, 9.244, 4.266], "texture": "#0"},
				"up": {"uv": [7, 2, 9.244, 4.266], "rotation": 90, "texture": "#0"},
				"down": {"uv": [7, 2, 9.244, 4.266], "rotation": 270, "texture": "#0"}
			}
		},
		{
			"from": [7.2717, 9.0083, 25.13962],
			"to": [7.90943, 9.40453, 26.53208],
			"rotation": {"angle": 0, "axis": "x", "origin": [7.28868, 8.57245, 23.8434]},
			"faces": {
				"north": {"uv": [7, 2, 9.244, 4.266], "texture": "#0"},
				"east": {"uv": [7, 2, 9.244, 4.266], "texture": "#0"},
				"south": {"uv": [7, 2, 9.244, 4.266], "texture": "#0"},
				"west": {"uv": [7, 2, 9.244, 4.266], "texture": "#0"},
				"up": {"uv": [7, 2, 9.244, 4.266], "rotation": 90, "texture": "#0"},
				"down": {"uv": [7, 2, 9.244, 4.266], "rotation": 270, "texture": "#0"}
			}
		},
		{
			"from": [7.2717, 9.0083, 27.79623],
			"to": [7.90943, 9.40453, 30.15472],
			"rotation": {"angle": 0, "axis": "x", "origin": [7.28868, 8.57245, 23.8434]},
			"faces": {
				"north": {"uv": [7, 2, 9.244, 4.266], "texture": "#0"},
				"east": {"uv": [7, 2, 9.244, 4.266], "texture": "#0"},
				"south": {"uv": [7, 2, 9.244, 4.266], "texture": "#0"},
				"west": {"uv": [7, 2, 9.244, 4.266], "texture": "#0"},
				"up": {"uv": [7, 2, 9.244, 4.266], "rotation": 90, "texture": "#0"},
				"down": {"uv": [7, 2, 9.244, 4.266], "rotation": 270, "texture": "#0"}
			}
		},
		{
			"from": [7.2717, 7.80075, 19.70566],
			"to": [7.90943, 8.19698, 21.09811],
			"rotation": {"angle": 0, "axis": "x", "origin": [7.28868, 8.57245, 23.8434]},
			"faces": {
				"north": {"uv": [7, 2, 9.244, 4.266], "texture": "#0"},
				"east": {"uv": [7, 2, 9.244, 4.266], "texture": "#0"},
				"south": {"uv": [7, 2, 9.244, 4.266], "texture": "#0"},
				"west": {"uv": [7, 2, 9.244, 4.266], "texture": "#0"},
				"up": {"uv": [7, 2, 9.244, 4.266], "rotation": 90, "texture": "#0"},
				"down": {"uv": [7, 2, 9.244, 4.266], "rotation": 270, "texture": "#0"}
			}
		},
		{
			"from": [7.2717, 7.80075, 22.42264],
			"to": [7.90943, 8.19698, 23.81509],
			"rotation": {"angle": 0, "axis": "x", "origin": [7.28868, 8.57245, 23.8434]},
			"faces": {
				"north": {"uv": [7, 2, 9.244, 4.266], "texture": "#0"},
				"east": {"uv": [7, 2, 9.244, 4.266], "texture": "#0"},
				"south": {"uv": [7, 2, 9.244, 4.266], "texture": "#0"},
				"west": {"uv": [7, 2, 9.244, 4.266], "texture": "#0"},
				"up": {"uv": [7, 2, 9.244, 4.266], "rotation": 90, "texture": "#0"},
				"down": {"uv": [7, 2, 9.244, 4.266], "rotation": 270, "texture": "#0"}
			}
		},
		{
			"from": [7.2717, 7.80075, 25.13962],
			"to": [7.90943, 8.19698, 26.53208],
			"rotation": {"angle": 0, "axis": "x", "origin": [7.28868, 8.57245, 23.8434]},
			"faces": {
				"north": {"uv": [7, 2, 9.244, 4.266], "texture": "#0"},
				"east": {"uv": [7, 2, 9.244, 4.266], "texture": "#0"},
				"south": {"uv": [7, 2, 9.244, 4.266], "texture": "#0"},
				"west": {"uv": [7, 2, 9.244, 4.266], "texture": "#0"},
				"up": {"uv": [7, 2, 9.244, 4.266], "rotation": 90, "texture": "#0"},
				"down": {"uv": [7, 2, 9.244, 4.266], "rotation": 270, "texture": "#0"}
			}
		},
		{
			"from": [7.2717, 7.80075, 27.79623],
			"to": [7.90943, 8.19698, 29.18868],
			"rotation": {"angle": 0, "axis": "x", "origin": [7.28868, 8.57245, 23.8434]},
			"faces": {
				"north": {"uv": [7, 2, 9.244, 4.266], "texture": "#0"},
				"east": {"uv": [7, 2, 9.244, 4.266], "texture": "#0"},
				"south": {"uv": [7, 2, 9.244, 4.266], "texture": "#0"},
				"west": {"uv": [7, 2, 9.244, 4.266], "texture": "#0"},
				"up": {"uv": [7, 2, 9.244, 4.266], "rotation": 90, "texture": "#0"},
				"down": {"uv": [7, 2, 9.244, 4.266], "rotation": 270, "texture": "#0"}
			}
		},
		{
			"from": [7.31038, 7.71019, 12.46038],
			"to": [7.87075, 8.77057, 18.50189],
			"rotation": {"angle": 0, "axis": "x", "origin": [7.59057, 8.95887, 15.12491]},
			"faces": {
				"north": {"uv": [7, 2, 9.244, 4.266], "texture": "#0"},
				"east": {"uv": [7, 2, 9.244, 4.266], "texture": "#0"},
				"south": {"uv": [7, 2, 9.244, 4.266], "texture": "#0"},
				"west": {"uv": [7, 2, 9.244, 4.266], "texture": "#0"},
				"up": {"uv": [7, 2, 9.244, 4.266], "rotation": 90, "texture": "#0"},
				"down": {"uv": [7, 2, 9.244, 4.266], "rotation": 270, "texture": "#0"}
			}
		},
		{
			"from": [6.51785, 8.30389, 7.38868],
			"to": [6.79332, 8.68313, 18.50189],
			"rotation": {"angle": 45, "axis": "z", "origin": [7.59057, 8.95887, 15.12491]},
			"faces": {
				"north": {"uv": [7, 2, 9.244, 4.266], "texture": "#0"},
				"east": {"uv": [7, 2, 9.244, 4.266], "texture": "#0"},
				"south": {"uv": [7, 2, 9.244, 4.266], "texture": "#0"},
				"west": {"uv": [7, 2, 9.244, 4.266], "texture": "#0"},
				"up": {"uv": [7, 2, 9.244, 4.266], "rotation": 90, "texture": "#0"},
				"down": {"uv": [7, 2, 9.244, 4.266], "rotation": 270, "texture": "#0"}
			}
		}
	],
	"display": {
		"thirdperson_righthand": {
			"rotation": [0, -178.25, 0],
			"translation": [0, 1.5, 0],
			"scale": [0.54102, 0.54102, 0.54102]
		},
		"thirdperson_lefthand": {
			"rotation": [2.25, -183.25, 352.75],
			"translation": [0, -5.25, 8.75],
			"scale": [0.54102, 0.54102, 0.54102]
		},
		"firstperson_righthand": {
			"rotation": [-26, -152, -16],
			"translation": [-9.5, 2.5, 0]
		},
		"firstperson_lefthand": {
			"translation": [0, -0.5, 3],
			"scale": [0, 0, 0]
		},
		"ground": {
			"rotation": [-0.75, 6, 97.5],
			"scale": [0.53125, 0.53125, 0.53125]
		},
		"gui": {
			"rotation": [0, -90, 0],
			"translation": [3.5, 0, 0],
			"scale": [0.54688, 0.54688, 0.54688]
		},
		"head": {
			"scale": [0, 0, 0]
		},
		"fixed": {
			"rotation": [0, -85.25, 0],
			"translation": [2.25, 0, -1.5],
			"scale": [0.86328, 0.86328, 0.86328]
		}
	},
	"groups": [
		{
			"name": "group",
			"origin": [8, 8, 8],
			"color": 0,
			"children": [
				{
					"name": "group",
					"origin": [8, 8, 8],
					"color": 0,
					"children": [0, 1, 2, 3, 4, 5, 6, 7, 8, 9, 10, 11, 12, 13, 14, 15, 16, 17, 18, 19, 20, 21, 22, 23, 24, 25]
				},
				{
					"name": "group",
					"origin": [8, 8, 8],
					"color": 0,
					"children": [26, 27, 28, 29, 30, 31, 32, 33, 34, 35, 36, 37, 38, 39, 40, 41]
				},
				{
					"name": "group",
					"origin": [8, 8, 8],
					"color": 0,
					"children": [
						42,
						43,
						44,
						45,
						46,
						47,
						48,
						49,
						50,
						51,
						52,
						53,
						54,
						{
							"name": "group",
							"origin": [10.85472, 9.22453, 8.31887],
							"color": 0,
							"children": [55, 56, 57, 58, 59]
						},
						{
							"name": "group",
							"origin": [10.85472, 9.22453, 8.31887],
							"color": 0,
							"children": [60, 61, 62, 63]
						},
						{
							"name": "group",
							"origin": [10.85472, 9.22453, 8.31887],
							"color": 0,
							"children": [64, 65, 66, 67]
						},
						{
							"name": "hexadecagon",
							"origin": [8, 8, 8],
							"color": 0,
							"children": [68, 69, 70, 71, 72, 73, 74, 75]
						},
						{
							"name": "group",
							"origin": [10.85472, 9.22453, 8.31887],
							"color": 0,
							"children": [76, 77, 78, 79, 80, 81, 82, 83, 84, 85, 86, 87, 88, 89, 90, 91, 92, 93, 94, 95, 96, 97, 98, 99, 100, 101, 102, 103, 104, 105, 106, 107, 108, 109]
						}
					]
				}
			]
		}
	]
}