{
	"credit": "Made with Blockbench",
	"parent": "minecraft:item/handheld",
	"textures": {
		"layer0": "item/ancient_claymore"
	},
	"display": {
		"thirdperson_righthand": {
			"rotation": [-42, -90, 180],
			"translation": [0, 6, 2.75],
			"scale": [1.4, 1.4, 1.4]
		},
		"thirdperson_lefthand": {
			"rotation": [65, -180, 0],
			"translation": [-6, -7.25, 7.25],
			"scale": [1.4, 1.4, 1.4]
		},
		"firstperson_righthand": {
			"rotation": [-180, -90, 65],
			"translation": [2.5, 1, -5.25],
			"scale": [1.4, 1.4, 1]
		},
		"firstperson_lefthand": {
			"rotation": [7, 90, 112],
			"translation": [2.5, 1.75, -5.25],
			"scale": [1.4, 1.4, 1.4]
		},
		"gui": {
			"rotation": [180, 0, 0]
		}
	}
}