{
	"credit": "Made with Blockbench",
	"parent": "minecraft:item/handheld",
	"textures": {
		"layer0": "item/crystal_bow"
	},
	"display": {
		"thirdperson_righthand": {
			"rotation": [0, 96, -40],
			"translation": [0, -1.75, 0.75]
		},
		"thirdperson_lefthand": {
			"rotation": [0, 96, -140],
			"translation": [0, -1.75, 0.75]
		},
		"firstperson_righthand": {
			"rotation": [0, 96, 0],
			"translation": [-0.25, 1, -0.25]
		},
		"firstperson_lefthand": {
			"rotation": [0, -96, 0],
			"translation": [-0.25, 1, -0.25]
		},
		"gui": {
			"rotation": [0, 0, 85],
			"translation": [0.75, -0.75, 0]
		},
		"fixed": {
			"translation": [-1.25, -0.75, 0]
		}
	}
}