{
	"credit": "Made with Blockbench",
	"parent": "minecraft:item/handheld",
	"textures": {
		"layer0": "item/flash_dagger"
	},
	"display": {
		"thirdperson_righthand": {
			"rotation": [140, -90, 0],
			"translation": [0, -8.75, 0.75],
			"scale": [0.8, 0.8, 0.8]
		},
		"thirdperson_lefthand": {
			"rotation": [-140, -90, 0],
			"translation": [0, -8.75, 0.75],
			"scale": [0.8, 0.8, 0.8]
		},
		"firstperson_righthand": {
			"rotation": [0, -90, -116],
			"translation": [2.5, -0.5, -5.25]
		},
		"firstperson_lefthand": {
			"rotation": [0, 90, 116],
			"translation": [2.5, -0.5, -5.25]
		},
		"gui": {
			"rotation": [180, -4, 180],
			"translation": [-1.75, 1.5, 0]
		}
	}
}