{
	"credit": "Made with Blockbench",
	"parent": "minecraft:item/handheld",
	"textures": {
		"layer0": "item/red_blade"
	},
	"display": {
		"thirdperson_righthand": {
			"rotation": [-45, -90, 180],
			"translation": [0, 5.75, 2]
		},
		"thirdperson_lefthand": {
			"rotation": [65, -180, 6],
			"translation": [-6, -7.25, 7.25]
		},
		"firstperson_righthand": {
			"rotation": [0, -90, -120],
			"translation": [2.5, 4.75, -5.25]
		},
		"firstperson_lefthand": {
			"rotation": [0, 90, 120],
			"translation": [2.5, 5.75, -5.25]
		},
		"gui": {
			"rotation": [0, 180, -180]
		}
	}
}