{
	"credit": "Made with Blockbench",
	"parent": "minecraft:item/handheld",
	"textures": {
		"layer0": "item/big_large_sword"
	},
	"display": {
		"thirdperson_righthand": {
			"rotation": [-45, -90, 0],
			"translation": [0, 9.25, 1.5],
			"scale": [1.2, 1.2, 1.2]
		},
		"thirdperson_lefthand": {
			"rotation": [76, 180, -180],
			"translation": [-4.75, -6.25, 7.25],
			"scale": [1.2, 1.2, 1.2]
		},
		"firstperson_righthand": {
			"rotation": [0, -90, 65],
			"translation": [2.5, 4.75, -5.25]
		},
		"firstperson_lefthand": {
			"rotation": [0, 90, -65],
			"translation": [2.5, 5.75, -5.25]
		},
		"gui": {
			"rotation": [0, 180, 0]
		}
	}
}