{
	"credit": "Made with Blockbench",
	"textures": {
		"0": "item/brass_hatchet",
		"particle": "item/brass_hatchet"
	},
	"elements": [
		{
			"name": "brass hatchet_0",
			"from": [11, 9, 7.5],
			"to": [12, 16, 8.5],
			"faces": {
				"north": {"uv": [12, 0, 11, 7], "texture": "#0"},
				"east": {"uv": [11, 0, 12, 7], "texture": "#0"},
				"south": {"uv": [11, 0, 12, 7], "texture": "#0"},
				"west": {"uv": [11, 0, 12, 7], "texture": "#0"},
				"up": {"uv": [11, 0, 12, 1], "texture": "#0"},
				"down": {"uv": [11, 6, 12, 7], "texture": "#0"}
			}
		},
		{
			"name": "brass hatchet_1",
			"from": [10, 8, 7.5],
			"to": [11, 15, 8.5],
			"faces": {
				"north": {"uv": [11, 1, 10, 8], "texture": "#0"},
				"east": {"uv": [10, 1, 11, 8], "texture": "#0"},
				"south": {"uv": [10, 1, 11, 8], "texture": "#0"},
				"west": {"uv": [10, 1, 11, 8], "texture": "#0"},
				"up": {"uv": [10, 1, 11, 2], "texture": "#0"},
				"down": {"uv": [10, 7, 11, 8], "texture": "#0"}
			}
		},
		{
			"name": "brass hatchet_2",
			"from": [12, 10, 7.5],
			"to": [13, 15, 8.5],
			"faces": {
				"north": {"uv": [13, 1, 12, 6], "texture": "#0"},
				"east": {"uv": [12, 1, 13, 6], "texture": "#0"},
				"south": {"uv": [12, 1, 13, 6], "texture": "#0"},
				"west": {"uv": [12, 1, 13, 6], "texture": "#0"},
				"up": {"uv": [12, 1, 13, 2], "texture": "#0"},
				"down": {"uv": [12, 5, 13, 6], "texture": "#0"}
			}
		},
		{
			"name": "brass hatchet_3",
			"from": [9, 7, 7.5],
			"to": [10, 14, 8.5],
			"faces": {
				"north": {"uv": [10, 2, 9, 9], "texture": "#0"},
				"east": {"uv": [9, 2, 10, 9], "texture": "#0"},
				"south": {"uv": [9, 2, 10, 9], "texture": "#0"},
				"west": {"uv": [9, 2, 10, 9], "texture": "#0"},
				"up": {"uv": [9, 2, 10, 3], "texture": "#0"},
				"down": {"uv": [9, 8, 10, 9], "texture": "#0"}
			}
		},
		{
			"name": "brass hatchet_4",
			"from": [13, 11, 7.5],
			"to": [14, 14, 8.5],
			"faces": {
				"north": {"uv": [14, 2, 13, 5], "texture": "#0"},
				"east": {"uv": [13, 2, 14, 5], "texture": "#0"},
				"south": {"uv": [13, 2, 14, 5], "texture": "#0"},
				"west": {"uv": [13, 2, 14, 5], "texture": "#0"},
				"up": {"uv": [13, 2, 14, 3], "texture": "#0"},
				"down": {"uv": [13, 4, 14, 5], "texture": "#0"}
			}
		},
		{
			"name": "brass hatchet_5",
			"from": [8, 6, 7.5],
			"to": [9, 13, 8.5],
			"faces": {
				"north": {"uv": [9, 3, 8, 10], "texture": "#0"},
				"east": {"uv": [8, 3, 9, 10], "texture": "#0"},
				"south": {"uv": [8, 3, 9, 10], "texture": "#0"},
				"west": {"uv": [8, 3, 9, 10], "texture": "#0"},
				"up": {"uv": [8, 3, 9, 4], "texture": "#0"},
				"down": {"uv": [8, 9, 9, 10], "texture": "#0"}
			}
		},
		{
			"name": "brass hatchet_6",
			"from": [14, 12, 7.5],
			"to": [15, 13, 8.5],
			"faces": {
				"north": {"uv": [15, 3, 14, 4], "texture": "#0"},
				"east": {"uv": [14, 3, 15, 4], "texture": "#0"},
				"south": {"uv": [14, 3, 15, 4], "texture": "#0"},
				"west": {"uv": [14, 3, 15, 4], "texture": "#0"},
				"up": {"uv": [14, 3, 15, 4], "texture": "#0"},
				"down": {"uv": [14, 3, 15, 4], "texture": "#0"}
			}
		},
		{
			"name": "brass hatchet_7",
			"from": [7, 4, 7.5],
			"to": [8, 12, 8.5],
			"faces": {
				"north": {"uv": [8, 4, 7, 12], "texture": "#0"},
				"east": {"uv": [7, 4, 8, 12], "texture": "#0"},
				"south": {"uv": [7, 4, 8, 12], "texture": "#0"},
				"west": {"uv": [7, 4, 8, 12], "texture": "#0"},
				"up": {"uv": [7, 4, 8, 5], "texture": "#0"},
				"down": {"uv": [7, 11, 8, 12], "texture": "#0"}
			}
		},
		{
			"name": "brass hatchet_8",
			"from": [6, 3, 7.5],
			"to": [7, 10, 8.5],
			"faces": {
				"north": {"uv": [7, 6, 6, 13], "texture": "#0"},
				"east": {"uv": [6, 6, 7, 13], "texture": "#0"},
				"south": {"uv": [6, 6, 7, 13], "texture": "#0"},
				"west": {"uv": [6, 6, 7, 13], "texture": "#0"},
				"up": {"uv": [6, 6, 7, 7], "texture": "#0"},
				"down": {"uv": [6, 12, 7, 13], "texture": "#0"}
			}
		},
		{
			"name": "brass hatchet_9",
			"from": [5, 8, 7.5],
			"to": [6, 9, 8.5],
			"faces": {
				"north": {"uv": [6, 7, 5, 8], "texture": "#0"},
				"east": {"uv": [5, 7, 6, 8], "texture": "#0"},
				"south": {"uv": [5, 7, 6, 8], "texture": "#0"},
				"west": {"uv": [5, 7, 6, 8], "texture": "#0"},
				"up": {"uv": [5, 7, 6, 8], "texture": "#0"},
				"down": {"uv": [5, 7, 6, 8], "texture": "#0"}
			}
		},
		{
			"name": "brass hatchet_10",
			"from": [4, 5, 7.5],
			"to": [6, 6, 8.5],
			"faces": {
				"north": {"uv": [6, 10, 4, 11], "texture": "#0"},
				"east": {"uv": [5, 10, 6, 11], "texture": "#0"},
				"south": {"uv": [4, 10, 6, 11], "texture": "#0"},
				"west": {"uv": [4, 10, 5, 11], "texture": "#0"},
				"up": {"uv": [4, 10, 6, 11], "texture": "#0"},
				"down": {"uv": [4, 10, 6, 11], "texture": "#0"}
			}
		},
		{
			"name": "brass hatchet_11",
			"from": [3, 4, 7.5],
			"to": [4, 5, 8.5],
			"faces": {
				"north": {"uv": [4, 11, 3, 12], "texture": "#0"},
				"east": {"uv": [3, 11, 4, 12], "texture": "#0"},
				"south": {"uv": [3, 11, 4, 12], "texture": "#0"},
				"west": {"uv": [3, 11, 4, 12], "texture": "#0"},
				"up": {"uv": [3, 11, 4, 12], "texture": "#0"},
				"down": {"uv": [3, 11, 4, 12], "texture": "#0"}
			}
		},
		{
			"name": "brass hatchet_12",
			"from": [5, 2, 7.5],
			"to": [6, 5, 8.5],
			"faces": {
				"north": {"uv": [6, 11, 5, 14], "texture": "#0"},
				"east": {"uv": [5, 11, 6, 14], "texture": "#0"},
				"south": {"uv": [5, 11, 6, 14], "texture": "#0"},
				"west": {"uv": [5, 11, 6, 14], "texture": "#0"},
				"up": {"uv": [5, 11, 6, 12], "texture": "#0"},
				"down": {"uv": [5, 13, 6, 14], "texture": "#0"}
			}
		},
		{
			"name": "brass hatchet_13",
			"from": [2, 0, 7.5],
			"to": [3, 4, 8.5],
			"faces": {
				"north": {"uv": [3, 12, 2, 16], "texture": "#0"},
				"east": {"uv": [2, 12, 3, 16], "texture": "#0"},
				"south": {"uv": [2, 12, 3, 16], "texture": "#0"},
				"west": {"uv": [2, 12, 3, 16], "texture": "#0"},
				"up": {"uv": [2, 12, 3, 13], "texture": "#0"},
				"down": {"uv": [2, 15, 3, 16], "texture": "#0"}
			}
		},
		{
			"name": "brass hatchet_14",
			"from": [4, 1, 7.5],
			"to": [5, 4, 8.5],
			"faces": {
				"north": {"uv": [5, 12, 4, 15], "texture": "#0"},
				"east": {"uv": [4, 12, 5, 15], "texture": "#0"},
				"south": {"uv": [4, 12, 5, 15], "texture": "#0"},
				"west": {"uv": [4, 12, 5, 15], "texture": "#0"},
				"up": {"uv": [4, 12, 5, 13], "texture": "#0"},
				"down": {"uv": [4, 14, 5, 15], "texture": "#0"}
			}
		},
		{
			"name": "brass hatchet_15",
			"from": [3, 0, 7.5],
			"to": [4, 3, 8.5],
			"faces": {
				"north": {"uv": [4, 13, 3, 16], "texture": "#0"},
				"east": {"uv": [3, 13, 4, 16], "texture": "#0"},
				"south": {"uv": [3, 13, 4, 16], "texture": "#0"},
				"west": {"uv": [3, 13, 4, 16], "texture": "#0"},
				"up": {"uv": [3, 13, 4, 14], "texture": "#0"},
				"down": {"uv": [3, 15, 4, 16], "texture": "#0"}
			}
		},
		{
			"name": "brass hatchet_16",
			"from": [1, 0, 7.5],
			"to": [2, 2, 8.5],
			"faces": {
				"north": {"uv": [2, 14, 1, 16], "texture": "#0"},
				"east": {"uv": [1, 14, 2, 16], "texture": "#0"},
				"south": {"uv": [1, 14, 2, 16], "texture": "#0"},
				"west": {"uv": [1, 14, 2, 16], "texture": "#0"},
				"up": {"uv": [1, 14, 2, 15], "texture": "#0"},
				"down": {"uv": [1, 15, 2, 16], "texture": "#0"}
			}
		}
	],
	"gui_light": "front",
	"display": {
		"thirdperson_righthand": {
			"rotation": [0, -90, 55],
			"translation": [0, 6.5, -1.5],
			"scale": [1.6, 1.6, 1.6]
		},
		"thirdperson_lefthand": {
			"rotation": [-55, 90, 0],
			"translation": [0, 6.5, -1.5],
			"scale": [1.6, 1.6, 1.6]
		},
		"firstperson_righthand": {
			"rotation": [-60.5, -90, 0],
			"translation": [2.13, 3.2, -1.87],
			"scale": [1.6, 1.6, 1.6]
		},
		"firstperson_lefthand": {
			"rotation": [-60.5, 90, 0],
			"translation": [2.13, 3.2, -1.87],
			"scale": [1.6, 1.6, 1.6]
		},
		"ground": {
			"scale": [1.2, 1.2, 1.2]
		},
		"gui": {
			"rotation": [-5, 180, 0],
			"translation": [-0.25, 0.5, 0]
		},
		"fixed": {
			"scale": [2, 2, 2]
		}
	},
	"groups": [
		{
			"name": "brass hatchet",
			"origin": [8, 8, 8],
			"color": 0,
			"nbt": "{}",
			"children": [0, 1, 2, 3, 4, 5, 6, 7, 8, 9, 10, 11, 12, 13, 14, 15, 16]
		}
	]
}