{
	"credit": "Made with Blockbench",
	"parent": "minecraft:item/handheld",
	"textures": {
		"layer0": "item/mechanism_cane"
	},
	"display": {
		"thirdperson_righthand": {
			"rotation": [45, -90, 0],
			"translation": [0, -4.75, 1]
		},
		"thirdperson_lefthand": {
			"rotation": [45, 90, 0],
			"translation": [0, -4.75, 1]
		},
		"firstperson_righthand": {
			"rotation": [0, -90, 0],
			"translation": [1.5, -0.75, 0]
		},
		"firstperson_lefthand": {
			"rotation": [0, 90, 0],
			"translation": [1.5, -0.75, 0]
		}
	}
}