{
    "parent": "item/3dmodel/weapon/wingman/standby",
	"textures": {
		"1": "item/custom_item/wingman/aim"
				},
        "display": {
			"thirdperson_righthand": {
				"rotation": [25, -12, 0],
				"translation": [0, -1.5, 2.25],
				"scale": [0.75, 0.75, 0.75]
			},
			"thirdperson_lefthand": {
				"rotation": [25, -12, 0],
				"translation": [0, -1.5, 2.25],
				"scale": [0.75, 0.75, 0.75]
			},
			"firstperson_righthand": {
				"rotation": [0, -10, 0],
				"translation": [0.85, 10.9, 2.5],
				"scale": [0.85, 0.85, 0.85]
			},
			"firstperson_lefthand": {
				"rotation": [0, -10, 0],
				"translation": [0.85, 10.9, 2.5],
				"scale": [0.85, 0.85, 0.85]
			}
    }
}