{
	"credit": "Made with Blockbench",
	"texture_size": [32, 32],
	"textures": {
		"1": "item/custom_item/transparent",
		"2": "item/custom_item/wingman/standby",
		"particle": "item/custom_item/wingman/standby"
	},
	"elements": [
		{
			"from": [7, 7, -7],
			"to": [9, 8, -1],
			"rotation": {"angle": 0, "axis": "y", "origin": [7.99996, 10.67965, 2.21364]},
			"faces": {
				"north": {"uv": [14.5, 5.5, 15.5, 6], "texture": "#2"},
				"east": {"uv": [12, 7, 15, 7.5], "texture": "#2"},
				"south": {"uv": [6, 14.5, 7, 15], "texture": "#2"},
				"west": {"uv": [13, 0, 16, 0.5], "texture": "#2"},
				"up": {"uv": [11, 11.5, 10, 8.5], "texture": "#2"},
				"down": {"uv": [5, 10.5, 4, 13.5], "texture": "#2"}
			}
		},
		{
			"from": [7, 8, -1],
			"to": [9, 9, 2],
			"rotation": {"angle": 0, "axis": "y", "origin": [7.99996, 10.67965, 2.21364]},
			"faces": {
				"north": {"uv": [3, 6, 4, 6.5], "texture": "#2"},
				"east": {"uv": [13.5, 2, 15, 2.5], "texture": "#2"},
				"south": {"uv": [13.5, 11, 14.5, 11.5], "texture": "#2"},
				"west": {"uv": [13.5, 5, 15, 5.5], "texture": "#2"},
				"up": {"uv": [10, 13, 9, 11.5], "texture": "#2"},
				"down": {"uv": [11, 11.5, 10, 13], "texture": "#2"}
			}
		},
		{
			"from": [7, 9, -7],
			"to": [9, 10, 2],
			"rotation": {"angle": 0, "axis": "y", "origin": [7.99996, 10.67965, 2.21364]},
			"faces": {
				"north": {"uv": [14.5, 11, 15.5, 11.5], "texture": "#2"},
				"east": {"uv": [9, 5, 13.5, 5.5], "texture": "#2"},
				"south": {"uv": [12, 14.5, 13, 15], "texture": "#2"},
				"west": {"uv": [9, 6.5, 13.5, 7], "texture": "#2"},
				"up": {"uv": [8, 12, 7, 7.5], "texture": "#2"},
				"down": {"uv": [9, 1, 8, 5.5], "texture": "#2"}
			}
		},
		{
			"from": [7, 14, 3],
			"to": [9, 15, 7],
			"rotation": {"angle": 0, "axis": "y", "origin": [7.99996, 10.67965, 2.21364]},
			"faces": {
				"north": {"uv": [11, 14, 12, 14.5], "texture": "#2"},
				"east": {"uv": [13, 0.5, 15, 1], "texture": "#2"},
				"south": {"uv": [14, 11.5, 15, 12], "texture": "#2"},
				"west": {"uv": [11, 13, 13, 13.5], "texture": "#2"},
				"up": {"uv": [12, 11.5, 11, 9.5], "texture": "#2"},
				"down": {"uv": [9, 11.5, 8, 13.5], "texture": "#2"}
			}
		},
		{
			"from": [7, 15, -8],
			"to": [9, 16, 3],
			"rotation": {"angle": 0, "axis": "y", "origin": [7.99996, 10.67965, 2.21364]},
			"faces": {
				"north": {"uv": [14.5, 9, 15.5, 9.5], "texture": "#2"},
				"east": {"uv": [9, 4, 14.5, 4.5], "texture": "#2"},
				"south": {"uv": [11, 14.5, 12, 15], "texture": "#2"},
				"west": {"uv": [9, 4.5, 14.5, 5], "texture": "#2"},
				"up": {"uv": [8, 6.5, 7, 1], "texture": "#2"},
				"down": {"uv": [4, 7.5, 3, 13], "texture": "#2"}
			}
		},
		{
			"from": [6, 11, -6],
			"to": [10, 13, 6],
			"rotation": {"angle": 0, "axis": "y", "origin": [7.99996, 10.67965, 2.21364]},
			"faces": {
				"north": {"uv": [11, 2.5, 13, 3.5], "texture": "#2"},
				"east": {"uv": [3, 6.5, 9, 7.5], "texture": "#2"},
				"south": {"uv": [11, 8.5, 13, 9.5], "texture": "#2"},
				"west": {"uv": [7, 0, 13, 1], "texture": "#2"},
				"up": {"uv": [2, 6, 0, 0], "texture": "#2"},
				"down": {"uv": [4, 0, 2, 6], "texture": "#2"}
			}
		},
		{
			"from": [6.5, 13, -8],
			"to": [9.5, 14, 5],
			"rotation": {"angle": 0, "axis": "y", "origin": [7.99996, 10.67965, 2.21364]},
			"faces": {
				"north": {"uv": [13.5, 9.5, 15, 10], "texture": "#2"},
				"east": {"uv": [8, 5.5, 14.5, 6], "texture": "#2"},
				"south": {"uv": [13.5, 10, 15, 10.5], "texture": "#2"},
				"west": {"uv": [8, 6, 14.5, 6.5], "texture": "#2"},
				"up": {"uv": [5.5, 6.5, 4, 0], "texture": "#2"},
				"down": {"uv": [7, 0, 5.5, 6.5], "texture": "#2"}
			}
		},
		{
			"from": [6.5, 10, -8],
			"to": [9.5, 11, 5],
			"rotation": {"angle": 0, "axis": "y", "origin": [7.99996, 10.67965, 2.21364]},
			"faces": {
				"north": {"uv": [13.5, 10.5, 15, 11], "texture": "#2"},
				"east": {"uv": [8, 7.5, 14.5, 8], "texture": "#2"},
				"south": {"uv": [11, 13.5, 12.5, 14], "texture": "#2"},
				"west": {"uv": [8, 8, 14.5, 8.5], "texture": "#2"},
				"up": {"uv": [1.5, 12.5, 0, 6], "texture": "#2"},
				"down": {"uv": [3, 6, 1.5, 12.5], "texture": "#2"}
			}
		},
		{
			"from": [9, 11, -8],
			"to": [10, 13, -7],
			"rotation": {"angle": 0, "axis": "y", "origin": [7.99996, 10.67965, 2.21364]},
			"faces": {
				"north": {"uv": [9, 14, 9.5, 15], "texture": "#2"},
				"east": {"uv": [9.5, 14, 10, 15], "texture": "#2"},
				"south": {"uv": [10, 14, 10.5, 15], "texture": "#2"},
				"west": {"uv": [10.5, 14, 11, 15], "texture": "#2"},
				"up": {"uv": [15, 14.5, 14.5, 14], "texture": "#2"},
				"down": {"uv": [15, 14.5, 14.5, 15], "texture": "#2"}
			}
		},
		{
			"from": [6, 11, -8],
			"to": [7, 13, -7],
			"rotation": {"angle": 0, "axis": "y", "origin": [7.99996, 10.67965, 2.21364]},
			"faces": {
				"north": {"uv": [14.5, 4, 15, 5], "texture": "#2"},
				"east": {"uv": [4.5, 14.5, 5, 15.5], "texture": "#2"},
				"south": {"uv": [5, 14.5, 5.5, 15.5], "texture": "#2"},
				"west": {"uv": [5.5, 14.5, 6, 15.5], "texture": "#2"},
				"up": {"uv": [1.5, 15.5, 1, 15], "texture": "#2"},
				"down": {"uv": [2, 15, 1.5, 15.5], "texture": "#2"}
			}
		},
		{
			"from": [7, 8, -8],
			"to": [9, 9, -7],
			"rotation": {"angle": 0, "axis": "y", "origin": [7.99996, 10.67965, 2.21364]},
			"faces": {
				"north": {"uv": [12, 14, 13, 14.5], "texture": "#2"},
				"east": {"uv": [0.5, 15, 1, 15.5], "texture": "#2"},
				"south": {"uv": [14, 12, 15, 12.5], "texture": "#2"},
				"west": {"uv": [15, 0.5, 15.5, 1], "texture": "#2"},
				"up": {"uv": [15, 13, 14, 12.5], "texture": "#2"},
				"down": {"uv": [14, 14, 13, 14.5], "texture": "#2"}
			}
		},
		{
			"from": [7.5, 8, -7],
			"to": [8.5, 9, -5],
			"rotation": {"angle": 0, "axis": "y", "origin": [7.99996, 10.67965, 2.21364]},
			"faces": {
				"north": {"uv": [12, 14, 13, 14.5], "texture": "#2"},
				"east": {"uv": [0.5, 15, 1, 15.5], "texture": "#2"},
				"south": {"uv": [14, 12, 15, 12.5], "texture": "#2"},
				"west": {"uv": [15, 0.5, 15.5, 1], "texture": "#2"},
				"up": {"uv": [15, 13, 14, 12.5], "texture": "#2"},
				"down": {"uv": [14, 14, 13, 14.5], "texture": "#2"}
			}
		},
		{
			"from": [7.5, 14, -7],
			"to": [8.5, 15, -5],
			"rotation": {"angle": 0, "axis": "y", "origin": [7.99996, 10.67965, 2.21364]},
			"faces": {
				"north": {"uv": [12, 14, 13, 14.5], "texture": "#2"},
				"east": {"uv": [0.5, 15, 1, 15.5], "texture": "#2"},
				"south": {"uv": [14, 12, 15, 12.5], "texture": "#2"},
				"west": {"uv": [15, 0.5, 15.5, 1], "texture": "#2"},
				"up": {"uv": [15, 13, 14, 12.5], "texture": "#2"},
				"down": {"uv": [14, 14, 13, 14.5], "texture": "#2"}
			}
		},
		{
			"from": [7, 10, 5],
			"to": [9.0004, 11, 11],
			"rotation": {"angle": 0, "axis": "y", "origin": [7.99996, 10.67965, 2.21364]},
			"faces": {
				"north": {"uv": [12.5, 13.5, 13.5, 14], "texture": "#2"},
				"east": {"uv": [9, 7, 12, 7.5], "texture": "#2"},
				"south": {"uv": [13.5, 13.5, 14.5, 14], "texture": "#2"},
				"west": {"uv": [11, 3.5, 14, 4], "texture": "#2"},
				"up": {"uv": [9, 11.5, 8, 8.5], "texture": "#2"},
				"down": {"uv": [10, 1, 9, 4], "texture": "#2"}
			}
		},
		{
			"from": [7.0001, 8, 8.2],
			"to": [9.0003, 10, 9.2],
			"rotation": {"angle": 0, "axis": "y", "origin": [7.99996, 10.67965, 2.21364]},
			"faces": {
				"north": {"uv": [5, 13.5, 6, 14.5], "texture": "#2"},
				"east": {"uv": [14.5, 7.5, 15, 8.5], "texture": "#2"},
				"south": {"uv": [6, 13.5, 7, 14.5], "texture": "#2"},
				"west": {"uv": [8.5, 14.5, 9, 15.5], "texture": "#2"},
				"up": {"uv": [15.5, 6.5, 14.5, 6], "texture": "#2"},
				"down": {"uv": [15.5, 8.5, 14.5, 9], "texture": "#2"}
			}
		},
		{
			"from": [7, 8, 5],
			"to": [9.0004, 10, 6],
			"rotation": {"angle": 0, "axis": "y", "origin": [7.99996, 10.67965, 2.21364]},
			"faces": {
				"north": {"uv": [13, 11.5, 14, 12.5], "texture": "#2"},
				"east": {"uv": [14, 14, 14.5, 15], "texture": "#2"},
				"south": {"uv": [13, 12.5, 14, 13.5], "texture": "#2"},
				"west": {"uv": [0, 14.5, 0.5, 15.5], "texture": "#2"},
				"up": {"uv": [15, 13.5, 14, 13], "texture": "#2"},
				"down": {"uv": [1.5, 14.5, 0.5, 15], "texture": "#2"}
			}
		},
		{
			"from": [7.0001, 8, 2],
			"to": [9.0003, 9, 5],
			"rotation": {"angle": 0, "axis": "y", "origin": [7.99996, 10.67965, 2.21364]},
			"faces": {
				"north": {"uv": [14.5, 1, 15.5, 1.5], "texture": "#2"},
				"east": {"uv": [13.5, 6.5, 15, 7], "texture": "#2"},
				"south": {"uv": [1.5, 14.5, 2.5, 15], "texture": "#2"},
				"west": {"uv": [7, 13.5, 8.5, 14], "texture": "#2"},
				"up": {"uv": [3, 14, 2, 12.5], "texture": "#2"},
				"down": {"uv": [4, 13, 3, 14.5], "texture": "#2"}
			}
		},
		{
			"from": [7.5, 9, 4],
			"to": [8.5, 10, 5],
			"rotation": {"angle": 0, "axis": "y", "origin": [7.99996, 10.67965, 2.21364]},
			"faces": {
				"north": {"uv": [2, 15, 2.5, 15.5], "texture": "#2"},
				"east": {"uv": [15, 2, 15.5, 2.5], "texture": "#2"},
				"south": {"uv": [15, 2.5, 15.5, 3], "texture": "#2"},
				"west": {"uv": [15, 3, 15.5, 3.5], "texture": "#2"},
				"up": {"uv": [4, 15.5, 3.5, 15], "texture": "#2"},
				"down": {"uv": [15.5, 3.5, 15, 4], "texture": "#2"}
			}
		},
		{
			"from": [7, 11, 5],
			"to": [9.0004, 14, 8],
			"rotation": {"angle": 0, "axis": "y", "origin": [7.99996, 10.67965, 2.21364]},
			"faces": {
				"north": {"uv": [11, 11.5, 12, 13], "texture": "#2"},
				"east": {"uv": [5, 10.5, 6.5, 12], "texture": "#2"},
				"south": {"uv": [5, 12, 6, 13.5], "texture": "#2"},
				"west": {"uv": [11, 1, 12.5, 2.5], "texture": "#2"},
				"up": {"uv": [7, 13.5, 6, 12], "texture": "#2"},
				"down": {"uv": [8, 12, 7, 13.5], "texture": "#2"}
			}
		},
		{
			"from": [7, 4.1491, 7.01327],
			"to": [9, 6.1491, 10.01327],
			"rotation": {"angle": 0, "axis": "x", "origin": [9.99916, 10.62875, 1.82691]},
			"faces": {
				"north": {"uv": [13, 2.5, 14, 3.5], "texture": "#2"},
				"east": {"uv": [12, 9.5, 13.5, 10.5], "texture": "#2"},
				"south": {"uv": [13, 8.5, 14, 9.5], "texture": "#2"},
				"west": {"uv": [12, 10.5, 13.5, 11.5], "texture": "#2"},
				"up": {"uv": [13, 13, 12, 11.5], "texture": "#2"},
				"down": {"uv": [1, 12.5, 0, 14], "texture": "#2"}
			}
		},
		{
			"from": [7, 4.1491, 6.01327],
			"to": [9, 5.1491, 7.01327],
			"rotation": {"angle": 0, "axis": "x", "origin": [7.99916, 10.62875, 1.82691]},
			"faces": {
				"north": {"uv": [2, 14, 3, 14.5], "texture": "#2"},
				"east": {"uv": [13.5, 14.5, 14, 15], "texture": "#2"},
				"south": {"uv": [14, 2.5, 15, 3], "texture": "#2"},
				"west": {"uv": [14.5, 13.5, 15, 14], "texture": "#2"},
				"up": {"uv": [15, 3.5, 14, 3], "texture": "#2"},
				"down": {"uv": [15, 3.5, 14, 4], "texture": "#2"}
			}
		},
		{
			"from": [7.0002, 3.41351, 4.66676],
			"to": [8.9992, 9.41351, 7.66676],
			"rotation": {"angle": -22.5, "axis": "x", "origin": [7.99996, 10.67965, 1.96364]},
			"faces": {
				"north": {"uv": [9, 8.5, 10, 11.5], "texture": "#2"},
				"east": {"uv": [4, 7.5, 5.5, 10.5], "texture": "#2"},
				"south": {"uv": [10, 1, 11, 4], "texture": "#2"},
				"west": {"uv": [5.5, 7.5, 7, 10.5], "texture": "#2"},
				"up": {"uv": [2, 14, 1, 12.5], "texture": "#2"},
				"down": {"uv": [13.5, 1, 12.5, 2.5], "texture": "#2"}
			}
		},
		{
			"from": [7.5002, 8.66351, 6.91676],
			"to": [8.4992, 10.66351, 8.91676],
			"rotation": {"angle": -22.5, "axis": "x", "origin": [7.99996, 10.67965, 2.21364]},
			"faces": {
				"north": {"uv": [7, 14, 7.5, 15], "texture": "#2"},
				"east": {"uv": [9, 13, 10, 14], "texture": "#2"},
				"south": {"uv": [7.5, 14, 8, 15], "texture": "#2"},
				"west": {"uv": [10, 13, 11, 14], "texture": "#2"},
				"up": {"uv": [8.5, 15, 8, 14], "texture": "#2"},
				"down": {"uv": [14.5, 8.5, 14, 9.5], "texture": "#2"}
			}
		},
		{
			"from": [7.5, 14.5, 4.9999],
			"to": [8.5, 15.5, 6.9999],
			"rotation": {"angle": 0, "axis": "z", "origin": [7.99996, 10.67965, 2.21364]},
			"faces": {
				"north": {"uv": [6.5, 11.5, 7, 12], "texture": "#2"},
				"east": {"uv": [0, 14, 1, 14.5], "texture": "#2"},
				"south": {"uv": [13, 14.5, 13.5, 15], "texture": "#2"},
				"west": {"uv": [1, 14, 2, 14.5], "texture": "#2"},
				"up": {"uv": [7, 11.5, 6.5, 10.5], "texture": "#2"},
				"down": {"uv": [9, 13.5, 8.5, 14.5], "texture": "#2"}
			}
		},
		{
			"from": [7, 11, -7],
			"to": [9, 13, -6],
			"rotation": {"angle": 0, "axis": "y", "origin": [0, 3, -4]},
			"faces": {
				"north": {"uv": [13.5, 1, 14.5, 2], "texture": "#2"},
				"east": {"uv": [2.5, 14.5, 3, 15.5], "texture": "#2"},
				"south": {"uv": [4, 13.5, 5, 14.5], "texture": "#2"},
				"west": {"uv": [3, 14.5, 3.5, 15.5], "texture": "#2"},
				"up": {"uv": [15.5, 2, 14.5, 1.5], "texture": "#2"},
				"down": {"uv": [4.5, 14.5, 3.5, 15], "texture": "#2"}
			}
		},
		{
			"from": [7.5, 12, -7.1],
			"to": [8.5, 13, -7.1],
			"rotation": {"angle": 0, "axis": "y", "origin": [0, 3, -4]},
			"faces": {
				"north": {"uv": [4, 15, 4.5, 15.5], "texture": "#2"},
				"east": {"uv": [0, 0, 0, 0.5], "texture": "#2"},
				"south": {"uv": [15, 4, 15.5, 4.5], "texture": "#2"},
				"west": {"uv": [0, 0, 0, 0.5], "texture": "#2"},
				"up": {"uv": [0.5, 0, 0, 0], "texture": "#2"},
				"down": {"uv": [0.5, 0, 0, 0], "texture": "#2"}
			}
		},
		{
			"from": [7.5, 11, -7.1],
			"to": [8.5, 12, -7.1],
			"rotation": {"angle": 0, "axis": "y", "origin": [0, 3, -4]},
			"faces": {
				"north": {"uv": [15, 4.5, 15.5, 5], "texture": "#2"},
				"east": {"uv": [0, 0, 0, 0.5], "texture": "#2"},
				"south": {"uv": [15, 5, 15.5, 5.5], "texture": "#2"},
				"west": {"uv": [0, 0, 0, 0.5], "texture": "#2"},
				"up": {"uv": [0.5, 0, 0, 0], "texture": "#2"},
				"down": {"uv": [0.5, 0, 0, 0], "texture": "#2"}
			}
		},
		{
			"from": [7.5, 15.75, 6],
			"to": [8.5, 16.75, 6],
			"rotation": {"angle": 0, "axis": "y", "origin": [0, 3, -4]},
			"faces": {
				"north": {"uv": [4, 4, 11, 11], "texture": "#1"},
				"south": {"uv": [4, 4, 11, 11], "texture": "#1"}
			}
		}
	],
	"gui_light": "front",
	"display": {
		"thirdperson_righthand": {
			"rotation": [0, -12, 0],
			"translation": [0, -1.5, 2.25],
			"scale": [0.75, 0.75, 0.75]
		},
		"thirdperson_lefthand": {
			"rotation": [0, -12, 0],
			"translation": [0, -1.5, 2.25],
			"scale": [0.75, 0.75, 0.75]
		},
		"firstperson_righthand": {
			"rotation": [0, -10, 0],
			"translation": [9, 9.5, 3.5],
			"scale": [0.85, 0.85, 0.85]
		},
		"firstperson_lefthand": {
			"rotation": [0, -10, 0],
			"translation": [9, 9.5, 3.5],
			"scale": [0.85, 0.85, 0.85]
		},
		"ground": {
			"translation": [0, 4, 4],
			"scale": [0.55, 0.55, 0.55]
		},
		"gui": {
			"rotation": [-90, 135, 90],
			"translation": [1.5, -4.5, 0],
			"scale": [0.75, 0.75, 0.75]
		},
		"fixed": {
			"rotation": [-90, -135, -90],
			"translation": [-2, -4, -0.25],
			"scale": [0.75, 0.75, 0.75]
		}
	}
}