{
	"credit": "Made with Blockbench",
	"texture_size": [32, 32],
	"textures": {
		"1": "item/custom_item/momentum_hookshot/standby"
	},
	"elements": [
		{
			"from": [5.80367, 6.74176, 8],
			"to": [9.80367, 9.74176, 10],
			"rotation": {"angle": 0, "axis": "y", "origin": [7.75865, 8, 6.39053]},
			"faces": {
				"north": {"uv": [0, 5, 1.5, 7], "rotation": 270, "texture": "#1"},
				"east": {"uv": [2.5, 8, 1, 7], "rotation": 90, "texture": "#1"},
				"south": {"uv": [5, 0, 6.5, 2], "rotation": 90, "texture": "#1"},
				"west": {"uv": [4, 7, 2.5, 8], "rotation": 90, "texture": "#1"},
				"up": {"uv": [5, 2, 6, 4], "rotation": 90, "texture": "#1"},
				"down": {"uv": [1.5, 5, 2.5, 7], "rotation": 90, "texture": "#1"}
			}
		},
		{
			"from": [4.30367, 8.74135, 4],
			"to": [11.30367, 9.74135, 5],
			"rotation": {"angle": 0, "axis": "y", "origin": [7.75865, 8, 6.39053]},
			"faces": {
				"north": {"uv": [4.5, 5, 5, 8.5], "rotation": 270, "texture": "#1"},
				"east": {"uv": [7, 2, 6.5, 1.5], "rotation": 90, "texture": "#1"},
				"south": {"uv": [5, 6, 5.5, 9.5], "rotation": 90, "texture": "#1"},
				"west": {"uv": [8, 3, 7.5, 3.5], "rotation": 90, "texture": "#1"},
				"up": {"uv": [5.5, 6, 6, 9.5], "rotation": 90, "texture": "#1"},
				"down": {"uv": [6, 4, 6.5, 7.5], "rotation": 90, "texture": "#1"}
			}
		},
		{
			"from": [4.30367, 6.74135, 4],
			"to": [11.30367, 7.74135, 5],
			"rotation": {"angle": 0, "axis": "y", "origin": [7.75865, 8, 6.39053]},
			"faces": {
				"north": {"uv": [6.5, 4, 7, 7.5], "rotation": 270, "texture": "#1"},
				"east": {"uv": [9.5, 4.5, 9, 4], "rotation": 90, "texture": "#1"},
				"south": {"uv": [7, 0, 7.5, 3.5], "rotation": 90, "texture": "#1"},
				"west": {"uv": [10, 8, 9.5, 8.5], "rotation": 90, "texture": "#1"},
				"up": {"uv": [0.5, 7, 1, 10.5], "rotation": 90, "texture": "#1"},
				"down": {"uv": [0, 7, 0.5, 10.5], "rotation": 90, "texture": "#1"}
			}
		},
		{
			"from": [9.65758, 7.74135, 5.52138],
			"to": [10.65758, 8.74135, 6.52138],
			"rotation": {"angle": 22.5, "axis": "y", "origin": [7.1085, 8, 3.77399]},
			"faces": {
				"north": {"uv": [9, 11.5, 8.5, 12], "rotation": 90, "texture": "#1"},
				"east": {"uv": [7, 11.5, 7.5, 12], "rotation": 270, "texture": "#1"},
				"south": {"uv": [12, 8.5, 11.5, 8], "rotation": 90, "texture": "#1"},
				"west": {"uv": [7.5, 11.5, 8, 12], "rotation": 90, "texture": "#1"},
				"up": {"uv": [8, 11.5, 8.5, 12], "rotation": 180, "texture": "#1"},
				"down": {"uv": [11.5, 7, 12, 7.5], "texture": "#1"}
			}
		},
		{
			"from": [9.65758, 7.24135, 6.52138],
			"to": [10.65758, 9.24135, 8.52138],
			"rotation": {"angle": 22.5, "axis": "y", "origin": [7.1085, 8, 3.77399]},
			"faces": {
				"north": {"uv": [8, 10.5, 7, 11], "rotation": 90, "texture": "#1"},
				"east": {"uv": [8.5, 4.5, 9.5, 5.5], "rotation": 270, "texture": "#1"},
				"south": {"uv": [9.5, 7, 8.5, 6.5], "rotation": 90, "texture": "#1"},
				"west": {"uv": [8.5, 5.5, 9.5, 6.5], "rotation": 90, "texture": "#1"},
				"up": {"uv": [10.5, 6.5, 11, 7.5], "rotation": 180, "texture": "#1"},
				"down": {"uv": [10, 3, 10.5, 4], "texture": "#1"}
			}
		},
		{
			"from": [9.65758, 7.74135, 8.52138],
			"to": [10.65758, 8.74135, 9.52138],
			"rotation": {"angle": 22.5, "axis": "y", "origin": [7.1085, 8, 3.77399]},
			"faces": {
				"north": {"uv": [12, 11.5, 11.5, 12], "rotation": 90, "texture": "#1"},
				"east": {"uv": [11.5, 8.5, 12, 9], "rotation": 270, "texture": "#1"},
				"south": {"uv": [11.5, 12, 11, 11.5], "rotation": 90, "texture": "#1"},
				"west": {"uv": [10, 11.5, 10.5, 12], "rotation": 90, "texture": "#1"},
				"up": {"uv": [10.5, 11.5, 11, 12], "rotation": 180, "texture": "#1"},
				"down": {"uv": [9.5, 11.5, 10, 12], "texture": "#1"}
			}
		},
		{
			"from": [11.40684, 6.74135, 7.3048],
			"to": [12.40684, 7.74135, 10.3048],
			"rotation": {"angle": 0, "axis": "y", "origin": [7.1085, 8, 3.77399]},
			"faces": {
				"north": {"uv": [12.5, 0, 12, 0.5], "rotation": 90, "texture": "#1"},
				"east": {"uv": [6.5, 0, 7, 1.5], "rotation": 270, "texture": "#1"},
				"south": {"uv": [0.5, 12.5, 0, 12], "rotation": 90, "texture": "#1"},
				"west": {"uv": [9, 9.5, 9.5, 11], "rotation": 90, "texture": "#1"},
				"up": {"uv": [9.5, 9.5, 10, 11], "rotation": 180, "texture": "#1"},
				"down": {"uv": [4, 9.5, 4.5, 11], "texture": "#1"}
			}
		},
		{
			"from": [11.40684, 8.74135, 7.3048],
			"to": [12.40684, 9.74135, 10.3048],
			"rotation": {"angle": 0, "axis": "y", "origin": [7.1085, 8, 3.77399]},
			"faces": {
				"north": {"uv": [12.5, 0.5, 12, 1], "rotation": 90, "texture": "#1"},
				"east": {"uv": [10, 0, 10.5, 1.5], "rotation": 270, "texture": "#1"},
				"south": {"uv": [1, 12.5, 0.5, 12], "rotation": 90, "texture": "#1"},
				"west": {"uv": [6.5, 10, 7, 11.5], "rotation": 90, "texture": "#1"},
				"up": {"uv": [10, 8, 10.5, 9.5], "rotation": 180, "texture": "#1"},
				"down": {"uv": [6, 10, 6.5, 11.5], "texture": "#1"}
			}
		},
		{
			"from": [14.26586, 7.74135, 4.14547],
			"to": [16.26586, 8.74135, 6.14547],
			"rotation": {"angle": -45, "axis": "y", "origin": [7.1085, 8, 3.77399]},
			"faces": {
				"north": {"uv": [10.5, 7.5, 11, 8.5], "rotation": 270, "texture": "#1"},
				"east": {"uv": [9, 11.5, 8.5, 10.5], "rotation": 90, "texture": "#1"},
				"south": {"uv": [8, 10.5, 8.5, 11.5], "rotation": 90, "texture": "#1"},
				"west": {"uv": [11, 8.5, 10.5, 9.5], "rotation": 90, "texture": "#1"},
				"up": {"uv": [8, 8.5, 9, 9.5], "rotation": 90, "texture": "#1"},
				"down": {"uv": [7, 8.5, 8, 9.5], "rotation": 90, "texture": "#1"}
			}
		},
		{
			"from": [4.873, 7.74135, 5.47167],
			"to": [5.873, 8.74135, 6.47167],
			"rotation": {"angle": -22.5, "axis": "y", "origin": [8.38763, 8, 3.80746]},
			"faces": {
				"north": {"uv": [12.5, 2.5, 12, 2], "rotation": 90, "texture": "#1"},
				"east": {"uv": [1.5, 12, 2, 12.5], "rotation": 90, "texture": "#1"},
				"south": {"uv": [3, 12, 2.5, 12.5], "rotation": 90, "texture": "#1"},
				"west": {"uv": [1, 12, 1.5, 12.5], "rotation": 270, "texture": "#1"},
				"up": {"uv": [2, 12, 2.5, 12.5], "texture": "#1"},
				"down": {"uv": [12, 1, 12.5, 1.5], "rotation": 180, "texture": "#1"}
			}
		},
		{
			"from": [4.873, 7.24135, 6.47167],
			"to": [5.873, 9.24135, 8.47167],
			"rotation": {"angle": -22.5, "axis": "y", "origin": [8.38763, 8, 3.80746]},
			"faces": {
				"north": {"uv": [12, 0.5, 11, 0], "rotation": 90, "texture": "#1"},
				"east": {"uv": [9, 1, 10, 2], "rotation": 90, "texture": "#1"},
				"south": {"uv": [12, 0.5, 11, 1], "rotation": 90, "texture": "#1"},
				"west": {"uv": [9, 0, 10, 1], "rotation": 270, "texture": "#1"},
				"up": {"uv": [10.5, 10.5, 11, 11.5], "texture": "#1"},
				"down": {"uv": [10.5, 9.5, 11, 10.5], "rotation": 180, "texture": "#1"}
			}
		},
		{
			"from": [4.873, 7.74135, 8.47167],
			"to": [5.873, 8.74135, 9.47167],
			"rotation": {"angle": -22.5, "axis": "y", "origin": [8.38763, 8, 3.80746]},
			"faces": {
				"north": {"uv": [12.5, 4, 12, 3.5], "rotation": 90, "texture": "#1"},
				"east": {"uv": [12, 3, 12.5, 3.5], "rotation": 90, "texture": "#1"},
				"south": {"uv": [4.5, 12, 4, 12.5], "rotation": 90, "texture": "#1"},
				"west": {"uv": [12, 2.5, 12.5, 3], "rotation": 270, "texture": "#1"},
				"up": {"uv": [3.5, 12, 4, 12.5], "texture": "#1"},
				"down": {"uv": [3, 12, 3.5, 12.5], "rotation": 180, "texture": "#1"}
			}
		},
		{
			"from": [3.15295, 6.74135, 7.2746],
			"to": [4.15295, 7.74135, 10.2746],
			"rotation": {"angle": 0, "axis": "y", "origin": [8.38763, 8, 3.80746]},
			"faces": {
				"north": {"uv": [12.5, 4.5, 12, 4], "rotation": 90, "texture": "#1"},
				"east": {"uv": [10.5, 0, 11, 1.5], "rotation": 90, "texture": "#1"},
				"south": {"uv": [5, 12, 4.5, 12.5], "rotation": 90, "texture": "#1"},
				"west": {"uv": [10, 9.5, 10.5, 11], "rotation": 270, "texture": "#1"},
				"up": {"uv": [0.5, 10.5, 1, 12], "texture": "#1"},
				"down": {"uv": [0, 10.5, 0.5, 12], "rotation": 180, "texture": "#1"}
			}
		},
		{
			"from": [3.15295, 8.74135, 7.2746],
			"to": [4.15295, 9.74135, 10.2746],
			"rotation": {"angle": 0, "axis": "y", "origin": [8.38763, 8, 3.80746]},
			"faces": {
				"north": {"uv": [5.5, 12.5, 5, 12], "rotation": 90, "texture": "#1"},
				"east": {"uv": [2, 10.5, 2.5, 12], "rotation": 90, "texture": "#1"},
				"south": {"uv": [6, 12, 5.5, 12.5], "rotation": 90, "texture": "#1"},
				"west": {"uv": [1, 10.5, 1.5, 12], "rotation": 270, "texture": "#1"},
				"up": {"uv": [2.5, 10.5, 3, 12], "texture": "#1"},
				"down": {"uv": [1.5, 10.5, 2, 12], "rotation": 180, "texture": "#1"}
			}
		},
		{
			"from": [-0.67969, 7.74135, 4.17894],
			"to": [1.32031, 8.74135, 6.17894],
			"rotation": {"angle": 45, "axis": "y", "origin": [8.38763, 8, 3.80746]},
			"faces": {
				"north": {"uv": [11, 2.5, 11.5, 3.5], "rotation": 270, "texture": "#1"},
				"east": {"uv": [4.5, 12, 4, 11], "rotation": 90, "texture": "#1"},
				"south": {"uv": [11, 3.5, 11.5, 4.5], "rotation": 90, "texture": "#1"},
				"west": {"uv": [5, 11, 4.5, 12], "rotation": 90, "texture": "#1"},
				"up": {"uv": [6, 9, 7, 10], "rotation": 90, "texture": "#1"},
				"down": {"uv": [9, 3, 10, 4], "rotation": 90, "texture": "#1"}
			}
		},
		{
			"from": [6.30367, 7.74135, 4],
			"to": [9.30367, 8.74135, 6],
			"rotation": {"angle": 0, "axis": "y", "origin": [7.75865, 8, 6.39053]},
			"faces": {
				"north": {"uv": [3, 10.5, 3.5, 12], "rotation": 270, "texture": "#1"},
				"east": {"uv": [11.5, 5.5, 11, 4.5], "rotation": 90, "texture": "#1"},
				"south": {"uv": [10.5, 3, 11, 4.5], "rotation": 90, "texture": "#1"},
				"west": {"uv": [11.5, 6.5, 11, 7.5], "rotation": 90, "texture": "#1"},
				"up": {"uv": [7, 5, 8, 6.5], "rotation": 90, "texture": "#1"},
				"down": {"uv": [7, 3.5, 8, 5], "rotation": 90, "texture": "#1"}
			}
		},
		{
			"from": [7.30367, 7.74135, 0],
			"to": [8.30367, 8.74135, 1],
			"rotation": {"angle": 0, "axis": "y", "origin": [7.75865, 8, 6.39053]},
			"faces": {
				"north": {"uv": [12, 5.5, 12.5, 6], "rotation": 270, "texture": "#1"},
				"east": {"uv": [8, 12.5, 7.5, 12], "rotation": 90, "texture": "#1"},
				"south": {"uv": [7, 12, 7.5, 12.5], "rotation": 90, "texture": "#1"},
				"west": {"uv": [12.5, 7.5, 12, 8], "rotation": 90, "texture": "#1"},
				"up": {"uv": [12, 7, 12.5, 7.5], "rotation": 90, "texture": "#1"},
				"down": {"uv": [12, 6, 12.5, 6.5], "rotation": 90, "texture": "#1"}
			}
		},
		{
			"from": [7.30367, 7.24135, 1],
			"to": [8.30367, 9.24135, 3],
			"rotation": {"angle": 0, "axis": "y", "origin": [7.75865, 8, 6.39053]},
			"faces": {
				"north": {"uv": [11, 1, 12, 1.5], "rotation": 270, "texture": "#1"},
				"east": {"uv": [10, 9.5, 9, 8.5], "rotation": 90, "texture": "#1"},
				"south": {"uv": [7, 11, 8, 11.5], "rotation": 90, "texture": "#1"},
				"west": {"uv": [2, 9.5, 1, 10.5], "rotation": 90, "texture": "#1"},
				"up": {"uv": [11, 7.5, 12, 8], "rotation": 90, "texture": "#1"},
				"down": {"uv": [11, 5.5, 12, 6], "rotation": 90, "texture": "#1"}
			}
		},
		{
			"from": [6.30367, 7.74135, 1],
			"to": [9.30367, 8.74135, 3],
			"rotation": {"angle": 0, "axis": "y", "origin": [7.75865, 8, 6.39053]},
			"faces": {
				"north": {"uv": [3.5, 10.5, 4, 12], "rotation": 270, "texture": "#1"},
				"east": {"uv": [11.5, 9, 11, 8], "rotation": 90, "texture": "#1"},
				"south": {"uv": [10.5, 4.5, 11, 6], "rotation": 90, "texture": "#1"},
				"west": {"uv": [9.5, 11, 9, 12], "rotation": 90, "texture": "#1"},
				"up": {"uv": [7.5, 0, 8.5, 1.5], "rotation": 90, "texture": "#1"},
				"down": {"uv": [7, 6.5, 8, 8], "rotation": 90, "texture": "#1"}
			}
		},
		{
			"from": [6.30367, 7.24135, 3],
			"to": [9.30367, 9.24135, 4],
			"rotation": {"angle": 0, "axis": "y", "origin": [7.75865, 8, 6.39053]},
			"faces": {
				"north": {"uv": [7.5, 1.5, 8.5, 3], "rotation": 270, "texture": "#1"},
				"east": {"uv": [12, 9.5, 11, 9], "rotation": 90, "texture": "#1"},
				"south": {"uv": [6, 7.5, 7, 9], "rotation": 90, "texture": "#1"},
				"west": {"uv": [10.5, 11, 9.5, 11.5], "rotation": 90, "texture": "#1"},
				"up": {"uv": [5.5, 10.5, 6, 12], "rotation": 90, "texture": "#1"},
				"down": {"uv": [5, 10.5, 5.5, 12], "rotation": 90, "texture": "#1"}
			}
		},
		{
			"from": [5.80367, 7.24176, 10],
			"to": [9.80367, 9.24176, 12],
			"rotation": {"angle": 0, "axis": "y", "origin": [7.75865, 8, 6.39053]},
			"faces": {
				"north": {"uv": [2.5, 5, 3.5, 7], "rotation": 270, "texture": "#1"},
				"east": {"uv": [3, 10.5, 2, 9.5], "rotation": 90, "texture": "#1"},
				"south": {"uv": [5, 4, 6, 6], "rotation": 90, "texture": "#1"},
				"west": {"uv": [4, 9.5, 3, 10.5], "rotation": 90, "texture": "#1"},
				"up": {"uv": [6, 2, 7, 4], "rotation": 90, "texture": "#1"},
				"down": {"uv": [3.5, 5, 4.5, 7], "rotation": 90, "texture": "#1"}
			}
		},
		{
			"from": [9.80367, 7.24135, 7],
			"to": [10.80367, 9.24135, 10],
			"rotation": {"angle": 0, "axis": "y", "origin": [7.75865, 8, 6.39053]},
			"faces": {
				"north": {"uv": [11, 9.5, 12, 10], "rotation": 270, "texture": "#1"},
				"east": {"uv": [2, 9.5, 1, 8], "rotation": 90, "texture": "#1"},
				"south": {"uv": [11, 10, 12, 10.5], "rotation": 90, "texture": "#1"},
				"west": {"uv": [3, 8, 2, 9.5], "rotation": 90, "texture": "#1"},
				"up": {"uv": [10, 1.5, 11.5, 2], "rotation": 90, "texture": "#1"},
				"down": {"uv": [9, 2, 10.5, 2.5], "rotation": 90, "texture": "#1"}
			}
		},
		{
			"from": [5.80367, 7.74135, 6],
			"to": [6.80367, 8.74135, 8],
			"rotation": {"angle": 0, "axis": "y", "origin": [7.75865, 8, 6.39053]},
			"faces": {
				"north": {"uv": [8, 12, 8.5, 12.5], "rotation": 270, "texture": "#1"},
				"east": {"uv": [12, 3.5, 11.5, 2.5], "rotation": 90, "texture": "#1"},
				"south": {"uv": [12, 8, 12.5, 8.5], "rotation": 90, "texture": "#1"},
				"west": {"uv": [12, 3.5, 11.5, 4.5], "rotation": 90, "texture": "#1"},
				"up": {"uv": [11, 11, 12, 11.5], "rotation": 90, "texture": "#1"},
				"down": {"uv": [11, 10.5, 12, 11], "rotation": 90, "texture": "#1"}
			}
		},
		{
			"from": [8.80367, 7.74135, 6],
			"to": [9.80367, 8.74135, 8],
			"rotation": {"angle": 0, "axis": "y", "origin": [7.75865, 8, 6.39053]},
			"faces": {
				"north": {"uv": [8.5, 12, 9, 12.5], "rotation": 270, "texture": "#1"},
				"east": {"uv": [6.5, 12.5, 6, 11.5], "rotation": 90, "texture": "#1"},
				"south": {"uv": [12, 8.5, 12.5, 9], "rotation": 90, "texture": "#1"},
				"west": {"uv": [7, 11.5, 6.5, 12.5], "rotation": 90, "texture": "#1"},
				"up": {"uv": [11.5, 4.5, 12.5, 5], "rotation": 90, "texture": "#1"},
				"down": {"uv": [11.5, 1.5, 12.5, 2], "rotation": 90, "texture": "#1"}
			}
		},
		{
			"from": [4.80367, 7.24135, 7],
			"to": [5.80367, 9.24135, 10],
			"rotation": {"angle": 0, "axis": "y", "origin": [7.75865, 8, 6.39053]},
			"faces": {
				"north": {"uv": [11.5, 5, 12.5, 5.5], "rotation": 270, "texture": "#1"},
				"east": {"uv": [4, 9.5, 3, 8], "rotation": 90, "texture": "#1"},
				"south": {"uv": [11.5, 6.5, 12.5, 7], "rotation": 90, "texture": "#1"},
				"west": {"uv": [9, 3, 8, 4.5], "rotation": 90, "texture": "#1"},
				"up": {"uv": [10.5, 6, 12, 6.5], "rotation": 90, "texture": "#1"},
				"down": {"uv": [10.5, 2, 12, 2.5], "rotation": 90, "texture": "#1"}
			}
		},
		{
			"from": [6.80367, 7.24135, 6],
			"to": [8.80367, 9.24135, 8],
			"rotation": {"angle": 0, "axis": "y", "origin": [7.75865, 8, 6.39053]},
			"faces": {
				"north": {"uv": [9.5, 4, 10.5, 5], "rotation": 270, "texture": "#1"},
				"east": {"uv": [8, 10.5, 7, 9.5], "rotation": 90, "texture": "#1"},
				"south": {"uv": [9.5, 5, 10.5, 6], "rotation": 90, "texture": "#1"},
				"west": {"uv": [9, 9.5, 8, 10.5], "rotation": 90, "texture": "#1"},
				"up": {"uv": [9.5, 6, 10.5, 7], "rotation": 90, "texture": "#1"},
				"down": {"uv": [5, 9.5, 6, 10.5], "rotation": 90, "texture": "#1"}
			}
		},
		{
			"from": [5.55367, 2.24135, 6],
			"to": [10.55367, 7.24135, 7],
			"rotation": {"angle": 0, "axis": "x", "origin": [8.05367, 4.74135, 6.5]},
			"faces": {
				"north": {"uv": [0, 0, 2.5, 2.5], "rotation": 270, "texture": "#1"},
				"east": {"uv": [9.5, 8.5, 7, 8], "rotation": 90, "texture": "#1"},
				"south": {"uv": [0, 2.5, 2.5, 5], "rotation": 90, "texture": "#1"},
				"west": {"uv": [10.5, 7, 8, 7.5], "rotation": 90, "texture": "#1"},
				"up": {"uv": [8, 4.5, 8.5, 7], "rotation": 90, "texture": "#1"},
				"down": {"uv": [4, 7, 4.5, 9.5], "rotation": 90, "texture": "#1"}
			}
		},
		{
			"from": [5.55367, 2.24135, 8.5],
			"to": [10.55367, 7.24135, 9.5],
			"rotation": {"angle": 0, "axis": "y", "origin": [7.75865, 8, 6.39053]},
			"faces": {
				"north": {"uv": [2.5, 0, 5, 2.5], "rotation": 270, "texture": "#1"},
				"east": {"uv": [10.5, 8, 8, 7.5], "rotation": 90, "texture": "#1"},
				"south": {"uv": [2.5, 2.5, 5, 5], "rotation": 90, "texture": "#1"},
				"west": {"uv": [11, 2.5, 8.5, 3], "rotation": 90, "texture": "#1"},
				"up": {"uv": [4.5, 8.5, 5, 11], "rotation": 90, "texture": "#1"},
				"down": {"uv": [8.5, 0, 9, 2.5], "rotation": 90, "texture": "#1"}
			}
		}
	],
	"gui_light": "front",
	"display": {
		"thirdperson_righthand": {
			"rotation": [0, -13, -90],
			"translation": [3, -2, 4.25]
		},
		"thirdperson_lefthand": {
			"rotation": [0, -13, -90],
			"translation": [3, -2, 4.25]
		},
		"firstperson_righthand": {
			"rotation": [5, -9, 0.5],
			"translation": [1.75, 2, -1],
			"scale": [0.85, 0.85, 0.85]
		},
		"firstperson_lefthand": {
			"rotation": [5, -9, 0.5],
			"translation": [1.75, 2, -1],
			"scale": [0.85, 0.85, 0.85]
		},
		"ground": {
			"rotation": [45, 0, 90],
			"translation": [0, 4, 0],
			"scale": [0.55, 0.55, 0.55]
		},
		"gui": {
			"rotation": [-90, 135, -180],
			"translation": [0.5, -0.5, 0],
			"scale": [0.98, 0.98, 0.98]
		},
		"fixed": {
			"rotation": [-90, -135, 0],
			"scale": [1.2, 1.2, 1.2]
		}
	},
	"groups": [
		{
			"name": "front",
			"origin": [1.5, 19.5, 3],
			"color": 0,
			"children": [0, 1, 2, 3, 4, 5, 6, 7, 8, 9, 10, 11, 12, 13, 14, 15]
		},
		{
			"name": "group",
			"origin": [1.5, 19.5, 3],
			"color": 0,
			"children": [16, 17, 18, 19]
		},
		{
			"name": "body",
			"origin": [1.5, 19.5, 6],
			"color": 0,
			"children": [20, 21, 22, 23, 24, 25, 26, 27]
		}
	]
}