{
	"credit": "Model By GCGames Studios",
	"textures": {
		"0": "items/anvil",
		"particle": "items/anvil"
	},
	"elements": [
		{
			"from": [7.19811, 8.8953, 6.78209],
			"to": [7.92264, 9.1104, 7.54058],
			"rotation": {"angle": 0, "axis": "x", "origin": [7.59057, 7.64436, 6.64813]},
			"faces": {
				"north": {"uv": [7, 7, 8.725, 8.757], "rotation": 180, "texture": "#0"},
				"east": {"uv": [7, 7, 8.725, 8.757], "rotation": 180, "texture": "#0"},
				"south": {"uv": [7, 7, 8.725, 8.757], "rotation": 180, "texture": "#0"},
				"west": {"uv": [7, 7, 8.725, 8.757], "rotation": 180, "texture": "#0"},
				"up": {"uv": [7, 7, 8.725, 8.757], "rotation": 180, "texture": "#0"},
				"down": {"uv": [7, 7, 8.725, 8.757], "rotation": 180, "texture": "#0"}
			}
		},
		{
			"from": [7.19811, 8.95568, 6.78209],
			"to": [7.92264, 10.61983, 7.54058],
			"rotation": {"angle": 0, "axis": "x", "origin": [7.59057, 7.64436, 6.64813]},
			"faces": {
				"north": {"uv": [7, 7, 8.725, 8.757], "rotation": 180, "texture": "#0"},
				"east": {"uv": [7, 7, 8.725, 8.757], "rotation": 180, "texture": "#0"},
				"south": {"uv": [7, 7, 8.725, 8.757], "rotation": 180, "texture": "#0"},
				"west": {"uv": [7, 7, 8.725, 8.757], "rotation": 180, "texture": "#0"},
				"up": {"uv": [7, 7, 8.725, 8.757], "rotation": 180, "texture": "#0"},
				"down": {"uv": [7, 7, 8.725, 8.757], "rotation": 180, "texture": "#0"}
			}
		},
		{
			"from": [7.3551, 10.10285, 7.38587],
			"to": [7.80189, 10.80096, 7.54058],
			"rotation": {"angle": 0, "axis": "x", "origin": [7.59057, 7.64436, 6.64813]},
			"faces": {
				"north": {"uv": [7, 7, 8.725, 8.757], "rotation": 180, "texture": "#0"},
				"east": {"uv": [7, 7, 8.725, 8.757], "rotation": 180, "texture": "#0"},
				"south": {"uv": [7, 7, 8.725, 8.757], "rotation": 180, "texture": "#0"},
				"west": {"uv": [7, 7, 8.725, 8.757], "rotation": 180, "texture": "#0"},
				"up": {"uv": [7, 7, 8.725, 8.757], "rotation": 180, "texture": "#0"},
				"down": {"uv": [7, 7, 8.725, 8.757], "rotation": 180, "texture": "#0"}
			}
		},
		{
			"from": [7.72943, 10.10285, 7.38587],
			"to": [7.80189, 11.00624, 7.54058],
			"rotation": {"angle": 0, "axis": "x", "origin": [7.59057, 7.64436, 6.64813]},
			"faces": {
				"north": {"uv": [7, 7, 8.725, 8.757], "rotation": 180, "texture": "#0"},
				"east": {"uv": [7, 7, 8.725, 8.757], "rotation": 180, "texture": "#0"},
				"south": {"uv": [7, 7, 8.725, 8.757], "rotation": 180, "texture": "#0"},
				"west": {"uv": [7, 7, 8.725, 8.757], "rotation": 180, "texture": "#0"},
				"up": {"uv": [7, 7, 8.725, 8.757], "rotation": 180, "texture": "#0"},
				"down": {"uv": [7, 7, 8.725, 8.757], "rotation": 180, "texture": "#0"}
			}
		},
		{
			"from": [7.34302, 10.10285, 7.38587],
			"to": [7.42151, 10.99417, 7.54058],
			"rotation": {"angle": 0, "axis": "x", "origin": [7.57246, 7.64436, 6.64813]},
			"faces": {
				"north": {"uv": [7, 7, 8.725, 8.757], "rotation": 180, "texture": "#0"},
				"east": {"uv": [7, 7, 8.725, 8.757], "rotation": 180, "texture": "#0"},
				"south": {"uv": [7, 7, 8.725, 8.757], "rotation": 180, "texture": "#0"},
				"west": {"uv": [7, 7, 8.725, 8.757], "rotation": 180, "texture": "#0"},
				"up": {"uv": [7, 7, 8.725, 8.757], "rotation": 180, "texture": "#0"},
				"down": {"uv": [7, 7, 8.725, 8.757], "rotation": 180, "texture": "#0"}
			}
		},
		{
			"from": [7.40715, 10.94366, 7.38587],
			"to": [7.47357, 11.14063, 7.54058],
			"rotation": {"angle": -45, "axis": "z", "origin": [7.44036, 11.04214, 7.46323]},
			"faces": {
				"north": {"uv": [7, 7, 8.725, 8.757], "rotation": 180, "texture": "#0"},
				"east": {"uv": [7, 7, 8.725, 8.757], "rotation": 180, "texture": "#0"},
				"south": {"uv": [7, 7, 8.725, 8.757], "rotation": 180, "texture": "#0"},
				"west": {"uv": [7, 7, 8.725, 8.757], "rotation": 180, "texture": "#0"},
				"up": {"uv": [7, 7, 8.725, 8.757], "rotation": 180, "texture": "#0"},
				"down": {"uv": [7, 7, 8.725, 8.757], "rotation": 180, "texture": "#0"}
			}
		},
		{
			"from": [7.57978, 10.75967, 7.38587],
			"to": [7.65827, 10.95061, 7.54058],
			"rotation": {"angle": 45, "axis": "z", "origin": [7.43962, 11.05568, 7.46323]},
			"faces": {
				"north": {"uv": [7, 7, 8.725, 8.757], "rotation": 180, "texture": "#0"},
				"east": {"uv": [7, 7, 8.725, 8.757], "rotation": 180, "texture": "#0"},
				"south": {"uv": [7, 7, 8.725, 8.757], "rotation": 180, "texture": "#0"},
				"west": {"uv": [7, 7, 8.725, 8.757], "rotation": 180, "texture": "#0"},
				"up": {"uv": [7, 7, 8.725, 8.757], "rotation": 180, "texture": "#0"},
				"down": {"uv": [7, 7, 8.725, 8.757], "rotation": 180, "texture": "#0"}
			}
		},
		{
			"from": [7.48905, 11.05568, 7.38587],
			"to": [7.66792, 11.1402, 7.54058],
			"rotation": {"angle": 0, "axis": "z", "origin": [7.62075, 11.05568, 7.46323]},
			"faces": {
				"north": {"uv": [7, 7, 8.725, 8.757], "rotation": 90, "texture": "#0"},
				"east": {"uv": [7, 7, 8.725, 8.757], "rotation": 90, "texture": "#0"},
				"south": {"uv": [7, 7, 8.725, 8.757], "rotation": 90, "texture": "#0"},
				"west": {"uv": [7, 7, 8.725, 8.757], "rotation": 90, "texture": "#0"},
				"up": {"uv": [7, 7, 8.725, 8.757], "rotation": 90, "texture": "#0"},
				"down": {"uv": [7, 7, 8.725, 8.757], "rotation": 90, "texture": "#0"}
			}
		},
		{
			"from": [7.58235, 8.75257, 6.78209],
			"to": [8.30688, 8.96767, 7.54058],
			"rotation": {"angle": 45, "axis": "z", "origin": [7.56038, 9.24436, 7.16134]},
			"faces": {
				"north": {"uv": [7, 7, 8.725, 8.757], "rotation": 180, "texture": "#0"},
				"east": {"uv": [7, 7, 8.725, 8.757], "rotation": 180, "texture": "#0"},
				"south": {"uv": [7, 7, 8.725, 8.757], "rotation": 180, "texture": "#0"},
				"west": {"uv": [7, 7, 8.725, 8.757], "rotation": 180, "texture": "#0"},
				"up": {"uv": [7, 7, 8.725, 8.757], "rotation": 180, "texture": "#0"},
				"down": {"uv": [7, 7, 8.725, 8.757], "rotation": 180, "texture": "#0"}
			}
		},
		{
			"from": [7.53966, 8.88457, 6.78209],
			"to": [8.26419, 10.46193, 7.54058],
			"rotation": {"angle": 45, "axis": "z", "origin": [7.56038, 9.24436, 7.16134]},
			"faces": {
				"north": {"uv": [7, 7, 8.725, 8.757], "rotation": 180, "texture": "#0"},
				"east": {"uv": [7, 7, 8.725, 8.757], "rotation": 180, "texture": "#0"},
				"south": {"uv": [7, 7, 8.725, 8.757], "rotation": 180, "texture": "#0"},
				"west": {"uv": [7, 7, 8.725, 8.757], "rotation": 180, "texture": "#0"},
				"up": {"uv": [7, 7, 8.725, 8.757], "rotation": 180, "texture": "#0"},
				"down": {"uv": [7, 7, 8.725, 8.757], "rotation": 180, "texture": "#0"}
			}
		},
		{
			"from": [6.84906, 9.42549, 6.78209],
			"to": [8.45283, 10.15002, 7.54058],
			"rotation": {"angle": 0, "axis": "z", "origin": [8.10377, 9.48587, 7.16134]},
			"faces": {
				"north": {"uv": [7, 7, 8.725, 8.757], "rotation": 180, "texture": "#0"},
				"east": {"uv": [7, 7, 8.725, 8.757], "rotation": 180, "texture": "#0"},
				"south": {"uv": [7, 7, 8.725, 8.757], "rotation": 180, "texture": "#0"},
				"west": {"uv": [7, 7, 8.725, 8.757], "rotation": 180, "texture": "#0"},
				"up": {"uv": [7, 7, 8.725, 8.757], "rotation": 180, "texture": "#0"},
				"down": {"uv": [7, 7, 8.725, 8.757], "rotation": 180, "texture": "#0"}
			}
		},
		{
			"from": [6.78617, 10.09393, 6.78209],
			"to": [7.00126, 10.81846, 7.54058],
			"rotation": {"angle": 45, "axis": "z", "origin": [8.34528, 10.02926, 7.16134]},
			"faces": {
				"north": {"uv": [7, 7, 8.725, 8.757], "rotation": 180, "texture": "#0"},
				"east": {"uv": [7, 7, 8.725, 8.757], "rotation": 180, "texture": "#0"},
				"south": {"uv": [7, 7, 8.725, 8.757], "rotation": 180, "texture": "#0"},
				"west": {"uv": [7, 7, 8.725, 8.757], "rotation": 180, "texture": "#0"},
				"up": {"uv": [7, 7, 8.725, 8.757], "rotation": 180, "texture": "#0"},
				"down": {"uv": [7, 7, 8.725, 8.757], "rotation": 180, "texture": "#0"}
			}
		},
		{
			"from": [6.95213, 9.96585, 6.78209],
			"to": [8.49552, 10.69038, 7.54058],
			"rotation": {"angle": 45, "axis": "z", "origin": [8.34528, 10.02926, 7.16134]},
			"faces": {
				"north": {"uv": [7, 7, 8.725, 8.757], "rotation": 180, "texture": "#0"},
				"east": {"uv": [7, 7, 8.725, 8.757], "rotation": 180, "texture": "#0"},
				"south": {"uv": [7, 7, 8.725, 8.757], "rotation": 180, "texture": "#0"},
				"west": {"uv": [7, 7, 8.725, 8.757], "rotation": 180, "texture": "#0"},
				"up": {"uv": [7, 7, 8.725, 8.757], "rotation": 180, "texture": "#0"},
				"down": {"uv": [7, 7, 8.725, 8.757], "rotation": 180, "texture": "#0"}
			}
		},
		{
			"from": [6.7283, 9.42549, 6.78209],
			"to": [6.9434, 10.15002, 7.54058],
			"rotation": {"angle": 0, "axis": "z", "origin": [8.10377, 9.48587, 7.16134]},
			"faces": {
				"north": {"uv": [7, 7, 8.725, 8.757], "rotation": 180, "texture": "#0"},
				"east": {"uv": [7, 7, 8.725, 8.757], "rotation": 180, "texture": "#0"},
				"south": {"uv": [7, 7, 8.725, 8.757], "rotation": 180, "texture": "#0"},
				"west": {"uv": [7, 7, 8.725, 8.757], "rotation": 180, "texture": "#0"},
				"up": {"uv": [7, 7, 8.725, 8.757], "rotation": 180, "texture": "#0"},
				"down": {"uv": [7, 7, 8.725, 8.757], "rotation": 180, "texture": "#0"}
			}
		},
		{
			"from": [7.25849, 9.01606, 7.44624],
			"to": [7.80189, 9.17077, 19.73681],
			"rotation": {"angle": 0, "axis": "x", "origin": [7.59057, 7.64436, 6.64813]},
			"faces": {
				"north": {"uv": [7, 7, 8.725, 8.757], "rotation": 180, "texture": "#0"},
				"east": {"uv": [7, 7, 8.725, 8.757], "rotation": 180, "texture": "#0"},
				"south": {"uv": [7, 7, 8.725, 8.757], "rotation": 180, "texture": "#0"},
				"west": {"uv": [7, 7, 8.725, 8.757], "rotation": 180, "texture": "#0"},
				"up": {"uv": [7, 7, 8.725, 8.757], "rotation": 180, "texture": "#0"},
				"down": {"uv": [7, 7, 8.725, 8.757], "rotation": 180, "texture": "#0"}
			}
		},
		{
			"from": [7.25849, 10.2236, 7.44624],
			"to": [7.86226, 10.37832, 19.73681],
			"rotation": {"angle": 0, "axis": "x", "origin": [7.59057, 7.64436, 6.64813]},
			"faces": {
				"north": {"uv": [7, 7, 8.725, 8.757], "rotation": 180, "texture": "#0"},
				"east": {"uv": [7, 7, 8.725, 8.757], "rotation": 180, "texture": "#0"},
				"south": {"uv": [7, 7, 8.725, 8.757], "rotation": 180, "texture": "#0"},
				"west": {"uv": [7, 7, 8.725, 8.757], "rotation": 180, "texture": "#0"},
				"up": {"uv": [7, 7, 8.725, 8.757], "rotation": 180, "texture": "#0"},
				"down": {"uv": [7, 7, 8.725, 8.757], "rotation": 180, "texture": "#0"}
			}
		},
		{
			"from": [7.43962, 10.2236, 19.58209],
			"to": [7.68113, 10.80096, 19.73681],
			"rotation": {"angle": 0, "axis": "x", "origin": [7.59057, 7.64436, 6.64813]},
			"faces": {
				"north": {"uv": [7, 7, 8.725, 8.757], "rotation": 180, "texture": "#0"},
				"east": {"uv": [7, 7, 8.725, 8.757], "rotation": 180, "texture": "#0"},
				"south": {"uv": [7, 7, 8.725, 8.757], "rotation": 180, "texture": "#0"},
				"west": {"uv": [7, 7, 8.725, 8.757], "rotation": 180, "texture": "#0"},
				"up": {"uv": [7, 7, 8.725, 8.757], "rotation": 180, "texture": "#0"},
				"down": {"uv": [7, 7, 8.725, 8.757], "rotation": 180, "texture": "#0"}
			}
		},
		{
			"from": [7.62505, 8.85564, 7.44624],
			"to": [8.16844, 9.01036, 19.73681],
			"rotation": {"angle": 45, "axis": "z", "origin": [7.56038, 9.24436, 7.16134]},
			"faces": {
				"north": {"uv": [7, 7, 8.725, 8.757], "rotation": 180, "texture": "#0"},
				"east": {"uv": [7, 7, 8.725, 8.757], "rotation": 180, "texture": "#0"},
				"south": {"uv": [7, 7, 8.725, 8.757], "rotation": 180, "texture": "#0"},
				"west": {"uv": [7, 7, 8.725, 8.757], "rotation": 180, "texture": "#0"},
				"up": {"uv": [7, 7, 8.725, 8.757], "rotation": 180, "texture": "#0"},
				"down": {"uv": [7, 7, 8.725, 8.757], "rotation": 180, "texture": "#0"}
			}
		},
		{
			"from": [7.61772, 10.12016, 10.10285],
			"to": [8.16112, 10.24846, 14.72549],
			"rotation": {"angle": 45, "axis": "z", "origin": [7.56038, 9.24436, 7.16134]},
			"faces": {
				"north": {"uv": [7, 7, 8.725, 8.757], "rotation": 180, "texture": "#0"},
				"east": {"uv": [7, 7, 8.725, 8.757], "rotation": 180, "texture": "#0"},
				"south": {"uv": [7, 7, 8.725, 8.757], "rotation": 180, "texture": "#0"},
				"west": {"uv": [7, 7, 8.725, 8.757], "rotation": 180, "texture": "#0"},
				"up": {"uv": [7, 7, 8.725, 8.757], "rotation": 180, "texture": "#0"},
				"down": {"uv": [7, 7, 8.725, 8.757], "rotation": 180, "texture": "#0"}
			}
		},
		{
			"from": [7.61772, 10.12016, 7.32549],
			"to": [8.16112, 10.24846, 9.29153],
			"rotation": {"angle": 45, "axis": "z", "origin": [7.56038, 9.24436, 7.16134]},
			"faces": {
				"north": {"uv": [7, 7, 8.725, 8.757], "rotation": 180, "texture": "#0"},
				"east": {"uv": [7, 7, 8.725, 8.757], "rotation": 180, "texture": "#0"},
				"south": {"uv": [7, 7, 8.725, 8.757], "rotation": 180, "texture": "#0"},
				"west": {"uv": [7, 7, 8.725, 8.757], "rotation": 180, "texture": "#0"},
				"up": {"uv": [7, 7, 8.725, 8.757], "rotation": 180, "texture": "#0"},
				"down": {"uv": [7, 7, 8.725, 8.757], "rotation": 180, "texture": "#0"}
			}
		},
		{
			"from": [7.61772, 10.12016, 9.80096],
			"to": [7.79885, 10.24846, 14.72549],
			"rotation": {"angle": 45, "axis": "z", "origin": [7.56038, 9.24436, 7.16134]},
			"faces": {
				"north": {"uv": [7, 7, 8.725, 8.757], "rotation": 180, "texture": "#0"},
				"east": {"uv": [7, 7, 8.725, 8.757], "rotation": 180, "texture": "#0"},
				"south": {"uv": [7, 7, 8.725, 8.757], "rotation": 180, "texture": "#0"},
				"west": {"uv": [7, 7, 8.725, 8.757], "rotation": 180, "texture": "#0"},
				"up": {"uv": [7, 7, 8.725, 8.757], "rotation": 180, "texture": "#0"},
				"down": {"uv": [7, 7, 8.725, 8.757], "rotation": 180, "texture": "#0"}
			}
		},
		{
			"from": [7.61772, 10.12016, 16.20096],
			"to": [8.16112, 10.24846, 19.73681],
			"rotation": {"angle": 45, "axis": "z", "origin": [7.56038, 9.24436, 7.16134]},
			"faces": {
				"north": {"uv": [7, 7, 8.725, 8.757], "rotation": 180, "texture": "#0"},
				"east": {"uv": [7, 7, 8.725, 8.757], "rotation": 180, "texture": "#0"},
				"south": {"uv": [7, 7, 8.725, 8.757], "rotation": 180, "texture": "#0"},
				"west": {"uv": [7, 7, 8.725, 8.757], "rotation": 180, "texture": "#0"},
				"up": {"uv": [7, 7, 8.725, 8.757], "rotation": 180, "texture": "#0"},
				"down": {"uv": [7, 7, 8.725, 8.757], "rotation": 180, "texture": "#0"}
			}
		},
		{
			"from": [8.11698, 9.42549, 7.44624],
			"to": [8.2717, 9.96889, 19.73681],
			"rotation": {"angle": 0, "axis": "z", "origin": [8.10377, 9.48587, 7.16134]},
			"faces": {
				"north": {"uv": [7, 7, 8.725, 8.757], "rotation": 180, "texture": "#0"},
				"east": {"uv": [7, 7, 8.725, 8.757], "rotation": 180, "texture": "#0"},
				"south": {"uv": [7, 7, 8.725, 8.757], "rotation": 180, "texture": "#0"},
				"west": {"uv": [7, 7, 8.725, 8.757], "rotation": 180, "texture": "#0"},
				"up": {"uv": [7, 7, 8.725, 8.757], "rotation": 180, "texture": "#0"},
				"down": {"uv": [7, 7, 8.725, 8.757], "rotation": 180, "texture": "#0"}
			}
		},
		{
			"from": [6.88924, 10.13663, 7.44624],
			"to": [7.04395, 10.68002, 19.73681],
			"rotation": {"angle": 45, "axis": "z", "origin": [8.34528, 10.02926, 7.16134]},
			"faces": {
				"north": {"uv": [7, 7, 8.725, 8.757], "rotation": 180, "texture": "#0"},
				"east": {"uv": [7, 7, 8.725, 8.757], "rotation": 180, "texture": "#0"},
				"south": {"uv": [7, 7, 8.725, 8.757], "rotation": 180, "texture": "#0"},
				"west": {"uv": [7, 7, 8.725, 8.757], "rotation": 180, "texture": "#0"},
				"up": {"uv": [7, 7, 8.725, 8.757], "rotation": 180, "texture": "#0"},
				"down": {"uv": [7, 7, 8.725, 8.757], "rotation": 180, "texture": "#0"}
			}
		},
		{
			"from": [8.08465, 10.05124, 7.44624],
			"to": [8.23936, 10.59463, 19.73681],
			"rotation": {"angle": 45, "axis": "z", "origin": [8.34528, 10.02926, 7.16134]},
			"faces": {
				"north": {"uv": [7, 7, 8.725, 8.757], "rotation": 180, "texture": "#0"},
				"east": {"uv": [7, 7, 8.725, 8.757], "rotation": 180, "texture": "#0"},
				"south": {"uv": [7, 7, 8.725, 8.757], "rotation": 180, "texture": "#0"},
				"west": {"uv": [7, 7, 8.725, 8.757], "rotation": 180, "texture": "#0"},
				"up": {"uv": [7, 7, 8.725, 8.757], "rotation": 180, "texture": "#0"},
				"down": {"uv": [7, 7, 8.725, 8.757], "rotation": 180, "texture": "#0"}
			}
		},
		{
			"from": [6.84906, 9.42549, 12.6387],
			"to": [7.00377, 9.96889, 14.72549],
			"rotation": {"angle": 0, "axis": "z", "origin": [8.10377, 9.48587, 7.16134]},
			"faces": {
				"north": {"uv": [7, 7, 8.725, 8.757], "rotation": 180, "texture": "#0"},
				"east": {"uv": [7, 7, 8.725, 8.757], "rotation": 180, "texture": "#0"},
				"south": {"uv": [7, 7, 8.725, 8.757], "rotation": 180, "texture": "#0"},
				"west": {"uv": [7, 7, 8.725, 8.757], "rotation": 180, "texture": "#0"},
				"up": {"uv": [7, 7, 8.725, 8.757], "rotation": 180, "texture": "#0"},
				"down": {"uv": [7, 7, 8.725, 8.757], "rotation": 180, "texture": "#0"}
			}
		},
		{
			"from": [7.93585, 9.36511, 14.69153],
			"to": [9.17736, 10.33115, 16.23492],
			"rotation": {"angle": 0, "axis": "z", "origin": [8.10377, 9.48587, 7.16134]},
			"faces": {
				"north": {"uv": [7, 7, 8.725, 8.757], "rotation": 180, "texture": "#0"},
				"east": {"uv": [7, 7, 8.725, 8.757], "rotation": 180, "texture": "#0"},
				"south": {"uv": [7, 7, 8.725, 8.757], "rotation": 180, "texture": "#0"},
				"west": {"uv": [7, 7, 8.725, 8.757], "rotation": 180, "texture": "#0"},
				"up": {"uv": [7, 7, 8.725, 8.757], "rotation": 180, "texture": "#0"},
				"down": {"uv": [7, 7, 8.725, 8.757], "rotation": 180, "texture": "#0"}
			}
		},
		{
			"from": [7.93585, 9.42549, 14.75191],
			"to": [13.70566, 10.2104, 16.17455],
			"rotation": {"angle": 0, "axis": "z", "origin": [8.10377, 9.48587, 7.16134]},
			"faces": {
				"north": {"uv": [7, 7, 8.725, 8.757], "rotation": 180, "texture": "#0"},
				"east": {"uv": [7, 7, 8.725, 8.757], "rotation": 180, "texture": "#0"},
				"south": {"uv": [7, 7, 8.725, 8.757], "rotation": 180, "texture": "#0"},
				"west": {"uv": [7, 7, 8.725, 8.757], "rotation": 180, "texture": "#0"},
				"up": {"uv": [7, 7, 8.725, 8.757], "rotation": 180, "texture": "#0"},
				"down": {"uv": [7, 7, 8.725, 8.757], "rotation": 180, "texture": "#0"}
			}
		},
		{
			"from": [7.93585, 9.42549, 14.87266],
			"to": [10.62642, 10.27077, 16.05379],
			"rotation": {"angle": 0, "axis": "z", "origin": [8.10377, 9.48587, 7.16134]},
			"faces": {
				"north": {"uv": [7, 7, 8.725, 8.757], "rotation": 180, "texture": "#0"},
				"east": {"uv": [7, 7, 8.725, 8.757], "rotation": 180, "texture": "#0"},
				"south": {"uv": [7, 7, 8.725, 8.757], "rotation": 180, "texture": "#0"},
				"west": {"uv": [7, 7, 8.725, 8.757], "rotation": 180, "texture": "#0"},
				"up": {"uv": [7, 7, 8.725, 8.757], "rotation": 180, "texture": "#0"},
				"down": {"uv": [7, 7, 8.725, 8.757], "rotation": 180, "texture": "#0"}
			}
		},
		{
			"from": [6.84906, 9.42549, 7.38587],
			"to": [7.00377, 9.96889, 8.26511],
			"rotation": {"angle": 0, "axis": "z", "origin": [8.10377, 9.48587, 7.16134]},
			"faces": {
				"north": {"uv": [7, 7, 8.725, 8.757], "rotation": 180, "texture": "#0"},
				"east": {"uv": [7, 7, 8.725, 8.757], "rotation": 180, "texture": "#0"},
				"south": {"uv": [7, 7, 8.725, 8.757], "rotation": 180, "texture": "#0"},
				"west": {"uv": [7, 7, 8.725, 8.757], "rotation": 180, "texture": "#0"},
				"up": {"uv": [7, 7, 8.725, 8.757], "rotation": 180, "texture": "#0"},
				"down": {"uv": [7, 7, 8.725, 8.757], "rotation": 180, "texture": "#0"}
			}
		},
		{
			"from": [6.84906, 9.42549, 16.20096],
			"to": [7.00377, 9.96889, 19.73681],
			"rotation": {"angle": 0, "axis": "z", "origin": [8.10377, 9.48587, 7.16134]},
			"faces": {
				"north": {"uv": [7, 7, 8.725, 8.757], "rotation": 180, "texture": "#0"},
				"east": {"uv": [7, 7, 8.725, 8.757], "rotation": 180, "texture": "#0"},
				"south": {"uv": [7, 7, 8.725, 8.757], "rotation": 180, "texture": "#0"},
				"west": {"uv": [7, 7, 8.725, 8.757], "rotation": 180, "texture": "#0"},
				"up": {"uv": [7, 7, 8.725, 8.757], "rotation": 180, "texture": "#0"},
				"down": {"uv": [7, 7, 8.725, 8.757], "rotation": 180, "texture": "#0"}
			}
		},
		{
			"from": [7.5, 9.74058, 19.58209],
			"to": [7.74151, 9.8953, 20.46134],
			"rotation": {"angle": 0, "axis": "x", "origin": [7.59057, 7.64436, 6.64813]},
			"faces": {
				"north": {"uv": [7, 7, 8.725, 8.757], "rotation": 180, "texture": "#0"},
				"east": {"uv": [7, 7, 8.725, 8.757], "rotation": 180, "texture": "#0"},
				"south": {"uv": [7, 7, 8.725, 8.757], "rotation": 180, "texture": "#0"},
				"west": {"uv": [7, 7, 8.725, 8.757], "rotation": 180, "texture": "#0"},
				"up": {"uv": [7, 7, 8.725, 8.757], "rotation": 180, "texture": "#0"},
				"down": {"uv": [7, 7, 8.725, 8.757], "rotation": 180, "texture": "#0"}
			}
		},
		{
			"from": [7.5, 10.16323, 19.58209],
			"to": [7.74151, 10.31794, 20.46134],
			"rotation": {"angle": 0, "axis": "x", "origin": [7.59057, 7.64436, 6.64813]},
			"faces": {
				"north": {"uv": [7, 7, 8.725, 8.757], "rotation": 180, "texture": "#0"},
				"east": {"uv": [7, 7, 8.725, 8.757], "rotation": 180, "texture": "#0"},
				"south": {"uv": [7, 7, 8.725, 8.757], "rotation": 180, "texture": "#0"},
				"west": {"uv": [7, 7, 8.725, 8.757], "rotation": 180, "texture": "#0"},
				"up": {"uv": [7, 7, 8.725, 8.757], "rotation": 180, "texture": "#0"},
				"down": {"uv": [7, 7, 8.725, 8.757], "rotation": 180, "texture": "#0"}
			}
		},
		{
			"from": [8.05501, 9.49604, 19.58209],
			"to": [8.29652, 9.65076, 20.46134],
			"rotation": {"angle": 45, "axis": "z", "origin": [7.56038, 9.24436, 7.16134]},
			"faces": {
				"north": {"uv": [7, 7, 8.725, 8.757], "rotation": 180, "texture": "#0"},
				"east": {"uv": [7, 7, 8.725, 8.757], "rotation": 180, "texture": "#0"},
				"south": {"uv": [7, 7, 8.725, 8.757], "rotation": 180, "texture": "#0"},
				"west": {"uv": [7, 7, 8.725, 8.757], "rotation": 180, "texture": "#0"},
				"up": {"uv": [7, 7, 8.725, 8.757], "rotation": 180, "texture": "#0"},
				"down": {"uv": [7, 7, 8.725, 8.757], "rotation": 180, "texture": "#0"}
			}
		},
		{
			"from": [8.01232, 9.90669, 19.58209],
			"to": [8.25383, 10.035, 20.46134],
			"rotation": {"angle": 45, "axis": "z", "origin": [7.56038, 9.24436, 7.16134]},
			"faces": {
				"north": {"uv": [7, 7, 8.725, 8.757], "rotation": 180, "texture": "#0"},
				"east": {"uv": [7, 7, 8.725, 8.757], "rotation": 180, "texture": "#0"},
				"south": {"uv": [7, 7, 8.725, 8.757], "rotation": 180, "texture": "#0"},
				"west": {"uv": [7, 7, 8.725, 8.757], "rotation": 180, "texture": "#0"},
				"up": {"uv": [7, 7, 8.725, 8.757], "rotation": 180, "texture": "#0"},
				"down": {"uv": [7, 7, 8.725, 8.757], "rotation": 180, "texture": "#0"}
			}
		},
		{
			"from": [7.75472, 9.90851, 19.58209],
			"to": [7.90943, 10.15002, 20.46134],
			"rotation": {"angle": 0, "axis": "z", "origin": [8.10377, 9.48587, 7.16134]},
			"faces": {
				"north": {"uv": [7, 7, 8.725, 8.757], "rotation": 180, "texture": "#0"},
				"east": {"uv": [7, 7, 8.725, 8.757], "rotation": 180, "texture": "#0"},
				"south": {"uv": [7, 7, 8.725, 8.757], "rotation": 180, "texture": "#0"},
				"west": {"uv": [7, 7, 8.725, 8.757], "rotation": 180, "texture": "#0"},
				"up": {"uv": [7, 7, 8.725, 8.757], "rotation": 180, "texture": "#0"},
				"down": {"uv": [7, 7, 8.725, 8.757], "rotation": 180, "texture": "#0"}
			}
		},
		{
			"from": [7.54732, 10.39278, 19.58209],
			"to": [7.64166, 10.63429, 20.46134],
			"rotation": {"angle": 45, "axis": "z", "origin": [8.34528, 10.02926, 7.16134]},
			"faces": {
				"north": {"uv": [7, 7, 8.725, 8.757], "rotation": 180, "texture": "#0"},
				"east": {"uv": [7, 7, 8.725, 8.757], "rotation": 180, "texture": "#0"},
				"south": {"uv": [7, 7, 8.725, 8.757], "rotation": 180, "texture": "#0"},
				"west": {"uv": [7, 7, 8.725, 8.757], "rotation": 180, "texture": "#0"},
				"up": {"uv": [7, 7, 8.725, 8.757], "rotation": 180, "texture": "#0"},
				"down": {"uv": [7, 7, 8.725, 8.757], "rotation": 180, "texture": "#0"}
			}
		},
		{
			"from": [7.95657, 10.4562, 19.58209],
			"to": [8.11128, 10.63733, 20.46134],
			"rotation": {"angle": 45, "axis": "z", "origin": [8.34528, 10.02926, 7.16134]},
			"faces": {
				"north": {"uv": [7, 7, 8.725, 8.757], "rotation": 180, "texture": "#0"},
				"east": {"uv": [7, 7, 8.725, 8.757], "rotation": 180, "texture": "#0"},
				"south": {"uv": [7, 7, 8.725, 8.757], "rotation": 180, "texture": "#0"},
				"west": {"uv": [7, 7, 8.725, 8.757], "rotation": 180, "texture": "#0"},
				"up": {"uv": [7, 7, 8.725, 8.757], "rotation": 180, "texture": "#0"},
				"down": {"uv": [7, 7, 8.725, 8.757], "rotation": 180, "texture": "#0"}
			}
		},
		{
			"from": [7.33208, 9.90851, 19.58209],
			"to": [7.42642, 10.15002, 20.46134],
			"rotation": {"angle": 0, "axis": "z", "origin": [8.10377, 9.48587, 7.16134]},
			"faces": {
				"north": {"uv": [7, 7, 8.725, 8.757], "rotation": 180, "texture": "#0"},
				"east": {"uv": [7, 7, 8.725, 8.757], "rotation": 180, "texture": "#0"},
				"south": {"uv": [7, 7, 8.725, 8.757], "rotation": 180, "texture": "#0"},
				"west": {"uv": [7, 7, 8.725, 8.757], "rotation": 180, "texture": "#0"},
				"up": {"uv": [7, 7, 8.725, 8.757], "rotation": 180, "texture": "#0"},
				"down": {"uv": [7, 7, 8.725, 8.757], "rotation": 180, "texture": "#0"}
			}
		},
		{
			"from": [7.5, 9.4387, 7.38587],
			"to": [7.74151, 9.95568, 11.88775],
			"rotation": {"angle": 0, "axis": "x", "origin": [7.59057, 7.64436, 6.64813]},
			"faces": {
				"north": {"uv": [7, 7, 8.725, 8.757], "rotation": 180, "texture": "#0"},
				"east": {"uv": [7, 7, 8.725, 8.757], "rotation": 180, "texture": "#0"},
				"south": {"uv": [7, 7, 8.725, 8.757], "rotation": 180, "texture": "#0"},
				"west": {"uv": [7, 7, 8.725, 8.757], "rotation": 180, "texture": "#0"},
				"up": {"uv": [7, 7, 8.725, 8.757], "rotation": 180, "texture": "#0"},
				"down": {"uv": [7, 7, 8.725, 8.757], "rotation": 180, "texture": "#0"}
			}
		},
		{
			"from": [7.5, 9.86134, 7.38587],
			"to": [7.74151, 10.01606, 11.88775],
			"rotation": {"angle": 0, "axis": "x", "origin": [7.59057, 7.64436, 6.64813]},
			"faces": {
				"north": {"uv": [7, 7, 8.725, 8.757], "rotation": 180, "texture": "#0"},
				"east": {"uv": [7, 7, 8.725, 8.757], "rotation": 180, "texture": "#0"},
				"south": {"uv": [7, 7, 8.725, 8.757], "rotation": 180, "texture": "#0"},
				"west": {"uv": [7, 7, 8.725, 8.757], "rotation": 180, "texture": "#0"},
				"up": {"uv": [7, 7, 8.725, 8.757], "rotation": 180, "texture": "#0"},
				"down": {"uv": [7, 7, 8.725, 8.757], "rotation": 180, "texture": "#0"}
			}
		},
		{
			"from": [7.84155, 9.28257, 7.38587],
			"to": [8.08306, 9.43729, 11.88775],
			"rotation": {"angle": 45, "axis": "z", "origin": [7.56038, 9.24436, 7.16134]},
			"faces": {
				"north": {"uv": [7, 7, 8.725, 8.757], "rotation": 180, "texture": "#0"},
				"east": {"uv": [7, 7, 8.725, 8.757], "rotation": 180, "texture": "#0"},
				"south": {"uv": [7, 7, 8.725, 8.757], "rotation": 180, "texture": "#0"},
				"west": {"uv": [7, 7, 8.725, 8.757], "rotation": 180, "texture": "#0"},
				"up": {"uv": [7, 7, 8.725, 8.757], "rotation": 180, "texture": "#0"},
				"down": {"uv": [7, 7, 8.725, 8.757], "rotation": 180, "texture": "#0"}
			}
		},
		{
			"from": [7.79885, 9.69323, 7.38587],
			"to": [8.04036, 9.82153, 11.88775],
			"rotation": {"angle": 45, "axis": "z", "origin": [7.56038, 9.24436, 7.16134]},
			"faces": {
				"north": {"uv": [7, 7, 8.725, 8.757], "rotation": 180, "texture": "#0"},
				"east": {"uv": [7, 7, 8.725, 8.757], "rotation": 180, "texture": "#0"},
				"south": {"uv": [7, 7, 8.725, 8.757], "rotation": 180, "texture": "#0"},
				"west": {"uv": [7, 7, 8.725, 8.757], "rotation": 180, "texture": "#0"},
				"up": {"uv": [7, 7, 8.725, 8.757], "rotation": 180, "texture": "#0"},
				"down": {"uv": [7, 7, 8.725, 8.757], "rotation": 180, "texture": "#0"}
			}
		},
		{
			"from": [7.75472, 9.60662, 7.38587],
			"to": [7.90943, 9.84813, 11.88775],
			"rotation": {"angle": 0, "axis": "z", "origin": [8.10377, 9.48587, 7.16134]},
			"faces": {
				"north": {"uv": [7, 7, 8.725, 8.757], "rotation": 180, "texture": "#0"},
				"east": {"uv": [7, 7, 8.725, 8.757], "rotation": 180, "texture": "#0"},
				"south": {"uv": [7, 7, 8.725, 8.757], "rotation": 180, "texture": "#0"},
				"west": {"uv": [7, 7, 8.725, 8.757], "rotation": 180, "texture": "#0"},
				"up": {"uv": [7, 7, 8.725, 8.757], "rotation": 180, "texture": "#0"},
				"down": {"uv": [7, 7, 8.725, 8.757], "rotation": 180, "texture": "#0"}
			}
		},
		{
			"from": [7.33385, 10.17932, 7.38587],
			"to": [7.42819, 10.42083, 11.88775],
			"rotation": {"angle": 45, "axis": "z", "origin": [8.34528, 10.02926, 7.16134]},
			"faces": {
				"north": {"uv": [7, 7, 8.725, 8.757], "rotation": 180, "texture": "#0"},
				"east": {"uv": [7, 7, 8.725, 8.757], "rotation": 180, "texture": "#0"},
				"south": {"uv": [7, 7, 8.725, 8.757], "rotation": 180, "texture": "#0"},
				"west": {"uv": [7, 7, 8.725, 8.757], "rotation": 180, "texture": "#0"},
				"up": {"uv": [7, 7, 8.725, 8.757], "rotation": 180, "texture": "#0"},
				"down": {"uv": [7, 7, 8.725, 8.757], "rotation": 180, "texture": "#0"}
			}
		},
		{
			"from": [7.7431, 10.24273, 7.38587],
			"to": [7.89782, 10.42386, 11.88775],
			"rotation": {"angle": 45, "axis": "z", "origin": [8.34528, 10.02926, 7.16134]},
			"faces": {
				"north": {"uv": [7, 7, 8.725, 8.757], "rotation": 180, "texture": "#0"},
				"east": {"uv": [7, 7, 8.725, 8.757], "rotation": 180, "texture": "#0"},
				"south": {"uv": [7, 7, 8.725, 8.757], "rotation": 180, "texture": "#0"},
				"west": {"uv": [7, 7, 8.725, 8.757], "rotation": 180, "texture": "#0"},
				"up": {"uv": [7, 7, 8.725, 8.757], "rotation": 180, "texture": "#0"},
				"down": {"uv": [7, 7, 8.725, 8.757], "rotation": 180, "texture": "#0"}
			}
		},
		{
			"from": [7.33208, 9.60662, 7.38587],
			"to": [7.84906, 9.84813, 11.88775],
			"rotation": {"angle": 0, "axis": "z", "origin": [8.10377, 9.48587, 7.16134]},
			"faces": {
				"north": {"uv": [7, 7, 8.725, 8.757], "rotation": 180, "texture": "#0"},
				"east": {"uv": [7, 7, 8.725, 8.757], "rotation": 180, "texture": "#0"},
				"south": {"uv": [7, 7, 8.725, 8.757], "rotation": 180, "texture": "#0"},
				"west": {"uv": [7, 7, 8.725, 8.757], "rotation": 180, "texture": "#0"},
				"up": {"uv": [7, 7, 8.725, 8.757], "rotation": 180, "texture": "#0"},
				"down": {"uv": [7, 7, 8.725, 8.757], "rotation": 180, "texture": "#0"}
			}
		},
		{
			"from": [7.25849, 9.01606, 19.52172],
			"to": [7.80189, 10.37832, 19.73681],
			"rotation": {"angle": 0, "axis": "x", "origin": [7.59057, 7.64436, 6.64813]},
			"faces": {
				"north": {"uv": [7, 7, 8.725, 8.757], "rotation": 180, "texture": "#0"},
				"east": {"uv": [7, 7, 8.725, 8.757], "rotation": 180, "texture": "#0"},
				"south": {"uv": [7, 7, 8.725, 8.757], "rotation": 180, "texture": "#0"},
				"west": {"uv": [7, 7, 8.725, 8.757], "rotation": 180, "texture": "#0"},
				"up": {"uv": [7, 7, 8.725, 8.757], "rotation": 180, "texture": "#0"},
				"down": {"uv": [7, 7, 8.725, 8.757], "rotation": 180, "texture": "#0"}
			}
		},
		{
			"from": [7.25849, 10.2236, 19.52172],
			"to": [7.86226, 10.37832, 19.73681],
			"rotation": {"angle": 0, "axis": "x", "origin": [7.59057, 7.64436, 6.64813]},
			"faces": {
				"north": {"uv": [7, 7, 8.725, 8.757], "rotation": 180, "texture": "#0"},
				"east": {"uv": [7, 7, 8.725, 8.757], "rotation": 180, "texture": "#0"},
				"south": {"uv": [7, 7, 8.725, 8.757], "rotation": 180, "texture": "#0"},
				"west": {"uv": [7, 7, 8.725, 8.757], "rotation": 180, "texture": "#0"},
				"up": {"uv": [7, 7, 8.725, 8.757], "rotation": 180, "texture": "#0"},
				"down": {"uv": [7, 7, 8.725, 8.757], "rotation": 180, "texture": "#0"}
			}
		},
		{
			"from": [7.62505, 8.85564, 19.52172],
			"to": [8.16844, 9.01036, 19.73681],
			"rotation": {"angle": 45, "axis": "z", "origin": [7.56038, 9.24436, 7.16134]},
			"faces": {
				"north": {"uv": [7, 7, 8.725, 8.757], "rotation": 180, "texture": "#0"},
				"east": {"uv": [7, 7, 8.725, 8.757], "rotation": 180, "texture": "#0"},
				"south": {"uv": [7, 7, 8.725, 8.757], "rotation": 180, "texture": "#0"},
				"west": {"uv": [7, 7, 8.725, 8.757], "rotation": 180, "texture": "#0"},
				"up": {"uv": [7, 7, 8.725, 8.757], "rotation": 180, "texture": "#0"},
				"down": {"uv": [7, 7, 8.725, 8.757], "rotation": 180, "texture": "#0"}
			}
		},
		{
			"from": [7.61772, 8.91261, 19.52172],
			"to": [8.16112, 10.24846, 19.73681],
			"rotation": {"angle": 45, "axis": "z", "origin": [7.56038, 9.24436, 7.16134]},
			"faces": {
				"north": {"uv": [7, 7, 8.725, 8.757], "rotation": 180, "texture": "#0"},
				"east": {"uv": [7, 7, 8.725, 8.757], "rotation": 180, "texture": "#0"},
				"south": {"uv": [7, 7, 8.725, 8.757], "rotation": 180, "texture": "#0"},
				"west": {"uv": [7, 7, 8.725, 8.757], "rotation": 180, "texture": "#0"},
				"up": {"uv": [7, 7, 8.725, 8.757], "rotation": 180, "texture": "#0"},
				"down": {"uv": [7, 7, 8.725, 8.757], "rotation": 180, "texture": "#0"}
			}
		},
		{
			"from": [6.96981, 9.42549, 19.52172],
			"to": [8.2717, 9.96889, 19.73681],
			"rotation": {"angle": 0, "axis": "z", "origin": [8.10377, 9.48587, 7.16134]},
			"faces": {
				"north": {"uv": [7, 7, 8.725, 8.757], "rotation": 180, "texture": "#0"},
				"east": {"uv": [7, 7, 8.725, 8.757], "rotation": 180, "texture": "#0"},
				"south": {"uv": [7, 7, 8.725, 8.757], "rotation": 180, "texture": "#0"},
				"west": {"uv": [7, 7, 8.725, 8.757], "rotation": 180, "texture": "#0"},
				"up": {"uv": [7, 7, 8.725, 8.757], "rotation": 180, "texture": "#0"},
				"down": {"uv": [7, 7, 8.725, 8.757], "rotation": 180, "texture": "#0"}
			}
		},
		{
			"from": [6.88924, 10.13663, 19.52172],
			"to": [7.04395, 10.68002, 19.73681],
			"rotation": {"angle": 45, "axis": "z", "origin": [8.34528, 10.02926, 7.16134]},
			"faces": {
				"north": {"uv": [7, 7, 8.725, 8.757], "rotation": 180, "texture": "#0"},
				"east": {"uv": [7, 7, 8.725, 8.757], "rotation": 180, "texture": "#0"},
				"south": {"uv": [7, 7, 8.725, 8.757], "rotation": 180, "texture": "#0"},
				"west": {"uv": [7, 7, 8.725, 8.757], "rotation": 180, "texture": "#0"},
				"up": {"uv": [7, 7, 8.725, 8.757], "rotation": 180, "texture": "#0"},
				"down": {"uv": [7, 7, 8.725, 8.757], "rotation": 180, "texture": "#0"}
			}
		},
		{
			"from": [6.99785, 10.05124, 19.52172],
			"to": [8.23936, 10.59463, 19.73681],
			"rotation": {"angle": 45, "axis": "z", "origin": [8.34528, 10.02926, 7.16134]},
			"faces": {
				"north": {"uv": [7, 7, 8.725, 8.757], "rotation": 180, "texture": "#0"},
				"east": {"uv": [7, 7, 8.725, 8.757], "rotation": 180, "texture": "#0"},
				"south": {"uv": [7, 7, 8.725, 8.757], "rotation": 180, "texture": "#0"},
				"west": {"uv": [7, 7, 8.725, 8.757], "rotation": 180, "texture": "#0"},
				"up": {"uv": [7, 7, 8.725, 8.757], "rotation": 180, "texture": "#0"},
				"down": {"uv": [7, 7, 8.725, 8.757], "rotation": 180, "texture": "#0"}
			}
		},
		{
			"from": [6.84906, 9.42549, 19.52172],
			"to": [7.00377, 9.96889, 19.73681],
			"rotation": {"angle": 0, "axis": "z", "origin": [8.10377, 9.48587, 7.16134]},
			"faces": {
				"north": {"uv": [7, 7, 8.725, 8.757], "rotation": 180, "texture": "#0"},
				"east": {"uv": [7, 7, 8.725, 8.757], "rotation": 180, "texture": "#0"},
				"south": {"uv": [7, 7, 8.725, 8.757], "rotation": 180, "texture": "#0"},
				"west": {"uv": [7, 7, 8.725, 8.757], "rotation": 180, "texture": "#0"},
				"up": {"uv": [7, 7, 8.725, 8.757], "rotation": 180, "texture": "#0"},
				"down": {"uv": [7, 7, 8.725, 8.757], "rotation": 180, "texture": "#0"}
			}
		},
		{
			"from": [7.25849, 9.01606, 11.91417],
			"to": [7.80189, 10.37832, 12.12926],
			"rotation": {"angle": 0, "axis": "x", "origin": [7.59057, 7.64436, 6.64813]},
			"faces": {
				"north": {"uv": [7, 7, 8.725, 8.757], "rotation": 180, "texture": "#0"},
				"east": {"uv": [7, 7, 8.725, 8.757], "rotation": 180, "texture": "#0"},
				"south": {"uv": [7, 7, 8.725, 8.757], "rotation": 180, "texture": "#0"},
				"west": {"uv": [7, 7, 8.725, 8.757], "rotation": 180, "texture": "#0"},
				"up": {"uv": [7, 7, 8.725, 8.757], "rotation": 180, "texture": "#0"},
				"down": {"uv": [7, 7, 8.725, 8.757], "rotation": 180, "texture": "#0"}
			}
		},
		{
			"from": [7.25849, 10.2236, 11.91417],
			"to": [7.86226, 10.37832, 12.12926],
			"rotation": {"angle": 0, "axis": "x", "origin": [7.59057, 7.64436, 6.64813]},
			"faces": {
				"north": {"uv": [7, 7, 8.725, 8.757], "rotation": 180, "texture": "#0"},
				"east": {"uv": [7, 7, 8.725, 8.757], "rotation": 180, "texture": "#0"},
				"south": {"uv": [7, 7, 8.725, 8.757], "rotation": 180, "texture": "#0"},
				"west": {"uv": [7, 7, 8.725, 8.757], "rotation": 180, "texture": "#0"},
				"up": {"uv": [7, 7, 8.725, 8.757], "rotation": 180, "texture": "#0"},
				"down": {"uv": [7, 7, 8.725, 8.757], "rotation": 180, "texture": "#0"}
			}
		},
		{
			"from": [7.62505, 8.85564, 11.91417],
			"to": [8.16844, 9.01036, 12.12926],
			"rotation": {"angle": 45, "axis": "z", "origin": [7.56038, 9.24436, 7.16134]},
			"faces": {
				"north": {"uv": [7, 7, 8.725, 8.757], "rotation": 180, "texture": "#0"},
				"east": {"uv": [7, 7, 8.725, 8.757], "rotation": 180, "texture": "#0"},
				"south": {"uv": [7, 7, 8.725, 8.757], "rotation": 180, "texture": "#0"},
				"west": {"uv": [7, 7, 8.725, 8.757], "rotation": 180, "texture": "#0"},
				"up": {"uv": [7, 7, 8.725, 8.757], "rotation": 180, "texture": "#0"},
				"down": {"uv": [7, 7, 8.725, 8.757], "rotation": 180, "texture": "#0"}
			}
		},
		{
			"from": [7.61772, 8.91261, 11.91417],
			"to": [8.16112, 10.24846, 12.12926],
			"rotation": {"angle": 45, "axis": "z", "origin": [7.56038, 9.24436, 7.16134]},
			"faces": {
				"north": {"uv": [7, 7, 8.725, 8.757], "rotation": 180, "texture": "#0"},
				"east": {"uv": [7, 7, 8.725, 8.757], "rotation": 180, "texture": "#0"},
				"south": {"uv": [7, 7, 8.725, 8.757], "rotation": 180, "texture": "#0"},
				"west": {"uv": [7, 7, 8.725, 8.757], "rotation": 180, "texture": "#0"},
				"up": {"uv": [7, 7, 8.725, 8.757], "rotation": 180, "texture": "#0"},
				"down": {"uv": [7, 7, 8.725, 8.757], "rotation": 180, "texture": "#0"}
			}
		},
		{
			"from": [6.96981, 9.42549, 11.91417],
			"to": [8.2717, 9.96889, 12.12926],
			"rotation": {"angle": 0, "axis": "z", "origin": [8.10377, 9.48587, 7.16134]},
			"faces": {
				"north": {"uv": [7, 7, 8.725, 8.757], "rotation": 180, "texture": "#0"},
				"east": {"uv": [7, 7, 8.725, 8.757], "rotation": 180, "texture": "#0"},
				"south": {"uv": [7, 7, 8.725, 8.757], "rotation": 180, "texture": "#0"},
				"west": {"uv": [7, 7, 8.725, 8.757], "rotation": 180, "texture": "#0"},
				"up": {"uv": [7, 7, 8.725, 8.757], "rotation": 180, "texture": "#0"},
				"down": {"uv": [7, 7, 8.725, 8.757], "rotation": 180, "texture": "#0"}
			}
		},
		{
			"from": [6.88924, 10.13663, 11.91417],
			"to": [7.04395, 10.68002, 12.12926],
			"rotation": {"angle": 45, "axis": "z", "origin": [8.34528, 10.02926, 7.16134]},
			"faces": {
				"north": {"uv": [7, 7, 8.725, 8.757], "rotation": 180, "texture": "#0"},
				"east": {"uv": [7, 7, 8.725, 8.757], "rotation": 180, "texture": "#0"},
				"south": {"uv": [7, 7, 8.725, 8.757], "rotation": 180, "texture": "#0"},
				"west": {"uv": [7, 7, 8.725, 8.757], "rotation": 180, "texture": "#0"},
				"up": {"uv": [7, 7, 8.725, 8.757], "rotation": 180, "texture": "#0"},
				"down": {"uv": [7, 7, 8.725, 8.757], "rotation": 180, "texture": "#0"}
			}
		},
		{
			"from": [6.99785, 10.05124, 11.91417],
			"to": [8.23936, 10.59463, 12.12926],
			"rotation": {"angle": 45, "axis": "z", "origin": [8.34528, 10.02926, 7.16134]},
			"faces": {
				"north": {"uv": [7, 7, 8.725, 8.757], "rotation": 180, "texture": "#0"},
				"east": {"uv": [7, 7, 8.725, 8.757], "rotation": 180, "texture": "#0"},
				"south": {"uv": [7, 7, 8.725, 8.757], "rotation": 180, "texture": "#0"},
				"west": {"uv": [7, 7, 8.725, 8.757], "rotation": 180, "texture": "#0"},
				"up": {"uv": [7, 7, 8.725, 8.757], "rotation": 180, "texture": "#0"},
				"down": {"uv": [7, 7, 8.725, 8.757], "rotation": 180, "texture": "#0"}
			}
		},
		{
			"from": [6.96981, 9.42549, 11.91417],
			"to": [7.12453, 9.96889, 12.12926],
			"rotation": {"angle": 0, "axis": "z", "origin": [8.10377, 9.48587, 7.16134]},
			"faces": {
				"north": {"uv": [7, 7, 8.725, 8.757], "rotation": 180, "texture": "#0"},
				"east": {"uv": [7, 7, 8.725, 8.757], "rotation": 180, "texture": "#0"},
				"south": {"uv": [7, 7, 8.725, 8.757], "rotation": 180, "texture": "#0"},
				"west": {"uv": [7, 7, 8.725, 8.757], "rotation": 180, "texture": "#0"},
				"up": {"uv": [7, 7, 8.725, 8.757], "rotation": 180, "texture": "#0"},
				"down": {"uv": [7, 7, 8.725, 8.757], "rotation": 180, "texture": "#0"}
			}
		},
		{
			"from": [7.39245, 9.60662, 12.21606],
			"to": [7.54717, 9.84813, 13.69907],
			"rotation": {"angle": 0, "axis": "z", "origin": [8.10377, 9.48587, 7.16134]},
			"faces": {
				"north": {"uv": [7, 7, 8.725, 8.757], "rotation": 180, "texture": "#0"},
				"east": {"uv": [7, 7, 8.725, 8.757], "rotation": 180, "texture": "#0"},
				"south": {"uv": [7, 7, 8.725, 8.757], "rotation": 180, "texture": "#0"},
				"west": {"uv": [7, 7, 8.725, 8.757], "rotation": 180, "texture": "#0"},
				"up": {"uv": [7, 7, 8.725, 8.757], "rotation": 180, "texture": "#0"},
				"down": {"uv": [7, 7, 8.725, 8.757], "rotation": 180, "texture": "#0"}
			}
		},
		{
			"from": [6.10117, 9.667, 11.37739],
			"to": [7.22192, 9.84813, 11.53211],
			"rotation": {"angle": -22.5, "axis": "y", "origin": [5.71887, 9.75757, 11.38775]},
			"faces": {
				"north": {"uv": [7, 7, 8.725, 8.757], "rotation": 180, "texture": "#0"},
				"east": {"uv": [7, 7, 8.725, 8.757], "rotation": 180, "texture": "#0"},
				"south": {"uv": [7, 7, 8.725, 8.757], "rotation": 180, "texture": "#0"},
				"west": {"uv": [7, 7, 8.725, 8.757], "rotation": 180, "texture": "#0"},
				"up": {"uv": [7, 7, 8.725, 8.757], "rotation": 180, "texture": "#0"},
				"down": {"uv": [7, 7, 8.725, 8.757], "rotation": 180, "texture": "#0"}
			}
		},
		{
			"from": [7.06038, 5.85283, 0.06038],
			"to": [8.06038, 6.85283, 0.33585],
			"faces": {
				"north": {"uv": [8, 11, 9.725, 12.757], "texture": "#0"},
				"east": {"uv": [8, 11, 9.725, 12.757], "texture": "#0"},
				"south": {"uv": [8, 11, 9.725, 12.757], "texture": "#0"},
				"west": {"uv": [8, 11, 9.725, 12.757], "texture": "#0"},
				"up": {"uv": [8, 11, 9.725, 12.757], "texture": "#0"},
				"down": {"uv": [8, 11, 9.725, 12.757], "texture": "#0"}
			}
		},
		{
			"from": [7.31038, 7.23199, 0.33204],
			"to": [7.81038, 7.73199, 8.03392],
			"rotation": {"angle": -22.5, "axis": "x", "origin": [7.5, 6.35283, 3.48868]},
			"faces": {
				"north": {"uv": [8, 11, 9.725, 12.757], "texture": "#0"},
				"east": {"uv": [8, 11, 9.725, 12.757], "texture": "#0"},
				"south": {"uv": [8, 11, 9.725, 12.757], "texture": "#0"},
				"west": {"uv": [8, 11, 9.725, 12.757], "texture": "#0"},
				"up": {"uv": [8, 11, 9.725, 12.757], "texture": "#0"},
				"down": {"uv": [8, 11, 9.725, 12.757], "texture": "#0"}
			}
		},
		{
			"from": [6.93962, 4.70943, -0.06038],
			"to": [7.09434, 8.24528, 0.09434],
			"faces": {
				"north": {"uv": [8, 11, 9.725, 12.757], "texture": "#0"},
				"east": {"uv": [8, 11, 9.725, 12.757], "texture": "#0"},
				"south": {"uv": [8, 11, 9.725, 12.757], "texture": "#0"},
				"west": {"uv": [8, 11, 9.725, 12.757], "texture": "#0"},
				"up": {"uv": [8, 11, 9.725, 12.757], "texture": "#0"},
				"down": {"uv": [8, 11, 9.725, 12.757], "texture": "#0"}
			}
		},
		{
			"from": [8.02642, 4.70943, -0.06038],
			"to": [8.18113, 8.24528, 0.09434],
			"faces": {
				"north": {"uv": [8, 11, 9.725, 12.757], "texture": "#0"},
				"east": {"uv": [8, 11, 9.725, 12.757], "texture": "#0"},
				"south": {"uv": [8, 11, 9.725, 12.757], "texture": "#0"},
				"west": {"uv": [8, 11, 9.725, 12.757], "texture": "#0"},
				"up": {"uv": [8, 11, 9.725, 12.757], "texture": "#0"},
				"down": {"uv": [8, 11, 9.725, 12.757], "texture": "#0"}
			}
		},
		{
			"from": [7, 5.79623, -0.06038],
			"to": [8.18113, 7.21887, 0.09434],
			"faces": {
				"north": {"uv": [8, 11, 9.725, 12.757], "texture": "#0"},
				"east": {"uv": [8, 11, 9.725, 12.757], "texture": "#0"},
				"south": {"uv": [8, 11, 9.725, 12.757], "texture": "#0"},
				"west": {"uv": [8, 11, 9.725, 12.757], "texture": "#0"},
				"up": {"uv": [8, 11, 9.725, 12.757], "texture": "#0"},
				"down": {"uv": [8, 11, 9.725, 12.757], "texture": "#0"}
			}
		},
		{
			"from": [7.43962, 6.58113, 5.13208],
			"to": [7.68113, 8.48679, 5.28679],
			"rotation": {"angle": -22.5, "axis": "x", "origin": [7.59057, 7.77547, 5.20943]},
			"faces": {
				"north": {"uv": [8, 11, 9.725, 12.757], "texture": "#0"},
				"east": {"uv": [8, 11, 9.725, 12.757], "texture": "#0"},
				"south": {"uv": [8, 11, 9.725, 12.757], "texture": "#0"},
				"west": {"uv": [8, 11, 9.725, 12.757], "texture": "#0"},
				"up": {"uv": [8, 11, 9.725, 12.757], "texture": "#0"},
				"down": {"uv": [8, 11, 9.725, 12.757], "texture": "#0"}
			}
		},
		{
			"from": [7.43962, 7.26422, 6.2421],
			"to": [7.68113, 9.16988, 6.39682],
			"rotation": {"angle": 45, "axis": "x", "origin": [7.59057, 7.77547, 5.20943]},
			"faces": {
				"north": {"uv": [8, 11, 9.725, 12.757], "texture": "#0"},
				"east": {"uv": [8, 11, 9.725, 12.757], "texture": "#0"},
				"south": {"uv": [8, 11, 9.725, 12.757], "texture": "#0"},
				"west": {"uv": [8, 11, 9.725, 12.757], "texture": "#0"},
				"up": {"uv": [8, 11, 9.725, 12.757], "texture": "#0"},
				"down": {"uv": [8, 11, 9.725, 12.757], "texture": "#0"}
			}
		},
		{
			"from": [7.43962, 6.90285, 5.63492],
			"to": [7.68113, 7.2387, 5.97077],
			"rotation": {"angle": 0, "axis": "x", "origin": [7.59057, 7.64436, 6.64813]},
			"faces": {
				"north": {"uv": [8, 11, 9.725, 12.757], "rotation": 180, "texture": "#0"},
				"east": {"uv": [8, 11, 9.725, 12.757], "rotation": 180, "texture": "#0"},
				"south": {"uv": [8, 11, 9.725, 12.757], "rotation": 180, "texture": "#0"},
				"west": {"uv": [8, 11, 9.725, 12.757], "rotation": 180, "texture": "#0"},
				"up": {"uv": [8, 11, 9.725, 12.757], "rotation": 180, "texture": "#0"},
				"down": {"uv": [8, 11, 9.725, 12.757], "rotation": 180, "texture": "#0"}
			}
		},
		{
			"from": [7.43962, 7.50662, 6.17832],
			"to": [7.68113, 7.84247, 6.57455],
			"rotation": {"angle": 0, "axis": "x", "origin": [7.59057, 7.64436, 6.64813]},
			"faces": {
				"north": {"uv": [8, 11, 9.725, 12.757], "rotation": 180, "texture": "#0"},
				"east": {"uv": [8, 11, 9.725, 12.757], "rotation": 180, "texture": "#0"},
				"south": {"uv": [8, 11, 9.725, 12.757], "rotation": 180, "texture": "#0"},
				"west": {"uv": [8, 11, 9.725, 12.757], "rotation": 180, "texture": "#0"},
				"up": {"uv": [8, 11, 9.725, 12.757], "rotation": 180, "texture": "#0"},
				"down": {"uv": [8, 11, 9.725, 12.757], "rotation": 180, "texture": "#0"}
			}
		},
		{
			"from": [7.43962, 7.32549, 6.17832],
			"to": [7.68113, 7.84247, 6.39341],
			"rotation": {"angle": 0, "axis": "x", "origin": [7.59057, 7.64436, 6.64813]},
			"faces": {
				"north": {"uv": [8, 11, 9.725, 12.757], "rotation": 180, "texture": "#0"},
				"east": {"uv": [8, 11, 9.725, 12.757], "rotation": 180, "texture": "#0"},
				"south": {"uv": [8, 11, 9.725, 12.757], "rotation": 180, "texture": "#0"},
				"west": {"uv": [8, 11, 9.725, 12.757], "rotation": 180, "texture": "#0"},
				"up": {"uv": [8, 11, 9.725, 12.757], "rotation": 180, "texture": "#0"},
				"down": {"uv": [8, 11, 9.725, 12.757], "rotation": 180, "texture": "#0"}
			}
		},
		{
			"from": [7.43962, 6.72172, 5.57455],
			"to": [7.68113, 7.2387, 5.78964],
			"rotation": {"angle": 0, "axis": "x", "origin": [7.59057, 7.64436, 6.64813]},
			"faces": {
				"north": {"uv": [8, 11, 9.725, 12.757], "rotation": 180, "texture": "#0"},
				"east": {"uv": [8, 11, 9.725, 12.757], "rotation": 180, "texture": "#0"},
				"south": {"uv": [8, 11, 9.725, 12.757], "rotation": 180, "texture": "#0"},
				"west": {"uv": [8, 11, 9.725, 12.757], "rotation": 180, "texture": "#0"},
				"up": {"uv": [8, 11, 9.725, 12.757], "rotation": 180, "texture": "#0"},
				"down": {"uv": [8, 11, 9.725, 12.757], "rotation": 180, "texture": "#0"}
			}
		},
		{
			"from": [7.43962, 7.86889, 5.57455],
			"to": [7.68113, 8.38587, 5.78964],
			"rotation": {"angle": 0, "axis": "x", "origin": [7.59057, 7.64436, 6.64813]},
			"faces": {
				"north": {"uv": [8, 11, 9.725, 12.757], "rotation": 180, "texture": "#0"},
				"east": {"uv": [8, 11, 9.725, 12.757], "rotation": 180, "texture": "#0"},
				"south": {"uv": [8, 11, 9.725, 12.757], "rotation": 180, "texture": "#0"},
				"west": {"uv": [8, 11, 9.725, 12.757], "rotation": 180, "texture": "#0"},
				"up": {"uv": [8, 11, 9.725, 12.757], "rotation": 180, "texture": "#0"},
				"down": {"uv": [8, 11, 9.725, 12.757], "rotation": 180, "texture": "#0"}
			}
		},
		{
			"from": [7.43962, 7.68775, 6.05757],
			"to": [7.68113, 8.20474, 6.75568],
			"rotation": {"angle": 0, "axis": "x", "origin": [7.59057, 7.64436, 6.64813]},
			"faces": {
				"north": {"uv": [8, 11, 9.725, 12.757], "rotation": 180, "texture": "#0"},
				"east": {"uv": [8, 11, 9.725, 12.757], "rotation": 180, "texture": "#0"},
				"south": {"uv": [8, 11, 9.725, 12.757], "rotation": 180, "texture": "#0"},
				"west": {"uv": [8, 11, 9.725, 12.757], "rotation": 180, "texture": "#0"},
				"up": {"uv": [8, 11, 9.725, 12.757], "rotation": 180, "texture": "#0"},
				"down": {"uv": [8, 11, 9.725, 12.757], "rotation": 180, "texture": "#0"}
			}
		},
		{
			"from": [7.43962, 7.567, 5.27266],
			"to": [7.68113, 8.08398, 5.48775],
			"rotation": {"angle": 0, "axis": "x", "origin": [7.59057, 7.64436, 6.64813]},
			"faces": {
				"north": {"uv": [8, 11, 9.725, 12.757], "rotation": 180, "texture": "#0"},
				"east": {"uv": [8, 11, 9.725, 12.757], "rotation": 180, "texture": "#0"},
				"south": {"uv": [8, 11, 9.725, 12.757], "rotation": 180, "texture": "#0"},
				"west": {"uv": [8, 11, 9.725, 12.757], "rotation": 180, "texture": "#0"},
				"up": {"uv": [8, 11, 9.725, 12.757], "rotation": 180, "texture": "#0"},
				"down": {"uv": [8, 11, 9.725, 12.757], "rotation": 180, "texture": "#0"}
			}
		},
		{
			"from": [7.43962, 7.86889, 5.75568],
			"to": [7.68113, 8.74813, 6.93681],
			"rotation": {"angle": 0, "axis": "x", "origin": [7.59057, 7.64436, 6.64813]},
			"faces": {
				"north": {"uv": [8, 11, 9.725, 12.757], "rotation": 180, "texture": "#0"},
				"east": {"uv": [8, 11, 9.725, 12.757], "rotation": 180, "texture": "#0"},
				"south": {"uv": [8, 11, 9.725, 12.757], "rotation": 180, "texture": "#0"},
				"west": {"uv": [8, 11, 9.725, 12.757], "rotation": 180, "texture": "#0"},
				"up": {"uv": [8, 11, 9.725, 12.757], "rotation": 180, "texture": "#0"},
				"down": {"uv": [8, 11, 9.725, 12.757], "rotation": 180, "texture": "#0"}
			}
		},
		{
			"from": [7.37925, 8.77455, 6.78209],
			"to": [7.74151, 9.1104, 12.67266],
			"rotation": {"angle": 0, "axis": "x", "origin": [7.59057, 7.64436, 6.64813]},
			"faces": {
				"north": {"uv": [8, 11, 9.725, 12.757], "rotation": 180, "texture": "#0"},
				"east": {"uv": [8, 11, 9.725, 12.757], "rotation": 180, "texture": "#0"},
				"south": {"uv": [8, 11, 9.725, 12.757], "rotation": 180, "texture": "#0"},
				"west": {"uv": [8, 11, 9.725, 12.757], "rotation": 180, "texture": "#0"},
				"up": {"uv": [8, 11, 9.725, 12.757], "rotation": 180, "texture": "#0"},
				"down": {"uv": [8, 11, 9.725, 12.757], "rotation": 180, "texture": "#0"}
			}
		},
		{
			"from": [7.37925, 7.86889, 6.78209],
			"to": [7.74151, 9.1104, 11.82738],
			"rotation": {"angle": 0, "axis": "x", "origin": [7.59057, 7.64436, 6.64813]},
			"faces": {
				"north": {"uv": [8, 11, 9.725, 12.757], "rotation": 180, "texture": "#0"},
				"east": {"uv": [8, 11, 9.725, 12.757], "rotation": 180, "texture": "#0"},
				"south": {"uv": [8, 11, 9.725, 12.757], "rotation": 180, "texture": "#0"},
				"west": {"uv": [8, 11, 9.725, 12.757], "rotation": 180, "texture": "#0"},
				"up": {"uv": [8, 11, 9.725, 12.757], "rotation": 180, "texture": "#0"},
				"down": {"uv": [8, 11, 9.725, 12.757], "rotation": 180, "texture": "#0"}
			}
		},
		{
			"from": [7.5, 7.54632, 7.58378],
			"to": [7.56038, 8.30481, 7.67812],
			"rotation": {"angle": 0, "axis": "x", "origin": [7.53019, 7.62368, 7.63095]},
			"faces": {
				"north": {"uv": [8, 11, 9.725, 12.757], "rotation": 180, "texture": "#0"},
				"east": {"uv": [8, 11, 9.725, 12.757], "rotation": 180, "texture": "#0"},
				"south": {"uv": [8, 11, 9.725, 12.757], "rotation": 180, "texture": "#0"},
				"west": {"uv": [8, 11, 9.725, 12.757], "rotation": 180, "texture": "#0"},
				"up": {"uv": [8, 11, 9.725, 12.757], "rotation": 180, "texture": "#0"},
				"down": {"uv": [8, 11, 9.725, 12.757], "rotation": 180, "texture": "#0"}
			}
		},
		{
			"from": [7.5, 7.20971, 7.67856],
			"to": [7.56038, 7.9682, 7.7729],
			"rotation": {"angle": -22.5, "axis": "x", "origin": [7.53019, 7.36806, 7.59106]},
			"faces": {
				"north": {"uv": [8, 11, 9.725, 12.757], "rotation": 180, "texture": "#0"},
				"east": {"uv": [8, 11, 9.725, 12.757], "rotation": 180, "texture": "#0"},
				"south": {"uv": [8, 11, 9.725, 12.757], "rotation": 180, "texture": "#0"},
				"west": {"uv": [8, 11, 9.725, 12.757], "rotation": 180, "texture": "#0"},
				"up": {"uv": [8, 11, 9.725, 12.757], "rotation": 180, "texture": "#0"},
				"down": {"uv": [8, 11, 9.725, 12.757], "rotation": 180, "texture": "#0"}
			}
		},
		{
			"from": [7.5, 7.3394, 7.39544],
			"to": [7.56038, 7.43374, 7.73129],
			"rotation": {"angle": 22.5, "axis": "x", "origin": [7.53019, 7.30769, 7.53069]},
			"faces": {
				"north": {"uv": [8, 11, 9.725, 12.757], "texture": "#0"},
				"east": {"uv": [8, 11, 9.725, 12.757], "texture": "#0"},
				"south": {"uv": [8, 11, 9.725, 12.757], "texture": "#0"},
				"west": {"uv": [8, 11, 9.725, 12.757], "texture": "#0"},
				"up": {"uv": [8, 11, 9.725, 12.757], "texture": "#0"},
				"down": {"uv": [8, 11, 9.725, 12.757], "texture": "#0"}
			}
		},
		{
			"from": [7.5, 7.26499, 7.3865],
			"to": [7.56038, 7.84235, 7.54122],
			"rotation": {"angle": -22.5, "axis": "x", "origin": [7.53019, 7.7953, 7.37266]},
			"faces": {
				"north": {"uv": [8, 11, 9.725, 12.757], "rotation": 180, "texture": "#0"},
				"east": {"uv": [8, 11, 9.725, 12.757], "rotation": 180, "texture": "#0"},
				"south": {"uv": [8, 11, 9.725, 12.757], "rotation": 180, "texture": "#0"},
				"west": {"uv": [8, 11, 9.725, 12.757], "rotation": 180, "texture": "#0"},
				"up": {"uv": [8, 11, 9.725, 12.757], "rotation": 180, "texture": "#0"},
				"down": {"uv": [8, 11, 9.725, 12.757], "rotation": 180, "texture": "#0"}
			}
		},
		{
			"from": [7.5, 7.39782, 7.24763],
			"to": [7.5, 7.60084, 7.48084],
			"rotation": {"angle": -22.5, "axis": "x", "origin": [7.53019, 7.7953, 7.37266]},
			"faces": {
				"north": {"uv": [8, 11, 9.725, 12.757], "rotation": 180, "texture": "#0"},
				"east": {"uv": [8, 11, 9.725, 12.757], "rotation": 180, "texture": "#0"},
				"south": {"uv": [8, 11, 9.725, 12.757], "rotation": 180, "texture": "#0"},
				"west": {"uv": [8, 11, 9.725, 12.757], "rotation": 180, "texture": "#0"},
				"up": {"uv": [8, 11, 9.725, 12.757], "rotation": 180, "texture": "#0"},
				"down": {"uv": [8, 11, 9.725, 12.757], "rotation": 180, "texture": "#0"}
			}
		},
		{
			"from": [7.5, 7.0328, 6.98343],
			"to": [7.56038, 7.17544, 7.07173],
			"rotation": {"angle": -22.5, "axis": "x", "origin": [7.53019, 7.25191, 7.07077]},
			"faces": {
				"north": {"uv": [8, 11, 9.725, 12.757], "rotation": 180, "texture": "#0"},
				"east": {"uv": [8, 11, 9.725, 12.757], "rotation": 180, "texture": "#0"},
				"south": {"uv": [8, 11, 9.725, 12.757], "rotation": 180, "texture": "#0"},
				"west": {"uv": [8, 11, 9.725, 12.757], "rotation": 180, "texture": "#0"},
				"up": {"uv": [8, 11, 9.725, 12.757], "rotation": 180, "texture": "#0"},
				"down": {"uv": [8, 11, 9.725, 12.757], "rotation": 180, "texture": "#0"}
			}
		},
		{
			"from": [7.5, 6.96323, 8.23115],
			"to": [7.56038, 7.05757, 8.44624],
			"rotation": {"angle": -22.5, "axis": "x", "origin": [7.53019, 7.0104, 8.3387]},
			"faces": {
				"north": {"uv": [8, 11, 9.725, 12.757], "texture": "#0"},
				"east": {"uv": [8, 11, 9.725, 12.757], "texture": "#0"},
				"south": {"uv": [8, 11, 9.725, 12.757], "texture": "#0"},
				"west": {"uv": [8, 11, 9.725, 12.757], "texture": "#0"},
				"up": {"uv": [8, 11, 9.725, 12.757], "texture": "#0"},
				"down": {"uv": [8, 11, 9.725, 12.757], "texture": "#0"}
			}
		},
		{
			"from": [7.5, 6.99552, 7.1256],
			"to": [7.56038, 7.08986, 7.34069],
			"rotation": {"angle": 22.5, "axis": "x", "origin": [7.53019, 7.13115, 7.13115]},
			"faces": {
				"north": {"uv": [8, 11, 9.725, 12.757], "texture": "#0"},
				"east": {"uv": [8, 11, 9.725, 12.757], "texture": "#0"},
				"south": {"uv": [8, 11, 9.725, 12.757], "texture": "#0"},
				"west": {"uv": [8, 11, 9.725, 12.757], "texture": "#0"},
				"up": {"uv": [8, 11, 9.725, 12.757], "texture": "#0"},
				"down": {"uv": [8, 11, 9.725, 12.757], "texture": "#0"}
			}
		},
		{
			"from": [7.5, 6.92096, 7.26511],
			"to": [7.56038, 7.0153, 8.25907],
			"rotation": {"angle": 0, "axis": "x", "origin": [7.53019, 7.0104, 7.25191]},
			"faces": {
				"north": {"uv": [8, 11, 9.725, 12.757], "texture": "#0"},
				"east": {"uv": [8, 11, 9.725, 12.757], "texture": "#0"},
				"south": {"uv": [8, 11, 9.725, 12.757], "texture": "#0"},
				"west": {"uv": [8, 11, 9.725, 12.757], "texture": "#0"},
				"up": {"uv": [8, 11, 9.725, 12.757], "texture": "#0"},
				"down": {"uv": [8, 11, 9.725, 12.757], "texture": "#0"}
			}
		},
		{
			"from": [7.37925, 7.32549, 7.0236],
			"to": [7.74151, 7.41983, 7.11794],
			"rotation": {"angle": 0, "axis": "x", "origin": [7.59057, 7.64436, 6.64813]},
			"faces": {
				"north": {"uv": [8, 11, 9.725, 12.757], "rotation": 180, "texture": "#0"},
				"east": {"uv": [8, 11, 9.725, 12.757], "rotation": 180, "texture": "#0"},
				"south": {"uv": [8, 11, 9.725, 12.757], "rotation": 180, "texture": "#0"},
				"west": {"uv": [8, 11, 9.725, 12.757], "rotation": 180, "texture": "#0"},
				"up": {"uv": [8, 11, 9.725, 12.757], "rotation": 180, "texture": "#0"},
				"down": {"uv": [8, 11, 9.725, 12.757], "rotation": 180, "texture": "#0"}
			}
		},
		{
			"from": [7.37925, 7.32549, 7.0236],
			"to": [7.43962, 8.38587, 7.11794],
			"rotation": {"angle": 0, "axis": "x", "origin": [7.59057, 7.64436, 6.64813]},
			"faces": {
				"north": {"uv": [8, 11, 9.725, 12.757], "rotation": 180, "texture": "#0"},
				"east": {"uv": [8, 11, 9.725, 12.757], "rotation": 180, "texture": "#0"},
				"south": {"uv": [8, 11, 9.725, 12.757], "rotation": 180, "texture": "#0"},
				"west": {"uv": [8, 11, 9.725, 12.757], "rotation": 180, "texture": "#0"},
				"up": {"uv": [8, 11, 9.725, 12.757], "rotation": 180, "texture": "#0"},
				"down": {"uv": [8, 11, 9.725, 12.757], "rotation": 180, "texture": "#0"}
			}
		},
		{
			"from": [7.68113, 7.32549, 7.0236],
			"to": [7.74151, 8.38587, 7.11794],
			"rotation": {"angle": 0, "axis": "x", "origin": [7.59057, 7.64436, 6.64813]},
			"faces": {
				"north": {"uv": [8, 11, 9.725, 12.757], "rotation": 180, "texture": "#0"},
				"east": {"uv": [8, 11, 9.725, 12.757], "rotation": 180, "texture": "#0"},
				"south": {"uv": [8, 11, 9.725, 12.757], "rotation": 180, "texture": "#0"},
				"west": {"uv": [8, 11, 9.725, 12.757], "rotation": 180, "texture": "#0"},
				"up": {"uv": [8, 11, 9.725, 12.757], "rotation": 180, "texture": "#0"},
				"down": {"uv": [8, 11, 9.725, 12.757], "rotation": 180, "texture": "#0"}
			}
		},
		{
			"from": [7.5, 7.08373, 8.35228],
			"to": [7.56038, 7.29882, 8.44662],
			"rotation": {"angle": 22.5, "axis": "x", "origin": [7.53019, 7.0104, 8.27832]},
			"faces": {
				"north": {"uv": [8, 11, 9.725, 12.757], "rotation": 180, "texture": "#0"},
				"east": {"uv": [8, 11, 9.725, 12.757], "rotation": 180, "texture": "#0"},
				"south": {"uv": [8, 11, 9.725, 12.757], "rotation": 180, "texture": "#0"},
				"west": {"uv": [8, 11, 9.725, 12.757], "rotation": 180, "texture": "#0"},
				"up": {"uv": [8, 11, 9.725, 12.757], "rotation": 180, "texture": "#0"},
				"down": {"uv": [8, 11, 9.725, 12.757], "rotation": 180, "texture": "#0"}
			}
		},
		{
			"from": [7.5, 7.14436, 7.0236],
			"to": [7.56038, 7.35945, 7.11794],
			"rotation": {"angle": 0, "axis": "x", "origin": [7.59057, 7.64436, 6.64813]},
			"faces": {
				"north": {"uv": [8, 11, 9.725, 12.757], "rotation": 180, "texture": "#0"},
				"east": {"uv": [8, 11, 9.725, 12.757], "rotation": 180, "texture": "#0"},
				"south": {"uv": [8, 11, 9.725, 12.757], "rotation": 180, "texture": "#0"},
				"west": {"uv": [8, 11, 9.725, 12.757], "rotation": 180, "texture": "#0"},
				"up": {"uv": [8, 11, 9.725, 12.757], "rotation": 180, "texture": "#0"},
				"down": {"uv": [8, 11, 9.725, 12.757], "rotation": 180, "texture": "#0"}
			}
		},
		{
			"from": [7.5, 7.20474, 8.44851],
			"to": [7.56038, 8.0236, 8.53681],
			"rotation": {"angle": 0, "axis": "x", "origin": [7.53019, 7.13115, 8.45945]},
			"faces": {
				"north": {"uv": [8, 11, 9.725, 12.757], "rotation": 180, "texture": "#0"},
				"east": {"uv": [8, 11, 9.725, 12.757], "rotation": 180, "texture": "#0"},
				"south": {"uv": [8, 11, 9.725, 12.757], "rotation": 180, "texture": "#0"},
				"west": {"uv": [8, 11, 9.725, 12.757], "rotation": 180, "texture": "#0"},
				"up": {"uv": [8, 11, 9.725, 12.757], "rotation": 180, "texture": "#0"},
				"down": {"uv": [8, 11, 9.725, 12.757], "rotation": 180, "texture": "#0"}
			}
		},
		{
			"from": [7.5, 7.567, 7.33757],
			"to": [7.56038, 8.0236, 7.48021],
			"rotation": {"angle": 0, "axis": "x", "origin": [7.53019, 7.13115, 8.45945]},
			"faces": {
				"north": {"uv": [8, 11, 9.725, 12.757], "rotation": 180, "texture": "#0"},
				"east": {"uv": [8, 11, 9.725, 12.757], "rotation": 180, "texture": "#0"},
				"south": {"uv": [8, 11, 9.725, 12.757], "rotation": 180, "texture": "#0"},
				"west": {"uv": [8, 11, 9.725, 12.757], "rotation": 180, "texture": "#0"},
				"up": {"uv": [8, 11, 9.725, 12.757], "rotation": 180, "texture": "#0"},
				"down": {"uv": [8, 11, 9.725, 12.757], "rotation": 180, "texture": "#0"}
			}
		},
		{
			"from": [7.37925, 8.41228, 6.78209],
			"to": [7.74151, 9.1104, 12.3104],
			"rotation": {"angle": 0, "axis": "x", "origin": [7.59057, 7.64436, 6.64813]},
			"faces": {
				"north": {"uv": [8, 11, 9.725, 12.757], "rotation": 180, "texture": "#0"},
				"east": {"uv": [8, 11, 9.725, 12.757], "rotation": 180, "texture": "#0"},
				"south": {"uv": [8, 11, 9.725, 12.757], "rotation": 180, "texture": "#0"},
				"west": {"uv": [8, 11, 9.725, 12.757], "rotation": 180, "texture": "#0"},
				"up": {"uv": [8, 11, 9.725, 12.757], "rotation": 180, "texture": "#0"},
				"down": {"uv": [8, 11, 9.725, 12.757], "rotation": 180, "texture": "#0"}
			}
		},
		{
			"from": [7.31887, 7.86889, 10.2236],
			"to": [7.80189, 9.1104, 11.82738],
			"rotation": {"angle": 0, "axis": "x", "origin": [7.59057, 7.64436, 6.64813]},
			"faces": {
				"north": {"uv": [8, 11, 9.725, 12.757], "rotation": 180, "texture": "#0"},
				"east": {"uv": [8, 11, 9.725, 12.757], "rotation": 180, "texture": "#0"},
				"south": {"uv": [8, 11, 9.725, 12.757], "rotation": 180, "texture": "#0"},
				"west": {"uv": [8, 11, 9.725, 12.757], "rotation": 180, "texture": "#0"},
				"up": {"uv": [8, 11, 9.725, 12.757], "rotation": 180, "texture": "#0"},
				"down": {"uv": [8, 11, 9.725, 12.757], "rotation": 180, "texture": "#0"}
			}
		},
		{
			"from": [7.31887, 7.86889, 9.31794],
			"to": [7.80189, 8.38587, 11.82738],
			"rotation": {"angle": 0, "axis": "x", "origin": [7.59057, 7.64436, 6.64813]},
			"faces": {
				"north": {"uv": [8, 11, 9.725, 12.757], "rotation": 180, "texture": "#0"},
				"east": {"uv": [8, 11, 9.725, 12.757], "rotation": 180, "texture": "#0"},
				"south": {"uv": [8, 11, 9.725, 12.757], "rotation": 180, "texture": "#0"},
				"west": {"uv": [8, 11, 9.725, 12.757], "rotation": 180, "texture": "#0"},
				"up": {"uv": [8, 11, 9.725, 12.757], "rotation": 180, "texture": "#0"},
				"down": {"uv": [8, 11, 9.725, 12.757], "rotation": 180, "texture": "#0"}
			}
		},
		{
			"from": [7.25849, 8.46284, 8.72846],
			"to": [7.31887, 8.55718, 9.54733],
			"rotation": {"angle": 22.5, "axis": "x", "origin": [7.37925, 8.3387, 8.88209]},
			"faces": {
				"north": {"uv": [8, 11, 9.725, 12.757], "rotation": 180, "texture": "#0"},
				"east": {"uv": [8, 11, 9.725, 12.757], "rotation": 180, "texture": "#0"},
				"south": {"uv": [8, 11, 9.725, 12.757], "rotation": 180, "texture": "#0"},
				"west": {"uv": [8, 11, 9.725, 12.757], "rotation": 180, "texture": "#0"},
				"up": {"uv": [8, 11, 9.725, 12.757], "rotation": 180, "texture": "#0"},
				"down": {"uv": [8, 11, 9.725, 12.757], "rotation": 180, "texture": "#0"}
			}
		},
		{
			"from": [7.25849, 8.77937, 9.54874],
			"to": [7.43962, 8.87371, 9.76383],
			"rotation": {"angle": 45, "axis": "x", "origin": [7.34906, 8.57038, 9.74167]},
			"faces": {
				"north": {"uv": [8, 11, 9.725, 12.757], "rotation": 180, "texture": "#0"},
				"east": {"uv": [8, 11, 9.725, 12.757], "rotation": 180, "texture": "#0"},
				"south": {"uv": [8, 11, 9.725, 12.757], "rotation": 180, "texture": "#0"},
				"west": {"uv": [8, 11, 9.725, 12.757], "rotation": 180, "texture": "#0"},
				"up": {"uv": [8, 11, 9.725, 12.757], "rotation": 180, "texture": "#0"},
				"down": {"uv": [8, 11, 9.725, 12.757], "rotation": 180, "texture": "#0"}
			}
		},
		{
			"from": [7.25849, 8.46284, 9.63412],
			"to": [7.43962, 8.91944, 9.84922],
			"rotation": {"angle": 0, "axis": "x", "origin": [7.34906, 8.57038, 9.74167]},
			"faces": {
				"north": {"uv": [8, 11, 9.725, 12.757], "rotation": 180, "texture": "#0"},
				"east": {"uv": [8, 11, 9.725, 12.757], "rotation": 180, "texture": "#0"},
				"south": {"uv": [8, 11, 9.725, 12.757], "rotation": 180, "texture": "#0"},
				"west": {"uv": [8, 11, 9.725, 12.757], "rotation": 180, "texture": "#0"},
				"up": {"uv": [8, 11, 9.725, 12.757], "rotation": 180, "texture": "#0"},
				"down": {"uv": [8, 11, 9.725, 12.757], "rotation": 180, "texture": "#0"}
			}
		},
		{
			"from": [7.25849, 8.39513, 9.59143],
			"to": [7.43962, 8.79136, 9.80652],
			"rotation": {"angle": 45, "axis": "x", "origin": [7.34906, 8.57038, 9.74167]},
			"faces": {
				"north": {"uv": [8, 11, 9.725, 12.757], "rotation": 180, "texture": "#0"},
				"east": {"uv": [8, 11, 9.725, 12.757], "rotation": 180, "texture": "#0"},
				"south": {"uv": [8, 11, 9.725, 12.757], "rotation": 180, "texture": "#0"},
				"west": {"uv": [8, 11, 9.725, 12.757], "rotation": 180, "texture": "#0"},
				"up": {"uv": [8, 11, 9.725, 12.757], "rotation": 180, "texture": "#0"},
				"down": {"uv": [8, 11, 9.725, 12.757], "rotation": 180, "texture": "#0"}
			}
		},
		{
			"from": [7.25849, 8.40246, 9.63412],
			"to": [7.43962, 8.4968, 9.84922],
			"rotation": {"angle": 0, "axis": "x", "origin": [7.34906, 8.57038, 9.74167]},
			"faces": {
				"north": {"uv": [8, 11, 9.725, 12.757], "rotation": 180, "texture": "#0"},
				"east": {"uv": [8, 11, 9.725, 12.757], "rotation": 180, "texture": "#0"},
				"south": {"uv": [8, 11, 9.725, 12.757], "rotation": 180, "texture": "#0"},
				"west": {"uv": [8, 11, 9.725, 12.757], "rotation": 180, "texture": "#0"},
				"up": {"uv": [8, 11, 9.725, 12.757], "rotation": 180, "texture": "#0"},
				"down": {"uv": [8, 11, 9.725, 12.757], "rotation": 180, "texture": "#0"}
			}
		},
		{
			"from": [7.25849, 8.52321, 9.87563],
			"to": [7.43962, 8.73831, 9.96997],
			"rotation": {"angle": 0, "axis": "x", "origin": [7.34906, 8.63076, 9.62091]},
			"faces": {
				"north": {"uv": [8, 11, 9.725, 12.757], "texture": "#0"},
				"east": {"uv": [8, 11, 9.725, 12.757], "texture": "#0"},
				"south": {"uv": [8, 11, 9.725, 12.757], "texture": "#0"},
				"west": {"uv": [8, 11, 9.725, 12.757], "texture": "#0"},
				"up": {"uv": [8, 11, 9.725, 12.757], "texture": "#0"},
				"down": {"uv": [8, 11, 9.725, 12.757], "texture": "#0"}
			}
		},
		{
			"from": [7.25849, 8.52321, 9.51337],
			"to": [7.43962, 8.73831, 9.60771],
			"rotation": {"angle": 0, "axis": "x", "origin": [7.34906, 8.63076, 9.62091]},
			"faces": {
				"north": {"uv": [8, 11, 9.725, 12.757], "texture": "#0"},
				"east": {"uv": [8, 11, 9.725, 12.757], "texture": "#0"},
				"south": {"uv": [8, 11, 9.725, 12.757], "texture": "#0"},
				"west": {"uv": [8, 11, 9.725, 12.757], "texture": "#0"},
				"up": {"uv": [8, 11, 9.725, 12.757], "texture": "#0"},
				"down": {"uv": [8, 11, 9.725, 12.757], "texture": "#0"}
			}
		},
		{
			"from": [7.25849, 8.72935, 9.51337],
			"to": [7.43962, 8.94445, 9.60771],
			"rotation": {"angle": 45, "axis": "x", "origin": [7.34906, 8.75152, 9.56054]},
			"faces": {
				"north": {"uv": [8, 11, 9.725, 12.757], "texture": "#0"},
				"east": {"uv": [8, 11, 9.725, 12.757], "texture": "#0"},
				"south": {"uv": [8, 11, 9.725, 12.757], "texture": "#0"},
				"west": {"uv": [8, 11, 9.725, 12.757], "texture": "#0"},
				"up": {"uv": [8, 11, 9.725, 12.757], "texture": "#0"},
				"down": {"uv": [8, 11, 9.725, 12.757], "texture": "#0"}
			}
		},
		{
			"from": [7.25849, 8.68666, 9.59572],
			"to": [7.43962, 8.90176, 9.99195],
			"rotation": {"angle": 45, "axis": "x", "origin": [7.34906, 8.75152, 9.56054]},
			"faces": {
				"north": {"uv": [8, 11, 9.725, 12.757], "texture": "#0"},
				"east": {"uv": [8, 11, 9.725, 12.757], "texture": "#0"},
				"south": {"uv": [8, 11, 9.725, 12.757], "texture": "#0"},
				"west": {"uv": [8, 11, 9.725, 12.757], "texture": "#0"},
				"up": {"uv": [8, 11, 9.725, 12.757], "texture": "#0"},
				"down": {"uv": [8, 11, 9.725, 12.757], "texture": "#0"}
			}
		},
		{
			"from": [7.31887, 8.41228, 10.2236],
			"to": [7.80189, 9.1104, 12.3104],
			"rotation": {"angle": 0, "axis": "x", "origin": [7.59057, 7.64436, 6.64813]},
			"faces": {
				"north": {"uv": [8, 11, 9.725, 12.757], "rotation": 180, "texture": "#0"},
				"east": {"uv": [8, 11, 9.725, 12.757], "rotation": 180, "texture": "#0"},
				"south": {"uv": [8, 11, 9.725, 12.757], "rotation": 180, "texture": "#0"},
				"west": {"uv": [8, 11, 9.725, 12.757], "rotation": 180, "texture": "#0"},
				"up": {"uv": [8, 11, 9.725, 12.757], "rotation": 180, "texture": "#0"},
				"down": {"uv": [8, 11, 9.725, 12.757], "rotation": 180, "texture": "#0"}
			}
		},
		{
			"from": [7.31887, 8.76544, 11.48243],
			"to": [7.80189, 9.97072, 11.95714],
			"rotation": {"angle": 45, "axis": "x", "origin": [7.56038, 8.48964, 10.81417]},
			"faces": {
				"north": {"uv": [8, 11, 9.725, 12.757], "rotation": 180, "texture": "#0"},
				"east": {"uv": [8, 11, 9.725, 12.757], "rotation": 180, "texture": "#0"},
				"south": {"uv": [8, 11, 9.725, 12.757], "rotation": 180, "texture": "#0"},
				"west": {"uv": [8, 11, 9.725, 12.757], "rotation": 180, "texture": "#0"},
				"up": {"uv": [8, 11, 9.725, 12.757], "rotation": 180, "texture": "#0"},
				"down": {"uv": [8, 11, 9.725, 12.757], "rotation": 180, "texture": "#0"}
			}
		},
		{
			"from": [7.31887, 8.71417, 10.2236],
			"to": [7.80189, 9.1104, 12.67266],
			"rotation": {"angle": 0, "axis": "x", "origin": [7.59057, 7.64436, 6.64813]},
			"faces": {
				"north": {"uv": [8, 11, 9.725, 12.757], "rotation": 180, "texture": "#0"},
				"east": {"uv": [8, 11, 9.725, 12.757], "rotation": 180, "texture": "#0"},
				"south": {"uv": [8, 11, 9.725, 12.757], "rotation": 180, "texture": "#0"},
				"west": {"uv": [8, 11, 9.725, 12.757], "rotation": 180, "texture": "#0"},
				"up": {"uv": [8, 11, 9.725, 12.757], "rotation": 180, "texture": "#0"},
				"down": {"uv": [8, 11, 9.725, 12.757], "rotation": 180, "texture": "#0"}
			}
		},
		{
			"from": [7.43962, 7.74813, 5.15191],
			"to": [7.68113, 8.38587, 5.60851],
			"rotation": {"angle": 0, "axis": "x", "origin": [7.59057, 7.64436, 6.64813]},
			"faces": {
				"north": {"uv": [8, 11, 9.725, 12.757], "rotation": 180, "texture": "#0"},
				"east": {"uv": [8, 11, 9.725, 12.757], "rotation": 180, "texture": "#0"},
				"south": {"uv": [8, 11, 9.725, 12.757], "rotation": 180, "texture": "#0"},
				"west": {"uv": [8, 11, 9.725, 12.757], "rotation": 180, "texture": "#0"},
				"up": {"uv": [8, 11, 9.725, 12.757], "rotation": 180, "texture": "#0"},
				"down": {"uv": [8, 11, 9.725, 12.757], "rotation": 180, "texture": "#0"}
			}
		},
		{
			"from": [7.43962, 7.80851, 5.6953],
			"to": [7.68113, 7.96323, 6.03115],
			"rotation": {"angle": 0, "axis": "x", "origin": [7.59057, 7.64436, 6.64813]},
			"faces": {
				"north": {"uv": [8, 11, 9.725, 12.757], "rotation": 180, "texture": "#0"},
				"east": {"uv": [8, 11, 9.725, 12.757], "rotation": 180, "texture": "#0"},
				"south": {"uv": [8, 11, 9.725, 12.757], "rotation": 180, "texture": "#0"},
				"west": {"uv": [8, 11, 9.725, 12.757], "rotation": 180, "texture": "#0"},
				"up": {"uv": [8, 11, 9.725, 12.757], "rotation": 180, "texture": "#0"},
				"down": {"uv": [8, 11, 9.725, 12.757], "rotation": 180, "texture": "#0"}
			}
		},
		{
			"from": [7.43962, 7.20688, 5.59741],
			"to": [7.68113, 7.54273, 5.75213],
			"rotation": {"angle": -45, "axis": "x", "origin": [7.59057, 7.16134, 5.80285]},
			"faces": {
				"north": {"uv": [8, 11, 9.725, 12.757], "texture": "#0"},
				"east": {"uv": [8, 11, 9.725, 12.757], "texture": "#0"},
				"south": {"uv": [8, 11, 9.725, 12.757], "texture": "#0"},
				"west": {"uv": [8, 11, 9.725, 12.757], "texture": "#0"},
				"up": {"uv": [8, 11, 9.725, 12.757], "texture": "#0"},
				"down": {"uv": [8, 11, 9.725, 12.757], "texture": "#0"}
			}
		},
		{
			"from": [7.43962, 7.24957, 6.3232],
			"to": [7.68113, 7.58542, 6.47791],
			"rotation": {"angle": -45, "axis": "x", "origin": [7.59057, 7.16134, 5.80285]},
			"faces": {
				"north": {"uv": [8, 11, 9.725, 12.757], "texture": "#0"},
				"east": {"uv": [8, 11, 9.725, 12.757], "texture": "#0"},
				"south": {"uv": [8, 11, 9.725, 12.757], "texture": "#0"},
				"west": {"uv": [8, 11, 9.725, 12.757], "texture": "#0"},
				"up": {"uv": [8, 11, 9.725, 12.757], "texture": "#0"},
				"down": {"uv": [8, 11, 9.725, 12.757], "texture": "#0"}
			}
		},
		{
			"from": [7.43962, 7.32764, 5.3559],
			"to": [7.68113, 7.66348, 5.51062],
			"rotation": {"angle": 0, "axis": "x", "origin": [7.59057, 7.16134, 5.80285]},
			"faces": {
				"north": {"uv": [8, 11, 9.725, 12.757], "texture": "#0"},
				"east": {"uv": [8, 11, 9.725, 12.757], "texture": "#0"},
				"south": {"uv": [8, 11, 9.725, 12.757], "texture": "#0"},
				"west": {"uv": [8, 11, 9.725, 12.757], "texture": "#0"},
				"up": {"uv": [8, 11, 9.725, 12.757], "texture": "#0"},
				"down": {"uv": [8, 11, 9.725, 12.757], "texture": "#0"}
			}
		},
		{
			"from": [7.43962, 7.32764, 6.08043],
			"to": [7.68113, 7.66348, 6.23515],
			"rotation": {"angle": 0, "axis": "x", "origin": [7.59057, 7.16134, 5.80285]},
			"faces": {
				"north": {"uv": [8, 11, 9.725, 12.757], "texture": "#0"},
				"east": {"uv": [8, 11, 9.725, 12.757], "texture": "#0"},
				"south": {"uv": [8, 11, 9.725, 12.757], "texture": "#0"},
				"west": {"uv": [8, 11, 9.725, 12.757], "texture": "#0"},
				"up": {"uv": [8, 11, 9.725, 12.757], "texture": "#0"},
				"down": {"uv": [8, 11, 9.725, 12.757], "texture": "#0"}
			}
		},
		{
			"from": [7.43962, 7.54628, 5.56419],
			"to": [7.68113, 7.701, 5.90004],
			"rotation": {"angle": -45, "axis": "x", "origin": [7.59057, 7.49556, 5.43326]},
			"faces": {
				"north": {"uv": [8, 11, 9.725, 12.757], "texture": "#0"},
				"east": {"uv": [8, 11, 9.725, 12.757], "texture": "#0"},
				"south": {"uv": [8, 11, 9.725, 12.757], "texture": "#0"},
				"west": {"uv": [8, 11, 9.725, 12.757], "texture": "#0"},
				"up": {"uv": [8, 11, 9.725, 12.757], "texture": "#0"},
				"down": {"uv": [8, 11, 9.725, 12.757], "texture": "#0"}
			}
		},
		{
			"from": [7.43962, 6.8205, 5.52149],
			"to": [7.68113, 6.97521, 5.85734],
			"rotation": {"angle": -45, "axis": "x", "origin": [7.59057, 7.49556, 5.43326]},
			"faces": {
				"north": {"uv": [8, 11, 9.725, 12.757], "texture": "#0"},
				"east": {"uv": [8, 11, 9.725, 12.757], "texture": "#0"},
				"south": {"uv": [8, 11, 9.725, 12.757], "texture": "#0"},
				"west": {"uv": [8, 11, 9.725, 12.757], "texture": "#0"},
				"up": {"uv": [8, 11, 9.725, 12.757], "texture": "#0"},
				"down": {"uv": [8, 11, 9.725, 12.757], "texture": "#0"}
			}
		},
		{
			"from": [7.73958, 8.28039, -0.06038],
			"to": [7.8943, 8.55586, 0.09434],
			"rotation": {"angle": 22.5, "axis": "z", "origin": [8.10377, 8.95283, 0.01698]},
			"faces": {
				"north": {"uv": [8, 11, 9.725, 12.757], "texture": "#0"},
				"east": {"uv": [8, 11, 9.725, 12.757], "texture": "#0"},
				"south": {"uv": [8, 11, 9.725, 12.757], "texture": "#0"},
				"west": {"uv": [8, 11, 9.725, 12.757], "texture": "#0"},
				"up": {"uv": [8, 11, 9.725, 12.757], "texture": "#0"},
				"down": {"uv": [8, 11, 9.725, 12.757], "texture": "#0"}
			}
		},
		{
			"from": [6.54671, 7.78, -0.06038],
			"to": [6.70142, 8.20039, 0.09434],
			"rotation": {"angle": 22.5, "axis": "z", "origin": [8.10377, 8.95283, 0.01698]},
			"faces": {
				"north": {"uv": [8, 11, 9.725, 12.757], "texture": "#0"},
				"east": {"uv": [8, 11, 9.725, 12.757], "texture": "#0"},
				"south": {"uv": [8, 11, 9.725, 12.757], "texture": "#0"},
				"west": {"uv": [8, 11, 9.725, 12.757], "texture": "#0"},
				"up": {"uv": [8, 11, 9.725, 12.757], "texture": "#0"},
				"down": {"uv": [8, 11, 9.725, 12.757], "texture": "#0"}
			}
		},
		{
			"from": [5.41454, 5.19163, -0.06038],
			"to": [5.56926, 5.4671, 0.09434],
			"rotation": {"angle": 22.5, "axis": "z", "origin": [8.10377, 8.95283, 0.01698]},
			"faces": {
				"north": {"uv": [8, 11, 9.725, 12.757], "texture": "#0"},
				"east": {"uv": [8, 11, 9.725, 12.757], "texture": "#0"},
				"south": {"uv": [8, 11, 9.725, 12.757], "texture": "#0"},
				"west": {"uv": [8, 11, 9.725, 12.757], "texture": "#0"},
				"up": {"uv": [8, 11, 9.725, 12.757], "texture": "#0"},
				"down": {"uv": [8, 11, 9.725, 12.757], "texture": "#0"}
			}
		},
		{
			"from": [6.60741, 5.5471, -0.06038],
			"to": [6.76213, 5.82257, 0.09434],
			"rotation": {"angle": 22.5, "axis": "z", "origin": [8.10377, 8.95283, 0.01698]},
			"faces": {
				"north": {"uv": [8, 11, 9.725, 12.757], "texture": "#0"},
				"east": {"uv": [8, 11, 9.725, 12.757], "texture": "#0"},
				"south": {"uv": [8, 11, 9.725, 12.757], "texture": "#0"},
				"west": {"uv": [8, 11, 9.725, 12.757], "texture": "#0"},
				"up": {"uv": [8, 11, 9.725, 12.757], "texture": "#0"},
				"down": {"uv": [8, 11, 9.725, 12.757], "texture": "#0"}
			}
		},
		{
			"from": [7.74789, 8.33705, -0.06038],
			"to": [8.02336, 8.49177, 0.09434],
			"rotation": {"angle": -22.5, "axis": "z", "origin": [8.0434, 8.34906, 0.01698]},
			"faces": {
				"north": {"uv": [8, 11, 9.725, 12.757], "rotation": 270, "texture": "#0"},
				"east": {"uv": [8, 11, 9.725, 12.757], "rotation": 270, "texture": "#0"},
				"south": {"uv": [8, 11, 9.725, 12.757], "rotation": 270, "texture": "#0"},
				"west": {"uv": [8, 11, 9.725, 12.757], "rotation": 270, "texture": "#0"},
				"up": {"uv": [8, 11, 9.725, 12.757], "rotation": 270, "texture": "#0"},
				"down": {"uv": [8, 11, 9.725, 12.757], "rotation": 270, "texture": "#0"}
			}
		},
		{
			"from": [7.50335, 6.88838, -0.06038],
			"to": [7.8392, 7.16385, 0.09434],
			"rotation": {"angle": -22.5, "axis": "z", "origin": [8.0434, 8.34906, 0.01698]},
			"faces": {
				"north": {"uv": [8, 11, 9.725, 12.757], "rotation": 270, "texture": "#0"},
				"east": {"uv": [8, 11, 9.725, 12.757], "rotation": 270, "texture": "#0"},
				"south": {"uv": [8, 11, 9.725, 12.757], "rotation": 270, "texture": "#0"},
				"west": {"uv": [8, 11, 9.725, 12.757], "rotation": 270, "texture": "#0"},
				"up": {"uv": [8, 11, 9.725, 12.757], "rotation": 270, "texture": "#0"},
				"down": {"uv": [8, 11, 9.725, 12.757], "rotation": 270, "texture": "#0"}
			}
		},
		{
			"from": [8.60347, 4.37821, -0.06038],
			"to": [8.87894, 4.53293, 0.09434],
			"rotation": {"angle": -22.5, "axis": "z", "origin": [8.0434, 8.34906, 0.01698]},
			"faces": {
				"north": {"uv": [8, 11, 9.725, 12.757], "rotation": 270, "texture": "#0"},
				"east": {"uv": [8, 11, 9.725, 12.757], "rotation": 270, "texture": "#0"},
				"south": {"uv": [8, 11, 9.725, 12.757], "rotation": 270, "texture": "#0"},
				"west": {"uv": [8, 11, 9.725, 12.757], "rotation": 270, "texture": "#0"},
				"up": {"uv": [8, 11, 9.725, 12.757], "rotation": 270, "texture": "#0"},
				"down": {"uv": [8, 11, 9.725, 12.757], "rotation": 270, "texture": "#0"}
			}
		},
		{
			"from": [8.42971, 5.68265, -0.06038],
			"to": [9.12782, 6.0185, 0.09434],
			"rotation": {"angle": -22.5, "axis": "z", "origin": [8.0434, 8.34906, 0.01698]},
			"faces": {
				"north": {"uv": [8, 11, 9.725, 12.757], "rotation": 270, "texture": "#0"},
				"east": {"uv": [8, 11, 9.725, 12.757], "rotation": 270, "texture": "#0"},
				"south": {"uv": [8, 11, 9.725, 12.757], "rotation": 270, "texture": "#0"},
				"west": {"uv": [8, 11, 9.725, 12.757], "rotation": 270, "texture": "#0"},
				"up": {"uv": [8, 11, 9.725, 12.757], "rotation": 270, "texture": "#0"},
				"down": {"uv": [8, 11, 9.725, 12.757], "rotation": 270, "texture": "#0"}
			}
		},
		{
			"from": [7.30189, 8.45283, -0.06038],
			"to": [7.81887, 8.60755, 0.09434],
			"rotation": {"angle": 0, "axis": "z", "origin": [7.92264, 8.46981, 0.01698]},
			"faces": {
				"north": {"uv": [8, 11, 9.725, 12.757], "rotation": 270, "texture": "#0"},
				"east": {"uv": [8, 11, 9.725, 12.757], "rotation": 270, "texture": "#0"},
				"south": {"uv": [8, 11, 9.725, 12.757], "rotation": 270, "texture": "#0"},
				"west": {"uv": [8, 11, 9.725, 12.757], "rotation": 270, "texture": "#0"},
				"up": {"uv": [8, 11, 9.725, 12.757], "rotation": 270, "texture": "#0"},
				"down": {"uv": [8, 11, 9.725, 12.757], "rotation": 270, "texture": "#0"}
			}
		},
		{
			"from": [7.30189, 7.18491, -0.06038],
			"to": [7.81887, 7.33962, 0.09434],
			"rotation": {"angle": 0, "axis": "z", "origin": [7.92264, 8.46981, 0.01698]},
			"faces": {
				"north": {"uv": [8, 11, 9.725, 12.757], "rotation": 270, "texture": "#0"},
				"east": {"uv": [8, 11, 9.725, 12.757], "rotation": 270, "texture": "#0"},
				"south": {"uv": [8, 11, 9.725, 12.757], "rotation": 270, "texture": "#0"},
				"west": {"uv": [8, 11, 9.725, 12.757], "rotation": 270, "texture": "#0"},
				"up": {"uv": [8, 11, 9.725, 12.757], "rotation": 270, "texture": "#0"},
				"down": {"uv": [8, 11, 9.725, 12.757], "rotation": 270, "texture": "#0"}
			}
		},
		{
			"from": [7.30189, 4.34717, -0.06038],
			"to": [7.81887, 4.50189, 0.09434],
			"rotation": {"angle": 0, "axis": "z", "origin": [7.92264, 8.46981, 0.01698]},
			"faces": {
				"north": {"uv": [8, 11, 9.725, 12.757], "rotation": 270, "texture": "#0"},
				"east": {"uv": [8, 11, 9.725, 12.757], "rotation": 270, "texture": "#0"},
				"south": {"uv": [8, 11, 9.725, 12.757], "rotation": 270, "texture": "#0"},
				"west": {"uv": [8, 11, 9.725, 12.757], "rotation": 270, "texture": "#0"},
				"up": {"uv": [8, 11, 9.725, 12.757], "rotation": 270, "texture": "#0"},
				"down": {"uv": [8, 11, 9.725, 12.757], "rotation": 270, "texture": "#0"}
			}
		},
		{
			"from": [7.24151, 5.55472, -0.06038],
			"to": [7.87925, 5.83019, 0.09434],
			"rotation": {"angle": 0, "axis": "z", "origin": [7.92264, 8.46981, 0.01698]},
			"faces": {
				"north": {"uv": [8, 11, 9.725, 12.757], "rotation": 270, "texture": "#0"},
				"east": {"uv": [8, 11, 9.725, 12.757], "rotation": 270, "texture": "#0"},
				"south": {"uv": [8, 11, 9.725, 12.757], "rotation": 270, "texture": "#0"},
				"west": {"uv": [8, 11, 9.725, 12.757], "rotation": 270, "texture": "#0"},
				"up": {"uv": [8, 11, 9.725, 12.757], "rotation": 270, "texture": "#0"},
				"down": {"uv": [8, 11, 9.725, 12.757], "rotation": 270, "texture": "#0"}
			}
		},
		{
			"from": [6.98609, 8.16051, -0.06038],
			"to": [7.1408, 8.43599, 0.09434],
			"rotation": {"angle": -22.5, "axis": "z", "origin": [7.19811, 8.28868, 0.01698]},
			"faces": {
				"north": {"uv": [8, 11, 9.725, 12.757], "rotation": 180, "texture": "#0"},
				"east": {"uv": [8, 11, 9.725, 12.757], "rotation": 180, "texture": "#0"},
				"south": {"uv": [8, 11, 9.725, 12.757], "rotation": 180, "texture": "#0"},
				"west": {"uv": [8, 11, 9.725, 12.757], "rotation": 180, "texture": "#0"},
				"up": {"uv": [8, 11, 9.725, 12.757], "rotation": 180, "texture": "#0"},
				"down": {"uv": [8, 11, 9.725, 12.757], "rotation": 180, "texture": "#0"}
			}
		},
		{
			"from": [8.20206, 7.74926, -0.06038],
			"to": [8.35678, 8.02473, 0.09434],
			"rotation": {"angle": -22.5, "axis": "z", "origin": [7.19811, 8.28868, 0.01698]},
			"faces": {
				"north": {"uv": [8, 11, 9.725, 12.757], "rotation": 180, "texture": "#0"},
				"east": {"uv": [8, 11, 9.725, 12.757], "rotation": 180, "texture": "#0"},
				"south": {"uv": [8, 11, 9.725, 12.757], "rotation": 180, "texture": "#0"},
				"west": {"uv": [8, 11, 9.725, 12.757], "rotation": 180, "texture": "#0"},
				"up": {"uv": [8, 11, 9.725, 12.757], "rotation": 180, "texture": "#0"},
				"down": {"uv": [8, 11, 9.725, 12.757], "rotation": 180, "texture": "#0"}
			}
		},
		{
			"from": [9.31112, 5.07175, -0.06038],
			"to": [9.46584, 5.34723, 0.09434],
			"rotation": {"angle": -22.5, "axis": "z", "origin": [7.19811, 8.28868, 0.01698]},
			"faces": {
				"north": {"uv": [8, 11, 9.725, 12.757], "rotation": 180, "texture": "#0"},
				"east": {"uv": [8, 11, 9.725, 12.757], "rotation": 180, "texture": "#0"},
				"south": {"uv": [8, 11, 9.725, 12.757], "rotation": 180, "texture": "#0"},
				"west": {"uv": [8, 11, 9.725, 12.757], "rotation": 180, "texture": "#0"},
				"up": {"uv": [8, 11, 9.725, 12.757], "rotation": 180, "texture": "#0"},
				"down": {"uv": [8, 11, 9.725, 12.757], "rotation": 180, "texture": "#0"}
			}
		},
		{
			"from": [8.09515, 5.48301, -0.06038],
			"to": [8.24986, 5.75848, 0.09434],
			"rotation": {"angle": -22.5, "axis": "z", "origin": [7.19811, 8.28868, 0.01698]},
			"faces": {
				"north": {"uv": [8, 11, 9.725, 12.757], "rotation": 180, "texture": "#0"},
				"east": {"uv": [8, 11, 9.725, 12.757], "rotation": 180, "texture": "#0"},
				"south": {"uv": [8, 11, 9.725, 12.757], "rotation": 180, "texture": "#0"},
				"west": {"uv": [8, 11, 9.725, 12.757], "rotation": 180, "texture": "#0"},
				"up": {"uv": [8, 11, 9.725, 12.757], "rotation": 180, "texture": "#0"},
				"down": {"uv": [8, 11, 9.725, 12.757], "rotation": 180, "texture": "#0"}
			}
		},
		{
			"from": [7.1205, 8.33245, -0.06038],
			"to": [7.39597, 8.48717, 0.09434],
			"rotation": {"angle": 22.5, "axis": "z", "origin": [7.07736, 8.28868, 0.01698]},
			"faces": {
				"north": {"uv": [8, 11, 9.725, 12.757], "rotation": 270, "texture": "#0"},
				"east": {"uv": [8, 11, 9.725, 12.757], "rotation": 270, "texture": "#0"},
				"south": {"uv": [8, 11, 9.725, 12.757], "rotation": 270, "texture": "#0"},
				"west": {"uv": [8, 11, 9.725, 12.757], "rotation": 270, "texture": "#0"},
				"up": {"uv": [8, 11, 9.725, 12.757], "rotation": 270, "texture": "#0"},
				"down": {"uv": [8, 11, 9.725, 12.757], "rotation": 270, "texture": "#0"}
			}
		},
		{
			"from": [7.29509, 6.89769, -0.06038],
			"to": [7.69132, 7.17316, 0.09434],
			"rotation": {"angle": 22.5, "axis": "z", "origin": [7.07736, 8.28868, 0.01698]},
			"faces": {
				"north": {"uv": [8, 11, 9.725, 12.757], "rotation": 270, "texture": "#0"},
				"east": {"uv": [8, 11, 9.725, 12.757], "rotation": 270, "texture": "#0"},
				"south": {"uv": [8, 11, 9.725, 12.757], "rotation": 270, "texture": "#0"},
				"west": {"uv": [8, 11, 9.725, 12.757], "rotation": 270, "texture": "#0"},
				"up": {"uv": [8, 11, 9.725, 12.757], "rotation": 270, "texture": "#0"},
				"down": {"uv": [8, 11, 9.725, 12.757], "rotation": 270, "texture": "#0"}
			}
		},
		{
			"from": [6.20914, 4.39672, -0.06038],
			"to": [6.48461, 4.55144, 0.09434],
			"rotation": {"angle": 22.5, "axis": "z", "origin": [7.07736, 8.28868, 0.01698]},
			"faces": {
				"north": {"uv": [8, 11, 9.725, 12.757], "rotation": 270, "texture": "#0"},
				"east": {"uv": [8, 11, 9.725, 12.757], "rotation": 270, "texture": "#0"},
				"south": {"uv": [8, 11, 9.725, 12.757], "rotation": 270, "texture": "#0"},
				"west": {"uv": [8, 11, 9.725, 12.757], "rotation": 270, "texture": "#0"},
				"up": {"uv": [8, 11, 9.725, 12.757], "rotation": 270, "texture": "#0"},
				"down": {"uv": [8, 11, 9.725, 12.757], "rotation": 270, "texture": "#0"}
			}
		},
		{
			"from": [6.03455, 5.71073, -0.06038],
			"to": [6.67228, 6.04658, 0.09434],
			"rotation": {"angle": 22.5, "axis": "z", "origin": [7.07736, 8.28868, 0.01698]},
			"faces": {
				"north": {"uv": [8, 11, 9.725, 12.757], "rotation": 270, "texture": "#0"},
				"east": {"uv": [8, 11, 9.725, 12.757], "rotation": 270, "texture": "#0"},
				"south": {"uv": [8, 11, 9.725, 12.757], "rotation": 270, "texture": "#0"},
				"west": {"uv": [8, 11, 9.725, 12.757], "rotation": 270, "texture": "#0"},
				"up": {"uv": [8, 11, 9.725, 12.757], "rotation": 270, "texture": "#0"},
				"down": {"uv": [8, 11, 9.725, 12.757], "rotation": 270, "texture": "#0"}
			}
		}
	],
	"display": {
		"thirdperson_righthand": {
			"rotation": [0, -179, 0],
			"translation": [0, 0.5, 0],
			"scale": [0.68555, 0.68555, 0.68555]
		},
		"thirdperson_lefthand": {
			"rotation": [0, -181.75, 0],
			"translation": [0.25, -5.5, 6.75],
			"scale": [0.68555, 0.68555, 0.68555]
		},
		"firstperson_righthand": {
			"rotation": [0, -179.75, 0],
			"translation": [-9.75, 2.5, 1.75],
			"scale": [2, 2, 2]
		},
		"firstperson_lefthand": {
			"translation": [0, 0, 0.5],
			"scale": [1, 0, 0]
		},
		"ground": {
			"rotation": [0, 0, 82.75]
		},
		"gui": {
			"rotation": [0, 92.25, 0],
			"translation": [-1.75, 0, 0],
			"scale": [0.75391, 0.75391, 0.75391]
		},
		"head": {
			"scale": [1, 1, 0.66211]
		},
		"fixed": {
			"rotation": [0, -90.25, 0],
			"translation": [2, 0, -1]
		}
	},
	"groups": [
		{
			"name": "group",
			"origin": [8, 8, 8],
			"color": 0,
			"children": [
				{
					"name": "group",
					"origin": [7.59057, 7.64436, 6.64813],
					"color": 0,
					"children": [
						{
							"name": "group",
							"origin": [8.10377, 9.48587, 7.16134],
							"color": 0,
							"children": [0, 1, 2, 3, 4, 5, 6, 7, 8, 9, 10, 11, 12, 13]
						},
						{
							"name": "group",
							"origin": [8.10377, 9.48587, 7.16134],
							"color": 0,
							"children": [14, 15, 16, 17, 18, 19, 20, 21, 22, 23, 24, 25, 26, 27, 28, 29, 30]
						},
						{
							"name": "group",
							"origin": [8.10377, 9.48587, 7.16134],
							"color": 0,
							"children": [31, 32, 33, 34, 35, 36, 37, 38]
						},
						{
							"name": "group",
							"origin": [8.10377, 9.48587, 7.16134],
							"color": 0,
							"children": [39, 40, 41, 42, 43, 44, 45, 46]
						},
						{
							"name": "group",
							"origin": [8.10377, 9.48587, 7.16134],
							"color": 0,
							"children": [47, 48, 49, 50, 51, 52, 53, 54]
						},
						{
							"name": "group",
							"origin": [8.10377, 9.48587, 7.16134],
							"color": 0,
							"children": [55, 56, 57, 58, 59, 60, 61, 62, 63, 64]
						}
					]
				},
				{
					"name": "group",
					"origin": [8, 8, 8],
					"color": 0,
					"children": [
						65,
						66,
						67,
						68,
						69,
						70,
						71,
						72,
						73,
						74,
						75,
						76,
						77,
						78,
						79,
						{
							"name": "group",
							"origin": [7.59057, 7.64436, 6.64813],
							"color": 0,
							"children": [
								80,
								81,
								{
									"name": "group",
									"origin": [7.53019, 7.13115, 8.45945],
									"color": 0,
									"children": [
										82,
										83,
										84,
										85,
										86,
										{
											"name": "group",
											"origin": [7.53019, 7.13115, 8.45945],
											"color": 0,
											"children": [87, 88, 89, 90, 91, 92, 93, 94, 95, 96]
										},
										97
									]
								},
								98,
								99,
								100,
								101,
								{
									"name": "group",
									"origin": [7.34906, 8.75152, 9.56054],
									"color": 0,
									"children": [102, 103, 104, 105, 106, 107, 108, 109]
								},
								110,
								111,
								112
							]
						},
						113,
						114,
						115,
						116,
						117,
						118,
						119,
						120,
						121,
						122,
						123,
						124,
						125,
						126,
						127,
						128,
						129,
						130,
						131,
						132,
						133,
						134,
						135,
						136,
						137,
						138,
						139,
						140
					]
				}
			]
		}
	]
}