{
	"credit": "Made with Blockbench",
	"textures": {
		"3": "block/color/graymetal_medium",
		"4": "block/color/graymetal_lighter",
		"cyan_terracotta": "block/color/darkergray",
		"scopeglass": "block/color/scopeglass",
		"color_black": "block/color/black",
		"color_lightergray": "block/color/lightgray_three",
		"particle": "block/color/grayspecial"
	},
	"elements": [
		{
			"from": [9.075, 2.435, 8.55],
			"to": [10.285, 2.699, 8.66],
			"rotation": {"angle": 0, "axis": "y", "origin": [-0.22, -8.048, -0.8]},
			"faces": {
				"north": {"uv": [0, 0, 1, 0.2], "texture": "#color_black"},
				"east": {"uv": [0, 0, 0.2, 1], "texture": "#cyan_terracotta"},
				"south": {"uv": [0, 0, 1, 0.2], "texture": "#cyan_terracotta"},
				"west": {"uv": [0, 0, 0.2, 1], "texture": "#cyan_terracotta"},
				"up": {"uv": [0, 0, 3, 0.2], "texture": "#cyan_terracotta"},
				"down": {"uv": [0, 0, 3, 0.2], "texture": "#cyan_terracotta"}
			}
		},
		{
			"from": [10.175, 2.435, 8.55],
			"to": [10.285, 2.699, 8.66],
			"rotation": {"angle": -22.5, "axis": "x", "origin": [8.58, 2.567, 8]},
			"faces": {
				"north": {"uv": [0, 0, 1, 0.2], "texture": "#color_black"},
				"east": {"uv": [0, 0, 0.2, 1], "texture": "#cyan_terracotta"},
				"south": {"uv": [0, 0, 1, 0.2], "texture": "#cyan_terracotta"},
				"west": {"uv": [0, 0, 0.2, 1], "texture": "#cyan_terracotta"},
				"up": {"uv": [0, 0, 3, 0.2], "texture": "#cyan_terracotta"},
				"down": {"uv": [0, 0, 3, 0.2], "texture": "#cyan_terracotta"}
			}
		},
		{
			"from": [9.075, 3.117, 7.868],
			"to": [10.285, 3.227, 8.132],
			"rotation": {"angle": 45, "axis": "x", "origin": [8.58, 2.567, 8]},
			"faces": {
				"north": {"uv": [0, 0, 1, 0.2], "texture": "#cyan_terracotta"},
				"east": {"uv": [0, 0, 0.2, 1], "texture": "#cyan_terracotta"},
				"south": {"uv": [0, 0, 1, 0.2], "texture": "#cyan_terracotta"},
				"west": {"uv": [0, 0, 0.2, 1], "texture": "#cyan_terracotta"},
				"up": {"uv": [0, 0, 3, 0.2], "texture": "#cyan_terracotta"},
				"down": {"uv": [0, 0, 3, 0.2], "texture": "#color_black"}
			}
		},
		{
			"from": [10.175, 3.117, 7.868],
			"to": [10.285, 3.227, 8.132],
			"rotation": {"angle": 22.5, "axis": "x", "origin": [8.58, 2.567, 8]},
			"faces": {
				"north": {"uv": [0, 0, 1, 0.2], "texture": "#cyan_terracotta"},
				"east": {"uv": [0, 0, 0.2, 1], "texture": "#cyan_terracotta"},
				"south": {"uv": [0, 0, 1, 0.2], "texture": "#cyan_terracotta"},
				"west": {"uv": [0, 0, 0.2, 1], "texture": "#cyan_terracotta"},
				"up": {"uv": [0, 0, 3, 0.2], "texture": "#cyan_terracotta"},
				"down": {"uv": [0, 0, 3, 0.2], "texture": "#color_black"}
			}
		},
		{
			"from": [9.075, 3.117, 7.868],
			"to": [10.285, 3.227, 8.132],
			"rotation": {"angle": 0, "axis": "y", "origin": [-0.22, -8.048, -0.8]},
			"faces": {
				"north": {"uv": [0, 0, 1, 0.2], "texture": "#cyan_terracotta"},
				"east": {"uv": [0, 0, 0.2, 1], "texture": "#cyan_terracotta"},
				"south": {"uv": [0, 0, 1, 0.2], "texture": "#cyan_terracotta"},
				"west": {"uv": [0, 0, 0.2, 1], "texture": "#cyan_terracotta"},
				"up": {"uv": [0, 0, 3, 0.2], "texture": "#cyan_terracotta"},
				"down": {"uv": [0, 0, 3, 0.2], "texture": "#color_black"}
			}
		},
		{
			"from": [10.175, 3.117, 7.868],
			"to": [10.285, 3.227, 8.132],
			"rotation": {"angle": -22.5, "axis": "x", "origin": [8.58, 2.567, 8]},
			"faces": {
				"north": {"uv": [0, 0, 1, 0.2], "texture": "#cyan_terracotta"},
				"east": {"uv": [0, 0, 0.2, 1], "texture": "#cyan_terracotta"},
				"south": {"uv": [0, 0, 1, 0.2], "texture": "#cyan_terracotta"},
				"west": {"uv": [0, 0, 0.2, 1], "texture": "#cyan_terracotta"},
				"up": {"uv": [0, 0, 3, 0.2], "texture": "#cyan_terracotta"},
				"down": {"uv": [0, 0, 3, 0.2], "texture": "#color_black"}
			}
		},
		{
			"from": [9.075, 3.117, 7.868],
			"to": [10.285, 3.227, 8.132],
			"rotation": {"angle": -45, "axis": "x", "origin": [8.58, 2.567, 8]},
			"faces": {
				"north": {"uv": [0, 0, 1, 0.2], "texture": "#cyan_terracotta"},
				"east": {"uv": [0, 0, 0.2, 1], "texture": "#cyan_terracotta"},
				"south": {"uv": [0, 0, 1, 0.2], "texture": "#cyan_terracotta"},
				"west": {"uv": [0, 0, 0.2, 1], "texture": "#cyan_terracotta"},
				"up": {"uv": [0, 0, 3, 0.2], "texture": "#cyan_terracotta"},
				"down": {"uv": [0, 0, 3, 0.2], "texture": "#color_black"}
			}
		},
		{
			"from": [10.175, 2.435, 7.34],
			"to": [10.285, 2.699, 7.45],
			"rotation": {"angle": 22.5, "axis": "x", "origin": [8.58, 2.567, 8]},
			"faces": {
				"north": {"uv": [0, 0, 1, 0.2], "texture": "#cyan_terracotta"},
				"east": {"uv": [0, 0, 0.2, 1], "texture": "#cyan_terracotta"},
				"south": {"uv": [0, 0, 1, 0.2], "texture": "#color_black"},
				"west": {"uv": [0, 0, 0.2, 1], "texture": "#cyan_terracotta"},
				"up": {"uv": [0, 0, 3, 0.2], "texture": "#cyan_terracotta"},
				"down": {"uv": [0, 0, 3, 0.2], "texture": "#cyan_terracotta"}
			}
		},
		{
			"from": [9.075, 2.435, 7.34],
			"to": [10.285, 2.699, 7.45],
			"rotation": {"angle": 0, "axis": "y", "origin": [-0.22, -8.048, -0.8]},
			"faces": {
				"north": {"uv": [0, 0, 1, 0.2], "texture": "#cyan_terracotta"},
				"east": {"uv": [0, 0, 0.2, 1], "texture": "#cyan_terracotta"},
				"south": {"uv": [0, 0, 1, 0.2], "texture": "#color_black"},
				"west": {"uv": [0, 0, 0.2, 1], "texture": "#cyan_terracotta"},
				"up": {"uv": [0, 0, 3, 0.2], "texture": "#cyan_terracotta"},
				"down": {"uv": [0, 0, 3, 0.2], "texture": "#cyan_terracotta"}
			}
		},
		{
			"from": [10.175, 2.435, 7.34],
			"to": [10.285, 2.699, 7.45],
			"rotation": {"angle": -22.5, "axis": "x", "origin": [8.58, 2.567, 8]},
			"faces": {
				"north": {"uv": [0, 0, 1, 0.2], "texture": "#cyan_terracotta"},
				"east": {"uv": [0, 0, 0.2, 1], "texture": "#cyan_terracotta"},
				"south": {"uv": [0, 0, 1, 0.2], "texture": "#color_black"},
				"west": {"uv": [0, 0, 0.2, 1], "texture": "#cyan_terracotta"},
				"up": {"uv": [0, 0, 3, 0.2], "texture": "#cyan_terracotta"},
				"down": {"uv": [0, 0, 3, 0.2], "texture": "#cyan_terracotta"}
			}
		},
		{
			"from": [9.075, 1.907, 7.868],
			"to": [10.285, 2.017, 8.132],
			"rotation": {"angle": 45, "axis": "x", "origin": [8.58, 2.567, 8]},
			"faces": {
				"north": {"uv": [0, 0, 1, 0.2], "texture": "#cyan_terracotta"},
				"east": {"uv": [0, 0, 0.2, 1], "texture": "#cyan_terracotta"},
				"south": {"uv": [0, 0, 1, 0.2], "texture": "#cyan_terracotta"},
				"west": {"uv": [0, 0, 0.2, 1], "texture": "#cyan_terracotta"},
				"up": {"uv": [0, 0, 3, 0.2], "texture": "#color_black"},
				"down": {"uv": [0, 0, 3, 0.2], "texture": "#cyan_terracotta"}
			}
		},
		{
			"from": [10.175, 1.907, 7.868],
			"to": [10.285, 2.017, 8.132],
			"rotation": {"angle": 22.5, "axis": "x", "origin": [8.58, 2.567, 8]},
			"faces": {
				"north": {"uv": [0, 0, 1, 0.2], "texture": "#cyan_terracotta"},
				"east": {"uv": [0, 0, 0.2, 1], "texture": "#cyan_terracotta"},
				"south": {"uv": [0, 0, 1, 0.2], "texture": "#cyan_terracotta"},
				"west": {"uv": [0, 0, 0.2, 1], "texture": "#cyan_terracotta"},
				"up": {"uv": [0, 0, 3, 0.2], "texture": "#color_black"},
				"down": {"uv": [0, 0, 3, 0.2], "texture": "#cyan_terracotta"}
			}
		},
		{
			"from": [9.075, 1.907, 7.868],
			"to": [10.285, 2.017, 8.132],
			"rotation": {"angle": 0, "axis": "y", "origin": [-0.22, -8.048, -0.8]},
			"faces": {
				"north": {"uv": [0, 0, 1, 0.2], "texture": "#cyan_terracotta"},
				"east": {"uv": [0, 0, 0.2, 1], "texture": "#cyan_terracotta"},
				"south": {"uv": [0, 0, 1, 0.2], "texture": "#cyan_terracotta"},
				"west": {"uv": [0, 0, 0.2, 1], "texture": "#cyan_terracotta"},
				"up": {"uv": [0, 0, 3, 0.2], "texture": "#color_black"},
				"down": {"uv": [0, 0, 3, 0.2], "texture": "#cyan_terracotta"}
			}
		},
		{
			"from": [10.175, 1.907, 7.868],
			"to": [10.285, 2.017, 8.132],
			"rotation": {"angle": -22.5, "axis": "x", "origin": [8.58, 2.567, 8]},
			"faces": {
				"north": {"uv": [0, 0, 1, 0.2], "texture": "#cyan_terracotta"},
				"east": {"uv": [0, 0, 0.2, 1], "texture": "#cyan_terracotta"},
				"south": {"uv": [0, 0, 1, 0.2], "texture": "#cyan_terracotta"},
				"west": {"uv": [0, 0, 0.2, 1], "texture": "#cyan_terracotta"},
				"up": {"uv": [0, 0, 3, 0.2], "texture": "#color_black"},
				"down": {"uv": [0, 0, 3, 0.2], "texture": "#cyan_terracotta"}
			}
		},
		{
			"from": [9.075, 1.907, 7.868],
			"to": [10.285, 2.017, 8.132],
			"rotation": {"angle": -45, "axis": "x", "origin": [8.58, 2.567, 8]},
			"faces": {
				"north": {"uv": [0, 0, 1, 0.2], "texture": "#cyan_terracotta"},
				"east": {"uv": [0, 0, 0.2, 1], "texture": "#cyan_terracotta"},
				"south": {"uv": [0, 0, 1, 0.2], "texture": "#cyan_terracotta"},
				"west": {"uv": [0, 0, 0.2, 1], "texture": "#cyan_terracotta"},
				"up": {"uv": [0, 0, 3, 0.2], "texture": "#color_black"},
				"down": {"uv": [0, 0, 3, 0.2], "texture": "#cyan_terracotta"}
			}
		},
		{
			"from": [10.175, 2.435, 8.55],
			"to": [10.285, 2.699, 8.66],
			"rotation": {"angle": 22.5, "axis": "x", "origin": [8.58, 2.567, 8]},
			"faces": {
				"north": {"uv": [0, 0, 1, 0.2], "texture": "#color_black"},
				"east": {"uv": [0, 0, 0.2, 1], "texture": "#cyan_terracotta"},
				"south": {"uv": [0, 0, 1, 0.2], "texture": "#cyan_terracotta"},
				"west": {"uv": [0, 0, 0.2, 1], "texture": "#cyan_terracotta"},
				"up": {"uv": [0, 0, 3, 0.2], "texture": "#cyan_terracotta"},
				"down": {"uv": [0, 0, 3, 0.2], "texture": "#cyan_terracotta"}
			}
		},
		{
			"from": [9.175, 1.907, 7.868],
			"to": [9.285, 3.227, 8.132],
			"rotation": {"angle": -22.5, "axis": "x", "origin": [8.68, 2.567, 8]},
			"faces": {
				"north": {"uv": [0, 0, 1, 0.2], "texture": "#cyan_terracotta"},
				"east": {"uv": [0, 0, 0.2, 1], "texture": "#cyan_terracotta"},
				"south": {"uv": [0, 0, 1, 0.2], "texture": "#cyan_terracotta"},
				"west": {"uv": [0, 0, 0.2, 1], "texture": "#cyan_terracotta"},
				"up": {"uv": [0, 0, 3, 0.2], "texture": "#cyan_terracotta"},
				"down": {"uv": [0, 0, 3, 0.2], "texture": "#cyan_terracotta"}
			}
		},
		{
			"from": [9.175, 2.435, 7.34],
			"to": [9.285, 2.699, 8.66],
			"rotation": {"angle": 22.5, "axis": "x", "origin": [8.68, 2.567, 8]},
			"faces": {
				"north": {"uv": [0, 0, 3, 0.2], "rotation": 180, "texture": "#cyan_terracotta"},
				"east": {"uv": [0, 0, 0.2, 1], "rotation": 90, "texture": "#cyan_terracotta"},
				"south": {"uv": [0, 0, 3, 0.2], "texture": "#cyan_terracotta"},
				"west": {"uv": [0, 0, 0.2, 1], "rotation": 270, "texture": "#cyan_terracotta"},
				"up": {"uv": [0, 0, 1, 0.2], "texture": "#cyan_terracotta"},
				"down": {"uv": [0, 0, 1, 0.2], "rotation": 180, "texture": "#cyan_terracotta"}
			}
		},
		{
			"from": [9.175, 2.435, 7.34],
			"to": [9.285, 2.699, 8.66],
			"rotation": {"angle": -22.5, "axis": "x", "origin": [8.68, 2.567, 8]},
			"faces": {
				"north": {"uv": [0, 0, 3, 0.2], "rotation": 180, "texture": "#cyan_terracotta"},
				"east": {"uv": [0, 0, 0.2, 1], "rotation": 90, "texture": "#cyan_terracotta"},
				"south": {"uv": [0, 0, 3, 0.2], "texture": "#cyan_terracotta"},
				"west": {"uv": [0, 0, 0.2, 1], "rotation": 270, "texture": "#cyan_terracotta"},
				"up": {"uv": [0, 0, 1, 0.2], "texture": "#cyan_terracotta"},
				"down": {"uv": [0, 0, 1, 0.2], "rotation": 180, "texture": "#cyan_terracotta"}
			}
		},
		{
			"from": [8.9, 2.435, 7.34],
			"to": [9.12, 2.699, 8.66],
			"rotation": {"angle": -22.5, "axis": "x", "origin": [8.68, 2.567, 8]},
			"faces": {
				"north": {"uv": [0, 0, 1, 0.2], "texture": "#4"},
				"east": {"uv": [0, 0, 0.2, 1], "texture": "#4"},
				"south": {"uv": [0, 0, 1, 0.2], "texture": "#4"},
				"west": {"uv": [0, 0, 0.2, 1], "texture": "#4"},
				"up": {"uv": [0, 0, 3, 0.2], "texture": "#4"},
				"down": {"uv": [0, 0, 3, 0.2], "texture": "#4"}
			}
		},
		{
			"from": [8.9, 2.435, 7.34],
			"to": [9.12, 2.699, 8.66],
			"rotation": {"angle": 0, "axis": "y", "origin": [-0.12, -8.048, -0.8]},
			"faces": {
				"north": {"uv": [0, 0, 1, 0.2], "texture": "#4"},
				"east": {"uv": [0, 0, 0.2, 1], "texture": "#4"},
				"south": {"uv": [0, 0, 1, 0.2], "texture": "#4"},
				"west": {"uv": [0, 0, 0.2, 1], "texture": "#4"},
				"up": {"uv": [0, 0, 3, 0.2], "texture": "#4"},
				"down": {"uv": [0, 0, 3, 0.2], "texture": "#4"}
			}
		},
		{
			"from": [8.9, 2.435, 7.34],
			"to": [9.12, 2.699, 8.66],
			"rotation": {"angle": 22.5, "axis": "x", "origin": [8.68, 2.567, 8]},
			"faces": {
				"north": {"uv": [0, 0, 1, 0.2], "texture": "#4"},
				"east": {"uv": [0, 0, 0.2, 1], "texture": "#4"},
				"south": {"uv": [0, 0, 1, 0.2], "texture": "#4"},
				"west": {"uv": [0, 0, 0.2, 1], "texture": "#4"},
				"up": {"uv": [0, 0, 3, 0.2], "texture": "#4"},
				"down": {"uv": [0, 0, 3, 0.2], "texture": "#4"}
			}
		},
		{
			"from": [8.9, 1.907, 7.868],
			"to": [9.12, 3.227, 8.132],
			"rotation": {"angle": -45, "axis": "x", "origin": [8.68, 2.567, 8]},
			"faces": {
				"north": {"uv": [0, 0, 1, 0.2], "texture": "#4"},
				"east": {"uv": [0, 0, 0.2, 1], "texture": "#4"},
				"south": {"uv": [0, 0, 1, 0.2], "texture": "#4"},
				"west": {"uv": [0, 0, 0.2, 1], "texture": "#4"},
				"up": {"uv": [0, 0, 3, 0.2], "texture": "#4"},
				"down": {"uv": [0, 0, 3, 0.2], "texture": "#4"}
			}
		},
		{
			"from": [8.9, 1.907, 7.868],
			"to": [9.12, 3.227, 8.132],
			"rotation": {"angle": 0, "axis": "y", "origin": [-0.12, -8.048, -0.8]},
			"faces": {
				"north": {"uv": [0, 0, 1, 0.2], "texture": "#4"},
				"east": {"uv": [0, 0, 0.2, 1], "texture": "#4"},
				"south": {"uv": [0, 0, 1, 0.2], "texture": "#4"},
				"west": {"uv": [0, 0, 0.2, 1], "texture": "#4"},
				"up": {"uv": [0, 0, 3, 0.2], "texture": "#4"},
				"down": {"uv": [0, 0, 3, 0.2], "texture": "#4"}
			}
		},
		{
			"from": [8.9, 1.907, 7.868],
			"to": [9.12, 3.227, 8.132],
			"rotation": {"angle": -22.5, "axis": "x", "origin": [8.68, 2.567, 8]},
			"faces": {
				"north": {"uv": [0, 0, 1, 0.2], "texture": "#4"},
				"east": {"uv": [0, 0, 0.2, 1], "texture": "#4"},
				"south": {"uv": [0, 0, 1, 0.2], "texture": "#4"},
				"west": {"uv": [0, 0, 0.2, 1], "texture": "#4"},
				"up": {"uv": [0, 0, 3, 0.2], "texture": "#4"},
				"down": {"uv": [0, 0, 3, 0.2], "texture": "#4"}
			}
		},
		{
			"from": [8.9, 1.907, 7.868],
			"to": [9.12, 3.227, 8.132],
			"rotation": {"angle": 45, "axis": "x", "origin": [8.68, 2.567, 8]},
			"faces": {
				"north": {"uv": [0, 0, 1, 0.2], "texture": "#4"},
				"east": {"uv": [0, 0, 0.2, 1], "texture": "#4"},
				"south": {"uv": [0, 0, 1, 0.2], "texture": "#4"},
				"west": {"uv": [0, 0, 0.2, 1], "texture": "#4"},
				"up": {"uv": [0, 0, 3, 0.2], "texture": "#4"},
				"down": {"uv": [0, 0, 3, 0.2], "texture": "#4"}
			}
		},
		{
			"from": [8.9, 1.907, 7.868],
			"to": [9.12, 3.227, 8.132],
			"rotation": {"angle": 22.5, "axis": "x", "origin": [8.68, 2.567, 8]},
			"faces": {
				"north": {"uv": [0, 0, 1, 0.2], "texture": "#4"},
				"east": {"uv": [0, 0, 0.2, 1], "texture": "#4"},
				"south": {"uv": [0, 0, 1, 0.2], "texture": "#4"},
				"west": {"uv": [0, 0, 0.2, 1], "texture": "#4"},
				"up": {"uv": [0, 0, 3, 0.2], "texture": "#4"},
				"down": {"uv": [0, 0, 3, 0.2], "texture": "#4"}
			}
		},
		{
			"from": [8.68, 1.851, 7.8768],
			"to": [10.297, 3.283, 8.2232],
			"rotation": {"angle": 0, "axis": "y", "origin": [-0.12, -8.048, -0.8]},
			"faces": {
				"north": {"uv": [0, 0, 1, 0.2], "texture": "#3"},
				"east": {"uv": [0, 0, 0.2, 1], "texture": "#scopeglass"},
				"south": {"uv": [0, 0, 1, 0.2], "texture": "#3"},
				"up": {"uv": [0, 0, 3, 0.2], "texture": "#3"},
				"down": {"uv": [0, 0, 3, 0.2], "texture": "#3"}
			}
		},
		{
			"from": [8.68, 1.851, 7.7768],
			"to": [10.297, 3.283, 8.2232],
			"rotation": {"angle": 22.5, "axis": "x", "origin": [8.68, 2.567, 8]},
			"faces": {
				"north": {"uv": [0, 0, 1, 0.2], "texture": "#cyan_terracotta"},
				"east": {"uv": [0, 0, 0.2, 1], "texture": "#scopeglass"},
				"south": {"uv": [0, 0, 1, 0.2], "texture": "#cyan_terracotta"},
				"up": {"uv": [0, 0, 3, 0.2], "texture": "#3"},
				"down": {"uv": [0, 0, 3, 0.2], "texture": "#3"}
			}
		},
		{
			"from": [8.68, 1.851, 7.8768],
			"to": [10.297, 3.283, 8.1232],
			"rotation": {"angle": 45, "axis": "x", "origin": [8.68, 2.567, 8]},
			"faces": {
				"north": {"uv": [0, 0, 1, 0.2], "texture": "#3"},
				"east": {"uv": [0, 0, 0.2, 1], "texture": "#scopeglass"},
				"south": {"uv": [0, 0, 1, 0.2], "texture": "#3"},
				"up": {"uv": [0, 0, 3, 0.2], "texture": "#3"},
				"down": {"uv": [0, 0, 3, 0.2], "texture": "#3"}
			}
		},
		{
			"from": [8.68, 2.3438, 7.284],
			"to": [10.297, 2.7902, 8.716],
			"rotation": {"angle": -22.5, "axis": "x", "origin": [8.68, 2.567, 8]},
			"faces": {
				"north": {"uv": [0, 0, 1, 0.2], "texture": "#3"},
				"east": {"uv": [0, 0, 0.2, 1], "texture": "#scopeglass"},
				"south": {"uv": [0, 0, 1, 0.2], "texture": "#3"},
				"up": {"uv": [0, 0, 3, 0.2], "texture": "#cyan_terracotta"},
				"down": {"uv": [0, 0, 3, 0.2], "texture": "#cyan_terracotta"}
			}
		},
		{
			"from": [8.68, 2.3438, 7.284],
			"to": [10.297, 2.7902, 8.716],
			"rotation": {"angle": 0, "axis": "y", "origin": [-0.12, -8.048, -0.8]},
			"faces": {
				"north": {"uv": [0, 0, 1, 0.2], "texture": "#3"},
				"east": {"uv": [0, 0, 0.2, 1], "texture": "#scopeglass"},
				"south": {"uv": [0, 0, 1, 0.2], "texture": "#3"},
				"up": {"uv": [0, 0, 3, 0.2], "texture": "#3"},
				"down": {"uv": [0, 0, 3, 0.2], "texture": "#3"}
			}
		},
		{
			"from": [8.68, 2.4438, 7.284],
			"to": [10.297, 2.6902, 8.716],
			"rotation": {"angle": 22.5, "axis": "x", "origin": [8.68, 2.567, 8]},
			"faces": {
				"north": {"uv": [0, 0, 1, 0.2], "texture": "#3"},
				"east": {"uv": [0, 0, 0.2, 1], "texture": "#scopeglass"},
				"south": {"uv": [0, 0, 1, 0.2], "texture": "#3"},
				"up": {"uv": [0, 0, 3, 0.2], "texture": "#cyan_terracotta"},
				"down": {"uv": [0, 0, 3, 0.2], "texture": "#cyan_terracotta"}
			}
		},
		{
			"from": [8.68, 1.851, 7.7768],
			"to": [10.297, 3.283, 8.2232],
			"rotation": {"angle": -45, "axis": "x", "origin": [8.68, 2.567, 8]},
			"faces": {
				"north": {"uv": [0, 0, 1, 0.2], "texture": "#3"},
				"east": {"uv": [0, 0, 0.2, 1], "texture": "#scopeglass"},
				"south": {"uv": [0, 0, 1, 0.2], "texture": "#3"},
				"up": {"uv": [0, 0, 3, 0.2], "texture": "#3"},
				"down": {"uv": [0, 0, 3, 0.2], "texture": "#3"}
			}
		},
		{
			"from": [8.68, 1.851, 7.8768],
			"to": [10.297, 3.283, 8.2232],
			"rotation": {"angle": -22.5, "axis": "x", "origin": [8.68, 2.567, 8]},
			"faces": {
				"north": {"uv": [0, 0, 1, 0.2], "texture": "#cyan_terracotta"},
				"east": {"uv": [0, 0, 0.2, 1], "texture": "#scopeglass"},
				"south": {"uv": [0, 0, 1, 0.2], "texture": "#cyan_terracotta"},
				"up": {"uv": [0, 0, 3, 0.2], "texture": "#3"},
				"down": {"uv": [0, 0, 3, 0.2], "texture": "#3"}
			}
		},
		{
			"from": [6.51, 1.819, 7.8504],
			"to": [10.54, 1.874, 8.1496],
			"rotation": {"angle": 0, "axis": "y", "origin": [7.38, -8.048, -0.8]},
			"faces": {
				"north": {"uv": [0, 0, 1, 0.2], "texture": "#cyan_terracotta"},
				"east": {"uv": [0, 0, 0.2, 1], "texture": "#cyan_terracotta"},
				"south": {"uv": [0, 0, 1, 0.2], "texture": "#cyan_terracotta"},
				"west": {"uv": [0, 0, 0.2, 1], "texture": "#cyan_terracotta"},
				"up": {"uv": [0, 0, 3, 0.2], "texture": "#color_black"},
				"down": {"uv": [0, 0, 3, 0.2], "texture": "#cyan_terracotta"}
			}
		},
		{
			"from": [6.51, 1.819, 7.8504],
			"to": [10.54, 1.874, 8.1496],
			"rotation": {"angle": 22.5, "axis": "x", "origin": [12.88, 2.567, 8]},
			"faces": {
				"north": {"uv": [0, 0, 1, 0.2], "texture": "#cyan_terracotta"},
				"east": {"uv": [0, 0, 0.2, 1], "texture": "#cyan_terracotta"},
				"south": {"uv": [0, 0, 1, 0.2], "texture": "#cyan_terracotta"},
				"west": {"uv": [0, 0, 0.2, 1], "texture": "#cyan_terracotta"},
				"up": {"uv": [0, 0, 3, 0.2], "texture": "#color_black"},
				"down": {"uv": [0, 0, 3, 0.2], "texture": "#cyan_terracotta"}
			}
		},
		{
			"from": [6.51, 1.819, 7.8504],
			"to": [10.54, 1.874, 8.1496],
			"rotation": {"angle": 45, "axis": "x", "origin": [12.88, 2.567, 8]},
			"faces": {
				"north": {"uv": [0, 0, 1, 0.2], "texture": "#cyan_terracotta"},
				"east": {"uv": [0, 0, 0.2, 1], "texture": "#cyan_terracotta"},
				"south": {"uv": [0, 0, 1, 0.2], "texture": "#cyan_terracotta"},
				"west": {"uv": [0, 0, 0.2, 1], "texture": "#cyan_terracotta"},
				"up": {"uv": [0, 0, 3, 0.2], "texture": "#color_black"},
				"down": {"uv": [0, 0, 3, 0.2], "texture": "#cyan_terracotta"}
			}
		},
		{
			"from": [6.51, 2.4174, 7.252],
			"to": [10.54, 2.7166, 7.307],
			"rotation": {"angle": -22.5, "axis": "x", "origin": [12.88, 2.567, 8]},
			"faces": {
				"north": {"uv": [0, 0, 1, 0.2], "texture": "#cyan_terracotta"},
				"east": {"uv": [0, 0, 0.2, 1], "texture": "#cyan_terracotta"},
				"south": {"uv": [0, 0, 1, 0.2], "texture": "#color_black"},
				"west": {"uv": [0, 0, 0.2, 1], "texture": "#cyan_terracotta"},
				"up": {"uv": [0, 0, 3, 0.2], "texture": "#cyan_terracotta"},
				"down": {"uv": [0, 0, 3, 0.2], "texture": "#cyan_terracotta"}
			}
		},
		{
			"from": [6.51, 2.4174, 7.252],
			"to": [10.54, 2.7166, 7.307],
			"rotation": {"angle": 0, "axis": "y", "origin": [7.38, -8.048, -0.8]},
			"faces": {
				"north": {"uv": [0, 0, 1, 0.2], "texture": "#cyan_terracotta"},
				"east": {"uv": [0, 0, 0.2, 1], "texture": "#cyan_terracotta"},
				"south": {"uv": [0, 0, 1, 0.2], "texture": "#color_black"},
				"west": {"uv": [0, 0, 0.2, 1], "texture": "#cyan_terracotta"},
				"up": {"uv": [0, 0, 3, 0.2], "texture": "#cyan_terracotta"},
				"down": {"uv": [0, 0, 3, 0.2], "texture": "#cyan_terracotta"}
			}
		},
		{
			"from": [6.51, 2.4174, 7.252],
			"to": [10.54, 2.7166, 7.307],
			"rotation": {"angle": 22.5, "axis": "x", "origin": [12.88, 2.567, 8]},
			"faces": {
				"north": {"uv": [0, 0, 1, 0.2], "texture": "#cyan_terracotta"},
				"east": {"uv": [0, 0, 0.2, 1], "texture": "#cyan_terracotta"},
				"south": {"uv": [0, 0, 1, 0.2], "texture": "#color_black"},
				"west": {"uv": [0, 0, 0.2, 1], "texture": "#cyan_terracotta"},
				"up": {"uv": [0, 0, 3, 0.2], "texture": "#cyan_terracotta"},
				"down": {"uv": [0, 0, 3, 0.2], "texture": "#cyan_terracotta"}
			}
		},
		{
			"from": [6.31, 3.26, 7.8504],
			"to": [10.74, 3.315, 8.1496],
			"rotation": {"angle": -45, "axis": "x", "origin": [12.88, 2.567, 8]},
			"faces": {
				"north": {"uv": [0, 0, 4.43, 0.055], "texture": "#cyan_terracotta"},
				"east": {"uv": [0, 0, 0.2992, 0.055], "texture": "#cyan_terracotta"},
				"south": {"uv": [0, 0, 4.43, 0.055], "texture": "#cyan_terracotta"},
				"west": {"uv": [0, 0, 0.2992, 0.055], "texture": "#cyan_terracotta"},
				"up": {"uv": [0, 0, 4.43, 0.2992], "texture": "#cyan_terracotta"},
				"down": {"uv": [0, 0, 4.43, 0.2992], "texture": "#color_black"}
			}
		},
		{
			"from": [6.31, 3.26, 7.8504],
			"to": [10.74, 3.315, 8.1496],
			"rotation": {"angle": 0, "axis": "y", "origin": [7.38, -8.048, -0.8]},
			"faces": {
				"north": {"uv": [0, 0, 1, 0.2], "texture": "#cyan_terracotta"},
				"east": {"uv": [0, 0, 0.2, 1], "texture": "#cyan_terracotta"},
				"south": {"uv": [0, 0, 1, 0.2], "texture": "#cyan_terracotta"},
				"west": {"uv": [0, 0, 0.2, 1], "texture": "#cyan_terracotta"},
				"up": {"uv": [0, 0, 3, 0.2], "texture": "#cyan_terracotta"},
				"down": {"uv": [0, 0, 3, 0.2], "texture": "#color_black"}
			}
		},
		{
			"from": [6.31, 3.26, 7.8504],
			"to": [10.74, 3.315, 8.1496],
			"rotation": {"angle": -22.5, "axis": "x", "origin": [12.88, 2.567, 8]},
			"faces": {
				"north": {"uv": [0, 0, 1, 0.2], "texture": "#cyan_terracotta"},
				"east": {"uv": [0, 0, 0.2, 1], "texture": "#cyan_terracotta"},
				"south": {"uv": [0, 0, 1, 0.2], "texture": "#cyan_terracotta"},
				"west": {"uv": [0, 0, 0.2, 1], "texture": "#cyan_terracotta"},
				"up": {"uv": [0, 0, 3, 0.2], "texture": "#cyan_terracotta"},
				"down": {"uv": [0, 0, 3, 0.2], "texture": "#color_black"}
			}
		},
		{
			"from": [6.31, 3.07059, 8.80578],
			"to": [10.74, 3.12559, 9.10498],
			"rotation": {"angle": 22.5, "axis": "x", "origin": [12.88, 4.87759, 8.95538]},
			"faces": {
				"north": {"uv": [0, 0, 1, 0.2], "texture": "#cyan_terracotta"},
				"east": {"uv": [0, 0, 0.2, 1], "texture": "#cyan_terracotta"},
				"south": {"uv": [0, 0, 1, 0.2], "texture": "#cyan_terracotta"},
				"west": {"uv": [0, 0, 0.2, 1], "texture": "#cyan_terracotta"},
				"up": {"uv": [0, 0, 3, 0.2], "texture": "#cyan_terracotta"},
				"down": {"uv": [0, 0, 3, 0.2], "texture": "#color_black"}
			}
		},
		{
			"from": [6.31, 3.26, 7.8504],
			"to": [10.74, 3.315, 8.1496],
			"rotation": {"angle": 45, "axis": "x", "origin": [12.88, 2.567, 8]},
			"faces": {
				"north": {"uv": [0, 0, 1, 0.2], "texture": "#cyan_terracotta"},
				"east": {"uv": [0, 0, 0.2, 1], "texture": "#cyan_terracotta"},
				"south": {"uv": [0, 0, 1, 0.2], "texture": "#cyan_terracotta"},
				"west": {"uv": [0, 0, 0.2, 1], "texture": "#cyan_terracotta"},
				"up": {"uv": [0, 0, 3, 0.2], "texture": "#cyan_terracotta"},
				"down": {"uv": [0, 0, 3, 0.2], "texture": "#color_black"}
			}
		},
		{
			"from": [6.51, 2.4174, 8.693],
			"to": [10.54, 2.7166, 8.748],
			"rotation": {"angle": -22.5, "axis": "x", "origin": [12.88, 2.567, 8]},
			"faces": {
				"north": {"uv": [0, 0, 1, 0.2], "texture": "#color_black"},
				"east": {"uv": [0, 0, 0.2, 1], "texture": "#cyan_terracotta"},
				"south": {"uv": [0, 0, 1, 0.2], "texture": "#cyan_terracotta"},
				"west": {"uv": [0, 0, 0.2, 1], "texture": "#cyan_terracotta"},
				"up": {"uv": [0, 0, 3, 0.2], "texture": "#cyan_terracotta"},
				"down": {"uv": [0, 0, 3, 0.2], "texture": "#cyan_terracotta"}
			}
		},
		{
			"from": [6.51, 2.4174, 8.693],
			"to": [10.54, 2.7166, 8.748],
			"rotation": {"angle": 0, "axis": "y", "origin": [7.38, -8.048, -0.8]},
			"faces": {
				"north": {"uv": [0, 0, 1, 0.2], "texture": "#color_black"},
				"east": {"uv": [0, 0, 0.2, 1], "texture": "#cyan_terracotta"},
				"south": {"uv": [0, 0, 1, 0.2], "texture": "#cyan_terracotta"},
				"west": {"uv": [0, 0, 0.2, 1], "texture": "#cyan_terracotta"},
				"up": {"uv": [0, 0, 3, 0.2], "texture": "#cyan_terracotta"},
				"down": {"uv": [0, 0, 3, 0.2], "texture": "#cyan_terracotta"}
			}
		},
		{
			"from": [6.51, 2.4174, 8.693],
			"to": [10.54, 2.7166, 8.748],
			"rotation": {"angle": 22.5, "axis": "x", "origin": [12.88, 2.567, 8]},
			"faces": {
				"north": {"uv": [0, 0, 1, 0.2], "texture": "#color_black"},
				"east": {"uv": [0, 0, 0.2, 1], "texture": "#cyan_terracotta"},
				"south": {"uv": [0, 0, 1, 0.2], "texture": "#cyan_terracotta"},
				"west": {"uv": [0, 0, 0.2, 1], "texture": "#cyan_terracotta"},
				"up": {"uv": [0, 0, 3, 0.2], "texture": "#cyan_terracotta"},
				"down": {"uv": [0, 0, 3, 0.2], "texture": "#cyan_terracotta"}
			}
		},
		{
			"from": [6.51, 1.819, 7.8504],
			"to": [10.54, 1.874, 8.1496],
			"rotation": {"angle": -45, "axis": "x", "origin": [12.88, 2.567, 8]},
			"faces": {
				"north": {"uv": [0, 0, 1, 0.2], "texture": "#cyan_terracotta"},
				"east": {"uv": [0, 0, 0.2, 1], "texture": "#cyan_terracotta"},
				"south": {"uv": [0, 0, 1, 0.2], "texture": "#cyan_terracotta"},
				"west": {"uv": [0, 0, 0.2, 1], "texture": "#cyan_terracotta"},
				"up": {"uv": [0, 0, 3, 0.2], "texture": "#color_black"},
				"down": {"uv": [0, 0, 3, 0.2], "texture": "#cyan_terracotta"}
			}
		},
		{
			"from": [6.51, 1.819, 7.8504],
			"to": [10.54, 1.874, 8.1496],
			"rotation": {"angle": -22.5, "axis": "x", "origin": [12.88, 2.567, 8]},
			"faces": {
				"north": {"uv": [0, 0, 1, 0.2], "texture": "#cyan_terracotta"},
				"east": {"uv": [0, 0, 0.2, 1], "texture": "#cyan_terracotta"},
				"south": {"uv": [0, 0, 1, 0.2], "texture": "#cyan_terracotta"},
				"west": {"uv": [0, 0, 0.2, 1], "texture": "#cyan_terracotta"},
				"up": {"uv": [0, 0, 3, 0.2], "texture": "#color_black"},
				"down": {"uv": [0, 0, 3, 0.2], "texture": "#cyan_terracotta"}
			}
		},
		{
			"from": [6.84, 2.4218, 7.274],
			"to": [6.95, 2.7122, 8.726],
			"rotation": {"angle": 0, "axis": "y", "origin": [5.08, -8.048, -0.8]},
			"faces": {
				"north": {"uv": [0, 0, 1, 0.2], "texture": "#3"},
				"south": {"uv": [0, 0, 1, 0.2], "texture": "#3"},
				"west": {"uv": [0, 0, 0.2, 1], "texture": "#scopeglass"},
				"up": {"uv": [0, 0, 3, 0.2], "texture": "#3"},
				"down": {"uv": [0, 0, 3, 0.2], "texture": "#3"}
			}
		},
		{
			"from": [6.84, 2.4218, 7.274],
			"to": [6.95, 2.7122, 8.726],
			"rotation": {"angle": 22.5, "axis": "x", "origin": [10.58, 2.567, 8]},
			"faces": {
				"north": {"uv": [0, 0, 1, 0.2], "texture": "#3"},
				"south": {"uv": [0, 0, 1, 0.2], "texture": "#3"},
				"west": {"uv": [0, 0, 0.2, 1], "texture": "#scopeglass"},
				"up": {"uv": [0, 0, 3, 0.2], "texture": "#3"},
				"down": {"uv": [0, 0, 3, 0.2], "texture": "#3"}
			}
		},
		{
			"from": [6.84, 1.841, 7.8548],
			"to": [6.95, 3.293, 8.1452],
			"rotation": {"angle": -45, "axis": "x", "origin": [10.58, 2.567, 8]},
			"faces": {
				"north": {"uv": [0, 0, 1, 0.2], "texture": "#3"},
				"south": {"uv": [0, 0, 1, 0.2], "texture": "#3"},
				"west": {"uv": [0, 0, 0.2, 1], "texture": "#scopeglass"},
				"up": {"uv": [0, 0, 3, 0.2], "texture": "#3"},
				"down": {"uv": [0, 0, 3, 0.2], "texture": "#3"}
			}
		},
		{
			"from": [6.84, 1.841, 7.8548],
			"to": [6.95, 3.293, 8.1452],
			"rotation": {"angle": -22.5, "axis": "x", "origin": [10.58, 2.567, 8]},
			"faces": {
				"north": {"uv": [0, 0, 1, 0.2], "texture": "#3"},
				"south": {"uv": [0, 0, 1, 0.2], "texture": "#3"},
				"west": {"uv": [0, 0, 0.2, 1], "texture": "#scopeglass"},
				"up": {"uv": [0, 0, 3, 0.2], "texture": "#3"},
				"down": {"uv": [0, 0, 3, 0.2], "texture": "#3"}
			}
		},
		{
			"from": [6.84, 1.841, 7.8548],
			"to": [6.95, 3.293, 8.1452],
			"rotation": {"angle": 0, "axis": "y", "origin": [5.08, -11.748, -0.8]},
			"faces": {
				"north": {"uv": [0, 0, 1, 0.2], "texture": "#3"},
				"south": {"uv": [0, 0, 1, 0.2], "texture": "#3"},
				"west": {"uv": [0, 0, 0.2, 1], "texture": "#scopeglass"},
				"up": {"uv": [0, 0, 3, 0.2], "texture": "#3"},
				"down": {"uv": [0, 0, 3, 0.2], "texture": "#3"}
			}
		},
		{
			"from": [6.84, 1.841, 7.8548],
			"to": [6.95, 3.293, 8.1452],
			"rotation": {"angle": 22.5, "axis": "x", "origin": [10.58, 2.567, 8]},
			"faces": {
				"north": {"uv": [0, 0, 1, 0.2], "texture": "#3"},
				"south": {"uv": [0, 0, 1, 0.2], "texture": "#3"},
				"west": {"uv": [0, 0, 0.2, 1], "texture": "#scopeglass"},
				"up": {"uv": [0, 0, 3, 0.2], "texture": "#3"},
				"down": {"uv": [0, 0, 3, 0.2], "texture": "#3"}
			}
		},
		{
			"from": [6.84, 1.841, 7.8548],
			"to": [6.95, 3.293, 8.1452],
			"rotation": {"angle": 45, "axis": "x", "origin": [10.58, 2.567, 8]},
			"faces": {
				"north": {"uv": [0, 0, 1, 0.2], "texture": "#3"},
				"south": {"uv": [0, 0, 1, 0.2], "texture": "#3"},
				"west": {"uv": [0, 0, 0.2, 1], "texture": "#scopeglass"},
				"up": {"uv": [0, 0, 3, 0.2], "texture": "#3"},
				"down": {"uv": [0, 0, 3, 0.2], "texture": "#3"}
			}
		},
		{
			"from": [6.84, 2.4218, 7.274],
			"to": [6.95, 2.7122, 8.726],
			"rotation": {"angle": -22.5, "axis": "x", "origin": [10.58, 2.567, 8]},
			"faces": {
				"north": {"uv": [0, 0, 1, 0.2], "texture": "#3"},
				"south": {"uv": [0, 0, 1, 0.2], "texture": "#3"},
				"west": {"uv": [0, 0, 0.2, 1], "texture": "#scopeglass"},
				"up": {"uv": [0, 0, 3, 0.2], "texture": "#3"},
				"down": {"uv": [0, 0, 3, 0.2], "texture": "#3"}
			}
		},
		{
			"from": [8.589, 2.237, 8.55],
			"to": [8.721, 2.897, 9.1],
			"rotation": {"angle": 22.5, "axis": "z", "origin": [8.655, 2.567, 8]},
			"faces": {
				"east": {"uv": [0, 0, 0.2, 1], "texture": "#4"},
				"west": {"uv": [0, 0, 0.2, 1], "texture": "#4"},
				"up": {"uv": [0, 0, 3, 0.2], "texture": "#4"},
				"down": {"uv": [0, 0, 3, 0.2], "texture": "#4"}
			}
		},
		{
			"from": [8.589, 2.237, 8.55],
			"to": [8.721, 2.897, 9.1],
			"rotation": {"angle": 45, "axis": "z", "origin": [8.655, 2.567, 8]},
			"faces": {
				"east": {"uv": [0, 0, 0.2, 1], "texture": "#4"},
				"west": {"uv": [0, 0, 0.2, 1], "texture": "#4"},
				"up": {"uv": [0, 0, 3, 0.2], "texture": "#4"},
				"down": {"uv": [0, 0, 3, 0.2], "texture": "#4"}
			}
		},
		{
			"from": [8.325, 2.501, 8.55],
			"to": [8.985, 2.633, 9.1],
			"rotation": {"angle": -22.5, "axis": "z", "origin": [8.655, 2.567, 8]},
			"faces": {
				"east": {"uv": [0, 0, 0.2, 1], "texture": "#4"},
				"west": {"uv": [0, 0, 0.2, 1], "texture": "#4"},
				"up": {"uv": [0, 0, 3, 0.2], "texture": "#4"},
				"down": {"uv": [0, 0, 3, 0.2], "texture": "#4"}
			}
		},
		{
			"from": [8.325, 2.501, 8.55],
			"to": [8.985, 2.633, 9.1],
			"rotation": {"angle": 22.5, "axis": "z", "origin": [8.655, 2.567, 8]},
			"faces": {
				"east": {"uv": [0, 0, 0.2, 1], "texture": "#4"},
				"west": {"uv": [0, 0, 0.2, 1], "texture": "#4"},
				"up": {"uv": [0, 0, 3, 0.2], "texture": "#4"},
				"down": {"uv": [0, 0, 3, 0.2], "texture": "#4"}
			}
		},
		{
			"from": [8.325, 2.501, 8.55],
			"to": [8.985, 2.633, 9.1],
			"rotation": {"angle": 0, "axis": "y", "origin": [2.88, -8.048, -0.8]},
			"faces": {
				"east": {"uv": [0, 0, 0.2, 1], "texture": "#4"},
				"west": {"uv": [0, 0, 0.2, 1], "texture": "#4"},
				"up": {"uv": [0, 0, 3, 0.2], "texture": "#4"},
				"down": {"uv": [0, 0, 3, 0.2], "texture": "#4"}
			}
		},
		{
			"from": [8.589, 2.237, 8.55],
			"to": [8.721, 2.897, 9.1],
			"rotation": {"angle": -45, "axis": "z", "origin": [8.655, 2.567, 8]},
			"faces": {
				"east": {"uv": [0, 0, 0.2, 1], "texture": "#4"},
				"west": {"uv": [0, 0, 0.2, 1], "texture": "#4"},
				"up": {"uv": [0, 0, 3, 0.2], "texture": "#4"},
				"down": {"uv": [0, 0, 3, 0.2], "texture": "#4"}
			}
		},
		{
			"from": [8.589, 2.237, 8.55],
			"to": [8.721, 2.897, 9.1],
			"rotation": {"angle": -22.5, "axis": "z", "origin": [8.655, 2.567, 8]},
			"faces": {
				"east": {"uv": [0, 0, 0.2, 1], "texture": "#4"},
				"west": {"uv": [0, 0, 0.2, 1], "texture": "#4"},
				"up": {"uv": [0, 0, 3, 0.2], "texture": "#4"},
				"down": {"uv": [0, 0, 3, 0.2], "texture": "#4"}
			}
		},
		{
			"from": [8.589, 2.237, 8.55],
			"to": [8.721, 2.897, 9.1],
			"rotation": {"angle": 0, "axis": "y", "origin": [2.88, -8.048, -0.8]},
			"faces": {
				"east": {"uv": [0, 0, 0.2, 1], "texture": "#4"},
				"west": {"uv": [0, 0, 0.2, 1], "texture": "#4"},
				"up": {"uv": [0, 0, 3, 0.2], "texture": "#4"},
				"down": {"uv": [0, 0, 3, 0.2], "texture": "#4"}
			}
		},
		{
			"from": [8.325, 3.117, 7.934],
			"to": [8.985, 3.667, 8.066],
			"rotation": {"angle": 0, "axis": "y", "origin": [2.88, -8.048, -0.8]},
			"faces": {
				"north": {"uv": [0, 0, 1, 0.2], "texture": "#4"},
				"east": {"uv": [0, 0, 0.2, 1], "texture": "#4"},
				"south": {"uv": [0, 0, 1, 0.2], "texture": "#4"},
				"west": {"uv": [0, 0, 0.2, 1], "texture": "#4"}
			}
		},
		{
			"from": [8.325, 3.117, 7.934],
			"to": [8.985, 3.667, 8.066],
			"rotation": {"angle": 22.5, "axis": "y", "origin": [8.655, 0.752, 8]},
			"faces": {
				"north": {"uv": [0, 0, 1, 0.2], "texture": "#4"},
				"east": {"uv": [0, 0, 0.2, 1], "texture": "#4"},
				"south": {"uv": [0, 0, 1, 0.2], "texture": "#4"},
				"west": {"uv": [0, 0, 0.2, 1], "texture": "#4"}
			}
		},
		{
			"from": [8.325, 3.117, 7.934],
			"to": [8.985, 3.667, 8.066],
			"rotation": {"angle": 45, "axis": "y", "origin": [8.655, 0.752, 8]},
			"faces": {
				"north": {"uv": [0, 0, 1, 0.2], "texture": "#4"},
				"east": {"uv": [0, 0, 0.2, 1], "texture": "#4"},
				"south": {"uv": [0, 0, 1, 0.2], "texture": "#4"},
				"west": {"uv": [0, 0, 0.2, 1], "texture": "#4"}
			}
		},
		{
			"from": [8.589, 3.117, 7.67],
			"to": [8.721, 3.667, 8.33],
			"rotation": {"angle": -22.5, "axis": "y", "origin": [8.655, 0.752, 8]},
			"faces": {
				"north": {"uv": [0, 0, 1, 0.2], "texture": "#4"},
				"east": {"uv": [0, 0, 0.2, 1], "texture": "#4"},
				"south": {"uv": [0, 0, 1, 0.2], "texture": "#4"},
				"west": {"uv": [0, 0, 0.2, 1], "texture": "#4"}
			}
		},
		{
			"from": [8.589, 3.117, 7.67],
			"to": [8.721, 3.667, 8.33],
			"rotation": {"angle": 0, "axis": "y", "origin": [2.88, -8.048, -0.8]},
			"faces": {
				"north": {"uv": [0, 0, 1, 0.2], "texture": "#4"},
				"east": {"uv": [0, 0, 0.2, 1], "texture": "#4"},
				"south": {"uv": [0, 0, 1, 0.2], "texture": "#4"},
				"west": {"uv": [0, 0, 0.2, 1], "texture": "#4"}
			}
		},
		{
			"from": [8.589, 3.117, 7.67],
			"to": [8.721, 3.667, 8.33],
			"rotation": {"angle": 22.5, "axis": "y", "origin": [8.655, 0.752, 8]},
			"faces": {
				"north": {"uv": [0, 0, 1, 0.2], "texture": "#4"},
				"east": {"uv": [0, 0, 0.2, 1], "texture": "#4"},
				"south": {"uv": [0, 0, 1, 0.2], "texture": "#4"},
				"west": {"uv": [0, 0, 0.2, 1], "texture": "#4"}
			}
		},
		{
			"from": [8.325, 3.117, 7.934],
			"to": [8.985, 3.667, 8.066],
			"rotation": {"angle": -45, "axis": "y", "origin": [8.655, 0.752, 8]},
			"faces": {
				"north": {"uv": [0, 0, 1, 0.2], "texture": "#4"},
				"east": {"uv": [0, 0, 0.2, 1], "texture": "#4"},
				"south": {"uv": [0, 0, 1, 0.2], "texture": "#4"},
				"west": {"uv": [0, 0, 0.2, 1], "texture": "#4"}
			}
		},
		{
			"from": [8.325, 3.117, 7.934],
			"to": [8.985, 3.667, 8.066],
			"rotation": {"angle": -22.5, "axis": "y", "origin": [8.655, 0.752, 8]},
			"faces": {
				"north": {"uv": [0, 0, 1, 0.2], "texture": "#4"},
				"east": {"uv": [0, 0, 0.2, 1], "texture": "#4"},
				"south": {"uv": [0, 0, 1, 0.2], "texture": "#4"},
				"west": {"uv": [0, 0, 0.2, 1], "texture": "#4"}
			}
		},
		{
			"from": [8.578, 2.182, 7.1],
			"to": [8.732, 2.952, 7.43],
			"rotation": {"angle": 45, "axis": "z", "origin": [8.655, 2.567, 6]},
			"faces": {
				"north": {"uv": [0, 0, 1, 0.2], "texture": "#3"},
				"east": {"uv": [0, 0, 0.2, 1], "texture": "#3"},
				"south": {"uv": [0, 0, 1, 0.2], "texture": "#3"},
				"west": {"uv": [0, 0, 0.2, 1], "texture": "#3"},
				"up": {"uv": [0, 0, 3, 0.2], "texture": "#3"},
				"down": {"uv": [0, 0, 3, 0.2], "texture": "#3"}
			}
		},
		{
			"from": [8.27, 2.49, 7.1],
			"to": [9.04, 2.644, 7.43],
			"rotation": {"angle": -22.5, "axis": "z", "origin": [8.655, 2.567, 6]},
			"faces": {
				"north": {"uv": [0, 0, 1, 0.2], "texture": "#3"},
				"east": {"uv": [0, 0, 0.2, 1], "texture": "#3"},
				"south": {"uv": [0, 0, 1, 0.2], "texture": "#3"},
				"west": {"uv": [0, 0, 0.2, 1], "texture": "#3"},
				"up": {"uv": [0, 0, 3, 0.2], "texture": "#3"},
				"down": {"uv": [0, 0, 3, 0.2], "texture": "#3"}
			}
		},
		{
			"from": [8.27, 2.49, 7.1],
			"to": [9.04, 2.644, 7.43],
			"rotation": {"angle": 0, "axis": "y", "origin": [2.88, -8.048, -2.8]},
			"faces": {
				"north": {"uv": [0, 0, 1, 0.2], "texture": "#3"},
				"east": {"uv": [0, 0, 0.2, 1], "texture": "#3"},
				"south": {"uv": [0, 0, 1, 0.2], "texture": "#3"},
				"west": {"uv": [0, 0, 0.2, 1], "texture": "#3"},
				"up": {"uv": [0, 0, 3, 0.2], "texture": "#3"},
				"down": {"uv": [0, 0, 3, 0.2], "texture": "#3"}
			}
		},
		{
			"from": [8.27, 2.49, 7.1],
			"to": [9.04, 2.644, 7.43],
			"rotation": {"angle": 22.5, "axis": "z", "origin": [8.655, 2.567, 6]},
			"faces": {
				"north": {"uv": [0, 0, 1, 0.2], "texture": "#3"},
				"east": {"uv": [0, 0, 0.2, 1], "texture": "#3"},
				"south": {"uv": [0, 0, 1, 0.2], "texture": "#3"},
				"west": {"uv": [0, 0, 0.2, 1], "texture": "#3"},
				"up": {"uv": [0, 0, 3, 0.2], "texture": "#3"},
				"down": {"uv": [0, 0, 3, 0.2], "texture": "#3"}
			}
		},
		{
			"from": [8.578, 2.182, 7.1],
			"to": [8.732, 2.952, 7.43],
			"rotation": {"angle": 22.5, "axis": "z", "origin": [8.655, 2.567, 6]},
			"faces": {
				"north": {"uv": [0, 0, 1, 0.2], "texture": "#3"},
				"east": {"uv": [0, 0, 0.2, 1], "texture": "#3"},
				"south": {"uv": [0, 0, 1, 0.2], "texture": "#3"},
				"west": {"uv": [0, 0, 0.2, 1], "texture": "#3"},
				"up": {"uv": [0, 0, 3, 0.2], "texture": "#3"},
				"down": {"uv": [0, 0, 3, 0.2], "texture": "#3"}
			}
		},
		{
			"from": [8.578, 2.182, 7.1],
			"to": [8.732, 2.952, 7.43],
			"rotation": {"angle": 0, "axis": "y", "origin": [2.88, -8.048, -2.8]},
			"faces": {
				"north": {"uv": [0, 0, 1, 0.2], "texture": "#3"},
				"east": {"uv": [0, 0, 0.2, 1], "texture": "#3"},
				"south": {"uv": [0, 0, 1, 0.2], "texture": "#3"},
				"west": {"uv": [0, 0, 0.2, 1], "texture": "#3"},
				"up": {"uv": [0, 0, 3, 0.2], "texture": "#3"},
				"down": {"uv": [0, 0, 3, 0.2], "texture": "#3"}
			}
		},
		{
			"from": [8.578, 2.182, 7.1],
			"to": [8.732, 2.952, 7.43],
			"rotation": {"angle": -22.5, "axis": "z", "origin": [8.655, 2.567, 6]},
			"faces": {
				"north": {"uv": [0, 0, 1, 0.2], "texture": "#3"},
				"east": {"uv": [0, 0, 0.2, 1], "texture": "#3"},
				"south": {"uv": [0, 0, 1, 0.2], "texture": "#3"},
				"west": {"uv": [0, 0, 0.2, 1], "texture": "#3"},
				"up": {"uv": [0, 0, 3, 0.2], "texture": "#3"},
				"down": {"uv": [0, 0, 3, 0.2], "texture": "#3"}
			}
		},
		{
			"from": [8.578, 2.182, 7.1],
			"to": [8.732, 2.952, 7.43],
			"rotation": {"angle": -45, "axis": "z", "origin": [8.655, 2.567, 6]},
			"faces": {
				"north": {"uv": [0, 0, 1, 0.2], "texture": "#3"},
				"east": {"uv": [0, 0, 0.2, 1], "texture": "#3"},
				"south": {"uv": [0, 0, 1, 0.2], "texture": "#3"},
				"west": {"uv": [0, 0, 0.2, 1], "texture": "#3"},
				"up": {"uv": [0, 0, 3, 0.2], "texture": "#3"},
				"down": {"uv": [0, 0, 3, 0.2], "texture": "#3"}
			}
		},
		{
			"from": [8.27, 3.667, 7.923],
			"to": [9.04, 3.997, 8.077],
			"rotation": {"angle": 0, "axis": "y", "origin": [2.88, -8.048, -0.8]},
			"faces": {
				"north": {"uv": [0, 0, 1, 0.2], "texture": "#3"},
				"east": {"uv": [0, 0, 0.2, 1], "texture": "#3"},
				"south": {"uv": [0, 0, 1, 0.2], "texture": "#3"},
				"west": {"uv": [0, 0, 0.2, 1], "texture": "#3"},
				"up": {"uv": [0, 0, 3, 0.2], "texture": "#3"},
				"down": {"uv": [0, 0, 3, 0.2], "texture": "#3"}
			}
		},
		{
			"from": [8.27, 3.667, 7.923],
			"to": [9.04, 3.997, 8.077],
			"rotation": {"angle": 22.5, "axis": "y", "origin": [8.655, 0.752, 8]},
			"faces": {
				"north": {"uv": [0, 0, 1, 0.2], "texture": "#3"},
				"east": {"uv": [0, 0, 0.2, 1], "texture": "#3"},
				"south": {"uv": [0, 0, 1, 0.2], "texture": "#3"},
				"west": {"uv": [0, 0, 0.2, 1], "texture": "#3"},
				"up": {"uv": [0, 0, 3, 0.2], "texture": "#3"},
				"down": {"uv": [0, 0, 3, 0.2], "texture": "#3"}
			}
		},
		{
			"from": [8.27, 3.667, 7.923],
			"to": [9.04, 3.997, 8.077],
			"rotation": {"angle": 45, "axis": "y", "origin": [8.655, 0.752, 8]},
			"faces": {
				"north": {"uv": [0, 0, 1, 0.2], "texture": "#3"},
				"east": {"uv": [0, 0, 0.2, 1], "texture": "#3"},
				"south": {"uv": [0, 0, 1, 0.2], "texture": "#3"},
				"west": {"uv": [0, 0, 0.2, 1], "texture": "#3"},
				"up": {"uv": [0, 0, 3, 0.2], "texture": "#3"},
				"down": {"uv": [0, 0, 3, 0.2], "texture": "#3"}
			}
		},
		{
			"from": [8.578, 3.667, 7.615],
			"to": [8.732, 3.997, 8.385],
			"rotation": {"angle": -22.5, "axis": "y", "origin": [8.655, 0.752, 8]},
			"faces": {
				"north": {"uv": [0, 0, 1, 0.2], "texture": "#3"},
				"east": {"uv": [0, 0, 0.2, 1], "texture": "#3"},
				"south": {"uv": [0, 0, 1, 0.2], "texture": "#3"},
				"west": {"uv": [0, 0, 0.2, 1], "texture": "#3"},
				"up": {"uv": [0, 0, 3, 0.2], "texture": "#3"},
				"down": {"uv": [0, 0, 3, 0.2], "texture": "#3"}
			}
		},
		{
			"from": [8.578, 3.667, 7.615],
			"to": [8.732, 3.997, 8.385],
			"rotation": {"angle": 0, "axis": "y", "origin": [2.88, -8.048, -0.8]},
			"faces": {
				"north": {"uv": [0, 0, 1, 0.2], "texture": "#3"},
				"east": {"uv": [0, 0, 0.2, 1], "texture": "#3"},
				"south": {"uv": [0, 0, 1, 0.2], "texture": "#3"},
				"west": {"uv": [0, 0, 0.2, 1], "texture": "#3"},
				"up": {"uv": [0, 0, 3, 0.2], "texture": "#3"},
				"down": {"uv": [0, 0, 3, 0.2], "texture": "#3"}
			}
		},
		{
			"from": [8.578, 3.667, 7.615],
			"to": [8.732, 3.997, 8.385],
			"rotation": {"angle": 22.5, "axis": "y", "origin": [8.655, 0.752, 8]},
			"faces": {
				"north": {"uv": [0, 0, 1, 0.2], "texture": "#3"},
				"east": {"uv": [0, 0, 0.2, 1], "texture": "#3"},
				"south": {"uv": [0, 0, 1, 0.2], "texture": "#3"},
				"west": {"uv": [0, 0, 0.2, 1], "texture": "#3"},
				"up": {"uv": [0, 0, 3, 0.2], "texture": "#3"},
				"down": {"uv": [0, 0, 3, 0.2], "texture": "#3"}
			}
		},
		{
			"from": [8.27, 3.667, 7.923],
			"to": [9.04, 3.997, 8.077],
			"rotation": {"angle": -45, "axis": "y", "origin": [8.655, 0.752, 8]},
			"faces": {
				"north": {"uv": [0, 0, 1, 0.2], "texture": "#3"},
				"east": {"uv": [0, 0, 0.2, 1], "texture": "#3"},
				"south": {"uv": [0, 0, 1, 0.2], "texture": "#3"},
				"west": {"uv": [0, 0, 0.2, 1], "texture": "#3"},
				"up": {"uv": [0, 0, 3, 0.2], "texture": "#3"},
				"down": {"uv": [0, 0, 3, 0.2], "texture": "#3"}
			}
		},
		{
			"from": [8.27, 3.667, 7.923],
			"to": [9.04, 3.997, 8.077],
			"rotation": {"angle": -22.5, "axis": "y", "origin": [8.655, 0.752, 8]},
			"faces": {
				"north": {"uv": [0, 0, 1, 0.2], "texture": "#3"},
				"east": {"uv": [0, 0, 0.2, 1], "texture": "#3"},
				"south": {"uv": [0, 0, 1, 0.2], "texture": "#3"},
				"west": {"uv": [0, 0, 0.2, 1], "texture": "#3"},
				"up": {"uv": [0, 0, 3, 0.2], "texture": "#3"},
				"down": {"uv": [0, 0, 3, 0.2], "texture": "#3"}
			}
		},
		{
			"from": [8.27, 2.49, 7.45],
			"to": [9.04, 2.644, 8.55],
			"rotation": {"angle": 22.5, "axis": "z", "origin": [8.655, 2.567, 8]},
			"faces": {
				"north": {"uv": [0, 0, 1, 0.2], "texture": "#3"},
				"east": {"uv": [0, 0, 0.2, 1], "texture": "#3"},
				"south": {"uv": [0, 0, 1, 0.2], "texture": "#3"},
				"west": {"uv": [0, 0, 0.2, 1], "texture": "#3"},
				"up": {"uv": [0, 0, 3, 0.2], "texture": "#3"},
				"down": {"uv": [0, 0, 3, 0.2], "texture": "#3"}
			}
		},
		{
			"from": [8.27, 2.49, 7.45],
			"to": [9.04, 2.644, 8.55],
			"rotation": {"angle": 0, "axis": "y", "origin": [2.88, -8.048, -0.8]},
			"faces": {
				"north": {"uv": [0, 0, 1, 0.2], "texture": "#3"},
				"east": {"uv": [0, 0, 0.2, 1], "texture": "#3"},
				"south": {"uv": [0, 0, 1, 0.2], "texture": "#3"},
				"west": {"uv": [0, 0, 0.2, 1], "texture": "#3"},
				"up": {"uv": [0, 0, 3, 0.2], "texture": "#3"},
				"down": {"uv": [0, 0, 3, 0.2], "texture": "#3"}
			}
		},
		{
			"from": [8.27, 2.49, 7.45],
			"to": [9.04, 2.644, 8.55],
			"rotation": {"angle": -22.5, "axis": "z", "origin": [8.655, 2.567, 8]},
			"faces": {
				"north": {"uv": [0, 0, 1, 0.2], "texture": "#3"},
				"east": {"uv": [0, 0, 0.2, 1], "texture": "#3"},
				"south": {"uv": [0, 0, 1, 0.2], "texture": "#3"},
				"west": {"uv": [0, 0, 0.2, 1], "texture": "#3"},
				"up": {"uv": [0, 0, 3, 0.2], "texture": "#3"},
				"down": {"uv": [0, 0, 3, 0.2], "texture": "#3"}
			}
		},
		{
			"from": [8.578, 2.182, 7.45],
			"to": [8.732, 2.952, 8.55],
			"rotation": {"angle": 45, "axis": "z", "origin": [8.655, 2.567, 8]},
			"faces": {
				"north": {"uv": [0, 0, 1, 0.2], "texture": "#3"},
				"east": {"uv": [0, 0, 0.2, 1], "texture": "#3"},
				"south": {"uv": [0, 0, 1, 0.2], "texture": "#3"},
				"west": {"uv": [0, 0, 0.2, 1], "texture": "#3"},
				"up": {"uv": [0, 0, 3, 0.2], "texture": "#3"},
				"down": {"uv": [0, 0, 3, 0.2], "texture": "#3"}
			}
		},
		{
			"from": [8.578, 2.182, 7.45],
			"to": [8.732, 2.952, 8.55],
			"rotation": {"angle": -22.5, "axis": "z", "origin": [8.655, 2.567, 8]},
			"faces": {
				"north": {"uv": [0, 0, 1, 0.2], "texture": "#3"},
				"east": {"uv": [0, 0, 0.2, 1], "texture": "#3"},
				"south": {"uv": [0, 0, 1, 0.2], "texture": "#3"},
				"west": {"uv": [0, 0, 0.2, 1], "texture": "#3"},
				"up": {"uv": [0, 0, 3, 0.2], "texture": "#3"},
				"down": {"uv": [0, 0, 3, 0.2], "texture": "#3"}
			}
		},
		{
			"from": [8.578, 2.182, 7.45],
			"to": [8.732, 2.952, 8.55],
			"rotation": {"angle": 0, "axis": "y", "origin": [2.88, -8.048, -0.8]},
			"faces": {
				"north": {"uv": [0, 0, 1, 0.2], "texture": "#3"},
				"east": {"uv": [0, 0, 0.2, 1], "texture": "#3"},
				"south": {"uv": [0, 0, 1, 0.2], "texture": "#3"},
				"west": {"uv": [0, 0, 0.2, 1], "texture": "#3"},
				"up": {"uv": [0, 0, 3, 0.2], "texture": "#3"},
				"down": {"uv": [0, 0, 3, 0.2], "texture": "#3"}
			}
		},
		{
			"from": [8.578, 2.182, 7.45],
			"to": [8.732, 2.952, 8.55],
			"rotation": {"angle": 22.5, "axis": "z", "origin": [8.655, 2.567, 8]},
			"faces": {
				"north": {"uv": [0, 0, 1, 0.2], "texture": "#3"},
				"east": {"uv": [0, 0, 0.2, 1], "texture": "#3"},
				"south": {"uv": [0, 0, 1, 0.2], "texture": "#3"},
				"west": {"uv": [0, 0, 0.2, 1], "texture": "#3"},
				"up": {"uv": [0, 0, 3, 0.2], "texture": "#3"},
				"down": {"uv": [0, 0, 3, 0.2], "texture": "#3"}
			}
		},
		{
			"from": [8.578, 2.182, 7.45],
			"to": [8.732, 2.952, 8.55],
			"rotation": {"angle": -45, "axis": "z", "origin": [8.655, 2.567, 8]},
			"faces": {
				"north": {"uv": [0, 0, 1, 0.2], "texture": "#3"},
				"east": {"uv": [0, 0, 0.2, 1], "texture": "#3"},
				"south": {"uv": [0, 0, 1, 0.2], "texture": "#3"},
				"west": {"uv": [0, 0, 0.2, 1], "texture": "#3"},
				"up": {"uv": [0, 0, 3, 0.2], "texture": "#3"},
				"down": {"uv": [0, 0, 3, 0.2], "texture": "#3"}
			}
		},
		{
			"from": [8.578, 2.017, 7.615],
			"to": [8.732, 3.117, 8.385],
			"rotation": {"angle": 22.5, "axis": "y", "origin": [8.655, 0.752, 8]},
			"faces": {
				"north": {"uv": [0, 0, 1, 0.2], "texture": "#3"},
				"east": {"uv": [0, 0, 0.2, 1], "texture": "#3"},
				"south": {"uv": [0, 0, 1, 0.2], "texture": "#3"},
				"west": {"uv": [0, 0, 0.2, 1], "texture": "#3"},
				"up": {"uv": [0, 0, 3, 0.2], "texture": "#3"},
				"down": {"uv": [0, 0, 3, 0.2], "texture": "#3"}
			}
		},
		{
			"from": [8.27, 2.017, 7.923],
			"to": [9.04, 3.117, 8.077],
			"rotation": {"angle": -45, "axis": "y", "origin": [8.655, 0.752, 8]},
			"faces": {
				"north": {"uv": [0, 0, 1, 0.2], "texture": "#3"},
				"east": {"uv": [0, 0, 0.2, 1], "texture": "#3"},
				"south": {"uv": [0, 0, 1, 0.2], "texture": "#3"},
				"west": {"uv": [0, 0, 0.2, 1], "texture": "#3"},
				"up": {"uv": [0, 0, 3, 0.2], "texture": "#3"},
				"down": {"uv": [0, 0, 3, 0.2], "texture": "#3"}
			}
		},
		{
			"from": [8.27, 2.017, 7.923],
			"to": [9.04, 3.117, 8.077],
			"rotation": {"angle": -22.5, "axis": "y", "origin": [8.655, 0.752, 8]},
			"faces": {
				"north": {"uv": [0, 0, 1, 0.2], "texture": "#3"},
				"east": {"uv": [0, 0, 0.2, 1], "texture": "#3"},
				"south": {"uv": [0, 0, 1, 0.2], "texture": "#3"},
				"west": {"uv": [0, 0, 0.2, 1], "texture": "#3"},
				"up": {"uv": [0, 0, 3, 0.2], "texture": "#3"},
				"down": {"uv": [0, 0, 3, 0.2], "texture": "#3"}
			}
		},
		{
			"from": [8.27, 2.017, 7.923],
			"to": [9.04, 3.117, 8.077],
			"rotation": {"angle": 0, "axis": "y", "origin": [2.88, -8.048, -0.8]},
			"faces": {
				"north": {"uv": [0, 0, 1, 0.2], "texture": "#3"},
				"east": {"uv": [0, 0, 0.2, 1], "texture": "#3"},
				"south": {"uv": [0, 0, 1, 0.2], "texture": "#3"},
				"west": {"uv": [0, 0, 0.2, 1], "texture": "#3"},
				"up": {"uv": [0, 0, 3, 0.2], "texture": "#3"},
				"down": {"uv": [0, 0, 3, 0.2], "texture": "#3"}
			}
		},
		{
			"from": [8.27, 2.017, 7.923],
			"to": [9.04, 3.117, 8.077],
			"rotation": {"angle": 22.5, "axis": "y", "origin": [8.655, 0.752, 8]},
			"faces": {
				"north": {"uv": [0, 0, 1, 0.2], "texture": "#3"},
				"east": {"uv": [0, 0, 0.2, 1], "texture": "#3"},
				"south": {"uv": [0, 0, 1, 0.2], "texture": "#3"},
				"west": {"uv": [0, 0, 0.2, 1], "texture": "#3"},
				"up": {"uv": [0, 0, 3, 0.2], "texture": "#3"},
				"down": {"uv": [0, 0, 3, 0.2], "texture": "#3"}
			}
		},
		{
			"from": [8.27, 2.017, 7.923],
			"to": [9.04, 3.117, 8.077],
			"rotation": {"angle": 45, "axis": "y", "origin": [8.655, 0.752, 8]},
			"faces": {
				"north": {"uv": [0, 0, 1, 0.2], "texture": "#3"},
				"east": {"uv": [0, 0, 0.2, 1], "texture": "#3"},
				"south": {"uv": [0, 0, 1, 0.2], "texture": "#3"},
				"west": {"uv": [0, 0, 0.2, 1], "texture": "#3"},
				"up": {"uv": [0, 0, 3, 0.2], "texture": "#3"},
				"down": {"uv": [0, 0, 3, 0.2], "texture": "#3"}
			}
		},
		{
			"from": [8.578, 2.017, 7.615],
			"to": [8.732, 3.117, 8.385],
			"rotation": {"angle": -22.5, "axis": "y", "origin": [8.655, 0.752, 8]},
			"faces": {
				"north": {"uv": [0, 0, 1, 0.2], "texture": "#3"},
				"east": {"uv": [0, 0, 0.2, 1], "texture": "#3"},
				"south": {"uv": [0, 0, 1, 0.2], "texture": "#3"},
				"west": {"uv": [0, 0, 0.2, 1], "texture": "#3"},
				"up": {"uv": [0, 0, 3, 0.2], "texture": "#3"},
				"down": {"uv": [0, 0, 3, 0.2], "texture": "#3"}
			}
		},
		{
			"from": [8.578, 2.017, 7.615],
			"to": [8.732, 3.117, 8.385],
			"rotation": {"angle": 0, "axis": "y", "origin": [2.88, -8.048, -0.8]},
			"faces": {
				"north": {"uv": [0, 0, 1, 0.2], "texture": "#3"},
				"east": {"uv": [0, 0, 0.2, 1], "texture": "#3"},
				"south": {"uv": [0, 0, 1, 0.2], "texture": "#3"},
				"west": {"uv": [0, 0, 0.2, 1], "texture": "#3"},
				"up": {"uv": [0, 0, 3, 0.2], "texture": "#3"},
				"down": {"uv": [0, 0, 3, 0.2], "texture": "#3"}
			}
		},
		{
			"from": [9.21, 1.1746, 7.4918],
			"to": [9.65, 1.3066, 7.7118],
			"rotation": {"angle": 45, "axis": "x", "origin": [11.08, 0.552, 8]},
			"faces": {
				"east": {"uv": [0, 0, 0.2, 1], "texture": "#3"},
				"south": {"uv": [0, 0, 1, 0.2], "texture": "#3"},
				"west": {"uv": [0, 0, 0.2, 1], "texture": "#3"},
				"up": {"uv": [0, 0, 3, 0.2], "texture": "#3"}
			}
		},
		{
			"from": [9.21, 1.267, 7.78],
			"to": [9.65, 1.927, 8.22],
			"rotation": {"angle": 0, "axis": "y", "origin": [2.28, -8.248, -0.8]},
			"faces": {
				"north": {"uv": [0, 0, 1, 0.2], "texture": "#3"},
				"east": {"uv": [0, 0, 0.2, 1], "texture": "#3"},
				"south": {"uv": [0, 0, 1, 0.2], "texture": "#3"},
				"west": {"uv": [0, 0, 0.2, 1], "texture": "#3"}
			}
		},
		{
			"from": [9.21, 1.1746, 8.2882],
			"to": [9.65, 1.3066, 8.5082],
			"rotation": {"angle": -45, "axis": "x", "origin": [11.08, 0.552, 8]},
			"faces": {
				"north": {"uv": [0, 0, 1, 0.2], "texture": "#3"},
				"east": {"uv": [0, 0, 0.2, 1], "texture": "#3"},
				"west": {"uv": [0, 0, 0.2, 1], "texture": "#3"},
				"up": {"uv": [0, 0, 3, 0.2], "texture": "#3"}
			}
		},
		{
			"from": [6.72, 1.047, 7.67],
			"to": [10.19, 1.289, 8.33],
			"rotation": {"angle": 0, "axis": "y", "origin": [2.78, -8.248, -0.8]},
			"faces": {
				"north": {"uv": [0, 0, 1, 0.2], "texture": "#3"},
				"east": {"uv": [0, 0, 0.2, 1], "texture": "#3"},
				"south": {"uv": [0, 0, 1, 0.2], "texture": "#3"},
				"west": {"uv": [0, 0, 0.2, 1], "texture": "#3"},
				"up": {"uv": [0, 0, 3, 0.2], "texture": "#3"}
			}
		},
		{
			"from": [7.26, 1.1746, 7.4918],
			"to": [7.7, 1.3066, 7.7118],
			"rotation": {"angle": 45, "axis": "x", "origin": [11.88, 0.552, 8]},
			"faces": {
				"east": {"uv": [0, 0, 0.2, 1], "texture": "#3"},
				"south": {"uv": [0, 0, 1, 0.2], "texture": "#3"},
				"west": {"uv": [0, 0, 0.2, 1], "texture": "#3"},
				"up": {"uv": [0, 0, 3, 0.2], "texture": "#3"}
			}
		},
		{
			"from": [7.26, 1.267, 7.78],
			"to": [7.7, 1.927, 8.22],
			"rotation": {"angle": 0, "axis": "y", "origin": [3.08, -8.248, -0.8]},
			"faces": {
				"north": {"uv": [0, 0, 1, 0.2], "texture": "#3"},
				"east": {"uv": [0, 0, 0.2, 1], "texture": "#3"},
				"south": {"uv": [0, 0, 1, 0.2], "texture": "#3"},
				"west": {"uv": [0, 0, 0.2, 1], "texture": "#3"}
			}
		},
		{
			"from": [7.26, 1.1746, 8.2882],
			"to": [7.7, 1.3066, 8.5082],
			"rotation": {"angle": -45, "axis": "x", "origin": [11.88, 0.552, 8]},
			"faces": {
				"north": {"uv": [0, 0, 1, 0.2], "texture": "#3"},
				"east": {"uv": [0, 0, 0.2, 1], "texture": "#3"},
				"west": {"uv": [0, 0, 0.2, 1], "texture": "#3"},
				"up": {"uv": [0, 0, 3, 0.2], "texture": "#3"}
			}
		},
		{
			"from": [9.71, 2.257, 7.45],
			"to": [10.15, 2.477, 8.55],
			"rotation": {"angle": 22.5, "axis": "x", "origin": [8.28, 2.367, 8]},
			"faces": {
				"north": {"uv": [0, 0, 1, 0.2], "texture": "#3"},
				"east": {"uv": [0, 0, 0.2, 1], "texture": "#3"},
				"south": {"uv": [0, 0, 1, 0.2], "texture": "#3"},
				"west": {"uv": [0, 0, 0.2, 1], "texture": "#3"},
				"up": {"uv": [0, 0, 3, 0.2], "texture": "#3"},
				"down": {"uv": [0, 0, 3, 0.2], "texture": "#3"}
			}
		},
		{
			"from": [9.71, 1.817, 7.89],
			"to": [10.15, 2.917, 8.11],
			"rotation": {"angle": -45, "axis": "x", "origin": [8.28, 2.367, 8]},
			"faces": {
				"north": {"uv": [0, 0, 1, 0.2], "texture": "#3"},
				"east": {"uv": [0, 0, 0.2, 1], "texture": "#3"},
				"south": {"uv": [0, 0, 1, 0.2], "texture": "#3"},
				"west": {"uv": [0, 0, 0.2, 1], "texture": "#3"},
				"up": {"uv": [0, 0, 3, 0.2], "texture": "#3"},
				"down": {"uv": [0, 0, 3, 0.2], "texture": "#3"}
			}
		},
		{
			"from": [9.776, 2.235, 8.55],
			"to": [9.787, 2.499, 8.561],
			"rotation": {"angle": 0, "axis": "y", "origin": [2.78, -8.248, -0.8]},
			"faces": {
				"north": {"uv": [0, 0, 1, 0.2], "texture": "#color_lightergray"},
				"east": {"uv": [0, 0, 0.2, 1], "texture": "#color_lightergray"},
				"south": {"uv": [0, 0, 1, 0.2], "texture": "#color_lightergray"},
				"west": {"uv": [0, 0, 0.2, 1], "texture": "#color_lightergray"},
				"up": {"uv": [0, 0, 3, 0.2], "texture": "#color_lightergray"},
				"down": {"uv": [0, 0, 3, 0.2], "texture": "#color_lightergray"}
			}
		},
		{
			"from": [9.71, 2.246, 7.428],
			"to": [10.15, 2.356, 8.572],
			"rotation": {"angle": 0, "axis": "y", "origin": [2.78, -8.248, -0.8]},
			"faces": {
				"north": {"uv": [0, 0, 1, 0.2], "texture": "#3"},
				"east": {"uv": [0, 0, 0.2, 1], "texture": "#3"},
				"south": {"uv": [0, 0, 1, 0.2], "texture": "#3"},
				"west": {"uv": [0, 0, 0.2, 1], "texture": "#3"},
				"up": {"uv": [0, 0, 3, 0.2], "texture": "#3"},
				"down": {"uv": [0, 0, 3, 0.2], "texture": "#3"}
			}
		},
		{
			"from": [9.71, 2.312, 7.45],
			"to": [10.15, 2.422, 8.55],
			"rotation": {"angle": 0, "axis": "y", "origin": [2.78, -8.248, -0.8]},
			"faces": {
				"north": {"uv": [0, 0, 1, 0.2], "texture": "#3"},
				"east": {"uv": [0, 0, 0.2, 1], "texture": "#3"},
				"south": {"uv": [0, 0, 1, 0.2], "texture": "#3"},
				"west": {"uv": [0, 0, 0.2, 1], "texture": "#3"}
			}
		},
		{
			"from": [9.71, 2.257, 7.45],
			"to": [10.15, 2.477, 8.55],
			"rotation": {"angle": -22.5, "axis": "x", "origin": [8.28, 2.367, 8]},
			"faces": {
				"north": {"uv": [0, 0, 1, 0.2], "texture": "#3"},
				"east": {"uv": [0, 0, 0.2, 1], "texture": "#3"},
				"south": {"uv": [0, 0, 1, 0.2], "texture": "#3"},
				"west": {"uv": [0, 0, 0.2, 1], "texture": "#3"},
				"up": {"uv": [0, 0, 3, 0.2], "texture": "#3"},
				"down": {"uv": [0, 0, 3, 0.2], "texture": "#3"}
			}
		},
		{
			"from": [9.71, 1.817, 7.89],
			"to": [10.15, 2.917, 8.11],
			"rotation": {"angle": 45, "axis": "x", "origin": [8.28, 2.367, 8]},
			"faces": {
				"north": {"uv": [0, 0, 1, 0.2], "texture": "#3"},
				"east": {"uv": [0, 0, 0.2, 1], "texture": "#3"},
				"south": {"uv": [0, 0, 1, 0.2], "texture": "#3"},
				"west": {"uv": [0, 0, 0.2, 1], "texture": "#3"},
				"up": {"uv": [0, 0, 3, 0.2], "texture": "#3"},
				"down": {"uv": [0, 0, 3, 0.2], "texture": "#3"}
			}
		},
		{
			"from": [9.71, 1.817, 7.89],
			"to": [10.15, 2.917, 8.11],
			"rotation": {"angle": 22.5, "axis": "x", "origin": [8.28, 2.367, 8]},
			"faces": {
				"north": {"uv": [0, 0, 1, 0.2], "texture": "#3"},
				"east": {"uv": [0, 0, 0.2, 1], "texture": "#3"},
				"south": {"uv": [0, 0, 1, 0.2], "texture": "#3"},
				"west": {"uv": [0, 0, 0.2, 1], "texture": "#3"},
				"up": {"uv": [0, 0, 3, 0.2], "texture": "#3"},
				"down": {"uv": [0, 0, 3, 0.2], "texture": "#3"}
			}
		},
		{
			"from": [9.71, 1.817, 7.89],
			"to": [10.15, 2.917, 8.11],
			"rotation": {"angle": 0, "axis": "y", "origin": [2.78, -8.248, -0.8]},
			"faces": {
				"north": {"uv": [0, 0, 1, 0.2], "texture": "#3"},
				"east": {"uv": [0, 0, 0.2, 1], "texture": "#3"},
				"south": {"uv": [0, 0, 1, 0.2], "texture": "#3"},
				"west": {"uv": [0, 0, 0.2, 1], "texture": "#3"},
				"up": {"uv": [0, 0, 3, 0.2], "texture": "#3"}
			}
		},
		{
			"from": [9.71, 1.817, 7.89],
			"to": [10.15, 2.917, 8.11],
			"rotation": {"angle": -22.5, "axis": "x", "origin": [8.28, 2.367, 8]},
			"faces": {
				"north": {"uv": [0, 0, 1, 0.2], "texture": "#3"},
				"east": {"uv": [0, 0, 0.2, 1], "texture": "#3"},
				"south": {"uv": [0, 0, 1, 0.2], "texture": "#3"},
				"west": {"uv": [0, 0, 0.2, 1], "texture": "#3"},
				"up": {"uv": [0, 0, 3, 0.2], "texture": "#3"},
				"down": {"uv": [0, 0, 3, 0.2], "texture": "#3"}
			}
		},
		{
			"from": [9.71, 2.378, 7.428],
			"to": [10.15, 2.488, 8.572],
			"rotation": {"angle": 0, "axis": "y", "origin": [2.78, -8.248, -0.8]},
			"faces": {
				"north": {"uv": [0, 0, 1, 0.2], "texture": "#3"},
				"east": {"uv": [0, 0, 0.2, 1], "texture": "#3"},
				"south": {"uv": [0, 0, 1, 0.2], "texture": "#3"},
				"west": {"uv": [0, 0, 0.2, 1], "texture": "#3"},
				"up": {"uv": [0, 0, 3, 0.2], "texture": "#3"},
				"down": {"uv": [0, 0, 3, 0.2], "texture": "#3"}
			}
		}
	],
	"gui_light": "front",
	"display": {
		"thirdperson_righthand": {
			"rotation": [-32, -90, 0],
			"translation": [0, 5, -3.6]
		},
		"thirdperson_lefthand": {
			"rotation": [0, 90, 0],
			"translation": [-0.5, 6.5, -0.6]
		},
		"firstperson_righthand": {
			"rotation": [0, 90, 0],
			"translation": [3, 10.25, -2.87],
			"scale": [1.54, 1.32, 1.54]
		},
		"firstperson_lefthand": {
			"rotation": [0, 90, 0],
			"translation": [0.43, 9.4, -0.12]
		},
		"ground": {
			"rotation": [0, 0, 310],
			"translation": [2, 5.25, 0]
		},
		"gui": {
			"rotation": [30, 45, 0],
			"translation": [-1.15, 17.85, 0],
			"scale": [3.05, 3.65, 4]
		},
		"head": {
			"rotation": [6, 180, 0],
			"translation": [0, 13.75, 0]
		},
		"fixed": {
			"rotation": [0, 180, -43],
			"translation": [-11.5, 13, -1],
			"scale": [2.58, 3.05, 2.96]
		}
	},
	"groups": [
		{
			"name": "group",
			"origin": [8.1, 8.00051, 8.0129],
			"color": 0,
			"children": []
		},
		{
			"name": "group",
			"origin": [8.3, 8.00051, 8.0129],
			"color": 0,
			"children": []
		},
		{
			"name": "group",
			"origin": [8.3, 8.00051, 8.0129],
			"color": 0,
			"children": []
		},
		{
			"name": "group",
			"origin": [-2.4, 8.38263, 8.61595],
			"color": 0,
			"children": []
		},
		{
			"name": "group",
			"origin": [-2.4, 8.427, 7.55],
			"color": 0,
			"children": []
		},
		{
			"name": "group",
			"origin": [-2.4, 8.427, 7.55],
			"color": 0,
			"children": []
		},
		{
			"name": "group",
			"origin": [-2.4, 9.254, 7.55],
			"color": 0,
			"children": []
		},
		{
			"name": "group",
			"origin": [-2.4, 9.254, 7.55],
			"color": 0,
			"children": []
		},
		{
			"name": "group",
			"origin": [-4.4, 7.6, 7.5],
			"color": 0,
			"children": []
		},
		{
			"name": "octagon",
			"origin": [8, 8, 8],
			"color": 0,
			"children": []
		},
		{
			"name": "octagon",
			"origin": [8, 8, 8],
			"color": 0,
			"children": []
		},
		{
			"name": "octagon",
			"origin": [8, 8, 7.935],
			"color": 0,
			"children": []
		},
		{
			"name": "octagon",
			"origin": [8, 8, 7.935],
			"color": 0,
			"children": []
		},
		{
			"name": "group",
			"origin": [-4.4, 7.6, 7.35],
			"color": 0,
			"children": []
		},
		{
			"name": "group",
			"origin": [-4.4, 7.6, 7.4],
			"color": 0,
			"children": []
		},
		{
			"name": "octagon",
			"origin": [8, 8, 8.01],
			"color": 0,
			"children": []
		},
		{
			"name": "group",
			"origin": [8.3, 8.00051, 8.00143],
			"color": 0,
			"children": []
		},
		{
			"name": "group",
			"origin": [5.18484, 8.27703, 8],
			"color": 0,
			"children": []
		},
		{
			"name": "awm",
			"origin": [8, 8, 8],
			"color": 0,
			"children": [
				{
					"name": "l115a3",
					"origin": [8, 8, 8],
					"color": 0,
					"children": [
						{
							"name": "l115a3",
							"origin": [8, 8, 8],
							"color": 0,
							"children": [
								{
									"name": "l115a3",
									"origin": [8, 8, 8],
									"color": 0,
									"children": [
										{
											"name": "l115a3",
											"origin": [8, 8, 8],
											"color": 0,
											"children": []
										}
									]
								}
							]
						},
						{
							"name": "hexadecagon",
							"origin": [8, 8, 8],
							"color": 0,
							"children": []
						},
						{
							"name": "hexadecagon",
							"origin": [8, 8, 8],
							"color": 0,
							"children": []
						},
						{
							"name": "hexadecagon",
							"origin": [8, 8, 8],
							"color": 0,
							"children": []
						},
						{
							"name": "hexadecagon",
							"origin": [8, 8, 8],
							"color": 0,
							"children": []
						},
						{
							"name": "hexadecagon",
							"origin": [8, 8, 8],
							"color": 0,
							"children": []
						},
						{
							"name": "hexadecagon",
							"origin": [8, 8, 8],
							"color": 0,
							"children": []
						}
					]
				},
				{
					"name": "pmii",
					"origin": [8, 8, 8],
					"color": 0,
					"children": [
						{
							"name": "pmii-scope",
							"origin": [8, 8, 8],
							"color": 0,
							"children": [
								{
									"name": "group",
									"origin": [8, 9.65, 8],
									"color": 0,
									"children": [0, 1, 2, 3, 4, 5, 6, 7, 8, 9, 10, 11, 12, 13, 14, 15, 16, 17, 18]
								},
								{
									"name": "group",
									"origin": [8, 9.65, 8],
									"color": 0,
									"children": []
								},
								{
									"name": "group",
									"origin": [8, 9.65, 8],
									"color": 0,
									"children": [19, 20, 21, 22, 23, 24, 25, 26]
								},
								{
									"name": "group",
									"origin": [8, 9.65, 8],
									"color": 0,
									"children": [27, 28, 29, 30, 31, 32, 33, 34]
								},
								{
									"name": "group",
									"origin": [8, 9.65, 8],
									"color": 0,
									"children": []
								},
								{
									"name": "group",
									"origin": [8, 9.65, 8],
									"color": 0,
									"children": []
								},
								{
									"name": "group",
									"origin": [8, 9.65, 8],
									"color": 0,
									"children": []
								},
								{
									"name": "group",
									"origin": [5, 9.65, 8],
									"color": 0,
									"children": [35, 36, 37, 38, 39, 40, 41, 42, 43, 44, 45, 46, 47, 48, 49, 50]
								},
								{
									"name": "group",
									"origin": [5, 9.65, 8],
									"color": 0,
									"children": [51, 52, 53, 54, 55, 56, 57, 58]
								},
								{
									"name": "group",
									"origin": [5, 9.65, 8],
									"color": 0,
									"children": []
								},
								{
									"name": "group",
									"origin": [5, 9.65, 8],
									"color": 0,
									"children": []
								},
								{
									"name": "group",
									"origin": [5, 9.65, 8],
									"color": 0,
									"children": []
								},
								{
									"name": "group",
									"origin": [5, 9.65, 8],
									"color": 0,
									"children": []
								},
								{
									"name": "group",
									"origin": [5, 9.65, 8],
									"color": 0,
									"children": []
								},
								{
									"name": "group",
									"origin": [5, 9.65, 8],
									"color": 0,
									"children": []
								},
								{
									"name": "group",
									"origin": [5, 9.65, 8],
									"color": 0,
									"children": []
								},
								{
									"name": "group",
									"origin": [5, 9.65, 6],
									"color": 0,
									"children": []
								},
								{
									"name": "group",
									"origin": [5.25, 8, 8],
									"color": 0,
									"children": [59, 60, 61, 62, 63, 64, 65, 66, 67, 68, 69, 70, 71, 72, 73, 74]
								},
								{
									"name": "group",
									"origin": [5.25, 8, 6],
									"color": 0,
									"children": [75, 76, 77, 78, 79, 80, 81, 82, 83, 84, 85, 86, 87, 88, 89, 90]
								},
								{
									"name": "group",
									"origin": [0, 0, -2],
									"color": 0,
									"children": [91, 92, 93, 94, 95, 96, 97, 98, 99, 100, 101, 102, 103, 104, 105, 106]
								},
								{
									"name": "group",
									"origin": [8, 8, 8],
									"color": 0,
									"children": [107, 108, 109, 110, 111, 112, 113]
								},
								{
									"name": "group",
									"origin": [0, 0, 0],
									"color": 0,
									"children": []
								},
								{
									"name": "group",
									"origin": [0, 0, 0],
									"color": 0,
									"children": []
								},
								{
									"name": "group",
									"origin": [0, 0, 0],
									"color": 0,
									"children": [114, 115, 116, 117, 118, 119, 120, 121, 122, 123, 124]
								},
								{
									"name": "group",
									"origin": [6.5, 8.61, 8],
									"color": 0,
									"children": []
								},
								{
									"name": "group",
									"origin": [6.5, 8.61, 8],
									"color": 0,
									"children": []
								},
								{
									"name": "group",
									"origin": [4, 8.61, 8],
									"color": 0,
									"children": []
								}
							]
						}
					]
				}
			]
		},
		{
			"name": "octagon",
			"origin": [8, 8, 8.01],
			"color": 0,
			"children": []
		},
		{
			"name": "octagon",
			"origin": [8, 8, 8.01],
			"color": 0,
			"children": []
		},
		{
			"name": "octagon",
			"origin": [8, 8, 8.01],
			"color": 0,
			"children": []
		},
		{
			"name": "octagon",
			"origin": [8, 8, 8.01],
			"color": 0,
			"children": []
		},
		{
			"name": "octagon",
			"origin": [8, 8, 8.01],
			"color": 0,
			"children": []
		},
		{
			"name": "hexadecagon",
			"origin": [8, 8, 8],
			"color": 0,
			"children": []
		},
		{
			"name": "hexadecagon",
			"origin": [8, 8, 8],
			"color": 0,
			"children": []
		},
		{
			"name": "octagon",
			"origin": [8, 8, 7.935],
			"color": 0,
			"children": []
		},
		{
			"name": "octagon",
			"origin": [8, 8, 7.935],
			"color": 0,
			"children": []
		}
	]
}