{
	"credit": "Made with Blockbench",
	"textures": {
		"1": "block/3dmodel/lee3",
		"4": "block/3dmodel/metal_weapon3",
		"5": "block/3dmodel/lee1",
		"6": "block/3dmodel/Decorative_weapon",
		"particle": "block/3dmodel/metal_weapon"
	},
	"elements": [
		{
			"name": "Back",
			"from": [7.2, 6.5, -8],
			"to": [8.8, 7.5, 3.5],
			"rotation": {"angle": -22.5, "axis": "x", "origin": [8, 10, 5]},
			"faces": {
				"north": {"uv": [0, 0, 6.8, 4.6], "rotation": 90, "texture": "#5"},
				"east": {"uv": [1, 12, 15.8, 15.6], "texture": "#5"},
				"south": {"uv": [0, 0, 8.55, 3.6], "rotation": 90, "texture": "#5"},
				"west": {"uv": [4.75, 12.25, 14.55, 15.35], "texture": "#5"},
				"up": {"uv": [0, 0, 15.8, 4.6], "rotation": 90, "texture": "#5"},
				"down": {"uv": [0, 0, 2, 2.8], "texture": "#5"}
			}
		},
		{
			"name": "Trigger",
			"from": [7.4, 4.76, 8.95],
			"to": [8.6, 4.96, 10.85],
			"rotation": {"angle": 0, "axis": "y", "origin": [8, 8, 11]},
			"faces": {
				"north": {"uv": [0, 0, 7.15, 1.05], "texture": "#4"},
				"east": {"uv": [0, 0, 7.15, 1.05], "texture": "#4"},
				"south": {"uv": [0, 0, 7.15, 1.05], "texture": "#4"},
				"west": {"uv": [0, 0, 7.15, 1.05], "texture": "#4"},
				"up": {"uv": [0, 0, 6.9, 3.05], "rotation": 90, "texture": "#4"},
				"down": {"uv": [0, 0, 6.9, 3.05], "rotation": 90, "texture": "#4"}
			}
		},
		{
			"name": "Trigger",
			"from": [7.59894, 5.5, 9.5],
			"to": [8.39894, 6.7, 9.7],
			"rotation": {"angle": 0, "axis": "y", "origin": [8, 8, 11]},
			"faces": {
				"north": {"uv": [3.25, 7, 4.75, 8.75], "rotation": 90, "texture": "#4"},
				"east": {"uv": [0, 10, 1.25, 11.25], "rotation": 90, "texture": "#4"},
				"south": {"uv": [7.75, 7.75, 9.25, 9.5], "rotation": 90, "texture": "#4"},
				"west": {"uv": [0, 8.25, 1.25, 9.5], "rotation": 90, "texture": "#4"},
				"up": {"uv": [0, 0, 2, 3.5], "texture": "#4"},
				"down": {"uv": [0, 8.25, 1.25, 9.5], "texture": "#4"}
			}
		},
		{
			"name": "Barrel",
			"from": [7.6, 6.5, 21],
			"to": [8.4, 7.3, 26.6],
			"rotation": {"angle": 0, "axis": "y", "origin": [8, 7, 4]},
			"faces": {
				"north": {"uv": [0, 0, 0.8, 0.8], "texture": "#missing"},
				"east": {"uv": [0, 0, 4.4, 2.55], "texture": "#4"},
				"south": {"uv": [5.5, 2.75, 8.25, 5.5], "texture": "#6"},
				"west": {"uv": [0, 0, 4.4, 2.55], "texture": "#4"},
				"up": {"uv": [0, 0, 4.4, 2.55], "rotation": 90, "texture": "#4"},
				"down": {"uv": [0, 0, 4.4, 2.55], "rotation": 90, "texture": "#4"}
			}
		},
		{
			"name": "Barrel",
			"from": [7.6, 6.5, 26.5],
			"to": [8.4, 7.3, 28.1],
			"rotation": {"angle": 0, "axis": "y", "origin": [8, 7, 10]},
			"faces": {
				"north": {"uv": [0, 0, 0.8, 0.8], "texture": "#missing"},
				"east": {"uv": [0, 0, 4.4, 2.55], "texture": "#4"},
				"south": {"uv": [5.5, 2.75, 8.25, 5.5], "texture": "#6"},
				"west": {"uv": [0, 0, 4.4, 2.55], "texture": "#4"},
				"up": {"uv": [0, 0, 4.4, 2.55], "rotation": 90, "texture": "#4"},
				"down": {"uv": [0, 0, 4.4, 2.55], "rotation": 90, "texture": "#4"}
			}
		},
		{
			"name": "Barrel",
			"from": [7.6, 7.5, 22],
			"to": [8.4, 8.3, 25.6],
			"rotation": {"angle": 0, "axis": "y", "origin": [8, 8, 5]},
			"faces": {
				"north": {"uv": [0, 0, 0.8, 0.8], "texture": "#4"},
				"east": {"uv": [0, 0, 4.4, 2.55], "texture": "#4"},
				"south": {"uv": [5.5, 2.75, 8.25, 5.5], "texture": "#4"},
				"west": {"uv": [0, 0, 4.4, 2.55], "texture": "#4"},
				"up": {"uv": [0, 0, 4.4, 2.55], "rotation": 90, "texture": "#4"},
				"down": {"uv": [0, 0, 4.4, 2.55], "rotation": 90, "texture": "#4"}
			}
		},
		{
			"name": "Barrel",
			"from": [7.601, -7.28, 24.6],
			"to": [8.401, -6.58, 25],
			"rotation": {"angle": -45, "axis": "x", "origin": [8, 7, 11]},
			"faces": {
				"north": {"uv": [0, 0, 0.8, 0.8], "texture": "#4"},
				"east": {"uv": [0, 0, 4.4, 2.55], "texture": "#4"},
				"south": {"uv": [5.75, 2.75, 8.25, 5.25], "texture": "#6"},
				"west": {"uv": [0, 0, 4.4, 2.55], "texture": "#4"},
				"up": {"uv": [0, 0, 4.4, 2.55], "rotation": 90, "texture": "#4"},
				"down": {"uv": [0, 0, 4.4, 2.55], "rotation": 90, "texture": "#4"}
			}
		},
		{
			"name": "Barrel",
			"from": [7.6011, 6.5, 30.4],
			"to": [8.4011, 6.8, 31],
			"rotation": {"angle": 0, "axis": "x", "origin": [8, 7, 11]},
			"faces": {
				"north": {"uv": [0, 0, 0.8, 0.8], "texture": "#4"},
				"east": {"uv": [0, 0, 4.4, 2.55], "texture": "#4"},
				"south": {"uv": [5.5, 2.75, 8.25, 5.5], "texture": "#4"},
				"west": {"uv": [0, 0, 4.4, 2.55], "texture": "#4"},
				"up": {"uv": [0, 0, 4.4, 2.55], "rotation": 90, "texture": "#4"},
				"down": {"uv": [0, 0, 4.4, 2.55], "rotation": 90, "texture": "#4"}
			}
		},
		{
			"name": "Barrel",
			"from": [7.6, 6.5, 28],
			"to": [8.4, 7.3, 30.5],
			"rotation": {"angle": 0, "axis": "y", "origin": [8, 7, 11]},
			"faces": {
				"north": {"uv": [0, 0, 0.8, 0.8], "texture": "#missing"},
				"east": {"uv": [0, 0, 4.4, 2.55], "texture": "#4"},
				"south": {"uv": [5.5, 2.75, 8.25, 5.5], "texture": "#6"},
				"west": {"uv": [0, 0, 4.4, 2.55], "texture": "#4"},
				"up": {"uv": [0, 0, 4.4, 2.55], "rotation": 90, "texture": "#4"},
				"down": {"uv": [0, 0, 4.4, 2.55], "rotation": 90, "texture": "#4"}
			}
		},
		{
			"name": "Barrel",
			"from": [7.5, 6.4, 25.2],
			"to": [8.5, 7.4, 26.2],
			"rotation": {"angle": 0, "axis": "y", "origin": [8, 7, 8]},
			"faces": {
				"north": {"uv": [0, 0, 0.8, 0.8], "texture": "#4"},
				"east": {"uv": [0, 0, 4.4, 2.55], "texture": "#4"},
				"south": {"uv": [5.5, 2.75, 8.25, 5.5], "texture": "#4"},
				"west": {"uv": [0, 0, 4.4, 2.55], "texture": "#4"},
				"up": {"uv": [0, 0, 4.4, 2.55], "rotation": 90, "texture": "#4"},
				"down": {"uv": [0, 0, 4.4, 2.55], "rotation": 90, "texture": "#4"}
			}
		},
		{
			"name": "Trigger",
			"from": [7.41, 5, 11.1],
			"to": [8.61, 6.4, 12],
			"rotation": {"angle": 0, "axis": "x", "origin": [8, 2, 10]},
			"faces": {
				"north": {"uv": [9, 9.75, 9, 9.75], "rotation": 180, "texture": "#4"},
				"east": {"uv": [6, 3, 12.5, 10.299], "rotation": 90, "texture": "#4"},
				"south": {"uv": [12.5, 6, 10.5, 9.8], "texture": "#4"},
				"west": {"uv": [14, 0.5, 7.5, 7.8], "rotation": 270, "texture": "#4"},
				"up": {"uv": [9, 0, 7, 7.3], "texture": "#4"},
				"down": {"uv": [9, 0, 7, 7.3], "rotation": 180, "texture": "#4"}
			}
		},
		{
			"name": "Trigger",
			"from": [7.4, 5, 10.9],
			"to": [8.6, 7.5, 11.1],
			"rotation": {"angle": 0, "axis": "y", "origin": [8, 8, 11]},
			"faces": {
				"north": {"uv": [0, 0, 6.9, 3.05], "rotation": 90, "texture": "#4"},
				"east": {"uv": [0, 0, 7.15, 1.05], "rotation": 90, "texture": "#4"},
				"south": {"uv": [0, 0, 6.9, 3.05], "rotation": 90, "texture": "#4"},
				"west": {"uv": [0, 0, 6.9, 0.8], "rotation": 90, "texture": "#4"},
				"up": {"uv": [0, 0, 2, 3.5], "texture": "#missing"},
				"down": {"uv": [0, 0, 7.15, 1.05], "texture": "#4"}
			}
		},
		{
			"name": "Trigger",
			"from": [7.36, 4.7, 14.2],
			"to": [8.66, 7.2, 14.4],
			"rotation": {"angle": 0, "axis": "y", "origin": [8, 8, 14]},
			"faces": {
				"north": {"uv": [0, 0, 6.9, 3.05], "rotation": 90, "texture": "#4"},
				"east": {"uv": [0, 0, 7.15, 1.05], "rotation": 90, "texture": "#4"},
				"south": {"uv": [0, 0, 6.9, 3.05], "rotation": 90, "texture": "#4"},
				"west": {"uv": [0, 0, 6.9, 0.8], "rotation": 90, "texture": "#4"},
				"up": {"uv": [0, 0, 2, 3.5], "texture": "#missing"},
				"down": {"uv": [0, 0, 7.15, 1.05], "texture": "#4"}
			}
		},
		{
			"name": "Trigger",
			"from": [7.36, 4.6, 12.6],
			"to": [8.66, 7.1, 12.8],
			"rotation": {"angle": 0, "axis": "y", "origin": [8, 8, 13]},
			"faces": {
				"north": {"uv": [0, 0, 6.9, 3.05], "rotation": 90, "texture": "#4"},
				"east": {"uv": [0, 0, 7.15, 1.05], "rotation": 90, "texture": "#4"},
				"south": {"uv": [0, 0, 6.9, 3.05], "rotation": 90, "texture": "#4"},
				"west": {"uv": [0, 0, 6.9, 0.8], "rotation": 90, "texture": "#4"},
				"up": {"uv": [0, 0, 2, 3.5], "texture": "#missing"},
				"down": {"uv": [0, 0, 7.15, 1.05], "texture": "#4"}
			}
		},
		{
			"name": "Trigger",
			"from": [7.36, 1.8, 12.47],
			"to": [8.66, 4.8, 12.67],
			"rotation": {"angle": -22.5, "axis": "x", "origin": [8, 5, 13]},
			"faces": {
				"north": {"uv": [0, 0, 6.9, 3.05], "rotation": 90, "texture": "#4"},
				"east": {"uv": [0, 0, 7.15, 1.05], "rotation": 90, "texture": "#4"},
				"south": {"uv": [0, 0, 6.9, 3.05], "rotation": 90, "texture": "#4"},
				"west": {"uv": [0, 0, 6.9, 0.8], "rotation": 90, "texture": "#4"},
				"up": {"uv": [0, 0, 2, 3.5], "texture": "#4"},
				"down": {"uv": [0, 0, 7.15, 1.05], "texture": "#4"}
			}
		},
		{
			"name": "Trigger",
			"from": [7.36, -0.9, 13.7],
			"to": [8.66, 2.1, 13.9],
			"rotation": {"angle": -45, "axis": "x", "origin": [8, 2, 14]},
			"faces": {
				"north": {"uv": [0, 0, 6.9, 3.05], "rotation": 90, "texture": "#4"},
				"east": {"uv": [0, 0, 7.15, 1.05], "rotation": 90, "texture": "#4"},
				"south": {"uv": [0, 0, 6.9, 3.05], "rotation": 90, "texture": "#4"},
				"west": {"uv": [0, 0, 6.9, 0.8], "rotation": 90, "texture": "#4"},
				"up": {"uv": [0, 0, 2, 3.5], "texture": "#4"},
				"down": {"uv": [0, 0, 7.15, 1.05], "texture": "#4"}
			}
		},
		{
			"name": "Trigger",
			"from": [7.36, -0.2, 14.6],
			"to": [8.66, 2.3, 14.8],
			"rotation": {"angle": -45, "axis": "x", "origin": [8, 2, 15]},
			"faces": {
				"north": {"uv": [0, 0, 6.9, 3.05], "rotation": 90, "texture": "#4"},
				"east": {"uv": [0, 0, 7.15, 1.05], "rotation": 90, "texture": "#4"},
				"south": {"uv": [0, 0, 6.9, 3.05], "rotation": 90, "texture": "#4"},
				"west": {"uv": [0, 0, 6.9, 0.8], "rotation": 90, "texture": "#4"},
				"up": {"uv": [0, 0, 2, 3.5], "texture": "#4"},
				"down": {"uv": [0, 0, 7.15, 1.05], "texture": "#4"}
			}
		},
		{
			"name": "Trigger",
			"from": [7.36, 0.5, 15.52],
			"to": [8.66, 2.5, 15.72],
			"rotation": {"angle": -45, "axis": "x", "origin": [8, 2, 16]},
			"faces": {
				"north": {"uv": [0, 0, 6.9, 3.05], "rotation": 90, "texture": "#4"},
				"east": {"uv": [0, 0, 7.15, 1.05], "rotation": 90, "texture": "#4"},
				"south": {"uv": [0, 0, 6.9, 3.05], "rotation": 90, "texture": "#4"},
				"west": {"uv": [0, 0, 6.9, 0.8], "rotation": 90, "texture": "#4"},
				"up": {"uv": [0, 0, 2, 3.5], "texture": "#4"},
				"down": {"uv": [0, 0, 7.15, 1.05], "texture": "#4"}
			}
		},
		{
			"name": "Trigger",
			"from": [7.36, 1.9, 13.3],
			"to": [8.66, 4.9, 13.5],
			"rotation": {"angle": -22.5, "axis": "x", "origin": [8, 5, 14]},
			"faces": {
				"north": {"uv": [0, 0, 6.9, 3.05], "rotation": 90, "texture": "#4"},
				"east": {"uv": [0, 0, 7.15, 1.05], "rotation": 90, "texture": "#4"},
				"south": {"uv": [0, 0, 6.9, 3.05], "rotation": 90, "texture": "#4"},
				"west": {"uv": [0, 0, 6.9, 0.8], "rotation": 90, "texture": "#4"},
				"up": {"uv": [0, 0, 2, 3.5], "texture": "#4"},
				"down": {"uv": [0, 0, 7.15, 1.05], "texture": "#4"}
			}
		},
		{
			"name": "Trigger",
			"from": [7.36, 2.1, 14.15],
			"to": [8.66, 5.1, 14.35],
			"rotation": {"angle": -22.5, "axis": "x", "origin": [8, 5, 15]},
			"faces": {
				"north": {"uv": [0, 0, 6.9, 3.05], "rotation": 90, "texture": "#4"},
				"east": {"uv": [0, 0, 7.15, 1.05], "rotation": 90, "texture": "#4"},
				"south": {"uv": [0, 0, 6.9, 3.05], "rotation": 90, "texture": "#4"},
				"west": {"uv": [0, 0, 6.9, 0.8], "rotation": 90, "texture": "#4"},
				"up": {"uv": [0, 0, 2, 3.5], "texture": "#4"},
				"down": {"uv": [0, 0, 7.15, 1.05], "texture": "#4"}
			}
		},
		{
			"name": "Trigger",
			"from": [7.36, 4.6, 13.4],
			"to": [8.66, 7.1, 13.6],
			"rotation": {"angle": 0, "axis": "y", "origin": [8, 8, 13]},
			"faces": {
				"north": {"uv": [0, 0, 6.9, 3.05], "rotation": 90, "texture": "#4"},
				"east": {"uv": [0, 0, 7.15, 1.05], "rotation": 90, "texture": "#4"},
				"south": {"uv": [0, 0, 6.9, 3.05], "rotation": 90, "texture": "#4"},
				"west": {"uv": [0, 0, 6.9, 0.8], "rotation": 90, "texture": "#4"},
				"up": {"uv": [0, 0, 2, 3.5], "texture": "#missing"},
				"down": {"uv": [0, 0, 7.15, 1.05], "texture": "#4"}
			}
		},
		{
			"name": "Trigger",
			"from": [7.4, 4.7, 12.3],
			"to": [8.6, 5.3, 12.5],
			"rotation": {"angle": 22.5, "axis": "x", "origin": [8, 7, 12]},
			"faces": {
				"north": {"uv": [0, 0, 6.9, 3.05], "rotation": 90, "texture": "#4"},
				"east": {"uv": [0, 0, 7.15, 1.05], "rotation": 90, "texture": "#4"},
				"south": {"uv": [0, 0, 6.9, 3.05], "rotation": 90, "texture": "#4"},
				"west": {"uv": [0, 0, 6.9, 0.8], "rotation": 90, "texture": "#4"},
				"up": {"uv": [0, 0, 2, 3.5], "texture": "#4"},
				"down": {"uv": [0, 0, 7.15, 1.05], "texture": "#4"}
			}
		},
		{
			"name": "Barrel",
			"from": [7.7, 23, 27.8],
			"to": [8.3, 23.6, 29.1],
			"rotation": {"angle": 45, "axis": "x", "origin": [11, 19, 8]},
			"faces": {
				"north": {"uv": [0, 0, 0.9, 1.3], "texture": "#4"},
				"east": {"uv": [0, 0, 0.9, 1.3], "texture": "#4"},
				"south": {"uv": [0, 0, 0.9, 1.3], "texture": "#4"},
				"west": {"uv": [0, 0, 0.9, 1.3], "texture": "#4"},
				"up": {"uv": [0, 0, 0.9, 1.3], "texture": "#4"},
				"down": {"uv": [0, 0, 0.6, 0.8], "texture": "#4"}
			}
		},
		{
			"name": "Barrel",
			"from": [7.2, 6.1, 16],
			"to": [8.8, 7.7, 22.2],
			"rotation": {"angle": 0, "axis": "y", "origin": [8, 6, 3]},
			"faces": {
				"north": {"uv": [0, 0, 0.8, 0.8], "texture": "#5"},
				"east": {"uv": [0, 2, 15.8, 8.85], "texture": "#5"},
				"south": {"uv": [0, 9, 10.3, 12.1], "texture": "#5"},
				"west": {"uv": [0, 2, 15.8, 5.85], "texture": "#5"},
				"up": {"uv": [0, 0, 15.8, 3.6], "rotation": 90, "texture": "#5"},
				"down": {"uv": [0, 0, 10.3, 13.1], "texture": "#5"}
			}
		},
		{
			"name": "Barrel",
			"from": [7.3, 7.78, 16.5],
			"to": [8.7, 8.78, 22.2],
			"rotation": {"angle": 0, "axis": "y", "origin": [8, 8, 4]},
			"faces": {
				"north": {"uv": [0, 0, 0.8, 0.8], "texture": "#5"},
				"east": {"uv": [0, 2, 15.8, 5.85], "texture": "#5"},
				"south": {"uv": [0, 9, 10.3, 12.1], "texture": "#5"},
				"west": {"uv": [0, 2, 15.8, 5.85], "texture": "#5"},
				"up": {"uv": [0, 0, 15.8, 3.6], "rotation": 90, "texture": "#5"},
				"down": {"uv": [0, 0, 0.8, 13.1], "texture": "#5"}
			}
		},
		{
			"name": "Barrel",
			"from": [7, 6.4, 17.4],
			"to": [9, 7.25, 22.1],
			"rotation": {"angle": 0, "axis": "y", "origin": [8, 6, 5]},
			"faces": {
				"north": {"uv": [0, 0, 11.3, 11.3], "texture": "#5"},
				"east": {"uv": [0, 2, 15.8, 5.85], "texture": "#5"},
				"south": {"uv": [0, 9, 10.3, 12.1], "texture": "#5"},
				"west": {"uv": [0, 2, 15.8, 5.85], "texture": "#5"},
				"up": {"uv": [0, 0, 15.8, 12.1], "rotation": 90, "texture": "#5"},
				"down": {"uv": [0, 0, 0.8, 13.1], "texture": "#5"}
			}
		},
		{
			"name": "Barrel",
			"from": [6.66, 7.8, 14.8],
			"to": [7.66, 8.3, 15],
			"rotation": {"angle": 0, "axis": "y", "origin": [9, 8, 16]},
			"faces": {
				"north": {"uv": [0, 0, 4, 2], "texture": "#1"},
				"east": {"uv": [0, 7, 5, 8], "texture": "#1"},
				"south": {"uv": [0, 0, 4, 2], "texture": "#1"},
				"west": {"uv": [0, 7, 5, 8], "texture": "#1"},
				"up": {"uv": [0, 0, 4, 2], "texture": "#1"},
				"down": {"uv": [0, 0, 4, 2], "texture": "#1"}
			}
		},
		{
			"name": "Barrel",
			"from": [6.95, 7.801, 14.75],
			"to": [7.15, 8.301, 14.95],
			"rotation": {"angle": 22.5, "axis": "y", "origin": [7, 8, 16]},
			"faces": {
				"north": {"uv": [0, 0, 4, 2], "texture": "#1"},
				"east": {"uv": [0, 7, 5, 8], "texture": "#1"},
				"south": {"uv": [0, 0, 4, 2], "texture": "#1"},
				"west": {"uv": [0, 7, 5, 8], "texture": "#1"},
				"up": {"uv": [0, 0, 4, 2], "texture": "#1"},
				"down": {"uv": [0, 0, 4, 2], "texture": "#1"}
			}
		},
		{
			"name": "Barrel",
			"from": [7.25, 7.8001, 14.83],
			"to": [7.45, 8.3001, 15.03],
			"rotation": {"angle": 45, "axis": "y", "origin": [7, 8, 16]},
			"faces": {
				"north": {"uv": [0, 0, 4, 2], "texture": "#1"},
				"east": {"uv": [0, 7, 5, 8], "texture": "#1"},
				"south": {"uv": [0, 0, 4, 2], "texture": "#1"},
				"west": {"uv": [0, 7, 5, 8], "texture": "#1"},
				"up": {"uv": [0, 0, 4, 2], "texture": "#1"},
				"down": {"uv": [0, 0, 4, 2], "texture": "#1"}
			}
		},
		{
			"name": "Barrel",
			"from": [7.3, 8, 12.1],
			"to": [7.8, 8.5, 15.1],
			"rotation": {"angle": 0, "axis": "y", "origin": [9, 8, 12]},
			"faces": {
				"north": {"uv": [0, 7, 5, 8], "texture": "#1"},
				"east": {"uv": [0, 0, 4, 2], "texture": "#1"},
				"south": {"uv": [0, 7, 5, 8], "texture": "#1"},
				"west": {"uv": [0, 0, 4, 2], "texture": "#1"},
				"up": {"uv": [0, 0, 4, 2], "rotation": 270, "texture": "#1"},
				"down": {"uv": [0, 0, 4, 2], "rotation": 90, "texture": "#1"}
			}
		},
		{
			"name": "Barrel",
			"from": [7.15, 7.6, 12.1],
			"to": [7.65, 8.1, 15.1],
			"rotation": {"angle": 0, "axis": "y", "origin": [9, 8, 12]},
			"faces": {
				"north": {"uv": [0, 7, 5, 8], "texture": "#1"},
				"east": {"uv": [0, 0, 4, 2], "texture": "#1"},
				"south": {"uv": [0, 7, 5, 8], "texture": "#1"},
				"west": {"uv": [0, 0, 4, 2], "texture": "#1"},
				"up": {"uv": [0, 0, 4, 2], "rotation": 270, "texture": "#1"},
				"down": {"uv": [0, 0, 4, 2], "rotation": 90, "texture": "#1"}
			}
		},
		{
			"name": "Barrel",
			"from": [7.15, 7.6, 11.1],
			"to": [7.65, 8.1, 12.1],
			"rotation": {"angle": 0, "axis": "y", "origin": [9, 8, 11]},
			"faces": {
				"north": {"uv": [0, 7, 5, 8], "texture": "#1"},
				"east": {"uv": [0, 0, 4, 2], "texture": "#1"},
				"south": {"uv": [0, 7, 5, 8], "texture": "#1"},
				"west": {"uv": [0, 0, 4, 2], "texture": "#1"},
				"up": {"uv": [0, 0, 4, 2], "rotation": 270, "texture": "#1"},
				"down": {"uv": [0, 0, 4, 2], "rotation": 90, "texture": "#1"}
			}
		},
		{
			"name": "Back",
			"from": [7.21, 6.2, -5.6],
			"to": [8.81, 7.2, 4.8],
			"rotation": {"angle": 0, "axis": "x", "origin": [8, 7, 11]},
			"faces": {
				"north": {"uv": [0, 0, 6.8, 4.6], "rotation": 90, "texture": "#5"},
				"east": {"uv": [2.5, 12.5, 15.3, 15.6], "texture": "#5"},
				"south": {"uv": [0, 0, 2, 1.3], "texture": "#5"},
				"west": {"uv": [5, 13, 15.8, 15.6], "texture": "#5"},
				"up": {"uv": [0, 0, 8.55, 3.6], "rotation": 90, "texture": "#5"},
				"down": {"uv": [0, 0, 15.8, 4.6], "rotation": 90, "texture": "#5"}
			}
		},
		{
			"name": "Back",
			"from": [7.21, 7.2, -5.6],
			"to": [8.81, 8, 0.8],
			"rotation": {"angle": 0, "axis": "x", "origin": [8, 8, 11]},
			"faces": {
				"north": {"uv": [0, 0, 6.8, 4.6], "rotation": 90, "texture": "#5"},
				"east": {"uv": [2.5, 12.5, 15.3, 15.6], "texture": "#5"},
				"south": {"uv": [0, 0, 2, 1.3], "texture": "#5"},
				"west": {"uv": [5, 13, 15.8, 15.6], "texture": "#5"},
				"up": {"uv": [0, 0, 8.55, 3.6], "rotation": 90, "texture": "#5"},
				"down": {"uv": [0, 0, 15.8, 4.6], "rotation": 90, "texture": "#5"}
			}
		},
		{
			"name": "Back",
			"from": [7.22, 12.2, 0.4],
			"to": [8.82, 13, 3.8],
			"rotation": {"angle": -22.5, "axis": "x", "origin": [8, 13, 17]},
			"faces": {
				"north": {"uv": [0, 0, 6.8, 4.6], "rotation": 90, "texture": "#5"},
				"east": {"uv": [2.5, 12.5, 15.3, 15.6], "texture": "#5"},
				"south": {"uv": [0, 0, 2, 1.3], "texture": "#5"},
				"west": {"uv": [5, 13, 15.8, 15.6], "texture": "#5"},
				"up": {"uv": [0, 0, 8.55, 3.6], "rotation": 90, "texture": "#5"},
				"down": {"uv": [0, 0, 15.8, 4.6], "rotation": 90, "texture": "#5"}
			}
		},
		{
			"name": "Back",
			"from": [7.201, 1.3, -0.4],
			"to": [8.801, 2.1, 2.2],
			"rotation": {"angle": 22.5, "axis": "x", "origin": [8, 2, 15]},
			"faces": {
				"north": {"uv": [0, 0, 6.8, 4.6], "rotation": 90, "texture": "#5"},
				"east": {"uv": [2.5, 12.5, 15.3, 15.6], "texture": "#5"},
				"south": {"uv": [0, 0, 2, 1.3], "texture": "#5"},
				"west": {"uv": [5, 13, 15.8, 15.6], "texture": "#5"},
				"up": {"uv": [0, 0, 8.55, 3.6], "rotation": 90, "texture": "#5"},
				"down": {"uv": [0, 0, 15.8, 4.6], "rotation": 90, "texture": "#5"}
			}
		},
		{
			"name": "Back",
			"from": [7.21, 5.2, -6],
			"to": [8.81, 6.2, 2.4],
			"rotation": {"angle": 0, "axis": "x", "origin": [8, 6, 10]},
			"faces": {
				"north": {"uv": [0, 0, 6.8, 4.6], "rotation": 90, "texture": "#5"},
				"east": {"uv": [1.5, 11.5, 15.3, 15.6], "texture": "#5"},
				"south": {"uv": [0, 0, 2, 1.3], "texture": "#5"},
				"west": {"uv": [5, 13, 15.8, 15.6], "texture": "#5"},
				"up": {"uv": [0, 0, 8.55, 3.6], "rotation": 90, "texture": "#5"},
				"down": {"uv": [0, 0, 15.8, 4.6], "rotation": 90, "texture": "#5"}
			}
		},
		{
			"name": "Back",
			"from": [7.21, 4.2, -6],
			"to": [8.81, 5.2, -0.1],
			"rotation": {"angle": 0, "axis": "x", "origin": [8, 5, 10]},
			"faces": {
				"north": {"uv": [0, 0, 6.8, 4.6], "rotation": 90, "texture": "#5"},
				"east": {"uv": [2.5, 10, 15.3, 13.1], "texture": "#5"},
				"south": {"uv": [0, 0, 2, 1.3], "texture": "#5"},
				"west": {"uv": [5, 13, 15.8, 15.6], "texture": "#5"},
				"up": {"uv": [0, 0, 8.55, 3.6], "rotation": 90, "texture": "#5"},
				"down": {"uv": [0, 0, 15.8, 4.6], "rotation": 90, "texture": "#5"}
			}
		},
		{
			"name": "Back",
			"from": [7.21, 3.2, -6],
			"to": [8.81, 4.2, -2.3],
			"rotation": {"angle": 0, "axis": "x", "origin": [8, 4, 10]},
			"faces": {
				"north": {"uv": [0, 0, 6.8, 4.6], "rotation": 90, "texture": "#5"},
				"east": {"uv": [2.5, 12.5, 15.3, 15.6], "texture": "#5"},
				"south": {"uv": [0, 0, 2, 1.3], "texture": "#5"},
				"west": {"uv": [5, 13, 15.8, 15.6], "texture": "#5"},
				"up": {"uv": [0, 0, 8.55, 3.6], "rotation": 90, "texture": "#5"},
				"down": {"uv": [0, 0, 15.8, 4.6], "rotation": 90, "texture": "#5"}
			}
		},
		{
			"name": "Back",
			"from": [7.21, 2.8, -6],
			"to": [8.81, 3.3, -4.3],
			"rotation": {"angle": 0, "axis": "x", "origin": [8, 4, 10]},
			"faces": {
				"north": {"uv": [0, 0, 6.8, 4.6], "rotation": 90, "texture": "#5"},
				"east": {"uv": [2.5, 12.5, 15.3, 15.6], "texture": "#5"},
				"south": {"uv": [0, 0, 2, 1.3], "texture": "#5"},
				"west": {"uv": [5, 13, 15.8, 15.6], "texture": "#5"},
				"up": {"uv": [0, 0, 8.55, 3.6], "rotation": 90, "texture": "#5"},
				"down": {"uv": [0, 0, 15.8, 4.6], "rotation": 90, "texture": "#5"}
			}
		},
		{
			"name": "Hammer",
			"from": [7.55, 7.1, 8.6],
			"to": [8.45, 8, 13.4],
			"faces": {
				"north": {"uv": [0, 0, 1.25, 1.25], "texture": "#4"},
				"east": {"uv": [0, 0, 5.65, 1.05], "rotation": 90, "texture": "#4"},
				"south": {"uv": [0, 0, 1.25, 1.25], "texture": "#4"},
				"west": {"uv": [0, 0, 6.4, 1.8], "texture": "#4"},
				"up": {"uv": [0, 0, 5.65, 1.05], "rotation": 90, "texture": "#4"},
				"down": {"uv": [0, 0, 6.4, 1.8], "texture": "#4"}
			}
		},
		{
			"name": "Frame",
			"from": [7.101, 6, 4.8],
			"to": [8.901, 7.4, 16.3],
			"rotation": {"angle": 0, "axis": "y", "origin": [8, 8, 1]},
			"faces": {
				"north": {"uv": [0, 0, 2, 1.8], "texture": "#4"},
				"east": {"uv": [0, 0, 15.8, 4.1], "texture": "#4"},
				"south": {"uv": [0, 3.5, 15.8, 7.6], "texture": "#4"},
				"west": {"uv": [0, 0, 15.8, 4.1], "texture": "#4"},
				"up": {"uv": [0, 0, 15.8, 3.6], "rotation": 90, "texture": "#4"},
				"down": {"uv": [2, 4.75, 12.55, 8.85], "rotation": 90, "texture": "#4"}
			}
		},
		{
			"name": "Trigger",
			"from": [7.40401, 6.65, 10.2],
			"to": [8.60401, 6.85, 10.6],
			"rotation": {"angle": -45, "axis": "x", "origin": [8.00401, 6.50211, 12.79388]},
			"faces": {
				"north": {"uv": [0, 0, 7.15, 1.05], "texture": "#4"},
				"east": {"uv": [0, 0, 7.15, 1.05], "texture": "#4"},
				"south": {"uv": [0, 0, 7.15, 1.05], "texture": "#4"},
				"west": {"uv": [0, 0, 7.15, 1.05], "texture": "#4"},
				"up": {"uv": [0, 0, 6.9, 3.05], "rotation": 90, "texture": "#4"},
				"down": {"uv": [0, 0, 6.9, 3.05], "rotation": 90, "texture": "#4"}
			}
		},
		{
			"name": "Trigger",
			"from": [7.59, 6.841, 11.87],
			"to": [8.39, 7.241, 12.07],
			"rotation": {"angle": -45, "axis": "x", "origin": [8.00401, 3.50211, 12.7939]},
			"faces": {
				"north": {"uv": [0, 0, 6.9, 3.05], "rotation": 270, "texture": "#4"},
				"east": {"uv": [0, 0, 7.15, 1.05], "rotation": 90, "texture": "#4"},
				"south": {"uv": [0, 0, 6.9, 3.05], "rotation": 90, "texture": "#4"},
				"west": {"uv": [0, 0, 7.15, 1.05], "rotation": 270, "texture": "#4"},
				"up": {"uv": [0, 0, 7.15, 1.05], "texture": "#4"},
				"down": {"uv": [0, 0, 7.15, 1.05], "rotation": 180, "texture": "#4"}
			}
		},
		{
			"name": "Trigger",
			"from": [7.40401, 5.65, 9.9],
			"to": [8.60401, 5.85, 10.3],
			"rotation": {"angle": -45, "axis": "x", "origin": [8.00401, 4.50211, 8.79388]},
			"faces": {
				"north": {"uv": [0, 0, 7.15, 1.05], "texture": "#4"},
				"east": {"uv": [0, 0, 7.15, 1.05], "texture": "#4"},
				"south": {"uv": [0, 0, 7.15, 1.05], "texture": "#4"},
				"west": {"uv": [0, 0, 7.15, 1.05], "texture": "#4"},
				"up": {"uv": [0, 0, 6.9, 3.05], "rotation": 90, "texture": "#4"},
				"down": {"uv": [0, 0, 6.9, 3.05], "rotation": 90, "texture": "#4"}
			}
		},
		{
			"name": "Hammer",
			"from": [7.41, 7.41, 15.41],
			"to": [8.59, 8.69, 22.41],
			"rotation": {"angle": 0, "axis": "y", "origin": [8, 8, 11]},
			"faces": {
				"north": {"uv": [0, 0, 6.9, 3.05], "texture": "#4"},
				"east": {"uv": [0, 0, 6.9, 2.3], "texture": "#4"},
				"south": {"uv": [0, 0, 6.9, 3.05], "texture": "#4"},
				"west": {"uv": [0, 0, 6.9, 2.3], "texture": "#4"},
				"up": {"uv": [0, 0, 6.9, 2.3], "rotation": 90, "texture": "#4"},
				"down": {"uv": [0, 0, 2.2, 1.9], "texture": "#4"}
			}
		},
		{
			"name": "Hammer",
			"from": [7.2, 7.35, 4.8],
			"to": [8.8, 8.05, 15.8],
			"rotation": {"angle": 0, "axis": "y", "origin": [8, 8, 0]},
			"faces": {
				"north": {"uv": [0, 0, 6.9, 3.05], "texture": "#4"},
				"east": {"uv": [4, 5.25, 10.9, 7.55], "texture": "#4"},
				"south": {"uv": [0, 0, 6.9, 3.05], "texture": "#4"},
				"west": {"uv": [0, 0, 6.9, 2.3], "texture": "#4"},
				"up": {"uv": [0, 0, 6.9, 2.3], "rotation": 90, "texture": "#4"},
				"down": {"uv": [0, 0, 2.2, 1.9], "texture": "#missing"}
			}
		},
		{
			"name": "Hammer",
			"from": [7.4, 7.9, 5.16],
			"to": [8.6, 8.4, 15.96],
			"rotation": {"angle": 0, "axis": "y", "origin": [8, 9, 0]},
			"faces": {
				"north": {"uv": [0, 0, 6.9, 3.05], "texture": "#4"},
				"east": {"uv": [4, 5.25, 10.9, 7.55], "texture": "#4"},
				"south": {"uv": [0, 0, 6.9, 3.05], "texture": "#4"},
				"west": {"uv": [0, 0, 6.9, 2.3], "texture": "#4"},
				"up": {"uv": [0, 0, 6.9, 2.3], "rotation": 90, "texture": "#4"},
				"down": {"uv": [0, 0, 2.2, 1.9], "texture": "#missing"}
			}
		},
		{
			"name": "Hammer",
			"from": [7.6, 8.3, 5.41],
			"to": [8.4, 8.8, 15.91],
			"rotation": {"angle": 0, "axis": "y", "origin": [8, 10, 1]},
			"faces": {
				"north": {"uv": [0, 0, 6.9, 3.05], "texture": "#4"},
				"east": {"uv": [4, 5.25, 10.9, 7.55], "texture": "#4"},
				"south": {"uv": [0, 0, 6.9, 3.05], "texture": "#4"},
				"west": {"uv": [0, 0, 6.9, 2.3], "texture": "#4"},
				"up": {"uv": [0, 0, 6.9, 2.3], "rotation": 90, "texture": "#4"},
				"down": {"uv": [0, 0, 2.2, 1.9], "texture": "#missing"}
			}
		},
		{
			"name": "Hammer",
			"from": [7.1, 1.81, -6.69],
			"to": [8.9, 8.01, -5.41],
			"rotation": {"angle": 0, "axis": "x", "origin": [8, -4, -6]},
			"faces": {
				"north": {"uv": [0, 0, 6.9, 2.3], "rotation": 270, "texture": "#4"},
				"east": {"uv": [3.75, 6, 10.65, 8.3], "rotation": 90, "texture": "#4"},
				"south": {"uv": [4.75, 2.75, 12.449, 13.15], "texture": "#4"},
				"west": {"uv": [0, 0, 6.9, 2.3], "rotation": 270, "texture": "#4"},
				"up": {"uv": [3, 1.25, 9.9, 4.3], "texture": "#4"},
				"down": {"uv": [0, 0, 6.9, 3.05], "rotation": 180, "texture": "#4"}
			}
		},
		{
			"name": "Hammer",
			"from": [7.25, 7.31, 15.31],
			"to": [8.75, 8.79, 17.51],
			"rotation": {"angle": 0, "axis": "y", "origin": [8, 8, 4]},
			"faces": {
				"north": {"uv": [0, 0, 6.9, 3.05], "texture": "#4"},
				"east": {"uv": [0, 0, 6.9, 2.3], "rotation": 90, "texture": "#4"},
				"south": {"uv": [0, 0, 6.9, 3.05], "texture": "#4"},
				"west": {"uv": [0, 0, 6.9, 2.3], "rotation": 90, "texture": "#4"},
				"up": {"uv": [0, 0, 6.9, 2.3], "texture": "#4"},
				"down": {"uv": [0, 0, 2.2, 1.9], "texture": "#missing"}
			}
		},
		{
			"name": "Hammer",
			"from": [7.4, 5.9, 16.31],
			"to": [8.6, 7.38, 17.51],
			"rotation": {"angle": 0, "axis": "y", "origin": [8, 6, 5]},
			"faces": {
				"north": {"uv": [0, 0, 6.9, 3.05], "texture": "#5"},
				"east": {"uv": [0, 0, 6.9, 2.3], "rotation": 90, "texture": "#5"},
				"south": {"uv": [0, 0, 6.9, 3.05], "texture": "#5"},
				"west": {"uv": [0, 0, 6.9, 2.3], "rotation": 90, "texture": "#5"},
				"up": {"uv": [0, 0, 6.9, 2.3], "texture": "#5"},
				"down": {"uv": [0, 0, 8.199, 12.65], "texture": "#5"}
			}
		},
		{
			"name": "Hammer",
			"from": [7.65, 16.35, 8.85],
			"to": [8.35, 17.05, 9.35],
			"rotation": {"angle": 45, "axis": "x", "origin": [8, 17, -3]},
			"faces": {
				"north": {"uv": [0, 4.75, 0.9, 7.8], "texture": "#4"},
				"east": {"uv": [0, 0, 6.9, 2.3], "rotation": 90, "texture": "#4"},
				"south": {"uv": [0, 0, 6.9, 3.05], "texture": "#4"},
				"west": {"uv": [0, 0, 6.9, 2.3], "rotation": 90, "texture": "#4"},
				"up": {"uv": [0, 0, 6.9, 2.3], "texture": "#4"},
				"down": {"uv": [0, 0, 2.2, 1.9], "texture": "#4"}
			}
		},
		{
			"name": "Hammer",
			"from": [7.76, 6.65, -6.73],
			"to": [8.26, 7.15, -6.03],
			"rotation": {"angle": 0, "axis": "x", "origin": [8, 19, -7]},
			"faces": {
				"north": {"uv": [0, 0, 2.2, 1.9], "rotation": 180, "texture": "#4"},
				"east": {"uv": [0, 0, 6.9, 2.3], "texture": "#4"},
				"south": {"uv": [0, 0, 6.9, 2.3], "texture": "#4"},
				"west": {"uv": [0, 0, 6.9, 2.3], "rotation": 180, "texture": "#4"},
				"up": {"uv": [0, 4.75, 0.9, 7.8], "rotation": 180, "texture": "#4"},
				"down": {"uv": [0, 0, 6.9, 3.05], "texture": "#4"}
			}
		},
		{
			"name": "Hammer",
			"from": [7.76, 2.65, -6.73],
			"to": [8.26, 3.15, -6.03],
			"rotation": {"angle": 0, "axis": "x", "origin": [8, 15, -7]},
			"faces": {
				"north": {"uv": [0, 0, 2.2, 1.9], "rotation": 180, "texture": "#4"},
				"east": {"uv": [0, 0, 6.9, 2.3], "texture": "#4"},
				"south": {"uv": [0, 0, 6.9, 2.3], "texture": "#4"},
				"west": {"uv": [0, 0, 6.9, 2.3], "rotation": 180, "texture": "#4"},
				"up": {"uv": [0, 4.75, 0.9, 7.8], "rotation": 180, "texture": "#4"},
				"down": {"uv": [0, 0, 6.9, 3.05], "texture": "#4"}
			}
		},
		{
			"name": "Hammer",
			"from": [7.76, 6.65, -0.7],
			"to": [8.26, 7.15, 0],
			"rotation": {"angle": 0, "axis": "x", "origin": [8, 19, -7]},
			"faces": {
				"north": {"uv": [0, 0, 2.2, 1.9], "rotation": 180, "texture": "#4"},
				"east": {"uv": [0, 0, 6.9, 2.3], "texture": "#4"},
				"south": {"uv": [0, 0, 6.9, 2.3], "texture": "#4"},
				"west": {"uv": [0, 0, 6.9, 2.3], "rotation": 180, "texture": "#4"},
				"up": {"uv": [0, 4.75, 0.9, 7.8], "rotation": 180, "texture": "#4"},
				"down": {"uv": [0, 0, 6.9, 3.05], "texture": "#4"}
			}
		},
		{
			"name": "Hammer",
			"from": [7.55, 8.85, 15.6],
			"to": [8.45, 9.05, 17.1],
			"rotation": {"angle": 0, "axis": "x", "origin": [8.14, 8.49096, 16.91086]},
			"faces": {
				"north": {"uv": [0, 0, 6.9, 3.05], "texture": "#4"},
				"east": {"uv": [0, 0, 6.9, 2.3], "texture": "#4"},
				"south": {"uv": [0, 0, 6.9, 3.05], "texture": "#4"},
				"west": {"uv": [0, 0, 6.9, 2.3], "texture": "#4"},
				"up": {"uv": [0, 0, 6.9, 2.3], "rotation": 90, "texture": "#4"},
				"down": {"uv": [0, 0, 6.9, 2.3], "rotation": 90, "texture": "#4"}
			}
		},
		{
			"name": "Hammer",
			"from": [7.25, 7.7, 20.6],
			"to": [8.75, 7.9, 21.6],
			"rotation": {"angle": 0, "axis": "y", "origin": [8.14, 8.49096, 20.91086]},
			"faces": {
				"north": {"uv": [0, 0, 6.9, 2.3], "texture": "#4"},
				"east": {"uv": [0, 0, 6.9, 3.05], "texture": "#4"},
				"south": {"uv": [0, 0, 6.9, 2.3], "texture": "#4"},
				"west": {"uv": [0, 0, 6.9, 3.05], "texture": "#4"},
				"up": {"uv": [0, 0, 6.9, 2.3], "texture": "#4"},
				"down": {"uv": [0, 0, 6.9, 2.3], "rotation": 180, "texture": "#4"}
			}
		},
		{
			"name": "Hammer",
			"from": [7.25, 7.7, 19],
			"to": [8.75, 7.9, 20],
			"rotation": {"angle": 0, "axis": "y", "origin": [8.14, 8.49096, 19.91086]},
			"faces": {
				"north": {"uv": [0, 0, 6.9, 2.3], "texture": "#4"},
				"east": {"uv": [0, 0, 6.9, 3.05], "texture": "#4"},
				"south": {"uv": [0, 0, 6.9, 2.3], "texture": "#4"},
				"west": {"uv": [0, 0, 6.9, 3.05], "texture": "#4"},
				"up": {"uv": [0, 0, 6.9, 2.3], "texture": "#4"},
				"down": {"uv": [0, 0, 6.9, 2.3], "rotation": 180, "texture": "#4"}
			}
		},
		{
			"name": "Hammer",
			"from": [7.5, 8.8, 15.5],
			"to": [8.5, 9.2, 15.7],
			"rotation": {"angle": 0, "axis": "y", "origin": [8.14, 9.49096, 14.91086]},
			"faces": {
				"north": {"uv": [0, 0, 6.9, 2.3], "texture": "#4"},
				"east": {"uv": [0, 0, 6.9, 3.05], "rotation": 270, "texture": "#4"},
				"south": {"uv": [0, 0, 6.9, 2.3], "texture": "#4"},
				"west": {"uv": [0, 0, 6.9, 3.05], "rotation": 90, "texture": "#4"},
				"up": {"uv": [0, 0, 6.9, 2.3], "rotation": 180, "texture": "#4"},
				"down": {"uv": [0, 0, 6.9, 2.3], "texture": "#4"}
			}
		},
		{
			"name": "Hammer",
			"from": [7.5, 8.5, 15.5],
			"to": [8.5, 8.9, 15.7],
			"rotation": {"angle": 0, "axis": "y", "origin": [8.14, 9.49096, 14.91086]},
			"faces": {
				"north": {"uv": [0, 0, 6.9, 2.3], "texture": "#4"},
				"east": {"uv": [0, 0, 6.9, 3.05], "rotation": 270, "texture": "#4"},
				"south": {"uv": [0, 0, 6.9, 2.3], "texture": "#4"},
				"west": {"uv": [0, 0, 6.9, 3.05], "rotation": 90, "texture": "#4"},
				"up": {"uv": [0, 0, 6.9, 2.3], "rotation": 180, "texture": "#4"},
				"down": {"uv": [0, 0, 6.9, 2.3], "texture": "#4"}
			}
		},
		{
			"name": "Hammer",
			"from": [7.5, 8, 12.5],
			"to": [8.5, 8.9, 12.7],
			"rotation": {"angle": 0, "axis": "y", "origin": [8.14, 9.49096, 11.91086]},
			"faces": {
				"north": {"uv": [0, 0, 6.9, 2.3], "texture": "#4"},
				"east": {"uv": [0, 0, 6.9, 3.05], "rotation": 270, "texture": "#4"},
				"south": {"uv": [0, 0, 6.9, 2.3], "texture": "#4"},
				"west": {"uv": [0, 0, 6.9, 3.05], "rotation": 90, "texture": "#4"},
				"up": {"uv": [0, 0, 6.9, 2.3], "rotation": 180, "texture": "#4"},
				"down": {"uv": [0, 0, 6.9, 2.3], "texture": "#4"}
			}
		},
		{
			"name": "Hammer",
			"from": [7.9, 8.5, 13.4],
			"to": [8.1, 8.9, 14.8],
			"rotation": {"angle": 0, "axis": "y", "origin": [8.14, 9.49096, 13.91086]},
			"faces": {
				"north": {"uv": [0, 0, 6.9, 3.05], "rotation": 270, "texture": "#4"},
				"east": {"uv": [0, 0, 6.9, 2.3], "texture": "#4"},
				"south": {"uv": [0, 0, 6.9, 3.05], "rotation": 90, "texture": "#4"},
				"west": {"uv": [0, 0, 6.9, 2.3], "texture": "#4"},
				"up": {"uv": [0, 0, 6.9, 2.3], "rotation": 90, "texture": "#4"},
				"down": {"uv": [0, 0, 6.9, 2.3], "rotation": 90, "texture": "#4"}
			}
		},
		{
			"name": "Hammer",
			"from": [7.9, 8.5, 10.4],
			"to": [8.1, 8.9, 11.8],
			"rotation": {"angle": 0, "axis": "y", "origin": [8.14, 9.49096, 10.91086]},
			"faces": {
				"north": {"uv": [0, 0, 6.9, 3.05], "rotation": 270, "texture": "#4"},
				"east": {"uv": [0, 0, 6.9, 2.3], "texture": "#4"},
				"south": {"uv": [0, 0, 6.9, 3.05], "rotation": 90, "texture": "#4"},
				"west": {"uv": [0, 0, 6.9, 2.3], "texture": "#4"},
				"up": {"uv": [0, 0, 6.9, 2.3], "rotation": 90, "texture": "#4"},
				"down": {"uv": [0, 0, 6.9, 2.3], "rotation": 90, "texture": "#4"}
			}
		},
		{
			"name": "Hammer",
			"from": [7.9, 8.5, 7.4],
			"to": [8.1, 8.9, 8.8],
			"rotation": {"angle": 0, "axis": "y", "origin": [8.14, 9.49096, 7.91086]},
			"faces": {
				"north": {"uv": [0, 0, 6.9, 3.05], "rotation": 270, "texture": "#4"},
				"east": {"uv": [0, 0, 6.9, 2.3], "texture": "#4"},
				"south": {"uv": [0, 0, 6.9, 3.05], "rotation": 90, "texture": "#4"},
				"west": {"uv": [0, 0, 6.9, 2.3], "texture": "#4"},
				"up": {"uv": [0, 0, 6.9, 2.3], "rotation": 90, "texture": "#4"},
				"down": {"uv": [0, 0, 6.9, 2.3], "rotation": 90, "texture": "#4"}
			}
		},
		{
			"name": "Hammer",
			"from": [7.5, 8, 9.5],
			"to": [8.5, 8.9, 9.7],
			"rotation": {"angle": 0, "axis": "y", "origin": [8.14, 9.49096, 8.91086]},
			"faces": {
				"north": {"uv": [0, 0, 6.9, 2.3], "texture": "#4"},
				"east": {"uv": [0, 0, 6.9, 3.05], "rotation": 270, "texture": "#4"},
				"south": {"uv": [0, 0, 6.9, 2.3], "texture": "#4"},
				"west": {"uv": [0, 0, 6.9, 3.05], "rotation": 90, "texture": "#4"},
				"up": {"uv": [0, 0, 6.9, 2.3], "rotation": 180, "texture": "#4"},
				"down": {"uv": [0, 0, 6.9, 2.3], "texture": "#4"}
			}
		},
		{
			"name": "Hammer",
			"from": [7.5, 8, 6.5],
			"to": [8.5, 8.9, 6.7],
			"rotation": {"angle": 0, "axis": "y", "origin": [8.14, 9.49096, 5.91086]},
			"faces": {
				"north": {"uv": [0, 0, 6.9, 2.3], "texture": "#4"},
				"east": {"uv": [0, 0, 6.9, 3.05], "rotation": 270, "texture": "#4"},
				"south": {"uv": [0, 0, 6.9, 2.3], "texture": "#4"},
				"west": {"uv": [0, 0, 6.9, 3.05], "rotation": 90, "texture": "#4"},
				"up": {"uv": [0, 0, 6.9, 2.3], "rotation": 180, "texture": "#4"},
				"down": {"uv": [0, 0, 6.9, 2.3], "texture": "#4"}
			}
		},
		{
			"name": "Hammer",
			"from": [7.82, 2.04, 5.7],
			"to": [8.12, 3.04, 6],
			"rotation": {"angle": 22.5, "axis": "x", "origin": [8.14, 1.49096, 5.91086]},
			"faces": {
				"north": {"uv": [0, 0, 6.9, 2.3], "texture": "#4"},
				"east": {"uv": [0, 0, 6.9, 3.05], "rotation": 270, "texture": "#4"},
				"south": {"uv": [0, 0, 6.9, 2.3], "texture": "#4"},
				"west": {"uv": [0, 0, 6.9, 3.05], "rotation": 90, "texture": "#4"},
				"up": {"uv": [0, 0, 6.9, 2.3], "rotation": 180, "texture": "#4"},
				"down": {"uv": [0, 0, 6.9, 2.3], "texture": "#4"}
			}
		},
		{
			"name": "Hammer",
			"from": [7.09, 6.5, 6.5],
			"to": [8.94, 6.7, 6.7],
			"rotation": {"angle": 0, "axis": "y", "origin": [8.14, 7.49096, 5.91086]},
			"faces": {
				"north": {"uv": [0, 0, 6.9, 2.3], "texture": "#4"},
				"east": {"uv": [0, 0, 6.9, 3.05], "rotation": 270, "texture": "#4"},
				"south": {"uv": [0, 0, 6.9, 2.3], "texture": "#4"},
				"west": {"uv": [0, 0, 6.9, 3.05], "rotation": 90, "texture": "#4"},
				"up": {"uv": [0, 0, 6.9, 2.3], "rotation": 180, "texture": "#4"},
				"down": {"uv": [0, 0, 6.9, 2.3], "texture": "#4"}
			}
		},
		{
			"name": "Hammer",
			"from": [7.09, 6.5, 14.5],
			"to": [8.94, 6.7, 14.7],
			"rotation": {"angle": 0, "axis": "y", "origin": [8.14, 7.49096, 13.91086]},
			"faces": {
				"north": {"uv": [0, 0, 6.9, 2.3], "texture": "#4"},
				"east": {"uv": [0, 0, 6.9, 3.05], "rotation": 270, "texture": "#4"},
				"south": {"uv": [0, 0, 6.9, 2.3], "texture": "#4"},
				"west": {"uv": [0, 0, 6.9, 3.05], "rotation": 90, "texture": "#4"},
				"up": {"uv": [0, 0, 6.9, 2.3], "rotation": 180, "texture": "#4"},
				"down": {"uv": [0, 0, 6.9, 2.3], "texture": "#4"}
			}
		},
		{
			"name": "Hammer",
			"from": [7.09, 6.5, 13.5],
			"to": [8.94, 6.7, 13.7],
			"rotation": {"angle": 0, "axis": "y", "origin": [8.14, 7.49096, 12.91086]},
			"faces": {
				"north": {"uv": [0, 0, 6.9, 2.3], "texture": "#4"},
				"east": {"uv": [0, 0, 6.9, 3.05], "rotation": 270, "texture": "#4"},
				"south": {"uv": [0, 0, 6.9, 2.3], "texture": "#4"},
				"west": {"uv": [0, 0, 6.9, 3.05], "rotation": 90, "texture": "#4"},
				"up": {"uv": [0, 0, 6.9, 2.3], "rotation": 180, "texture": "#4"},
				"down": {"uv": [0, 0, 6.9, 2.3], "texture": "#4"}
			}
		},
		{
			"name": "Hammer",
			"from": [6.8, 9.64, 29],
			"to": [7.1, 9.84, 29.6],
			"rotation": {"angle": -45, "axis": "z", "origin": [6.14, 8.49096, 29.91086]},
			"faces": {
				"north": {"uv": [0, 0, 6.9, 3.05], "texture": "#4"},
				"east": {"uv": [0, 0, 6.9, 2.3], "texture": "#4"},
				"south": {"uv": [0, 0, 6.9, 3.05], "texture": "#4"},
				"west": {"uv": [0, 0, 6.9, 2.3], "texture": "#4"},
				"up": {"uv": [0, 0, 6.9, 2.3], "rotation": 90, "texture": "#4"},
				"down": {"uv": [0, 0, 6.9, 2.3], "rotation": 90, "texture": "#4"}
			}
		},
		{
			"name": "Hammer",
			"from": [7, 10.54, 29.00001],
			"to": [7.3, 10.74, 29.60001],
			"rotation": {"angle": -45, "axis": "z", "origin": [6.14, 8.49096, 29.91086]},
			"faces": {
				"north": {"uv": [0, 0, 6.9, 3.05], "texture": "#4"},
				"east": {"uv": [0, 0, 6.9, 2.3], "texture": "#4"},
				"south": {"uv": [0, 0, 6.9, 3.05], "texture": "#4"},
				"west": {"uv": [0, 0, 6.9, 2.3], "texture": "#4"},
				"up": {"uv": [0, 0, 6.9, 2.3], "rotation": 90, "texture": "#4"},
				"down": {"uv": [0, 0, 6.9, 2.3], "rotation": 90, "texture": "#4"}
			}
		},
		{
			"name": "Hammer",
			"from": [10.4, 8.89, 29],
			"to": [10.6, 9.19, 29.6],
			"rotation": {"angle": -45, "axis": "z", "origin": [9.14, 11.49096, 29.91086]},
			"faces": {
				"north": {"uv": [0, 0, 6.9, 3.05], "rotation": 270, "texture": "#4"},
				"east": {"uv": [0, 0, 6.9, 2.3], "rotation": 180, "texture": "#4"},
				"south": {"uv": [0, 0, 6.9, 3.05], "rotation": 90, "texture": "#4"},
				"west": {"uv": [0, 0, 6.9, 2.3], "rotation": 180, "texture": "#4"},
				"up": {"uv": [0, 0, 6.9, 2.3], "rotation": 90, "texture": "#4"},
				"down": {"uv": [0, 0, 6.9, 2.3], "rotation": 90, "texture": "#4"}
			}
		},
		{
			"name": "Hammer",
			"from": [8.35, 8.85, 29],
			"to": [8.55, 9.25, 29.6],
			"rotation": {"angle": 0, "axis": "z", "origin": [7.14, 11.49096, 29.91086]},
			"faces": {
				"north": {"uv": [0, 0, 6.9, 3.05], "rotation": 270, "texture": "#4"},
				"east": {"uv": [0, 0, 6.9, 2.3], "rotation": 180, "texture": "#4"},
				"south": {"uv": [0, 0, 6.9, 3.05], "rotation": 90, "texture": "#4"},
				"west": {"uv": [0, 0, 6.9, 2.3], "rotation": 180, "texture": "#4"},
				"up": {"uv": [0, 0, 6.9, 2.3], "rotation": 90, "texture": "#4"},
				"down": {"uv": [0, 0, 6.9, 2.3], "rotation": 90, "texture": "#4"}
			}
		},
		{
			"name": "Hammer",
			"from": [7.4, 8.85, 29.00001],
			"to": [7.6, 9.25, 29.60001],
			"rotation": {"angle": 0, "axis": "z", "origin": [6.14, 11.49096, 29.91086]},
			"faces": {
				"north": {"uv": [0, 0, 6.9, 3.05], "rotation": 270, "texture": "#4"},
				"east": {"uv": [0, 0, 6.9, 2.3], "rotation": 180, "texture": "#4"},
				"south": {"uv": [0, 0, 6.9, 3.05], "rotation": 90, "texture": "#4"},
				"west": {"uv": [0, 0, 6.9, 2.3], "rotation": 180, "texture": "#4"},
				"up": {"uv": [0, 0, 6.9, 2.3], "rotation": 90, "texture": "#4"},
				"down": {"uv": [0, 0, 6.9, 2.3], "rotation": 90, "texture": "#4"}
			}
		},
		{
			"name": "Hammer",
			"from": [7.88, 8.5, 29.05],
			"to": [8.08, 9.1, 29.55],
			"rotation": {"angle": 0, "axis": "z", "origin": [6.14, 11.49096, 29.91086]},
			"faces": {
				"north": {"uv": [0, 0, 6.9, 3.05], "rotation": 270, "texture": "#4"},
				"east": {"uv": [0, 0, 6.9, 2.3], "rotation": 180, "texture": "#4"},
				"south": {"uv": [0, 0, 6.9, 3.05], "rotation": 90, "texture": "#4"},
				"west": {"uv": [0, 0, 6.9, 2.3], "rotation": 180, "texture": "#4"},
				"up": {"uv": [0, 0, 6.9, 2.3], "rotation": 90, "texture": "#4"},
				"down": {"uv": [0, 0, 6.9, 2.3], "rotation": 90, "texture": "#4"}
			}
		},
		{
			"name": "Hammer",
			"from": [9.5, 8.7, 29],
			"to": [9.7, 9, 29.6],
			"rotation": {"angle": -45, "axis": "z", "origin": [9.14, 11.49096, 29.91086]},
			"faces": {
				"north": {"uv": [0, 0, 6.9, 3.05], "rotation": 270, "texture": "#4"},
				"east": {"uv": [0, 0, 6.9, 2.3], "rotation": 180, "texture": "#4"},
				"south": {"uv": [0, 0, 6.9, 3.05], "rotation": 90, "texture": "#4"},
				"west": {"uv": [0, 0, 6.9, 2.3], "rotation": 180, "texture": "#4"},
				"up": {"uv": [0, 0, 6.9, 2.3], "rotation": 90, "texture": "#4"},
				"down": {"uv": [0, 0, 6.9, 2.3], "rotation": 90, "texture": "#4"}
			}
		},
		{
			"name": "Hammer",
			"from": [7.09, 6.6, 7],
			"to": [7.29, 7.5, 10],
			"rotation": {"angle": 0, "axis": "x", "origin": [8.14, 7.49096, 8.91086]},
			"faces": {
				"north": {"uv": [0, 0, 6.9, 3.05], "rotation": 90, "texture": "#4"},
				"east": {"uv": [0, 0, 6.9, 2.3], "rotation": 180, "texture": "#4"},
				"south": {"uv": [0, 0, 6.9, 3.05], "rotation": 270, "texture": "#4"},
				"west": {"uv": [0, 0, 6.9, 2.3], "rotation": 180, "texture": "#4"},
				"up": {"uv": [0, 0, 6.9, 2.3], "rotation": 270, "texture": "#4"},
				"down": {"uv": [0, 0, 6.9, 2.3], "rotation": 270, "texture": "#4"}
			}
		},
		{
			"name": "Hammer",
			"from": [8.8, 6.25, 5.8199],
			"to": [9, 7.15, 8.8199],
			"rotation": {"angle": 0, "axis": "x", "origin": [10.14, 6.49096, 7.91086]},
			"faces": {
				"north": {"uv": [0, 0, 6.9, 3.05], "rotation": 90, "texture": "#4"},
				"east": {"uv": [0, 0, 6.9, 2.3], "rotation": 180, "texture": "#4"},
				"south": {"uv": [0, 0, 6.9, 3.05], "rotation": 270, "texture": "#4"},
				"west": {"uv": [0, 0, 6.9, 2.3], "rotation": 180, "texture": "#4"},
				"up": {"uv": [0, 0, 6.9, 2.3], "rotation": 270, "texture": "#4"},
				"down": {"uv": [0, 0, 6.9, 2.3], "rotation": 270, "texture": "#4"}
			}
		},
		{
			"name": "Hammer",
			"from": [7.6, 6.7, 29],
			"to": [8.4, 8.7, 29.6],
			"rotation": {"angle": 0, "axis": "x", "origin": [8.14, 8.49096, 29.91086]},
			"faces": {
				"north": {"uv": [0, 0, 6.9, 2.3], "rotation": 270, "texture": "#4"},
				"east": {"uv": [0, 0, 6.9, 2.3], "rotation": 270, "texture": "#4"},
				"south": {"uv": [0, 0, 6.9, 2.3], "rotation": 90, "texture": "#4"},
				"west": {"uv": [0, 0, 6.9, 2.3], "rotation": 90, "texture": "#4"},
				"up": {"uv": [0, 0, 6.9, 3.05], "rotation": 180, "texture": "#4"},
				"down": {"uv": [0, 0, 6.9, 3.05], "texture": "#4"}
			}
		},
		{
			"name": "Hammer",
			"from": [7.61, 6.7, 29.1],
			"to": [8.39, 8.2, 29.7],
			"rotation": {"angle": 22.5, "axis": "x", "origin": [8.14, 8.49096, 29.91086]},
			"faces": {
				"north": {"uv": [0, 0, 6.9, 2.3], "rotation": 270, "texture": "#4"},
				"east": {"uv": [0, 0, 6.9, 2.3], "rotation": 270, "texture": "#4"},
				"south": {"uv": [0, 0, 6.9, 2.3], "rotation": 90, "texture": "#4"},
				"west": {"uv": [0, 0, 6.9, 2.3], "rotation": 90, "texture": "#4"},
				"up": {"uv": [0, 0, 6.9, 3.05], "rotation": 180, "texture": "#4"},
				"down": {"uv": [0, 0, 6.9, 3.05], "texture": "#4"}
			}
		},
		{
			"name": "Hammer",
			"from": [7.4, 6.2, 22.2],
			"to": [8.6, 8.7, 22.8],
			"rotation": {"angle": 0, "axis": "x", "origin": [8.14, 8.49096, 22.91086]},
			"faces": {
				"north": {"uv": [0, 0, 6.9, 2.3], "rotation": 270, "texture": "#4"},
				"east": {"uv": [0, 0, 6.9, 2.3], "rotation": 270, "texture": "#4"},
				"south": {"uv": [0, 0, 6.9, 2.3], "rotation": 90, "texture": "#4"},
				"west": {"uv": [0, 0, 6.9, 2.3], "rotation": 90, "texture": "#4"},
				"up": {"uv": [0, 0, 6.9, 3.05], "rotation": 180, "texture": "#4"},
				"down": {"uv": [0, 0, 6.9, 3.05], "texture": "#4"}
			}
		},
		{
			"name": "Hammer",
			"from": [7.65, 7.6, 14.51086],
			"to": [8.35, 8.6, 17.31086],
			"rotation": {"angle": -22.5, "axis": "x", "origin": [8.14, 8.49096, 15.91086]},
			"faces": {
				"north": {"uv": [0, 0, 6.9, 3.05], "texture": "#4"},
				"east": {"uv": [0, 0, 6.9, 2.3], "texture": "#4"},
				"south": {"uv": [0, 0, 6.9, 3.05], "texture": "#4"},
				"west": {"uv": [0, 0, 6.9, 2.3], "texture": "#4"},
				"up": {"uv": [0, 0, 6.9, 2.3], "rotation": 90, "texture": "#4"},
				"down": {"uv": [0, 0, 6.9, 2.3], "rotation": 90, "texture": "#4"}
			}
		},
		{
			"name": "Hammer",
			"from": [7.451, 4.7, 12],
			"to": [8.572, 6.7, 15],
			"rotation": {"angle": 0, "axis": "x", "origin": [8.14, 4.49096, 13.91086]},
			"faces": {
				"north": {"uv": [0, 0, 6.9, 3.05], "texture": "#4"},
				"east": {"uv": [5.75, 5.5, 9.4, 10.3], "texture": "#4"},
				"south": {"uv": [0, 0, 6.9, 3.05], "texture": "#4"},
				"west": {"uv": [5.25, 5, 12.15, 10.05], "texture": "#4"},
				"up": {"uv": [0, 0, 6.9, 2.3], "rotation": 90, "texture": "#4"},
				"down": {"uv": [0, 0, 6.9, 2.3], "rotation": 90, "texture": "#4"}
			}
		},
		{
			"name": "Hammer",
			"from": [7.449, 4, 12],
			"to": [8.57, 5, 15],
			"rotation": {"angle": 0, "axis": "x", "origin": [8.14, 3.49096, 12.91086]},
			"faces": {
				"north": {"uv": [0, 0, 6.9, 3.05], "texture": "#4"},
				"east": {"uv": [0, 4.25, 4.65, 6.55], "texture": "#4"},
				"south": {"uv": [0, 0, 6.9, 3.05], "texture": "#4"},
				"west": {"uv": [4.25, 7.5, 11.15, 9.8], "texture": "#4"},
				"up": {"uv": [0, 0, 6.9, 2.3], "rotation": 90, "texture": "#4"},
				"down": {"uv": [0, 0, 6.9, 2.3], "rotation": 90, "texture": "#4"}
			}
		},
		{
			"name": "Hammer",
			"from": [7.45, 1.5, 12.8],
			"to": [8.571, 5, 15.8],
			"rotation": {"angle": -22.5, "axis": "x", "origin": [8.14, 2.49096, 14.91086]},
			"faces": {
				"north": {"uv": [0, 0, 6.9, 3.05], "texture": "#4"},
				"east": {"uv": [7.5, 6.75, 11.4, 11.55], "texture": "#4"},
				"south": {"uv": [0, 0, 6.9, 3.05], "texture": "#4"},
				"west": {"uv": [1.75, 9.5, 13.4, 14.05], "texture": "#4"},
				"up": {"uv": [0, 0, 6.9, 2.3], "rotation": 90, "texture": "#4"},
				"down": {"uv": [0, 0, 6.9, 2.3], "rotation": 90, "texture": "#4"}
			}
		},
		{
			"name": "Hammer",
			"from": [7.451, 0.4, 14.62],
			"to": [8.572, 3.4, 17.62],
			"rotation": {"angle": -45, "axis": "x", "origin": [8.14, 0.49096, 16.91086]},
			"faces": {
				"north": {"uv": [0, 0, 6.9, 3.05], "texture": "#4"},
				"east": {"uv": [10.25, 8, 14.9, 12.3], "texture": "#4"},
				"south": {"uv": [0, 0, 6.9, 3.05], "texture": "#4"},
				"west": {"uv": [4.5, 7.75, 11.4, 12.8], "texture": "#4"},
				"up": {"uv": [0, 0, 6.9, 2.3], "rotation": 90, "texture": "#4"},
				"down": {"uv": [0, 0, 6.9, 2.3], "rotation": 90, "texture": "#4"}
			}
		},
		{
			"name": "Hammer",
			"from": [7.4, 4.8, 8],
			"to": [8.6, 6.3, 9],
			"rotation": {"angle": 0, "axis": "x", "origin": [8.14, 5.49096, 9.91086]},
			"faces": {
				"north": {"uv": [0, 0, 6.9, 3.05], "texture": "#particle"},
				"east": {"uv": [0, 0, 7.4, 7.8], "texture": "#particle"},
				"south": {"uv": [0, 0, 6.9, 3.05], "texture": "#particle"},
				"west": {"uv": [0, 0, 6.9, 2.3], "texture": "#particle"},
				"up": {"uv": [0, 0, 6.9, 2.3], "rotation": 90, "texture": "#particle"},
				"down": {"uv": [0, 0, 6.9, 2.3], "rotation": 90, "texture": "#particle"}
			}
		},
		{
			"name": "Back",
			"from": [7.42, 6.22, 7],
			"to": [8.52, 7.58, 8.16],
			"rotation": {"angle": 45, "axis": "x", "origin": [8.10393, 7.85777, 6.24832]},
			"faces": {
				"north": {"uv": [0, 0, 6.8, 4.6], "rotation": 90, "texture": "#particle"},
				"east": {"uv": [0, 2.5, 5.3, 8.1], "texture": "#particle"},
				"south": {"uv": [0, 0, 2, 1.4], "texture": "#particle"},
				"west": {"uv": [0, 2.5, 5.3, 8.1], "texture": "#particle"},
				"up": {"uv": [0, 0, 6.8, 4.6], "rotation": 90, "texture": "#particle"},
				"down": {"uv": [0, 0, 2, 1.4], "texture": "#particle"}
			}
		},
		{
			"name": "Back",
			"from": [7.381, 2.9, 4.75],
			"to": [8.581, 3.8, 5.73],
			"rotation": {"angle": -45, "axis": "x", "origin": [8.10393, 3.85777, 6.24832]},
			"faces": {
				"north": {"uv": [0, 0, 2, 1.4], "rotation": 180, "texture": "#particle"},
				"east": {"uv": [0, 2.5, 5.3, 8.1], "rotation": 270, "texture": "#particle"},
				"south": {"uv": [0, 0, 6.8, 4.6], "rotation": 90, "texture": "#particle"},
				"west": {"uv": [0, 2.5, 5.3, 8.1], "rotation": 90, "texture": "#particle"},
				"up": {"uv": [0, 0, 6.8, 4.6], "rotation": 270, "texture": "#particle"},
				"down": {"uv": [0, 0, 2, 1.4], "texture": "#particle"}
			}
		},
		{
			"name": "Back",
			"from": [7.381, 2.2, 6.11],
			"to": [8.581, 3.2, 7.31],
			"rotation": {"angle": 22.5, "axis": "x", "origin": [8.10393, 2.85777, 6.24832]},
			"faces": {
				"north": {"uv": [0, 0, 6.8, 4.6], "rotation": 90, "texture": "#particle"},
				"east": {"uv": [2.5, 4, 7.8, 9.6], "texture": "#particle"},
				"south": {"uv": [0, 0, 2, 1.4], "texture": "#particle"},
				"west": {"uv": [0, 2.5, 5.3, 8.1], "texture": "#particle"},
				"up": {"uv": [0, 0, 6.8, 4.6], "rotation": 90, "texture": "#particle"},
				"down": {"uv": [0, 0, 2, 1.4], "texture": "#particle"}
			}
		},
		{
			"name": "Back",
			"from": [7.38, 2.9, 6],
			"to": [8.59, 7.9, 8],
			"rotation": {"angle": 22.5, "axis": "x", "origin": [8.10393, 4.85777, 5.24832]},
			"faces": {
				"north": {"uv": [0, 0, 6.8, 4.6], "rotation": 90, "texture": "#particle"},
				"east": {"uv": [0, 3, 15.8, 13.1], "texture": "#particle"},
				"south": {"uv": [0, 0, 11, 11.4], "texture": "#particle"},
				"west": {"uv": [5.5, 3, 15.8, 10.6], "texture": "#particle"},
				"up": {"uv": [0, 0, 6.8, 4.6], "rotation": 90, "texture": "#particle"},
				"down": {"uv": [0, 0, 2, 1.4], "texture": "#particle"}
			}
		},
		{
			"name": "Back",
			"from": [7.38, 3.32, 6.7],
			"to": [8.58, 3.52, 8.1],
			"rotation": {"angle": 22.5, "axis": "x", "origin": [8.10393, 4.85777, 3.24832]},
			"faces": {
				"north": {"uv": [0, 0, 6.8, 4.6], "rotation": 90, "texture": "#particle"},
				"east": {"uv": [1.5, 3, 6.8, 8.6], "texture": "#particle"},
				"south": {"uv": [0, 0, 2, 1.4], "texture": "#particle"},
				"west": {"uv": [0, 2.5, 5.3, 8.1], "texture": "#particle"},
				"up": {"uv": [0, 0, 6.8, 4.6], "rotation": 90, "texture": "#particle"},
				"down": {"uv": [0, 0, 2, 1.4], "texture": "#particle"}
			}
		}
	],
	"display": {
		"thirdperson_righthand": {
			"rotation": [-180, 0, -180],
			"translation": [0, 1.5, 0.5],
			"scale": [0.63, 0.66, 0.65]
		},
		"thirdperson_lefthand": {
			"scale": [0.9, 0, 0]
		},
		"firstperson_righthand": {
			"rotation": [-179, 11, 177],
			"translation": [3, 6.5, -0.25],
			"scale": [0.8, 1.09, 1.04]
		},
		"firstperson_lefthand": {
			"scale": [0, 0, 0]
		},
		"ground": {
			"rotation": [0, 0, -90],
			"translation": [0, -2.25, 0],
			"scale": [0.53, 0.6, 0.64]
		},
		"gui": {
			"rotation": [-90, 51, 101],
			"translation": [-2.25, 0.5, 0],
			"scale": [0.08, 0.57, 0.5]
		},
		"fixed": {
			"rotation": [0, 90, 0],
			"translation": [-4.5, 2.5, -2],
			"scale": [1.16, 1.25, 1.39]
		}
	}
}