{
	"credit": "Made with Blockbench",
	"texture_size": [32, 32],
	"textures": {
		"5": "block/chainsaw",
		"particle": "bell_side"
	},
	"elements": [
		{
			"from": [5, 4, -6],
			"to": [9, 10, 4],
			"rotation": {"angle": 0, "axis": "y", "origin": [-2, -3, -6]},
			"faces": {
				"north": {"uv": [4, 7, 6, 10], "texture": "#5"},
				"east": {"uv": [0, 4, 5, 7], "texture": "#5"},
				"south": {"uv": [6, 7, 8, 10], "texture": "#5"},
				"west": {"uv": [5, 4, 10, 7], "texture": "#5"},
				"up": {"uv": [2, 12, 0, 7], "texture": "#5"},
				"down": {"uv": [4, 7, 2, 12], "texture": "#5"}
			}
		},
		{
			"from": [6.5, 10.04, -3.7904],
			"to": [7.5, 12.56, -2.9632],
			"rotation": {"angle": 0, "axis": "y", "origin": [-2, -1.4, -4.6176]},
			"faces": {
				"north": {"uv": [4, 10, 4.5, 11.25], "texture": "#5"},
				"east": {"uv": [6.5, 10, 6.9375, 11.25], "texture": "#5"},
				"south": {"uv": [10, 4, 10.5, 5.25], "texture": "#5"},
				"west": {"uv": [7, 10, 7.4375, 11.25], "texture": "#5"},
				"up": {"uv": [11.5, 4.9375, 11, 4.5], "texture": "#5"},
				"down": {"uv": [11.5, 5, 11, 5.4375], "texture": "#5"}
			}
		},
		{
			"from": [6.5, 10.04, 0.3116],
			"to": [7.5, 11.152, 1.1388],
			"rotation": {"angle": 0, "axis": "y", "origin": [-2, -1.4, -4.6176]},
			"faces": {
				"north": {"uv": [10.5, 5.5, 11, 6.0625], "texture": "#5"},
				"east": {"uv": [11, 2.5, 11.4375, 3.0625], "texture": "#5"},
				"south": {"uv": [11, 0, 11.5, 0.5625], "texture": "#5"},
				"west": {"uv": [11, 3.5, 11.4375, 4.0625], "texture": "#5"},
				"up": {"uv": [11.5, 5.9375, 11, 5.5], "texture": "#5"},
				"down": {"uv": [11.5, 6, 11, 6.4375], "texture": "#5"}
			}
		},
		{
			"from": [6.55, 11.596, -9.12008],
			"to": [7.45, 12.476, -4.11128],
			"rotation": {"angle": 22.5, "axis": "x", "origin": [-2, -1.4, -4.6176]},
			"faces": {
				"north": {"uv": [11, 7.5, 11.4375, 7.9375], "texture": "#5"},
				"east": {"uv": [8.5, 0, 11, 0.4375], "texture": "#5"},
				"south": {"uv": [11, 8, 11.4375, 8.4375], "texture": "#5"},
				"west": {"uv": [8.5, 0.5, 11, 0.9375], "texture": "#5"},
				"up": {"uv": [8.9375, 3.5, 8.5, 1], "texture": "#5"},
				"down": {"uv": [9.4375, 1, 9, 3.5], "texture": "#5"}
			}
		},
		{
			"from": [6.5, 5.25, 3],
			"to": [7, 9.25, 20],
			"rotation": {"angle": 0, "axis": "y", "origin": [-2, -3, -6]},
			"faces": {
				"north": {"uv": [7.5, 10, 7.75, 12], "texture": "#5"},
				"east": {"uv": [0, 0, 8.5, 2], "texture": "#5"},
				"south": {"uv": [10, 7.5, 10.25, 9.5], "texture": "#5"},
				"west": {"uv": [0, 2, 8.5, 4], "texture": "#5"},
				"up": {"uv": [8.25, 15.5, 8, 7], "texture": "#5"},
				"down": {"uv": [8.75, 7, 8.5, 15.5], "texture": "#5"}
			}
		},
		{
			"from": [6.5, 9.25, 4.25],
			"to": [7, 9.75, 4.75],
			"rotation": {"angle": 0, "axis": "y", "origin": [-2, -3, -6]},
			"faces": {
				"north": {"uv": [11.5, 4, 11.75, 4.25], "texture": "#5"},
				"east": {"uv": [11.5, 4.5, 11.75, 4.75], "texture": "#5"},
				"south": {"uv": [11.5, 5, 11.75, 5.25], "texture": "#5"},
				"west": {"uv": [11.5, 5.5, 11.75, 5.75], "texture": "#5"},
				"up": {"uv": [6.25, 11.75, 6, 11.5], "texture": "#5"},
				"down": {"uv": [11.75, 6, 11.5, 6.25], "texture": "#5"}
			}
		},
		{
			"from": [6.5, 4.75, 19.25],
			"to": [7, 5.25, 19.75],
			"rotation": {"angle": 0, "axis": "y", "origin": [-2, -3, -6]},
			"faces": {
				"north": {"uv": [14.5, 3, 14.75, 3.25], "texture": "#5"},
				"east": {"uv": [3.5, 14.5, 3.75, 14.75], "texture": "#5"},
				"south": {"uv": [14.5, 3.5, 14.75, 3.75], "texture": "#5"},
				"west": {"uv": [4, 14.5, 4.25, 14.75], "texture": "#5"},
				"up": {"uv": [14.75, 4.25, 14.5, 4], "texture": "#5"},
				"down": {"uv": [4.75, 14.5, 4.5, 14.75], "texture": "#5"}
			}
		},
		{
			"from": [6.5, 4.75, 17.75],
			"to": [7, 5.25, 18.25],
			"rotation": {"angle": 0, "axis": "y", "origin": [-2, -3, -6]},
			"faces": {
				"north": {"uv": [14.5, 1.5, 14.75, 1.75], "texture": "#5"},
				"east": {"uv": [2, 14.5, 2.25, 14.75], "texture": "#5"},
				"south": {"uv": [14.5, 2, 14.75, 2.25], "texture": "#5"},
				"west": {"uv": [2.5, 14.5, 2.75, 14.75], "texture": "#5"},
				"up": {"uv": [14.75, 2.75, 14.5, 2.5], "texture": "#5"},
				"down": {"uv": [3.25, 14.5, 3, 14.75], "texture": "#5"}
			}
		},
		{
			"from": [6.5, 4.75, 18.5],
			"to": [7, 5.25, 19],
			"rotation": {"angle": 0, "axis": "y", "origin": [-2, -3, -6]},
			"faces": {
				"north": {"uv": [14.5, 0, 14.75, 0.25], "texture": "#5"},
				"east": {"uv": [0.5, 14.5, 0.75, 14.75], "texture": "#5"},
				"south": {"uv": [14.5, 0.5, 14.75, 0.75], "texture": "#5"},
				"west": {"uv": [1, 14.5, 1.25, 14.75], "texture": "#5"},
				"up": {"uv": [14.75, 1.25, 14.5, 1], "texture": "#5"},
				"down": {"uv": [1.75, 14.5, 1.5, 14.75], "texture": "#5"}
			}
		},
		{
			"from": [6.5, 4.75, 17],
			"to": [7, 5.25, 17.5],
			"rotation": {"angle": 0, "axis": "y", "origin": [-2, -3, -6]},
			"faces": {
				"north": {"uv": [13, 14, 13.25, 14.25], "texture": "#5"},
				"east": {"uv": [14, 13, 14.25, 13.25], "texture": "#5"},
				"south": {"uv": [13.5, 14, 13.75, 14.25], "texture": "#5"},
				"west": {"uv": [14, 13.5, 14.25, 13.75], "texture": "#5"},
				"up": {"uv": [14.25, 14.25, 14, 14], "texture": "#5"},
				"down": {"uv": [0.25, 14.5, 0, 14.75], "texture": "#5"}
			}
		},
		{
			"from": [6.5, 4.75, 16.25],
			"to": [7, 5.25, 16.75],
			"rotation": {"angle": 0, "axis": "y", "origin": [-2, -3, -6]},
			"faces": {
				"north": {"uv": [11.5, 14, 11.75, 14.25], "texture": "#5"},
				"east": {"uv": [14, 11.5, 14.25, 11.75], "texture": "#5"},
				"south": {"uv": [12, 14, 12.25, 14.25], "texture": "#5"},
				"west": {"uv": [14, 12, 14.25, 12.25], "texture": "#5"},
				"up": {"uv": [12.75, 14.25, 12.5, 14], "texture": "#5"},
				"down": {"uv": [14.25, 12.5, 14, 12.75], "texture": "#5"}
			}
		},
		{
			"from": [6.5, 4.75, 14.75],
			"to": [7, 5.25, 15.25],
			"rotation": {"angle": 0, "axis": "y", "origin": [-2, -3, -6]},
			"faces": {
				"north": {"uv": [10, 14, 10.25, 14.25], "texture": "#5"},
				"east": {"uv": [14, 10, 14.25, 10.25], "texture": "#5"},
				"south": {"uv": [10.5, 14, 10.75, 14.25], "texture": "#5"},
				"west": {"uv": [14, 10.5, 14.25, 10.75], "texture": "#5"},
				"up": {"uv": [11.25, 14.25, 11, 14], "texture": "#5"},
				"down": {"uv": [14.25, 11, 14, 11.25], "texture": "#5"}
			}
		},
		{
			"from": [6.5, 4.75, 15.5],
			"to": [7, 5.25, 16],
			"rotation": {"angle": 0, "axis": "y", "origin": [-2, -3, -6]},
			"faces": {
				"north": {"uv": [14, 8, 14.25, 8.25], "texture": "#5"},
				"east": {"uv": [14, 8.5, 14.25, 8.75], "texture": "#5"},
				"south": {"uv": [9, 14, 9.25, 14.25], "texture": "#5"},
				"west": {"uv": [14, 9, 14.25, 9.25], "texture": "#5"},
				"up": {"uv": [9.75, 14.25, 9.5, 14], "texture": "#5"},
				"down": {"uv": [14.25, 9.5, 14, 9.75], "texture": "#5"}
			}
		},
		{
			"from": [6.5, 4.75, 14],
			"to": [7, 5.25, 14.5],
			"rotation": {"angle": 0, "axis": "y", "origin": [-2, -3, -6]},
			"faces": {
				"north": {"uv": [6.5, 14, 6.75, 14.25], "texture": "#5"},
				"east": {"uv": [14, 6.5, 14.25, 6.75], "texture": "#5"},
				"south": {"uv": [7, 14, 7.25, 14.25], "texture": "#5"},
				"west": {"uv": [14, 7, 14.25, 7.25], "texture": "#5"},
				"up": {"uv": [7.75, 14.25, 7.5, 14], "texture": "#5"},
				"down": {"uv": [14.25, 7.5, 14, 7.75], "texture": "#5"}
			}
		},
		{
			"from": [6.5, 4.75, 13.25],
			"to": [7, 5.25, 13.75],
			"rotation": {"angle": 0, "axis": "y", "origin": [-2, -3, -6]},
			"faces": {
				"north": {"uv": [5, 14, 5.25, 14.25], "texture": "#5"},
				"east": {"uv": [14, 5, 14.25, 5.25], "texture": "#5"},
				"south": {"uv": [5.5, 14, 5.75, 14.25], "texture": "#5"},
				"west": {"uv": [14, 5.5, 14.25, 5.75], "texture": "#5"},
				"up": {"uv": [6.25, 14.25, 6, 14], "texture": "#5"},
				"down": {"uv": [14.25, 6, 14, 6.25], "texture": "#5"}
			}
		},
		{
			"from": [6.5, 4.75, 11.75],
			"to": [7, 5.25, 12.25],
			"rotation": {"angle": 0, "axis": "y", "origin": [-2, -3, -6]},
			"faces": {
				"north": {"uv": [3.5, 14, 3.75, 14.25], "texture": "#5"},
				"east": {"uv": [14, 3.5, 14.25, 3.75], "texture": "#5"},
				"south": {"uv": [4, 14, 4.25, 14.25], "texture": "#5"},
				"west": {"uv": [14, 4, 14.25, 4.25], "texture": "#5"},
				"up": {"uv": [4.75, 14.25, 4.5, 14], "texture": "#5"},
				"down": {"uv": [14.25, 4.5, 14, 4.75], "texture": "#5"}
			}
		},
		{
			"from": [6.5, 4.75, 12.5],
			"to": [7, 5.25, 13],
			"rotation": {"angle": 0, "axis": "y", "origin": [-2, -3, -6]},
			"faces": {
				"north": {"uv": [2, 14, 2.25, 14.25], "texture": "#5"},
				"east": {"uv": [14, 2, 14.25, 2.25], "texture": "#5"},
				"south": {"uv": [2.5, 14, 2.75, 14.25], "texture": "#5"},
				"west": {"uv": [14, 2.5, 14.25, 2.75], "texture": "#5"},
				"up": {"uv": [3.25, 14.25, 3, 14], "texture": "#5"},
				"down": {"uv": [14.25, 3, 14, 3.25], "texture": "#5"}
			}
		},
		{
			"from": [6.5, 4.75, 11],
			"to": [7, 5.25, 11.5],
			"rotation": {"angle": 0, "axis": "y", "origin": [-2, -3, -6]},
			"faces": {
				"north": {"uv": [0.5, 14, 0.75, 14.25], "texture": "#5"},
				"east": {"uv": [14, 0.5, 14.25, 0.75], "texture": "#5"},
				"south": {"uv": [1, 14, 1.25, 14.25], "texture": "#5"},
				"west": {"uv": [14, 1, 14.25, 1.25], "texture": "#5"},
				"up": {"uv": [1.75, 14.25, 1.5, 14], "texture": "#5"},
				"down": {"uv": [14.25, 1.5, 14, 1.75], "texture": "#5"}
			}
		},
		{
			"from": [6.5, 4.75, 10.25],
			"to": [7, 5.25, 10.75],
			"rotation": {"angle": 0, "axis": "y", "origin": [-2, -3, -6]},
			"faces": {
				"north": {"uv": [13.5, 12.5, 13.75, 12.75], "texture": "#5"},
				"east": {"uv": [13, 13.5, 13.25, 13.75], "texture": "#5"},
				"south": {"uv": [13.5, 13, 13.75, 13.25], "texture": "#5"},
				"west": {"uv": [13.5, 13.5, 13.75, 13.75], "texture": "#5"},
				"up": {"uv": [0.25, 14.25, 0, 14], "texture": "#5"},
				"down": {"uv": [14.25, 0, 14, 0.25], "texture": "#5"}
			}
		},
		{
			"from": [6.5, 4.75, 8.75],
			"to": [7, 5.25, 9.25],
			"rotation": {"angle": 0, "axis": "y", "origin": [-2, -3, -6]},
			"faces": {
				"north": {"uv": [13.5, 11, 13.75, 11.25], "texture": "#5"},
				"east": {"uv": [11.5, 13.5, 11.75, 13.75], "texture": "#5"},
				"south": {"uv": [13.5, 11.5, 13.75, 11.75], "texture": "#5"},
				"west": {"uv": [12, 13.5, 12.25, 13.75], "texture": "#5"},
				"up": {"uv": [13.75, 12.25, 13.5, 12], "texture": "#5"},
				"down": {"uv": [12.75, 13.5, 12.5, 13.75], "texture": "#5"}
			}
		},
		{
			"from": [6.5, 4.75, 9.5],
			"to": [7, 5.25, 10],
			"rotation": {"angle": 0, "axis": "y", "origin": [-2, -3, -6]},
			"faces": {
				"north": {"uv": [13.5, 9.5, 13.75, 9.75], "texture": "#5"},
				"east": {"uv": [10, 13.5, 10.25, 13.75], "texture": "#5"},
				"south": {"uv": [13.5, 10, 13.75, 10.25], "texture": "#5"},
				"west": {"uv": [10.5, 13.5, 10.75, 13.75], "texture": "#5"},
				"up": {"uv": [13.75, 10.75, 13.5, 10.5], "texture": "#5"},
				"down": {"uv": [11.25, 13.5, 11, 13.75], "texture": "#5"}
			}
		},
		{
			"from": [6.5, 4.75, 8],
			"to": [7, 5.25, 8.5],
			"rotation": {"angle": 0, "axis": "y", "origin": [-2, -3, -6]},
			"faces": {
				"north": {"uv": [13.5, 7.5, 13.75, 7.75], "texture": "#5"},
				"east": {"uv": [13.5, 8, 13.75, 8.25], "texture": "#5"},
				"south": {"uv": [13.5, 8.5, 13.75, 8.75], "texture": "#5"},
				"west": {"uv": [9, 13.5, 9.25, 13.75], "texture": "#5"},
				"up": {"uv": [13.75, 9.25, 13.5, 9], "texture": "#5"},
				"down": {"uv": [9.75, 13.5, 9.5, 13.75], "texture": "#5"}
			}
		},
		{
			"from": [6.5, 4.75, 7.25],
			"to": [7, 5.25, 7.75],
			"rotation": {"angle": 0, "axis": "y", "origin": [-2, -3, -6]},
			"faces": {
				"north": {"uv": [13.5, 6, 13.75, 6.25], "texture": "#5"},
				"east": {"uv": [6.5, 13.5, 6.75, 13.75], "texture": "#5"},
				"south": {"uv": [13.5, 6.5, 13.75, 6.75], "texture": "#5"},
				"west": {"uv": [7, 13.5, 7.25, 13.75], "texture": "#5"},
				"up": {"uv": [13.75, 7.25, 13.5, 7], "texture": "#5"},
				"down": {"uv": [7.75, 13.5, 7.5, 13.75], "texture": "#5"}
			}
		},
		{
			"from": [6.5, 4.75, 5.75],
			"to": [7, 5.25, 6.25],
			"rotation": {"angle": 0, "axis": "y", "origin": [-2, -3, -6]},
			"faces": {
				"north": {"uv": [13.5, 4.5, 13.75, 4.75], "texture": "#5"},
				"east": {"uv": [5, 13.5, 5.25, 13.75], "texture": "#5"},
				"south": {"uv": [13.5, 5, 13.75, 5.25], "texture": "#5"},
				"west": {"uv": [5.5, 13.5, 5.75, 13.75], "texture": "#5"},
				"up": {"uv": [13.75, 5.75, 13.5, 5.5], "texture": "#5"},
				"down": {"uv": [6.25, 13.5, 6, 13.75], "texture": "#5"}
			}
		},
		{
			"from": [6.5, 4.75, 6.5],
			"to": [7, 5.25, 7],
			"rotation": {"angle": 0, "axis": "y", "origin": [-2, -3, -6]},
			"faces": {
				"north": {"uv": [13.5, 3, 13.75, 3.25], "texture": "#5"},
				"east": {"uv": [3.5, 13.5, 3.75, 13.75], "texture": "#5"},
				"south": {"uv": [13.5, 3.5, 13.75, 3.75], "texture": "#5"},
				"west": {"uv": [4, 13.5, 4.25, 13.75], "texture": "#5"},
				"up": {"uv": [13.75, 4.25, 13.5, 4], "texture": "#5"},
				"down": {"uv": [4.75, 13.5, 4.5, 13.75], "texture": "#5"}
			}
		},
		{
			"from": [6.5, 4.75, 5],
			"to": [7, 5.25, 5.5],
			"rotation": {"angle": 0, "axis": "y", "origin": [-2, -3, -6]},
			"faces": {
				"north": {"uv": [13.5, 1.5, 13.75, 1.75], "texture": "#5"},
				"east": {"uv": [2, 13.5, 2.25, 13.75], "texture": "#5"},
				"south": {"uv": [13.5, 2, 13.75, 2.25], "texture": "#5"},
				"west": {"uv": [2.5, 13.5, 2.75, 13.75], "texture": "#5"},
				"up": {"uv": [13.75, 2.75, 13.5, 2.5], "texture": "#5"},
				"down": {"uv": [3.25, 13.5, 3, 13.75], "texture": "#5"}
			}
		},
		{
			"from": [6.5, 4.75, 4.25],
			"to": [7, 5.25, 4.75],
			"rotation": {"angle": 0, "axis": "y", "origin": [-2, -3, -6]},
			"faces": {
				"north": {"uv": [13.5, 0, 13.75, 0.25], "texture": "#5"},
				"east": {"uv": [0.5, 13.5, 0.75, 13.75], "texture": "#5"},
				"south": {"uv": [13.5, 0.5, 13.75, 0.75], "texture": "#5"},
				"west": {"uv": [1, 13.5, 1.25, 13.75], "texture": "#5"},
				"up": {"uv": [13.75, 1.25, 13.5, 1], "texture": "#5"},
				"down": {"uv": [1.75, 13.5, 1.5, 13.75], "texture": "#5"}
			}
		},
		{
			"from": [6.5, 9.25, 14.75],
			"to": [7, 9.75, 15.25],
			"rotation": {"angle": 0, "axis": "y", "origin": [-2, -3, -6]},
			"faces": {
				"north": {"uv": [12.5, 5.5, 12.75, 5.75], "texture": "#5"},
				"east": {"uv": [6, 12.5, 6.25, 12.75], "texture": "#5"},
				"south": {"uv": [12.5, 6, 12.75, 6.25], "texture": "#5"},
				"west": {"uv": [6.5, 12.5, 6.75, 12.75], "texture": "#5"},
				"up": {"uv": [12.75, 6.75, 12.5, 6.5], "texture": "#5"},
				"down": {"uv": [7.25, 12.5, 7, 12.75], "texture": "#5"}
			}
		},
		{
			"from": [6.5, 9.25, 15.5],
			"to": [7, 9.75, 16],
			"rotation": {"angle": 0, "axis": "y", "origin": [-2, -3, -6]},
			"faces": {
				"north": {"uv": [12.5, 4, 12.75, 4.25], "texture": "#5"},
				"east": {"uv": [4.5, 12.5, 4.75, 12.75], "texture": "#5"},
				"south": {"uv": [12.5, 4.5, 12.75, 4.75], "texture": "#5"},
				"west": {"uv": [5, 12.5, 5.25, 12.75], "texture": "#5"},
				"up": {"uv": [12.75, 5.25, 12.5, 5], "texture": "#5"},
				"down": {"uv": [5.75, 12.5, 5.5, 12.75], "texture": "#5"}
			}
		},
		{
			"from": [6.5, 9.25, 14],
			"to": [7, 9.75, 14.5],
			"rotation": {"angle": 0, "axis": "y", "origin": [-2, -3, -6]},
			"faces": {
				"north": {"uv": [12.5, 2.5, 12.75, 2.75], "texture": "#5"},
				"east": {"uv": [3, 12.5, 3.25, 12.75], "texture": "#5"},
				"south": {"uv": [12.5, 3, 12.75, 3.25], "texture": "#5"},
				"west": {"uv": [3.5, 12.5, 3.75, 12.75], "texture": "#5"},
				"up": {"uv": [12.75, 3.75, 12.5, 3.5], "texture": "#5"},
				"down": {"uv": [4.25, 12.5, 4, 12.75], "texture": "#5"}
			}
		},
		{
			"from": [6.5, 9.25, 13.25],
			"to": [7, 9.75, 13.75],
			"rotation": {"angle": 0, "axis": "y", "origin": [-2, -3, -6]},
			"faces": {
				"north": {"uv": [12.5, 1, 12.75, 1.25], "texture": "#5"},
				"east": {"uv": [1.5, 12.5, 1.75, 12.75], "texture": "#5"},
				"south": {"uv": [12.5, 1.5, 12.75, 1.75], "texture": "#5"},
				"west": {"uv": [2, 12.5, 2.25, 12.75], "texture": "#5"},
				"up": {"uv": [12.75, 2.25, 12.5, 2], "texture": "#5"},
				"down": {"uv": [2.75, 12.5, 2.5, 12.75], "texture": "#5"}
			}
		},
		{
			"from": [6.5, 9.25, 12.5],
			"to": [7, 9.75, 13],
			"rotation": {"angle": 0, "axis": "y", "origin": [-2, -3, -6]},
			"faces": {
				"north": {"uv": [10.5, 12, 10.75, 12.25], "texture": "#5"},
				"east": {"uv": [12, 10.5, 12.25, 10.75], "texture": "#5"},
				"south": {"uv": [11, 12, 11.25, 12.25], "texture": "#5"},
				"west": {"uv": [12, 11, 12.25, 11.25], "texture": "#5"},
				"up": {"uv": [11.75, 12.25, 11.5, 12], "texture": "#5"},
				"down": {"uv": [12.25, 11.5, 12, 11.75], "texture": "#5"}
			}
		},
		{
			"from": [6.5, 9.25, 11],
			"to": [7, 9.75, 11.5],
			"rotation": {"angle": 0, "axis": "y", "origin": [-2, -3, -6]},
			"faces": {
				"north": {"uv": [9, 12, 9.25, 12.25], "texture": "#5"},
				"east": {"uv": [12, 9, 12.25, 9.25], "texture": "#5"},
				"south": {"uv": [9.5, 12, 9.75, 12.25], "texture": "#5"},
				"west": {"uv": [12, 9.5, 12.25, 9.75], "texture": "#5"},
				"up": {"uv": [10.25, 12.25, 10, 12], "texture": "#5"},
				"down": {"uv": [12.25, 10, 12, 10.25], "texture": "#5"}
			}
		},
		{
			"from": [6.5, 9.25, 10.25],
			"to": [7, 9.75, 10.75],
			"rotation": {"angle": 0, "axis": "y", "origin": [-2, -3, -6]},
			"faces": {
				"north": {"uv": [7, 12, 7.25, 12.25], "texture": "#5"},
				"east": {"uv": [12, 7, 12.25, 7.25], "texture": "#5"},
				"south": {"uv": [7.5, 12, 7.75, 12.25], "texture": "#5"},
				"west": {"uv": [12, 7.5, 12.25, 7.75], "texture": "#5"},
				"up": {"uv": [12.25, 8.25, 12, 8], "texture": "#5"},
				"down": {"uv": [12.25, 8.5, 12, 8.75], "texture": "#5"}
			}
		},
		{
			"from": [6.5, 9.25, 11.75],
			"to": [7, 9.75, 12.25],
			"rotation": {"angle": 0, "axis": "y", "origin": [-2, -3, -6]},
			"faces": {
				"north": {"uv": [12, 12, 12.25, 12.25], "texture": "#5"},
				"east": {"uv": [0, 12.5, 0.25, 12.75], "texture": "#5"},
				"south": {"uv": [12.5, 0, 12.75, 0.25], "texture": "#5"},
				"west": {"uv": [0.5, 12.5, 0.75, 12.75], "texture": "#5"},
				"up": {"uv": [12.75, 0.75, 12.5, 0.5], "texture": "#5"},
				"down": {"uv": [1.25, 12.5, 1, 12.75], "texture": "#5"}
			}
		},
		{
			"from": [6.5, 8.5, 20.5],
			"to": [7, 9, 21],
			"rotation": {"angle": 0, "axis": "y", "origin": [-2, -3, -6]},
			"faces": {
				"north": {"uv": [5.5, 13, 5.75, 13.25], "texture": "#5"},
				"east": {"uv": [13, 5.5, 13.25, 5.75], "texture": "#5"},
				"south": {"uv": [6, 13, 6.25, 13.25], "texture": "#5"},
				"west": {"uv": [13, 6, 13.25, 6.25], "texture": "#5"},
				"up": {"uv": [6.75, 13.25, 6.5, 13], "texture": "#5"},
				"down": {"uv": [13.25, 6.5, 13, 6.75], "texture": "#5"}
			}
		},
		{
			"from": [6.5, 7.75, 20.5],
			"to": [7, 8.25, 21],
			"rotation": {"angle": 0, "axis": "y", "origin": [-2, -3, -6]},
			"faces": {
				"north": {"uv": [4, 13, 4.25, 13.25], "texture": "#5"},
				"east": {"uv": [13, 4, 13.25, 4.25], "texture": "#5"},
				"south": {"uv": [4.5, 13, 4.75, 13.25], "texture": "#5"},
				"west": {"uv": [13, 4.5, 13.25, 4.75], "texture": "#5"},
				"up": {"uv": [5.25, 13.25, 5, 13], "texture": "#5"},
				"down": {"uv": [13.25, 5, 13, 5.25], "texture": "#5"}
			}
		},
		{
			"from": [6.5, 7, 20.5],
			"to": [7, 7.5, 21],
			"rotation": {"angle": 0, "axis": "y", "origin": [-2, -3, -6]},
			"faces": {
				"north": {"uv": [7, 13, 7.25, 13.25], "texture": "#5"},
				"east": {"uv": [13, 7, 13.25, 7.25], "texture": "#5"},
				"south": {"uv": [7.5, 13, 7.75, 13.25], "texture": "#5"},
				"west": {"uv": [13, 7.5, 13.25, 7.75], "texture": "#5"},
				"up": {"uv": [13.25, 8.25, 13, 8], "texture": "#5"},
				"down": {"uv": [13.25, 8.5, 13, 8.75], "texture": "#5"}
			}
		},
		{
			"from": [6.5, 6.25, 20.5],
			"to": [7, 6.75, 21],
			"rotation": {"angle": 0, "axis": "y", "origin": [-2, -3, -6]},
			"faces": {
				"north": {"uv": [9, 13, 9.25, 13.25], "texture": "#5"},
				"east": {"uv": [13, 9, 13.25, 9.25], "texture": "#5"},
				"south": {"uv": [9.5, 13, 9.75, 13.25], "texture": "#5"},
				"west": {"uv": [13, 9.5, 13.25, 9.75], "texture": "#5"},
				"up": {"uv": [10.25, 13.25, 10, 13], "texture": "#5"},
				"down": {"uv": [13.25, 10, 13, 10.25], "texture": "#5"}
			}
		},
		{
			"from": [6.5, 5.5, 20.5],
			"to": [7, 6, 21],
			"rotation": {"angle": 0, "axis": "y", "origin": [-2, -3, -6]},
			"faces": {
				"north": {"uv": [10.5, 13, 10.75, 13.25], "texture": "#5"},
				"east": {"uv": [13, 10.5, 13.25, 10.75], "texture": "#5"},
				"south": {"uv": [11, 13, 11.25, 13.25], "texture": "#5"},
				"west": {"uv": [13, 11, 13.25, 11.25], "texture": "#5"},
				"up": {"uv": [11.75, 13.25, 11.5, 13], "texture": "#5"},
				"down": {"uv": [13.25, 11.5, 13, 11.75], "texture": "#5"}
			}
		},
		{
			"from": [6.5, 5, 20],
			"to": [7, 5.5, 20.5],
			"rotation": {"angle": 0, "axis": "y", "origin": [-2, -3, -6]},
			"faces": {
				"north": {"uv": [12, 13, 12.25, 13.25], "texture": "#5"},
				"east": {"uv": [13, 12, 13.25, 12.25], "texture": "#5"},
				"south": {"uv": [12.5, 13, 12.75, 13.25], "texture": "#5"},
				"west": {"uv": [13, 12.5, 13.25, 12.75], "texture": "#5"},
				"up": {"uv": [13.25, 13.25, 13, 13], "texture": "#5"},
				"down": {"uv": [0.25, 13.5, 0, 13.75], "texture": "#5"}
			}
		},
		{
			"from": [6.5, 9.05, 20],
			"to": [7, 9.55, 20.5],
			"rotation": {"angle": 0, "axis": "y", "origin": [-2, -3, -6]},
			"faces": {
				"north": {"uv": [2.5, 13, 2.75, 13.25], "texture": "#5"},
				"east": {"uv": [13, 2.5, 13.25, 2.75], "texture": "#5"},
				"south": {"uv": [3, 13, 3.25, 13.25], "texture": "#5"},
				"west": {"uv": [13, 3, 13.25, 3.25], "texture": "#5"},
				"up": {"uv": [3.75, 13.25, 3.5, 13], "texture": "#5"},
				"down": {"uv": [13.25, 3.5, 13, 3.75], "texture": "#5"}
			}
		},
		{
			"from": [6.5, 9.25, 19.25],
			"to": [7, 9.75, 19.75],
			"rotation": {"angle": 0, "axis": "y", "origin": [-2, -3, -6]},
			"faces": {
				"north": {"uv": [1, 13, 1.25, 13.25], "texture": "#5"},
				"east": {"uv": [13, 1, 13.25, 1.25], "texture": "#5"},
				"south": {"uv": [1.5, 13, 1.75, 13.25], "texture": "#5"},
				"west": {"uv": [13, 1.5, 13.25, 1.75], "texture": "#5"},
				"up": {"uv": [2.25, 13.25, 2, 13], "texture": "#5"},
				"down": {"uv": [13.25, 2, 13, 2.25], "texture": "#5"}
			}
		},
		{
			"from": [6.5, 9.25, 17.75],
			"to": [7, 9.75, 18.25],
			"rotation": {"angle": 0, "axis": "y", "origin": [-2, -3, -6]},
			"faces": {
				"north": {"uv": [12.5, 12, 12.75, 12.25], "texture": "#5"},
				"east": {"uv": [12.5, 12.5, 12.75, 12.75], "texture": "#5"},
				"south": {"uv": [0, 13, 0.25, 13.25], "texture": "#5"},
				"west": {"uv": [13, 0, 13.25, 0.25], "texture": "#5"},
				"up": {"uv": [0.75, 13.25, 0.5, 13], "texture": "#5"},
				"down": {"uv": [13.25, 0.5, 13, 0.75], "texture": "#5"}
			}
		},
		{
			"from": [6.5, 9.25, 18.5],
			"to": [7, 9.75, 19],
			"rotation": {"angle": 0, "axis": "y", "origin": [-2, -3, -6]},
			"faces": {
				"north": {"uv": [12.5, 10.5, 12.75, 10.75], "texture": "#5"},
				"east": {"uv": [11, 12.5, 11.25, 12.75], "texture": "#5"},
				"south": {"uv": [12.5, 11, 12.75, 11.25], "texture": "#5"},
				"west": {"uv": [11.5, 12.5, 11.75, 12.75], "texture": "#5"},
				"up": {"uv": [12.75, 11.75, 12.5, 11.5], "texture": "#5"},
				"down": {"uv": [12.25, 12.5, 12, 12.75], "texture": "#5"}
			}
		},
		{
			"from": [6.5, 9.25, 17],
			"to": [7, 9.75, 17.5],
			"rotation": {"angle": 0, "axis": "y", "origin": [-2, -3, -6]},
			"faces": {
				"north": {"uv": [12.5, 9, 12.75, 9.25], "texture": "#5"},
				"east": {"uv": [9.5, 12.5, 9.75, 12.75], "texture": "#5"},
				"south": {"uv": [12.5, 9.5, 12.75, 9.75], "texture": "#5"},
				"west": {"uv": [10, 12.5, 10.25, 12.75], "texture": "#5"},
				"up": {"uv": [12.75, 10.25, 12.5, 10], "texture": "#5"},
				"down": {"uv": [10.75, 12.5, 10.5, 12.75], "texture": "#5"}
			}
		},
		{
			"from": [6.5, 9.25, 16.25],
			"to": [7, 9.75, 16.75],
			"rotation": {"angle": 0, "axis": "y", "origin": [-2, -3, -6]},
			"faces": {
				"north": {"uv": [12.5, 7, 12.75, 7.25], "texture": "#5"},
				"east": {"uv": [7.5, 12.5, 7.75, 12.75], "texture": "#5"},
				"south": {"uv": [12.5, 7.5, 12.75, 7.75], "texture": "#5"},
				"west": {"uv": [12.5, 8, 12.75, 8.25], "texture": "#5"},
				"up": {"uv": [12.75, 8.75, 12.5, 8.5], "texture": "#5"},
				"down": {"uv": [9.25, 12.5, 9, 12.75], "texture": "#5"}
			}
		},
		{
			"from": [6.5, 9.25, 8.75],
			"to": [7, 9.75, 9.25],
			"rotation": {"angle": 0, "axis": "y", "origin": [-2, -3, -6]},
			"faces": {
				"north": {"uv": [12, 5, 12.25, 5.25], "texture": "#5"},
				"east": {"uv": [12, 5.5, 12.25, 5.75], "texture": "#5"},
				"south": {"uv": [6, 12, 6.25, 12.25], "texture": "#5"},
				"west": {"uv": [12, 6, 12.25, 6.25], "texture": "#5"},
				"up": {"uv": [6.75, 12.25, 6.5, 12], "texture": "#5"},
				"down": {"uv": [12.25, 6.5, 12, 6.75], "texture": "#5"}
			}
		},
		{
			"from": [6.5, 9.25, 9.5],
			"to": [7, 9.75, 10],
			"rotation": {"angle": 0, "axis": "y", "origin": [-2, -3, -6]},
			"faces": {
				"north": {"uv": [3, 12, 3.25, 12.25], "texture": "#5"},
				"east": {"uv": [12, 3, 12.25, 3.25], "texture": "#5"},
				"south": {"uv": [3.5, 12, 3.75, 12.25], "texture": "#5"},
				"west": {"uv": [12, 3.5, 12.25, 3.75], "texture": "#5"},
				"up": {"uv": [12.25, 4.25, 12, 4], "texture": "#5"},
				"down": {"uv": [12.25, 4.5, 12, 4.75], "texture": "#5"}
			}
		},
		{
			"from": [6.5, 9.25, 8],
			"to": [7, 9.75, 8.5],
			"rotation": {"angle": 0, "axis": "y", "origin": [-2, -3, -6]},
			"faces": {
				"north": {"uv": [1.5, 12, 1.75, 12.25], "texture": "#5"},
				"east": {"uv": [12, 1.5, 12.25, 1.75], "texture": "#5"},
				"south": {"uv": [2, 12, 2.25, 12.25], "texture": "#5"},
				"west": {"uv": [12, 2, 12.25, 2.25], "texture": "#5"},
				"up": {"uv": [2.75, 12.25, 2.5, 12], "texture": "#5"},
				"down": {"uv": [12.25, 2.5, 12, 2.75], "texture": "#5"}
			}
		},
		{
			"from": [6.5, 9.25, 7.25],
			"to": [7, 9.75, 7.75],
			"rotation": {"angle": 0, "axis": "y", "origin": [-2, -3, -6]},
			"faces": {
				"north": {"uv": [0, 12, 0.25, 12.25], "texture": "#5"},
				"east": {"uv": [12, 0, 12.25, 0.25], "texture": "#5"},
				"south": {"uv": [0.5, 12, 0.75, 12.25], "texture": "#5"},
				"west": {"uv": [12, 0.5, 12.25, 0.75], "texture": "#5"},
				"up": {"uv": [1.25, 12.25, 1, 12], "texture": "#5"},
				"down": {"uv": [12.25, 1, 12, 1.25], "texture": "#5"}
			}
		},
		{
			"from": [6.5, 9.25, 5],
			"to": [7, 9.75, 5.5],
			"rotation": {"angle": 0, "axis": "y", "origin": [-2, -3, -6]},
			"faces": {
				"north": {"uv": [6.5, 11.5, 6.75, 11.75], "texture": "#5"},
				"east": {"uv": [11.5, 6.5, 11.75, 6.75], "texture": "#5"},
				"south": {"uv": [7, 11.5, 7.25, 11.75], "texture": "#5"},
				"west": {"uv": [11.5, 7, 11.75, 7.25], "texture": "#5"},
				"up": {"uv": [11.75, 7.75, 11.5, 7.5], "texture": "#5"},
				"down": {"uv": [11.75, 8, 11.5, 8.25], "texture": "#5"}
			}
		},
		{
			"from": [6.5, 9.25, 5.75],
			"to": [7, 9.75, 6.25],
			"rotation": {"angle": 0, "axis": "y", "origin": [-2, -3, -6]},
			"faces": {
				"north": {"uv": [11.5, 10, 11.75, 10.25], "texture": "#5"},
				"east": {"uv": [10.5, 11.5, 10.75, 11.75], "texture": "#5"},
				"south": {"uv": [11.5, 10.5, 11.75, 10.75], "texture": "#5"},
				"west": {"uv": [11, 11.5, 11.25, 11.75], "texture": "#5"},
				"up": {"uv": [11.75, 11.25, 11.5, 11], "texture": "#5"},
				"down": {"uv": [11.75, 11.5, 11.5, 11.75], "texture": "#5"}
			}
		},
		{
			"from": [6.5, 9.25, 6.5],
			"to": [7, 9.75, 7],
			"rotation": {"angle": 0, "axis": "y", "origin": [-2, -3, -6]},
			"faces": {
				"north": {"uv": [11.5, 8.5, 11.75, 8.75], "texture": "#5"},
				"east": {"uv": [9, 11.5, 9.25, 11.75], "texture": "#5"},
				"south": {"uv": [11.5, 9, 11.75, 9.25], "texture": "#5"},
				"west": {"uv": [9.5, 11.5, 9.75, 11.75], "texture": "#5"},
				"up": {"uv": [11.75, 9.75, 11.5, 9.5], "texture": "#5"},
				"down": {"uv": [10.25, 11.5, 10, 11.75], "texture": "#5"}
			}
		},
		{
			"from": [6.5, 5.35, 19.99],
			"to": [7, 9.1, 20.305],
			"rotation": {"angle": 0, "axis": "y", "origin": [-2, -3, -3.04]},
			"faces": {
				"north": {"uv": [10, 9.5, 10.25, 11.375], "texture": "#5"},
				"east": {"uv": [5, 10.5, 5.1875, 12.375], "texture": "#5"},
				"south": {"uv": [10.5, 1, 10.75, 2.875], "texture": "#5"},
				"west": {"uv": [5.5, 10.5, 5.6875, 12.375], "texture": "#5"},
				"up": {"uv": [14.75, 4.6875, 14.5, 4.5], "texture": "#5"},
				"down": {"uv": [5.25, 14.5, 5, 14.6875], "texture": "#5"}
			}
		},
		{
			"from": [6.5, 5.6, 20.305],
			"to": [7, 8.85, 20.62],
			"rotation": {"angle": 0, "axis": "y", "origin": [-2, -3, -3.04]},
			"faces": {
				"north": {"uv": [10.5, 3.5, 10.75, 5.125], "texture": "#5"},
				"east": {"uv": [10.5, 7.5, 10.6875, 9.125], "texture": "#5"},
				"south": {"uv": [4.5, 10.5, 4.75, 12.125], "texture": "#5"},
				"west": {"uv": [10.5, 9.5, 10.6875, 11.125], "texture": "#5"},
				"up": {"uv": [14.75, 5.1875, 14.5, 5], "texture": "#5"},
				"down": {"uv": [5.75, 14.5, 5.5, 14.6875], "texture": "#5"}
			}
		},
		{
			"from": [6.25, 8, -10],
			"to": [7.25, 9, -6],
			"rotation": {"angle": 0, "axis": "y", "origin": [15.75, 10, 7]},
			"faces": {
				"north": {"uv": [10.5, 6.5, 11, 7], "texture": "#5"},
				"east": {"uv": [8.5, 3.5, 10.5, 4], "texture": "#5"},
				"south": {"uv": [11, 1, 11.5, 1.5], "texture": "#5"},
				"west": {"uv": [9, 7, 11, 7.5], "texture": "#5"},
				"up": {"uv": [9.5, 9.5, 9, 7.5], "texture": "#5"},
				"down": {"uv": [10, 1, 9.5, 3], "texture": "#5"}
			}
		},
		{
			"from": [6.255, 10.65, -9.45],
			"to": [7.155, 14.65, -8.45],
			"rotation": {"angle": -22.5, "axis": "x", "origin": [15.75, 10, 7]},
			"faces": {
				"north": {"uv": [9.5, 9.5, 9.9375, 11.5], "texture": "#5"},
				"east": {"uv": [9.5, 7.5, 10, 9.5], "texture": "#5"},
				"south": {"uv": [10, 1, 10.4375, 3], "texture": "#5"},
				"west": {"uv": [9, 9.5, 9.5, 11.5], "texture": "#5"},
				"up": {"uv": [11.4375, 7, 11, 6.5], "texture": "#5"},
				"down": {"uv": [11.4375, 7, 11, 7.5], "texture": "#5"}
			}
		},
		{
			"from": [6.25, 4.25, -8.4],
			"to": [7.25, 5.25, -6],
			"rotation": {"angle": 0, "axis": "y", "origin": [15.75, 10, 7]},
			"faces": {
				"north": {"uv": [11, 1.5, 11.5, 2], "texture": "#5"},
				"east": {"uv": [9.5, 3, 10.6875, 3.5], "texture": "#5"},
				"south": {"uv": [11, 2, 11.5, 2.5], "texture": "#5"},
				"west": {"uv": [4.5, 10, 5.6875, 10.5], "texture": "#5"},
				"up": {"uv": [10.5, 6.6875, 10, 5.5], "texture": "#5"},
				"down": {"uv": [6.5, 10, 6, 11.1875], "texture": "#5"}
			}
		},
		{
			"from": [4.75, 5, -8],
			"to": [5.05, 7, -7.7],
			"rotation": {"angle": 22.5, "axis": "x", "origin": [-2, -3, -6]},
			"faces": {
				"north": {"uv": [11, 8.5, 11.125, 9.5], "texture": "#5"},
				"east": {"uv": [11, 9.5, 11.125, 10.5], "texture": "#5"},
				"south": {"uv": [11, 10.5, 11.125, 11.5], "texture": "#5"},
				"west": {"uv": [11.5, 0, 11.625, 1], "texture": "#5"},
				"up": {"uv": [14.625, 6.125, 14.5, 6], "texture": "#5"},
				"down": {"uv": [6.625, 14.5, 6.5, 14.625], "texture": "#5"}
			}
		},
		{
			"from": [4.75, 3.15, -4.75],
			"to": [5.05, 5.15, -4.45],
			"rotation": {"angle": 0, "axis": "x", "origin": [-2, -3, -6]},
			"faces": {
				"north": {"uv": [11.5, 1, 11.625, 2], "texture": "#5"},
				"east": {"uv": [11.5, 2, 11.625, 3], "texture": "#5"},
				"south": {"uv": [11.5, 3, 11.625, 4], "texture": "#5"},
				"west": {"uv": [4, 11.5, 4.125, 12.5], "texture": "#5"},
				"up": {"uv": [14.625, 6.625, 14.5, 6.5], "texture": "#5"},
				"down": {"uv": [7.125, 14.5, 7, 14.625], "texture": "#5"}
			}
		},
		{
			"from": [4.812, 2.48956, -5.0884],
			"to": [4.97832, 3.04396, -4.92208],
			"rotation": {"angle": 0, "axis": "y", "origin": [1.0698, -0.92, -6.8902]},
			"faces": {
				"north": {"uv": [14.5, 7, 14.5625, 7.25], "texture": "#5"},
				"east": {"uv": [7.5, 14.5, 7.5625, 14.75], "texture": "#5"},
				"south": {"uv": [14.5, 7.5, 14.5625, 7.75], "texture": "#5"},
				"west": {"uv": [14.5, 8, 14.5625, 8.25], "texture": "#5"},
				"up": {"uv": [1.0625, 15.0625, 1, 15], "texture": "#5"},
				"down": {"uv": [15.0625, 1, 15, 1.0625], "texture": "#5"}
			}
		},
		{
			"from": [4.78428, 3.18256, -0.95812],
			"to": [4.9506, 3.45976, -0.7918],
			"rotation": {"angle": -45, "axis": "x", "origin": [8.6928, -0.92, -2.3164]},
			"faces": {
				"north": {"uv": [14.5, 12.5, 14.5625, 12.625], "texture": "#5"},
				"east": {"uv": [13, 14.5, 13.0625, 14.625], "texture": "#5"},
				"south": {"uv": [14.5, 13, 14.5625, 13.125], "texture": "#5"},
				"west": {"uv": [13.5, 14.5, 13.5625, 14.625], "texture": "#5"},
				"up": {"uv": [2.5625, 15.0625, 2.5, 15], "texture": "#5"},
				"down": {"uv": [15.0625, 2.5, 15, 2.5625], "texture": "#5"}
			}
		},
		{
			"from": [4.78428, 2.48956, -4.28452],
			"to": [4.9506, 3.04396, -4.1182],
			"rotation": {"angle": 0, "axis": "y", "origin": [8.6928, -0.92, -2.3164]},
			"faces": {
				"north": {"uv": [14.5, 9, 14.5625, 9.25], "texture": "#5"},
				"east": {"uv": [9.5, 14.5, 9.5625, 14.75], "texture": "#5"},
				"south": {"uv": [14.5, 9.5, 14.5625, 9.75], "texture": "#5"},
				"west": {"uv": [10, 14.5, 10.0625, 14.75], "texture": "#5"},
				"up": {"uv": [2.0625, 15.0625, 2, 15], "texture": "#5"},
				"down": {"uv": [15.0625, 2, 15, 2.0625], "texture": "#5"}
			}
		},
		{
			"from": [4.78428, -1.0586, -4.20136],
			"to": [4.9506, -0.89228, -3.92416],
			"rotation": {"angle": -45, "axis": "x", "origin": [8.6928, 0.466, -8.2762]},
			"faces": {
				"north": {"uv": [3.5, 15, 3.5625, 15.0625], "texture": "#5"},
				"east": {"uv": [14.5, 13.5, 14.625, 13.5625], "texture": "#5"},
				"south": {"uv": [15, 3.5, 15.0625, 3.5625], "texture": "#5"},
				"west": {"uv": [14, 14.5, 14.125, 14.5625], "texture": "#5"},
				"up": {"uv": [14.5625, 14.125, 14.5, 14], "texture": "#5"},
				"down": {"uv": [14.5625, 14.5, 14.5, 14.625], "texture": "#5"}
			}
		},
		{
			"from": [4.812, 4.15276, -7.4446],
			"to": [4.97832, 4.31908, -7.1674],
			"rotation": {"angle": 45, "axis": "x", "origin": [8.6928, 0.466, -8.2762]},
			"faces": {
				"north": {"uv": [4, 15, 4.0625, 15.0625], "texture": "#5"},
				"east": {"uv": [0, 15, 0.125, 15.0625], "texture": "#5"},
				"south": {"uv": [15, 4, 15.0625, 4.0625], "texture": "#5"},
				"west": {"uv": [15, 0, 15.125, 0.0625], "texture": "#5"},
				"up": {"uv": [0.5625, 15.125, 0.5, 15], "texture": "#5"},
				"down": {"uv": [15.0625, 0.5, 15, 0.625], "texture": "#5"}
			}
		},
		{
			"from": [4.78428, 2.2678, -4.86664],
			"to": [4.9506, 2.43412, -4.31224],
			"rotation": {"angle": 0, "axis": "y", "origin": [8.6928, 0.466, -8.2762]},
			"faces": {
				"north": {"uv": [3, 15, 3.0625, 15.0625], "texture": "#5"},
				"east": {"uv": [14.5, 10, 14.75, 10.0625], "texture": "#5"},
				"south": {"uv": [15, 3, 15.0625, 3.0625], "texture": "#5"},
				"west": {"uv": [10.5, 14.5, 10.75, 14.5625], "texture": "#5"},
				"up": {"uv": [14.5625, 10.75, 14.5, 10.5], "texture": "#5"},
				"down": {"uv": [11.0625, 14.5, 11, 14.75], "texture": "#5"}
			}
		},
		{
			"from": [4.812, 3.04396, -4.89436],
			"to": [4.97832, 3.238, -4.33996],
			"rotation": {"angle": 0, "axis": "x", "origin": [1.0698, -0.92, -6.8902]},
			"faces": {
				"north": {"uv": [14.5, 12, 14.5625, 12.125], "texture": "#5"},
				"east": {"uv": [14.5, 5.5, 14.75, 5.625], "texture": "#5"},
				"south": {"uv": [12.5, 14.5, 12.5625, 14.625], "texture": "#5"},
				"west": {"uv": [6, 14.5, 6.25, 14.625], "texture": "#5"},
				"up": {"uv": [14.5625, 8.75, 14.5, 8.5], "texture": "#5"},
				"down": {"uv": [9.0625, 14.5, 9, 14.75], "texture": "#5"}
			}
		},
		{
			"from": [4.812, 3.18256, -8.4148],
			"to": [4.97832, 3.45976, -8.24848],
			"rotation": {"angle": 45, "axis": "x", "origin": [1.0698, -0.92, -6.8902]},
			"faces": {
				"north": {"uv": [14.5, 11, 14.5625, 11.125], "texture": "#5"},
				"east": {"uv": [11.5, 14.5, 11.5625, 14.625], "texture": "#5"},
				"south": {"uv": [14.5, 11.5, 14.5625, 11.625], "texture": "#5"},
				"west": {"uv": [12, 14.5, 12.0625, 14.625], "texture": "#5"},
				"up": {"uv": [1.5625, 15.0625, 1.5, 15], "texture": "#5"},
				"down": {"uv": [15.0625, 1.5, 15, 1.5625], "texture": "#5"}
			}
		}
	],
	"display": {
		"thirdperson_righthand": {
			"rotation": [0, -180, 0],
			"translation": [-1, 0.25, -15.5]
		},
		"thirdperson_lefthand": {
			"rotation": [0, 90, 0],
			"translation": [5.5, 0, 0]
		},
		"firstperson_righthand": {
			"rotation": [0, -180, 0],
			"translation": [-3.75, 3.5, 0]
		},
		"firstperson_lefthand": {
			"rotation": [0, -180, 0],
			"translation": [0, -0.5, -2.75]
		},
		"gui": {
			"rotation": [23, -27, 15]
		},
		"head": {
			"rotation": [-180, 0, -180],
			"translation": [-3.75, 2.25, -18.75],
			"scale": [3.68555, 2.6, 1.99609]
		}
	}
}