{
	"credit": "Model By GCGames Studios",
	"textures": {
		"0": "block/items/dark_oak_planks",
		"1": "block/items/anvil",
		"particle": "block/items/dark_oak_planks"
	},
	"elements": [
		{
			"from": [6.75, 3.72453, -12.92075],
			"to": [8.25, 9.47453, -6.49717],
			"faces": {
				"north": {"uv": [0, 0, 3.5, 2.75], "texture": "#0"},
				"east": {"uv": [0, 0, 3.5, 2.75], "texture": "#0"},
				"south": {"uv": [0, 0, 3.5, 2.75], "texture": "#0"},
				"west": {"uv": [0, 0, 3.5, 2.75], "texture": "#0"},
				"up": {"uv": [0, 0, 3.5, 2.75], "texture": "#0"},
				"down": {"uv": [0, 0, 3.5, 2.75], "texture": "#0"}
			}
		},
		{
			"from": [8.22677, 9.50463, -12.92075],
			"to": [8.5796, 9.69991, -6.49717],
			"rotation": {"angle": 22.5, "axis": "z", "origin": [8.18693, 8.72145, 3.21179]},
			"faces": {
				"north": {"uv": [0, 0, 3.5, 2.75], "texture": "#0"},
				"east": {"uv": [0, 0, 3.5, 2.75], "texture": "#0"},
				"south": {"uv": [0, 0, 3.5, 2.75], "texture": "#0"},
				"west": {"uv": [0, 0, 3.5, 2.75], "texture": "#0"},
				"up": {"uv": [0, 0, 3.5, 2.75], "texture": "#0"},
				"down": {"uv": [0, 0, 3.5, 2.75], "texture": "#0"}
			}
		},
		{
			"from": [6.63021, 9.05401, -12.92075],
			"to": [7.04342, 9.2493, -6.49717],
			"rotation": {"angle": -22.5, "axis": "z", "origin": [8.05069, 9.02353, 3.21179]},
			"faces": {
				"north": {"uv": [0, 0, 3.5, 2.75], "rotation": 180, "texture": "#0"},
				"east": {"uv": [0, 0, 3.5, 2.75], "rotation": 180, "texture": "#0"},
				"south": {"uv": [0, 0, 3.5, 2.75], "rotation": 180, "texture": "#0"},
				"west": {"uv": [0, 0, 3.5, 2.75], "rotation": 180, "texture": "#0"},
				"up": {"uv": [0, 0, 3.5, 2.75], "rotation": 180, "texture": "#0"},
				"down": {"uv": [0, 0, 3.5, 2.75], "rotation": 180, "texture": "#0"}
			}
		},
		{
			"from": [7.17599, 9.40971, -12.92075],
			"to": [7.41033, 9.70216, -6.49717],
			"rotation": {"angle": 22.5, "axis": "z", "origin": [6.81549, 8.85599, 3.21179]},
			"faces": {
				"north": {"uv": [0, 0, 3.5, 2.75], "rotation": 90, "texture": "#0"},
				"east": {"uv": [0, 0, 3.5, 2.75], "rotation": 90, "texture": "#0"},
				"south": {"uv": [0, 0, 3.5, 2.75], "rotation": 90, "texture": "#0"},
				"west": {"uv": [0, 0, 3.5, 2.75], "rotation": 90, "texture": "#0"},
				"up": {"uv": [0, 0, 3.5, 2.75], "rotation": 90, "texture": "#0"},
				"down": {"uv": [0, 0, 3.5, 2.75], "rotation": 90, "texture": "#0"}
			}
		},
		{
			"from": [7.04456, 9.32812, -12.92075],
			"to": [7.96438, 9.86208, -6.49717],
			"rotation": {"angle": 0, "axis": "z", "origin": [8.04787, 9.02152, 3.21179]},
			"faces": {
				"north": {"uv": [0, 0, 3.5, 2.75], "rotation": 90, "texture": "#0"},
				"east": {"uv": [0, 0, 3.5, 2.75], "rotation": 90, "texture": "#0"},
				"south": {"uv": [0, 0, 3.5, 2.75], "rotation": 90, "texture": "#0"},
				"west": {"uv": [0, 0, 3.5, 2.75], "rotation": 90, "texture": "#0"},
				"up": {"uv": [0, 0, 3.5, 2.75], "rotation": 90, "texture": "#0"},
				"down": {"uv": [0, 0, 3.5, 2.75], "rotation": 90, "texture": "#0"}
			}
		},
		{
			"from": [7.61702, 9.27549, -12.92075],
			"to": [7.83964, 9.70823, -6.49717],
			"rotation": {"angle": -22.5, "axis": "z", "origin": [8.17704, 8.89831, 3.21179]},
			"faces": {
				"north": {"uv": [0, 0, 3.5, 2.75], "rotation": 90, "texture": "#0"},
				"east": {"uv": [0, 0, 3.5, 2.75], "rotation": 90, "texture": "#0"},
				"south": {"uv": [0, 0, 3.5, 2.75], "rotation": 90, "texture": "#0"},
				"west": {"uv": [0, 0, 3.5, 2.75], "rotation": 90, "texture": "#0"},
				"up": {"uv": [0, 0, 3.5, 2.75], "rotation": 90, "texture": "#0"},
				"down": {"uv": [0, 0, 3.5, 2.75], "rotation": 90, "texture": "#0"}
			}
		},
		{
			"from": [6.75, 9.21887, -12.92075],
			"to": [8.25, 9.59528, -6.49717],
			"faces": {
				"north": {"uv": [0, 0, 3.5, 2.75], "texture": "#0"},
				"east": {"uv": [0, 0, 3.5, 2.75], "texture": "#0"},
				"south": {"uv": [0, 0, 3.5, 2.75], "texture": "#0"},
				"west": {"uv": [0, 0, 3.5, 2.75], "texture": "#0"},
				"up": {"uv": [0, 0, 3.5, 2.75], "texture": "#0"},
				"down": {"uv": [0, 0, 3.5, 2.75], "texture": "#0"}
			}
		},
		{
			"from": [8.13868, 9.21887, -12.92075],
			"to": [8.25, 9.59528, -6.49717],
			"faces": {
				"north": {"uv": [0, 0, 3.5, 2.75], "texture": "#0"},
				"east": {"uv": [0, 0, 3.5, 2.75], "texture": "#0"},
				"south": {"uv": [0, 0, 3.5, 2.75], "texture": "#0"},
				"west": {"uv": [0, 0, 3.5, 2.75], "texture": "#0"},
				"up": {"uv": [0, 0, 3.5, 2.75], "texture": "#0"},
				"down": {"uv": [0, 0, 3.5, 2.75], "texture": "#0"}
			}
		},
		{
			"from": [7.85708, 8.61213, -6.76226],
			"to": [8.20991, 8.80741, -0.33868],
			"rotation": {"angle": 22.5, "axis": "z", "origin": [8.18693, 8.72145, 3.21179]},
			"faces": {
				"north": {"uv": [0, 0, 3.5, 2.75], "texture": "#0"},
				"east": {"uv": [0, 0, 3.5, 2.75], "texture": "#0"},
				"south": {"uv": [0, 0, 3.5, 2.75], "texture": "#0"},
				"west": {"uv": [0, 0, 3.5, 2.75], "texture": "#0"},
				"up": {"uv": [0, 0, 3.5, 2.75], "texture": "#0"},
				"down": {"uv": [0, 0, 3.5, 2.75], "texture": "#0"}
			}
		},
		{
			"from": [7.00125, 8.17048, -6.76226],
			"to": [7.41446, 8.36576, -0.33868],
			"rotation": {"angle": -22.5, "axis": "z", "origin": [8.05204, 9.0325, 3.21179]},
			"faces": {
				"north": {"uv": [0, 0, 3.5, 2.75], "rotation": 180, "texture": "#0"},
				"east": {"uv": [0, 0, 3.5, 2.75], "rotation": 180, "texture": "#0"},
				"south": {"uv": [0, 0, 3.5, 2.75], "rotation": 180, "texture": "#0"},
				"west": {"uv": [0, 0, 3.5, 2.75], "rotation": 180, "texture": "#0"},
				"up": {"uv": [0, 0, 3.5, 2.75], "rotation": 180, "texture": "#0"},
				"down": {"uv": [0, 0, 3.5, 2.75], "rotation": 180, "texture": "#0"}
			}
		},
		{
			"from": [6.80766, 8.52616, -6.76226],
			"to": [7.00294, 8.81862, -0.33868],
			"rotation": {"angle": 22.5, "axis": "z", "origin": [6.81685, 8.86495, 3.21179]},
			"faces": {
				"north": {"uv": [0, 0, 3.5, 2.75], "rotation": 90, "texture": "#0"},
				"east": {"uv": [0, 0, 3.5, 2.75], "rotation": 90, "texture": "#0"},
				"south": {"uv": [0, 0, 3.5, 2.75], "rotation": 90, "texture": "#0"},
				"west": {"uv": [0, 0, 3.5, 2.75], "rotation": 90, "texture": "#0"},
				"up": {"uv": [0, 0, 3.5, 2.75], "rotation": 90, "texture": "#0"},
				"down": {"uv": [0, 0, 3.5, 2.75], "rotation": 90, "texture": "#0"}
			}
		},
		{
			"from": [7.00651, 8.3594, -6.76226],
			"to": [7.9732, 8.89336, -0.33868],
			"rotation": {"angle": 0, "axis": "z", "origin": [8.05669, 9.01884, 3.21179]},
			"faces": {
				"north": {"uv": [0, 0, 3.5, 2.75], "rotation": 90, "texture": "#0"},
				"east": {"uv": [0, 0, 3.5, 2.75], "rotation": 90, "texture": "#0"},
				"south": {"uv": [0, 0, 3.5, 2.75], "rotation": 90, "texture": "#0"},
				"west": {"uv": [0, 0, 3.5, 2.75], "rotation": 90, "texture": "#0"},
				"up": {"uv": [0, 0, 3.5, 2.75], "rotation": 90, "texture": "#0"},
				"down": {"uv": [0, 0, 3.5, 2.75], "rotation": 90, "texture": "#0"}
			}
		},
		{
			"from": [7.99809, 8.40104, -6.76226],
			"to": [8.2168, 8.81425, -0.33868],
			"rotation": {"angle": -22.5, "axis": "z", "origin": [8.18451, 8.91636, 3.21179]},
			"faces": {
				"north": {"uv": [0, 0, 3.5, 2.75], "rotation": 90, "texture": "#0"},
				"east": {"uv": [0, 0, 3.5, 2.75], "rotation": 90, "texture": "#0"},
				"south": {"uv": [0, 0, 3.5, 2.75], "rotation": 90, "texture": "#0"},
				"west": {"uv": [0, 0, 3.5, 2.75], "rotation": 90, "texture": "#0"},
				"up": {"uv": [0, 0, 3.5, 2.75], "rotation": 90, "texture": "#0"},
				"down": {"uv": [0, 0, 3.5, 2.75], "rotation": 90, "texture": "#0"}
			}
		},
		{
			"from": [6.75, 8.25283, -8.15094],
			"to": [8.25, 8.63706, -0.78986],
			"faces": {
				"north": {"uv": [0, 0, 3.5, 2.75], "texture": "#0"},
				"east": {"uv": [0, 0, 3.5, 2.75], "texture": "#0"},
				"south": {"uv": [0, 0, 3.5, 2.75], "texture": "#0"},
				"west": {"uv": [0, 0, 3.5, 2.75], "texture": "#0"},
				"up": {"uv": [0, 0, 3.5, 2.75], "texture": "#0"},
				"down": {"uv": [0, 0, 3.5, 2.75], "texture": "#0"}
			}
		},
		{
			"from": [8.13868, 8.25283, -6.76226],
			"to": [8.25, 8.62925, -0.33868],
			"faces": {
				"north": {"uv": [0, 0, 3.5, 2.75], "texture": "#0"},
				"east": {"uv": [0, 0, 3.5, 2.75], "texture": "#0"},
				"south": {"uv": [0, 0, 3.5, 2.75], "texture": "#0"},
				"west": {"uv": [0, 0, 3.5, 2.75], "texture": "#0"},
				"up": {"uv": [0, 0, 3.5, 2.75], "texture": "#0"},
				"down": {"uv": [0, 0, 3.5, 2.75], "texture": "#0"}
			}
		},
		{
			"from": [6.75, 5.83774, -7.54717],
			"to": [8.25, 8.38774, -2.45189],
			"faces": {
				"north": {"uv": [0, 0, 3.5, 2.75], "texture": "#0"},
				"east": {"uv": [0, 0, 3.5, 2.75], "texture": "#0"},
				"south": {"uv": [0, 0, 3.5, 2.75], "texture": "#0"},
				"west": {"uv": [0, 0, 3.5, 2.75], "texture": "#0"},
				"up": {"uv": [0, 0, 3.5, 2.75], "texture": "#0"},
				"down": {"uv": [0, 0, 3.5, 2.75], "texture": "#0"}
			}
		},
		{
			"from": [6.75, -1.95315, -0.70853],
			"to": [8.25, 0.65723, 1.36788],
			"rotation": {"angle": 45, "axis": "x", "origin": [7.5, 6.38821, 7.92123]},
			"faces": {
				"north": {"uv": [0, 0, 3.5, 2.75], "texture": "#0"},
				"east": {"uv": [0, 0, 3.5, 2.75], "texture": "#0"},
				"south": {"uv": [0, 0, 3.5, 2.75], "texture": "#0"},
				"west": {"uv": [0, 0, 3.5, 2.75], "texture": "#0"},
				"up": {"uv": [0, 0, 3.5, 2.75], "texture": "#0"},
				"down": {"uv": [0, 0, 3.5, 2.75], "texture": "#0"}
			}
		},
		{
			"from": [6.75, 6.95785, -3.92248],
			"to": [8.25, 8.43049, -1.73474],
			"rotation": {"angle": 0, "axis": "x", "origin": [7.5, 8.02624, -4.36823]},
			"faces": {
				"north": {"uv": [0, 0, 3.5, 2.75], "rotation": 180, "texture": "#0"},
				"east": {"uv": [0, 0, 3.5, 2.75], "rotation": 180, "texture": "#0"},
				"south": {"uv": [0, 0, 3.5, 2.75], "rotation": 180, "texture": "#0"},
				"west": {"uv": [0, 0, 3.5, 2.75], "rotation": 180, "texture": "#0"},
				"up": {"uv": [0, 0, 3.5, 2.75], "rotation": 180, "texture": "#0"},
				"down": {"uv": [0, 0, 3.5, 2.75], "rotation": 180, "texture": "#0"}
			}
		},
		{
			"from": [6.75, 3.84528, -12.07547],
			"to": [8.25, 5.36887, -6.85943],
			"faces": {
				"north": {"uv": [0, 0, 3.5, 2.75], "texture": "#0"},
				"east": {"uv": [0, 0, 3.5, 2.75], "texture": "#0"},
				"south": {"uv": [0, 0, 3.5, 2.75], "texture": "#0"},
				"west": {"uv": [0, 0, 3.5, 2.75], "texture": "#0"},
				"up": {"uv": [0, 0, 3.5, 2.75], "texture": "#0"},
				"down": {"uv": [0, 0, 3.5, 2.75], "texture": "#0"}
			}
		},
		{
			"from": [6.75, 7.41804, -11.05941],
			"to": [8.25, 8.94163, -8.68111],
			"rotation": {"angle": -22.5, "axis": "x", "origin": [7.5, 3.21613, 0.89196]},
			"faces": {
				"north": {"uv": [0, 0, 3.5, 2.75], "texture": "#0"},
				"east": {"uv": [0, 0, 3.5, 2.75], "texture": "#0"},
				"south": {"uv": [0, 0, 3.5, 2.75], "texture": "#0"},
				"west": {"uv": [0, 0, 3.5, 2.75], "texture": "#0"},
				"up": {"uv": [0, 0, 3.5, 2.75], "texture": "#0"},
				"down": {"uv": [0, 0, 3.5, 2.75], "texture": "#0"}
			}
		},
		{
			"from": [6.75, -2.47406, -10.99133],
			"to": [8.25, -0.69953, -9.46775],
			"rotation": {"angle": 22.5, "axis": "x", "origin": [7.5, 1.95159, 1.19047]},
			"faces": {
				"north": {"uv": [0, 0, 3.5, 2.75], "rotation": 180, "texture": "#0"},
				"east": {"uv": [0, 0, 3.5, 2.75], "rotation": 180, "texture": "#0"},
				"south": {"uv": [0, 0, 3.5, 2.75], "rotation": 180, "texture": "#0"},
				"west": {"uv": [0, 0, 3.5, 2.75], "rotation": 180, "texture": "#0"},
				"up": {"uv": [0, 0, 3.5, 2.75], "rotation": 180, "texture": "#0"},
				"down": {"uv": [0, 0, 3.5, 2.75], "rotation": 180, "texture": "#0"}
			}
		},
		{
			"from": [6.75, 1.94155, -10.35006],
			"to": [8.25, 4.31985, -8.82648],
			"rotation": {"angle": 0, "axis": "x", "origin": [7.5, 1.13825, 2.06456]},
			"faces": {
				"north": {"uv": [0, 0, 3.5, 2.75], "rotation": 180, "texture": "#0"},
				"east": {"uv": [0, 0, 3.5, 2.75], "rotation": 180, "texture": "#0"},
				"south": {"uv": [0, 0, 3.5, 2.75], "rotation": 180, "texture": "#0"},
				"west": {"uv": [0, 0, 3.5, 2.75], "rotation": 180, "texture": "#0"},
				"up": {"uv": [0, 0, 3.5, 2.75], "rotation": 180, "texture": "#0"},
				"down": {"uv": [0, 0, 3.5, 2.75], "rotation": 180, "texture": "#0"}
			}
		},
		{
			"from": [6.75, 6.57904, -7.5237],
			"to": [8.25, 9.13847, -6.26183],
			"rotation": {"angle": -22.5, "axis": "x", "origin": [7.5, 0.98554, 3.48205]},
			"faces": {
				"north": {"uv": [0, 0, 3.5, 2.75], "rotation": 180, "texture": "#0"},
				"east": {"uv": [0, 0, 3.5, 2.75], "rotation": 180, "texture": "#0"},
				"south": {"uv": [0, 0, 3.5, 2.75], "rotation": 180, "texture": "#0"},
				"west": {"uv": [0, 0, 3.5, 2.75], "rotation": 180, "texture": "#0"},
				"up": {"uv": [0, 0, 3.5, 2.75], "rotation": 180, "texture": "#0"},
				"down": {"uv": [0, 0, 3.5, 2.75], "rotation": 180, "texture": "#0"}
			}
		},
		{
			"from": [6.75, 9.82125, -3.38718],
			"to": [8.25, 11.47503, -1.8636],
			"rotation": {"angle": -45, "axis": "x", "origin": [7.5, 0.9643, 3.40482]},
			"faces": {
				"north": {"uv": [0, 0, 3.5, 2.75], "rotation": 180, "texture": "#0"},
				"east": {"uv": [0, 0, 3.5, 2.75], "rotation": 180, "texture": "#0"},
				"south": {"uv": [0, 0, 3.5, 2.75], "rotation": 180, "texture": "#0"},
				"west": {"uv": [0, 0, 3.5, 2.75], "rotation": 180, "texture": "#0"},
				"up": {"uv": [0, 0, 3.5, 2.75], "rotation": 180, "texture": "#0"},
				"down": {"uv": [0, 0, 3.5, 2.75], "rotation": 180, "texture": "#0"}
			}
		},
		{
			"from": [6.75, -1.11137, -7.82884],
			"to": [8.25, 0.54112, -6.14381],
			"rotation": {"angle": 22.5, "axis": "x", "origin": [7.5, 2.30001, 5.23236]},
			"faces": {
				"north": {"uv": [0, 0, 3.5, 2.75], "rotation": 180, "texture": "#0"},
				"east": {"uv": [0, 0, 3.5, 2.75], "rotation": 180, "texture": "#0"},
				"south": {"uv": [0, 0, 3.5, 2.75], "rotation": 180, "texture": "#0"},
				"west": {"uv": [0, 0, 3.5, 2.75], "rotation": 180, "texture": "#0"},
				"up": {"uv": [0, 0, 3.5, 2.75], "rotation": 180, "texture": "#0"},
				"down": {"uv": [0, 0, 3.5, 2.75], "rotation": 180, "texture": "#0"}
			}
		},
		{
			"from": [6.75, 12.80794, -1.70855],
			"to": [8.25, 14.46172, 1.26409],
			"rotation": {"angle": -45, "axis": "x", "origin": [7.5, 3.20567, 5.83613]},
			"faces": {
				"north": {"uv": [0, 0, 3.5, 2.75], "rotation": 180, "texture": "#0"},
				"east": {"uv": [0, 0, 3.5, 2.75], "rotation": 180, "texture": "#0"},
				"south": {"uv": [0, 0, 3.5, 2.75], "rotation": 180, "texture": "#0"},
				"west": {"uv": [0, 0, 3.5, 2.75], "rotation": 180, "texture": "#0"},
				"up": {"uv": [0, 0, 3.5, 2.75], "rotation": 180, "texture": "#0"},
				"down": {"uv": [0, 0, 3.5, 2.75], "rotation": 180, "texture": "#0"}
			}
		},
		{
			"from": [6.75, 14.70979, 0.01052],
			"to": [8.25, 16.36357, 1.5341],
			"rotation": {"angle": -45, "axis": "x", "origin": [7.5, 3.20567, 5.83613]},
			"faces": {
				"north": {"uv": [0, 0, 3.5, 2.75], "rotation": 180, "texture": "#0"},
				"east": {"uv": [0, 0, 3.5, 2.75], "rotation": 180, "texture": "#0"},
				"south": {"uv": [0, 0, 3.5, 2.75], "rotation": 180, "texture": "#0"},
				"west": {"uv": [0, 0, 3.5, 2.75], "rotation": 180, "texture": "#0"},
				"up": {"uv": [0, 0, 3.5, 2.75], "rotation": 180, "texture": "#0"},
				"down": {"uv": [0, 0, 3.5, 2.75], "rotation": 180, "texture": "#0"}
			}
		},
		{
			"from": [6.75, 6.89899, -1.9587],
			"to": [8.25, 8.58936, -0.79738],
			"rotation": {"angle": 0, "axis": "x", "origin": [7.5, 5.94474, 11.72385]},
			"faces": {
				"north": {"uv": [0, 0, 3.5, 2.75], "rotation": 270, "texture": "#0"},
				"east": {"uv": [0, 0, 3.5, 2.75], "rotation": 270, "texture": "#0"},
				"south": {"uv": [0, 0, 3.5, 2.75], "rotation": 270, "texture": "#0"},
				"west": {"uv": [0, 0, 3.5, 2.75], "rotation": 270, "texture": "#0"},
				"up": {"uv": [0, 0, 3.5, 2.75], "rotation": 270, "texture": "#0"},
				"down": {"uv": [0, 0, 3.5, 2.75], "rotation": 270, "texture": "#0"}
			}
		},
		{
			"from": [6.68962, 7.14049, 0.81866],
			"to": [8.31038, 10.12257, 8.13847],
			"rotation": {"angle": 0, "axis": "x", "origin": [7.5, 5.94474, 11.72385]},
			"faces": {
				"north": {"uv": [7, 1, 8.62, 3.982], "texture": "#1"},
				"east": {"uv": [7, 1, 8.62, 3.982], "texture": "#1"},
				"south": {"uv": [7, 1, 8.62, 3.982], "texture": "#1"},
				"west": {"uv": [7, 1, 8.62, 3.982], "texture": "#1"},
				"up": {"uv": [7, 1, 8.62, 3.982], "texture": "#1"},
				"down": {"uv": [7, 1, 8.62, 3.982], "texture": "#1"}
			}
		},
		{
			"from": [6.62925, 8.16691, 7.58093],
			"to": [8.37075, 10.12257, 14.11583],
			"rotation": {"angle": 0, "axis": "x", "origin": [7.5, 5.94474, 11.72385]},
			"faces": {
				"north": {"uv": [7, 1, 8.62, 3.982], "texture": "#1"},
				"east": {"uv": [7, 1, 8.62, 3.982], "texture": "#1"},
				"south": {"uv": [7, 1, 8.62, 3.982], "texture": "#1"},
				"west": {"uv": [7, 1, 8.62, 3.982], "texture": "#1"},
				"up": {"uv": [7, 1, 8.62, 3.982], "texture": "#1"},
				"down": {"uv": [7, 1, 8.62, 3.982], "texture": "#1"}
			}
		},
		{
			"from": [6.45847, 7.82536, 7.58093],
			"to": [6.75093, 8.33197, 14.11583],
			"rotation": {"angle": 45, "axis": "z", "origin": [6.77547, 8.42021, 9.82196]},
			"faces": {
				"north": {"uv": [7, 1, 8.62, 3.982], "texture": "#1"},
				"east": {"uv": [7, 1, 8.62, 3.982], "texture": "#1"},
				"south": {"uv": [7, 1, 8.62, 3.982], "texture": "#1"},
				"west": {"uv": [7, 1, 8.62, 3.982], "texture": "#1"},
				"up": {"uv": [7, 1, 8.62, 3.982], "texture": "#1"},
				"down": {"uv": [7, 1, 8.62, 3.982], "texture": "#1"}
			}
		},
		{
			"from": [7.82466, 8.85, 7.58093],
			"to": [8.11711, 9.35661, 14.11583],
			"rotation": {"angle": -45, "axis": "z", "origin": [6.77547, 8.42021, 9.82196]},
			"faces": {
				"north": {"uv": [7, 1, 8.62, 3.982], "texture": "#1"},
				"east": {"uv": [7, 1, 8.62, 3.982], "texture": "#1"},
				"south": {"uv": [7, 1, 8.62, 3.982], "texture": "#1"},
				"west": {"uv": [7, 1, 8.62, 3.982], "texture": "#1"},
				"up": {"uv": [7, 1, 8.62, 3.982], "texture": "#1"},
				"down": {"uv": [7, 1, 8.62, 3.982], "texture": "#1"}
			}
		},
		{
			"from": [7, 5.75182, 1.54319],
			"to": [8, 8.73389, 1.69885],
			"rotation": {"angle": 0, "axis": "x", "origin": [7.5, 5.94474, 11.72385]},
			"faces": {
				"north": {"uv": [7, 1, 8.62, 3.982], "texture": "#1"},
				"east": {"uv": [7, 1, 8.62, 3.982], "texture": "#1"},
				"south": {"uv": [7, 1, 8.62, 3.982], "texture": "#1"},
				"west": {"uv": [7, 1, 8.62, 3.982], "texture": "#1"},
				"up": {"uv": [7, 1, 8.62, 3.982], "texture": "#1"},
				"down": {"uv": [7, 1, 8.62, 3.982], "texture": "#1"}
			}
		},
		{
			"from": [7.25, 6.65748, 2.44885],
			"to": [7.75, 9.63955, 2.60451],
			"rotation": {"angle": 0, "axis": "x", "origin": [7.5, 5.94474, 11.72385]},
			"faces": {
				"north": {"uv": [7, 1, 8.62, 3.982], "texture": "#1"},
				"east": {"uv": [7, 1, 8.62, 3.982], "texture": "#1"},
				"south": {"uv": [7, 1, 8.62, 3.982], "texture": "#1"},
				"west": {"uv": [7, 1, 8.62, 3.982], "texture": "#1"},
				"up": {"uv": [7, 1, 8.62, 3.982], "texture": "#1"},
				"down": {"uv": [7, 1, 8.62, 3.982], "texture": "#1"}
			}
		},
		{
			"from": [7, 5.75182, 4.4413],
			"to": [8, 8.73389, 4.59696],
			"rotation": {"angle": 0, "axis": "x", "origin": [7.5, 5.94474, 11.72385]},
			"faces": {
				"north": {"uv": [7, 1, 8.62, 3.982], "texture": "#1"},
				"east": {"uv": [7, 1, 8.62, 3.982], "texture": "#1"},
				"south": {"uv": [7, 1, 8.62, 3.982], "texture": "#1"},
				"west": {"uv": [7, 1, 8.62, 3.982], "texture": "#1"},
				"up": {"uv": [7, 1, 8.62, 3.982], "texture": "#1"},
				"down": {"uv": [7, 1, 8.62, 3.982], "texture": "#1"}
			}
		},
		{
			"from": [7, 7.52296, 4.05529],
			"to": [8, 8.4522, 4.99585],
			"rotation": {"angle": 45, "axis": "x", "origin": [7.5, 7.60512, 3.49272]},
			"faces": {
				"north": {"uv": [7, 1, 8.62, 3.982], "texture": "#1"},
				"east": {"uv": [7, 1, 8.62, 3.982], "texture": "#1"},
				"south": {"uv": [7, 1, 8.62, 3.982], "texture": "#1"},
				"west": {"uv": [7, 1, 8.62, 3.982], "texture": "#1"},
				"up": {"uv": [7, 1, 8.62, 3.982], "texture": "#1"},
				"down": {"uv": [7, 1, 8.62, 3.982], "texture": "#1"}
			}
		},
		{
			"from": [7, 5.47368, 2.00601],
			"to": [8, 6.40293, 2.94658],
			"rotation": {"angle": 45, "axis": "x", "origin": [7.5, 7.60512, 3.49272]},
			"faces": {
				"north": {"uv": [7, 1, 8.62, 3.982], "texture": "#1"},
				"east": {"uv": [7, 1, 8.62, 3.982], "texture": "#1"},
				"south": {"uv": [7, 1, 8.62, 3.982], "texture": "#1"},
				"west": {"uv": [7, 1, 8.62, 3.982], "texture": "#1"},
				"up": {"uv": [7, 1, 8.62, 3.982], "texture": "#1"},
				"down": {"uv": [7, 1, 8.62, 3.982], "texture": "#1"}
			}
		},
		{
			"from": [7, 4.97302, 1.22047],
			"to": [8, 5.54001, 1.37613],
			"rotation": {"angle": -22.5, "axis": "x", "origin": [7.5, 6.39757, 0.59461]},
			"faces": {
				"north": {"uv": [7, 1, 8.62, 3.982], "texture": "#1"},
				"east": {"uv": [7, 1, 8.62, 3.982], "texture": "#1"},
				"south": {"uv": [7, 1, 8.62, 3.982], "texture": "#1"},
				"west": {"uv": [7, 1, 8.62, 3.982], "texture": "#1"},
				"up": {"uv": [7, 1, 8.62, 3.982], "texture": "#1"},
				"down": {"uv": [7, 1, 8.62, 3.982], "texture": "#1"}
			}
		},
		{
			"from": [7.25, 5.46316, 2.40377],
			"to": [7.75, 6.03014, 2.55943],
			"rotation": {"angle": -22.5, "axis": "x", "origin": [7.5, 6.39757, 0.59461]},
			"faces": {
				"north": {"uv": [7, 1, 8.62, 3.982], "texture": "#1"},
				"east": {"uv": [7, 1, 8.62, 3.982], "texture": "#1"},
				"south": {"uv": [7, 1, 8.62, 3.982], "texture": "#1"},
				"west": {"uv": [7, 1, 8.62, 3.982], "texture": "#1"},
				"up": {"uv": [7, 1, 8.62, 3.982], "texture": "#1"},
				"down": {"uv": [7, 1, 8.62, 3.982], "texture": "#1"}
			}
		},
		{
			"from": [7, 4.74251, 3.43922],
			"to": [8, 4.89817, 4.0062],
			"rotation": {"angle": -22.5, "axis": "x", "origin": [7.5, 5.97493, 2.82857]},
			"faces": {
				"north": {"uv": [7, 1, 8.62, 3.982], "texture": "#1"},
				"east": {"uv": [7, 1, 8.62, 3.982], "texture": "#1"},
				"south": {"uv": [7, 1, 8.62, 3.982], "texture": "#1"},
				"west": {"uv": [7, 1, 8.62, 3.982], "texture": "#1"},
				"up": {"uv": [7, 1, 8.62, 3.982], "texture": "#1"},
				"down": {"uv": [7, 1, 8.62, 3.982], "texture": "#1"}
			}
		},
		{
			"from": [7, 5.66606, 4.44602],
			"to": [8, 6.23304, 4.60168],
			"rotation": {"angle": 22.5, "axis": "x", "origin": [7.5, 5.91455, 3.49272]},
			"faces": {
				"north": {"uv": [7, 1, 8.62, 3.982], "texture": "#1"},
				"east": {"uv": [7, 1, 8.62, 3.982], "texture": "#1"},
				"south": {"uv": [7, 1, 8.62, 3.982], "texture": "#1"},
				"west": {"uv": [7, 1, 8.62, 3.982], "texture": "#1"},
				"up": {"uv": [7, 1, 8.62, 3.982], "texture": "#1"},
				"down": {"uv": [7, 1, 8.62, 3.982], "texture": "#1"}
			}
		},
		{
			"from": [7, 5.79182, 1.85284],
			"to": [8, 5.94748, 2.41982],
			"rotation": {"angle": 22.5, "axis": "x", "origin": [7.5, 5.97493, 0.65498]},
			"faces": {
				"north": {"uv": [7, 1, 8.62, 3.982], "rotation": 180, "texture": "#1"},
				"east": {"uv": [7, 1, 8.62, 3.982], "rotation": 180, "texture": "#1"},
				"south": {"uv": [7, 1, 8.62, 3.982], "rotation": 180, "texture": "#1"},
				"west": {"uv": [7, 1, 8.62, 3.982], "rotation": 180, "texture": "#1"},
				"up": {"uv": [7, 1, 8.62, 3.982], "rotation": 180, "texture": "#1"},
				"down": {"uv": [7, 1, 8.62, 3.982], "rotation": 180, "texture": "#1"}
			}
		},
		{
			"from": [7.25, 6.97512, 2.34298],
			"to": [7.75, 7.13078, 2.90996],
			"rotation": {"angle": 22.5, "axis": "x", "origin": [7.5, 5.97493, 0.65498]},
			"faces": {
				"north": {"uv": [7, 1, 8.62, 3.982], "rotation": 180, "texture": "#1"},
				"east": {"uv": [7, 1, 8.62, 3.982], "rotation": 180, "texture": "#1"},
				"south": {"uv": [7, 1, 8.62, 3.982], "rotation": 180, "texture": "#1"},
				"west": {"uv": [7, 1, 8.62, 3.982], "rotation": 180, "texture": "#1"},
				"up": {"uv": [7, 1, 8.62, 3.982], "rotation": 180, "texture": "#1"},
				"down": {"uv": [7, 1, 8.62, 3.982], "rotation": 180, "texture": "#1"}
			}
		},
		{
			"from": [7, 5.11219, 2.24319],
			"to": [8, 5.26785, 3.89696],
			"rotation": {"angle": 0, "axis": "x", "origin": [7.5, 5.67304, 0.95687]},
			"faces": {
				"north": {"uv": [7, 1, 8.62, 3.982], "rotation": 180, "texture": "#1"},
				"east": {"uv": [7, 1, 8.62, 3.982], "rotation": 180, "texture": "#1"},
				"south": {"uv": [7, 1, 8.62, 3.982], "rotation": 180, "texture": "#1"},
				"west": {"uv": [7, 1, 8.62, 3.982], "rotation": 180, "texture": "#1"},
				"up": {"uv": [7, 1, 8.62, 3.982], "rotation": 180, "texture": "#1"},
				"down": {"uv": [7, 1, 8.62, 3.982], "rotation": 180, "texture": "#1"}
			}
		},
		{
			"from": [6.5, 9.73672, 2.14696],
			"to": [8, 9.88106, 2.64413],
			"rotation": {"angle": 0, "axis": "x", "origin": [7.5, 5.94474, 11.72385]},
			"faces": {
				"north": {"uv": [7, 1, 8.62, 3.982], "texture": "#1"},
				"east": {"uv": [7, 1, 8.62, 3.982], "texture": "#1"},
				"south": {"uv": [7, 1, 8.62, 3.982], "texture": "#1"},
				"west": {"uv": [7, 1, 8.62, 3.982], "texture": "#1"},
				"up": {"uv": [7, 1, 8.62, 3.982], "texture": "#1"},
				"down": {"uv": [7, 1, 8.62, 3.982], "texture": "#1"}
			}
		},
		{
			"from": [7, 7.14049, 7.73376],
			"to": [8, 10.12257, 14.08753],
			"rotation": {"angle": 0, "axis": "x", "origin": [7.5, 5.94474, 11.72385]},
			"faces": {
				"north": {"uv": [7, 1, 8.62, 3.982], "texture": "#1"},
				"east": {"uv": [7, 1, 8.62, 3.982], "texture": "#1"},
				"south": {"uv": [7, 1, 8.62, 3.982], "texture": "#1"},
				"west": {"uv": [7, 1, 8.62, 3.982], "texture": "#1"},
				"up": {"uv": [7, 1, 8.62, 3.982], "texture": "#1"},
				"down": {"uv": [7, 1, 8.62, 3.982], "texture": "#1"}
			}
		},
		{
			"from": [7.48013, 10.64238, 25.55168],
			"to": [7.55749, 11.20936, 26.22998],
			"rotation": {"angle": 0, "axis": "z", "origin": [7.88108, 10.47304, 24.86442]},
			"faces": {
				"north": {"uv": [7, 1, 8.62, 3.982], "texture": "#1"},
				"east": {"uv": [7, 1, 8.62, 3.982], "texture": "#1"},
				"south": {"uv": [7, 1, 8.62, 3.982], "texture": "#1"},
				"west": {"uv": [7, 1, 8.62, 3.982], "texture": "#1"},
				"up": {"uv": [7, 1, 8.62, 3.982], "texture": "#1"},
				"down": {"uv": [7, 1, 8.62, 3.982], "texture": "#1"}
			}
		},
		{
			"from": [7.09264, 10.85655, 25.55168],
			"to": [7.17, 11.18202, 26.22998],
			"rotation": {"angle": 0, "axis": "z", "origin": [7.91623, 10.4457, 24.86442]},
			"faces": {
				"north": {"uv": [7, 1, 8.62, 3.982], "texture": "#1"},
				"east": {"uv": [7, 1, 8.62, 3.982], "texture": "#1"},
				"south": {"uv": [7, 1, 8.62, 3.982], "texture": "#1"},
				"west": {"uv": [7, 1, 8.62, 3.982], "texture": "#1"},
				"up": {"uv": [7, 1, 8.62, 3.982], "texture": "#1"},
				"down": {"uv": [7, 1, 8.62, 3.982], "texture": "#1"}
			}
		},
		{
			"from": [6.97408, 11.15725, 25.55168],
			"to": [7.05144, 11.30159, 26.22998],
			"rotation": {"angle": -22.5, "axis": "z", "origin": [7.09562, 10.87162, 24.86442]},
			"faces": {
				"north": {"uv": [7, 1, 8.62, 3.982], "texture": "#1"},
				"east": {"uv": [7, 1, 8.62, 3.982], "texture": "#1"},
				"south": {"uv": [7, 1, 8.62, 3.982], "texture": "#1"},
				"west": {"uv": [7, 1, 8.62, 3.982], "texture": "#1"},
				"up": {"uv": [7, 1, 8.62, 3.982], "texture": "#1"},
				"down": {"uv": [7, 1, 8.62, 3.982], "texture": "#1"}
			}
		},
		{
			"from": [7.16035, 10.42658, 25.55168],
			"to": [7.2377, 10.81243, 26.22998],
			"rotation": {"angle": 45, "axis": "z", "origin": [7.07095, 10.74759, 24.86442]},
			"faces": {
				"north": {"uv": [7, 1, 8.62, 3.982], "texture": "#1"},
				"east": {"uv": [7, 1, 8.62, 3.982], "texture": "#1"},
				"south": {"uv": [7, 1, 8.62, 3.982], "texture": "#1"},
				"west": {"uv": [7, 1, 8.62, 3.982], "texture": "#1"},
				"up": {"uv": [7, 1, 8.62, 3.982], "texture": "#1"},
				"down": {"uv": [7, 1, 8.62, 3.982], "texture": "#1"}
			}
		},
		{
			"from": [7.86762, 10.82351, 25.55168],
			"to": [7.94497, 11.20936, 26.22998],
			"rotation": {"angle": 0, "axis": "z", "origin": [15.59003, 21.53087, 47.3444]},
			"faces": {
				"north": {"uv": [7, 1, 8.62, 3.982], "texture": "#1"},
				"east": {"uv": [7, 1, 8.62, 3.982], "texture": "#1"},
				"south": {"uv": [7, 1, 8.62, 3.982], "texture": "#1"},
				"west": {"uv": [7, 1, 8.62, 3.982], "texture": "#1"},
				"up": {"uv": [7, 1, 8.62, 3.982], "texture": "#1"},
				"down": {"uv": [7, 1, 8.62, 3.982], "texture": "#1"}
			}
		},
		{
			"from": [7.93076, 11.14758, 25.55168],
			"to": [8.00812, 11.29192, 26.22998],
			"rotation": {"angle": 22.5, "axis": "z", "origin": [7.82124, 11.01973, 24.86442]},
			"faces": {
				"north": {"uv": [7, 1, 8.62, 3.982], "texture": "#1"},
				"east": {"uv": [7, 1, 8.62, 3.982], "texture": "#1"},
				"south": {"uv": [7, 1, 8.62, 3.982], "texture": "#1"},
				"west": {"uv": [7, 1, 8.62, 3.982], "texture": "#1"},
				"up": {"uv": [7, 1, 8.62, 3.982], "texture": "#1"},
				"down": {"uv": [7, 1, 8.62, 3.982], "texture": "#1"}
			}
		},
		{
			"from": [7.26384, 10.09899, 25.55168],
			"to": [7.76384, 10.72634, 26.22998],
			"rotation": {"angle": 0, "axis": "x", "origin": [7.57422, 9.99002, 17.61913]},
			"faces": {
				"north": {"uv": [7, 1, 8.62, 3.982], "texture": "#1"},
				"east": {"uv": [7, 1, 8.62, 3.982], "texture": "#1"},
				"south": {"uv": [7, 1, 8.62, 3.982], "texture": "#1"},
				"west": {"uv": [7, 1, 8.62, 3.982], "texture": "#1"},
				"up": {"uv": [7, 1, 8.62, 3.982], "texture": "#1"},
				"down": {"uv": [7, 1, 8.62, 3.982], "texture": "#1"}
			}
		},
		{
			"from": [7.43032, 10.44053, 25.55168],
			"to": [7.50768, 10.82638, 26.22998],
			"rotation": {"angle": -45, "axis": "z", "origin": [7.72516, 10.29191, 24.86442]},
			"faces": {
				"north": {"uv": [7, 1, 8.62, 3.982], "texture": "#1"},
				"east": {"uv": [7, 1, 8.62, 3.982], "texture": "#1"},
				"south": {"uv": [7, 1, 8.62, 3.982], "texture": "#1"},
				"west": {"uv": [7, 1, 8.62, 3.982], "texture": "#1"},
				"up": {"uv": [7, 1, 8.62, 3.982], "texture": "#1"},
				"down": {"uv": [7, 1, 8.62, 3.982], "texture": "#1"}
			}
		},
		{
			"from": [7.18962, 7.50276, 21.98281],
			"to": [7.87075, 8.49238, 23.92904],
			"rotation": {"angle": 0, "axis": "x", "origin": [7.5, 9.99002, 13.86913]},
			"faces": {
				"north": {"uv": [7, 1, 8.62, 3.982], "texture": "#1"},
				"east": {"uv": [7, 1, 8.62, 3.982], "texture": "#1"},
				"south": {"uv": [7, 1, 8.62, 3.982], "texture": "#1"},
				"west": {"uv": [7, 1, 8.62, 3.982], "texture": "#1"},
				"up": {"uv": [7, 1, 8.62, 3.982], "texture": "#1"},
				"down": {"uv": [7, 1, 8.62, 3.982], "texture": "#1"}
			}
		},
		{
			"from": [7.22066, 6.79674, 22.52621],
			"to": [7.78103, 7.78636, 23.32527],
			"rotation": {"angle": -22.5, "axis": "z", "origin": [7.53019, 7.99757, 21.92951]},
			"faces": {
				"north": {"uv": [7, 1, 8.62, 3.982], "texture": "#1"},
				"east": {"uv": [7, 1, 8.62, 3.982], "texture": "#1"},
				"south": {"uv": [7, 1, 8.62, 3.982], "texture": "#1"},
				"west": {"uv": [7, 1, 8.62, 3.982], "texture": "#1"},
				"up": {"uv": [7, 1, 8.62, 3.982], "texture": "#1"},
				"down": {"uv": [7, 1, 8.62, 3.982], "texture": "#1"}
			}
		},
		{
			"from": [7.14053, 0.35974, 22.52621],
			"to": [7.7009, 0.56446, 23.32527],
			"rotation": {"angle": -22.5, "axis": "z", "origin": [7.53019, 7.99757, 21.92951]},
			"faces": {
				"north": {"uv": [7, 1, 8.62, 3.982], "texture": "#1"},
				"east": {"uv": [7, 1, 8.62, 3.982], "texture": "#1"},
				"south": {"uv": [7, 1, 8.62, 3.982], "texture": "#1"},
				"west": {"uv": [7, 1, 8.62, 3.982], "texture": "#1"},
				"up": {"uv": [7, 1, 8.62, 3.982], "texture": "#1"},
				"down": {"uv": [7, 1, 8.62, 3.982], "texture": "#1"}
			}
		},
		{
			"from": [9.50861, -1.19667, 22.52621],
			"to": [10.06899, -0.99196, 23.32527],
			"rotation": {"angle": 22.5, "axis": "z", "origin": [4.54535, 1.07759, 21.89932]},
			"faces": {
				"north": {"uv": [7, 1, 8.62, 3.982], "texture": "#1"},
				"east": {"uv": [7, 1, 8.62, 3.982], "texture": "#1"},
				"south": {"uv": [7, 1, 8.62, 3.982], "texture": "#1"},
				"west": {"uv": [7, 1, 8.62, 3.982], "texture": "#1"},
				"up": {"uv": [7, 1, 8.62, 3.982], "texture": "#1"},
				"down": {"uv": [7, 1, 8.62, 3.982], "texture": "#1"}
			}
		},
		{
			"from": [7.28103, 0.45712, 22.77621],
			"to": [7.5999, 7.78636, 23.07527],
			"rotation": {"angle": -22.5, "axis": "z", "origin": [7.53019, 7.99757, 21.92951]},
			"faces": {
				"north": {"uv": [7, 1, 8.62, 3.982], "texture": "#1"},
				"east": {"uv": [7, 1, 8.62, 3.982], "texture": "#1"},
				"south": {"uv": [7, 1, 8.62, 3.982], "texture": "#1"},
				"west": {"uv": [7, 1, 8.62, 3.982], "texture": "#1"},
				"up": {"uv": [7, 1, 8.62, 3.982], "texture": "#1"},
				"down": {"uv": [7, 1, 8.62, 3.982], "texture": "#1"}
			}
		},
		{
			"from": [8.48216, -0.32258, 22.77621],
			"to": [8.80102, 7.00667, 23.07527],
			"rotation": {"angle": 22.5, "axis": "z", "origin": [5.96408, 4.45111, 21.89932]},
			"faces": {
				"north": {"uv": [7, 1, 8.62, 3.982], "texture": "#1"},
				"east": {"uv": [7, 1, 8.62, 3.982], "texture": "#1"},
				"south": {"uv": [7, 1, 8.62, 3.982], "texture": "#1"},
				"west": {"uv": [7, 1, 8.62, 3.982], "texture": "#1"},
				"up": {"uv": [7, 1, 8.62, 3.982], "texture": "#1"},
				"down": {"uv": [7, 1, 8.62, 3.982], "texture": "#1"}
			}
		},
		{
			"from": [7.40356, 6.69998, 22.52621],
			"to": [7.96393, 7.6896, 23.32527],
			"rotation": {"angle": 22.5, "axis": "z", "origin": [7.28868, 7.33342, 22.26159]},
			"faces": {
				"north": {"uv": [7, 1, 8.62, 3.982], "texture": "#1"},
				"east": {"uv": [7, 1, 8.62, 3.982], "texture": "#1"},
				"south": {"uv": [7, 1, 8.62, 3.982], "texture": "#1"},
				"west": {"uv": [7, 1, 8.62, 3.982], "texture": "#1"},
				"up": {"uv": [7, 1, 8.62, 3.982], "texture": "#1"},
				"down": {"uv": [7, 1, 8.62, 3.982], "texture": "#1"}
			}
		},
		{
			"from": [7.18962, 7.50276, 19.50734],
			"to": [7.87075, 8.49238, 20.72904],
			"rotation": {"angle": 0, "axis": "x", "origin": [7.5, 9.99002, 13.86913]},
			"faces": {
				"north": {"uv": [7, 1, 8.62, 3.982], "texture": "#1"},
				"east": {"uv": [7, 1, 8.62, 3.982], "texture": "#1"},
				"south": {"uv": [7, 1, 8.62, 3.982], "texture": "#1"},
				"west": {"uv": [7, 1, 8.62, 3.982], "texture": "#1"},
				"up": {"uv": [7, 1, 8.62, 3.982], "texture": "#1"},
				"down": {"uv": [7, 1, 8.62, 3.982], "texture": "#1"}
			}
		},
		{
			"from": [6.53618, 7.14049, 7.71953],
			"to": [7.00977, 10.12257, 10.51104],
			"rotation": {"angle": 22.5, "axis": "y", "origin": [7.13558, 8.63153, 8.167]},
			"faces": {
				"north": {"uv": [7, 1, 8.62, 3.982], "texture": "#1"},
				"east": {"uv": [7, 1, 8.62, 3.982], "texture": "#1"},
				"south": {"uv": [7, 1, 8.62, 3.982], "texture": "#1"},
				"west": {"uv": [7, 1, 8.62, 3.982], "texture": "#1"},
				"up": {"uv": [7, 1, 8.62, 3.982], "texture": "#1"},
				"down": {"uv": [7, 1, 8.62, 3.982], "texture": "#1"}
			}
		},
		{
			"from": [8.22958, 7.14049, 5.26883],
			"to": [8.64279, 10.12257, 8.06034],
			"rotation": {"angle": -22.5, "axis": "y", "origin": [7.5, 8.63153, 3.45215]},
			"faces": {
				"north": {"uv": [7, 1, 8.62, 3.982], "texture": "#1"},
				"east": {"uv": [7, 1, 8.62, 3.982], "texture": "#1"},
				"south": {"uv": [7, 1, 8.62, 3.982], "texture": "#1"},
				"west": {"uv": [7, 1, 8.62, 3.982], "texture": "#1"},
				"up": {"uv": [7, 1, 8.62, 3.982], "texture": "#1"},
				"down": {"uv": [7, 1, 8.62, 3.982], "texture": "#1"}
			}
		},
		{
			"from": [9.70242, 7.14049, 7.22282],
			"to": [10.23639, 10.12257, 10.01433],
			"rotation": {"angle": -22.5, "axis": "y", "origin": [7.5, 8.63153, 3.45215]},
			"faces": {
				"north": {"uv": [7, 1, 8.62, 3.982], "texture": "#1"},
				"east": {"uv": [7, 1, 8.62, 3.982], "texture": "#1"},
				"south": {"uv": [7, 1, 8.62, 3.982], "texture": "#1"},
				"west": {"uv": [7, 1, 8.62, 3.982], "texture": "#1"},
				"up": {"uv": [7, 1, 8.62, 3.982], "texture": "#1"},
				"down": {"uv": [7, 1, 8.62, 3.982], "texture": "#1"}
			}
		},
		{
			"from": [7.20556, 7.14049, 5.5817],
			"to": [7.61877, 10.12257, 8.37321],
			"rotation": {"angle": 22.5, "axis": "y", "origin": [7.13558, 8.63153, 5.7519]},
			"faces": {
				"north": {"uv": [7, 1, 8.62, 3.982], "texture": "#1"},
				"east": {"uv": [7, 1, 8.62, 3.982], "texture": "#1"},
				"south": {"uv": [7, 1, 8.62, 3.982], "texture": "#1"},
				"west": {"uv": [7, 1, 8.62, 3.982], "texture": "#1"},
				"up": {"uv": [7, 1, 8.62, 3.982], "texture": "#1"},
				"down": {"uv": [7, 1, 8.62, 3.982], "texture": "#1"}
			}
		},
		{
			"from": [6.75, 6.16493, -0.61723],
			"to": [8.25, 8.29229, 1.76107],
			"rotation": {"angle": -22.5, "axis": "x", "origin": [7.5, 8.11332, -1.67451]},
			"faces": {
				"north": {"uv": [7, 1, 8.62, 3.982], "texture": "#1"},
				"east": {"uv": [7, 1, 8.62, 3.982], "texture": "#1"},
				"south": {"uv": [7, 1, 8.62, 3.982], "texture": "#1"},
				"west": {"uv": [7, 1, 8.62, 3.982], "texture": "#1"},
				"up": {"uv": [7, 1, 8.62, 3.982], "texture": "#1"},
				"down": {"uv": [7, 1, 8.62, 3.982], "texture": "#1"}
			}
		},
		{
			"from": [6.75, 7.4144, -1.59775],
			"to": [8.25, 8.33421, 0.78056],
			"rotation": {"angle": -45, "axis": "x", "origin": [7.5, 9.35606, -1.34785]},
			"faces": {
				"north": {"uv": [7, 1, 8.62, 3.982], "texture": "#1"},
				"east": {"uv": [7, 1, 8.62, 3.982], "texture": "#1"},
				"south": {"uv": [7, 1, 8.62, 3.982], "texture": "#1"},
				"west": {"uv": [7, 1, 8.62, 3.982], "texture": "#1"},
				"up": {"uv": [7, 1, 8.62, 3.982], "texture": "#1"},
				"down": {"uv": [7, 1, 8.62, 3.982], "texture": "#1"}
			}
		},
		{
			"from": [7.18962, 7.56314, 17.213],
			"to": [7.87075, 8.55276, 18.4347],
			"rotation": {"angle": 0, "axis": "x", "origin": [7.5, 9.99002, 13.86913]},
			"faces": {
				"north": {"uv": [7, 1, 8.62, 3.982], "texture": "#1"},
				"east": {"uv": [7, 1, 8.62, 3.982], "texture": "#1"},
				"south": {"uv": [7, 1, 8.62, 3.982], "texture": "#1"},
				"west": {"uv": [7, 1, 8.62, 3.982], "texture": "#1"},
				"up": {"uv": [7, 1, 8.62, 3.982], "texture": "#1"},
				"down": {"uv": [7, 1, 8.62, 3.982], "texture": "#1"}
			}
		},
		{
			"from": [8.44213, 9.96776, 0.78491],
			"to": [8.79496, 10.16304, 7.20849],
			"rotation": {"angle": 22.5, "axis": "z", "origin": [8.19434, 8.68255, 3.21179]},
			"faces": {
				"north": {"uv": [7, 1, 8.62, 3.982], "texture": "#1"},
				"east": {"uv": [7, 1, 8.62, 3.982], "texture": "#1"},
				"south": {"uv": [7, 1, 8.62, 3.982], "texture": "#1"},
				"west": {"uv": [7, 1, 8.62, 3.982], "texture": "#1"},
				"up": {"uv": [7, 1, 8.62, 3.982], "texture": "#1"},
				"down": {"uv": [7, 1, 8.62, 3.982], "texture": "#1"}
			}
		},
		{
			"from": [6.41944, 9.55404, 0.78491],
			"to": [6.83265, 9.74932, 7.20849],
			"rotation": {"angle": -22.5, "axis": "z", "origin": [8.04787, 9.02152, 3.21179]},
			"faces": {
				"north": {"uv": [7, 1, 8.62, 3.982], "rotation": 180, "texture": "#1"},
				"east": {"uv": [7, 1, 8.62, 3.982], "rotation": 180, "texture": "#1"},
				"south": {"uv": [7, 1, 8.62, 3.982], "rotation": 180, "texture": "#1"},
				"west": {"uv": [7, 1, 8.62, 3.982], "rotation": 180, "texture": "#1"},
				"up": {"uv": [7, 1, 8.62, 3.982], "rotation": 180, "texture": "#1"},
				"down": {"uv": [7, 1, 8.62, 3.982], "rotation": 180, "texture": "#1"}
			}
		},
		{
			"from": [7.40443, 9.93303, 0.78491],
			"to": [7.59971, 10.22548, 7.20849],
			"rotation": {"angle": 22.5, "axis": "z", "origin": [6.83598, 8.87728, 3.21179]},
			"faces": {
				"north": {"uv": [7, 1, 8.62, 3.982], "rotation": 270, "texture": "#1"},
				"east": {"uv": [7, 1, 8.62, 3.982], "rotation": 270, "texture": "#1"},
				"south": {"uv": [7, 1, 8.62, 3.982], "rotation": 270, "texture": "#1"},
				"west": {"uv": [7, 1, 8.62, 3.982], "rotation": 270, "texture": "#1"},
				"up": {"uv": [7, 1, 8.62, 3.982], "rotation": 270, "texture": "#1"},
				"down": {"uv": [7, 1, 8.62, 3.982], "rotation": 270, "texture": "#1"}
			}
		},
		{
			"from": [7.04456, 9.87152, 0.78491],
			"to": [7.96438, 10.40548, 7.20849],
			"rotation": {"angle": 0, "axis": "z", "origin": [8.04787, 9.02152, 3.21179]},
			"faces": {
				"north": {"uv": [7, 1, 8.62, 3.982], "rotation": 270, "texture": "#1"},
				"east": {"uv": [7, 1, 8.62, 3.982], "rotation": 270, "texture": "#1"},
				"south": {"uv": [7, 1, 8.62, 3.982], "rotation": 270, "texture": "#1"},
				"west": {"uv": [7, 1, 8.62, 3.982], "rotation": 270, "texture": "#1"},
				"up": {"uv": [7, 1, 8.62, 3.982], "rotation": 270, "texture": "#1"},
				"down": {"uv": [7, 1, 8.62, 3.982], "rotation": 270, "texture": "#1"}
			}
		},
		{
			"from": [7.04456, 9.87152, 4.34717],
			"to": [7.96438, 11.00925, 7.02736],
			"rotation": {"angle": 0, "axis": "z", "origin": [8.04787, 9.02152, 3.21179]},
			"faces": {
				"north": {"uv": [7, 1, 8.62, 3.982], "rotation": 270, "texture": "#1"},
				"east": {"uv": [7, 1, 8.62, 3.982], "rotation": 270, "texture": "#1"},
				"south": {"uv": [7, 1, 8.62, 3.982], "rotation": 270, "texture": "#1"},
				"west": {"uv": [7, 1, 8.62, 3.982], "rotation": 270, "texture": "#1"},
				"up": {"uv": [7, 1, 8.62, 3.982], "rotation": 270, "texture": "#1"},
				"down": {"uv": [7, 1, 8.62, 3.982], "rotation": 270, "texture": "#1"}
			}
		},
		{
			"from": [7.82947, 9.87152, 6.70189],
			"to": [7.96438, 11.13001, 6.96698],
			"rotation": {"angle": 0, "axis": "z", "origin": [8.04787, 9.02152, 3.21179]},
			"faces": {
				"north": {"uv": [7, 1, 8.62, 3.982], "rotation": 270, "texture": "#1"},
				"east": {"uv": [7, 1, 8.62, 3.982], "rotation": 270, "texture": "#1"},
				"south": {"uv": [7, 1, 8.62, 3.982], "rotation": 270, "texture": "#1"},
				"west": {"uv": [7, 1, 8.62, 3.982], "rotation": 270, "texture": "#1"},
				"up": {"uv": [7, 1, 8.62, 3.982], "rotation": 270, "texture": "#1"},
				"down": {"uv": [7, 1, 8.62, 3.982], "rotation": 270, "texture": "#1"}
			}
		},
		{
			"from": [7.04456, 9.87152, 6.70189],
			"to": [7.17947, 11.13001, 6.96698],
			"rotation": {"angle": 0, "axis": "z", "origin": [8.04787, 9.02152, 3.21179]},
			"faces": {
				"north": {"uv": [7, 1, 8.62, 3.982], "rotation": 270, "texture": "#1"},
				"east": {"uv": [7, 1, 8.62, 3.982], "rotation": 270, "texture": "#1"},
				"south": {"uv": [7, 1, 8.62, 3.982], "rotation": 270, "texture": "#1"},
				"west": {"uv": [7, 1, 8.62, 3.982], "rotation": 270, "texture": "#1"},
				"up": {"uv": [7, 1, 8.62, 3.982], "rotation": 270, "texture": "#1"},
				"down": {"uv": [7, 1, 8.62, 3.982], "rotation": 270, "texture": "#1"}
			}
		},
		{
			"from": [6.92381, 9.87152, 3.62264],
			"to": [8.02475, 11.00925, 4.49151],
			"rotation": {"angle": 0, "axis": "z", "origin": [8.04787, 9.02152, 3.21179]},
			"faces": {
				"north": {"uv": [7, 1, 8.62, 3.982], "rotation": 270, "texture": "#1"},
				"east": {"uv": [7, 1, 8.62, 3.982], "rotation": 270, "texture": "#1"},
				"south": {"uv": [7, 1, 8.62, 3.982], "rotation": 270, "texture": "#1"},
				"west": {"uv": [7, 1, 8.62, 3.982], "rotation": 270, "texture": "#1"},
				"up": {"uv": [7, 1, 8.62, 3.982], "rotation": 270, "texture": "#1"},
				"down": {"uv": [7, 1, 8.62, 3.982], "rotation": 270, "texture": "#1"}
			}
		},
		{
			"from": [7.82947, 9.87152, 3.62264],
			"to": [8.02475, 11.43189, 4.49151],
			"rotation": {"angle": 0, "axis": "z", "origin": [8.04787, 9.02152, 3.21179]},
			"faces": {
				"north": {"uv": [7, 1, 8.62, 3.982], "rotation": 270, "texture": "#1"},
				"east": {"uv": [7, 1, 8.62, 3.982], "rotation": 270, "texture": "#1"},
				"south": {"uv": [7, 1, 8.62, 3.982], "rotation": 270, "texture": "#1"},
				"west": {"uv": [7, 1, 8.62, 3.982], "rotation": 270, "texture": "#1"},
				"up": {"uv": [7, 1, 8.62, 3.982], "rotation": 270, "texture": "#1"},
				"down": {"uv": [7, 1, 8.62, 3.982], "rotation": 270, "texture": "#1"}
			}
		},
		{
			"from": [7.55056, 9.75599, 3.62264],
			"to": [7.74585, 11.31637, 4.49151],
			"rotation": {"angle": -22.5, "axis": "z", "origin": [7.92711, 10.65171, 3.03066]},
			"faces": {
				"north": {"uv": [7, 1, 8.62, 3.982], "rotation": 270, "texture": "#1"},
				"east": {"uv": [7, 1, 8.62, 3.982], "rotation": 270, "texture": "#1"},
				"south": {"uv": [7, 1, 8.62, 3.982], "rotation": 270, "texture": "#1"},
				"west": {"uv": [7, 1, 8.62, 3.982], "rotation": 270, "texture": "#1"},
				"up": {"uv": [7, 1, 8.62, 3.982], "rotation": 270, "texture": "#1"},
				"down": {"uv": [7, 1, 8.62, 3.982], "rotation": 270, "texture": "#1"}
			}
		},
		{
			"from": [6.92381, 9.87152, 3.62264],
			"to": [7.11909, 11.43189, 4.49151],
			"rotation": {"angle": 0, "axis": "z", "origin": [8.04787, 9.02152, 3.21179]},
			"faces": {
				"north": {"uv": [7, 1, 8.62, 3.982], "rotation": 270, "texture": "#1"},
				"east": {"uv": [7, 1, 8.62, 3.982], "rotation": 270, "texture": "#1"},
				"south": {"uv": [7, 1, 8.62, 3.982], "rotation": 270, "texture": "#1"},
				"west": {"uv": [7, 1, 8.62, 3.982], "rotation": 270, "texture": "#1"},
				"up": {"uv": [7, 1, 8.62, 3.982], "rotation": 270, "texture": "#1"},
				"down": {"uv": [7, 1, 8.62, 3.982], "rotation": 270, "texture": "#1"}
			}
		},
		{
			"from": [7.20272, 9.75599, 3.62264],
			"to": [7.398, 11.31637, 4.49151],
			"rotation": {"angle": 22.5, "axis": "z", "origin": [7.02145, 10.65171, 3.03066]},
			"faces": {
				"north": {"uv": [7, 1, 8.62, 3.982], "rotation": 270, "texture": "#1"},
				"east": {"uv": [7, 1, 8.62, 3.982], "rotation": 270, "texture": "#1"},
				"south": {"uv": [7, 1, 8.62, 3.982], "rotation": 270, "texture": "#1"},
				"west": {"uv": [7, 1, 8.62, 3.982], "rotation": 270, "texture": "#1"},
				"up": {"uv": [7, 1, 8.62, 3.982], "rotation": 270, "texture": "#1"},
				"down": {"uv": [7, 1, 8.62, 3.982], "rotation": 270, "texture": "#1"}
			}
		},
		{
			"from": [7.42799, 9.77998, 0.78491],
			"to": [7.62327, 10.19318, 7.20849],
			"rotation": {"angle": -22.5, "axis": "z", "origin": [8.16862, 8.90076, 3.21179]},
			"faces": {
				"north": {"uv": [7, 1, 8.62, 3.982], "rotation": 270, "texture": "#1"},
				"east": {"uv": [7, 1, 8.62, 3.982], "rotation": 270, "texture": "#1"},
				"south": {"uv": [7, 1, 8.62, 3.982], "rotation": 270, "texture": "#1"},
				"west": {"uv": [7, 1, 8.62, 3.982], "rotation": 270, "texture": "#1"},
				"up": {"uv": [7, 1, 8.62, 3.982], "rotation": 270, "texture": "#1"},
				"down": {"uv": [7, 1, 8.62, 3.982], "rotation": 270, "texture": "#1"}
			}
		},
		{
			"from": [6.75, 9.76226, 0.78491],
			"to": [8.25, 10.13868, 7.20849],
			"faces": {
				"north": {"uv": [7, 1, 8.62, 3.982], "texture": "#1"},
				"east": {"uv": [7, 1, 8.62, 3.982], "texture": "#1"},
				"south": {"uv": [7, 1, 8.62, 3.982], "texture": "#1"},
				"west": {"uv": [7, 1, 8.62, 3.982], "texture": "#1"},
				"up": {"uv": [7, 1, 8.62, 3.982], "texture": "#1"},
				"down": {"uv": [7, 1, 8.62, 3.982], "texture": "#1"}
			}
		},
		{
			"from": [8.13868, 9.76226, 0.78491],
			"to": [8.25, 10.13868, 7.20849],
			"faces": {
				"north": {"uv": [7, 1, 8.62, 3.982], "texture": "#1"},
				"east": {"uv": [7, 1, 8.62, 3.982], "texture": "#1"},
				"south": {"uv": [7, 1, 8.62, 3.982], "texture": "#1"},
				"west": {"uv": [7, 1, 8.62, 3.982], "texture": "#1"},
				"up": {"uv": [7, 1, 8.62, 3.982], "texture": "#1"},
				"down": {"uv": [7, 1, 8.62, 3.982], "texture": "#1"}
			}
		},
		{
			"from": [6.75, 6.71785, -0.81153],
			"to": [8.25, 8.91502, 0.04791],
			"rotation": {"angle": 0, "axis": "x", "origin": [7.5, 5.94474, 11.72385]},
			"faces": {
				"north": {"uv": [7, 1, 8.62, 3.982], "texture": "#1"},
				"east": {"uv": [7, 1, 8.62, 3.982], "texture": "#1"},
				"south": {"uv": [7, 1, 8.62, 3.982], "texture": "#1"},
				"west": {"uv": [7, 1, 8.62, 3.982], "texture": "#1"},
				"up": {"uv": [7, 1, 8.62, 3.982], "texture": "#1"},
				"down": {"uv": [7, 1, 8.62, 3.982], "texture": "#1"}
			}
		},
		{
			"name": "hexadecagon",
			"from": [6.7064, 10.07811, 7.28566],
			"to": [8.49662, 11.07811, 16.28566],
			"rotation": {"angle": -45, "axis": "y", "origin": [7.60151, 10.57811, 11.78566]},
			"faces": {
				"north": {"uv": [0, 0, 1, 1], "texture": "#1"},
				"east": {"uv": [0, 0, 1, 1], "texture": "#1"},
				"south": {"uv": [0, 0, 1, 1], "texture": "#1"},
				"west": {"uv": [0, 0, 1, 1], "texture": "#1"},
				"up": {"uv": [0, 0, 1, 1], "texture": "#1"},
				"down": {"uv": [0, 0, 1, 1], "texture": "#1"}
			}
		},
		{
			"name": "hexadecagon",
			"from": [6.7064, 10.07811, 7.28566],
			"to": [8.49662, 11.07811, 16.28566],
			"rotation": {"angle": -22.5, "axis": "y", "origin": [7.60151, 10.57811, 11.78566]},
			"faces": {
				"north": {"uv": [0, 0, 1, 1], "texture": "#1"},
				"east": {"uv": [0, 0, 1, 1], "texture": "#1"},
				"south": {"uv": [0, 0, 1, 1], "texture": "#1"},
				"west": {"uv": [0, 0, 1, 1], "texture": "#1"},
				"up": {"uv": [0, 0, 1, 1], "texture": "#1"},
				"down": {"uv": [0, 0, 1, 1], "texture": "#1"}
			}
		},
		{
			"name": "hexadecagon",
			"from": [6.7064, 10.07811, 7.28566],
			"to": [8.49662, 11.07811, 16.28566],
			"rotation": {"angle": 0, "axis": "y", "origin": [7.60151, 10.57811, 11.78566]},
			"faces": {
				"north": {"uv": [0, 0, 1, 1], "texture": "#1"},
				"east": {"uv": [0, 0, 1, 1], "texture": "#1"},
				"south": {"uv": [0, 0, 1, 1], "texture": "#1"},
				"west": {"uv": [0, 0, 1, 1], "texture": "#1"},
				"up": {"uv": [0, 0, 1, 1], "texture": "#1"},
				"down": {"uv": [0, 0, 1, 1], "texture": "#1"}
			}
		},
		{
			"name": "hexadecagon",
			"from": [6.7064, 10.07811, 7.28566],
			"to": [8.49662, 11.07811, 16.28566],
			"rotation": {"angle": 22.5, "axis": "y", "origin": [7.60151, 10.57811, 11.78566]},
			"faces": {
				"north": {"uv": [0, 0, 1, 1], "texture": "#1"},
				"east": {"uv": [0, 0, 1, 1], "texture": "#1"},
				"south": {"uv": [0, 0, 1, 1], "texture": "#1"},
				"west": {"uv": [0, 0, 1, 1], "texture": "#1"},
				"up": {"uv": [0, 0, 1, 1], "texture": "#1"},
				"down": {"uv": [0, 0, 1, 1], "texture": "#1"}
			}
		},
		{
			"name": "hexadecagon",
			"from": [6.7064, 10.07811, 7.28566],
			"to": [8.49662, 11.07811, 16.28566],
			"rotation": {"angle": 45, "axis": "y", "origin": [7.60151, 10.57811, 11.78566]},
			"faces": {
				"north": {"uv": [0, 0, 1, 1], "texture": "#1"},
				"east": {"uv": [0, 0, 1, 1], "texture": "#1"},
				"south": {"uv": [0, 0, 1, 1], "texture": "#1"},
				"west": {"uv": [0, 0, 1, 1], "texture": "#1"},
				"up": {"uv": [0, 0, 1, 1], "texture": "#1"},
				"down": {"uv": [0, 0, 1, 1], "texture": "#1"}
			}
		},
		{
			"name": "hexadecagon",
			"from": [3.10151, 10.07811, 10.89055],
			"to": [12.10151, 11.07811, 12.68077],
			"rotation": {"angle": -22.5, "axis": "y", "origin": [7.60151, 10.57811, 11.78566]},
			"faces": {
				"north": {"uv": [0, 0, 1, 1], "texture": "#1"},
				"east": {"uv": [0, 0, 1, 1], "texture": "#1"},
				"south": {"uv": [0, 0, 1, 1], "texture": "#1"},
				"west": {"uv": [0, 0, 1, 1], "texture": "#1"},
				"up": {"uv": [0, 0, 1, 1], "texture": "#1"},
				"down": {"uv": [0, 0, 1, 1], "texture": "#1"}
			}
		},
		{
			"name": "hexadecagon",
			"from": [3.10151, 10.07811, 10.89055],
			"to": [12.10151, 11.07811, 12.68077],
			"rotation": {"angle": 0, "axis": "y", "origin": [7.60151, 10.57811, 11.78566]},
			"faces": {
				"north": {"uv": [0, 0, 1, 1], "texture": "#1"},
				"east": {"uv": [0, 0, 1, 1], "texture": "#1"},
				"south": {"uv": [0, 0, 1, 1], "texture": "#1"},
				"west": {"uv": [0, 0, 1, 1], "texture": "#1"},
				"up": {"uv": [0, 0, 1, 1], "texture": "#1"},
				"down": {"uv": [0, 0, 1, 1], "texture": "#1"}
			}
		},
		{
			"name": "hexadecagon",
			"from": [3.10151, 10.07811, 10.89055],
			"to": [12.10151, 11.07811, 12.68077],
			"rotation": {"angle": 22.5, "axis": "y", "origin": [7.60151, 10.57811, 11.78566]},
			"faces": {
				"north": {"uv": [0, 0, 1, 1], "texture": "#1"},
				"east": {"uv": [0, 0, 1, 1], "texture": "#1"},
				"south": {"uv": [0, 0, 1, 1], "texture": "#1"},
				"west": {"uv": [0, 0, 1, 1], "texture": "#1"},
				"up": {"uv": [0, 0, 1, 1], "texture": "#1"},
				"down": {"uv": [0, 0, 1, 1], "texture": "#1"}
			}
		},
		{
			"name": "hexadecagon",
			"from": [7.44778, 8.67031, 13.80078],
			"to": [7.60691, 9.47031, 32],
			"rotation": {"angle": -45, "axis": "z", "origin": [7.52734, 9.07031, 24]},
			"faces": {
				"north": {"uv": [1, 0, 2, 3], "texture": "#1"},
				"east": {"uv": [1, 0, 2, 3], "texture": "#1"},
				"south": {"uv": [1, 0, 2, 3], "texture": "#1"},
				"west": {"uv": [1, 0, 2, 3], "texture": "#1"},
				"up": {"uv": [1, 0, 2, 3], "texture": "#1"},
				"down": {"uv": [1, 0, 2, 3], "texture": "#1"}
			}
		},
		{
			"name": "hexadecagon",
			"from": [7.44778, 8.67031, 13.80078],
			"to": [7.60691, 9.47031, 32],
			"rotation": {"angle": -22.5, "axis": "z", "origin": [7.52734, 9.07031, 24]},
			"faces": {
				"north": {"uv": [1, 0, 2, 3], "texture": "#1"},
				"east": {"uv": [1, 0, 2, 3], "texture": "#1"},
				"south": {"uv": [1, 0, 2, 3], "texture": "#1"},
				"west": {"uv": [1, 0, 2, 3], "texture": "#1"},
				"up": {"uv": [1, 0, 2, 3], "texture": "#1"},
				"down": {"uv": [1, 0, 2, 3], "texture": "#1"}
			}
		},
		{
			"name": "hexadecagon",
			"from": [7.44778, 8.67031, 13.80078],
			"to": [7.60691, 9.47031, 32],
			"rotation": {"angle": 0, "axis": "z", "origin": [7.52734, 9.07031, 24]},
			"faces": {
				"north": {"uv": [1, 0, 2, 3], "texture": "#1"},
				"east": {"uv": [1, 0, 2, 3], "texture": "#1"},
				"south": {"uv": [1, 0, 2, 3], "texture": "#1"},
				"west": {"uv": [1, 0, 2, 3], "texture": "#1"},
				"up": {"uv": [1, 0, 2, 3], "texture": "#1"},
				"down": {"uv": [1, 0, 2, 3], "texture": "#1"}
			}
		},
		{
			"name": "hexadecagon",
			"from": [7.44778, 8.67031, 13.80078],
			"to": [7.60691, 9.47031, 32],
			"rotation": {"angle": 22.5, "axis": "z", "origin": [7.52734, 9.07031, 24]},
			"faces": {
				"north": {"uv": [1, 0, 2, 3], "texture": "#1"},
				"east": {"uv": [1, 0, 2, 3], "texture": "#1"},
				"south": {"uv": [1, 0, 2, 3], "texture": "#1"},
				"west": {"uv": [1, 0, 2, 3], "texture": "#1"},
				"up": {"uv": [1, 0, 2, 3], "texture": "#1"},
				"down": {"uv": [1, 0, 2, 3], "texture": "#1"}
			}
		},
		{
			"name": "hexadecagon",
			"from": [7.44778, 8.67031, 13.80078],
			"to": [7.60691, 9.47031, 32],
			"rotation": {"angle": 45, "axis": "z", "origin": [7.52734, 9.07031, 24]},
			"faces": {
				"north": {"uv": [1, 0, 2, 3], "texture": "#1"},
				"east": {"uv": [1, 0, 2, 3], "texture": "#1"},
				"south": {"uv": [1, 0, 2, 3], "texture": "#1"},
				"west": {"uv": [1, 0, 2, 3], "texture": "#1"},
				"up": {"uv": [1, 0, 2, 3], "texture": "#1"},
				"down": {"uv": [1, 0, 2, 3], "texture": "#1"}
			}
		},
		{
			"name": "hexadecagon",
			"from": [7.12734, 8.99075, 13.80078],
			"to": [7.92734, 9.14988, 32],
			"rotation": {"angle": -22.5, "axis": "z", "origin": [7.52734, 9.07031, 24]},
			"faces": {
				"north": {"uv": [1, 0, 2, 3], "texture": "#1"},
				"east": {"uv": [1, 0, 2, 3], "texture": "#1"},
				"south": {"uv": [1, 0, 2, 3], "texture": "#1"},
				"west": {"uv": [1, 0, 2, 3], "texture": "#1"},
				"up": {"uv": [1, 0, 2, 3], "texture": "#1"},
				"down": {"uv": [1, 0, 2, 3], "texture": "#1"}
			}
		},
		{
			"name": "hexadecagon",
			"from": [7.12734, 8.99075, 13.80078],
			"to": [7.92734, 9.14988, 32],
			"rotation": {"angle": 0, "axis": "z", "origin": [7.52734, 9.07031, 24]},
			"faces": {
				"north": {"uv": [1, 0, 2, 3], "texture": "#1"},
				"east": {"uv": [1, 0, 2, 3], "texture": "#1"},
				"south": {"uv": [1, 0, 2, 3], "texture": "#1"},
				"west": {"uv": [1, 0, 2, 3], "texture": "#1"},
				"up": {"uv": [1, 0, 2, 3], "texture": "#1"},
				"down": {"uv": [1, 0, 2, 3], "texture": "#1"}
			}
		},
		{
			"name": "hexadecagon",
			"from": [7.12734, 8.99075, 13.80078],
			"to": [7.92734, 9.14988, 32],
			"rotation": {"angle": 22.5, "axis": "z", "origin": [7.52734, 9.07031, 24]},
			"faces": {
				"north": {"uv": [1, 0, 2, 3], "texture": "#1"},
				"east": {"uv": [1, 0, 2, 3], "texture": "#1"},
				"south": {"uv": [1, 0, 2, 3], "texture": "#1"},
				"west": {"uv": [1, 0, 2, 3], "texture": "#1"},
				"up": {"uv": [1, 0, 2, 3], "texture": "#1"},
				"down": {"uv": [1, 0, 2, 3], "texture": "#1"}
			}
		},
		{
			"name": "octagon",
			"from": [7.18934, 8.1875, 13.75],
			"to": [7.81066, 8.4375, 26.5],
			"rotation": {"angle": 45, "axis": "z", "origin": [7.5, 8.9375, 22.5]},
			"faces": {
				"north": {"uv": [6, 2, 9, 5], "texture": "#1"},
				"east": {"uv": [6, 2, 9, 5], "texture": "#1"},
				"south": {"uv": [6, 2, 9, 5], "texture": "#1"},
				"west": {"uv": [6, 2, 9, 5], "texture": "#1"},
				"up": {"uv": [6, 2, 9, 5], "texture": "#1"},
				"down": {"uv": [6, 2, 9, 5], "texture": "#1"}
			}
		},
		{
			"name": "octagon",
			"from": [7.18934, 8.1875, 26.25],
			"to": [7.81066, 9.1875, 26.5],
			"rotation": {"angle": 45, "axis": "z", "origin": [7.5, 8.9375, 22.5]},
			"faces": {
				"north": {"uv": [6, 2, 9, 5], "texture": "#1"},
				"east": {"uv": [6, 2, 9, 5], "texture": "#1"},
				"south": {"uv": [6, 2, 9, 5], "texture": "#1"},
				"west": {"uv": [6, 2, 9, 5], "texture": "#1"},
				"up": {"uv": [6, 2, 9, 5], "texture": "#1"},
				"down": {"uv": [6, 2, 9, 5], "texture": "#1"}
			}
		},
		{
			"name": "octagon",
			"from": [7.18934, 10, 21.5],
			"to": [7.81066, 10.25, 26.5],
			"rotation": {"angle": 45, "axis": "z", "origin": [7.5, 9.5, 22.5]},
			"faces": {
				"north": {"uv": [6, 2, 9, 5], "texture": "#1"},
				"east": {"uv": [6, 2, 9, 5], "texture": "#1"},
				"south": {"uv": [6, 2, 9, 5], "texture": "#1"},
				"west": {"uv": [6, 2, 9, 5], "texture": "#1"},
				"up": {"uv": [6, 2, 9, 5], "texture": "#1"},
				"down": {"uv": [6, 2, 9, 5], "texture": "#1"}
			}
		},
		{
			"name": "octagon",
			"from": [7.18934, 8.75, 26.25],
			"to": [7.81066, 10.25, 26.5],
			"rotation": {"angle": 45, "axis": "z", "origin": [7.5, 9.5, 22.5]},
			"faces": {
				"north": {"uv": [6, 2, 9, 5], "texture": "#1"},
				"east": {"uv": [6, 2, 9, 5], "texture": "#1"},
				"south": {"uv": [6, 2, 9, 5], "texture": "#1"},
				"west": {"uv": [6, 2, 9, 5], "texture": "#1"},
				"up": {"uv": [6, 2, 9, 5], "texture": "#1"},
				"down": {"uv": [6, 2, 9, 5], "texture": "#1"}
			}
		},
		{
			"name": "octagon",
			"from": [7.18934, 10, 16.75],
			"to": [7.81066, 10.25, 17.25],
			"rotation": {"angle": 45, "axis": "z", "origin": [7.5, 9.5, 17.75]},
			"faces": {
				"north": {"uv": [6, 2, 9, 5], "texture": "#1"},
				"east": {"uv": [6, 2, 9, 5], "texture": "#1"},
				"south": {"uv": [6, 2, 9, 5], "texture": "#1"},
				"west": {"uv": [6, 2, 9, 5], "texture": "#1"},
				"up": {"uv": [6, 2, 9, 5], "texture": "#1"},
				"down": {"uv": [6, 2, 9, 5], "texture": "#1"}
			}
		},
		{
			"name": "octagon",
			"from": [7.18934, 10, 17.75],
			"to": [7.81066, 10.25, 18.25],
			"rotation": {"angle": 45, "axis": "z", "origin": [7.5, 9.5, 18.75]},
			"faces": {
				"north": {"uv": [6, 2, 9, 5], "texture": "#1"},
				"east": {"uv": [6, 2, 9, 5], "texture": "#1"},
				"south": {"uv": [6, 2, 9, 5], "texture": "#1"},
				"west": {"uv": [6, 2, 9, 5], "texture": "#1"},
				"up": {"uv": [6, 2, 9, 5], "texture": "#1"},
				"down": {"uv": [6, 2, 9, 5], "texture": "#1"}
			}
		},
		{
			"name": "octagon",
			"from": [7.18934, 10, 18.75],
			"to": [7.81066, 10.25, 19.25],
			"rotation": {"angle": 45, "axis": "z", "origin": [7.5, 9.5, 19.75]},
			"faces": {
				"north": {"uv": [6, 2, 9, 5], "texture": "#1"},
				"east": {"uv": [6, 2, 9, 5], "texture": "#1"},
				"south": {"uv": [6, 2, 9, 5], "texture": "#1"},
				"west": {"uv": [6, 2, 9, 5], "texture": "#1"},
				"up": {"uv": [6, 2, 9, 5], "texture": "#1"},
				"down": {"uv": [6, 2, 9, 5], "texture": "#1"}
			}
		},
		{
			"name": "octagon",
			"from": [7.18934, 10, 19.75],
			"to": [7.81066, 10.25, 20.25],
			"rotation": {"angle": 45, "axis": "z", "origin": [7.5, 9.5, 20.75]},
			"faces": {
				"north": {"uv": [6, 2, 9, 5], "texture": "#1"},
				"east": {"uv": [6, 2, 9, 5], "texture": "#1"},
				"south": {"uv": [6, 2, 9, 5], "texture": "#1"},
				"west": {"uv": [6, 2, 9, 5], "texture": "#1"},
				"up": {"uv": [6, 2, 9, 5], "texture": "#1"},
				"down": {"uv": [6, 2, 9, 5], "texture": "#1"}
			}
		},
		{
			"name": "octagon",
			"from": [7.18934, 10, 20.75],
			"to": [7.81066, 10.25, 21.25],
			"rotation": {"angle": 45, "axis": "z", "origin": [7.5, 9.5, 21.75]},
			"faces": {
				"north": {"uv": [6, 2, 9, 5], "texture": "#1"},
				"east": {"uv": [6, 2, 9, 5], "texture": "#1"},
				"south": {"uv": [6, 2, 9, 5], "texture": "#1"},
				"west": {"uv": [6, 2, 9, 5], "texture": "#1"},
				"up": {"uv": [6, 2, 9, 5], "texture": "#1"},
				"down": {"uv": [6, 2, 9, 5], "texture": "#1"}
			}
		},
		{
			"name": "octagon",
			"from": [7.18934, 10, 16.25],
			"to": [7.31066, 10.25, 21.75],
			"rotation": {"angle": 45, "axis": "z", "origin": [7.5, 9.5, 21.75]},
			"faces": {
				"north": {"uv": [6, 2, 9, 5], "texture": "#1"},
				"east": {"uv": [6, 2, 9, 5], "texture": "#1"},
				"south": {"uv": [6, 2, 9, 5], "texture": "#1"},
				"west": {"uv": [6, 2, 9, 5], "texture": "#1"},
				"up": {"uv": [6, 2, 9, 5], "texture": "#1"},
				"down": {"uv": [6, 2, 9, 5], "texture": "#1"}
			}
		},
		{
			"name": "octagon",
			"from": [7.68934, 10, 16.25],
			"to": [7.81066, 10.25, 21.75],
			"rotation": {"angle": 45, "axis": "z", "origin": [7.5, 9.5, 21.75]},
			"faces": {
				"north": {"uv": [6, 2, 9, 5], "texture": "#1"},
				"east": {"uv": [6, 2, 9, 5], "texture": "#1"},
				"south": {"uv": [6, 2, 9, 5], "texture": "#1"},
				"west": {"uv": [6, 2, 9, 5], "texture": "#1"},
				"up": {"uv": [6, 2, 9, 5], "texture": "#1"},
				"down": {"uv": [6, 2, 9, 5], "texture": "#1"}
			}
		},
		{
			"name": "octagon",
			"from": [7.18934, 10, 13.75],
			"to": [7.81066, 10.25, 16.5],
			"rotation": {"angle": 45, "axis": "z", "origin": [7.5, 9.5, 22.5]},
			"faces": {
				"north": {"uv": [6, 2, 9, 5], "texture": "#1"},
				"east": {"uv": [6, 2, 9, 5], "texture": "#1"},
				"south": {"uv": [6, 2, 9, 5], "texture": "#1"},
				"west": {"uv": [6, 2, 9, 5], "texture": "#1"},
				"up": {"uv": [6, 2, 9, 5], "texture": "#1"},
				"down": {"uv": [6, 2, 9, 5], "texture": "#1"}
			}
		},
		{
			"name": "octagon",
			"from": [7.18934, 8.1875, 13.75],
			"to": [7.81066, 8.4375, 26.5],
			"rotation": {"angle": 0, "axis": "z", "origin": [7.5, 8.9375, 22.5]},
			"faces": {
				"north": {"uv": [6, 2, 9, 5], "texture": "#1"},
				"east": {"uv": [6, 2, 9, 5], "texture": "#1"},
				"south": {"uv": [6, 2, 9, 5], "texture": "#1"},
				"west": {"uv": [6, 2, 9, 5], "texture": "#1"},
				"up": {"uv": [6, 2, 9, 5], "texture": "#1"},
				"down": {"uv": [6, 2, 9, 5], "texture": "#1"}
			}
		},
		{
			"name": "octagon",
			"from": [7.18934, 10, 13.75],
			"to": [7.81066, 10.25, 26.5],
			"rotation": {"angle": 0, "axis": "z", "origin": [7.5, 9.5, 22.5]},
			"faces": {
				"north": {"uv": [6, 2, 9, 5], "texture": "#1"},
				"east": {"uv": [6, 2, 9, 5], "texture": "#1"},
				"south": {"uv": [6, 2, 9, 5], "texture": "#1"},
				"west": {"uv": [6, 2, 9, 5], "texture": "#1"},
				"up": {"uv": [6, 2, 9, 5], "texture": "#1"},
				"down": {"uv": [6, 2, 9, 5], "texture": "#1"}
			}
		},
		{
			"name": "octagon",
			"from": [7.18934, 8.25, 26.25],
			"to": [7.81066, 10.25, 26.5],
			"rotation": {"angle": 0, "axis": "z", "origin": [7.5, 9.5, 22.5]},
			"faces": {
				"north": {"uv": [6, 2, 9, 5], "texture": "#1"},
				"east": {"uv": [6, 2, 9, 5], "texture": "#1"},
				"south": {"uv": [6, 2, 9, 5], "texture": "#1"},
				"west": {"uv": [6, 2, 9, 5], "texture": "#1"},
				"up": {"uv": [6, 2, 9, 5], "texture": "#1"},
				"down": {"uv": [6, 2, 9, 5], "texture": "#1"}
			}
		},
		{
			"name": "octagon",
			"from": [8, 9.18934, 21.5],
			"to": [8.25, 9.81066, 26.5],
			"rotation": {"angle": 45, "axis": "z", "origin": [7.5, 9.5, 22.5]},
			"faces": {
				"north": {"uv": [6, 2, 9, 5], "texture": "#1"},
				"east": {"uv": [6, 2, 9, 5], "texture": "#1"},
				"south": {"uv": [6, 2, 9, 5], "texture": "#1"},
				"west": {"uv": [6, 2, 9, 5], "texture": "#1"},
				"up": {"uv": [6, 2, 9, 5], "texture": "#1"},
				"down": {"uv": [6, 2, 9, 5], "texture": "#1"}
			}
		},
		{
			"name": "octagon",
			"from": [7, 9.18934, 26.25],
			"to": [8.25, 9.81066, 26.5],
			"rotation": {"angle": 45, "axis": "z", "origin": [7.5, 9.5, 22.5]},
			"faces": {
				"north": {"uv": [6, 2, 9, 5], "texture": "#1"},
				"east": {"uv": [6, 2, 9, 5], "texture": "#1"},
				"south": {"uv": [6, 2, 9, 5], "texture": "#1"},
				"west": {"uv": [6, 2, 9, 5], "texture": "#1"},
				"up": {"uv": [6, 2, 9, 5], "texture": "#1"},
				"down": {"uv": [6, 2, 9, 5], "texture": "#1"}
			}
		},
		{
			"name": "octagon",
			"from": [8, 9.18934, 16.75],
			"to": [8.25, 9.81066, 17.25],
			"rotation": {"angle": 45, "axis": "z", "origin": [7.5, 9.5, 17.75]},
			"faces": {
				"north": {"uv": [6, 2, 9, 5], "texture": "#1"},
				"east": {"uv": [6, 2, 9, 5], "texture": "#1"},
				"south": {"uv": [6, 2, 9, 5], "texture": "#1"},
				"west": {"uv": [6, 2, 9, 5], "texture": "#1"},
				"up": {"uv": [6, 2, 9, 5], "texture": "#1"},
				"down": {"uv": [6, 2, 9, 5], "texture": "#1"}
			}
		},
		{
			"name": "octagon",
			"from": [8, 9.18934, 17.75],
			"to": [8.25, 9.81066, 18.25],
			"rotation": {"angle": 45, "axis": "z", "origin": [7.5, 9.5, 18.75]},
			"faces": {
				"north": {"uv": [6, 2, 9, 5], "texture": "#1"},
				"east": {"uv": [6, 2, 9, 5], "texture": "#1"},
				"south": {"uv": [6, 2, 9, 5], "texture": "#1"},
				"west": {"uv": [6, 2, 9, 5], "texture": "#1"},
				"up": {"uv": [6, 2, 9, 5], "texture": "#1"},
				"down": {"uv": [6, 2, 9, 5], "texture": "#1"}
			}
		},
		{
			"name": "octagon",
			"from": [8, 9.18934, 18.75],
			"to": [8.25, 9.81066, 19.25],
			"rotation": {"angle": 45, "axis": "z", "origin": [7.5, 9.5, 19.75]},
			"faces": {
				"north": {"uv": [6, 2, 9, 5], "texture": "#1"},
				"east": {"uv": [6, 2, 9, 5], "texture": "#1"},
				"south": {"uv": [6, 2, 9, 5], "texture": "#1"},
				"west": {"uv": [6, 2, 9, 5], "texture": "#1"},
				"up": {"uv": [6, 2, 9, 5], "texture": "#1"},
				"down": {"uv": [6, 2, 9, 5], "texture": "#1"}
			}
		},
		{
			"name": "octagon",
			"from": [8, 9.18934, 19.75],
			"to": [8.25, 9.81066, 20.25],
			"rotation": {"angle": 45, "axis": "z", "origin": [7.5, 9.5, 20.75]},
			"faces": {
				"north": {"uv": [6, 2, 9, 5], "texture": "#1"},
				"east": {"uv": [6, 2, 9, 5], "texture": "#1"},
				"south": {"uv": [6, 2, 9, 5], "texture": "#1"},
				"west": {"uv": [6, 2, 9, 5], "texture": "#1"},
				"up": {"uv": [6, 2, 9, 5], "texture": "#1"},
				"down": {"uv": [6, 2, 9, 5], "texture": "#1"}
			}
		},
		{
			"name": "octagon",
			"from": [8, 9.18934, 20.75],
			"to": [8.25, 9.81066, 21.25],
			"rotation": {"angle": 45, "axis": "z", "origin": [7.5, 9.5, 21.75]},
			"faces": {
				"north": {"uv": [6, 2, 9, 5], "texture": "#1"},
				"east": {"uv": [6, 2, 9, 5], "texture": "#1"},
				"south": {"uv": [6, 2, 9, 5], "texture": "#1"},
				"west": {"uv": [6, 2, 9, 5], "texture": "#1"},
				"up": {"uv": [6, 2, 9, 5], "texture": "#1"},
				"down": {"uv": [6, 2, 9, 5], "texture": "#1"}
			}
		},
		{
			"name": "octagon",
			"from": [8, 9.18934, 16],
			"to": [8.25, 9.31066, 21.75],
			"rotation": {"angle": 45, "axis": "z", "origin": [7.5, 9.5, 21.75]},
			"faces": {
				"north": {"uv": [6, 2, 9, 5], "texture": "#1"},
				"east": {"uv": [6, 2, 9, 5], "texture": "#1"},
				"south": {"uv": [6, 2, 9, 5], "texture": "#1"},
				"west": {"uv": [6, 2, 9, 5], "texture": "#1"},
				"up": {"uv": [6, 2, 9, 5], "texture": "#1"},
				"down": {"uv": [6, 2, 9, 5], "texture": "#1"}
			}
		},
		{
			"name": "octagon",
			"from": [8, 9.68934, 16.25],
			"to": [8.25, 9.81066, 21.75],
			"rotation": {"angle": 45, "axis": "z", "origin": [7.5, 9.5, 21.75]},
			"faces": {
				"north": {"uv": [6, 2, 9, 5], "texture": "#1"},
				"east": {"uv": [6, 2, 9, 5], "texture": "#1"},
				"south": {"uv": [6, 2, 9, 5], "texture": "#1"},
				"west": {"uv": [6, 2, 9, 5], "texture": "#1"},
				"up": {"uv": [6, 2, 9, 5], "texture": "#1"},
				"down": {"uv": [6, 2, 9, 5], "texture": "#1"}
			}
		},
		{
			"name": "octagon",
			"from": [8, 9.18934, 13.75],
			"to": [8.25, 9.81066, 16.5],
			"rotation": {"angle": 45, "axis": "z", "origin": [7.5, 9.5, 22.5]},
			"faces": {
				"north": {"uv": [6, 2, 9, 5], "texture": "#1"},
				"east": {"uv": [6, 2, 9, 5], "texture": "#1"},
				"south": {"uv": [6, 2, 9, 5], "texture": "#1"},
				"west": {"uv": [6, 2, 9, 5], "texture": "#1"},
				"up": {"uv": [6, 2, 9, 5], "texture": "#1"},
				"down": {"uv": [6, 2, 9, 5], "texture": "#1"}
			}
		},
		{
			"name": "octagon",
			"from": [6.75, 8.62684, 13.75],
			"to": [7, 9.24816, 26.5],
			"rotation": {"angle": 45, "axis": "z", "origin": [7.5, 8.9375, 22.5]},
			"faces": {
				"north": {"uv": [6, 2, 9, 5], "texture": "#1"},
				"east": {"uv": [6, 2, 9, 5], "texture": "#1"},
				"south": {"uv": [6, 2, 9, 5], "texture": "#1"},
				"west": {"uv": [6, 2, 9, 5], "texture": "#1"},
				"up": {"uv": [6, 2, 9, 5], "texture": "#1"},
				"down": {"uv": [6, 2, 9, 5], "texture": "#1"}
			}
		},
		{
			"name": "octagon",
			"from": [6.75, 8.62684, 26.25],
			"to": [7.75, 9.24816, 26.5],
			"rotation": {"angle": 45, "axis": "z", "origin": [7.5, 8.9375, 22.5]},
			"faces": {
				"north": {"uv": [6, 2, 9, 5], "texture": "#1"},
				"east": {"uv": [6, 2, 9, 5], "texture": "#1"},
				"south": {"uv": [6, 2, 9, 5], "texture": "#1"},
				"west": {"uv": [6, 2, 9, 5], "texture": "#1"},
				"up": {"uv": [6, 2, 9, 5], "texture": "#1"},
				"down": {"uv": [6, 2, 9, 5], "texture": "#1"}
			}
		},
		{
			"name": "octagon",
			"from": [8, 8.63856, 13.75],
			"to": [8.25, 9.81066, 26.5],
			"rotation": {"angle": 0, "axis": "z", "origin": [7.5, 9.5, 22.5]},
			"faces": {
				"north": {"uv": [6, 2, 9, 5], "texture": "#1"},
				"east": {"uv": [6, 2, 9, 5], "texture": "#1"},
				"south": {"uv": [6, 2, 9, 5], "texture": "#1"},
				"west": {"uv": [6, 2, 9, 5], "texture": "#1"},
				"up": {"uv": [6, 2, 9, 5], "texture": "#1"},
				"down": {"uv": [6, 2, 9, 5], "texture": "#1"}
			}
		},
		{
			"name": "octagon",
			"from": [6.89453, 8.63856, 26.25],
			"to": [8.25, 9.81066, 26.5],
			"rotation": {"angle": 0, "axis": "z", "origin": [7.5, 9.5, 22.5]},
			"faces": {
				"north": {"uv": [6, 2, 9, 5], "texture": "#1"},
				"east": {"uv": [6, 2, 9, 5], "texture": "#1"},
				"south": {"uv": [6, 2, 9, 5], "texture": "#1"},
				"west": {"uv": [6, 2, 9, 5], "texture": "#1"},
				"up": {"uv": [6, 2, 9, 5], "texture": "#1"},
				"down": {"uv": [6, 2, 9, 5], "texture": "#1"}
			}
		},
		{
			"name": "octagon",
			"from": [6.75, 8.63856, 13.75],
			"to": [7, 9.81066, 26.5],
			"rotation": {"angle": 0, "axis": "z", "origin": [7.5, 9.5, 22.5]},
			"faces": {
				"north": {"uv": [6, 2, 9, 5], "texture": "#1"},
				"east": {"uv": [6, 2, 9, 5], "texture": "#1"},
				"south": {"uv": [6, 2, 9, 5], "texture": "#1"},
				"west": {"uv": [6, 2, 9, 5], "texture": "#1"},
				"up": {"uv": [6, 2, 9, 5], "texture": "#1"},
				"down": {"uv": [6, 2, 9, 5], "texture": "#1"}
			}
		},
		{
			"name": "hexadecagon",
			"from": [7.49272, 7.51728, 13.3637],
			"to": [7.58705, 7.99152, 25.1522],
			"rotation": {"angle": -45, "axis": "z", "origin": [7.53989, 7.7544, 20.4098]},
			"faces": {
				"north": {"uv": [8, 1, 9, 4], "texture": "#1"},
				"east": {"uv": [8, 1, 9, 4], "texture": "#1"},
				"south": {"uv": [8, 1, 9, 4], "texture": "#1"},
				"west": {"uv": [8, 1, 9, 4], "texture": "#1"},
				"up": {"uv": [8, 1, 9, 4], "texture": "#1"},
				"down": {"uv": [8, 1, 9, 4], "texture": "#1"}
			}
		},
		{
			"name": "hexadecagon",
			"from": [7.49272, 7.51728, 13.3637],
			"to": [7.58705, 7.99152, 25.1522],
			"rotation": {"angle": -22.5, "axis": "z", "origin": [7.53989, 7.7544, 20.4098]},
			"faces": {
				"north": {"uv": [8, 1, 9, 4], "texture": "#1"},
				"east": {"uv": [8, 1, 9, 4], "texture": "#1"},
				"south": {"uv": [8, 1, 9, 4], "texture": "#1"},
				"west": {"uv": [8, 1, 9, 4], "texture": "#1"},
				"up": {"uv": [8, 1, 9, 4], "texture": "#1"},
				"down": {"uv": [8, 1, 9, 4], "texture": "#1"}
			}
		},
		{
			"name": "hexadecagon",
			"from": [7.49272, 7.51728, 13.3637],
			"to": [7.58705, 7.99152, 25.1522],
			"rotation": {"angle": 0, "axis": "z", "origin": [7.53989, 7.7544, 20.4098]},
			"faces": {
				"north": {"uv": [8, 1, 9, 4], "texture": "#1"},
				"east": {"uv": [8, 1, 9, 4], "texture": "#1"},
				"south": {"uv": [8, 1, 9, 4], "texture": "#1"},
				"west": {"uv": [8, 1, 9, 4], "texture": "#1"},
				"up": {"uv": [8, 1, 9, 4], "texture": "#1"},
				"down": {"uv": [8, 1, 9, 4], "texture": "#1"}
			}
		},
		{
			"name": "hexadecagon",
			"from": [7.49272, 7.51728, 13.3637],
			"to": [7.58705, 7.99152, 25.1522],
			"rotation": {"angle": 22.5, "axis": "z", "origin": [7.53989, 7.7544, 20.4098]},
			"faces": {
				"north": {"uv": [8, 1, 9, 4], "texture": "#1"},
				"east": {"uv": [8, 1, 9, 4], "texture": "#1"},
				"south": {"uv": [8, 1, 9, 4], "texture": "#1"},
				"west": {"uv": [8, 1, 9, 4], "texture": "#1"},
				"up": {"uv": [8, 1, 9, 4], "texture": "#1"},
				"down": {"uv": [8, 1, 9, 4], "texture": "#1"}
			}
		},
		{
			"name": "hexadecagon",
			"from": [7.49272, 7.51728, 13.3637],
			"to": [7.58705, 7.99152, 25.1522],
			"rotation": {"angle": 45, "axis": "z", "origin": [7.53989, 7.7544, 20.4098]},
			"faces": {
				"north": {"uv": [8, 1, 9, 4], "texture": "#1"},
				"east": {"uv": [8, 1, 9, 4], "texture": "#1"},
				"south": {"uv": [8, 1, 9, 4], "texture": "#1"},
				"west": {"uv": [8, 1, 9, 4], "texture": "#1"},
				"up": {"uv": [8, 1, 9, 4], "texture": "#1"},
				"down": {"uv": [8, 1, 9, 4], "texture": "#1"}
			}
		},
		{
			"name": "hexadecagon",
			"from": [7.30277, 7.70724, 13.3637],
			"to": [7.77701, 7.80157, 25.1522],
			"rotation": {"angle": -22.5, "axis": "z", "origin": [7.53989, 7.7544, 20.4098]},
			"faces": {
				"north": {"uv": [8, 1, 9, 4], "texture": "#1"},
				"east": {"uv": [8, 1, 9, 4], "texture": "#1"},
				"south": {"uv": [8, 1, 9, 4], "texture": "#1"},
				"west": {"uv": [8, 1, 9, 4], "texture": "#1"},
				"up": {"uv": [8, 1, 9, 4], "texture": "#1"},
				"down": {"uv": [8, 1, 9, 4], "texture": "#1"}
			}
		},
		{
			"name": "hexadecagon",
			"from": [7.30277, 7.70724, 13.3637],
			"to": [7.77701, 7.80157, 25.1522],
			"rotation": {"angle": 0, "axis": "z", "origin": [7.53989, 7.7544, 20.4098]},
			"faces": {
				"north": {"uv": [8, 1, 9, 4], "texture": "#1"},
				"east": {"uv": [8, 1, 9, 4], "texture": "#1"},
				"south": {"uv": [8, 1, 9, 4], "texture": "#1"},
				"west": {"uv": [8, 1, 9, 4], "texture": "#1"},
				"up": {"uv": [8, 1, 9, 4], "texture": "#1"},
				"down": {"uv": [8, 1, 9, 4], "texture": "#1"}
			}
		},
		{
			"name": "hexadecagon",
			"from": [7.30277, 7.70724, 13.3637],
			"to": [7.77701, 7.80157, 25.1522],
			"rotation": {"angle": 22.5, "axis": "z", "origin": [7.53989, 7.7544, 20.4098]},
			"faces": {
				"north": {"uv": [8, 1, 9, 4], "texture": "#1"},
				"east": {"uv": [8, 1, 9, 4], "texture": "#1"},
				"south": {"uv": [8, 1, 9, 4], "texture": "#1"},
				"west": {"uv": [8, 1, 9, 4], "texture": "#1"},
				"up": {"uv": [8, 1, 9, 4], "texture": "#1"},
				"down": {"uv": [8, 1, 9, 4], "texture": "#1"}
			}
		},
		{
			"name": "hexadecagon",
			"from": [7.4733, 7.4559, 24.68957],
			"to": [7.5865, 8.02498, 26.53577],
			"rotation": {"angle": -45, "axis": "z", "origin": [7.5299, 7.74044, 27.44489]},
			"faces": {
				"north": {"uv": [8, 1, 9, 4], "texture": "#1"},
				"east": {"uv": [8, 1, 9, 4], "texture": "#1"},
				"south": {"uv": [8, 1, 9, 4], "texture": "#1"},
				"west": {"uv": [8, 1, 9, 4], "texture": "#1"},
				"up": {"uv": [8, 1, 9, 4], "texture": "#1"},
				"down": {"uv": [8, 1, 9, 4], "texture": "#1"}
			}
		},
		{
			"name": "hexadecagon",
			"from": [7.4733, 7.4559, 24.68957],
			"to": [7.5865, 8.02498, 26.53577],
			"rotation": {"angle": -22.5, "axis": "z", "origin": [7.5299, 7.74044, 27.44489]},
			"faces": {
				"north": {"uv": [8, 1, 9, 4], "texture": "#1"},
				"east": {"uv": [8, 1, 9, 4], "texture": "#1"},
				"south": {"uv": [8, 1, 9, 4], "texture": "#1"},
				"west": {"uv": [8, 1, 9, 4], "texture": "#1"},
				"up": {"uv": [8, 1, 9, 4], "texture": "#1"},
				"down": {"uv": [8, 1, 9, 4], "texture": "#1"}
			}
		},
		{
			"name": "hexadecagon",
			"from": [7.4733, 7.4559, 24.68957],
			"to": [7.5865, 8.02498, 26.53577],
			"rotation": {"angle": 0, "axis": "z", "origin": [7.5299, 7.74044, 27.44489]},
			"faces": {
				"north": {"uv": [8, 1, 9, 4], "texture": "#1"},
				"east": {"uv": [8, 1, 9, 4], "texture": "#1"},
				"south": {"uv": [8, 1, 9, 4], "texture": "#1"},
				"west": {"uv": [8, 1, 9, 4], "texture": "#1"},
				"up": {"uv": [8, 1, 9, 4], "texture": "#1"},
				"down": {"uv": [8, 1, 9, 4], "texture": "#1"}
			}
		},
		{
			"name": "hexadecagon",
			"from": [7.4733, 7.4559, 24.68957],
			"to": [7.5865, 8.02498, 26.53577],
			"rotation": {"angle": 22.5, "axis": "z", "origin": [7.5299, 7.74044, 27.44489]},
			"faces": {
				"north": {"uv": [8, 1, 9, 4], "texture": "#1"},
				"east": {"uv": [8, 1, 9, 4], "texture": "#1"},
				"south": {"uv": [8, 1, 9, 4], "texture": "#1"},
				"west": {"uv": [8, 1, 9, 4], "texture": "#1"},
				"up": {"uv": [8, 1, 9, 4], "texture": "#1"},
				"down": {"uv": [8, 1, 9, 4], "texture": "#1"}
			}
		},
		{
			"name": "hexadecagon",
			"from": [7.4733, 7.4559, 24.68957],
			"to": [7.5865, 8.02498, 26.53577],
			"rotation": {"angle": 45, "axis": "z", "origin": [7.5299, 7.74044, 27.44489]},
			"faces": {
				"north": {"uv": [8, 1, 9, 4], "texture": "#1"},
				"east": {"uv": [8, 1, 9, 4], "texture": "#1"},
				"south": {"uv": [8, 1, 9, 4], "texture": "#1"},
				"west": {"uv": [8, 1, 9, 4], "texture": "#1"},
				"up": {"uv": [8, 1, 9, 4], "texture": "#1"},
				"down": {"uv": [8, 1, 9, 4], "texture": "#1"}
			}
		},
		{
			"name": "hexadecagon",
			"from": [7.24535, 7.68384, 24.68957],
			"to": [7.81444, 7.79704, 26.53577],
			"rotation": {"angle": -22.5, "axis": "z", "origin": [7.5299, 7.74044, 27.44489]},
			"faces": {
				"north": {"uv": [8, 1, 9, 4], "texture": "#1"},
				"east": {"uv": [8, 1, 9, 4], "texture": "#1"},
				"south": {"uv": [8, 1, 9, 4], "texture": "#1"},
				"west": {"uv": [8, 1, 9, 4], "texture": "#1"},
				"up": {"uv": [8, 1, 9, 4], "texture": "#1"},
				"down": {"uv": [8, 1, 9, 4], "texture": "#1"}
			}
		},
		{
			"name": "hexadecagon",
			"from": [7.24535, 7.68384, 24.68957],
			"to": [7.81444, 7.79704, 26.53577],
			"rotation": {"angle": 0, "axis": "z", "origin": [7.5299, 7.74044, 27.44489]},
			"faces": {
				"north": {"uv": [8, 1, 9, 4], "texture": "#1"},
				"east": {"uv": [8, 1, 9, 4], "texture": "#1"},
				"south": {"uv": [8, 1, 9, 4], "texture": "#1"},
				"west": {"uv": [8, 1, 9, 4], "texture": "#1"},
				"up": {"uv": [8, 1, 9, 4], "texture": "#1"},
				"down": {"uv": [8, 1, 9, 4], "texture": "#1"}
			}
		},
		{
			"name": "hexadecagon",
			"from": [7.24535, 7.68384, 24.68957],
			"to": [7.81444, 7.79704, 26.53577],
			"rotation": {"angle": 22.5, "axis": "z", "origin": [7.5299, 7.74044, 27.44489]},
			"faces": {
				"north": {"uv": [8, 1, 9, 4], "texture": "#1"},
				"east": {"uv": [8, 1, 9, 4], "texture": "#1"},
				"south": {"uv": [8, 1, 9, 4], "texture": "#1"},
				"west": {"uv": [8, 1, 9, 4], "texture": "#1"},
				"up": {"uv": [8, 1, 9, 4], "texture": "#1"},
				"down": {"uv": [8, 1, 9, 4], "texture": "#1"}
			}
		}
	],
	"display": {
		"thirdperson_righthand": {
			"rotation": [0, 179.75, 0],
			"translation": [0, 1, -1.75],
			"scale": [0.75195, 0.75195, 0.75195]
		},
		"thirdperson_lefthand": {
			"rotation": [-2.75, 179.25, 182.75],
			"translation": [0, -5, 4.75],
			"scale": [0.75195, 0.75195, 0.75195]
		},
		"firstperson_righthand": {
			"rotation": [0, -180, 0],
			"translation": [-1, 1.5, 0]
		},
		"firstperson_lefthand": {
			"translation": [0, 0, 2.25],
			"scale": [0.06445, 0.06445, 0.06445]
		},
		"ground": {
			"rotation": [0, 0, -89],
			"translation": [0, -1, 0]
		},
		"gui": {
			"rotation": [-90, -51.5, -90],
			"scale": [0.4, 0.4, 0.4]
		},
		"head": {
			"scale": [0.18164, 0.18164, 0.18164]
		},
		"fixed": {
			"rotation": [0, -90, 0],
			"translation": [0, 0, -0.5]
		}
	},
	"groups": [
		{
			"name": "group",
			"origin": [8, 8, 8],
			"color": 0,
			"children": [
				0,
				{
					"name": "group",
					"origin": [8, 8, 8],
					"color": 0,
					"children": [1, 2, 3, 4, 5, 6, 7]
				},
				{
					"name": "group",
					"origin": [8, 8, 8],
					"color": 0,
					"children": [8, 9, 10, 11, 12, 13, 14]
				},
				15,
				16,
				17,
				18,
				19,
				20,
				21,
				22,
				23,
				24,
				25,
				26,
				27
			]
		},
		{
			"name": "group",
			"origin": [8, 8, 8],
			"color": 0,
			"children": [
				28,
				29,
				30,
				31,
				32,
				33,
				34,
				35,
				36,
				37,
				38,
				39,
				40,
				41,
				42,
				43,
				44,
				45,
				{
					"name": "group",
					"origin": [6.73684, 9.68209, 13.86913],
					"color": 0,
					"children": [
						{
							"name": "group",
							"origin": [7.65094, 10.29191, 21.11442],
							"color": 0,
							"children": [46, 47, 48, 49, 50, 51, 52, 53]
						},
						54,
						55,
						56,
						57,
						58,
						59,
						60,
						61
					]
				},
				62,
				63,
				64,
				65,
				66,
				67,
				{
					"name": "group",
					"origin": [7.40117, 9.80157, 19.39366],
					"color": 0,
					"children": [68]
				},
				{
					"name": "group",
					"origin": [8, 8, 8],
					"color": 0,
					"children": [69, 70, 71, 72, 73, 74, 75, 76, 77, 78, 79, 80, 81, 82, 83, 84]
				}
			]
		},
		{
			"name": "hexadecagon",
			"origin": [8, 8, 8],
			"color": 0,
			"children": [85, 86, 87, 88, 89, 90, 91, 92]
		},
		{
			"name": "hexadecagon",
			"origin": [8, 8, 8],
			"color": 0,
			"children": [93, 94, 95, 96, 97, 98, 99, 100]
		},
		{
			"name": "octagon",
			"origin": [8, 8, 8],
			"color": 0,
			"children": [101, 102, 103, 104, 105, 106, 107, 108, 109, 110, 111, 112, 113, 114, 115, 116, 117, 118, 119, 120, 121, 122, 123, 124, 125, 126, 127, 128, 129, 130]
		},
		{
			"name": "hexadecagon",
			"origin": [8, 8, 8],
			"color": 0,
			"children": [131, 132, 133, 134, 135, 136, 137, 138]
		},
		{
			"name": "hexadecagon",
			"origin": [8, 8, 8],
			"color": 0,
			"children": [139, 140, 141, 142, 143, 144, 145, 146]
		}
	]
}