{
	"parent": "item/handheld",
	"textures": {
		"layer0": "item/feather"
	},
	"overrides": [
		{"predicate": {"custom_model_data":1}, "model":"item/weapons/uzi"},
		{"predicate": {"custom_model_data":11}, "model":"item/weapons/uziaiming"},
		{"predicate": {"custom_model_data":16}, "model":"item/weapons/uzisprinting"},
		
		{"predicate": {"custom_model_data":21}, "model":"item/weapons/aug"},
		{"predicate": {"custom_model_data":31}, "model":"item/weapons/augaiming"},
		{"predicate": {"custom_model_data":36}, "model":"item/weapons/augsprinting"},
		
		{"predicate": {"custom_model_data":81}, "model":"item/weapons/origin12"},
		{"predicate": {"custom_model_data":91}, "model":"item/weapons/origin12aiming"},
		{"predicate": {"custom_model_data":96}, "model":"item/weapons/origin12sprinting"},
		
		{"predicate": {"custom_model_data":101}, "model":"item/weapons/rpg7"},
		{"predicate": {"custom_model_data":111}, "model":"item/weapons/rpg7aiming"},
		{"predicate": {"custom_model_data":116}, "model":"item/weapons/rpg7sprinting"},
		
		{"predicate": {"custom_model_data":121}, "model":"item/weapons/ak47"},
		{"predicate": {"custom_model_data":131}, "model":"item/weapons/ak47aiming"},
		{"predicate": {"custom_model_data":136}, "model":"item/weapons/ak47sprinting"},
		
		{"predicate": {"custom_model_data":141}, "model":"item/weapons/fnfal"},
		{"predicate": {"custom_model_data":151}, "model":"item/weapons/fnfalaiming"},
		{"predicate": {"custom_model_data":156}, "model":"item/weapons/fnfalsprinting"},
		
		{"predicate": {"custom_model_data":161}, "model":"item/weapons/m4a1"},
		{"predicate": {"custom_model_data":171}, "model":"item/weapons/m4a1aiming"},
		{"predicate": {"custom_model_data":176}, "model":"item/weapons/m4a1sprinting"},
		
		{"predicate": {"custom_model_data":181}, "model":"item/weapons/357magnum"},
		{"predicate": {"custom_model_data":191}, "model":"item/weapons/357magnumaiming"},
		{"predicate": {"custom_model_data":196}, "model":"item/weapons/357magnumsprinting"},
		
		{"predicate": {"custom_model_data":201}, "model":"item/weapons/50gs"},
		{"predicate": {"custom_model_data":211}, "model":"item/weapons/50gsaiming"},
		{"predicate": {"custom_model_data":216}, "model":"item/weapons/50gssprinting"},
		
		{"predicate": {"custom_model_data":221}, "model":"item/weapons/kar98k"},
		{"predicate": {"custom_model_data":231}, "model":"item/weapons/kar98kaiming"},
		{"predicate": {"custom_model_data":236}, "model":"item/weapons/kar98ksprinting"},
		
		{"predicate": {"custom_model_data":241}, "model":"item/weapons/mg34"},
		{"predicate": {"custom_model_data":251}, "model":"item/weapons/mg34aiming"},
		{"predicate": {"custom_model_data":256}, "model":"item/weapons/mg34sprinting"},
		
		{"predicate": {"custom_model_data":261}, "model":"item/weapons/flashbang"},
		
		{"predicate": {"custom_model_data":271}, "model":"item/weapons/semtex"},
		
		{"predicate": {"custom_model_data":281}, "model":"item/weapons/grenade"},
		
		{"predicate": {"custom_model_data":291}, "model":"item/weapons/clusterbomb"},
		
		{"predicate": {"custom_model_data":301}, "model":"item/weapons/airstrike"},
		
		{"predicate": {"custom_model_data":311}, "model":"item/weapons/fr556"},
		{"predicate": {"custom_model_data":321}, "model":"item/weapons/fr556aiming"},
		{"predicate": {"custom_model_data":326}, "model":"item/weapons/fr556sprinting"},
		{"predicate": {"custom_model_data":331}, "model":"item/weapons/fr556reloading"},
		
		{"predicate": {"custom_model_data":341}, "model":"item/weapons/ammo_rocket"},
		
		{"predicate": {"custom_model_data":351}, "model":"item/weapons/combatknife"},

		{"predicate": {"custom_model_data":401}, "model":"item/cw/svdgun"},
		
		{"predicate": {"custom_model_data":402}, "model":"item/cw/svdgunsprinting"},
		
		{"predicate": {"custom_model_data":403}, "model":"item/cw/mp5"},
		
		{"predicate": {"custom_model_data":404}, "model":"item/cw/mp5sprinting"},

		{"predicate": {"custom_model_data":405}, "model":"item/cw/mp5aim"},

		{"predicate": {"custom_model_data":406}, "model":"item/cw/mp7"},

		{"predicate": {"custom_model_data":407}, "model":"item/cw/mp7aim"},

		{"predicate": {"custom_model_data":408}, "model":"item/cw/mp7sprinting"}
	]
}