{
	"credit": "Model By GCGames Studios",
	"textures": {
		"0": "block/items/anvil",
		"1": "block/items/dark_oak_planks",
		"2": "block/items/coal_block",
		"particle": "block/items/anvil"
	},
	"elements": [
		{
			"from": [6.62925, 4.48773, -2.59333],
			"to": [7.81038, 8.27264, -1.09333],
			"rotation": {"angle": 22.5, "axis": "x", "origin": [7.25, 2, 3.5]},
			"faces": {
				"north": {"uv": [0, 0, 1.5, 3.78491], "texture": "#0"},
				"east": {"uv": [0, 0, 1.5, 3.78491], "texture": "#0"},
				"south": {"uv": [0, 0, 1.5, 3.78491], "texture": "#0"},
				"west": {"uv": [0, 0, 1.5, 3.78491], "texture": "#0"},
				"up": {"uv": [0, 0, 1.5, 3.78491], "rotation": 90, "texture": "#0"},
				"down": {"uv": [0, 0, 1.5, 3.78491], "rotation": 270, "texture": "#0"}
			}
		},
		{
			"from": [6.62925, 9.49062, 0.12133],
			"to": [7.81038, 11.40383, 1.6817],
			"rotation": {"angle": 0, "axis": "z", "origin": [7.25, 4.46987, 4.25245]},
			"faces": {
				"north": {"uv": [0, 0, 1.56038, 1.91321], "texture": "#0"},
				"east": {"uv": [0, 0, 1.56038, 1.91321], "texture": "#0"},
				"south": {"uv": [0, 0, 1.56038, 1.91321], "texture": "#0"},
				"west": {"uv": [0, 0, 1.56038, 1.91321], "texture": "#0"},
				"up": {"uv": [0, 0, 1.56038, 1.91321], "rotation": 90, "texture": "#0"},
				"down": {"uv": [0, 0, 1.56038, 1.91321], "rotation": 270, "texture": "#0"}
			}
		},
		{
			"from": [6.56887, 6.93821, 4.27842],
			"to": [7.81038, 8.55896, 4.9237],
			"rotation": {"angle": -45, "axis": "x", "origin": [7.25, 1.86728, 3.43584]},
			"faces": {
				"north": {"uv": [0, 0, 5.621, 2.706], "rotation": 90, "texture": "#2"},
				"east": {"uv": [0, 0, 5.621, 2.706], "rotation": 90, "texture": "#2"},
				"south": {"uv": [0, 0, 5.621, 2.706], "rotation": 90, "texture": "#2"},
				"west": {"uv": [0, 0, 5.621, 2.706], "rotation": 90, "texture": "#2"},
				"up": {"uv": [0, 0, 5.621, 2.706], "rotation": 180, "texture": "#2"},
				"down": {"uv": [0, 0, 5.621, 2.706], "texture": "#2"}
			}
		},
		{
			"from": [6.56887, 4.54811, -2.53295],
			"to": [7.87075, 5.13301, -0.67069],
			"rotation": {"angle": 22.5, "axis": "x", "origin": [7.25, 2, 3.5]},
			"faces": {
				"north": {"uv": [0, 0, 5.621, 2.706], "texture": "#2"},
				"east": {"uv": [0, 0, 5.621, 2.706], "texture": "#2"},
				"south": {"uv": [0, 0, 5.621, 2.706], "texture": "#2"},
				"west": {"uv": [0, 0, 5.621, 2.706], "texture": "#2"},
				"up": {"uv": [0, 0, 5.621, 2.706], "rotation": 90, "texture": "#2"},
				"down": {"uv": [0, 0, 5.621, 2.706], "rotation": 270, "texture": "#2"}
			}
		},
		{
			"from": [6.56887, 4.54811, -2.53295],
			"to": [7.87075, 8.21226, -1.15371],
			"rotation": {"angle": 22.5, "axis": "x", "origin": [7.25, 2, 3.5]},
			"faces": {
				"north": {"uv": [0, 0, 5.621, 2.706], "texture": "#2"},
				"east": {"uv": [0, 0, 5.621, 2.706], "texture": "#2"},
				"south": {"uv": [0, 0, 5.621, 2.706], "texture": "#2"},
				"west": {"uv": [0, 0, 5.621, 2.706], "texture": "#2"},
				"up": {"uv": [0, 0, 5.621, 2.706], "rotation": 90, "texture": "#2"},
				"down": {"uv": [0, 0, 5.621, 2.706], "rotation": 270, "texture": "#2"}
			}
		},
		{
			"from": [6.56887, 9.551, 0.1817],
			"to": [7.87075, 10.31703, 1.62133],
			"rotation": {"angle": 0, "axis": "z", "origin": [7.25, 4.46987, 4.25245]},
			"faces": {
				"north": {"uv": [0, 0, 5.621, 2.706], "texture": "#2"},
				"east": {"uv": [0, 0, 5.621, 2.706], "texture": "#2"},
				"south": {"uv": [0, 0, 5.621, 2.706], "texture": "#2"},
				"west": {"uv": [0, 0, 5.621, 2.706], "texture": "#2"},
				"up": {"uv": [0, 0, 5.621, 2.706], "rotation": 90, "texture": "#2"},
				"down": {"uv": [0, 0, 5.621, 2.706], "rotation": 270, "texture": "#2"}
			}
		},
		{
			"from": [6.56887, 10.39628, 0.1817],
			"to": [7.87075, 11.34345, 1.62133],
			"rotation": {"angle": 0, "axis": "z", "origin": [7.25, 4.46987, 4.25245]},
			"faces": {
				"north": {"uv": [4, 0, 9.621, 2.706], "texture": "#1"},
				"east": {"uv": [4, 0, 9.621, 2.706], "texture": "#1"},
				"south": {"uv": [4, 0, 9.621, 2.706], "texture": "#1"},
				"west": {"uv": [4, 0, 9.621, 2.706], "texture": "#1"},
				"up": {"uv": [4, 0, 9.621, 2.706], "rotation": 90, "texture": "#1"},
				"down": {"uv": [4, 0, 9.621, 2.706], "rotation": 270, "texture": "#1"}
			}
		},
		{
			"from": [7, 9.24911, 1.95812],
			"to": [7.5, 9.351, 3.5185],
			"rotation": {"angle": 0, "axis": "z", "origin": [7.25, 4.46987, 4.25245]},
			"faces": {
				"north": {"uv": [0, 0, 1.56038, 0.10189], "texture": "#0"},
				"east": {"uv": [0, 0, 1.56038, 0.10189], "texture": "#0"},
				"south": {"uv": [0, 0, 1.56038, 0.10189], "texture": "#0"},
				"west": {"uv": [0, 0, 1.56038, 0.10189], "texture": "#0"},
				"up": {"uv": [0, 0, 1.56038, 0.10189], "rotation": 90, "texture": "#0"},
				"down": {"uv": [0, 0, 1.56038, 0.10189], "rotation": 270, "texture": "#0"}
			}
		},
		{
			"from": [7, 9.4859, 3.6534],
			"to": [7.5, 10.50288, 3.75529],
			"rotation": {"angle": 0, "axis": "z", "origin": [7.25, 4.59062, 6.30057]},
			"faces": {
				"north": {"uv": [0, 0, 1.01698, 0.10189], "rotation": 90, "texture": "#0"},
				"east": {"uv": [0, 0, 1.01698, 0.10189], "rotation": 90, "texture": "#0"},
				"south": {"uv": [0, 0, 1.01698, 0.10189], "rotation": 90, "texture": "#0"},
				"west": {"uv": [0, 0, 1.01698, 0.10189], "rotation": 90, "texture": "#0"},
				"up": {"uv": [0, 0, 1.01698, 0.10189], "rotation": 180, "texture": "#0"},
				"down": {"uv": [0, 0, 1.01698, 0.10189], "texture": "#0"}
			}
		},
		{
			"from": [7, 11.45221, 5.80963],
			"to": [7.5, 11.68428, 5.91152],
			"rotation": {"angle": -22.5, "axis": "x", "origin": [7.25, 5.49628, 7.26661]},
			"faces": {
				"north": {"uv": [0, 0, 0.23208, 0.10189], "rotation": 90, "texture": "#0"},
				"east": {"uv": [0, 0, 0.23208, 0.10189], "rotation": 90, "texture": "#0"},
				"south": {"uv": [0, 0, 0.23208, 0.10189], "rotation": 90, "texture": "#0"},
				"west": {"uv": [0, 0, 0.23208, 0.10189], "rotation": 90, "texture": "#0"},
				"up": {"uv": [0, 0, 0.23208, 0.10189], "rotation": 180, "texture": "#0"},
				"down": {"uv": [0, 0, 0.23208, 0.10189], "texture": "#0"}
			}
		},
		{
			"from": [7, 11.80494, 8.00915],
			"to": [7.5, 12.03702, 8.11103],
			"rotation": {"angle": -45, "axis": "x", "origin": [7.25, 5.85855, 7.20623]},
			"faces": {
				"north": {"uv": [0, 0, 0.23208, 0.10189], "rotation": 90, "texture": "#0"},
				"east": {"uv": [0, 0, 0.23208, 0.10189], "rotation": 90, "texture": "#0"},
				"south": {"uv": [0, 0, 0.23208, 0.10189], "rotation": 90, "texture": "#0"},
				"west": {"uv": [0, 0, 0.23208, 0.10189], "rotation": 90, "texture": "#0"},
				"up": {"uv": [0, 0, 0.23208, 0.10189], "rotation": 180, "texture": "#0"},
				"down": {"uv": [0, 0, 0.23208, 0.10189], "texture": "#0"}
			}
		},
		{
			"from": [7, 9.92062, 5.47465],
			"to": [7.5, 10.02251, 5.64635],
			"rotation": {"angle": -22.5, "axis": "x", "origin": [7.25, 4.59062, 6.24491]},
			"faces": {
				"north": {"uv": [0, 0, 0.1717, 0.10189], "texture": "#0"},
				"east": {"uv": [0, 0, 0.1717, 0.10189], "texture": "#0"},
				"south": {"uv": [0, 0, 0.1717, 0.10189], "texture": "#0"},
				"west": {"uv": [0, 0, 0.1717, 0.10189], "texture": "#0"},
				"up": {"uv": [0, 0, 0.1717, 0.10189], "rotation": 90, "texture": "#0"},
				"down": {"uv": [0, 0, 0.1717, 0.10189], "rotation": 270, "texture": "#0"}
			}
		},
		{
			"from": [7, 7.94188, 2.00276],
			"to": [7.5, 8.11358, 2.10464],
			"rotation": {"angle": 22.5, "axis": "x", "origin": [7.25, 4.651, 6.36566]},
			"faces": {
				"north": {"uv": [0, 0, 0.1717, 0.10189], "rotation": 270, "texture": "#0"},
				"east": {"uv": [0, 0, 0.1717, 0.10189], "rotation": 270, "texture": "#0"},
				"south": {"uv": [0, 0, 0.1717, 0.10189], "rotation": 270, "texture": "#0"},
				"west": {"uv": [0, 0, 0.1717, 0.10189], "rotation": 270, "texture": "#0"},
				"up": {"uv": [0, 0, 0.1717, 0.10189], "texture": "#0"},
				"down": {"uv": [0, 0, 0.1717, 0.10189], "rotation": 180, "texture": "#0"}
			}
		},
		{
			"from": [7, 10.11357, 2.83128],
			"to": [7.5, 10.27584, 4.08977],
			"rotation": {"angle": -22.5, "axis": "x", "origin": [7.25, 4.59062, 5.42981]},
			"faces": {
				"north": {"uv": [0, 0, 1.25849, 0.16226], "texture": "#0"},
				"east": {"uv": [0, 0, 1.25849, 0.16226], "texture": "#0"},
				"south": {"uv": [0, 0, 1.25849, 0.16226], "texture": "#0"},
				"west": {"uv": [0, 0, 1.25849, 0.16226], "texture": "#0"},
				"up": {"uv": [0, 0, 1.25849, 0.16226], "rotation": 90, "texture": "#0"},
				"down": {"uv": [0, 0, 1.25849, 0.16226], "rotation": 270, "texture": "#0"}
			}
		},
		{
			"from": [7, 10.11357, 2.83128],
			"to": [7.5, 10.21546, 4.21053],
			"rotation": {"angle": -22.5, "axis": "x", "origin": [7.25, 4.59062, 5.42981]},
			"faces": {
				"north": {"uv": [0, 0, 1.37925, 0.10189], "texture": "#0"},
				"east": {"uv": [0, 0, 1.37925, 0.10189], "texture": "#0"},
				"south": {"uv": [0, 0, 1.37925, 0.10189], "texture": "#0"},
				"west": {"uv": [0, 0, 1.37925, 0.10189], "texture": "#0"},
				"up": {"uv": [0, 0, 1.37925, 0.10189], "rotation": 90, "texture": "#0"},
				"down": {"uv": [0, 0, 1.37925, 0.10189], "rotation": 270, "texture": "#0"}
			}
		},
		{
			"from": [7, 9.06568, 0.53242],
			"to": [7.5, 9.3487, 1.79091],
			"rotation": {"angle": 0, "axis": "z", "origin": [7.25, 4.31663, 5.056]},
			"faces": {
				"north": {"uv": [0, 0, 1.25849, 0.28302], "texture": "#0"},
				"east": {"uv": [0, 0, 1.25849, 0.28302], "texture": "#0"},
				"south": {"uv": [0, 0, 1.25849, 0.28302], "texture": "#0"},
				"west": {"uv": [0, 0, 1.25849, 0.28302], "texture": "#0"},
				"up": {"uv": [0, 0, 1.25849, 0.28302], "rotation": 90, "texture": "#0"},
				"down": {"uv": [0, 0, 1.25849, 0.28302], "rotation": 270, "texture": "#0"}
			}
		},
		{
			"from": [7, 9.24681, 0.53242],
			"to": [7.5, 9.52983, 1.79091],
			"rotation": {"angle": 0, "axis": "z", "origin": [7.25, 4.31663, 5.056]},
			"faces": {
				"north": {"uv": [0, 0, 1.25849, 0.28302], "texture": "#0"},
				"east": {"uv": [0, 0, 1.25849, 0.28302], "texture": "#0"},
				"south": {"uv": [0, 0, 1.25849, 0.28302], "texture": "#0"},
				"west": {"uv": [0, 0, 1.25849, 0.28302], "texture": "#0"},
				"up": {"uv": [0, 0, 1.25849, 0.28302], "rotation": 90, "texture": "#0"},
				"down": {"uv": [0, 0, 1.25849, 0.28302], "rotation": 270, "texture": "#0"}
			}
		},
		{
			"from": [7, 9.91183, 5.83648],
			"to": [7.5, 11.41183, 6.05912],
			"rotation": {"angle": -45, "axis": "x", "origin": [7.25, 4.85555, 4.83778]},
			"faces": {
				"north": {"uv": [0, 0, 1.5, 0.22264], "rotation": 90, "texture": "#0"},
				"east": {"uv": [0, 0, 1.5, 0.22264], "rotation": 90, "texture": "#0"},
				"south": {"uv": [0, 0, 1.5, 0.22264], "rotation": 90, "texture": "#0"},
				"west": {"uv": [0, 0, 1.5, 0.22264], "rotation": 90, "texture": "#0"},
				"up": {"uv": [0, 0, 1.5, 0.22264], "rotation": 180, "texture": "#0"},
				"down": {"uv": [0, 0, 1.5, 0.22264], "texture": "#0"}
			}
		},
		{
			"from": [7, 10.25666, 3.6504],
			"to": [7.5, 11.75666, 3.87304],
			"rotation": {"angle": -22.5, "axis": "x", "origin": [7.25, 5.03668, 5.07929]},
			"faces": {
				"north": {"uv": [0, 0, 1.5, 0.22264], "rotation": 90, "texture": "#0"},
				"east": {"uv": [0, 0, 1.5, 0.22264], "rotation": 90, "texture": "#0"},
				"south": {"uv": [0, 0, 1.5, 0.22264], "rotation": 90, "texture": "#0"},
				"west": {"uv": [0, 0, 1.5, 0.22264], "rotation": 90, "texture": "#0"},
				"up": {"uv": [0, 0, 1.5, 0.22264], "rotation": 180, "texture": "#0"},
				"down": {"uv": [0, 0, 1.5, 0.22264], "texture": "#0"}
			}
		},
		{
			"from": [7, 9.23762, 1.58684],
			"to": [7.5, 10.798, 1.80948],
			"rotation": {"angle": 0, "axis": "z", "origin": [7.25, 5.33857, 5.13967]},
			"faces": {
				"north": {"uv": [0, 0, 1.56038, 0.22264], "rotation": 90, "texture": "#0"},
				"east": {"uv": [0, 0, 1.56038, 0.22264], "rotation": 90, "texture": "#0"},
				"south": {"uv": [0, 0, 1.56038, 0.22264], "rotation": 90, "texture": "#0"},
				"west": {"uv": [0, 0, 1.56038, 0.22264], "rotation": 90, "texture": "#0"},
				"up": {"uv": [0, 0, 1.56038, 0.22264], "rotation": 180, "texture": "#0"},
				"down": {"uv": [0, 0, 1.56038, 0.22264], "texture": "#0"}
			}
		},
		{
			"from": [7, 7.51592, 0.05577],
			"to": [7.5, 9.0763, 0.27841],
			"rotation": {"angle": 22.5, "axis": "x", "origin": [7.25, 5.30838, 5.26042]},
			"faces": {
				"north": {"uv": [0, 0, 1.56038, 0.22264], "rotation": 90, "texture": "#0"},
				"east": {"uv": [0, 0, 1.56038, 0.22264], "rotation": 90, "texture": "#0"},
				"south": {"uv": [0, 0, 1.56038, 0.22264], "rotation": 90, "texture": "#0"},
				"west": {"uv": [0, 0, 1.56038, 0.22264], "rotation": 90, "texture": "#0"},
				"up": {"uv": [0, 0, 1.56038, 0.22264], "rotation": 180, "texture": "#0"},
				"down": {"uv": [0, 0, 1.56038, 0.22264], "texture": "#0"}
			}
		},
		{
			"from": [7, 5.51014, -0.87064],
			"to": [7.5, 7.07051, -0.648],
			"rotation": {"angle": 45, "axis": "x", "origin": [7.25, 5.30838, 5.26042]},
			"faces": {
				"north": {"uv": [0, 0, 1.56038, 0.22264], "rotation": 90, "texture": "#0"},
				"east": {"uv": [0, 0, 1.56038, 0.22264], "rotation": 90, "texture": "#0"},
				"south": {"uv": [0, 0, 1.56038, 0.22264], "rotation": 90, "texture": "#0"},
				"west": {"uv": [0, 0, 1.56038, 0.22264], "rotation": 90, "texture": "#0"},
				"up": {"uv": [0, 0, 1.56038, 0.22264], "rotation": 180, "texture": "#0"},
				"down": {"uv": [0, 0, 1.56038, 0.22264], "texture": "#0"}
			}
		},
		{
			"from": [7, 11.36233, 3.27423],
			"to": [7.5, 11.58497, 4.8346],
			"rotation": {"angle": -22.5, "axis": "x", "origin": [7.25, 5.54989, 5.26042]},
			"faces": {
				"north": {"uv": [0, 0, 1.56038, 0.22264], "rotation": 180, "texture": "#0"},
				"east": {"uv": [0, 0, 1.56038, 0.22264], "rotation": 180, "texture": "#0"},
				"south": {"uv": [0, 0, 1.56038, 0.22264], "rotation": 180, "texture": "#0"},
				"west": {"uv": [0, 0, 1.56038, 0.22264], "rotation": 180, "texture": "#0"},
				"up": {"uv": [0, 0, 1.56038, 0.22264], "rotation": 270, "texture": "#0"},
				"down": {"uv": [0, 0, 1.56038, 0.22264], "rotation": 90, "texture": "#0"}
			}
		},
		{
			"from": [7.24151, 10.93485, 4.18523],
			"to": [7.31887, 12.25372, 4.3475],
			"rotation": {"angle": -22.5, "axis": "x", "origin": [7.25, 5.85178, 5.44155]},
			"faces": {
				"north": {"uv": [0, 0, 1.56038, 0.22264], "rotation": 90, "texture": "#0"},
				"east": {"uv": [0, 0, 1.56038, 0.22264], "rotation": 270, "texture": "#0"},
				"south": {"uv": [0, 0, 1.56038, 0.22264], "rotation": 90, "texture": "#0"},
				"west": {"uv": [0, 0, 1.56038, 0.22264], "rotation": 90, "texture": "#0"},
				"up": {"uv": [0, 0, 1.56038, 0.22264], "rotation": 180, "texture": "#0"},
				"down": {"uv": [0, 0, 1.56038, 0.22264], "texture": "#0"}
			}
		},
		{
			"from": [7.24151, 8.07391, 0.9702],
			"to": [7.31887, 8.23618, 1.26265],
			"rotation": {"angle": 22.5, "axis": "x", "origin": [7.28019, 5.31801, 6.42145]},
			"faces": {
				"north": {"uv": [0, 0, 1.56038, 0.22264], "texture": "#0"},
				"east": {"uv": [0, 0, 1.56038, 0.22264], "texture": "#0"},
				"south": {"uv": [0, 0, 1.56038, 0.22264], "texture": "#0"},
				"west": {"uv": [0, 0, 1.56038, 0.22264], "texture": "#0"},
				"up": {"uv": [0, 0, 1.56038, 0.22264], "rotation": 90, "texture": "#0"},
				"down": {"uv": [0, 0, 1.56038, 0.22264], "rotation": 270, "texture": "#0"}
			}
		},
		{
			"from": [7.24151, 9.82772, 2.64085],
			"to": [7.31887, 9.98998, 2.9333],
			"rotation": {"angle": 0, "axis": "z", "origin": [7.28019, 5.2598, 6.1682]},
			"faces": {
				"north": {"uv": [0, 0, 1.56038, 0.22264], "texture": "#0"},
				"east": {"uv": [0, 0, 1.56038, 0.22264], "texture": "#0"},
				"south": {"uv": [0, 0, 1.56038, 0.22264], "texture": "#0"},
				"west": {"uv": [0, 0, 1.56038, 0.22264], "texture": "#0"},
				"up": {"uv": [0, 0, 1.56038, 0.22264], "rotation": 90, "texture": "#0"},
				"down": {"uv": [0, 0, 1.56038, 0.22264], "rotation": 270, "texture": "#0"}
			}
		},
		{
			"from": [7.24151, 11.0906, 6.1967],
			"to": [7.31887, 11.26229, 6.35897],
			"rotation": {"angle": -45, "axis": "x", "origin": [7.28019, 5.98645, 5.69263]},
			"faces": {
				"north": {"uv": [0, 0, 1.56038, 0.22264], "rotation": 90, "texture": "#0"},
				"east": {"uv": [0, 0, 1.56038, 0.22264], "rotation": 270, "texture": "#0"},
				"south": {"uv": [0, 0, 1.56038, 0.22264], "rotation": 90, "texture": "#0"},
				"west": {"uv": [0, 0, 1.56038, 0.22264], "rotation": 90, "texture": "#0"},
				"up": {"uv": [0, 0, 1.56038, 0.22264], "rotation": 180, "texture": "#0"},
				"down": {"uv": [0, 0, 1.56038, 0.22264], "texture": "#0"}
			}
		},
		{
			"from": [7, 10.75177, 1.94439],
			"to": [7.5, 10.97442, 3.50477],
			"rotation": {"angle": 0, "axis": "z", "origin": [7.25, 5.85178, 5.44155]},
			"faces": {
				"north": {"uv": [0, 0, 1.56038, 0.22264], "rotation": 180, "texture": "#0"},
				"east": {"uv": [0, 0, 1.56038, 0.22264], "rotation": 180, "texture": "#0"},
				"south": {"uv": [0, 0, 1.56038, 0.22264], "rotation": 180, "texture": "#0"},
				"west": {"uv": [0, 0, 1.56038, 0.22264], "rotation": 180, "texture": "#0"},
				"up": {"uv": [0, 0, 1.56038, 0.22264], "rotation": 270, "texture": "#0"},
				"down": {"uv": [0, 0, 1.56038, 0.22264], "rotation": 90, "texture": "#0"}
			}
		},
		{
			"from": [6.62925, 10.58854, 2.33334],
			"to": [7.81038, 12.01873, 2.92768],
			"rotation": {"angle": -22.5, "axis": "x", "origin": [7.25, 5.25477, 3.98076]},
			"faces": {
				"north": {"uv": [0, 0, 0.59434, 1.43019], "texture": "#0"},
				"east": {"uv": [0, 0, 0.59434, 1.43019], "texture": "#0"},
				"south": {"uv": [0, 0, 0.59434, 1.43019], "texture": "#0"},
				"west": {"uv": [0, 0, 0.59434, 1.43019], "texture": "#0"},
				"up": {"uv": [0, 0, 0.59434, 1.43019], "rotation": 90, "texture": "#0"},
				"down": {"uv": [0, 0, 0.59434, 1.43019], "rotation": 270, "texture": "#0"}
			}
		},
		{
			"from": [6.62925, 10.81892, -0.18056],
			"to": [7.81038, 12.85288, 9.9534],
			"rotation": {"angle": 0, "axis": "z", "origin": [7.25, 6.5227, 3.73925]},
			"faces": {
				"north": {"uv": [0, 0, 10.13396, 2.03396], "texture": "#0"},
				"east": {"uv": [0, 0, 10.13396, 2.03396], "texture": "#0"},
				"south": {"uv": [0, 0, 10.13396, 2.03396], "texture": "#0"},
				"west": {"uv": [0, 0, 10.13396, 2.03396], "texture": "#0"},
				"up": {"uv": [0, 0, 10.13396, 2.03396], "rotation": 90, "texture": "#0"},
				"down": {"uv": [0, 0, 10.13396, 2.03396], "rotation": 270, "texture": "#0"}
			}
		},
		{
			"from": [6.87075, 11.10192, 11.35557],
			"to": [7.62925, 11.63588, 11.94047],
			"rotation": {"angle": -22.5, "axis": "x", "origin": [7.21981, 6.40194, 11.76944]},
			"faces": {
				"north": {"uv": [0, 0, 0.53396, 0.58491], "rotation": 90, "texture": "#0"},
				"east": {"uv": [0, 0, 0.53396, 0.58491], "rotation": 90, "texture": "#0"},
				"south": {"uv": [0, 0, 0.53396, 0.58491], "rotation": 90, "texture": "#0"},
				"west": {"uv": [0, 0, 0.53396, 0.58491], "rotation": 90, "texture": "#0"},
				"up": {"uv": [0, 0, 0.53396, 0.58491], "rotation": 180, "texture": "#0"},
				"down": {"uv": [0, 0, 0.53396, 0.58491], "texture": "#0"}
			}
		},
		{
			"from": [8.59009, 10.4069, 9.41547],
			"to": [9.12405, 10.68237, 10.12113],
			"rotation": {"angle": 22.5, "axis": "z", "origin": [6.70662, 6.02112, 11.51924]},
			"faces": {
				"north": {"uv": [0, 0, 0.27547, 0.70566], "rotation": 90, "texture": "#0"},
				"east": {"uv": [0, 0, 0.27547, 0.70566], "rotation": 90, "texture": "#0"},
				"south": {"uv": [0, 0, 0.27547, 0.70566], "rotation": 90, "texture": "#0"},
				"west": {"uv": [0, 0, 0.27547, 0.70566], "rotation": 90, "texture": "#0"},
				"up": {"uv": [0, 0, 0.27547, 0.70566], "rotation": 180, "texture": "#0"},
				"down": {"uv": [0, 0, 0.27547, 0.70566], "texture": "#0"}
			}
		},
		{
			"from": [3.74948, 9.89038, 9.29472],
			"to": [4.28344, 10.16586, 10.00038],
			"rotation": {"angle": -45, "axis": "z", "origin": [6.96229, 6.31381, 11.57962]},
			"faces": {
				"north": {"uv": [0, 0, 0.27547, 0.70566], "rotation": 90, "texture": "#0"},
				"east": {"uv": [0, 0, 0.27547, 0.70566], "rotation": 90, "texture": "#0"},
				"south": {"uv": [0, 0, 0.27547, 0.70566], "rotation": 90, "texture": "#0"},
				"west": {"uv": [0, 0, 0.27547, 0.70566], "rotation": 90, "texture": "#0"},
				"up": {"uv": [0, 0, 0.27547, 0.70566], "rotation": 180, "texture": "#0"},
				"down": {"uv": [0, 0, 0.27547, 0.70566], "texture": "#0"}
			}
		},
		{
			"from": [6.62925, 10.58023, 13.74705],
			"to": [7.81038, 11.41608, 14.33195],
			"rotation": {"angle": -45, "axis": "x", "origin": [7.21981, 6.28119, 11.64868]},
			"faces": {
				"north": {"uv": [8, 1, 9.957, 4.007], "rotation": 90, "texture": "#0"},
				"east": {"uv": [8, 1, 9.957, 4.007], "rotation": 90, "texture": "#0"},
				"south": {"uv": [8, 1, 9.957, 4.007], "rotation": 90, "texture": "#0"},
				"west": {"uv": [8, 1, 9.957, 4.007], "rotation": 90, "texture": "#0"},
				"up": {"uv": [8, 1, 9.957, 4.007], "rotation": 90, "texture": "#0"},
				"down": {"uv": [8, 1, 9.957, 4.007], "rotation": 90, "texture": "#0"}
			}
		},
		{
			"from": [6.62925, 10.26868, 7.84915],
			"to": [7.81038, 10.85358, 8.74538],
			"rotation": {"angle": 22.5, "axis": "x", "origin": [7.21981, 6.34157, 12.07132]},
			"faces": {
				"north": {"uv": [8, 1, 9.957, 4.007], "texture": "#0"},
				"east": {"uv": [8, 1, 9.957, 4.007], "texture": "#0"},
				"south": {"uv": [8, 1, 9.957, 4.007], "texture": "#0"},
				"west": {"uv": [8, 1, 9.957, 4.007], "texture": "#0"},
				"up": {"uv": [8, 1, 9.957, 4.007], "texture": "#0"},
				"down": {"uv": [8, 1, 9.957, 4.007], "texture": "#0"}
			}
		},
		{
			"from": [6.62925, 11.78496, 9.7817],
			"to": [7.81038, 12.7925, 10.73831],
			"rotation": {"angle": 0, "axis": "z", "origin": [7.21981, 6.82458, 12.37321]},
			"faces": {
				"north": {"uv": [8, 1, 9.957, 4.007], "texture": "#0"},
				"east": {"uv": [8, 1, 9.957, 4.007], "texture": "#0"},
				"south": {"uv": [8, 1, 9.957, 4.007], "texture": "#0"},
				"west": {"uv": [8, 1, 9.957, 4.007], "texture": "#0"},
				"up": {"uv": [8, 1, 9.957, 4.007], "texture": "#0"},
				"down": {"uv": [8, 1, 9.957, 4.007], "texture": "#0"}
			}
		},
		{
			"from": [6.56887, 10.26512, 9.11998],
			"to": [7.87075, 11.40286, 9.52376],
			"rotation": {"angle": 22.5, "axis": "x", "origin": [7.21981, 4.9331, 14.70419]},
			"faces": {
				"north": {"uv": [7, 1, 9.474, 3.947], "rotation": 270, "texture": "#0"},
				"east": {"uv": [7, 1, 9.474, 3.947], "rotation": 270, "texture": "#0"},
				"south": {"uv": [7, 1, 9.474, 3.947], "rotation": 270, "texture": "#0"},
				"west": {"uv": [7, 1, 9.474, 3.947], "rotation": 270, "texture": "#0"},
				"up": {"uv": [7, 1, 9.474, 3.947], "rotation": 270, "texture": "#0"},
				"down": {"uv": [7, 1, 9.474, 3.947], "rotation": 270, "texture": "#0"}
			}
		},
		{
			"from": [6.56887, 12.55358, 13.17113],
			"to": [7.87075, 13.13849, 14.06736],
			"rotation": {"angle": -22.5, "axis": "x", "origin": [7.21981, 6.97477, 13.27855]},
			"faces": {
				"north": {"uv": [7, 1, 9.474, 3.947], "texture": "#0"},
				"east": {"uv": [7, 1, 9.474, 3.947], "texture": "#0"},
				"south": {"uv": [7, 1, 9.474, 3.947], "texture": "#0"},
				"west": {"uv": [7, 1, 9.474, 3.947], "texture": "#0"},
				"up": {"uv": [7, 1, 9.474, 3.947], "texture": "#0"},
				"down": {"uv": [7, 1, 9.474, 3.947], "texture": "#0"}
			}
		},
		{
			"from": [6.56887, 10.65914, 9.16118],
			"to": [7.87075, 11.60631, 9.63477],
			"rotation": {"angle": 22.5, "axis": "x", "origin": [7.21981, 6.61907, 13.58013]},
			"faces": {
				"north": {"uv": [7, 1, 9.474, 3.947], "texture": "#0"},
				"east": {"uv": [7, 1, 9.474, 3.947], "texture": "#0"},
				"south": {"uv": [7, 1, 9.474, 3.947], "texture": "#0"},
				"west": {"uv": [7, 1, 9.474, 3.947], "texture": "#0"},
				"up": {"uv": [7, 1, 9.474, 3.947], "texture": "#0"},
				"down": {"uv": [7, 1, 9.474, 3.947], "texture": "#0"}
			}
		},
		{
			"from": [6.56887, 11.88133, 11.44145],
			"to": [7.87075, 12.8285, 12.03579],
			"rotation": {"angle": 0, "axis": "z", "origin": [7.21981, 6.8002, 13.51975]},
			"faces": {
				"north": {"uv": [7, 1, 9.474, 3.947], "texture": "#0"},
				"east": {"uv": [7, 1, 9.474, 3.947], "texture": "#0"},
				"south": {"uv": [7, 1, 9.474, 3.947], "texture": "#0"},
				"west": {"uv": [7, 1, 9.474, 3.947], "texture": "#0"},
				"up": {"uv": [7, 1, 9.474, 3.947], "texture": "#0"},
				"down": {"uv": [7, 1, 9.474, 3.947], "texture": "#0"}
			}
		},
		{
			"from": [6.56887, 10.46721, 9.61426],
			"to": [7.87075, 11.12193, 10.31992],
			"rotation": {"angle": 22.5, "axis": "x", "origin": [7.21981, 6.08487, 14.532]},
			"faces": {
				"north": {"uv": [7, 1, 9.474, 3.947], "rotation": 90, "texture": "#0"},
				"east": {"uv": [7, 1, 9.474, 3.947], "rotation": 90, "texture": "#0"},
				"south": {"uv": [7, 1, 9.474, 3.947], "rotation": 90, "texture": "#0"},
				"west": {"uv": [7, 1, 9.474, 3.947], "rotation": 90, "texture": "#0"},
				"up": {"uv": [7, 1, 9.474, 3.947], "rotation": 90, "texture": "#0"},
				"down": {"uv": [7, 1, 9.474, 3.947], "rotation": 90, "texture": "#0"}
			}
		},
		{
			"from": [6.56887, 9.85199, 12.28239],
			"to": [7.87075, 13.03312, 13.66164],
			"rotation": {"angle": 0, "axis": "z", "origin": [7.21981, 6.61907, 13.58013]},
			"faces": {
				"north": {"uv": [7, 1, 9.474, 3.947], "texture": "#0"},
				"east": {"uv": [7, 1, 9.474, 3.947], "texture": "#0"},
				"south": {"uv": [7, 1, 9.474, 3.947], "texture": "#0"},
				"west": {"uv": [7, 1, 9.474, 3.947], "texture": "#0"},
				"up": {"uv": [7, 1, 9.474, 3.947], "texture": "#0"},
				"down": {"uv": [7, 1, 9.474, 3.947], "texture": "#0"}
			}
		},
		{
			"from": [6.50849, 12.2067, 12.34277],
			"to": [7.93113, 12.36897, 13.48051],
			"rotation": {"angle": 0, "axis": "z", "origin": [7.21981, 6.61907, 13.58013]},
			"faces": {
				"north": {"uv": [7, 1, 9.474, 3.947], "texture": "#0"},
				"east": {"uv": [7, 1, 9.474, 3.947], "texture": "#0"},
				"south": {"uv": [7, 1, 9.474, 3.947], "texture": "#0"},
				"west": {"uv": [7, 1, 9.474, 3.947], "texture": "#0"},
				"up": {"uv": [7, 1, 9.474, 3.947], "texture": "#0"},
				"down": {"uv": [7, 1, 9.474, 3.947], "texture": "#0"}
			}
		},
		{
			"from": [6.50849, 11.72368, 12.34277],
			"to": [7.93113, 11.88595, 13.48051],
			"rotation": {"angle": 0, "axis": "z", "origin": [7.21981, 6.61907, 13.58013]},
			"faces": {
				"north": {"uv": [7, 1, 9.474, 3.947], "texture": "#0"},
				"east": {"uv": [7, 1, 9.474, 3.947], "texture": "#0"},
				"south": {"uv": [7, 1, 9.474, 3.947], "texture": "#0"},
				"west": {"uv": [7, 1, 9.474, 3.947], "texture": "#0"},
				"up": {"uv": [7, 1, 9.474, 3.947], "texture": "#0"},
				"down": {"uv": [7, 1, 9.474, 3.947], "texture": "#0"}
			}
		},
		{
			"from": [6.50849, 11.24066, 12.34277],
			"to": [7.93113, 11.40293, 13.48051],
			"rotation": {"angle": 0, "axis": "z", "origin": [7.21981, 6.61907, 13.58013]},
			"faces": {
				"north": {"uv": [7, 1, 9.474, 3.947], "texture": "#0"},
				"east": {"uv": [7, 1, 9.474, 3.947], "texture": "#0"},
				"south": {"uv": [7, 1, 9.474, 3.947], "texture": "#0"},
				"west": {"uv": [7, 1, 9.474, 3.947], "texture": "#0"},
				"up": {"uv": [7, 1, 9.474, 3.947], "texture": "#0"},
				"down": {"uv": [7, 1, 9.474, 3.947], "texture": "#0"}
			}
		},
		{
			"from": [6.50849, 10.75765, 12.34277],
			"to": [7.93113, 10.91991, 13.48051],
			"rotation": {"angle": 0, "axis": "z", "origin": [7.21981, 6.61907, 13.58013]},
			"faces": {
				"north": {"uv": [7, 1, 9.474, 3.947], "texture": "#0"},
				"east": {"uv": [7, 1, 9.474, 3.947], "texture": "#0"},
				"south": {"uv": [7, 1, 9.474, 3.947], "texture": "#0"},
				"west": {"uv": [7, 1, 9.474, 3.947], "texture": "#0"},
				"up": {"uv": [7, 1, 9.474, 3.947], "texture": "#0"},
				"down": {"uv": [7, 1, 9.474, 3.947], "texture": "#0"}
			}
		},
		{
			"from": [6.56887, 11.36318, 14.51291],
			"to": [7.87075, 12.06884, 15.16763],
			"rotation": {"angle": -22.5, "axis": "x", "origin": [7.21981, 5.89454, 13.88201]},
			"faces": {
				"north": {"uv": [7, 1, 9.474, 3.947], "rotation": 180, "texture": "#0"},
				"east": {"uv": [7, 1, 9.474, 3.947], "rotation": 180, "texture": "#0"},
				"south": {"uv": [7, 1, 9.474, 3.947], "rotation": 180, "texture": "#0"},
				"west": {"uv": [7, 1, 9.474, 3.947], "rotation": 180, "texture": "#0"},
				"up": {"uv": [7, 1, 9.474, 3.947], "rotation": 180, "texture": "#0"},
				"down": {"uv": [7, 1, 9.474, 3.947], "rotation": 180, "texture": "#0"}
			}
		},
		{
			"from": [6.56887, 9.097, 10.23444],
			"to": [7.87075, 10.04417, 10.88916],
			"rotation": {"angle": 22.5, "axis": "x", "origin": [7.21981, 4.86813, 13.88201]},
			"faces": {
				"north": {"uv": [7, 1, 9.474, 3.947], "rotation": 180, "texture": "#0"},
				"east": {"uv": [7, 1, 9.474, 3.947], "rotation": 180, "texture": "#0"},
				"south": {"uv": [7, 1, 9.474, 3.947], "rotation": 180, "texture": "#0"},
				"west": {"uv": [7, 1, 9.474, 3.947], "rotation": 180, "texture": "#0"},
				"up": {"uv": [7, 1, 9.474, 3.947], "rotation": 180, "texture": "#0"},
				"down": {"uv": [7, 1, 9.474, 3.947], "rotation": 180, "texture": "#0"}
			}
		},
		{
			"from": [6.56887, 10.12085, 15.51486],
			"to": [7.87075, 11.07746, 15.91864],
			"rotation": {"angle": -22.5, "axis": "x", "origin": [7.21981, 4.9331, 14.70419]},
			"faces": {
				"north": {"uv": [7, 1, 9.474, 3.947], "rotation": 270, "texture": "#0"},
				"east": {"uv": [7, 1, 9.474, 3.947], "rotation": 270, "texture": "#0"},
				"south": {"uv": [7, 1, 9.474, 3.947], "rotation": 270, "texture": "#0"},
				"west": {"uv": [7, 1, 9.474, 3.947], "rotation": 270, "texture": "#0"},
				"up": {"uv": [7, 1, 9.474, 3.947], "rotation": 270, "texture": "#0"},
				"down": {"uv": [7, 1, 9.474, 3.947], "rotation": 270, "texture": "#0"}
			}
		},
		{
			"from": [6.56887, 9.85199, 12.10126],
			"to": [7.87075, 10.19538, 13.90315],
			"rotation": {"angle": 0, "axis": "z", "origin": [7.21981, 6.61907, 13.58013]},
			"faces": {
				"north": {"uv": [7, 1, 9.474, 3.947], "texture": "#0"},
				"east": {"uv": [7, 1, 9.474, 3.947], "texture": "#0"},
				"south": {"uv": [7, 1, 9.474, 3.947], "texture": "#0"},
				"west": {"uv": [7, 1, 9.474, 3.947], "texture": "#0"},
				"up": {"uv": [7, 1, 9.474, 3.947], "texture": "#0"},
				"down": {"uv": [7, 1, 9.474, 3.947], "texture": "#0"}
			}
		},
		{
			"from": [6.75849, 4.96142, 12.40315],
			"to": [7.68113, 11.28217, 13.60126],
			"rotation": {"angle": 0, "axis": "z", "origin": [7.21981, 6.61907, 13.58013]},
			"faces": {
				"north": {"uv": [7, 1, 9.474, 3.947], "texture": "#0"},
				"east": {"uv": [7, 1, 9.474, 3.947], "texture": "#0"},
				"south": {"uv": [7, 1, 9.474, 3.947], "texture": "#0"},
				"west": {"uv": [7, 1, 9.474, 3.947], "texture": "#0"},
				"up": {"uv": [7, 1, 9.474, 3.947], "texture": "#0"},
				"down": {"uv": [7, 1, 9.474, 3.947], "texture": "#0"}
			}
		},
		{
			"from": [6.56887, 12.2436, 11.44145],
			"to": [7.87075, 13.13039, 12.33768],
			"rotation": {"angle": 0, "axis": "z", "origin": [7.21981, 6.8002, 13.51975]},
			"faces": {
				"north": {"uv": [7, 1, 9.474, 3.947], "texture": "#0"},
				"east": {"uv": [7, 1, 9.474, 3.947], "texture": "#0"},
				"south": {"uv": [7, 1, 9.474, 3.947], "texture": "#0"},
				"west": {"uv": [7, 1, 9.474, 3.947], "texture": "#0"},
				"up": {"uv": [7, 1, 9.474, 3.947], "texture": "#0"},
				"down": {"uv": [7, 1, 9.474, 3.947], "texture": "#0"}
			}
		},
		{
			"from": [6.56887, 12.63024, 10.79019],
			"to": [7.87075, 12.92175, 11.7468],
			"rotation": {"angle": 0, "axis": "z", "origin": [7.21981, 6.82458, 12.37321]},
			"faces": {
				"north": {"uv": [7, 1, 9.474, 3.947], "texture": "#0"},
				"east": {"uv": [7, 1, 9.474, 3.947], "texture": "#0"},
				"south": {"uv": [7, 1, 9.474, 3.947], "texture": "#0"},
				"west": {"uv": [7, 1, 9.474, 3.947], "texture": "#0"},
				"up": {"uv": [7, 1, 9.474, 3.947], "texture": "#0"},
				"down": {"uv": [7, 1, 9.474, 3.947], "texture": "#0"}
			}
		},
		{
			"from": [6.50849, 10.93967, 0.78548],
			"to": [7.93113, 11.70571, 8.50435],
			"rotation": {"angle": 0, "axis": "z", "origin": [7.25, 6.5227, 3.73925]},
			"faces": {
				"north": {"uv": [0, 0, 8.122, 2.766], "texture": "#1"},
				"east": {"uv": [0, 0, 8.122, 2.766], "texture": "#1"},
				"south": {"uv": [0, 0, 8.122, 2.766], "texture": "#1"},
				"west": {"uv": [0, 0, 8.122, 2.766], "texture": "#1"},
				"up": {"uv": [0, 0, 8.122, 2.766], "rotation": 90, "texture": "#1"},
				"down": {"uv": [0, 0, 8.122, 2.766], "rotation": 270, "texture": "#1"}
			}
		},
		{
			"from": [6.50849, 11.90571, 0.7251],
			"to": [7.93113, 13.15477, 8.86661],
			"rotation": {"angle": 0, "axis": "z", "origin": [7.25, 6.5227, 3.73925]},
			"faces": {
				"north": {"uv": [0, 0, 11.413, 2.887], "texture": "#1"},
				"east": {"uv": [0, 0, 11.413, 2.887], "texture": "#1"},
				"south": {"uv": [0, 0, 11.413, 2.887], "texture": "#1"},
				"west": {"uv": [0, 0, 11.413, 2.887], "texture": "#1"},
				"up": {"uv": [0, 0, 11.413, 2.887], "rotation": 90, "texture": "#1"},
				"down": {"uv": [0, 0, 11.413, 2.887], "rotation": 270, "texture": "#1"}
			}
		},
		{
			"from": [6.50849, 8.99243, 6.32533],
			"to": [7.93113, 9.9396, 6.85929],
			"rotation": {"angle": 45, "axis": "x", "origin": [7.21981, 8.06232, 11.34679]},
			"faces": {
				"north": {"uv": [7, 1, 8.353, 2.947], "texture": "#1"},
				"east": {"uv": [7, 1, 8.353, 2.947], "texture": "#1"},
				"south": {"uv": [7, 1, 8.353, 2.947], "texture": "#1"},
				"west": {"uv": [7, 1, 8.353, 2.947], "texture": "#1"},
				"up": {"uv": [7, 1, 8.353, 2.947], "rotation": 90, "texture": "#1"},
				"down": {"uv": [7, 1, 8.353, 2.947], "rotation": 270, "texture": "#1"}
			}
		},
		{
			"from": [6.50849, 12.56986, 0.78548],
			"to": [7.93113, 13.3359, 10.55718],
			"rotation": {"angle": 0, "axis": "z", "origin": [7.25, 6.5227, 3.73925]},
			"faces": {
				"north": {"uv": [0, 0, 11.413, 2.887], "texture": "#1"},
				"east": {"uv": [0, 0, 11.413, 2.887], "texture": "#1"},
				"south": {"uv": [0, 0, 11.413, 2.887], "texture": "#1"},
				"west": {"uv": [0, 0, 11.413, 2.887], "texture": "#1"},
				"up": {"uv": [0, 0, 11.413, 2.887], "rotation": 90, "texture": "#1"},
				"down": {"uv": [0, 0, 11.413, 2.887], "rotation": 270, "texture": "#1"}
			}
		},
		{
			"from": [6.50849, 12.46218, 2.24999],
			"to": [7.93113, 12.92633, 3.02546],
			"rotation": {"angle": -22.5, "axis": "x", "origin": [7.21981, 6.76421, 5.00717]},
			"faces": {
				"north": {"uv": [0, 0, 8.122, 2.766], "texture": "#1"},
				"east": {"uv": [0, 0, 8.122, 2.766], "texture": "#1"},
				"south": {"uv": [0, 0, 8.122, 2.766], "texture": "#1"},
				"west": {"uv": [0, 0, 8.122, 2.766], "texture": "#1"},
				"up": {"uv": [0, 0, 8.122, 2.766], "rotation": 90, "texture": "#1"},
				"down": {"uv": [0, 0, 8.122, 2.766], "rotation": 270, "texture": "#1"}
			}
		},
		{
			"from": [6.50849, 10.92289, 0.16102],
			"to": [7.93113, 11.38704, 0.93649],
			"rotation": {"angle": 0, "axis": "z", "origin": [7.21981, 6.62667, 4.11102]},
			"faces": {
				"north": {"uv": [0, 0, 8.122, 2.766], "texture": "#1"},
				"east": {"uv": [0, 0, 8.122, 2.766], "texture": "#1"},
				"south": {"uv": [0, 0, 8.122, 2.766], "texture": "#1"},
				"west": {"uv": [0, 0, 8.122, 2.766], "texture": "#1"},
				"up": {"uv": [0, 0, 8.122, 2.766], "rotation": 90, "texture": "#1"},
				"down": {"uv": [0, 0, 8.122, 2.766], "rotation": 270, "texture": "#1"}
			}
		},
		{
			"from": [6.50849, 11.72458, 0.75529],
			"to": [7.93113, 11.94722, 9.89302],
			"rotation": {"angle": 0, "axis": "z", "origin": [7.25, 6.5227, 3.73925]},
			"faces": {
				"north": {"uv": [5, 8, 14.228, 8.464], "texture": "#0"},
				"east": {"uv": [5, 8, 14.228, 8.464], "texture": "#0"},
				"south": {"uv": [5, 8, 14.228, 8.464], "texture": "#0"},
				"west": {"uv": [5, 8, 14.228, 8.464], "texture": "#0"},
				"up": {"uv": [5, 8, 14.228, 8.464], "rotation": 90, "texture": "#0"},
				"down": {"uv": [5, 8, 14.228, 8.464], "rotation": 270, "texture": "#0"}
			}
		},
		{
			"from": [7.77642, 12.69062, 0.24208],
			"to": [7.87075, 13.57741, 4.51944],
			"rotation": {"angle": 0, "axis": "z", "origin": [7.25, 6.5227, 3.73925]},
			"faces": {
				"north": {"uv": [0, 0, 4.27736, 0.88679], "texture": "#0"},
				"east": {"uv": [0, 0, 4.27736, 0.88679], "texture": "#0"},
				"south": {"uv": [0, 0, 4.27736, 0.88679], "texture": "#0"},
				"west": {"uv": [0, 0, 4.27736, 0.88679], "texture": "#0"},
				"up": {"uv": [0, 0, 4.27736, 0.88679], "rotation": 90, "texture": "#0"},
				"down": {"uv": [0, 0, 4.27736, 0.88679], "rotation": 270, "texture": "#0"}
			}
		},
		{
			"from": [6.59744, 10.89067, 3.68359],
			"to": [6.69178, 11.77747, 8.02133],
			"rotation": {"angle": 0, "axis": "x", "origin": [7.2341, 8.79254, 8.29774]},
			"faces": {
				"north": {"uv": [0, 0, 4.33774, 0.88679], "rotation": 180, "texture": "#0"},
				"east": {"uv": [0, 0, 4.33774, 0.88679], "rotation": 180, "texture": "#0"},
				"south": {"uv": [0, 0, 4.33774, 0.88679], "rotation": 180, "texture": "#0"},
				"west": {"uv": [0, 0, 4.33774, 0.88679], "rotation": 180, "texture": "#0"},
				"up": {"uv": [0, 0, 4.33774, 0.88679], "rotation": 270, "texture": "#0"},
				"down": {"uv": [0, 0, 4.33774, 0.88679], "rotation": 90, "texture": "#0"}
			}
		},
		{
			"from": [6.56887, 12.69062, 0.24208],
			"to": [6.66321, 13.57741, 9.22887],
			"rotation": {"angle": 0, "axis": "z", "origin": [7.25, 6.5227, 3.73925]},
			"faces": {
				"north": {"uv": [0, 0, 8.98679, 0.88679], "texture": "#0"},
				"east": {"uv": [0, 0, 8.98679, 0.88679], "texture": "#0"},
				"south": {"uv": [0, 0, 8.98679, 0.88679], "texture": "#0"},
				"west": {"uv": [0, 0, 8.98679, 0.88679], "texture": "#0"},
				"up": {"uv": [0, 0, 8.98679, 0.88679], "rotation": 90, "texture": "#0"},
				"down": {"uv": [0, 0, 8.98679, 0.88679], "rotation": 270, "texture": "#0"}
			}
		},
		{
			"from": [7.80499, 10.89067, 3.62321],
			"to": [7.89933, 11.77747, 9.9534],
			"rotation": {"angle": 0, "axis": "x", "origin": [7.2341, 8.79254, 8.29774]},
			"faces": {
				"north": {"uv": [0, 0, 6.33019, 0.88679], "rotation": 180, "texture": "#0"},
				"east": {"uv": [0, 0, 6.33019, 0.88679], "rotation": 180, "texture": "#0"},
				"south": {"uv": [0, 0, 6.33019, 0.88679], "rotation": 180, "texture": "#0"},
				"west": {"uv": [0, 0, 6.33019, 0.88679], "rotation": 180, "texture": "#0"},
				"up": {"uv": [0, 0, 6.33019, 0.88679], "rotation": 270, "texture": "#0"},
				"down": {"uv": [0, 0, 6.33019, 0.88679], "rotation": 90, "texture": "#0"}
			}
		},
		{
			"from": [4.79931, 13.19593, 0.24208],
			"to": [5.25592, 13.41857, 9.22887],
			"rotation": {"angle": -22.5, "axis": "z", "origin": [6.61604, 8.87741, 8.29774]},
			"faces": {
				"north": {"uv": [0, 0, 8.98679, 0.22264], "texture": "#0"},
				"east": {"uv": [0, 0, 8.98679, 0.22264], "texture": "#0"},
				"south": {"uv": [0, 0, 8.98679, 0.22264], "texture": "#0"},
				"west": {"uv": [0, 0, 8.98679, 0.22264], "texture": "#0"},
				"up": {"uv": [0, 0, 8.98679, 0.22264], "rotation": 90, "texture": "#0"},
				"down": {"uv": [0, 0, 8.98679, 0.22264], "rotation": 270, "texture": "#0"}
			}
		},
		{
			"from": [6.56368, 10.76857, 3.62321],
			"to": [7.02028, 10.99121, 9.9534],
			"rotation": {"angle": -22.5, "axis": "z", "origin": [7.2341, 8.79254, 8.29774]},
			"faces": {
				"north": {"uv": [0, 0, 6.33019, 0.22264], "rotation": 180, "texture": "#0"},
				"east": {"uv": [0, 0, 6.33019, 0.22264], "rotation": 180, "texture": "#0"},
				"south": {"uv": [0, 0, 6.33019, 0.22264], "rotation": 180, "texture": "#0"},
				"west": {"uv": [0, 0, 6.33019, 0.22264], "rotation": 180, "texture": "#0"},
				"up": {"uv": [0, 0, 6.33019, 0.22264], "rotation": 270, "texture": "#0"},
				"down": {"uv": [0, 0, 6.33019, 0.22264], "rotation": 90, "texture": "#0"}
			}
		},
		{
			"from": [8.5251, 13.18617, 0.24208],
			"to": [8.74774, 13.40126, 9.22887],
			"rotation": {"angle": 22.5, "axis": "z", "origin": [6.67642, 8.93779, 8.29774]},
			"faces": {
				"north": {"uv": [0, 0, 8.98679, 0.21509], "texture": "#0"},
				"east": {"uv": [0, 0, 8.98679, 0.21509], "texture": "#0"},
				"south": {"uv": [0, 0, 8.98679, 0.21509], "texture": "#0"},
				"west": {"uv": [0, 0, 8.98679, 0.21509], "texture": "#0"},
				"up": {"uv": [0, 0, 8.98679, 0.21509], "rotation": 90, "texture": "#0"},
				"down": {"uv": [0, 0, 8.98679, 0.21509], "rotation": 270, "texture": "#0"}
			}
		},
		{
			"from": [8.25645, 10.34053, 3.62321],
			"to": [8.47909, 10.55563, 9.9534],
			"rotation": {"angle": 22.5, "axis": "z", "origin": [7.2341, 8.79254, 8.29774]},
			"faces": {
				"north": {"uv": [0, 0, 6.33019, 0.21509], "texture": "#0"},
				"east": {"uv": [0, 0, 6.33019, 0.21509], "texture": "#0"},
				"south": {"uv": [0, 0, 6.33019, 0.21509], "texture": "#0"},
				"west": {"uv": [0, 0, 6.33019, 0.21509], "texture": "#0"},
				"up": {"uv": [0, 0, 6.33019, 0.21509], "rotation": 90, "texture": "#0"},
				"down": {"uv": [0, 0, 6.33019, 0.21509], "rotation": 270, "texture": "#0"}
			}
		},
		{
			"from": [7.11396, 13.54646, 15.75906],
			"to": [7.3366, 13.6408, 23.05529],
			"rotation": {"angle": 0, "axis": "z", "origin": [7.1649, 8.09929, 19.70906]},
			"faces": {
				"north": {"uv": [0, 0, 7.29623, 0.09434], "texture": "#0"},
				"east": {"uv": [0, 0, 7.29623, 0.09434], "texture": "#0"},
				"south": {"uv": [0, 0, 7.29623, 0.09434], "texture": "#0"},
				"west": {"uv": [0, 0, 7.29623, 0.09434], "texture": "#0"},
				"up": {"uv": [0, 0, 7.29623, 0.09434], "rotation": 90, "texture": "#0"},
				"down": {"uv": [0, 0, 7.29623, 0.09434], "rotation": 270, "texture": "#0"}
			}
		},
		{
			"from": [7.58138, 13.12139, 15.75906],
			"to": [7.67572, 13.34403, 23.05529],
			"rotation": {"angle": 0, "axis": "x", "origin": [7.87006, 7.97988, 19.70906]},
			"faces": {
				"north": {"uv": [0, 0, 7.29623, 0.22264], "rotation": 180, "texture": "#0"},
				"east": {"uv": [0, 0, 7.29623, 0.22264], "rotation": 180, "texture": "#0"},
				"south": {"uv": [0, 0, 7.29623, 0.22264], "rotation": 180, "texture": "#0"},
				"west": {"uv": [0, 0, 7.29623, 0.22264], "rotation": 180, "texture": "#0"},
				"up": {"uv": [0, 0, 7.29623, 0.22264], "rotation": 270, "texture": "#0"},
				"down": {"uv": [0, 0, 7.29623, 0.22264], "rotation": 90, "texture": "#0"}
			}
		},
		{
			"from": [5.58522, 12.59095, 15.75906],
			"to": [5.67956, 12.81359, 23.05529],
			"rotation": {"angle": -22.5, "axis": "z", "origin": [7.53872, 8.01102, 17.94302]},
			"faces": {
				"north": {"uv": [0, 0, 7.29623, 0.22264], "rotation": 180, "texture": "#0"},
				"east": {"uv": [0, 0, 7.29623, 0.22264], "rotation": 180, "texture": "#0"},
				"south": {"uv": [0, 0, 7.29623, 0.22264], "rotation": 180, "texture": "#0"},
				"west": {"uv": [0, 0, 7.29623, 0.22264], "rotation": 180, "texture": "#0"},
				"up": {"uv": [0, 0, 7.29623, 0.22264], "rotation": 270, "texture": "#0"},
				"down": {"uv": [0, 0, 7.29623, 0.22264], "rotation": 90, "texture": "#0"}
			}
		},
		{
			"from": [9.57267, 12.9905, 15.75906],
			"to": [9.66701, 13.21314, 23.05529],
			"rotation": {"angle": 22.5, "axis": "z", "origin": [7.87006, 8.10064, 19.70906]},
			"faces": {
				"north": {"uv": [0, 0, 7.29623, 0.22264], "rotation": 180, "texture": "#0"},
				"east": {"uv": [0, 0, 7.29623, 0.22264], "rotation": 180, "texture": "#0"},
				"south": {"uv": [0, 0, 7.29623, 0.22264], "rotation": 180, "texture": "#0"},
				"west": {"uv": [0, 0, 7.29623, 0.22264], "rotation": 180, "texture": "#0"},
				"up": {"uv": [0, 0, 7.29623, 0.22264], "rotation": 270, "texture": "#0"},
				"down": {"uv": [0, 0, 7.29623, 0.22264], "rotation": 90, "texture": "#0"}
			}
		},
		{
			"from": [5.35349, 12.94895, 15.75906],
			"to": [5.57614, 13.04329, 23.05529],
			"rotation": {"angle": -22.5, "axis": "z", "origin": [7.80968, 8.34215, 19.70906]},
			"faces": {
				"north": {"uv": [0, 0, 7.29623, 0.09434], "texture": "#0"},
				"east": {"uv": [0, 0, 7.29623, 0.09434], "texture": "#0"},
				"south": {"uv": [0, 0, 7.29623, 0.09434], "texture": "#0"},
				"west": {"uv": [0, 0, 7.29623, 0.09434], "texture": "#0"},
				"up": {"uv": [0, 0, 7.29623, 0.09434], "rotation": 90, "texture": "#0"},
				"down": {"uv": [0, 0, 7.29623, 0.09434], "rotation": 270, "texture": "#0"}
			}
		},
		{
			"from": [8.88666, 13.14246, 15.75906],
			"to": [9.10175, 13.24435, 23.05529],
			"rotation": {"angle": 22.5, "axis": "z", "origin": [7.1649, 8.52193, 19.70906]},
			"faces": {
				"north": {"uv": [0, 0, 7.29623, 0.10189], "texture": "#0"},
				"east": {"uv": [0, 0, 7.29623, 0.10189], "texture": "#0"},
				"south": {"uv": [0, 0, 7.29623, 0.10189], "texture": "#0"},
				"west": {"uv": [0, 0, 7.29623, 0.10189], "texture": "#0"},
				"up": {"uv": [0, 0, 7.29623, 0.10189], "rotation": 90, "texture": "#0"},
				"down": {"uv": [0, 0, 7.29623, 0.10189], "rotation": 270, "texture": "#0"}
			}
		},
		{
			"from": [4.90376, 12.81728, 15.75906],
			"to": [5.00565, 13.03237, 23.05529],
			"rotation": {"angle": -22.5, "axis": "z", "origin": [7.10453, 8.22005, 19.70906]},
			"faces": {
				"north": {"uv": [0, 0, 7.29623, 0.21509], "texture": "#0"},
				"east": {"uv": [0, 0, 7.29623, 0.21509], "texture": "#0"},
				"south": {"uv": [0, 0, 7.29623, 0.21509], "texture": "#0"},
				"west": {"uv": [0, 0, 7.29623, 0.21509], "texture": "#0"},
				"up": {"uv": [0, 0, 7.29623, 0.21509], "rotation": 90, "texture": "#0"},
				"down": {"uv": [0, 0, 7.29623, 0.21509], "rotation": 270, "texture": "#0"}
			}
		},
		{
			"from": [6.81207, 13.12381, 15.75906],
			"to": [6.91396, 13.33891, 23.05529],
			"rotation": {"angle": 0, "axis": "z", "origin": [7.1649, 8.09929, 19.70906]},
			"faces": {
				"north": {"uv": [0, 0, 7.29623, 0.21509], "texture": "#0"},
				"east": {"uv": [0, 0, 7.29623, 0.21509], "texture": "#0"},
				"south": {"uv": [0, 0, 7.29623, 0.21509], "texture": "#0"},
				"west": {"uv": [0, 0, 7.29623, 0.21509], "texture": "#0"},
				"up": {"uv": [0, 0, 7.29623, 0.21509], "rotation": 90, "texture": "#0"},
				"down": {"uv": [0, 0, 7.29623, 0.21509], "rotation": 270, "texture": "#0"}
			}
		},
		{
			"from": [8.79386, 12.67757, 15.75906],
			"to": [8.88819, 12.90021, 23.05529],
			"rotation": {"angle": 22.5, "axis": "z", "origin": [7.1649, 8.09929, 19.70906]},
			"faces": {
				"north": {"uv": [0, 0, 7.29623, 0.22264], "texture": "#0"},
				"east": {"uv": [0, 0, 7.29623, 0.22264], "texture": "#0"},
				"south": {"uv": [0, 0, 7.29623, 0.22264], "texture": "#0"},
				"west": {"uv": [0, 0, 7.29623, 0.22264], "texture": "#0"},
				"up": {"uv": [0, 0, 7.29623, 0.22264], "rotation": 90, "texture": "#0"},
				"down": {"uv": [0, 0, 7.29623, 0.22264], "rotation": 270, "texture": "#0"}
			}
		},
		{
			"from": [5.08886, 12.37141, 15.75906],
			"to": [5.3115, 12.46574, 23.05529],
			"rotation": {"angle": -22.5, "axis": "z", "origin": [7.40641, 7.97854, 19.70906]},
			"faces": {
				"north": {"uv": [0, 0, 7.29623, 0.09434], "texture": "#0"},
				"east": {"uv": [0, 0, 7.29623, 0.09434], "texture": "#0"},
				"south": {"uv": [0, 0, 7.29623, 0.09434], "texture": "#0"},
				"west": {"uv": [0, 0, 7.29623, 0.09434], "texture": "#0"},
				"up": {"uv": [0, 0, 7.29623, 0.09434], "rotation": 90, "texture": "#0"},
				"down": {"uv": [0, 0, 7.29623, 0.09434], "rotation": 270, "texture": "#0"}
			}
		},
		{
			"from": [9.29633, 12.49625, 15.75906],
			"to": [9.51897, 12.59059, 23.05529],
			"rotation": {"angle": 22.5, "axis": "z", "origin": [7.46679, 7.7974, 19.70906]},
			"faces": {
				"north": {"uv": [0, 0, 7.29623, 0.09434], "texture": "#0"},
				"east": {"uv": [0, 0, 7.29623, 0.09434], "texture": "#0"},
				"south": {"uv": [0, 0, 7.29623, 0.09434], "texture": "#0"},
				"west": {"uv": [0, 0, 7.29623, 0.09434], "texture": "#0"},
				"up": {"uv": [0, 0, 7.29623, 0.09434], "rotation": 90, "texture": "#0"},
				"down": {"uv": [0, 0, 7.29623, 0.09434], "rotation": 270, "texture": "#0"}
			}
		},
		{
			"from": [7.11396, 12.82193, 15.75906],
			"to": [7.3366, 12.91627, 23.05529],
			"rotation": {"angle": 0, "axis": "z", "origin": [7.1649, 8.09929, 19.70906]},
			"faces": {
				"north": {"uv": [0, 0, 7.29623, 0.09434], "texture": "#0"},
				"east": {"uv": [0, 0, 7.29623, 0.09434], "texture": "#0"},
				"south": {"uv": [0, 0, 7.29623, 0.09434], "texture": "#0"},
				"west": {"uv": [0, 0, 7.29623, 0.09434], "texture": "#0"},
				"up": {"uv": [0, 0, 7.29623, 0.09434], "rotation": 90, "texture": "#0"},
				"down": {"uv": [0, 0, 7.29623, 0.09434], "rotation": 270, "texture": "#0"}
			}
		},
		{
			"from": [7.05358, 13.48608, 21.67604],
			"to": [7.39698, 14.00306, 21.93359],
			"rotation": {"angle": 0, "axis": "z", "origin": [7.1649, 8.09929, 19.70906]},
			"faces": {
				"north": {"uv": [0, 0, 0.25755, 0.51698], "texture": "#0"},
				"east": {"uv": [0, 0, 0.25755, 0.51698], "texture": "#0"},
				"south": {"uv": [0, 0, 0.25755, 0.51698], "texture": "#0"},
				"west": {"uv": [0, 0, 0.25755, 0.51698], "texture": "#0"},
				"up": {"uv": [0, 0, 0.25755, 0.51698], "rotation": 90, "texture": "#0"},
				"down": {"uv": [0, 0, 0.25755, 0.51698], "rotation": 270, "texture": "#0"}
			}
		},
		{
			"from": [7.05358, 13.4257, 21.07227],
			"to": [7.39698, 13.70117, 22.83925],
			"rotation": {"angle": 0, "axis": "z", "origin": [7.1649, 8.09929, 19.70906]},
			"faces": {
				"north": {"uv": [0, 0, 1.76698, 0.27547], "texture": "#0"},
				"east": {"uv": [0, 0, 1.76698, 0.27547], "texture": "#0"},
				"south": {"uv": [0, 0, 1.76698, 0.27547], "texture": "#0"},
				"west": {"uv": [0, 0, 1.76698, 0.27547], "texture": "#0"},
				"up": {"uv": [0, 0, 1.76698, 0.27547], "rotation": 90, "texture": "#0"},
				"down": {"uv": [0, 0, 1.76698, 0.27547], "rotation": 270, "texture": "#0"}
			}
		},
		{
			"from": [6.87245, 13.90872, 21.67604],
			"to": [7.57811, 14.00306, 21.93359],
			"rotation": {"angle": 0, "axis": "z", "origin": [7.1649, 8.09929, 19.70906]},
			"faces": {
				"north": {"uv": [0, 0, 0.25755, 0.09434], "texture": "#0"},
				"east": {"uv": [0, 0, 0.25755, 0.09434], "texture": "#0"},
				"south": {"uv": [0, 0, 0.25755, 0.09434], "texture": "#0"},
				"west": {"uv": [0, 0, 0.25755, 0.09434], "texture": "#0"},
				"up": {"uv": [0, 0, 0.25755, 0.09434], "rotation": 90, "texture": "#0"},
				"down": {"uv": [0, 0, 0.25755, 0.09434], "rotation": 270, "texture": "#0"}
			}
		},
		{
			"from": [6.87245, 14.57287, 21.67604],
			"to": [7.57811, 14.66721, 21.93359],
			"rotation": {"angle": 0, "axis": "z", "origin": [7.1649, 8.09929, 19.70906]},
			"faces": {
				"north": {"uv": [0, 0, 0.25755, 0.09434], "texture": "#0"},
				"east": {"uv": [0, 0, 0.25755, 0.09434], "texture": "#0"},
				"south": {"uv": [0, 0, 0.25755, 0.09434], "texture": "#0"},
				"west": {"uv": [0, 0, 0.25755, 0.09434], "texture": "#0"},
				"up": {"uv": [0, 0, 0.25755, 0.09434], "rotation": 90, "texture": "#0"},
				"down": {"uv": [0, 0, 0.25755, 0.09434], "rotation": 270, "texture": "#0"}
			}
		},
		{
			"from": [6.87622, 13.96532, 21.67604],
			"to": [6.97056, 14.67098, 21.93359],
			"rotation": {"angle": 0, "axis": "x", "origin": [7.22528, 9.24646, 25.36708]},
			"faces": {
				"north": {"uv": [0, 0, 0.25755, 0.70566], "texture": "#0"},
				"east": {"uv": [0, 0, 0.25755, 0.70566], "texture": "#0"},
				"south": {"uv": [0, 0, 0.25755, 0.70566], "texture": "#0"},
				"west": {"uv": [0, 0, 0.25755, 0.70566], "texture": "#0"},
				"up": {"uv": [0, 0, 0.25755, 0.70566], "rotation": 90, "texture": "#0"},
				"down": {"uv": [0, 0, 0.25755, 0.70566], "rotation": 270, "texture": "#0"}
			}
		},
		{
			"from": [7.48, 13.96532, 21.67604],
			"to": [7.57434, 14.67098, 21.93359],
			"rotation": {"angle": 0, "axis": "x", "origin": [7.22528, 9.24646, 25.36708]},
			"faces": {
				"north": {"uv": [0, 0, 0.25755, 0.70566], "texture": "#0"},
				"east": {"uv": [0, 0, 0.25755, 0.70566], "texture": "#0"},
				"south": {"uv": [0, 0, 0.25755, 0.70566], "texture": "#0"},
				"west": {"uv": [0, 0, 0.25755, 0.70566], "texture": "#0"},
				"up": {"uv": [0, 0, 0.25755, 0.70566], "rotation": 90, "texture": "#0"},
				"down": {"uv": [0, 0, 0.25755, 0.70566], "rotation": 270, "texture": "#0"}
			}
		},
		{
			"from": [7.17434, 13.60683, 21.67604],
			"to": [7.27622, 14.36532, 21.93359],
			"rotation": {"angle": 0, "axis": "z", "origin": [7.1649, 8.09929, 19.70906]},
			"faces": {
				"north": {"uv": [0, 0, 0.25755, 0.75849], "texture": "#0"},
				"east": {"uv": [0, 0, 0.25755, 0.75849], "texture": "#0"},
				"south": {"uv": [0, 0, 0.25755, 0.75849], "texture": "#0"},
				"west": {"uv": [0, 0, 0.25755, 0.75849], "texture": "#0"},
				"up": {"uv": [0, 0, 0.25755, 0.75849], "rotation": 90, "texture": "#0"},
				"down": {"uv": [0, 0, 0.25755, 0.75849], "rotation": 270, "texture": "#0"}
			}
		},
		{
			"from": [7.521, 13.06101, 21.07227],
			"to": [7.7361, 13.40441, 22.83925],
			"rotation": {"angle": 0, "axis": "x", "origin": [7.87006, 7.97988, 19.70906]},
			"faces": {
				"north": {"uv": [0, 0, 1.76698, 0.3434], "rotation": 180, "texture": "#0"},
				"east": {"uv": [0, 0, 1.76698, 0.3434], "rotation": 180, "texture": "#0"},
				"south": {"uv": [0, 0, 1.76698, 0.3434], "rotation": 180, "texture": "#0"},
				"west": {"uv": [0, 0, 1.76698, 0.3434], "rotation": 180, "texture": "#0"},
				"up": {"uv": [0, 0, 1.76698, 0.3434], "rotation": 270, "texture": "#0"},
				"down": {"uv": [0, 0, 1.76698, 0.3434], "rotation": 90, "texture": "#0"}
			}
		},
		{
			"from": [5.52484, 12.53057, 21.07227],
			"to": [5.73994, 12.87397, 22.83925],
			"rotation": {"angle": -22.5, "axis": "z", "origin": [7.53872, 8.01102, 17.94302]},
			"faces": {
				"north": {"uv": [0, 0, 1.76698, 0.3434], "rotation": 180, "texture": "#0"},
				"east": {"uv": [0, 0, 1.76698, 0.3434], "rotation": 180, "texture": "#0"},
				"south": {"uv": [0, 0, 1.76698, 0.3434], "rotation": 180, "texture": "#0"},
				"west": {"uv": [0, 0, 1.76698, 0.3434], "rotation": 180, "texture": "#0"},
				"up": {"uv": [0, 0, 1.76698, 0.3434], "rotation": 270, "texture": "#0"},
				"down": {"uv": [0, 0, 1.76698, 0.3434], "rotation": 90, "texture": "#0"}
			}
		},
		{
			"from": [9.51229, 12.93012, 21.07227],
			"to": [9.72739, 13.27352, 22.83925],
			"rotation": {"angle": 22.5, "axis": "z", "origin": [7.87006, 8.10064, 19.70906]},
			"faces": {
				"north": {"uv": [0, 0, 1.76698, 0.3434], "rotation": 180, "texture": "#0"},
				"east": {"uv": [0, 0, 1.76698, 0.3434], "rotation": 180, "texture": "#0"},
				"south": {"uv": [0, 0, 1.76698, 0.3434], "rotation": 180, "texture": "#0"},
				"west": {"uv": [0, 0, 1.76698, 0.3434], "rotation": 180, "texture": "#0"},
				"up": {"uv": [0, 0, 1.76698, 0.3434], "rotation": 270, "texture": "#0"},
				"down": {"uv": [0, 0, 1.76698, 0.3434], "rotation": 90, "texture": "#0"}
			}
		},
		{
			"from": [5.29312, 12.88857, 21.07227],
			"to": [5.63651, 13.10367, 22.83925],
			"rotation": {"angle": -22.5, "axis": "z", "origin": [7.80968, 8.34215, 19.70906]},
			"faces": {
				"north": {"uv": [0, 0, 1.76698, 0.21509], "texture": "#0"},
				"east": {"uv": [0, 0, 1.76698, 0.21509], "texture": "#0"},
				"south": {"uv": [0, 0, 1.76698, 0.21509], "texture": "#0"},
				"west": {"uv": [0, 0, 1.76698, 0.21509], "texture": "#0"},
				"up": {"uv": [0, 0, 1.76698, 0.21509], "rotation": 90, "texture": "#0"},
				"down": {"uv": [0, 0, 1.76698, 0.21509], "rotation": 270, "texture": "#0"}
			}
		},
		{
			"from": [8.82628, 13.08208, 21.07227],
			"to": [9.16213, 13.30472, 22.83925],
			"rotation": {"angle": 22.5, "axis": "z", "origin": [7.1649, 8.52193, 19.70906]},
			"faces": {
				"north": {"uv": [0, 0, 1.76698, 0.22264], "texture": "#0"},
				"east": {"uv": [0, 0, 1.76698, 0.22264], "texture": "#0"},
				"south": {"uv": [0, 0, 1.76698, 0.22264], "texture": "#0"},
				"west": {"uv": [0, 0, 1.76698, 0.22264], "texture": "#0"},
				"up": {"uv": [0, 0, 1.76698, 0.22264], "rotation": 90, "texture": "#0"},
				"down": {"uv": [0, 0, 1.76698, 0.22264], "rotation": 270, "texture": "#0"}
			}
		},
		{
			"from": [4.84338, 12.7569, 21.07227],
			"to": [5.06602, 13.09275, 22.83925],
			"rotation": {"angle": -22.5, "axis": "z", "origin": [7.10453, 8.22005, 19.70906]},
			"faces": {
				"north": {"uv": [0, 0, 1.76698, 0.33585], "texture": "#0"},
				"east": {"uv": [0, 0, 1.76698, 0.33585], "texture": "#0"},
				"south": {"uv": [0, 0, 1.76698, 0.33585], "texture": "#0"},
				"west": {"uv": [0, 0, 1.76698, 0.33585], "texture": "#0"},
				"up": {"uv": [0, 0, 1.76698, 0.33585], "rotation": 90, "texture": "#0"},
				"down": {"uv": [0, 0, 1.76698, 0.33585], "rotation": 270, "texture": "#0"}
			}
		},
		{
			"from": [6.7517, 13.06344, 21.07227],
			"to": [6.97434, 13.39929, 22.83925],
			"rotation": {"angle": 0, "axis": "z", "origin": [7.1649, 8.09929, 19.70906]},
			"faces": {
				"north": {"uv": [0, 0, 1.76698, 0.33585], "texture": "#0"},
				"east": {"uv": [0, 0, 1.76698, 0.33585], "texture": "#0"},
				"south": {"uv": [0, 0, 1.76698, 0.33585], "texture": "#0"},
				"west": {"uv": [0, 0, 1.76698, 0.33585], "texture": "#0"},
				"up": {"uv": [0, 0, 1.76698, 0.33585], "rotation": 90, "texture": "#0"},
				"down": {"uv": [0, 0, 1.76698, 0.33585], "rotation": 270, "texture": "#0"}
			}
		},
		{
			"from": [8.73348, 12.6172, 21.07227],
			"to": [8.94857, 12.96059, 22.83925],
			"rotation": {"angle": 22.5, "axis": "z", "origin": [7.1649, 8.09929, 19.70906]},
			"faces": {
				"north": {"uv": [0, 0, 1.76698, 0.3434], "texture": "#0"},
				"east": {"uv": [0, 0, 1.76698, 0.3434], "texture": "#0"},
				"south": {"uv": [0, 0, 1.76698, 0.3434], "texture": "#0"},
				"west": {"uv": [0, 0, 1.76698, 0.3434], "texture": "#0"},
				"up": {"uv": [0, 0, 1.76698, 0.3434], "rotation": 90, "texture": "#0"},
				"down": {"uv": [0, 0, 1.76698, 0.3434], "rotation": 270, "texture": "#0"}
			}
		},
		{
			"from": [5.02848, 12.31103, 21.07227],
			"to": [5.37188, 12.52612, 22.83925],
			"rotation": {"angle": -22.5, "axis": "z", "origin": [7.40641, 7.97854, 19.70906]},
			"faces": {
				"north": {"uv": [0, 0, 1.76698, 0.21509], "texture": "#0"},
				"east": {"uv": [0, 0, 1.76698, 0.21509], "texture": "#0"},
				"south": {"uv": [0, 0, 1.76698, 0.21509], "texture": "#0"},
				"west": {"uv": [0, 0, 1.76698, 0.21509], "texture": "#0"},
				"up": {"uv": [0, 0, 1.76698, 0.21509], "rotation": 90, "texture": "#0"},
				"down": {"uv": [0, 0, 1.76698, 0.21509], "rotation": 270, "texture": "#0"}
			}
		},
		{
			"from": [9.23595, 12.43587, 21.07227],
			"to": [9.57935, 12.65097, 22.83925],
			"rotation": {"angle": 22.5, "axis": "z", "origin": [7.46679, 7.7974, 19.70906]},
			"faces": {
				"north": {"uv": [0, 0, 1.76698, 0.21509], "texture": "#0"},
				"east": {"uv": [0, 0, 1.76698, 0.21509], "texture": "#0"},
				"south": {"uv": [0, 0, 1.76698, 0.21509], "texture": "#0"},
				"west": {"uv": [0, 0, 1.76698, 0.21509], "texture": "#0"},
				"up": {"uv": [0, 0, 1.76698, 0.21509], "rotation": 90, "texture": "#0"},
				"down": {"uv": [0, 0, 1.76698, 0.21509], "rotation": 270, "texture": "#0"}
			}
		},
		{
			"from": [7.05358, 12.76155, 21.07227],
			"to": [7.39698, 12.97665, 22.83925],
			"rotation": {"angle": 0, "axis": "z", "origin": [7.1649, 8.09929, 19.70906]},
			"faces": {
				"north": {"uv": [0, 0, 1.76698, 0.21509], "texture": "#0"},
				"east": {"uv": [0, 0, 1.76698, 0.21509], "texture": "#0"},
				"south": {"uv": [0, 0, 1.76698, 0.21509], "texture": "#0"},
				"west": {"uv": [0, 0, 1.76698, 0.21509], "texture": "#0"},
				"up": {"uv": [0, 0, 1.76698, 0.21509], "rotation": 90, "texture": "#0"},
				"down": {"uv": [0, 0, 1.76698, 0.21509], "rotation": 270, "texture": "#0"}
			}
		},
		{
			"from": [7.11396, 12.39929, 15.75906],
			"to": [7.3366, 13.0974, 20.51944],
			"rotation": {"angle": 0, "axis": "z", "origin": [7.1649, 8.09929, 19.70906]},
			"faces": {
				"north": {"uv": [0, 0, 4.76038, 0.69811], "texture": "#0"},
				"east": {"uv": [0, 0, 4.76038, 0.69811], "texture": "#0"},
				"south": {"uv": [0, 0, 4.76038, 0.69811], "texture": "#0"},
				"west": {"uv": [0, 0, 4.76038, 0.69811], "texture": "#0"},
				"up": {"uv": [0, 0, 4.76038, 0.69811], "rotation": 90, "texture": "#0"},
				"down": {"uv": [0, 0, 4.76038, 0.69811], "rotation": 270, "texture": "#0"}
			}
		},
		{
			"from": [7.05358, 12.05872, 20.26567],
			"to": [7.39698, 13.19646, 20.54114],
			"rotation": {"angle": 0, "axis": "z", "origin": [7.22528, 8.03891, 23.63359]},
			"faces": {
				"north": {"uv": [0, 0, 1.13774, 0.27547], "rotation": 90, "texture": "#0"},
				"east": {"uv": [0, 0, 1.13774, 0.27547], "rotation": 90, "texture": "#0"},
				"south": {"uv": [0, 0, 1.13774, 0.27547], "rotation": 90, "texture": "#0"},
				"west": {"uv": [0, 0, 1.13774, 0.27547], "rotation": 90, "texture": "#0"},
				"up": {"uv": [0, 0, 1.13774, 0.27547], "rotation": 180, "texture": "#0"},
				"down": {"uv": [0, 0, 1.13774, 0.27547], "texture": "#0"}
			}
		},
		{
			"from": [7.05358, 10.42944, 18.95772],
			"to": [7.39698, 11.56718, 19.23319],
			"rotation": {"angle": 22.5, "axis": "x", "origin": [7.22528, 8.03891, 23.63359]},
			"faces": {
				"north": {"uv": [0, 0, 1.13774, 0.27547], "rotation": 90, "texture": "#0"},
				"east": {"uv": [0, 0, 1.13774, 0.27547], "rotation": 90, "texture": "#0"},
				"south": {"uv": [0, 0, 1.13774, 0.27547], "rotation": 90, "texture": "#0"},
				"west": {"uv": [0, 0, 1.13774, 0.27547], "rotation": 90, "texture": "#0"},
				"up": {"uv": [0, 0, 1.13774, 0.27547], "rotation": 180, "texture": "#0"},
				"down": {"uv": [0, 0, 1.13774, 0.27547], "texture": "#0"}
			}
		},
		{
			"from": [6.95593, 12.40388, 8.81567],
			"to": [7.66159, 13.46426, 16.41378],
			"rotation": {"angle": 0, "axis": "x", "origin": [7.2341, 8.79254, 8.29774]},
			"faces": {
				"north": {"uv": [0, 0, 7.59811, 1.06038], "texture": "#0"},
				"east": {"uv": [0, 0, 7.59811, 1.06038], "texture": "#0"},
				"south": {"uv": [0, 0, 7.59811, 1.06038], "texture": "#0"},
				"west": {"uv": [0, 0, 7.59811, 1.06038], "texture": "#0"},
				"up": {"uv": [0, 0, 7.59811, 1.06038], "rotation": 90, "texture": "#0"},
				"down": {"uv": [0, 0, 7.59811, 1.06038], "rotation": 270, "texture": "#0"}
			}
		},
		{
			"from": [8.81394, 12.0223, 8.81567],
			"to": [9.5196, 13.08267, 16.41378],
			"rotation": {"angle": 22.5, "axis": "z", "origin": [7.47834, 8.01102, 17.94302]},
			"faces": {
				"north": {"uv": [0, 0, 7.59811, 1.06038], "texture": "#0"},
				"east": {"uv": [0, 0, 7.59811, 1.06038], "texture": "#0"},
				"south": {"uv": [0, 0, 7.59811, 1.06038], "texture": "#0"},
				"west": {"uv": [0, 0, 7.59811, 1.06038], "texture": "#0"},
				"up": {"uv": [0, 0, 7.59811, 1.06038], "rotation": 90, "texture": "#0"},
				"down": {"uv": [0, 0, 7.59811, 1.06038], "rotation": 270, "texture": "#0"}
			}
		},
		{
			"from": [10.69096, 11.04221, 8.81567],
			"to": [10.97398, 12.04221, 16.41378],
			"rotation": {"angle": 45, "axis": "z", "origin": [7.53872, 8.01102, 17.94302]},
			"faces": {
				"north": {"uv": [0, 0, 7.59811, 1], "texture": "#0"},
				"east": {"uv": [0, 0, 7.59811, 1], "texture": "#0"},
				"south": {"uv": [0, 0, 7.59811, 1], "texture": "#0"},
				"west": {"uv": [0, 0, 7.59811, 1], "texture": "#0"},
				"up": {"uv": [0, 0, 7.59811, 1], "rotation": 90, "texture": "#0"},
				"down": {"uv": [0, 0, 7.59811, 1], "rotation": 270, "texture": "#0"}
			}
		},
		{
			"from": [5.24345, 12.05759, 8.81567],
			"to": [5.46609, 12.33306, 16.41378],
			"rotation": {"angle": -22.5, "axis": "z", "origin": [7.2341, 8.79254, 8.29774]},
			"faces": {
				"north": {"uv": [0, 0, 7.59811, 0.27547], "texture": "#0"},
				"east": {"uv": [0, 0, 7.59811, 0.27547], "texture": "#0"},
				"south": {"uv": [0, 0, 7.59811, 0.27547], "texture": "#0"},
				"west": {"uv": [0, 0, 7.59811, 0.27547], "texture": "#0"},
				"up": {"uv": [0, 0, 7.59811, 0.27547], "rotation": 90, "texture": "#0"},
				"down": {"uv": [0, 0, 7.59811, 0.27547], "rotation": 270, "texture": "#0"}
			}
		},
		{
			"from": [8.16747, 12.43107, 8.81567],
			"to": [8.38257, 12.65371, 16.41378],
			"rotation": {"angle": 22.5, "axis": "z", "origin": [7.2341, 8.79254, 8.29774]},
			"faces": {
				"north": {"uv": [0, 0, 7.59811, 0.22264], "rotation": 180, "texture": "#0"},
				"east": {"uv": [0, 0, 7.59811, 0.22264], "rotation": 180, "texture": "#0"},
				"south": {"uv": [0, 0, 7.59811, 0.22264], "rotation": 180, "texture": "#0"},
				"west": {"uv": [0, 0, 7.59811, 0.22264], "rotation": 180, "texture": "#0"},
				"up": {"uv": [0, 0, 7.59811, 0.22264], "rotation": 270, "texture": "#0"},
				"down": {"uv": [0, 0, 7.59811, 0.22264], "rotation": 90, "texture": "#0"}
			}
		},
		{
			"from": [6.59744, 12.702, 8.81567],
			"to": [6.69178, 13.10577, 16.41378],
			"rotation": {"angle": 0, "axis": "x", "origin": [7.2341, 8.79254, 8.29774]},
			"faces": {
				"north": {"uv": [0, 0, 7.59811, 0.40377], "rotation": 180, "texture": "#0"},
				"east": {"uv": [0, 0, 7.59811, 0.40377], "rotation": 180, "texture": "#0"},
				"south": {"uv": [0, 0, 7.59811, 0.40377], "rotation": 180, "texture": "#0"},
				"west": {"uv": [0, 0, 7.59811, 0.40377], "rotation": 180, "texture": "#0"},
				"up": {"uv": [0, 0, 7.59811, 0.40377], "rotation": 270, "texture": "#0"},
				"down": {"uv": [0, 0, 7.59811, 0.40377], "rotation": 90, "texture": "#0"}
			}
		},
		{
			"from": [6.56887, 12.93213, 4.16661],
			"to": [7.81038, 13.57741, 16.41378],
			"rotation": {"angle": 0, "axis": "z", "origin": [7.25, 6.5227, 3.73925]},
			"faces": {
				"north": {"uv": [0, 0, 12.24717, 0.64528], "texture": "#0"},
				"east": {"uv": [0, 0, 12.24717, 0.64528], "texture": "#0"},
				"south": {"uv": [0, 0, 12.24717, 0.64528], "texture": "#0"},
				"west": {"uv": [0, 0, 12.24717, 0.64528], "texture": "#0"},
				"up": {"uv": [0, 0, 12.24717, 0.64528], "rotation": 90, "texture": "#0"},
				"down": {"uv": [0, 0, 12.24717, 0.64528], "rotation": 270, "texture": "#0"}
			}
		},
		{
			"from": [7.35377, 13.35477, 4.83076],
			"to": [8.59528, 13.63779, 5.12321],
			"rotation": {"angle": 0, "axis": "z", "origin": [7.25, 6.5227, 3.73925]},
			"faces": {
				"north": {"uv": [0, 0, 0.29245, 0.28302], "texture": "#0"},
				"east": {"uv": [0, 0, 0.29245, 0.28302], "texture": "#0"},
				"south": {"uv": [0, 0, 0.29245, 0.28302], "texture": "#0"},
				"west": {"uv": [0, 0, 0.29245, 0.28302], "texture": "#0"},
				"up": {"uv": [0, 0, 0.29245, 0.28302], "rotation": 90, "texture": "#0"},
				"down": {"uv": [0, 0, 0.29245, 0.28302], "rotation": 270, "texture": "#0"}
			}
		},
		{
			"from": [8.38019, 13.29439, 4.77038],
			"to": [8.59528, 13.69816, 5.18359],
			"rotation": {"angle": 0, "axis": "z", "origin": [7.25, 6.5227, 3.73925]},
			"faces": {
				"north": {"uv": [0, 0, 0.41321, 0.40377], "texture": "#0"},
				"east": {"uv": [0, 0, 0.41321, 0.40377], "texture": "#0"},
				"south": {"uv": [0, 0, 0.41321, 0.40377], "texture": "#0"},
				"west": {"uv": [0, 0, 0.41321, 0.40377], "texture": "#0"},
				"up": {"uv": [0, 0, 0.41321, 0.40377], "rotation": 90, "texture": "#0"},
				"down": {"uv": [0, 0, 0.41321, 0.40377], "rotation": 270, "texture": "#0"}
			}
		},
		{
			"from": [8.5251, 13.18617, 4.16661],
			"to": [8.74774, 13.40126, 16.41378],
			"rotation": {"angle": 22.5, "axis": "z", "origin": [6.67642, 8.93779, 8.29774]},
			"faces": {
				"north": {"uv": [0, 0, 12.24717, 0.21509], "texture": "#0"},
				"east": {"uv": [0, 0, 12.24717, 0.21509], "texture": "#0"},
				"south": {"uv": [0, 0, 12.24717, 0.21509], "texture": "#0"},
				"west": {"uv": [0, 0, 12.24717, 0.21509], "texture": "#0"},
				"up": {"uv": [0, 0, 12.24717, 0.21509], "rotation": 90, "texture": "#0"},
				"down": {"uv": [0, 0, 12.24717, 0.21509], "rotation": 270, "texture": "#0"}
			}
		},
		{
			"from": [4.79931, 13.19593, 4.16661],
			"to": [5.25592, 13.41857, 16.41378],
			"rotation": {"angle": -22.5, "axis": "z", "origin": [6.61604, 8.87741, 8.29774]},
			"faces": {
				"north": {"uv": [0, 0, 12.24717, 0.22264], "texture": "#0"},
				"east": {"uv": [0, 0, 12.24717, 0.22264], "texture": "#0"},
				"south": {"uv": [0, 0, 12.24717, 0.22264], "texture": "#0"},
				"west": {"uv": [0, 0, 12.24717, 0.22264], "texture": "#0"},
				"up": {"uv": [0, 0, 12.24717, 0.22264], "rotation": 90, "texture": "#0"},
				"down": {"uv": [0, 0, 12.24717, 0.22264], "rotation": 270, "texture": "#0"}
			}
		},
		{
			"from": [6.86698, 13.41892, 4.16661],
			"to": [7.57264, 13.87552, 16.41378],
			"rotation": {"angle": 0, "axis": "x", "origin": [6.79717, 9.05855, 8.29774]},
			"faces": {
				"north": {"uv": [0, 0, 12.24717, 0.4566], "texture": "#0"},
				"east": {"uv": [0, 0, 12.24717, 0.4566], "texture": "#0"},
				"south": {"uv": [0, 0, 12.24717, 0.4566], "texture": "#0"},
				"west": {"uv": [0, 0, 12.24717, 0.4566], "texture": "#0"},
				"up": {"uv": [0, 0, 12.24717, 0.4566], "rotation": 90, "texture": "#0"},
				"down": {"uv": [0, 0, 12.24717, 0.4566], "rotation": 270, "texture": "#0"}
			}
		},
		{
			"from": [5.69188, 13.12579, 4.16661],
			"to": [5.91452, 13.40126, 16.41378],
			"rotation": {"angle": -22.5, "axis": "z", "origin": [7.76321, 8.93779, 8.29774]},
			"faces": {
				"north": {"uv": [0, 0, 12.24717, 0.27547], "texture": "#0"},
				"east": {"uv": [0, 0, 12.24717, 0.27547], "texture": "#0"},
				"south": {"uv": [0, 0, 12.24717, 0.27547], "texture": "#0"},
				"west": {"uv": [0, 0, 12.24717, 0.27547], "texture": "#0"},
				"up": {"uv": [0, 0, 12.24717, 0.27547], "rotation": 90, "texture": "#0"},
				"down": {"uv": [0, 0, 12.24717, 0.27547], "rotation": 270, "texture": "#0"}
			}
		},
		{
			"from": [9.319, 13.145, 6.40057],
			"to": [9.5341, 13.36764, 16.41378],
			"rotation": {"angle": 22.5, "axis": "z", "origin": [7.64245, 9.11892, 8.29774]},
			"faces": {
				"north": {"uv": [0, 0, 10.01321, 0.22264], "texture": "#0"},
				"east": {"uv": [0, 0, 10.01321, 0.22264], "texture": "#0"},
				"south": {"uv": [0, 0, 10.01321, 0.22264], "texture": "#0"},
				"west": {"uv": [0, 0, 10.01321, 0.22264], "texture": "#0"},
				"up": {"uv": [0, 0, 10.01321, 0.22264], "rotation": 90, "texture": "#0"},
				"down": {"uv": [0, 0, 10.01321, 0.22264], "rotation": 270, "texture": "#0"}
			}
		},
		{
			"from": [7.77642, 12.93213, 6.40057],
			"to": [7.87075, 13.57741, 16.41378],
			"rotation": {"angle": 0, "axis": "z", "origin": [7.25, 6.5227, 3.73925]},
			"faces": {
				"north": {"uv": [0, 0, 10.01321, 0.64528], "texture": "#0"},
				"east": {"uv": [0, 0, 10.01321, 0.64528], "texture": "#0"},
				"south": {"uv": [0, 0, 10.01321, 0.64528], "texture": "#0"},
				"west": {"uv": [0, 0, 10.01321, 0.64528], "texture": "#0"},
				"up": {"uv": [0, 0, 10.01321, 0.64528], "rotation": 90, "texture": "#0"},
				"down": {"uv": [0, 0, 10.01321, 0.64528], "rotation": 270, "texture": "#0"}
			}
		},
		{
			"from": [6.65782, 12.702, 8.81567],
			"to": [7.83895, 13.10577, 16.41378],
			"rotation": {"angle": 0, "axis": "x", "origin": [7.2341, 8.79254, 8.29774]},
			"faces": {
				"north": {"uv": [0, 0, 7.59811, 0.40377], "rotation": 180, "texture": "#0"},
				"east": {"uv": [0, 0, 7.59811, 0.40377], "rotation": 180, "texture": "#0"},
				"south": {"uv": [0, 0, 7.59811, 0.40377], "rotation": 180, "texture": "#0"},
				"west": {"uv": [0, 0, 7.59811, 0.40377], "rotation": 180, "texture": "#0"},
				"up": {"uv": [0, 0, 7.59811, 0.40377], "rotation": 270, "texture": "#0"},
				"down": {"uv": [0, 0, 7.59811, 0.40377], "rotation": 90, "texture": "#0"}
			}
		},
		{
			"from": [5.87052, 12.44201, 8.81567],
			"to": [6.32712, 12.66465, 16.41378],
			"rotation": {"angle": -22.5, "axis": "z", "origin": [7.2341, 8.79254, 8.29774]},
			"faces": {
				"north": {"uv": [0, 0, 7.59811, 0.22264], "rotation": 180, "texture": "#0"},
				"east": {"uv": [0, 0, 7.59811, 0.22264], "rotation": 180, "texture": "#0"},
				"south": {"uv": [0, 0, 7.59811, 0.22264], "rotation": 180, "texture": "#0"},
				"west": {"uv": [0, 0, 7.59811, 0.22264], "rotation": 180, "texture": "#0"},
				"up": {"uv": [0, 0, 7.59811, 0.22264], "rotation": 270, "texture": "#0"},
				"down": {"uv": [0, 0, 7.59811, 0.22264], "rotation": 90, "texture": "#0"}
			}
		},
		{
			"from": [8.94961, 12.01397, 8.81567],
			"to": [9.17226, 12.22907, 16.41378],
			"rotation": {"angle": 22.5, "axis": "z", "origin": [7.2341, 8.79254, 8.29774]},
			"faces": {
				"north": {"uv": [0, 0, 7.59811, 0.21509], "texture": "#0"},
				"east": {"uv": [0, 0, 7.59811, 0.21509], "texture": "#0"},
				"south": {"uv": [0, 0, 7.59811, 0.21509], "texture": "#0"},
				"west": {"uv": [0, 0, 7.59811, 0.21509], "texture": "#0"},
				"up": {"uv": [0, 0, 7.59811, 0.21509], "rotation": 90, "texture": "#0"},
				"down": {"uv": [0, 0, 7.59811, 0.21509], "rotation": 270, "texture": "#0"}
			}
		},
		{
			"from": [6.86698, 13.41892, 0.24208],
			"to": [7.57264, 13.87552, 9.22887],
			"rotation": {"angle": 0, "axis": "x", "origin": [6.79717, 9.05855, 8.29774]},
			"faces": {
				"north": {"uv": [0, 0, 8.98679, 0.4566], "texture": "#0"},
				"east": {"uv": [0, 0, 8.98679, 0.4566], "texture": "#0"},
				"south": {"uv": [0, 0, 8.98679, 0.4566], "texture": "#0"},
				"west": {"uv": [0, 0, 8.98679, 0.4566], "texture": "#0"},
				"up": {"uv": [0, 0, 8.98679, 0.4566], "rotation": 90, "texture": "#0"},
				"down": {"uv": [0, 0, 8.98679, 0.4566], "rotation": 270, "texture": "#0"}
			}
		},
		{
			"from": [6.62547, 13.41892, 7.6685],
			"to": [7.81415, 13.99628, 9.22887],
			"rotation": {"angle": 0, "axis": "x", "origin": [6.79717, 9.05855, 8.29774]},
			"faces": {
				"north": {"uv": [0, 0, 1.56038, 0.57736], "texture": "#0"},
				"east": {"uv": [0, 0, 1.56038, 0.57736], "texture": "#0"},
				"south": {"uv": [0, 0, 1.56038, 0.57736], "texture": "#0"},
				"west": {"uv": [0, 0, 1.56038, 0.57736], "texture": "#0"},
				"up": {"uv": [0, 0, 1.56038, 0.57736], "rotation": 90, "texture": "#0"},
				"down": {"uv": [0, 0, 1.56038, 0.57736], "rotation": 270, "texture": "#0"}
			}
		},
		{
			"from": [7.35, 13.41892, 8.63453],
			"to": [7.81415, 14.53967, 8.80623],
			"rotation": {"angle": 0, "axis": "x", "origin": [6.79717, 9.05855, 8.29774]},
			"faces": {
				"north": {"uv": [0, 0, 0.1717, 1.12075], "texture": "#0"},
				"east": {"uv": [0, 0, 0.1717, 1.12075], "texture": "#0"},
				"south": {"uv": [0, 0, 0.1717, 1.12075], "texture": "#0"},
				"west": {"uv": [0, 0, 0.1717, 1.12075], "texture": "#0"},
				"up": {"uv": [0, 0, 0.1717, 1.12075], "rotation": 90, "texture": "#0"},
				"down": {"uv": [0, 0, 0.1717, 1.12075], "rotation": 270, "texture": "#0"}
			}
		},
		{
			"from": [6.62547, 13.41892, 8.63453],
			"to": [7.08962, 14.53967, 8.80623],
			"rotation": {"angle": 0, "axis": "x", "origin": [6.79717, 9.05855, 8.29774]},
			"faces": {
				"north": {"uv": [0, 0, 0.1717, 1.12075], "texture": "#0"},
				"east": {"uv": [0, 0, 0.1717, 1.12075], "texture": "#0"},
				"south": {"uv": [0, 0, 0.1717, 1.12075], "texture": "#0"},
				"west": {"uv": [0, 0, 0.1717, 1.12075], "texture": "#0"},
				"up": {"uv": [0, 0, 0.1717, 1.12075], "rotation": 90, "texture": "#0"},
				"down": {"uv": [0, 0, 0.1717, 1.12075], "rotation": 270, "texture": "#0"}
			}
		},
		{
			"from": [6.62547, 13.41892, 8.63453],
			"to": [7.81415, 14.23779, 8.80623],
			"rotation": {"angle": 0, "axis": "x", "origin": [6.79717, 9.05855, 8.29774]},
			"faces": {
				"north": {"uv": [0, 0, 0.1717, 0.81887], "texture": "#0"},
				"east": {"uv": [0, 0, 0.1717, 0.81887], "texture": "#0"},
				"south": {"uv": [0, 0, 0.1717, 0.81887], "texture": "#0"},
				"west": {"uv": [0, 0, 0.1717, 0.81887], "texture": "#0"},
				"up": {"uv": [0, 0, 0.1717, 0.81887], "rotation": 90, "texture": "#0"},
				"down": {"uv": [0, 0, 0.1717, 0.81887], "rotation": 270, "texture": "#0"}
			}
		},
		{
			"from": [6.89556, 10.59256, 3.62321],
			"to": [7.60122, 11.04917, 9.9534],
			"rotation": {"angle": 0, "axis": "x", "origin": [7.2341, 8.79254, 8.29774]},
			"faces": {
				"north": {"uv": [0, 0, 6.33019, 0.4566], "texture": "#0"},
				"east": {"uv": [0, 0, 6.33019, 0.4566], "texture": "#0"},
				"south": {"uv": [0, 0, 6.33019, 0.4566], "texture": "#0"},
				"west": {"uv": [0, 0, 6.33019, 0.4566], "texture": "#0"},
				"up": {"uv": [0, 0, 6.33019, 0.4566], "rotation": 90, "texture": "#0"},
				"down": {"uv": [0, 0, 6.33019, 0.4566], "rotation": 270, "texture": "#0"}
			}
		},
		{
			"from": [9.319, 13.145, 0.24208],
			"to": [9.5341, 13.36764, 4.51944],
			"rotation": {"angle": 22.5, "axis": "z", "origin": [7.64245, 9.11892, 8.29774]},
			"faces": {
				"north": {"uv": [0, 0, 4.27736, 0.22264], "texture": "#0"},
				"east": {"uv": [0, 0, 4.27736, 0.22264], "texture": "#0"},
				"south": {"uv": [0, 0, 4.27736, 0.22264], "texture": "#0"},
				"west": {"uv": [0, 0, 4.27736, 0.22264], "texture": "#0"},
				"up": {"uv": [0, 0, 4.27736, 0.22264], "rotation": 90, "texture": "#0"},
				"down": {"uv": [0, 0, 4.27736, 0.22264], "rotation": 270, "texture": "#0"}
			}
		},
		{
			"from": [7.47431, 10.75763, 3.62321],
			"to": [7.68941, 10.98027, 9.9534],
			"rotation": {"angle": 22.5, "axis": "z", "origin": [7.2341, 8.79254, 8.29774]},
			"faces": {
				"north": {"uv": [0, 0, 6.33019, 0.22264], "rotation": 180, "texture": "#0"},
				"east": {"uv": [0, 0, 6.33019, 0.22264], "rotation": 180, "texture": "#0"},
				"south": {"uv": [0, 0, 6.33019, 0.22264], "rotation": 180, "texture": "#0"},
				"west": {"uv": [0, 0, 6.33019, 0.22264], "rotation": 180, "texture": "#0"},
				"up": {"uv": [0, 0, 6.33019, 0.22264], "rotation": 270, "texture": "#0"},
				"down": {"uv": [0, 0, 6.33019, 0.22264], "rotation": 90, "texture": "#0"}
			}
		},
		{
			"from": [5.69188, 13.12579, 0.24208],
			"to": [5.91452, 13.40126, 9.22887],
			"rotation": {"angle": -22.5, "axis": "z", "origin": [7.76321, 8.93779, 8.29774]},
			"faces": {
				"north": {"uv": [0, 0, 8.98679, 0.27547], "texture": "#0"},
				"east": {"uv": [0, 0, 8.98679, 0.27547], "texture": "#0"},
				"south": {"uv": [0, 0, 8.98679, 0.27547], "texture": "#0"},
				"west": {"uv": [0, 0, 8.98679, 0.27547], "texture": "#0"},
				"up": {"uv": [0, 0, 8.98679, 0.27547], "rotation": 90, "texture": "#0"},
				"down": {"uv": [0, 0, 8.98679, 0.27547], "rotation": 270, "texture": "#0"}
			}
		},
		{
			"from": [6.0155, 10.35147, 3.62321],
			"to": [6.23814, 10.62694, 9.9534],
			"rotation": {"angle": -22.5, "axis": "z", "origin": [7.2341, 8.79254, 8.29774]},
			"faces": {
				"north": {"uv": [0, 0, 6.33019, 0.27547], "texture": "#0"},
				"east": {"uv": [0, 0, 6.33019, 0.27547], "texture": "#0"},
				"south": {"uv": [0, 0, 6.33019, 0.27547], "texture": "#0"},
				"west": {"uv": [0, 0, 6.33019, 0.27547], "texture": "#0"},
				"up": {"uv": [0, 0, 6.33019, 0.27547], "rotation": 90, "texture": "#0"},
				"down": {"uv": [0, 0, 6.33019, 0.27547], "rotation": 270, "texture": "#0"}
			}
		},
		{
			"from": [6.62925, 10.82339, -1.52342],
			"to": [7.81038, 11.64981, -0.20455],
			"rotation": {"angle": 22.5, "axis": "x", "origin": [7.21981, 8.24887, 4.22935]},
			"faces": {
				"north": {"uv": [0, 0, 1.31887, 0.82642], "texture": "#0"},
				"east": {"uv": [0, 0, 1.31887, 0.82642], "texture": "#0"},
				"south": {"uv": [0, 0, 1.31887, 0.82642], "texture": "#0"},
				"west": {"uv": [0, 0, 1.31887, 0.82642], "texture": "#0"},
				"up": {"uv": [0, 0, 1.31887, 0.82642], "rotation": 90, "texture": "#0"},
				"down": {"uv": [0, 0, 1.31887, 0.82642], "rotation": 270, "texture": "#0"}
			}
		},
		{
			"from": [6.50849, 10.9273, -1.13429],
			"to": [7.93113, 11.81409, -0.72109],
			"rotation": {"angle": 22.5, "axis": "x", "origin": [7.25, 7.70006, 3.73925]},
			"faces": {
				"north": {"uv": [0, 0, 2.413, 0.887], "texture": "#1"},
				"east": {"uv": [0, 0, 2.413, 0.887], "texture": "#1"},
				"south": {"uv": [0, 0, 2.413, 0.887], "texture": "#1"},
				"west": {"uv": [0, 0, 2.413, 0.887], "texture": "#1"},
				"up": {"uv": [0, 0, 2.413, 0.887], "rotation": 90, "texture": "#1"},
				"down": {"uv": [0, 0, 2.413, 0.887], "rotation": 270, "texture": "#1"}
			}
		},
		{
			"from": [6.62925, 6.65236, -1.48229],
			"to": [7.81038, 8.26368, -0.88795],
			"rotation": {"angle": 45, "axis": "x", "origin": [7.25, 5.61704, 3.98076]},
			"faces": {
				"north": {"uv": [0, 0, 0.59434, 1.61132], "texture": "#0"},
				"east": {"uv": [0, 0, 0.59434, 1.61132], "texture": "#0"},
				"south": {"uv": [0, 0, 0.59434, 1.61132], "texture": "#0"},
				"west": {"uv": [0, 0, 0.59434, 1.61132], "texture": "#0"},
				"up": {"uv": [0, 0, 0.59434, 1.61132], "rotation": 90, "texture": "#0"},
				"down": {"uv": [0, 0, 0.59434, 1.61132], "rotation": 270, "texture": "#0"}
			}
		},
		{
			"from": [6.62925, 4.48773, -2.59333],
			"to": [7.81038, 5.19339, -0.61031],
			"rotation": {"angle": 22.5, "axis": "x", "origin": [7.25, 2, 3.5]},
			"faces": {
				"north": {"uv": [0, 0, 1.98302, 0.70566], "texture": "#0"},
				"east": {"uv": [0, 0, 1.98302, 0.70566], "texture": "#0"},
				"south": {"uv": [0, 0, 1.98302, 0.70566], "texture": "#0"},
				"west": {"uv": [0, 0, 1.98302, 0.70566], "texture": "#0"},
				"up": {"uv": [0, 0, 1.98302, 0.70566], "rotation": 90, "texture": "#0"},
				"down": {"uv": [0, 0, 1.98302, 0.70566], "rotation": 270, "texture": "#0"}
			}
		},
		{
			"from": [6.62925, 2.66717, -3.15277],
			"to": [7.81038, 3.37283, -1.5924],
			"rotation": {"angle": 45, "axis": "x", "origin": [7.21981, 1.86728, 3.43584]},
			"faces": {
				"north": {"uv": [4, 2, 7.983, 4.706], "texture": "#0"},
				"east": {"uv": [4, 2, 7.983, 4.706], "texture": "#0"},
				"south": {"uv": [4, 2, 7.983, 4.706], "texture": "#0"},
				"west": {"uv": [4, 2, 7.983, 4.706], "texture": "#0"},
				"up": {"uv": [4, 2, 7.983, 4.706], "rotation": 90, "texture": "#0"},
				"down": {"uv": [4, 2, 7.983, 4.706], "rotation": 270, "texture": "#0"}
			}
		},
		{
			"name": "hexadecagon",
			"from": [6.46981, 12.07103, 0],
			"to": [7.96981, 12.17048, 0.5],
			"rotation": {"angle": -45, "axis": "x", "origin": [7.46981, 12.12075, 0.25]},
			"faces": {
				"north": {"uv": [0, 0, 1, 1], "texture": "#0"},
				"east": {"uv": [0, 0, 1, 1], "texture": "#0"},
				"south": {"uv": [0, 0, 1, 1], "texture": "#0"},
				"west": {"uv": [0, 0, 1, 1], "texture": "#0"},
				"up": {"uv": [0, 0, 1, 1], "texture": "#0"},
				"down": {"uv": [0, 0, 1, 1], "texture": "#0"}
			}
		},
		{
			"name": "hexadecagon",
			"from": [6.46981, 12.07103, 0],
			"to": [7.96981, 12.17048, 0.5],
			"rotation": {"angle": -22.5, "axis": "x", "origin": [7.46981, 12.12075, 0.25]},
			"faces": {
				"north": {"uv": [0, 0, 1, 1], "texture": "#0"},
				"east": {"uv": [0, 0, 1, 1], "texture": "#0"},
				"south": {"uv": [0, 0, 1, 1], "texture": "#0"},
				"west": {"uv": [0, 0, 1, 1], "texture": "#0"},
				"up": {"uv": [0, 0, 1, 1], "texture": "#0"},
				"down": {"uv": [0, 0, 1, 1], "texture": "#0"}
			}
		},
		{
			"name": "hexadecagon",
			"from": [6.46981, 12.07103, 0],
			"to": [7.96981, 12.17048, 0.5],
			"rotation": {"angle": 0, "axis": "x", "origin": [7.46981, 12.12075, 0.25]},
			"faces": {
				"north": {"uv": [0, 0, 1, 1], "texture": "#0"},
				"east": {"uv": [0, 0, 1, 1], "texture": "#0"},
				"south": {"uv": [0, 0, 1, 1], "texture": "#0"},
				"west": {"uv": [0, 0, 1, 1], "texture": "#0"},
				"up": {"uv": [0, 0, 1, 1], "texture": "#0"},
				"down": {"uv": [0, 0, 1, 1], "texture": "#0"}
			}
		},
		{
			"name": "hexadecagon",
			"from": [6.46981, 12.07103, 0],
			"to": [7.96981, 12.17048, 0.5],
			"rotation": {"angle": 22.5, "axis": "x", "origin": [7.46981, 12.12075, 0.25]},
			"faces": {
				"north": {"uv": [0, 0, 1, 1], "texture": "#0"},
				"east": {"uv": [0, 0, 1, 1], "texture": "#0"},
				"south": {"uv": [0, 0, 1, 1], "texture": "#0"},
				"west": {"uv": [0, 0, 1, 1], "texture": "#0"},
				"up": {"uv": [0, 0, 1, 1], "texture": "#0"},
				"down": {"uv": [0, 0, 1, 1], "texture": "#0"}
			}
		},
		{
			"name": "hexadecagon",
			"from": [6.46981, 12.07103, 0],
			"to": [7.96981, 12.17048, 0.5],
			"rotation": {"angle": 45, "axis": "x", "origin": [7.46981, 12.12075, 0.25]},
			"faces": {
				"north": {"uv": [0, 0, 1, 1], "texture": "#0"},
				"east": {"uv": [0, 0, 1, 1], "texture": "#0"},
				"south": {"uv": [0, 0, 1, 1], "texture": "#0"},
				"west": {"uv": [0, 0, 1, 1], "texture": "#0"},
				"up": {"uv": [0, 0, 1, 1], "texture": "#0"},
				"down": {"uv": [0, 0, 1, 1], "texture": "#0"}
			}
		},
		{
			"name": "hexadecagon",
			"from": [6.46981, 11.87075, 0.20027],
			"to": [7.96981, 12.37075, 0.29973],
			"rotation": {"angle": -22.5, "axis": "x", "origin": [7.46981, 12.12075, 0.25]},
			"faces": {
				"north": {"uv": [0, 0, 1, 1], "texture": "#0"},
				"east": {"uv": [0, 0, 1, 1], "texture": "#0"},
				"south": {"uv": [0, 0, 1, 1], "texture": "#0"},
				"west": {"uv": [0, 0, 1, 1], "texture": "#0"},
				"up": {"uv": [0, 0, 1, 1], "texture": "#0"},
				"down": {"uv": [0, 0, 1, 1], "texture": "#0"}
			}
		},
		{
			"name": "hexadecagon",
			"from": [6.46981, 11.87075, 0.20027],
			"to": [7.96981, 12.37075, 0.29973],
			"rotation": {"angle": 0, "axis": "x", "origin": [7.46981, 12.12075, 0.25]},
			"faces": {
				"north": {"uv": [0, 0, 1, 1], "texture": "#0"},
				"east": {"uv": [0, 0, 1, 1], "texture": "#0"},
				"south": {"uv": [0, 0, 1, 1], "texture": "#0"},
				"west": {"uv": [0, 0, 1, 1], "texture": "#0"},
				"up": {"uv": [0, 0, 1, 1], "texture": "#0"},
				"down": {"uv": [0, 0, 1, 1], "texture": "#0"}
			}
		},
		{
			"name": "hexadecagon",
			"from": [6.46981, 11.87075, 0.20027],
			"to": [7.96981, 12.37075, 0.29973],
			"rotation": {"angle": 22.5, "axis": "x", "origin": [7.46981, 12.12075, 0.25]},
			"faces": {
				"north": {"uv": [0, 0, 1, 1], "texture": "#0"},
				"east": {"uv": [0, 0, 1, 1], "texture": "#0"},
				"south": {"uv": [0, 0, 1, 1], "texture": "#0"},
				"west": {"uv": [0, 0, 1, 1], "texture": "#0"},
				"up": {"uv": [0, 0, 1, 1], "texture": "#0"},
				"down": {"uv": [0, 0, 1, 1], "texture": "#0"}
			}
		},
		{
			"name": "hexadecagon",
			"from": [7.95887, 12.05114, -0.09642],
			"to": [8.09547, 12.19037, 0.60358],
			"rotation": {"angle": -45, "axis": "x", "origin": [7.59547, 12.12075, 0.25358]},
			"faces": {
				"north": {"uv": [0, 0, 1, 1], "texture": "#0"},
				"east": {"uv": [0, 0, 1, 1], "texture": "#0"},
				"south": {"uv": [0, 0, 1, 1], "texture": "#0"},
				"west": {"uv": [0, 0, 1, 1], "texture": "#0"},
				"up": {"uv": [0, 0, 1, 1], "texture": "#0"},
				"down": {"uv": [0, 0, 1, 1], "texture": "#0"}
			}
		},
		{
			"name": "hexadecagon",
			"from": [7.95887, 12.05114, -0.09642],
			"to": [8.09547, 12.19037, 0.60358],
			"rotation": {"angle": -22.5, "axis": "x", "origin": [7.59547, 12.12075, 0.25358]},
			"faces": {
				"north": {"uv": [0, 0, 1, 1], "texture": "#0"},
				"east": {"uv": [0, 0, 1, 1], "texture": "#0"},
				"south": {"uv": [0, 0, 1, 1], "texture": "#0"},
				"west": {"uv": [0, 0, 1, 1], "texture": "#0"},
				"up": {"uv": [0, 0, 1, 1], "texture": "#0"},
				"down": {"uv": [0, 0, 1, 1], "texture": "#0"}
			}
		},
		{
			"name": "hexadecagon",
			"from": [7.95887, 12.05114, -0.09642],
			"to": [8.09547, 12.19037, 0.60358],
			"rotation": {"angle": 0, "axis": "x", "origin": [7.59547, 12.12075, 0.25358]},
			"faces": {
				"north": {"uv": [0, 0, 1, 1], "texture": "#0"},
				"east": {"uv": [0, 0, 1, 1], "texture": "#0"},
				"south": {"uv": [0, 0, 1, 1], "texture": "#0"},
				"west": {"uv": [0, 0, 1, 1], "texture": "#0"},
				"up": {"uv": [0, 0, 1, 1], "texture": "#0"},
				"down": {"uv": [0, 0, 1, 1], "texture": "#0"}
			}
		},
		{
			"name": "hexadecagon",
			"from": [7.95887, 12.05114, -0.09642],
			"to": [8.09547, 12.19037, 0.60358],
			"rotation": {"angle": 22.5, "axis": "x", "origin": [7.59547, 12.12075, 0.25358]},
			"faces": {
				"north": {"uv": [0, 0, 1, 1], "texture": "#0"},
				"east": {"uv": [0, 0, 1, 1], "texture": "#0"},
				"south": {"uv": [0, 0, 1, 1], "texture": "#0"},
				"west": {"uv": [0, 0, 1, 1], "texture": "#0"},
				"up": {"uv": [0, 0, 1, 1], "texture": "#0"},
				"down": {"uv": [0, 0, 1, 1], "texture": "#0"}
			}
		},
		{
			"name": "hexadecagon",
			"from": [7.95887, 12.05114, -0.09642],
			"to": [8.09547, 12.19037, 0.60358],
			"rotation": {"angle": 45, "axis": "x", "origin": [7.59547, 12.12075, 0.25358]},
			"faces": {
				"north": {"uv": [0, 0, 1, 1], "texture": "#0"},
				"east": {"uv": [0, 0, 1, 1], "texture": "#0"},
				"south": {"uv": [0, 0, 1, 1], "texture": "#0"},
				"west": {"uv": [0, 0, 1, 1], "texture": "#0"},
				"up": {"uv": [0, 0, 1, 1], "texture": "#0"},
				"down": {"uv": [0, 0, 1, 1], "texture": "#0"}
			}
		},
		{
			"name": "hexadecagon",
			"from": [7.95887, 11.77075, 0.18397],
			"to": [8.09547, 12.47075, 0.3232],
			"rotation": {"angle": -22.5, "axis": "x", "origin": [7.59547, 12.12075, 0.25358]},
			"faces": {
				"north": {"uv": [0, 0, 1, 1], "texture": "#0"},
				"east": {"uv": [0, 0, 1, 1], "texture": "#0"},
				"south": {"uv": [0, 0, 1, 1], "texture": "#0"},
				"west": {"uv": [0, 0, 1, 1], "texture": "#0"},
				"up": {"uv": [0, 0, 1, 1], "texture": "#0"},
				"down": {"uv": [0, 0, 1, 1], "texture": "#0"}
			}
		},
		{
			"name": "hexadecagon",
			"from": [7.95887, 11.77075, 0.18397],
			"to": [8.09547, 12.47075, 0.3232],
			"rotation": {"angle": 0, "axis": "x", "origin": [7.59547, 12.12075, 0.25358]},
			"faces": {
				"north": {"uv": [0, 0, 1, 1], "texture": "#0"},
				"east": {"uv": [0, 0, 1, 1], "texture": "#0"},
				"south": {"uv": [0, 0, 1, 1], "texture": "#0"},
				"west": {"uv": [0, 0, 1, 1], "texture": "#0"},
				"up": {"uv": [0, 0, 1, 1], "texture": "#0"},
				"down": {"uv": [0, 0, 1, 1], "texture": "#0"}
			}
		},
		{
			"name": "hexadecagon",
			"from": [7.95887, 11.77075, 0.18397],
			"to": [8.09547, 12.47075, 0.3232],
			"rotation": {"angle": 22.5, "axis": "x", "origin": [7.59547, 12.12075, 0.25358]},
			"faces": {
				"north": {"uv": [0, 0, 1, 1], "texture": "#0"},
				"east": {"uv": [0, 0, 1, 1], "texture": "#0"},
				"south": {"uv": [0, 0, 1, 1], "texture": "#0"},
				"west": {"uv": [0, 0, 1, 1], "texture": "#0"},
				"up": {"uv": [0, 0, 1, 1], "texture": "#0"},
				"down": {"uv": [0, 0, 1, 1], "texture": "#0"}
			}
		},
		{
			"name": "hexadecagon",
			"from": [6.34679, 12.05114, -0.09642],
			"to": [6.4834, 12.19037, 0.60358],
			"rotation": {"angle": -45, "axis": "x", "origin": [5.9834, 12.12075, 0.25358]},
			"faces": {
				"north": {"uv": [0, 0, 1, 1], "texture": "#0"},
				"east": {"uv": [0, 0, 1, 1], "texture": "#0"},
				"south": {"uv": [0, 0, 1, 1], "texture": "#0"},
				"west": {"uv": [0, 0, 1, 1], "texture": "#0"},
				"up": {"uv": [0, 0, 1, 1], "texture": "#0"},
				"down": {"uv": [0, 0, 1, 1], "texture": "#0"}
			}
		},
		{
			"name": "hexadecagon",
			"from": [6.34679, 12.05114, -0.09642],
			"to": [6.4834, 12.19037, 0.60358],
			"rotation": {"angle": -22.5, "axis": "x", "origin": [5.9834, 12.12075, 0.25358]},
			"faces": {
				"north": {"uv": [0, 0, 1, 1], "texture": "#0"},
				"east": {"uv": [0, 0, 1, 1], "texture": "#0"},
				"south": {"uv": [0, 0, 1, 1], "texture": "#0"},
				"west": {"uv": [0, 0, 1, 1], "texture": "#0"},
				"up": {"uv": [0, 0, 1, 1], "texture": "#0"},
				"down": {"uv": [0, 0, 1, 1], "texture": "#0"}
			}
		},
		{
			"name": "hexadecagon",
			"from": [6.34679, 12.05114, -0.09642],
			"to": [6.4834, 12.19037, 0.60358],
			"rotation": {"angle": 0, "axis": "x", "origin": [5.9834, 12.12075, 0.25358]},
			"faces": {
				"north": {"uv": [0, 0, 1, 1], "texture": "#0"},
				"east": {"uv": [0, 0, 1, 1], "texture": "#0"},
				"south": {"uv": [0, 0, 1, 1], "texture": "#0"},
				"west": {"uv": [0, 0, 1, 1], "texture": "#0"},
				"up": {"uv": [0, 0, 1, 1], "texture": "#0"},
				"down": {"uv": [0, 0, 1, 1], "texture": "#0"}
			}
		},
		{
			"name": "hexadecagon",
			"from": [6.34679, 12.05114, -0.09642],
			"to": [6.4834, 12.19037, 0.60358],
			"rotation": {"angle": 22.5, "axis": "x", "origin": [5.9834, 12.12075, 0.25358]},
			"faces": {
				"north": {"uv": [0, 0, 1, 1], "texture": "#0"},
				"east": {"uv": [0, 0, 1, 1], "texture": "#0"},
				"south": {"uv": [0, 0, 1, 1], "texture": "#0"},
				"west": {"uv": [0, 0, 1, 1], "texture": "#0"},
				"up": {"uv": [0, 0, 1, 1], "texture": "#0"},
				"down": {"uv": [0, 0, 1, 1], "texture": "#0"}
			}
		},
		{
			"name": "hexadecagon",
			"from": [6.34679, 12.05114, -0.09642],
			"to": [6.4834, 12.19037, 0.60358],
			"rotation": {"angle": 45, "axis": "x", "origin": [5.9834, 12.12075, 0.25358]},
			"faces": {
				"north": {"uv": [0, 0, 1, 1], "texture": "#0"},
				"east": {"uv": [0, 0, 1, 1], "texture": "#0"},
				"south": {"uv": [0, 0, 1, 1], "texture": "#0"},
				"west": {"uv": [0, 0, 1, 1], "texture": "#0"},
				"up": {"uv": [0, 0, 1, 1], "texture": "#0"},
				"down": {"uv": [0, 0, 1, 1], "texture": "#0"}
			}
		},
		{
			"name": "hexadecagon",
			"from": [6.34679, 11.77075, 0.18397],
			"to": [6.4834, 12.47075, 0.3232],
			"rotation": {"angle": -22.5, "axis": "x", "origin": [5.9834, 12.12075, 0.25358]},
			"faces": {
				"north": {"uv": [0, 0, 1, 1], "texture": "#0"},
				"east": {"uv": [0, 0, 1, 1], "texture": "#0"},
				"south": {"uv": [0, 0, 1, 1], "texture": "#0"},
				"west": {"uv": [0, 0, 1, 1], "texture": "#0"},
				"up": {"uv": [0, 0, 1, 1], "texture": "#0"},
				"down": {"uv": [0, 0, 1, 1], "texture": "#0"}
			}
		},
		{
			"name": "hexadecagon",
			"from": [6.34679, 11.77075, 0.18397],
			"to": [6.4834, 12.47075, 0.3232],
			"rotation": {"angle": 0, "axis": "x", "origin": [5.9834, 12.12075, 0.25358]},
			"faces": {
				"north": {"uv": [0, 0, 1, 1], "texture": "#0"},
				"east": {"uv": [0, 0, 1, 1], "texture": "#0"},
				"south": {"uv": [0, 0, 1, 1], "texture": "#0"},
				"west": {"uv": [0, 0, 1, 1], "texture": "#0"},
				"up": {"uv": [0, 0, 1, 1], "texture": "#0"},
				"down": {"uv": [0, 0, 1, 1], "texture": "#0"}
			}
		},
		{
			"name": "hexadecagon",
			"from": [6.34679, 11.77075, 0.18397],
			"to": [6.4834, 12.47075, 0.3232],
			"rotation": {"angle": 22.5, "axis": "x", "origin": [5.9834, 12.12075, 0.25358]},
			"faces": {
				"north": {"uv": [0, 0, 1, 1], "texture": "#0"},
				"east": {"uv": [0, 0, 1, 1], "texture": "#0"},
				"south": {"uv": [0, 0, 1, 1], "texture": "#0"},
				"west": {"uv": [0, 0, 1, 1], "texture": "#0"},
				"up": {"uv": [0, 0, 1, 1], "texture": "#0"},
				"down": {"uv": [0, 0, 1, 1], "texture": "#0"}
			}
		}
	],
	"display": {
		"thirdperson_righthand": {
			"rotation": [0, -179.5, 0],
			"translation": [0, -0.75, -2.5],
			"scale": [0.48633, 0.48633, 0.48633]
		},
		"thirdperson_lefthand": {
			"rotation": [-2.25, -180, 0],
			"translation": [0, -6.75, 6.25],
			"scale": [0.48633, 0.48633, 0.48633]
		},
		"firstperson_righthand": {
			"rotation": [34, -180, 14],
			"translation": [-3, 7, 0],
			"scale": [0.625, 0.625, 0.625]
		},
		"firstperson_lefthand": {
			"rotation": [0, -77.25, 0],
			"translation": [0, 0, 3.25],
			"scale": [0, 0, 0]
		},
		"ground": {
			"rotation": [84.75, 89.5, 0],
			"translation": [0, 0, -1.75],
			"scale": [0.68359, 0.68359, 0.68359]
		},
		"gui": {
			"rotation": [0, 80.75, 0],
			"translation": [-1.25, 0, 0],
			"scale": [0.63867, 0.63867, 0.63867]
		},
		"head": {
			"translation": [0, -11.5, 0],
			"scale": [0, 0, 0]
		},
		"fixed": {
			"rotation": [0, -87.75, 0],
			"translation": [1, 0, -2],
			"scale": [0.69922, 0.69922, 0.69922]
		}
	},
	"groups": [
		{
			"name": "group",
			"origin": [8, 8, 8],
			"color": 0,
			"children": [
				0,
				1,
				{
					"name": "group",
					"origin": [3.25245, 4.46987, 8.5],
					"color": 0,
					"children": [2, 3, 4, 5, 6]
				},
				7,
				8,
				9,
				10,
				11,
				12,
				13,
				14,
				15,
				16,
				17,
				18,
				19,
				20,
				21,
				22,
				23,
				24,
				25,
				26,
				27,
				28,
				29,
				30,
				31,
				32,
				33,
				34,
				35,
				{
					"name": "group",
					"origin": [11.37321, 6.82458, 8.53019],
					"color": 0,
					"children": [36, 37, 38, 39, 40, 41, 42, 43, 44, 45, 46, 47, 48, 49, 50, 51, 52]
				},
				53,
				54,
				55,
				56,
				57,
				58,
				59,
				60,
				61,
				62,
				63,
				64,
				65,
				66,
				67,
				{
					"name": "group",
					"origin": [18.70906, 8.09929, 8.5851],
					"color": 0,
					"children": [
						{
							"name": "group",
							"origin": [18.70906, 8.09929, 8.5851],
							"color": 0,
							"children": [68, 69, 70, 71, 72, 73, 74, 75, 76, 77, 78, 79]
						},
						{
							"name": "group",
							"origin": [18.70906, 8.09929, 8.5851],
							"color": 0,
							"children": [80, 81, 82, 83, 84, 85, 86, 87, 88, 89, 90, 91, 92, 93, 94, 95, 96, 97]
						},
						98,
						99,
						100
					]
				},
				{
					"name": "group",
					"origin": [7.29774, 8.79254, 8.5159],
					"color": 0,
					"children": [101, 102, 103, 104, 105, 106, 107, 108, 109, 110, 111, 112, 113, 114, 115, 116, 117, 118]
				},
				119,
				120,
				121,
				122,
				123,
				124,
				125,
				126,
				127,
				128,
				129,
				130,
				131,
				132,
				133,
				{
					"name": "group",
					"origin": [8, 8, 8],
					"color": 0,
					"children": []
				}
			]
		},
		{
			"name": "hexadecagon",
			"origin": [8, 8, 8],
			"color": 0,
			"children": [134, 135, 136, 137, 138, 139, 140, 141]
		},
		{
			"name": "hexadecagon",
			"origin": [8, 8, 8],
			"color": 0,
			"children": [142, 143, 144, 145, 146, 147, 148, 149]
		},
		{
			"name": "hexadecagon",
			"origin": [8, 8, 8],
			"color": 0,
			"children": [150, 151, 152, 153, 154, 155, 156, 157]
		}
	]
}