{"textures":{"0":"modelengine:entity/em_kraken"},"elements":[{"from":[7.8142858,8.142858,8.271429],"to":[8.271429,8.714286,10.014286],"rotation":{"angle":-45.0,"axis":"x","origin":[8.0,8.0,8.0]},"faces":{"east":{"uv":[3.875,1.9375,4.0625,2.0],"rotation":0,"texture":"#0","tintindex":0},"south":{"uv":[0.6875,5.375,0.75,5.4375],"rotation":0,"texture":"#0","tintindex":0},"north":{"uv":[2.0,5.1875,2.0625,5.25],"rotation":0,"texture":"#0","tintindex":0},"west":{"uv":[4.0625,1.9375,4.25,2.0],"rotation":0,"texture":"#0","tintindex":0},"up":{"uv":[4.75,7.0,4.6875,6.8125],"rotation":0,"texture":"#0","tintindex":0},"down":{"uv":[6.9375,3.6875,6.875,3.875],"rotation":0,"texture":"#0","tintindex":0}}}],"display":{"head":{"translation":[0.0,-6.4,0.0],"scale":[4.0,4.0,4.0]}}}