{"textures":{"0":"modelengine:entity/em_kraken"},"elements":[{"from":[7.7285714,8.157143,8.271429],"to":[8.185715,8.728572,10.014286],"rotation":{"angle":-45.0,"axis":"x","origin":[8.0,8.0,8.0]},"faces":{"east":{"uv":[4.625,3.9375,4.8125,4.0],"rotation":0,"texture":"#0","tintindex":0},"south":{"uv":[5.625,3.1875,5.6875,3.25],"rotation":0,"texture":"#0","tintindex":0},"north":{"uv":[5.5625,3.1875,5.625,3.25],"rotation":0,"texture":"#0","tintindex":0},"west":{"uv":[4.8125,3.9375,5.0,4.0],"rotation":0,"texture":"#0","tintindex":0},"up":{"uv":[7.5,3.1875,7.4375,3.0],"rotation":0,"texture":"#0","tintindex":0},"down":{"uv":[7.6875,2.75,7.625,2.9375],"rotation":0,"texture":"#0","tintindex":0}}}],"display":{"head":{"translation":[0.0,-6.4,0.0],"scale":[4.0,4.0,4.0]}}}