{"textures":{"0":"modelengine:entity/em_kraken"},"elements":[{"from":[7.428571,0.0,7.3428574],"to":[8.571428,8.0,8.714286],"rotation":{"angle":0.0,"axis":"y","origin":[7.9428573,9.414286,12.057143]},"faces":{"east":{"uv":[7.9375,3.25,8.0625,4.125],"rotation":0,"texture":"#0","tintindex":0},"south":{"uv":[7.9375,4.125,8.0625,5.0],"rotation":0,"texture":"#0","tintindex":0},"north":{"uv":[1.5,7.9375,1.625,8.8125],"rotation":0,"texture":"#0","tintindex":0},"west":{"uv":[4.6875,7.9375,4.8125,8.8125],"rotation":0,"texture":"#0","tintindex":0},"up":{"uv":[6.4375,6.625,6.3125,6.5],"rotation":0,"texture":"#0","tintindex":0},"down":{"uv":[0.3125,6.8125,0.1875,6.9375],"rotation":0,"texture":"#0","tintindex":0}}},{"from":[8.0,0.0,8.714286],"to":[8.0,8.0,10.428572],"rotation":{"angle":0.0,"axis":"y","origin":[7.9428573,9.414286,12.057143]},"faces":{"east":{"uv":[6.5,6.625,6.6875,7.5],"rotation":0,"texture":"#0","tintindex":0},"south":{"uv":[0.0,0.0,0.0,0.875],"rotation":0,"texture":"#0","tintindex":0},"north":{"uv":[0.0,0.0,0.0,0.875],"rotation":0,"texture":"#0","tintindex":0},"west":{"uv":[6.6875,0.0,6.875,0.875],"rotation":0,"texture":"#0","tintindex":0},"up":{"uv":[0.0,0.1875,0.0,0.0],"rotation":0,"texture":"#0","tintindex":0},"down":{"uv":[0.0,0.0,0.0,0.1875],"rotation":0,"texture":"#0","tintindex":0}}}],"display":{"head":{"translation":[0.0,-6.4,0.0],"scale":[4.0,4.0,4.0]}}}