{"textures":{"0":"modelengine:entity/em_kraken"},"elements":[{"from":[7.5785713,4.3999996,7.714286],"to":[8.421429,8.6285715,8.285714],"rotation":{"angle":0.0,"axis":"y","origin":[10.25,17.47143,12.142858]},"faces":{"east":{"uv":[0.875,5.0,0.9375,5.4375],"rotation":0,"texture":"#0","tintindex":0},"south":{"uv":[1.0625,6.5,1.125,6.9375],"rotation":0,"texture":"#0","tintindex":0},"north":{"uv":[4.4375,1.25,4.5,1.6875],"rotation":0,"texture":"#0","tintindex":0},"west":{"uv":[3.125,7.3125,3.1875,7.75],"rotation":0,"texture":"#0","tintindex":0},"up":{"uv":[5.5,6.0625,5.4375,6.0],"rotation":0,"texture":"#0","tintindex":0},"down":{"uv":[5.5625,6.0,5.5,6.0625],"rotation":0,"texture":"#0","tintindex":0}}}],"display":{"head":{"translation":[0.0,-6.4,0.0],"scale":[4.0,4.0,4.0]}}}