{"textures":{"0":"modelengine:entity/em_kraken"},"elements":[{"from":[7.0190477,2.2571425,7.107143],"to":[8.733334,8.542857,9.221429],"rotation":{"angle":0.0,"axis":"y","origin":[10.119047,-3.757144,4.1642857]},"faces":{"east":{"uv":[6.4375,0.0,6.6875,0.6875],"rotation":0,"texture":"#0","tintindex":0},"south":{"uv":[7.4375,5.5,7.625,6.1875],"rotation":0,"texture":"#0","tintindex":0},"north":{"uv":[7.4375,4.8125,7.625,5.5],"rotation":0,"texture":"#0","tintindex":0},"west":{"uv":[1.125,6.4375,1.375,7.125],"rotation":0,"texture":"#0","tintindex":0},"up":{"uv":[7.25,8.25,7.0625,8.0],"rotation":0,"texture":"#0","tintindex":0},"down":{"uv":[8.1875,7.875,8.0,8.125],"rotation":0,"texture":"#0","tintindex":0}}}],"display":{"head":{"translation":[0.0,-6.4,0.0],"scale":[4.0,4.0,4.0]}}}