{"textures":{"0":"modelengine:entity/em_kraken"},"elements":[{"from":[7.142857,1.7142854,8.0],"to":[8.857143,8.0,8.0],"rotation":{"angle":0.0,"axis":"y","origin":[7.7285714,1.9857144,9.8]},"faces":{"east":{"uv":[0.0,0.0,0.0,0.6875],"rotation":0,"texture":"#0","tintindex":0},"south":{"uv":[7.625,2.0625,7.8125,2.75],"rotation":0,"texture":"#0","tintindex":0},"north":{"uv":[7.625,1.375,7.8125,2.0625],"rotation":0,"texture":"#0","tintindex":0},"west":{"uv":[0.0,0.0,0.0,0.6875],"rotation":0,"texture":"#0","tintindex":0},"up":{"uv":[0.1875,0.0,0.0,0.0],"rotation":0,"texture":"#0","tintindex":0},"down":{"uv":[0.1875,0.0,0.0,0.0],"rotation":0,"texture":"#0","tintindex":0}}}],"display":{"head":{"translation":[0.0,-6.4,0.0],"scale":[4.0,4.0,4.0]}}}