{"textures":{"0":"modelengine:entity/em_kraken"},"elements":[{"from":[7.142857,1.7142854,8.0],"to":[8.857143,8.0,8.0],"rotation":{"angle":0.0,"axis":"y","origin":[7.7285714,1.9857144,9.8]},"faces":{"east":{"uv":[0.0,0.0,0.0,0.6875],"rotation":0,"texture":"#0","tintindex":0},"south":{"uv":[0.0,7.6875,0.1875,8.375],"rotation":0,"texture":"#0","tintindex":0},"north":{"uv":[7.625,7.125,7.8125,7.8125],"rotation":0,"texture":"#0","tintindex":0},"west":{"uv":[0.0,0.0,0.0,0.6875],"rotation":0,"texture":"#0","tintindex":0},"up":{"uv":[0.1875,0.0,0.0,0.0],"rotation":0,"texture":"#0","tintindex":0},"down":{"uv":[0.1875,0.0,0.0,0.0],"rotation":0,"texture":"#0","tintindex":0}}},{"from":[6.6857142,-4.5714293,8.0],"to":[8.971429,1.7142854,8.0],"rotation":{"angle":0.0,"axis":"y","origin":[7.7285714,1.9857144,9.8]},"faces":{"east":{"uv":[0.0,0.0,0.0,0.6875],"rotation":0,"texture":"#0","tintindex":0},"south":{"uv":[2.125,6.5,2.375,7.1875],"rotation":0,"texture":"#0","tintindex":0},"north":{"uv":[1.875,6.5,2.125,7.1875],"rotation":0,"texture":"#0","tintindex":0},"west":{"uv":[0.0,0.0,0.0,0.6875],"rotation":0,"texture":"#0","tintindex":0},"up":{"uv":[0.25,0.0,0.0,0.0],"rotation":0,"texture":"#0","tintindex":0},"down":{"uv":[0.25,0.0,0.0,0.0],"rotation":0,"texture":"#0","tintindex":0}}}],"display":{"head":{"translation":[0.0,-6.4,0.0],"scale":[4.0,4.0,4.0]}}}