{
	"credit": "Made with Blockbench",
	"textures": {
		"0": "item/custom_mob/magma_girl"
	},
	"elements": [
		{
			"name": "head",
			"from": [4, 12, 4],
			"to": [12, 20, 12],
			"faces": {
				"north": {"uv": [2, 2, 4, 4], "texture": "#0"},
				"east": {"uv": [0, 2, 2, 4], "texture": "#0"},
				"south": {"uv": [6, 2, 8, 4], "texture": "#0"},
				"west": {"uv": [4, 2, 6, 4], "texture": "#0"},
				"up": {"uv": [2, 0, 4, 2], "texture": "#0"},
				"down": {"uv": [4, 0, 6, 2], "texture": "#0"}
			}
		},
		{
			"name": "body",
			"from": [4.5, 0, 6],
			"to": [11.5, 12, 10],
			"faces": {
				"north": {"uv": [4.25, 4.75, 6, 7.75], "texture": "#0"},
				"east": {"uv": [3.25, 4.75, 4.25, 7.75], "texture": "#0"},
				"south": {"uv": [7, 4.75, 8.75, 7.75], "texture": "#0"},
				"west": {"uv": [6, 4.75, 7, 7.75], "texture": "#0"},
				"up": {"uv": [4.25, 4, 6, 5], "texture": "#0"},
				"down": {"uv": [6, 8.75, 7.75, 9.5], "texture": "#0"}
			}
		},
		{
			"name": "arm_r",
			"from": [11.25, 10, 7],
			"to": [13.25, 22, 9],
			"rotation": {"angle": -22.5, "axis": "z", "origin": [12, 11, 8]},
			"faces": {
				"north": {"uv": [10.5, 4.75, 11, 7.75], "rotation": 180, "texture": "#0"},
				"east": {"uv": [9, 4.75, 9.5, 7.75], "rotation": 180, "texture": "#0"},
				"south": {"uv": [9.5, 4.75, 10, 7.75], "rotation": 180, "texture": "#0"},
				"west": {"uv": [10, 4.75, 10.5, 7.75], "rotation": 180, "texture": "#0"},
				"up": {"uv": [10, 4.25, 10.5, 4.75], "texture": "#0"},
				"down": {"uv": [9.5, 4.25, 10, 4.75], "texture": "#0"}
			}
		},
		{
			"name": "arm_l",
			"from": [2.5, 10, 7],
			"to": [4.5, 22, 9],
			"rotation": {"angle": 22.5, "axis": "z", "origin": [3.5, 11, 8]},
			"faces": {
				"north": {"uv": [10.5, 4.75, 11, 7.75], "rotation": 180, "texture": "#0"},
				"east": {"uv": [10, 4.75, 10.5, 7.75], "rotation": 180, "texture": "#0"},
				"south": {"uv": [9.5, 4.75, 10, 7.75], "rotation": 180, "texture": "#0"},
				"west": {"uv": [9, 4.75, 9.5, 7.75], "rotation": 180, "texture": "#0"},
				"up": {"uv": [10, 4.25, 10.5, 4.75], "texture": "#0"},
				"down": {"uv": [9.5, 4.25, 10, 4.75], "texture": "#0"}
			}
		},
		{
			"name": "leg",
			"from": [8.5, -1.5, -4],
			"to": [11.5, 1.5, 8],
			"rotation": {"angle": -22.5, "axis": "x", "origin": [8, 0, 8]},
			"faces": {
				"north": {"uv": [1.5, 4, 2.25, 4.75], "rotation": 180, "texture": "#0"},
				"east": {"uv": [0, 4.75, 0.75, 7.75], "rotation": 270, "texture": "#0"},
				"south": {"uv": [0.75, 4, 1.5, 4.75], "texture": "#0"},
				"west": {"uv": [1.5, 4.75, 2.25, 7.75], "rotation": 90, "texture": "#0"},
				"up": {"uv": [0.75, 4.75, 1.5, 7.75], "rotation": 180, "texture": "#0"},
				"down": {"uv": [2.25, 4.75, 3, 7.75], "texture": "#0"}
			}
		},
		{
			"name": "leg",
			"from": [4.5, -1.5, 8],
			"to": [7.5, 1.5, 20],
			"rotation": {"angle": 22.5, "axis": "x", "origin": [8, 0, 8]},
			"faces": {
				"north": {"uv": [0.75, 4, 1.5, 4.75], "rotation": 180, "texture": "#0"},
				"east": {"uv": [0, 4.75, 0.75, 7.75], "rotation": 90, "texture": "#0"},
				"south": {"uv": [1.5, 4, 2.25, 4.75], "texture": "#0"},
				"west": {"uv": [1.5, 4.75, 2.25, 7.75], "rotation": 270, "texture": "#0"},
				"up": {"uv": [2.25, 4.75, 3, 7.75], "texture": "#0"},
				"down": {"uv": [0.75, 4.75, 1.5, 7.75], "rotation": 180, "texture": "#0"}
			}
		},
		{
			"name": "shoe",
			"from": [8.2, -1.7, -4.25],
			"to": [11.7, 1.8, -1.25],
			"rotation": {"angle": -22.5, "axis": "x", "origin": [8, 0, 8]},
			"faces": {
				"north": {"uv": [1.5, 8, 2.25, 8.75], "rotation": 180, "texture": "#0"},
				"east": {"uv": [0, 11, 0.75, 11.75], "rotation": 270, "texture": "#0"},
				"west": {"uv": [1.5, 11, 2.25, 11.75], "rotation": 90, "texture": "#0"},
				"up": {"uv": [0.75, 11, 1.5, 11.75], "rotation": 180, "texture": "#0"},
				"down": {"uv": [2.25, 11, 3, 11.75], "texture": "#0"}
			}
		},
		{
			"name": "shoe",
			"from": [4.2, -1.8, 17.25],
			"to": [7.7, 1.7, 20.25],
			"rotation": {"angle": 22.5, "axis": "x", "origin": [8, 0, 8]},
			"faces": {
				"east": {"uv": [0, 11, 0.75, 11.75], "rotation": 90, "texture": "#0"},
				"south": {"uv": [1.5, 8, 2.25, 8.75], "texture": "#0"},
				"west": {"uv": [1.5, 11, 2.25, 11.75], "rotation": 270, "texture": "#0"},
				"up": {"uv": [2.25, 11, 3, 11.75], "texture": "#0"},
				"down": {"uv": [0.75, 11, 1.5, 11.75], "rotation": 180, "texture": "#0"}
			}
		},
		{
			"name": "clothe",
			"from": [4, 0, 5.5],
			"to": [12, 3, 10.5],
			"rotation": {"angle": 0, "axis": "y", "origin": [8.5, 7, 8.5]},
			"faces": {
				"north": {"uv": [4.25, 8, 6, 8.75], "texture": "#0"},
				"east": {"uv": [6.25, 8, 7.25, 8.75], "texture": "#0"},
				"south": {"uv": [7, 8, 8.75, 8.75], "texture": "#0"},
				"west": {"uv": [6.25, 8, 7.25, 8.75], "texture": "#0"},
				"up": {"uv": [4.25, 8.75, 6, 9.5], "texture": "#0"},
				"down": {"uv": [6, 8.75, 7.75, 9.5], "texture": "#0"}
			}
		},
		{
			"name": "hat",
			"from": [3, 17, 3],
			"to": [13, 21, 13],
			"faces": {
				"north": {"uv": [10, 14, 12, 14.75], "texture": "#0"},
				"east": {"uv": [12, 14, 14, 14.75], "texture": "#0"},
				"south": {"uv": [14, 14, 16, 14.75], "texture": "#0"},
				"west": {"uv": [8, 14, 10, 14.75], "texture": "#0"},
				"up": {"uv": [10, 12, 12, 14], "texture": "#0"}
			}
		},
		{
			"name": "hair",
			"from": [3.5, 11.5, 3.5],
			"to": [12.5, 20.5, 12.5],
			"faces": {
				"north": {"uv": [10, 2, 12, 4], "texture": "#0"},
				"east": {"uv": [8, 2, 10, 4], "texture": "#0"},
				"south": {"uv": [14, 2, 16, 4], "texture": "#0"},
				"west": {"uv": [12, 2, 14, 4], "texture": "#0"}
			}
		},
		{
			"from": [4.5, 7.55, 4.6],
			"to": [11.5, 9.55, 6.6],
			"rotation": {"angle": 0, "axis": "y", "origin": [12.5, 8.55, 5.6]},
			"faces": {
				"north": {"uv": [4.25, 5.5, 6, 6], "texture": "#0"},
				"east": {"uv": [0.25, 0.25, 1.75, 1.75], "texture": "#0"},
				"south": {"uv": [0, 0, 7, 2], "texture": "#missing"},
				"west": {"uv": [0.25, 0.25, 1.75, 1.75], "texture": "#0"},
				"up": {"uv": [0, 0, 7, 2], "texture": "#missing"},
				"down": {"uv": [0, 0, 7, 2], "texture": "#missing"}
			}
		},
		{
			"from": [4.5, 9.55, 4.6],
			"to": [11.5, 11.55, 5.6],
			"rotation": {"angle": 45, "axis": "x", "origin": [12.5, 9.55, 4.6]},
			"faces": {
				"north": {"uv": [4.25, 5, 6, 5.5], "texture": "#0"},
				"east": {"uv": [0.25, 0.25, 1.75, 1.75], "texture": "#0"},
				"south": {"uv": [0, 0, 7, 2], "texture": "#missing"},
				"west": {"uv": [0.25, 0.25, 1.75, 1.75], "texture": "#0"},
				"up": {"uv": [0, 0, 7, 1], "texture": "#missing"},
				"down": {"uv": [0, 0, 7, 1], "texture": "#missing"}
			}
		},
		{
			"from": [4.5, 7.55, 4.6],
			"to": [11.5, 8.55, 6.6],
			"rotation": {"angle": 22.5, "axis": "x", "origin": [12.5, 7.55, 4.6]},
			"faces": {
				"north": {"uv": [0, 0, 7, 1], "rotation": 180, "texture": "#missing"},
				"east": {"uv": [0.25, 0.25, 1.75, 1.75], "rotation": 90, "texture": "#0"},
				"south": {"uv": [0, 0, 7, 1], "texture": "#missing"},
				"west": {"uv": [0.25, 0.25, 1.75, 1.75], "rotation": 270, "texture": "#0"},
				"up": {"uv": [0, 0, 7, 2], "texture": "#missing"},
				"down": {"uv": [4.25, 6, 6, 6.25], "rotation": 180, "texture": "#0"}
			}
		}
	],
	"display": {
		"head": {
			"translation": [0, -2.6, 0],
			"scale": [1.5, 1.5, 1.5]
		}
	}
}