{
	"credit": "Made with Blockbench",
	"texture_size": [64, 64],
	"textures": {
		"1": "item/custom_item/dimensional_catalogue",
		"particle": "item/custom_item/dimensional_catalogue"
	},
	"elements": [
		{
			"from": [8, 1, 3],
			"to": [9, 7, 13],
			"rotation": {"angle": 0, "axis": "z", "origin": [9, 4.25, 8]},
			"faces": {
				"north": {"uv": [9, 8.75, 9.25, 10.25], "texture": "#1"},
				"east": {"uv": [6.5, 8.75, 9, 10.25], "texture": "#1"},
				"south": {"uv": [11.75, 8.75, 12, 10.25], "texture": "#1"},
				"west": {"uv": [9.25, 8.75, 11.75, 10.25], "texture": "#1"},
				"up": {"uv": [9.25, 8.75, 9, 6.25], "texture": "#1"},
				"down": {"uv": [9.5, 6.25, 9.25, 8.75], "texture": "#1"}
			}
		},
		{
			"from": [7, 1, 3],
			"to": [8, 7, 13],
			"faces": {
				"north": {"uv": [9, 2.5, 9.25, 4], "texture": "#1"},
				"east": {"uv": [6.5, 2.5, 9, 4], "texture": "#1"},
				"south": {"uv": [11.75, 2.5, 12, 4], "texture": "#1"},
				"west": {"uv": [9.25, 2.5, 11.75, 4], "texture": "#1"},
				"up": {"uv": [9.25, 2.5, 9, 0], "texture": "#1"},
				"down": {"uv": [9.5, 0, 9.25, 2.5], "texture": "#1"}
			}
		},
		{
			"from": [6, 1, 2.5],
			"to": [7, 8, 13.5],
			"rotation": {"angle": 0, "axis": "z", "origin": [7.01429, 9.40714, 8]},
			"faces": {
				"north": {"uv": [6, 4.5, 6.25, 6.25], "texture": "#1"},
				"east": {"uv": [3.25, 4.5, 6, 6.25], "texture": "#1"},
				"south": {"uv": [9, 4.5, 9.25, 6.25], "texture": "#1"},
				"west": {"uv": [6.25, 4.5, 9, 6.25], "texture": "#1"},
				"up": {"uv": [6.25, 4.5, 6, 1.75], "texture": "#1"},
				"down": {"uv": [6.5, 1.75, 6.25, 4.5], "texture": "#1"}
			}
		},
		{
			"from": [7, 0, 2.5],
			"to": [9, 1, 13.5],
			"rotation": {"angle": 0, "axis": "y", "origin": [15.01429, 13.45714, 11.5]},
			"faces": {
				"north": {"uv": [2.75, 9, 3.25, 9.25], "texture": "#1"},
				"east": {"uv": [0, 9, 2.75, 9.25], "texture": "#1"},
				"south": {"uv": [6, 9, 6.5, 9.25], "texture": "#1"},
				"west": {"uv": [3.25, 9, 6, 9.25], "texture": "#1"},
				"up": {"uv": [3.25, 9, 2.75, 6.25], "texture": "#1"},
				"down": {"uv": [3.75, 6.25, 3.25, 9], "texture": "#1"}
			}
		},
		{
			"from": [9, 1, 2.5],
			"to": [10, 8, 13.5],
			"rotation": {"angle": 0, "axis": "z", "origin": [9, 4.25, 8]},
			"faces": {
				"north": {"uv": [2.75, 2.75, 3, 4.5], "texture": "#1"},
				"east": {"uv": [0, 2.75, 2.75, 4.5], "texture": "#1"},
				"south": {"uv": [5.75, 2.75, 6, 4.5], "texture": "#1"},
				"west": {"uv": [3, 2.75, 5.75, 4.5], "texture": "#1"},
				"up": {"uv": [3, 2.75, 2.75, 0], "texture": "#1"},
				"down": {"uv": [3.25, 0, 3, 2.75], "texture": "#1"}
			}
		}
	],
	"gui_light": "front",
	"display": {
		"thirdperson_righthand": {
			"rotation": [50, 25, 15],
			"translation": [-1.5, -0.5, 1.5],
			"scale": [0.75, 0.75, 0.75]
		},
		"thirdperson_lefthand": {
			"rotation": [50, 25, 15],
			"translation": [-1.5, -0.5, 1.5],
			"scale": [0.75, 0.75, 0.75]
		},
		"firstperson_righthand": {
			"rotation": [60, 0, -75],
			"translation": [7, 3.75, -1]
		},
		"firstperson_lefthand": {
			"rotation": [60, 0, -75],
			"translation": [7, 3.75, -1]
		},
		"ground": {
			"rotation": [45, -12, 0],
			"translation": [0, 5, 1.5],
			"scale": [0.75, 0.75, 0.75]
		},
		"gui": {
			"rotation": [45, -45, -90],
			"translation": [3, -3, 0]
		},
		"head": {
			"rotation": [0, 180, -90],
			"translation": [-8.25, -28, 0],
			"scale": [2.287, 2.287, 2.287]
		},
		"fixed": {
			"rotation": [90, 45, 90],
			"translation": [-2.5, -2.5, 0.5]
		}
	},
	"groups": [
		{
			"name": "page",
			"origin": [7.01429, 10.40714, 8],
			"color": 0,
			"children": [0, 1]
		},
		{
			"name": "book",
			"origin": [8.96429, 9.60714, 8],
			"color": 0,
			"children": [2, 3, 4]
		}
	]
}