{
	"credit": "Made with Blockbench",
	"texture_size": [64, 64],
	"textures": {
		"1": "item/custom_item/dimensional_catalogue",
		"particle": "item/custom_item/dimensional_catalogue"
	},
	"elements": [
		{
			"from": [8.36993, 1.1676, 2.5],
			"to": [15.36993, 2.1676, 13.5],
			"rotation": {"angle": 22.5, "axis": "z", "origin": [11.61993, 2.1676, 8]},
			"faces": {
				"north": {"uv": [2.75, 2.75, 3, 4.5], "rotation": 270, "texture": "#1"},
				"east": {"uv": [3, 2.75, 2.75, 0], "rotation": 90, "texture": "#1"},
				"south": {"uv": [5.75, 2.75, 6, 4.5], "rotation": 90, "texture": "#1"},
				"west": {"uv": [3.25, 0, 3, 2.75], "rotation": 90, "texture": "#1"},
				"up": {"uv": [3, 2.75, 5.75, 4.5], "rotation": 90, "texture": "#1"},
				"down": {"uv": [0, 2.75, 2.75, 4.5], "rotation": 90, "texture": "#1"}
			}
		},
		{
			"from": [8.36993, 2.1676, 3],
			"to": [14.36993, 3.1676, 13],
			"rotation": {"angle": 22.5, "axis": "z", "origin": [11.61993, 2.1676, 8]},
			"faces": {
				"north": {"uv": [9, 8.75, 9.25, 10.25], "rotation": 270, "texture": "#1"},
				"east": {"uv": [9.25, 8.75, 9, 6.25], "rotation": 90, "texture": "#1"},
				"south": {"uv": [11.75, 8.75, 12, 10.25], "rotation": 90, "texture": "#1"},
				"west": {"uv": [9.5, 6.25, 9.25, 8.75], "rotation": 90, "texture": "#1"},
				"up": {"uv": [9.25, 8.75, 11.75, 10.25], "rotation": 90, "texture": "#1"},
				"down": {"uv": [6.5, 8.75, 9, 10.25], "rotation": 90, "texture": "#1"}
			}
		},
		{
			"from": [1.17335, -0.1285, 3],
			"to": [7.17335, 0.8715, 13],
			"rotation": {"angle": -22.5, "axis": "z", "origin": [9.92335, -0.1285, 8]},
			"faces": {
				"north": {"uv": [9, 2.5, 9.25, 4], "rotation": 90, "texture": "#1"},
				"east": {"uv": [9.5, 0, 9.25, 2.5], "rotation": 270, "texture": "#1"},
				"south": {"uv": [11.75, 2.5, 12, 4], "rotation": 270, "texture": "#1"},
				"west": {"uv": [9.25, 2.5, 9, 0], "rotation": 270, "texture": "#1"},
				"up": {"uv": [6.5, 2.5, 9, 4], "rotation": 270, "texture": "#1"},
				"down": {"uv": [9.25, 2.5, 11.75, 4], "rotation": 270, "texture": "#1"}
			}
		},
		{
			"from": [0.17335, -1.1285, 2.5],
			"to": [7.17335, -0.1285, 13.5],
			"rotation": {"angle": -22.5, "axis": "z", "origin": [9.92335, -0.1285, 8]},
			"faces": {
				"north": {"uv": [6, 4.5, 6.25, 6.25], "rotation": 90, "texture": "#1"},
				"east": {"uv": [6.5, 1.75, 6.25, 4.5], "rotation": 270, "texture": "#1"},
				"south": {"uv": [9, 4.5, 9.25, 6.25], "rotation": 270, "texture": "#1"},
				"west": {"uv": [6.25, 4.5, 6, 1.75], "rotation": 270, "texture": "#1"},
				"up": {"uv": [3.25, 4.5, 6, 6.25], "rotation": 270, "texture": "#1"},
				"down": {"uv": [6.25, 4.5, 9, 6.25], "rotation": 270, "texture": "#1"}
			}
		},
		{
			"from": [7, 1, 3],
			"to": [9, 2, 13],
			"faces": {
				"north": {"uv": [2.5, 11.75, 3, 12], "texture": "#1"},
				"east": {"uv": [0, 11.75, 2.5, 12], "texture": "#1"},
				"south": {"uv": [5.5, 11.75, 6, 12], "texture": "#1"},
				"west": {"uv": [3, 11.75, 5.5, 12], "texture": "#1"},
				"up": {"uv": [3, 11.75, 2.5, 9.25], "texture": "#1"},
				"down": {"uv": [3.5, 9.25, 3, 11.75], "texture": "#1"}
			}
		},
		{
			"from": [7, 0, 2.5],
			"to": [9, 1, 13.5],
			"faces": {
				"north": {"uv": [2.75, 9, 3.25, 9.25], "texture": "#1"},
				"east": {"uv": [0, 9, 2.75, 9.25], "texture": "#1"},
				"south": {"uv": [6, 9, 6.5, 9.25], "texture": "#1"},
				"west": {"uv": [3.25, 9, 6, 9.25], "texture": "#1"},
				"up": {"uv": [3.25, 9, 2.75, 6.25], "texture": "#1"},
				"down": {"uv": [3.75, 6.25, 3.25, 9], "texture": "#1"}
			}
		}
	],
	"gui_light": "front",
	"display": {
		"thirdperson_righthand": {
			"rotation": [50, 25, 15],
			"translation": [-1.5, -0.5, 1.5],
			"scale": [0.75, 0.75, 0.75]
		},
		"thirdperson_lefthand": {
			"rotation": [50, 25, 15],
			"translation": [-1.5, -0.5, 1.5],
			"scale": [0.75, 0.75, 0.75]
		},
		"firstperson_righthand": {
			"rotation": [60, 0, 90],
			"translation": [6, 4, -5]
		},
		"firstperson_lefthand": {
			"rotation": [60, 0, 90],
			"translation": [6, 4, -5]
		},
		"ground": {
			"rotation": [45, -12, 0],
			"translation": [0, 5, 1.5],
			"scale": [0.75, 0.75, 0.75]
		},
		"gui": {
			"rotation": [45, -45, -90],
			"translation": [3, -3, 0]
		},
		"head": {
			"rotation": [-5, 180, 0],
			"translation": [0, -14, 0],
			"scale": [2.287, 2.287, 2.287]
		},
		"fixed": {
			"rotation": [90, 45, 90],
			"translation": [-2.5, -2.5, 0.5]
		}
	},
	"groups": [
		{
			"name": "right_page",
			"origin": [9, 4.25, 8],
			"color": 0,
			"children": [0, 1]
		},
		{
			"name": "left_page",
			"origin": [7, 4.25, 8],
			"color": 0,
			"children": [2, 3]
		},
		4,
		5
	]
}