{
	"credit": "Made with Blockbench",
	"textures": {
		"0": "block/anvil",
		"1": "block/basalt_side",
		"particle": "block/anvil"
	},
	"elements": [
		{
			"name": "hexadecagon",
			"from": [7.92044, 0, 7.6],
			"to": [8.07956, 2, 8.4],
			"rotation": {"angle": -45, "axis": "y", "origin": [8, 1, 8]},
			"faces": {
				"north": {"uv": [0, 0, 1, 1], "rotation": 90, "texture": "#1"},
				"east": {"uv": [0, 0, 1, 1], "rotation": 270, "texture": "#1"},
				"south": {"uv": [0, 0, 1, 1], "rotation": 270, "texture": "#1"},
				"west": {"uv": [0, 0, 1, 1], "rotation": 270, "texture": "#1"},
				"up": {"uv": [0, 0, 1, 1], "rotation": 270, "texture": "#1"},
				"down": {"uv": [0, 0, 1, 1], "rotation": 270, "texture": "#1"}
			}
		},
		{
			"name": "hexadecagon",
			"from": [7.92044, 0, 7.6],
			"to": [8.07956, 2, 8.4],
			"rotation": {"angle": -22.5, "axis": "y", "origin": [8, 1, 8]},
			"faces": {
				"north": {"uv": [0, 0, 1, 1], "rotation": 90, "texture": "#1"},
				"east": {"uv": [0, 0, 1, 1], "rotation": 270, "texture": "#1"},
				"south": {"uv": [0, 0, 1, 1], "rotation": 270, "texture": "#1"},
				"west": {"uv": [0, 0, 1, 1], "rotation": 270, "texture": "#1"},
				"up": {"uv": [0, 0, 1, 1], "rotation": 270, "texture": "#1"},
				"down": {"uv": [0, 0, 1, 1], "rotation": 270, "texture": "#1"}
			}
		},
		{
			"name": "hexadecagon",
			"from": [7.92044, 0, 7.6],
			"to": [8.07956, 2, 8.4],
			"rotation": {"angle": 0, "axis": "x", "origin": [8, 1, 8]},
			"faces": {
				"north": {"uv": [0, 0, 1, 1], "rotation": 90, "texture": "#1"},
				"east": {"uv": [0, 0, 1, 1], "rotation": 270, "texture": "#1"},
				"south": {"uv": [0, 0, 1, 1], "rotation": 270, "texture": "#1"},
				"west": {"uv": [0, 0, 1, 1], "rotation": 270, "texture": "#1"},
				"up": {"uv": [0, 0, 1, 1], "rotation": 270, "texture": "#1"},
				"down": {"uv": [0, 0, 1, 1], "rotation": 270, "texture": "#1"}
			}
		},
		{
			"name": "hexadecagon",
			"from": [7.92044, 0, 7.6],
			"to": [8.07956, 2, 8.4],
			"rotation": {"angle": 22.5, "axis": "y", "origin": [8, 1, 8]},
			"faces": {
				"north": {"uv": [0, 0, 1, 1], "rotation": 90, "texture": "#1"},
				"east": {"uv": [0, 0, 1, 1], "rotation": 270, "texture": "#1"},
				"south": {"uv": [0, 0, 1, 1], "rotation": 270, "texture": "#1"},
				"west": {"uv": [0, 0, 1, 1], "rotation": 270, "texture": "#1"},
				"up": {"uv": [0, 0, 1, 1], "rotation": 270, "texture": "#1"},
				"down": {"uv": [0, 0, 1, 1], "rotation": 270, "texture": "#1"}
			}
		},
		{
			"name": "hexadecagon",
			"from": [7.92044, 0, 7.6],
			"to": [8.07956, 2, 8.4],
			"rotation": {"angle": 45, "axis": "y", "origin": [8, 1, 8]},
			"faces": {
				"north": {"uv": [0, 0, 1, 1], "rotation": 90, "texture": "#1"},
				"east": {"uv": [0, 0, 1, 1], "rotation": 270, "texture": "#1"},
				"south": {"uv": [0, 0, 1, 1], "rotation": 270, "texture": "#1"},
				"west": {"uv": [0, 0, 1, 1], "rotation": 270, "texture": "#1"},
				"up": {"uv": [0, 0, 1, 1], "rotation": 270, "texture": "#1"},
				"down": {"uv": [0, 0, 1, 1], "rotation": 270, "texture": "#1"}
			}
		},
		{
			"name": "hexadecagon",
			"from": [7.6, 0, 7.92044],
			"to": [8.4, 2, 8.07956],
			"rotation": {"angle": -22.5, "axis": "y", "origin": [8, 1, 8]},
			"faces": {
				"north": {"uv": [0, 0, 1, 1], "rotation": 90, "texture": "#1"},
				"east": {"uv": [0, 0, 1, 1], "rotation": 270, "texture": "#1"},
				"south": {"uv": [0, 0, 1, 1], "rotation": 270, "texture": "#1"},
				"west": {"uv": [0, 0, 1, 1], "rotation": 270, "texture": "#1"},
				"up": {"uv": [0, 0, 1, 1], "rotation": 270, "texture": "#1"},
				"down": {"uv": [0, 0, 1, 1], "rotation": 270, "texture": "#1"}
			}
		},
		{
			"name": "hexadecagon",
			"from": [7.6, 0, 7.92044],
			"to": [8.4, 2, 8.07956],
			"rotation": {"angle": 0, "axis": "x", "origin": [8, 1, 8]},
			"faces": {
				"north": {"uv": [0, 0, 1, 1], "rotation": 90, "texture": "#1"},
				"east": {"uv": [0, 0, 1, 1], "rotation": 270, "texture": "#1"},
				"south": {"uv": [0, 0, 1, 1], "rotation": 270, "texture": "#1"},
				"west": {"uv": [0, 0, 1, 1], "rotation": 270, "texture": "#1"},
				"up": {"uv": [0, 0, 1, 1], "rotation": 270, "texture": "#1"},
				"down": {"uv": [0, 0, 1, 1], "rotation": 270, "texture": "#1"}
			}
		},
		{
			"name": "hexadecagon",
			"from": [7.6, 0, 7.92044],
			"to": [8.4, 2, 8.07956],
			"rotation": {"angle": 22.5, "axis": "y", "origin": [8, 1, 8]},
			"faces": {
				"north": {"uv": [0, 0, 1, 1], "rotation": 90, "texture": "#1"},
				"east": {"uv": [0, 0, 1, 1], "rotation": 270, "texture": "#1"},
				"south": {"uv": [0, 0, 1, 1], "rotation": 270, "texture": "#1"},
				"west": {"uv": [0, 0, 1, 1], "rotation": 270, "texture": "#1"},
				"up": {"uv": [0, 0, 1, 1], "rotation": 270, "texture": "#1"},
				"down": {"uv": [0, 0, 1, 1], "rotation": 270, "texture": "#1"}
			}
		},
		{
			"name": "hexadecagon",
			"from": [7.93038, 0, 7.65],
			"to": [8.06962, 6.3, 8.35],
			"rotation": {"angle": -45, "axis": "y", "origin": [8, 1, 8]},
			"faces": {
				"north": {"uv": [0, 0, 1, 1], "rotation": 90, "texture": "#0"},
				"east": {"uv": [0, 0, 1, 1], "rotation": 270, "texture": "#0"},
				"south": {"uv": [0, 0, 1, 1], "rotation": 270, "texture": "#0"},
				"west": {"uv": [0, 0, 1, 1], "rotation": 270, "texture": "#0"},
				"up": {"uv": [0, 0, 1, 1], "rotation": 270, "texture": "#0"},
				"down": {"uv": [0, 0, 1, 1], "rotation": 270, "texture": "#0"}
			}
		},
		{
			"name": "hexadecagon",
			"from": [7.93038, 0, 7.65],
			"to": [8.06962, 6.3, 8.35],
			"rotation": {"angle": -22.5, "axis": "y", "origin": [8, 1, 8]},
			"faces": {
				"north": {"uv": [0, 0, 1, 1], "rotation": 90, "texture": "#0"},
				"east": {"uv": [0, 0, 1, 1], "rotation": 270, "texture": "#0"},
				"south": {"uv": [0, 0, 1, 1], "rotation": 270, "texture": "#0"},
				"west": {"uv": [0, 0, 1, 1], "rotation": 270, "texture": "#0"},
				"up": {"uv": [0, 0, 1, 1], "rotation": 270, "texture": "#0"},
				"down": {"uv": [0, 0, 1, 1], "rotation": 270, "texture": "#0"}
			}
		},
		{
			"name": "hexadecagon",
			"from": [7.93038, 0, 7.65],
			"to": [8.06962, 6.3, 8.35],
			"rotation": {"angle": 0, "axis": "x", "origin": [8, 1, 8]},
			"faces": {
				"north": {"uv": [0, 0, 1, 1], "rotation": 90, "texture": "#0"},
				"east": {"uv": [0, 0, 1, 1], "rotation": 270, "texture": "#0"},
				"south": {"uv": [0, 0, 1, 1], "rotation": 270, "texture": "#0"},
				"west": {"uv": [0, 0, 1, 1], "rotation": 270, "texture": "#0"},
				"up": {"uv": [0, 0, 1, 1], "rotation": 270, "texture": "#0"},
				"down": {"uv": [0, 0, 1, 1], "rotation": 270, "texture": "#0"}
			}
		},
		{
			"name": "hexadecagon",
			"from": [7.93038, 0, 7.65],
			"to": [8.06962, 6.3, 8.35],
			"rotation": {"angle": 22.5, "axis": "y", "origin": [8, 1, 8]},
			"faces": {
				"north": {"uv": [0, 0, 1, 1], "rotation": 90, "texture": "#0"},
				"east": {"uv": [0, 0, 1, 1], "rotation": 270, "texture": "#0"},
				"south": {"uv": [0, 0, 1, 1], "rotation": 270, "texture": "#0"},
				"west": {"uv": [0, 0, 1, 1], "rotation": 270, "texture": "#0"},
				"up": {"uv": [0, 0, 1, 1], "rotation": 270, "texture": "#0"},
				"down": {"uv": [0, 0, 1, 1], "rotation": 270, "texture": "#0"}
			}
		},
		{
			"name": "hexadecagon",
			"from": [7.93038, 0, 7.65],
			"to": [8.06962, 6.3, 8.35],
			"rotation": {"angle": 45, "axis": "y", "origin": [8, 1, 8]},
			"faces": {
				"north": {"uv": [0, 0, 1, 1], "rotation": 90, "texture": "#0"},
				"east": {"uv": [0, 0, 1, 1], "rotation": 270, "texture": "#0"},
				"south": {"uv": [0, 0, 1, 1], "rotation": 270, "texture": "#0"},
				"west": {"uv": [0, 0, 1, 1], "rotation": 270, "texture": "#0"},
				"up": {"uv": [0, 0, 1, 1], "rotation": 270, "texture": "#0"},
				"down": {"uv": [0, 0, 1, 1], "rotation": 270, "texture": "#0"}
			}
		},
		{
			"name": "hexadecagon",
			"from": [7.65, 0, 7.93038],
			"to": [8.35, 6.3, 8.06962],
			"rotation": {"angle": -22.5, "axis": "y", "origin": [8, 1, 8]},
			"faces": {
				"north": {"uv": [0, 0, 1, 1], "rotation": 90, "texture": "#0"},
				"east": {"uv": [0, 0, 1, 1], "rotation": 270, "texture": "#0"},
				"south": {"uv": [0, 0, 1, 1], "rotation": 270, "texture": "#0"},
				"west": {"uv": [0, 0, 1, 1], "rotation": 270, "texture": "#0"},
				"up": {"uv": [0, 0, 1, 1], "rotation": 270, "texture": "#0"},
				"down": {"uv": [0, 0, 1, 1], "rotation": 270, "texture": "#0"}
			}
		},
		{
			"name": "hexadecagon",
			"from": [7.65, 0, 7.93038],
			"to": [8.35, 6.3, 8.06962],
			"rotation": {"angle": 0, "axis": "x", "origin": [8, 1, 8]},
			"faces": {
				"north": {"uv": [0, 0, 1, 1], "rotation": 90, "texture": "#0"},
				"east": {"uv": [0, 0, 1, 1], "rotation": 270, "texture": "#0"},
				"south": {"uv": [0, 0, 1, 1], "rotation": 270, "texture": "#0"},
				"west": {"uv": [0, 0, 1, 1], "rotation": 270, "texture": "#0"},
				"up": {"uv": [0, 0, 1, 1], "rotation": 270, "texture": "#0"},
				"down": {"uv": [0, 0, 1, 1], "rotation": 270, "texture": "#0"}
			}
		},
		{
			"name": "hexadecagon",
			"from": [7.65, 0, 7.93038],
			"to": [8.35, 6.3, 8.06962],
			"rotation": {"angle": 22.5, "axis": "y", "origin": [8, 1, 8]},
			"faces": {
				"north": {"uv": [0, 0, 1, 1], "rotation": 90, "texture": "#0"},
				"east": {"uv": [0, 0, 1, 1], "rotation": 270, "texture": "#0"},
				"south": {"uv": [0, 0, 1, 1], "rotation": 270, "texture": "#0"},
				"west": {"uv": [0, 0, 1, 1], "rotation": 270, "texture": "#0"},
				"up": {"uv": [0, 0, 1, 1], "rotation": 270, "texture": "#0"},
				"down": {"uv": [0, 0, 1, 1], "rotation": 270, "texture": "#0"}
			}
		},
		{
			"name": "hexadecagon",
			"from": [7.92044, 2.2, 7.6],
			"to": [8.07956, 4.2, 8.4],
			"rotation": {"angle": -45, "axis": "y", "origin": [8, 3.2, 8]},
			"faces": {
				"north": {"uv": [0, 0, 1, 1], "rotation": 90, "texture": "#1"},
				"east": {"uv": [0, 0, 1, 1], "rotation": 270, "texture": "#1"},
				"south": {"uv": [0, 0, 1, 1], "rotation": 270, "texture": "#1"},
				"west": {"uv": [0, 0, 1, 1], "rotation": 270, "texture": "#1"},
				"up": {"uv": [0, 0, 1, 1], "rotation": 270, "texture": "#1"},
				"down": {"uv": [0, 0, 1, 1], "rotation": 270, "texture": "#1"}
			}
		},
		{
			"name": "hexadecagon",
			"from": [7.92044, 2.2, 7.6],
			"to": [8.07956, 4.2, 8.4],
			"rotation": {"angle": -22.5, "axis": "y", "origin": [8, 3.2, 8]},
			"faces": {
				"north": {"uv": [0, 0, 1, 1], "rotation": 90, "texture": "#1"},
				"east": {"uv": [0, 0, 1, 1], "rotation": 270, "texture": "#1"},
				"south": {"uv": [0, 0, 1, 1], "rotation": 270, "texture": "#1"},
				"west": {"uv": [0, 0, 1, 1], "rotation": 270, "texture": "#1"},
				"up": {"uv": [0, 0, 1, 1], "rotation": 270, "texture": "#1"},
				"down": {"uv": [0, 0, 1, 1], "rotation": 270, "texture": "#1"}
			}
		},
		{
			"name": "hexadecagon",
			"from": [7.92044, 2.2, 7.6],
			"to": [8.07956, 4.2, 8.4],
			"rotation": {"angle": 0, "axis": "x", "origin": [8, 3.2, 8]},
			"faces": {
				"north": {"uv": [0, 0, 1, 1], "rotation": 90, "texture": "#1"},
				"east": {"uv": [0, 0, 1, 1], "rotation": 270, "texture": "#1"},
				"south": {"uv": [0, 0, 1, 1], "rotation": 270, "texture": "#1"},
				"west": {"uv": [0, 0, 1, 1], "rotation": 270, "texture": "#1"},
				"up": {"uv": [0, 0, 1, 1], "rotation": 270, "texture": "#1"},
				"down": {"uv": [0, 0, 1, 1], "rotation": 270, "texture": "#1"}
			}
		},
		{
			"name": "hexadecagon",
			"from": [7.92044, 2.2, 7.6],
			"to": [8.07956, 4.2, 8.4],
			"rotation": {"angle": 22.5, "axis": "y", "origin": [8, 3.2, 8]},
			"faces": {
				"north": {"uv": [0, 0, 1, 1], "rotation": 90, "texture": "#1"},
				"east": {"uv": [0, 0, 1, 1], "rotation": 270, "texture": "#1"},
				"south": {"uv": [0, 0, 1, 1], "rotation": 270, "texture": "#1"},
				"west": {"uv": [0, 0, 1, 1], "rotation": 270, "texture": "#1"},
				"up": {"uv": [0, 0, 1, 1], "rotation": 270, "texture": "#1"},
				"down": {"uv": [0, 0, 1, 1], "rotation": 270, "texture": "#1"}
			}
		},
		{
			"name": "hexadecagon",
			"from": [7.92044, 2.2, 7.6],
			"to": [8.07956, 4.2, 8.4],
			"rotation": {"angle": 45, "axis": "y", "origin": [8, 3.2, 8]},
			"faces": {
				"north": {"uv": [0, 0, 1, 1], "rotation": 90, "texture": "#1"},
				"east": {"uv": [0, 0, 1, 1], "rotation": 270, "texture": "#1"},
				"south": {"uv": [0, 0, 1, 1], "rotation": 270, "texture": "#1"},
				"west": {"uv": [0, 0, 1, 1], "rotation": 270, "texture": "#1"},
				"up": {"uv": [0, 0, 1, 1], "rotation": 270, "texture": "#1"},
				"down": {"uv": [0, 0, 1, 1], "rotation": 270, "texture": "#1"}
			}
		},
		{
			"name": "hexadecagon",
			"from": [7.6, 2.2, 7.92044],
			"to": [8.4, 4.2, 8.07956],
			"rotation": {"angle": -22.5, "axis": "y", "origin": [8, 3.2, 8]},
			"faces": {
				"north": {"uv": [0, 0, 1, 1], "rotation": 90, "texture": "#1"},
				"east": {"uv": [0, 0, 1, 1], "rotation": 270, "texture": "#1"},
				"south": {"uv": [0, 0, 1, 1], "rotation": 270, "texture": "#1"},
				"west": {"uv": [0, 0, 1, 1], "rotation": 270, "texture": "#1"},
				"up": {"uv": [0, 0, 1, 1], "rotation": 270, "texture": "#1"},
				"down": {"uv": [0, 0, 1, 1], "rotation": 270, "texture": "#1"}
			}
		},
		{
			"name": "hexadecagon",
			"from": [7.6, 2.2, 7.92044],
			"to": [8.4, 4.2, 8.07956],
			"rotation": {"angle": 0, "axis": "x", "origin": [8, 3.2, 8]},
			"faces": {
				"north": {"uv": [0, 0, 1, 1], "rotation": 90, "texture": "#1"},
				"east": {"uv": [0, 0, 1, 1], "rotation": 270, "texture": "#1"},
				"south": {"uv": [0, 0, 1, 1], "rotation": 270, "texture": "#1"},
				"west": {"uv": [0, 0, 1, 1], "rotation": 270, "texture": "#1"},
				"up": {"uv": [0, 0, 1, 1], "rotation": 270, "texture": "#1"},
				"down": {"uv": [0, 0, 1, 1], "rotation": 270, "texture": "#1"}
			}
		},
		{
			"name": "hexadecagon",
			"from": [7.6, 2.2, 7.92044],
			"to": [8.4, 4.2, 8.07956],
			"rotation": {"angle": 22.5, "axis": "y", "origin": [8, 3.2, 8]},
			"faces": {
				"north": {"uv": [0, 0, 1, 1], "rotation": 90, "texture": "#1"},
				"east": {"uv": [0, 0, 1, 1], "rotation": 270, "texture": "#1"},
				"south": {"uv": [0, 0, 1, 1], "rotation": 270, "texture": "#1"},
				"west": {"uv": [0, 0, 1, 1], "rotation": 270, "texture": "#1"},
				"up": {"uv": [0, 0, 1, 1], "rotation": 270, "texture": "#1"},
				"down": {"uv": [0, 0, 1, 1], "rotation": 270, "texture": "#1"}
			}
		},
		{
			"name": "hexadecagon",
			"from": [7.92044, 4.4, 7.6],
			"to": [8.07956, 6.4, 8.4],
			"rotation": {"angle": -45, "axis": "y", "origin": [8, 5.4, 8]},
			"faces": {
				"north": {"uv": [0, 0, 1, 1], "rotation": 90, "texture": "#1"},
				"east": {"uv": [0, 0, 1, 1], "rotation": 270, "texture": "#1"},
				"south": {"uv": [0, 0, 1, 1], "rotation": 270, "texture": "#1"},
				"west": {"uv": [0, 0, 1, 1], "rotation": 270, "texture": "#1"},
				"up": {"uv": [0, 0, 1, 1], "rotation": 270, "texture": "#1"},
				"down": {"uv": [0, 0, 1, 1], "rotation": 270, "texture": "#1"}
			}
		},
		{
			"name": "hexadecagon",
			"from": [7.92044, 4.4, 7.6],
			"to": [8.07956, 6.4, 8.4],
			"rotation": {"angle": -22.5, "axis": "y", "origin": [8, 5.4, 8]},
			"faces": {
				"north": {"uv": [0, 0, 1, 1], "rotation": 90, "texture": "#1"},
				"east": {"uv": [0, 0, 1, 1], "rotation": 270, "texture": "#1"},
				"south": {"uv": [0, 0, 1, 1], "rotation": 270, "texture": "#1"},
				"west": {"uv": [0, 0, 1, 1], "rotation": 270, "texture": "#1"},
				"up": {"uv": [0, 0, 1, 1], "rotation": 270, "texture": "#1"},
				"down": {"uv": [0, 0, 1, 1], "rotation": 270, "texture": "#1"}
			}
		},
		{
			"name": "hexadecagon",
			"from": [7.92044, 4.4, 7.6],
			"to": [8.07956, 6.4, 8.4],
			"rotation": {"angle": 0, "axis": "x", "origin": [8, 5.4, 8]},
			"faces": {
				"north": {"uv": [0, 0, 1, 1], "rotation": 90, "texture": "#1"},
				"east": {"uv": [0, 0, 1, 1], "rotation": 270, "texture": "#1"},
				"south": {"uv": [0, 0, 1, 1], "rotation": 270, "texture": "#1"},
				"west": {"uv": [0, 0, 1, 1], "rotation": 270, "texture": "#1"},
				"up": {"uv": [0, 0, 1, 1], "rotation": 270, "texture": "#1"},
				"down": {"uv": [0, 0, 1, 1], "rotation": 270, "texture": "#1"}
			}
		},
		{
			"name": "hexadecagon",
			"from": [7.92044, 4.4, 7.6],
			"to": [8.07956, 6.4, 8.4],
			"rotation": {"angle": 22.5, "axis": "y", "origin": [8, 5.4, 8]},
			"faces": {
				"north": {"uv": [0, 0, 1, 1], "rotation": 90, "texture": "#1"},
				"east": {"uv": [0, 0, 1, 1], "rotation": 270, "texture": "#1"},
				"south": {"uv": [0, 0, 1, 1], "rotation": 270, "texture": "#1"},
				"west": {"uv": [0, 0, 1, 1], "rotation": 270, "texture": "#1"},
				"up": {"uv": [0, 0, 1, 1], "rotation": 270, "texture": "#1"},
				"down": {"uv": [0, 0, 1, 1], "rotation": 270, "texture": "#1"}
			}
		},
		{
			"name": "hexadecagon",
			"from": [7.92044, 4.4, 7.6],
			"to": [8.07956, 6.4, 8.4],
			"rotation": {"angle": 45, "axis": "y", "origin": [8, 5.4, 8]},
			"faces": {
				"north": {"uv": [0, 0, 1, 1], "rotation": 90, "texture": "#1"},
				"east": {"uv": [0, 0, 1, 1], "rotation": 270, "texture": "#1"},
				"south": {"uv": [0, 0, 1, 1], "rotation": 270, "texture": "#1"},
				"west": {"uv": [0, 0, 1, 1], "rotation": 270, "texture": "#1"},
				"up": {"uv": [0, 0, 1, 1], "rotation": 270, "texture": "#1"},
				"down": {"uv": [0, 0, 1, 1], "rotation": 270, "texture": "#1"}
			}
		},
		{
			"name": "hexadecagon",
			"from": [7.6, 4.4, 7.92044],
			"to": [8.4, 6.4, 8.07956],
			"rotation": {"angle": -22.5, "axis": "y", "origin": [8, 5.4, 8]},
			"faces": {
				"north": {"uv": [0, 0, 1, 1], "rotation": 90, "texture": "#1"},
				"east": {"uv": [0, 0, 1, 1], "rotation": 270, "texture": "#1"},
				"south": {"uv": [0, 0, 1, 1], "rotation": 270, "texture": "#1"},
				"west": {"uv": [0, 0, 1, 1], "rotation": 270, "texture": "#1"},
				"up": {"uv": [0, 0, 1, 1], "rotation": 270, "texture": "#1"},
				"down": {"uv": [0, 0, 1, 1], "rotation": 270, "texture": "#1"}
			}
		},
		{
			"name": "hexadecagon",
			"from": [7.6, 4.4, 7.92044],
			"to": [8.4, 6.4, 8.07956],
			"rotation": {"angle": 0, "axis": "x", "origin": [8, 5.4, 8]},
			"faces": {
				"north": {"uv": [0, 0, 1, 1], "rotation": 90, "texture": "#1"},
				"east": {"uv": [0, 0, 1, 1], "rotation": 270, "texture": "#1"},
				"south": {"uv": [0, 0, 1, 1], "rotation": 270, "texture": "#1"},
				"west": {"uv": [0, 0, 1, 1], "rotation": 270, "texture": "#1"},
				"up": {"uv": [0, 0, 1, 1], "rotation": 270, "texture": "#1"},
				"down": {"uv": [0, 0, 1, 1], "rotation": 270, "texture": "#1"}
			}
		},
		{
			"name": "hexadecagon",
			"from": [7.6, 4.4, 7.92044],
			"to": [8.4, 6.4, 8.07956],
			"rotation": {"angle": 22.5, "axis": "y", "origin": [8, 5.4, 8]},
			"faces": {
				"north": {"uv": [0, 0, 1, 1], "rotation": 90, "texture": "#1"},
				"east": {"uv": [0, 0, 1, 1], "rotation": 270, "texture": "#1"},
				"south": {"uv": [0, 0, 1, 1], "rotation": 270, "texture": "#1"},
				"west": {"uv": [0, 0, 1, 1], "rotation": 270, "texture": "#1"},
				"up": {"uv": [0, 0, 1, 1], "rotation": 270, "texture": "#1"},
				"down": {"uv": [0, 0, 1, 1], "rotation": 270, "texture": "#1"}
			}
		},
		{
			"name": "hexadecagon",
			"from": [7.95027, 6.4, 7.75],
			"to": [8.04973, 7.1, 8.25],
			"rotation": {"angle": -45, "axis": "y", "origin": [8, 7.4, 8]},
			"faces": {
				"north": {"uv": [0, 0, 1, 1], "rotation": 90, "texture": "#0"},
				"east": {"uv": [0, 0, 1, 1], "rotation": 270, "texture": "#0"},
				"south": {"uv": [0, 0, 1, 1], "rotation": 270, "texture": "#0"},
				"west": {"uv": [0, 0, 1, 1], "rotation": 270, "texture": "#0"},
				"up": {"uv": [0, 0, 1, 1], "rotation": 270, "texture": "#0"},
				"down": {"uv": [0, 0, 1, 1], "rotation": 270, "texture": "#0"}
			}
		},
		{
			"name": "hexadecagon",
			"from": [7.95027, 6.4, 7.75],
			"to": [8.04973, 7.1, 8.25],
			"rotation": {"angle": -22.5, "axis": "y", "origin": [8, 7.4, 8]},
			"faces": {
				"north": {"uv": [0, 0, 1, 1], "rotation": 90, "texture": "#0"},
				"east": {"uv": [0, 0, 1, 1], "rotation": 270, "texture": "#0"},
				"south": {"uv": [0, 0, 1, 1], "rotation": 270, "texture": "#0"},
				"west": {"uv": [0, 0, 1, 1], "rotation": 270, "texture": "#0"},
				"up": {"uv": [0, 0, 1, 1], "rotation": 270, "texture": "#0"},
				"down": {"uv": [0, 0, 1, 1], "rotation": 270, "texture": "#0"}
			}
		},
		{
			"name": "hexadecagon",
			"from": [7.95027, 6.4, 7.75],
			"to": [8.04973, 7.1, 8.25],
			"rotation": {"angle": 0, "axis": "x", "origin": [8, 7.4, 8]},
			"faces": {
				"north": {"uv": [0, 0, 1, 1], "rotation": 90, "texture": "#0"},
				"east": {"uv": [0, 0, 1, 1], "rotation": 270, "texture": "#0"},
				"south": {"uv": [0, 0, 1, 1], "rotation": 270, "texture": "#0"},
				"west": {"uv": [0, 0, 1, 1], "rotation": 270, "texture": "#0"},
				"up": {"uv": [0, 0, 1, 1], "rotation": 270, "texture": "#0"},
				"down": {"uv": [0, 0, 1, 1], "rotation": 270, "texture": "#0"}
			}
		},
		{
			"name": "hexadecagon",
			"from": [7.95027, 6.4, 7.75],
			"to": [8.04973, 7.1, 8.25],
			"rotation": {"angle": 22.5, "axis": "y", "origin": [8, 7.4, 8]},
			"faces": {
				"north": {"uv": [0, 0, 1, 1], "rotation": 90, "texture": "#0"},
				"east": {"uv": [0, 0, 1, 1], "rotation": 270, "texture": "#0"},
				"south": {"uv": [0, 0, 1, 1], "rotation": 270, "texture": "#0"},
				"west": {"uv": [0, 0, 1, 1], "rotation": 270, "texture": "#0"},
				"up": {"uv": [0, 0, 1, 1], "rotation": 270, "texture": "#0"},
				"down": {"uv": [0, 0, 1, 1], "rotation": 270, "texture": "#0"}
			}
		},
		{
			"name": "hexadecagon",
			"from": [7.95027, 6.4, 7.75],
			"to": [8.04973, 7.1, 8.25],
			"rotation": {"angle": 45, "axis": "y", "origin": [8, 7.4, 8]},
			"faces": {
				"north": {"uv": [0, 0, 1, 1], "rotation": 90, "texture": "#0"},
				"east": {"uv": [0, 0, 1, 1], "rotation": 270, "texture": "#0"},
				"south": {"uv": [0, 0, 1, 1], "rotation": 270, "texture": "#0"},
				"west": {"uv": [0, 0, 1, 1], "rotation": 270, "texture": "#0"},
				"up": {"uv": [0, 0, 1, 1], "rotation": 270, "texture": "#0"},
				"down": {"uv": [0, 0, 1, 1], "rotation": 270, "texture": "#0"}
			}
		},
		{
			"name": "hexadecagon",
			"from": [7.75, 6.4, 7.95027],
			"to": [8.25, 7.1, 8.04973],
			"rotation": {"angle": -22.5, "axis": "y", "origin": [8, 7.4, 8]},
			"faces": {
				"north": {"uv": [0, 0, 1, 1], "rotation": 90, "texture": "#0"},
				"east": {"uv": [0, 0, 1, 1], "rotation": 270, "texture": "#0"},
				"south": {"uv": [0, 0, 1, 1], "rotation": 270, "texture": "#0"},
				"west": {"uv": [0, 0, 1, 1], "rotation": 270, "texture": "#0"},
				"up": {"uv": [0, 0, 1, 1], "rotation": 270, "texture": "#0"},
				"down": {"uv": [0, 0, 1, 1], "rotation": 270, "texture": "#0"}
			}
		},
		{
			"name": "hexadecagon",
			"from": [7.75, 6.4, 7.95027],
			"to": [8.25, 7.1, 8.04973],
			"rotation": {"angle": 0, "axis": "x", "origin": [8, 7.4, 8]},
			"faces": {
				"north": {"uv": [0, 0, 1, 1], "rotation": 90, "texture": "#0"},
				"east": {"uv": [0, 0, 1, 1], "rotation": 270, "texture": "#0"},
				"south": {"uv": [0, 0, 1, 1], "rotation": 270, "texture": "#0"},
				"west": {"uv": [0, 0, 1, 1], "rotation": 270, "texture": "#0"},
				"up": {"uv": [0, 0, 1, 1], "rotation": 270, "texture": "#0"},
				"down": {"uv": [0, 0, 1, 1], "rotation": 270, "texture": "#0"}
			}
		},
		{
			"name": "hexadecagon",
			"from": [7.75, 6.4, 7.95027],
			"to": [8.25, 7.1, 8.04973],
			"rotation": {"angle": 22.5, "axis": "y", "origin": [8, 7.4, 8]},
			"faces": {
				"north": {"uv": [0, 0, 1, 1], "rotation": 90, "texture": "#0"},
				"east": {"uv": [0, 0, 1, 1], "rotation": 270, "texture": "#0"},
				"south": {"uv": [0, 0, 1, 1], "rotation": 270, "texture": "#0"},
				"west": {"uv": [0, 0, 1, 1], "rotation": 270, "texture": "#0"},
				"up": {"uv": [0, 0, 1, 1], "rotation": 270, "texture": "#0"},
				"down": {"uv": [0, 0, 1, 1], "rotation": 270, "texture": "#0"}
			}
		},
		{
			"from": [7.7, 6.7, 7],
			"to": [8.3, 6.9, 10],
			"rotation": {"angle": 0, "axis": "y", "origin": [0, -0.4, 0]},
			"faces": {
				"north": {"uv": [0, 0, 0.6, 0.2], "texture": "#0"},
				"east": {"uv": [0, 0, 3, 0.2], "texture": "#0"},
				"south": {"uv": [0, 0, 0.6, 0.2], "texture": "#0"},
				"west": {"uv": [0, 0, 3, 0.2], "texture": "#0"},
				"up": {"uv": [0, 0, 0.6, 3], "texture": "#0"},
				"down": {"uv": [0, 0, 0.6, 3], "texture": "#0"}
			}
		},
		{
			"from": [7.7, 6, 9.8],
			"to": [8.3, 6.9, 10],
			"rotation": {"angle": 0, "axis": "y", "origin": [0, -0.4, 0]},
			"faces": {
				"north": {"uv": [0, 0, 0.6, 0.9], "texture": "#0"},
				"east": {"uv": [0, 0, 0.2, 0.9], "texture": "#0"},
				"south": {"uv": [0, 0, 0.6, 0.9], "texture": "#0"},
				"west": {"uv": [0, 0, 0.2, 0.9], "texture": "#0"},
				"up": {"uv": [0, 0, 0.6, 0.2], "texture": "#0"},
				"down": {"uv": [0, 0, 0.6, 0.2], "texture": "#0"}
			}
		},
		{
			"from": [7.7, 6.00401, 9.62018],
			"to": [8.3, 6.80401, 9.82018],
			"rotation": {"angle": -22.5, "axis": "x", "origin": [8, 6.45401, 9.72018]},
			"faces": {
				"north": {"uv": [0, 0, 0.6, 0.8], "texture": "#0"},
				"east": {"uv": [0, 0, 0.2, 0.8], "texture": "#0"},
				"south": {"uv": [0, 0, 0.6, 0.8], "texture": "#0"},
				"west": {"uv": [0, 0, 0.2, 0.8], "texture": "#0"},
				"up": {"uv": [0, 0, 0.6, 0.2], "texture": "#0"},
				"down": {"uv": [0, 0, 0.6, 0.2], "texture": "#0"}
			}
		},
		{
			"from": [7.7, 6.40401, 9.82018],
			"to": [8.3, 6.80401, 9.92018],
			"rotation": {"angle": -22.5, "axis": "x", "origin": [8, 6.45401, 9.72018]},
			"faces": {
				"north": {"uv": [0, 0, 0.6, 0.4], "texture": "#0"},
				"east": {"uv": [0, 0, 0.1, 0.4], "texture": "#0"},
				"south": {"uv": [0, 0, 0.6, 0.4], "texture": "#0"},
				"west": {"uv": [0, 0, 0.1, 0.4], "texture": "#0"},
				"up": {"uv": [0, 0, 0.6, 0.1], "texture": "#0"},
				"down": {"uv": [0, 0, 0.6, 0.1], "texture": "#0"}
			}
		},
		{
			"from": [7.7, 6.13359, 5.55245],
			"to": [8.3, 6.33359, 7.15245],
			"rotation": {"angle": -22.5, "axis": "x", "origin": [8, 6.23359, 5.65245]},
			"faces": {
				"north": {"uv": [0, 0, 0.6, 0.2], "texture": "#0"},
				"east": {"uv": [0, 0, 1.6, 0.2], "texture": "#0"},
				"south": {"uv": [0, 0, 0.6, 0.2], "texture": "#0"},
				"west": {"uv": [0, 0, 1.6, 0.2], "texture": "#0"},
				"up": {"uv": [0, 0, 0.6, 1.6], "texture": "#0"},
				"down": {"uv": [0, 0, 0.6, 1.6], "texture": "#0"}
			}
		},
		{
			"from": [7.7, 6.13359, 4.05245],
			"to": [8.3, 6.33359, 5.55245],
			"rotation": {"angle": -22.5, "axis": "x", "origin": [8, 6.23359, 5.65245]},
			"faces": {
				"north": {"uv": [0, 0, 0.6, 0.2], "texture": "#0"},
				"east": {"uv": [0, 0, 1.5, 0.2], "texture": "#0"},
				"south": {"uv": [0, 0, 0.6, 0.2], "texture": "#0"},
				"west": {"uv": [0, 0, 1.5, 0.2], "texture": "#0"},
				"up": {"uv": [0, 0, 0.6, 1.5], "texture": "#0"},
				"down": {"uv": [0, 0, 0.6, 1.5], "texture": "#0"}
			}
		},
		{
			"from": [7.7, 5.47922, 4.2623],
			"to": [8.3, 5.57922, 4.3623],
			"rotation": {"angle": 22.5, "axis": "x", "origin": [8, 5.62922, 4.3623]},
			"faces": {
				"north": {"uv": [0, 0, 0.6, 0.1], "rotation": 180, "texture": "#0"},
				"east": {"uv": [0, 0, 0.1, 0.1], "rotation": 90, "texture": "#0"},
				"south": {"uv": [0, 0, 0.6, 0.1], "texture": "#0"},
				"west": {"uv": [0, 0, 0.1, 0.1], "rotation": 270, "texture": "#0"},
				"up": {"uv": [0, 0, 0.6, 0.1], "texture": "#0"},
				"down": {"uv": [0, 0, 0.6, 0.1], "rotation": 180, "texture": "#0"}
			}
		},
		{
			"from": [7.7, 5.67922, 4.4623],
			"to": [8.3, 5.77922, 4.5623],
			"rotation": {"angle": 22.5, "axis": "x", "origin": [8, 5.62922, 4.3623]},
			"faces": {
				"north": {"uv": [0, 0, 0.6, 0.1], "rotation": 180, "texture": "#0"},
				"east": {"uv": [0, 0, 0.1, 0.1], "rotation": 90, "texture": "#0"},
				"south": {"uv": [0, 0, 0.6, 0.1], "texture": "#0"},
				"west": {"uv": [0, 0, 0.1, 0.1], "rotation": 270, "texture": "#0"},
				"up": {"uv": [0, 0, 0.6, 0.1], "texture": "#0"},
				"down": {"uv": [0, 0, 0.6, 0.1], "rotation": 180, "texture": "#0"}
			}
		},
		{
			"from": [7.7, 5.87922, 4.6623],
			"to": [8.3, 5.97922, 4.7623],
			"rotation": {"angle": 22.5, "axis": "x", "origin": [8, 5.62922, 4.3623]},
			"faces": {
				"north": {"uv": [0, 0, 0.6, 0.1], "rotation": 180, "texture": "#0"},
				"east": {"uv": [0, 0, 0.1, 0.1], "rotation": 90, "texture": "#0"},
				"south": {"uv": [0, 0, 0.6, 0.1], "texture": "#0"},
				"west": {"uv": [0, 0, 0.1, 0.1], "rotation": 270, "texture": "#0"},
				"up": {"uv": [0, 0, 0.6, 0.1], "texture": "#0"},
				"down": {"uv": [0, 0, 0.6, 0.1], "rotation": 180, "texture": "#0"}
			}
		},
		{
			"from": [7.7, 6.27922, 5.0623],
			"to": [8.3, 6.37922, 5.1623],
			"rotation": {"angle": 22.5, "axis": "x", "origin": [8, 5.62922, 4.3623]},
			"faces": {
				"north": {"uv": [0, 0, 0.6, 0.1], "rotation": 180, "texture": "#0"},
				"east": {"uv": [0, 0, 0.1, 0.1], "rotation": 90, "texture": "#0"},
				"south": {"uv": [0, 0, 0.6, 0.1], "texture": "#0"},
				"west": {"uv": [0, 0, 0.1, 0.1], "rotation": 270, "texture": "#0"},
				"up": {"uv": [0, 0, 0.6, 0.1], "texture": "#0"},
				"down": {"uv": [0, 0, 0.6, 0.1], "rotation": 180, "texture": "#0"}
			}
		},
		{
			"from": [7.7, 6.47922, 5.2623],
			"to": [8.3, 6.57922, 5.3623],
			"rotation": {"angle": 22.5, "axis": "x", "origin": [8, 5.62922, 4.3623]},
			"faces": {
				"north": {"uv": [0, 0, 0.6, 0.1], "rotation": 180, "texture": "#0"},
				"east": {"uv": [0, 0, 0.1, 0.1], "rotation": 90, "texture": "#0"},
				"south": {"uv": [0, 0, 0.6, 0.1], "texture": "#0"},
				"west": {"uv": [0, 0, 0.1, 0.1], "rotation": 270, "texture": "#0"},
				"up": {"uv": [0, 0, 0.6, 0.1], "texture": "#0"},
				"down": {"uv": [0, 0, 0.6, 0.1], "rotation": 180, "texture": "#0"}
			}
		},
		{
			"from": [7.7, 6.67922, 5.4623],
			"to": [8.3, 6.77922, 5.5623],
			"rotation": {"angle": 22.5, "axis": "x", "origin": [8, 5.62922, 4.3623]},
			"faces": {
				"north": {"uv": [0, 0, 0.6, 0.1], "rotation": 180, "texture": "#0"},
				"east": {"uv": [0, 0, 0.1, 0.1], "rotation": 90, "texture": "#0"},
				"south": {"uv": [0, 0, 0.6, 0.1], "texture": "#0"},
				"west": {"uv": [0, 0, 0.1, 0.1], "rotation": 270, "texture": "#0"},
				"up": {"uv": [0, 0, 0.6, 0.1], "texture": "#0"},
				"down": {"uv": [0, 0, 0.6, 0.1], "rotation": 180, "texture": "#0"}
			}
		},
		{
			"from": [7.7, 6.87922, 5.6623],
			"to": [8.3, 6.97922, 5.7623],
			"rotation": {"angle": 22.5, "axis": "x", "origin": [8, 5.62922, 4.3623]},
			"faces": {
				"north": {"uv": [0, 0, 0.6, 0.1], "rotation": 180, "texture": "#0"},
				"east": {"uv": [0, 0, 0.1, 0.1], "rotation": 90, "texture": "#0"},
				"south": {"uv": [0, 0, 0.6, 0.1], "texture": "#0"},
				"west": {"uv": [0, 0, 0.1, 0.1], "rotation": 270, "texture": "#0"},
				"up": {"uv": [0, 0, 0.6, 0.1], "texture": "#0"},
				"down": {"uv": [0, 0, 0.6, 0.1], "rotation": 180, "texture": "#0"}
			}
		},
		{
			"from": [7.7, 7.07922, 5.8623],
			"to": [8.3, 7.17922, 5.9623],
			"rotation": {"angle": 22.5, "axis": "x", "origin": [8, 5.62922, 4.3623]},
			"faces": {
				"north": {"uv": [0, 0, 0.6, 0.1], "rotation": 180, "texture": "#0"},
				"east": {"uv": [0, 0, 0.1, 0.1], "rotation": 90, "texture": "#0"},
				"south": {"uv": [0, 0, 0.6, 0.1], "texture": "#0"},
				"west": {"uv": [0, 0, 0.1, 0.1], "rotation": 270, "texture": "#0"},
				"up": {"uv": [0, 0, 0.6, 0.1], "texture": "#0"},
				"down": {"uv": [0, 0, 0.6, 0.1], "rotation": 180, "texture": "#0"}
			}
		},
		{
			"from": [7.7, 7.27922, 6.0623],
			"to": [8.3, 7.37922, 6.1623],
			"rotation": {"angle": 22.5, "axis": "x", "origin": [8, 5.62922, 4.3623]},
			"faces": {
				"north": {"uv": [0, 0, 0.6, 0.1], "rotation": 180, "texture": "#0"},
				"east": {"uv": [0, 0, 0.1, 0.1], "rotation": 90, "texture": "#0"},
				"south": {"uv": [0, 0, 0.6, 0.1], "texture": "#0"},
				"west": {"uv": [0, 0, 0.1, 0.1], "rotation": 270, "texture": "#0"},
				"up": {"uv": [0, 0, 0.6, 0.1], "texture": "#0"},
				"down": {"uv": [0, 0, 0.6, 0.1], "rotation": 180, "texture": "#0"}
			}
		},
		{
			"from": [7.7, 7.47922, 6.2623],
			"to": [8.3, 7.57922, 6.3623],
			"rotation": {"angle": 22.5, "axis": "x", "origin": [8, 5.62922, 4.3623]},
			"faces": {
				"north": {"uv": [0, 0, 0.6, 0.1], "rotation": 180, "texture": "#0"},
				"east": {"uv": [0, 0, 0.1, 0.1], "rotation": 90, "texture": "#0"},
				"south": {"uv": [0, 0, 0.6, 0.1], "texture": "#0"},
				"west": {"uv": [0, 0, 0.1, 0.1], "rotation": 270, "texture": "#0"},
				"up": {"uv": [0, 0, 0.6, 0.1], "texture": "#0"},
				"down": {"uv": [0, 0, 0.6, 0.1], "rotation": 180, "texture": "#0"}
			}
		},
		{
			"from": [7.7, 6.07922, 4.8623],
			"to": [8.3, 6.17922, 4.9623],
			"rotation": {"angle": 22.5, "axis": "x", "origin": [8, 5.62922, 4.3623]},
			"faces": {
				"north": {"uv": [0, 0, 0.6, 0.1], "rotation": 180, "texture": "#0"},
				"east": {"uv": [0, 0, 0.1, 0.1], "rotation": 90, "texture": "#0"},
				"south": {"uv": [0, 0, 0.6, 0.1], "texture": "#0"},
				"west": {"uv": [0, 0, 0.1, 0.1], "rotation": 270, "texture": "#0"},
				"up": {"uv": [0, 0, 0.6, 0.1], "texture": "#0"},
				"down": {"uv": [0, 0, 0.6, 0.1], "rotation": 180, "texture": "#0"}
			}
		}
	],
	"display": {
		"thirdperson_righthand": {
			"translation": [-0.5, 11.25, 1.5],
			"scale": [1.5, 1.5, 1.5]
		},
		"thirdperson_lefthand": {
			"translation": [-0.5, 11.25, 1.5],
			"scale": [1.5, 1.5, 1.5]
		},
		"firstperson_righthand": {
			"rotation": [-5, 0, 4],
			"translation": [0, 9.5, 1],
			"scale": [1.5, 1.5, 1.5]
		},
		"firstperson_lefthand": {
			"rotation": [-5, 0, 4],
			"translation": [0, 9.5, 1],
			"scale": [1.5, 1.5, 1.5]
		},
		"ground": {
			"rotation": [0, 0, 90],
			"translation": [0, -6.5, 0]
		},
		"gui": {
			"rotation": [-90, 58, 90],
			"translation": [-2.75, 6, 0],
			"scale": [1.5, 1.5, 1.5]
		}
	},
	"groups": [
		{
			"name": "hexadecagon",
			"origin": [8, 8, 8],
			"color": 0,
			"children": [0, 1, 2, 3, 4, 5, 6, 7]
		},
		{
			"name": "hexadecagon",
			"origin": [8, 8, 8],
			"color": 0,
			"children": [8, 9, 10, 11, 12, 13, 14, 15]
		},
		{
			"name": "hexadecagon",
			"origin": [8, 8, 8],
			"color": 0,
			"children": [16, 17, 18, 19, 20, 21, 22, 23]
		},
		{
			"name": "hexadecagon",
			"origin": [8, 8, 8],
			"color": 0,
			"children": [24, 25, 26, 27, 28, 29, 30, 31]
		},
		{
			"name": "hexadecagon",
			"origin": [8, 8, 8],
			"color": 0,
			"children": [32, 33, 34, 35, 36, 37, 38, 39]
		},
		40,
		41,
		42,
		43,
		44,
		45,
		46,
		47,
		48,
		49,
		50,
		51,
		52,
		53,
		54,
		55,
		56
	]
}