{
	"credit": "Made with Blockbench",
	"textures": {
		"1": "block/3dmodel/lee3",
		"4": "block/3dmodel/metal_weapon3",
		"6": "block/3dmodel/Decorative_weapon",
		"particle": "block/3dmodel/metal_weapon3"
	},
	"elements": [
		{
			"name": "Trigger",
			"from": [7.4, 4.55, 17.5],
			"to": [8.6, 4.75, 19.2],
			"rotation": {"angle": 0, "axis": "y", "origin": [8, 8, 19]},
			"faces": {
				"north": {"uv": [0, 0, 7.15, 1.05], "texture": "#4"},
				"east": {"uv": [0, 0, 7.15, 1.05], "texture": "#4"},
				"south": {"uv": [0, 0, 7.15, 1.05], "texture": "#4"},
				"west": {"uv": [0, 0, 7.15, 1.05], "texture": "#4"},
				"up": {"uv": [0, 0, 6.9, 3.05], "rotation": 90, "texture": "#4"},
				"down": {"uv": [0, 0, 6.9, 3.05], "rotation": 90, "texture": "#4"}
			}
		},
		{
			"name": "Trigger",
			"from": [7.4, 1.78, 16.8],
			"to": [8.6, 1.98, 18],
			"rotation": {"angle": 22.5, "axis": "x", "origin": [8, 5, 19]},
			"faces": {
				"north": {"uv": [0, 0, 7.15, 1.05], "texture": "#4"},
				"east": {"uv": [0, 0, 7.15, 1.05], "texture": "#4"},
				"south": {"uv": [0, 0, 7.15, 1.05], "texture": "#4"},
				"west": {"uv": [0, 0, 7.15, 1.05], "texture": "#4"},
				"up": {"uv": [0, 0, 6.9, 3.05], "rotation": 90, "texture": "#4"},
				"down": {"uv": [0, 0, 6.9, 3.05], "rotation": 90, "texture": "#4"}
			}
		},
		{
			"name": "Trigger",
			"from": [7.59894, 5.05, 18.2],
			"to": [8.39894, 6.25, 18.4],
			"rotation": {"angle": 0, "axis": "y", "origin": [8, 8, 20]},
			"faces": {
				"north": {"uv": [3.25, 7, 4.75, 8.75], "rotation": 90, "texture": "#4"},
				"east": {"uv": [0, 10, 1.25, 11.25], "rotation": 90, "texture": "#4"},
				"south": {"uv": [7.75, 7.75, 9.25, 9.5], "rotation": 90, "texture": "#4"},
				"west": {"uv": [0, 8.25, 1.25, 9.5], "rotation": 90, "texture": "#4"},
				"up": {"uv": [0, 0, 2, 3.5], "texture": "#4"},
				"down": {"uv": [0, 8.25, 1.25, 9.5], "texture": "#4"}
			}
		},
		{
			"name": "Barrel",
			"from": [7.4, 6.45, 28],
			"to": [8.6, 7.65, 30.8],
			"rotation": {"angle": 0, "axis": "y", "origin": [8, 7, 12]},
			"faces": {
				"north": {"uv": [0, 0, 0.8, 0.8], "texture": "#4"},
				"east": {"uv": [0, 0, 4.4, 2.55], "texture": "#4"},
				"south": {"uv": [5.5, 2.75, 8.25, 5.5], "texture": "#6"},
				"west": {"uv": [0, 0, 4.4, 2.55], "texture": "#4"},
				"up": {"uv": [0, 0, 4.4, 2.55], "rotation": 90, "texture": "#4"},
				"down": {"uv": [0, 0, 4.4, 2.55], "rotation": 90, "texture": "#4"}
			}
		},
		{
			"name": "Barrel",
			"from": [7.6, 6.65, 25],
			"to": [8.4, 7.45, 28.6],
			"rotation": {"angle": 0, "axis": "y", "origin": [8, 7, 8]},
			"faces": {
				"north": {"uv": [0, 0, 0.8, 0.8], "texture": "#4"},
				"east": {"uv": [0, 0, 4.4, 2.55], "texture": "#4"},
				"south": {"uv": [5.5, 2.75, 8.25, 5.5], "texture": "#4"},
				"west": {"uv": [0, 0, 4.4, 2.55], "texture": "#4"},
				"up": {"uv": [0, 0, 4.4, 2.55], "rotation": 90, "texture": "#4"},
				"down": {"uv": [0, 0, 4.4, 2.55], "rotation": 90, "texture": "#4"}
			}
		},
		{
			"name": "Trigger",
			"from": [7.4, 4.8, 19.3],
			"to": [8.6, 7.3, 19.5],
			"rotation": {"angle": 0, "axis": "y", "origin": [8, 8, 20]},
			"faces": {
				"north": {"uv": [0, 0, 6.9, 3.05], "rotation": 90, "texture": "#4"},
				"east": {"uv": [0, 0, 7.15, 1.05], "rotation": 90, "texture": "#4"},
				"south": {"uv": [0, 0, 6.9, 3.05], "rotation": 90, "texture": "#4"},
				"west": {"uv": [0, 0, 6.9, 0.8], "rotation": 90, "texture": "#4"},
				"up": {"uv": [0, 0, 2, 3.5], "texture": "#missing"},
				"down": {"uv": [0, 0, 7.15, 1.05], "texture": "#4"}
			}
		},
		{
			"name": "Trigger",
			"from": [7.4, 4.7, 10.3],
			"to": [8.6, 5.5, 10.5],
			"rotation": {"angle": 22.5, "axis": "x", "origin": [8, 7, 10]},
			"faces": {
				"north": {"uv": [0, 0, 6.9, 3.05], "rotation": 90, "texture": "#4"},
				"east": {"uv": [0, 0, 7.15, 1.05], "rotation": 90, "texture": "#4"},
				"south": {"uv": [0, 0, 6.9, 3.05], "rotation": 90, "texture": "#4"},
				"west": {"uv": [0, 0, 6.9, 0.8], "rotation": 90, "texture": "#4"},
				"up": {"uv": [0, 0, 2, 3.5], "texture": "#4"},
				"down": {"uv": [0, 0, 7.15, 1.05], "texture": "#4"}
			}
		},
		{
			"name": "Barrel",
			"from": [7.2, 5.8, 20.2],
			"to": [8.8, 7.4, 26.4],
			"rotation": {"angle": 0, "axis": "y", "origin": [8, 6, 7]},
			"faces": {
				"north": {"uv": [0, 0, 0.8, 0.8], "texture": "#4"},
				"east": {"uv": [3.75, 8.5, 12.05, 12.35], "texture": "#4"},
				"south": {"uv": [0, 9, 10.3, 12.1], "texture": "#4"},
				"west": {"uv": [2.75, 5, 11.8, 8.85], "texture": "#4"},
				"up": {"uv": [0, 0, 15.8, 3.6], "rotation": 90, "texture": "#4"},
				"down": {"uv": [6, 1.75, 6.8, 14.85], "texture": "#4"}
			}
		},
		{
			"name": "Barrel",
			"from": [7.2, 6.8, 14.1],
			"to": [8.8, 8.25, 20.3],
			"rotation": {"angle": 0, "axis": "y", "origin": [8, 7, 1]},
			"faces": {
				"north": {"uv": [0, 0, 0.8, 0.8], "texture": "#4"},
				"east": {"uv": [3.75, 8.5, 12.05, 12.35], "texture": "#4"},
				"south": {"uv": [0, 9, 10.3, 12.1], "texture": "#4"},
				"west": {"uv": [2.75, 5, 11.8, 8.85], "texture": "#4"},
				"up": {"uv": [0, 0, 15.8, 3.6], "rotation": 90, "texture": "#4"},
				"down": {"uv": [6, 1.75, 6.8, 14.85], "texture": "#4"}
			}
		},
		{
			"name": "Barrel",
			"from": [7.58, 9.2, 14.39],
			"to": [8.43, 9.7, 20.04],
			"rotation": {"angle": 0, "axis": "y", "origin": [10, 10, 2]},
			"faces": {
				"north": {"uv": [0, 0, 0.8, 0.8], "texture": "#4"},
				"east": {"uv": [1.75, 2, 13.8, 5.85], "texture": "#4"},
				"south": {"uv": [0, 9, 10.3, 12.1], "texture": "#4"},
				"west": {"uv": [3.5, 2.25, 11.8, 6.1], "texture": "#4"},
				"up": {"uv": [0, 0, 15.8, 3.6], "rotation": 90, "texture": "#4"},
				"down": {"uv": [0, 0, 0.8, 13.1], "texture": "#4"}
			}
		},
		{
			"name": "Barrel",
			"from": [7.15, 7.6, 11.1],
			"to": [7.65, 8.1, 12.1],
			"rotation": {"angle": 0, "axis": "y", "origin": [9, 8, 11]},
			"faces": {
				"north": {"uv": [0, 7, 5, 8], "texture": "#1"},
				"east": {"uv": [0, 0, 4, 2], "texture": "#1"},
				"south": {"uv": [0, 7, 5, 8], "texture": "#1"},
				"west": {"uv": [0, 0, 4, 2], "texture": "#1"},
				"up": {"uv": [0, 0, 4, 2], "rotation": 270, "texture": "#1"},
				"down": {"uv": [0, 0, 4, 2], "rotation": 90, "texture": "#1"}
			}
		},
		{
			"name": "Back",
			"from": [7.21, 9.55, 3.6],
			"to": [8.8, 10.05, 5.6],
			"rotation": {"angle": -22.5, "axis": "x", "origin": [8, 9, 19]},
			"faces": {
				"north": {"uv": [0, 0, 6.8, 4.6], "rotation": 90, "texture": "#4"},
				"east": {"uv": [1.5, 10.25, 14.3, 13.35], "texture": "#4"},
				"south": {"uv": [0, 0, 2, 1.3], "texture": "#4"},
				"west": {"uv": [2, 10.75, 12.8, 13.35], "texture": "#4"},
				"up": {"uv": [0, 0, 8.55, 3.6], "rotation": 90, "texture": "#4"},
				"down": {"uv": [0, 0, 15.8, 4.6], "rotation": 90, "texture": "#4"}
			}
		},
		{
			"name": "Back",
			"from": [7.22, 9.8, 3.2],
			"to": [8.81, 11.3, 5.2],
			"rotation": {"angle": -22.5, "axis": "x", "origin": [8, 10, 19]},
			"faces": {
				"north": {"uv": [0, 0, 6.8, 4.6], "rotation": 90, "texture": "#4"},
				"east": {"uv": [1.5, 10.25, 14.3, 13.35], "texture": "#4"},
				"south": {"uv": [0, 0, 2, 1.3], "texture": "#4"},
				"west": {"uv": [2, 10.75, 12.8, 13.35], "texture": "#4"},
				"up": {"uv": [0, 0, 8.55, 3.6], "rotation": 90, "texture": "#4"},
				"down": {"uv": [0, 0, 15.8, 4.6], "rotation": 90, "texture": "#4"}
			}
		},
		{
			"name": "Frame",
			"from": [7.102, 5.5, 4.72],
			"to": [8.902, 6.75, 5.22],
			"rotation": {"angle": 22.5, "axis": "x", "origin": [8, 2, 3]},
			"faces": {
				"north": {"uv": [0, 0, 15.8, 3.6], "rotation": 270, "texture": "#4"},
				"east": {"uv": [0, 0, 15.8, 4.1], "rotation": 90, "texture": "#4"},
				"south": {"uv": [3.5, 7, 11.55, 11.1], "rotation": 90, "texture": "#4"},
				"west": {"uv": [0, 0, 15.8, 1.1], "rotation": 270, "texture": "#4"},
				"up": {"uv": [3, 4.75, 11.8, 8.85], "texture": "#4"},
				"down": {"uv": [0, 0, 2, 1.8], "rotation": 180, "texture": "#4"}
			}
		},
		{
			"name": "Frame",
			"from": [7.103, 3.6, 5.5],
			"to": [8.903, 4.1, 7.75],
			"rotation": {"angle": -22.5, "axis": "x", "origin": [8, 6, 2]},
			"faces": {
				"north": {"uv": [0, 0, 2, 1.8], "texture": "#4"},
				"east": {"uv": [0, 0, 15.8, 4.1], "texture": "#4"},
				"south": {"uv": [3, 4.75, 11.8, 8.85], "texture": "#4"},
				"west": {"uv": [0, 0, 15.8, 1.1], "texture": "#4"},
				"up": {"uv": [0, 0, 15.8, 3.6], "rotation": 90, "texture": "#4"},
				"down": {"uv": [3.5, 7, 11.55, 11.1], "rotation": 90, "texture": "#4"}
			}
		},
		{
			"name": "Frame",
			"from": [7.101, 5.699, 6.6],
			"to": [8.901, 6.879, 8.85],
			"rotation": {"angle": 0, "axis": "y", "origin": [8, 8, 3]},
			"faces": {
				"north": {"uv": [0, 0, 2, 1.8], "texture": "#4"},
				"east": {"uv": [0, 0, 15.8, 4.1], "texture": "#4"},
				"south": {"uv": [3, 4.75, 11.8, 8.85], "texture": "#4"},
				"west": {"uv": [0, 0, 15.8, 1.1], "texture": "#4"},
				"up": {"uv": [0, 0, 15.8, 3.6], "rotation": 90, "texture": "#4"},
				"down": {"uv": [3.5, 7, 11.55, 11.1], "rotation": 90, "texture": "#4"}
			}
		},
		{
			"name": "Frame",
			"from": [7.101, 5.699, 8.8],
			"to": [8.901, 7.099, 20.3],
			"rotation": {"angle": 0, "axis": "y", "origin": [8, 8, 5]},
			"faces": {
				"north": {"uv": [0, 0, 2, 1.8], "texture": "#4"},
				"east": {"uv": [0, 0, 15.8, 4.1], "texture": "#4"},
				"south": {"uv": [3, 4.75, 11.8, 8.85], "texture": "#4"},
				"west": {"uv": [0, 0, 15.8, 1.1], "texture": "#4"},
				"up": {"uv": [0, 0, 15.8, 3.6], "rotation": 90, "texture": "#4"},
				"down": {"uv": [3.5, 7, 11.55, 11.1], "rotation": 90, "texture": "#4"}
			}
		},
		{
			"name": "Frame",
			"from": [7.101, 6.84, 3.8],
			"to": [8.901, 8.24, 15.3],
			"rotation": {"angle": 0, "axis": "y", "origin": [8, 9, 0]},
			"faces": {
				"north": {"uv": [0, 0, 2, 1.8], "texture": "#4"},
				"east": {"uv": [0, 0, 15.8, 4.1], "texture": "#4"},
				"south": {"uv": [3, 4.75, 11.8, 8.85], "texture": "#4"},
				"west": {"uv": [0, 0, 15.8, 1.1], "texture": "#4"},
				"up": {"uv": [0, 0, 15.8, 3.6], "rotation": 90, "texture": "#4"},
				"down": {"uv": [3.5, 7, 11.55, 11.1], "rotation": 90, "texture": "#4"}
			}
		},
		{
			"name": "Trigger",
			"from": [7.40401, 6.23, 18.3],
			"to": [8.60401, 6.43, 18.7],
			"rotation": {"angle": -45, "axis": "x", "origin": [8.00401, 6.50211, 20.79388]},
			"faces": {
				"north": {"uv": [0, 0, 7.15, 1.05], "texture": "#4"},
				"east": {"uv": [0, 0, 7.15, 1.05], "texture": "#4"},
				"south": {"uv": [0, 0, 7.15, 1.05], "texture": "#4"},
				"west": {"uv": [0, 0, 7.15, 1.05], "texture": "#4"},
				"up": {"uv": [0, 0, 6.9, 3.05], "rotation": 90, "texture": "#4"},
				"down": {"uv": [0, 0, 6.9, 3.05], "rotation": 90, "texture": "#4"}
			}
		},
		{
			"name": "Trigger",
			"from": [7.59, 6.75, 20.35],
			"to": [8.39, 7.15, 20.55],
			"rotation": {"angle": -45, "axis": "x", "origin": [8.00401, 3.50211, 21.7939]},
			"faces": {
				"north": {"uv": [0, 0, 6.9, 3.05], "rotation": 270, "texture": "#4"},
				"east": {"uv": [0, 0, 7.15, 1.05], "rotation": 90, "texture": "#4"},
				"south": {"uv": [0, 0, 6.9, 3.05], "rotation": 90, "texture": "#4"},
				"west": {"uv": [0, 0, 7.15, 1.05], "rotation": 270, "texture": "#4"},
				"up": {"uv": [0, 0, 7.15, 1.05], "texture": "#4"},
				"down": {"uv": [0, 0, 7.15, 1.05], "rotation": 180, "texture": "#4"}
			}
		},
		{
			"name": "Trigger",
			"from": [7.40401, 5.65, 9.9],
			"to": [8.60401, 5.85, 10.3],
			"rotation": {"angle": -45, "axis": "x", "origin": [8.00401, 4.50211, 8.79388]},
			"faces": {
				"north": {"uv": [0, 0, 7.15, 1.05], "texture": "#4"},
				"east": {"uv": [0, 0, 7.15, 1.05], "texture": "#4"},
				"south": {"uv": [0, 0, 7.15, 1.05], "texture": "#4"},
				"west": {"uv": [0, 0, 7.15, 1.05], "texture": "#4"},
				"up": {"uv": [0, 0, 6.9, 3.05], "rotation": 90, "texture": "#4"},
				"down": {"uv": [0, 0, 6.9, 3.05], "rotation": 90, "texture": "#4"}
			}
		},
		{
			"name": "Hammer",
			"from": [7.41, 7.4, 19.41],
			"to": [8.59, 8.2, 26.41],
			"rotation": {"angle": 0, "axis": "y", "origin": [8, 8, 15]},
			"faces": {
				"north": {"uv": [0, 0, 6.9, 3.05], "texture": "#4"},
				"east": {"uv": [0, 0, 6.9, 2.3], "texture": "#4"},
				"south": {"uv": [0, 0, 6.9, 3.05], "texture": "#4"},
				"west": {"uv": [0, 0, 6.9, 2.3], "texture": "#4"},
				"up": {"uv": [0, 0, 6.9, 2.3], "rotation": 90, "texture": "#4"},
				"down": {"uv": [0, 0, 2.2, 1.9], "texture": "#4"}
			}
		},
		{
			"name": "Hammer",
			"from": [7.41, 5.7, 19.95],
			"to": [8.59, 6.98, 26.95],
			"rotation": {"angle": 0, "axis": "y", "origin": [8, 6, 15]},
			"faces": {
				"north": {"uv": [0, 0, 6.9, 3.05], "texture": "#4"},
				"east": {"uv": [0, 0, 6.9, 2.3], "texture": "#4"},
				"south": {"uv": [0, 0, 6.9, 3.05], "texture": "#4"},
				"west": {"uv": [0, 0, 6.9, 2.3], "texture": "#4"},
				"up": {"uv": [0, 0, 6.9, 2.3], "rotation": 90, "texture": "#4"},
				"down": {"uv": [0, 0, 2.2, 1.9], "texture": "#4"}
			}
		},
		{
			"name": "Hammer",
			"from": [7.1, 3.6, 3.31],
			"to": [8.9, 8.27, 4.59],
			"rotation": {"angle": 0, "axis": "x", "origin": [8, -3, 4]},
			"faces": {
				"north": {"uv": [0, 0, 6.9, 2.3], "rotation": 270, "texture": "#4"},
				"east": {"uv": [3.75, 6, 10.65, 8.3], "rotation": 90, "texture": "#4"},
				"south": {"uv": [4.75, 2.75, 12.449, 13.15], "texture": "#4"},
				"west": {"uv": [0, 0, 6.9, 2.3], "rotation": 270, "texture": "#4"},
				"up": {"uv": [3, 1.25, 9.9, 4.3], "texture": "#4"},
				"down": {"uv": [0, 0, 6.9, 3.05], "rotation": 180, "texture": "#4"}
			}
		},
		{
			"name": "Hammer",
			"from": [7.55, 7.31, 14.4],
			"to": [8.45, 9.51, 15.4],
			"rotation": {"angle": 0, "axis": "x", "origin": [8, -4, 15]},
			"faces": {
				"north": {"uv": [0, 0, 6.9, 2.3], "rotation": 180, "texture": "#4"},
				"east": {"uv": [0, 0, 6.9, 2.3], "rotation": 180, "texture": "#4"},
				"south": {"uv": [0, 0, 2.2, 1.9], "texture": "#4"},
				"west": {"uv": [0, 0, 6.9, 2.3], "texture": "#4"},
				"up": {"uv": [0, 0, 6.9, 3.05], "texture": "#4"},
				"down": {"uv": [0, 0, 6.9, 3.05], "rotation": 180, "texture": "#4"}
			}
		},
		{
			"name": "Hammer",
			"from": [7.6, 7.31, 19.4],
			"to": [8.4, 9.51, 20],
			"rotation": {"angle": 0, "axis": "x", "origin": [8, -4, 20]},
			"faces": {
				"north": {"uv": [0, 0, 6.9, 2.3], "rotation": 180, "texture": "#4"},
				"east": {"uv": [0, 0, 6.9, 2.3], "rotation": 180, "texture": "#4"},
				"south": {"uv": [0, 0, 2.2, 1.9], "texture": "#4"},
				"west": {"uv": [0, 0, 6.9, 2.3], "texture": "#4"},
				"up": {"uv": [0, 0, 6.9, 3.05], "texture": "#4"},
				"down": {"uv": [0, 0, 6.9, 3.05], "rotation": 180, "texture": "#4"}
			}
		},
		{
			"name": "Hammer",
			"from": [7.6, 7.31, 26.3],
			"to": [8.4, 9.51, 26.9],
			"rotation": {"angle": 0, "axis": "x", "origin": [8, -4, 27]},
			"faces": {
				"north": {"uv": [0, 0, 6.9, 2.3], "rotation": 180, "texture": "#4"},
				"east": {"uv": [0, 0, 6.9, 2.3], "rotation": 180, "texture": "#4"},
				"south": {"uv": [0, 0, 2.2, 1.9], "texture": "#4"},
				"west": {"uv": [0, 0, 6.9, 2.3], "texture": "#4"},
				"up": {"uv": [0, 0, 6.9, 3.05], "texture": "#4"},
				"down": {"uv": [0, 0, 6.9, 3.05], "rotation": 180, "texture": "#4"}
			}
		},
		{
			"name": "Hammer",
			"from": [7.4, 5.9, 16.31],
			"to": [8.6, 7.38, 17.51],
			"rotation": {"angle": 0, "axis": "y", "origin": [8, 6, 5]},
			"faces": {
				"north": {"uv": [0, 0, 6.9, 3.05], "texture": "#4"},
				"east": {"uv": [0, 0, 6.9, 2.3], "rotation": 90, "texture": "#4"},
				"south": {"uv": [0, 0, 6.9, 3.05], "texture": "#4"},
				"west": {"uv": [0, 0, 6.9, 2.3], "rotation": 90, "texture": "#4"},
				"up": {"uv": [0, 0, 6.9, 2.3], "texture": "#4"},
				"down": {"uv": [2.75, 1.5, 10.949, 14.15], "texture": "#4"}
			}
		},
		{
			"name": "Hammer",
			"from": [7.65, 17.31, 18.9],
			"to": [8.35, 18.01, 19.4],
			"rotation": {"angle": 45, "axis": "x", "origin": [8, 18, 7]},
			"faces": {
				"north": {"uv": [0, 0, 6.9, 3.05], "texture": "#4"},
				"east": {"uv": [0, 0, 6.9, 2.3], "rotation": 90, "texture": "#4"},
				"south": {"uv": [0, 0, 6.9, 3.05], "texture": "#4"},
				"west": {"uv": [0, 0, 6.9, 2.3], "rotation": 90, "texture": "#4"},
				"up": {"uv": [0, 0, 6.9, 2.3], "texture": "#4"},
				"down": {"uv": [0, 0, 2.2, 1.9], "texture": "#4"}
			}
		},
		{
			"name": "Hammer",
			"from": [7.65, -0.5, 22.9],
			"to": [8.35, 0.2, 23.4],
			"rotation": {"angle": -45, "axis": "x", "origin": [8, 0, 10]},
			"faces": {
				"north": {"uv": [0, 0, 6.9, 3.05], "texture": "#4"},
				"east": {"uv": [0, 0, 6.9, 2.3], "rotation": 90, "texture": "#4"},
				"south": {"uv": [0, 0, 6.9, 3.05], "texture": "#4"},
				"west": {"uv": [0, 0, 6.9, 2.3], "rotation": 90, "texture": "#4"},
				"up": {"uv": [0, 0, 6.9, 2.3], "texture": "#4"},
				"down": {"uv": [0, 0, 2.2, 1.9], "texture": "#4"}
			}
		},
		{
			"name": "Hammer",
			"from": [7.15, 7.4, 17.6],
			"to": [8.05, 7.6, 23.1],
			"rotation": {"angle": 0, "axis": "x", "origin": [7.14, 6.49096, 18.91086]},
			"faces": {
				"north": {"uv": [0, 0, 6.9, 3.05], "texture": "#1"},
				"east": {"uv": [0, 0, 6.9, 2.3], "texture": "#1"},
				"south": {"uv": [14, 6.5, 15.9, 9.05], "texture": "#1"},
				"west": {"uv": [14.5, 7, 15.9, 9.3], "texture": "#1"},
				"up": {"uv": [14, 7.5, 15.9, 8.8], "rotation": 90, "texture": "#1"},
				"down": {"uv": [0, 0, 6.9, 2.3], "rotation": 90, "texture": "#1"}
			}
		},
		{
			"name": "Hammer",
			"from": [7.5, 7.9, 21.55],
			"to": [8.5, 8.3, 21.75],
			"rotation": {"angle": 0, "axis": "y", "origin": [8.14, 9.49096, 16.91086]},
			"faces": {
				"north": {"uv": [0, 0, 6.9, 2.3], "texture": "#4"},
				"east": {"uv": [0, 0, 6.9, 3.05], "rotation": 270, "texture": "#4"},
				"south": {"uv": [0, 0, 6.9, 2.3], "texture": "#4"},
				"west": {"uv": [0, 0, 6.9, 3.05], "rotation": 90, "texture": "#4"},
				"up": {"uv": [0, 0, 6.9, 2.3], "rotation": 180, "texture": "#4"},
				"down": {"uv": [0, 0, 6.9, 2.3], "texture": "#4"}
			}
		},
		{
			"name": "Hammer",
			"from": [7.5, 7.9, 21.15],
			"to": [8.5, 8.3, 21.35],
			"rotation": {"angle": 0, "axis": "y", "origin": [8.14, 9.49096, 15.91086]},
			"faces": {
				"north": {"uv": [0, 0, 6.9, 2.3], "texture": "#4"},
				"east": {"uv": [0, 0, 6.9, 3.05], "rotation": 270, "texture": "#4"},
				"south": {"uv": [0, 0, 6.9, 2.3], "texture": "#4"},
				"west": {"uv": [0, 0, 6.9, 3.05], "rotation": 90, "texture": "#4"},
				"up": {"uv": [0, 0, 6.9, 2.3], "rotation": 180, "texture": "#4"},
				"down": {"uv": [0, 0, 6.9, 2.3], "texture": "#4"}
			}
		},
		{
			"name": "Hammer",
			"from": [7.5, 7.9, 20.75],
			"to": [8.5, 8.3, 20.95],
			"rotation": {"angle": 0, "axis": "y", "origin": [8.14, 9.49096, 15.91086]},
			"faces": {
				"north": {"uv": [0, 0, 6.9, 2.3], "texture": "#4"},
				"east": {"uv": [0, 0, 6.9, 3.05], "rotation": 270, "texture": "#4"},
				"south": {"uv": [0, 0, 6.9, 2.3], "texture": "#4"},
				"west": {"uv": [0, 0, 6.9, 3.05], "rotation": 90, "texture": "#4"},
				"up": {"uv": [0, 0, 6.9, 2.3], "rotation": 180, "texture": "#4"},
				"down": {"uv": [0, 0, 6.9, 2.3], "texture": "#4"}
			}
		},
		{
			"name": "Hammer",
			"from": [7.5, 7.9, 20.35],
			"to": [8.5, 8.3, 20.55],
			"rotation": {"angle": 0, "axis": "y", "origin": [8.14, 9.49096, 15.91086]},
			"faces": {
				"north": {"uv": [0, 0, 6.9, 2.3], "texture": "#4"},
				"east": {"uv": [0, 0, 6.9, 3.05], "rotation": 270, "texture": "#4"},
				"south": {"uv": [0, 0, 6.9, 2.3], "texture": "#4"},
				"west": {"uv": [0, 0, 6.9, 3.05], "rotation": 90, "texture": "#4"},
				"up": {"uv": [0, 0, 6.9, 2.3], "rotation": 180, "texture": "#4"},
				"down": {"uv": [0, 0, 6.9, 2.3], "texture": "#4"}
			}
		},
		{
			"name": "Hammer",
			"from": [7.5, 8, 19],
			"to": [8.5, 8.4, 19.2],
			"rotation": {"angle": 0, "axis": "y", "origin": [8.14, 9.49096, 13.91086]},
			"faces": {
				"north": {"uv": [0, 0, 6.9, 2.3], "texture": "#4"},
				"east": {"uv": [0, 0, 6.9, 3.05], "rotation": 270, "texture": "#4"},
				"south": {"uv": [0, 0, 6.9, 2.3], "texture": "#4"},
				"west": {"uv": [0, 0, 6.9, 3.05], "rotation": 90, "texture": "#4"},
				"up": {"uv": [0, 0, 6.9, 2.3], "rotation": 180, "texture": "#4"},
				"down": {"uv": [0, 0, 6.9, 2.3], "texture": "#4"}
			}
		},
		{
			"name": "Hammer",
			"from": [7.6, 9.5, 19.82],
			"to": [8.4, 9.9, 20.02],
			"rotation": {"angle": 0, "axis": "y", "origin": [8.14, 11.49096, 13.91086]},
			"faces": {
				"north": {"uv": [0, 0, 6.9, 2.3], "texture": "#4"},
				"east": {"uv": [0, 0, 6.9, 3.05], "rotation": 270, "texture": "#4"},
				"south": {"uv": [0, 0, 6.9, 2.3], "texture": "#4"},
				"west": {"uv": [0, 0, 6.9, 3.05], "rotation": 90, "texture": "#4"},
				"up": {"uv": [0, 0, 6.9, 2.3], "rotation": 180, "texture": "#4"},
				"down": {"uv": [0, 0, 6.9, 2.3], "texture": "#4"}
			}
		},
		{
			"name": "Hammer",
			"from": [7.6, 9.45, 26.3],
			"to": [7.8, 9.85, 26.9],
			"rotation": {"angle": 0, "axis": "y", "origin": [2.14, 10.49096, 26.91086]},
			"faces": {
				"north": {"uv": [0, 0, 6.9, 3.05], "rotation": 270, "texture": "#4"},
				"east": {"uv": [0, 0, 6.9, 2.3], "texture": "#4"},
				"south": {"uv": [0, 0, 6.9, 3.05], "rotation": 90, "texture": "#4"},
				"west": {"uv": [0, 0, 6.9, 2.3], "texture": "#4"},
				"up": {"uv": [0, 0, 6.9, 2.3], "rotation": 90, "texture": "#4"},
				"down": {"uv": [0, 0, 6.9, 2.3], "rotation": 90, "texture": "#4"}
			}
		},
		{
			"name": "Hammer",
			"from": [7.9, 9.35, 26.35],
			"to": [8.1, 9.75, 26.85],
			"rotation": {"angle": 0, "axis": "y", "origin": [2.14, 10.49096, 26.91086]},
			"faces": {
				"north": {"uv": [2.75, 1.25, 3.65, 1.8], "rotation": 270, "texture": "#4"},
				"east": {"uv": [0, 0, 6.9, 2.3], "texture": "#4"},
				"south": {"uv": [0, 0, 6.9, 3.05], "rotation": 90, "texture": "#4"},
				"west": {"uv": [0, 0, 6.9, 2.3], "texture": "#4"},
				"up": {"uv": [0, 0, 6.9, 2.3], "rotation": 90, "texture": "#4"},
				"down": {"uv": [0, 0, 6.9, 2.3], "rotation": 90, "texture": "#4"}
			}
		},
		{
			"name": "Hammer",
			"from": [8.2, 9.45, 26.3],
			"to": [8.4, 9.85, 26.9],
			"rotation": {"angle": 0, "axis": "y", "origin": [2.14, 10.49096, 26.91086]},
			"faces": {
				"north": {"uv": [0, 0, 6.9, 3.05], "rotation": 270, "texture": "#4"},
				"east": {"uv": [0, 0, 6.9, 2.3], "texture": "#4"},
				"south": {"uv": [0, 0, 6.9, 3.05], "rotation": 90, "texture": "#4"},
				"west": {"uv": [0, 0, 6.9, 2.3], "texture": "#4"},
				"up": {"uv": [0, 0, 6.9, 2.3], "rotation": 90, "texture": "#4"},
				"down": {"uv": [0, 0, 6.9, 2.3], "rotation": 90, "texture": "#4"}
			}
		},
		{
			"name": "Hammer",
			"from": [7.6, 9.5, 19.42],
			"to": [8.4, 9.9, 19.62],
			"rotation": {"angle": 0, "axis": "y", "origin": [8.14, 11.49096, 13.91086]},
			"faces": {
				"north": {"uv": [0, 0, 6.9, 2.3], "texture": "#4"},
				"east": {"uv": [0, 0, 6.9, 3.05], "rotation": 270, "texture": "#4"},
				"south": {"uv": [0, 0, 6.9, 2.3], "texture": "#4"},
				"west": {"uv": [0, 0, 6.9, 3.05], "rotation": 90, "texture": "#4"},
				"up": {"uv": [0, 0, 6.9, 2.3], "rotation": 180, "texture": "#4"},
				"down": {"uv": [0, 0, 6.9, 2.3], "texture": "#4"}
			}
		},
		{
			"name": "Hammer",
			"from": [7.6, 9.5, 18.62],
			"to": [8.4, 9.9, 18.82],
			"rotation": {"angle": 0, "axis": "y", "origin": [8.14, 11.49096, 12.91086]},
			"faces": {
				"north": {"uv": [0, 0, 6.9, 2.3], "texture": "#4"},
				"east": {"uv": [0, 0, 6.9, 3.05], "rotation": 270, "texture": "#4"},
				"south": {"uv": [0, 0, 6.9, 2.3], "texture": "#4"},
				"west": {"uv": [0, 0, 6.9, 3.05], "rotation": 90, "texture": "#4"},
				"up": {"uv": [0, 0, 6.9, 2.3], "rotation": 180, "texture": "#4"},
				"down": {"uv": [0, 0, 6.9, 2.3], "texture": "#4"}
			}
		},
		{
			"name": "Hammer",
			"from": [7.6, 9.5, 18.22],
			"to": [8.4, 9.9, 18.42],
			"rotation": {"angle": 0, "axis": "y", "origin": [8.14, 11.49096, 12.91086]},
			"faces": {
				"north": {"uv": [0, 0, 6.9, 2.3], "texture": "#4"},
				"east": {"uv": [0, 0, 6.9, 3.05], "rotation": 270, "texture": "#4"},
				"south": {"uv": [0, 0, 6.9, 2.3], "texture": "#4"},
				"west": {"uv": [0, 0, 6.9, 3.05], "rotation": 90, "texture": "#4"},
				"up": {"uv": [0, 0, 6.9, 2.3], "rotation": 180, "texture": "#4"},
				"down": {"uv": [0, 0, 6.9, 2.3], "texture": "#4"}
			}
		},
		{
			"name": "Hammer",
			"from": [7.6, 9.5, 17.82],
			"to": [8.4, 9.9, 18.02],
			"rotation": {"angle": 0, "axis": "y", "origin": [8.14, 11.49096, 12.91086]},
			"faces": {
				"north": {"uv": [0, 0, 6.9, 2.3], "texture": "#4"},
				"east": {"uv": [0, 0, 6.9, 3.05], "rotation": 270, "texture": "#4"},
				"south": {"uv": [0, 0, 6.9, 2.3], "texture": "#4"},
				"west": {"uv": [0, 0, 6.9, 3.05], "rotation": 90, "texture": "#4"},
				"up": {"uv": [0, 0, 6.9, 2.3], "rotation": 180, "texture": "#4"},
				"down": {"uv": [0, 0, 6.9, 2.3], "texture": "#4"}
			}
		},
		{
			"name": "Hammer",
			"from": [7.6, 9.5, 17.02],
			"to": [8.4, 9.9, 17.22],
			"rotation": {"angle": 0, "axis": "y", "origin": [8.14, 11.49096, 12.91086]},
			"faces": {
				"north": {"uv": [0, 0, 6.9, 2.3], "texture": "#4"},
				"east": {"uv": [0, 0, 6.9, 3.05], "rotation": 270, "texture": "#4"},
				"south": {"uv": [0, 0, 6.9, 2.3], "texture": "#4"},
				"west": {"uv": [0, 0, 6.9, 3.05], "rotation": 90, "texture": "#4"},
				"up": {"uv": [0, 0, 6.9, 2.3], "rotation": 180, "texture": "#4"},
				"down": {"uv": [0, 0, 6.9, 2.3], "texture": "#4"}
			}
		},
		{
			"name": "Hammer",
			"from": [7.6, 9.5, 16.62],
			"to": [8.4, 9.9, 16.82],
			"rotation": {"angle": 0, "axis": "y", "origin": [8.14, 11.49096, 12.91086]},
			"faces": {
				"north": {"uv": [0, 0, 6.9, 2.3], "texture": "#4"},
				"east": {"uv": [0, 0, 6.9, 3.05], "rotation": 270, "texture": "#4"},
				"south": {"uv": [0, 0, 6.9, 2.3], "texture": "#4"},
				"west": {"uv": [0, 0, 6.9, 3.05], "rotation": 90, "texture": "#4"},
				"up": {"uv": [0, 0, 6.9, 2.3], "rotation": 180, "texture": "#4"},
				"down": {"uv": [0, 0, 6.9, 2.3], "texture": "#4"}
			}
		},
		{
			"name": "Hammer",
			"from": [7.6, 9.5, 16.22],
			"to": [8.4, 9.9, 16.42],
			"rotation": {"angle": 0, "axis": "y", "origin": [8.14, 11.49096, 12.91086]},
			"faces": {
				"north": {"uv": [0, 0, 6.9, 2.3], "texture": "#4"},
				"east": {"uv": [0, 0, 6.9, 3.05], "rotation": 270, "texture": "#4"},
				"south": {"uv": [0, 0, 6.9, 2.3], "texture": "#4"},
				"west": {"uv": [0, 0, 6.9, 3.05], "rotation": 90, "texture": "#4"},
				"up": {"uv": [0, 0, 6.9, 2.3], "rotation": 180, "texture": "#4"},
				"down": {"uv": [0, 0, 6.9, 2.3], "texture": "#4"}
			}
		},
		{
			"name": "Hammer",
			"from": [7.6, 9.5, 15.82],
			"to": [8.4, 9.9, 16.02],
			"rotation": {"angle": 0, "axis": "y", "origin": [8.14, 11.49096, 12.91086]},
			"faces": {
				"north": {"uv": [0, 0, 6.9, 2.3], "texture": "#4"},
				"east": {"uv": [0, 0, 6.9, 3.05], "rotation": 270, "texture": "#4"},
				"south": {"uv": [0, 0, 6.9, 2.3], "texture": "#4"},
				"west": {"uv": [0, 0, 6.9, 3.05], "rotation": 90, "texture": "#4"},
				"up": {"uv": [0, 0, 6.9, 2.3], "rotation": 180, "texture": "#4"},
				"down": {"uv": [0, 0, 6.9, 2.3], "texture": "#4"}
			}
		},
		{
			"name": "Hammer",
			"from": [7.6, 9.5, 15.42],
			"to": [8.4, 9.9, 15.62],
			"rotation": {"angle": 0, "axis": "y", "origin": [8.14, 11.49096, 12.91086]},
			"faces": {
				"north": {"uv": [0, 0, 6.9, 2.3], "texture": "#4"},
				"east": {"uv": [0, 0, 6.9, 3.05], "rotation": 270, "texture": "#4"},
				"south": {"uv": [0, 0, 6.9, 2.3], "texture": "#4"},
				"west": {"uv": [0, 0, 6.9, 3.05], "rotation": 90, "texture": "#4"},
				"up": {"uv": [0, 0, 6.9, 2.3], "rotation": 180, "texture": "#4"},
				"down": {"uv": [0, 0, 6.9, 2.3], "texture": "#4"}
			}
		},
		{
			"name": "Hammer",
			"from": [7.6, 9.5, 15.02],
			"to": [8.4, 9.9, 15.22],
			"rotation": {"angle": 0, "axis": "y", "origin": [8.14, 11.49096, 12.91086]},
			"faces": {
				"north": {"uv": [0, 0, 6.9, 2.3], "texture": "#4"},
				"east": {"uv": [0, 0, 6.9, 3.05], "rotation": 270, "texture": "#4"},
				"south": {"uv": [0, 0, 6.9, 2.3], "texture": "#4"},
				"west": {"uv": [0, 0, 6.9, 3.05], "rotation": 90, "texture": "#4"},
				"up": {"uv": [0, 0, 6.9, 2.3], "rotation": 180, "texture": "#4"},
				"down": {"uv": [0, 0, 6.9, 2.3], "texture": "#4"}
			}
		},
		{
			"name": "Hammer",
			"from": [7.609, 9.6, 19.85],
			"to": [7.909, 10, 20],
			"rotation": {"angle": 0, "axis": "y", "origin": [8.14, 11.49096, 16.91086]},
			"faces": {
				"north": {"uv": [0, 0, 6.9, 2.3], "texture": "#4"},
				"east": {"uv": [0, 0, 6.9, 3.05], "rotation": 270, "texture": "#4"},
				"south": {"uv": [0, 0, 6.9, 2.3], "texture": "#4"},
				"west": {"uv": [0, 0, 6.9, 3.05], "rotation": 90, "texture": "#4"},
				"up": {"uv": [0, 0, 6.9, 2.3], "rotation": 180, "texture": "#4"},
				"down": {"uv": [0, 0, 6.9, 2.3], "texture": "#4"}
			}
		},
		{
			"name": "Hammer",
			"from": [8.09, 9.6, 19.85],
			"to": [8.39, 10, 20],
			"rotation": {"angle": 0, "axis": "y", "origin": [9.14, 11.49096, 16.91086]},
			"faces": {
				"north": {"uv": [0, 0, 6.9, 2.3], "texture": "#4"},
				"east": {"uv": [0, 0, 6.9, 3.05], "rotation": 270, "texture": "#4"},
				"south": {"uv": [0, 0, 6.9, 2.3], "texture": "#4"},
				"west": {"uv": [0, 0, 6.9, 3.05], "rotation": 90, "texture": "#4"},
				"up": {"uv": [0, 0, 6.9, 2.3], "rotation": 180, "texture": "#4"},
				"down": {"uv": [0, 0, 6.9, 2.3], "texture": "#4"}
			}
		},
		{
			"name": "Hammer",
			"from": [7.6, 9.5, 17.42],
			"to": [8.4, 9.9, 17.62],
			"rotation": {"angle": 0, "axis": "y", "origin": [8.14, 11.49096, 12.91086]},
			"faces": {
				"north": {"uv": [0, 0, 6.9, 2.3], "texture": "#4"},
				"east": {"uv": [0, 0, 6.9, 3.05], "rotation": 270, "texture": "#4"},
				"south": {"uv": [0, 0, 6.9, 2.3], "texture": "#4"},
				"west": {"uv": [0, 0, 6.9, 3.05], "rotation": 90, "texture": "#4"},
				"up": {"uv": [0, 0, 6.9, 2.3], "rotation": 180, "texture": "#4"},
				"down": {"uv": [0, 0, 6.9, 2.3], "texture": "#4"}
			}
		},
		{
			"name": "Hammer",
			"from": [7.6, 9.5, 19.02],
			"to": [8.4, 9.9, 19.22],
			"rotation": {"angle": 0, "axis": "y", "origin": [8.14, 11.49096, 13.91086]},
			"faces": {
				"north": {"uv": [0, 0, 6.9, 2.3], "texture": "#4"},
				"east": {"uv": [0, 0, 6.9, 3.05], "rotation": 270, "texture": "#4"},
				"south": {"uv": [0, 0, 6.9, 2.3], "texture": "#4"},
				"west": {"uv": [0, 0, 6.9, 3.05], "rotation": 90, "texture": "#4"},
				"up": {"uv": [0, 0, 6.9, 2.3], "rotation": 180, "texture": "#4"},
				"down": {"uv": [0, 0, 6.9, 2.3], "texture": "#4"}
			}
		},
		{
			"name": "Hammer",
			"from": [7.5, 8, 18.6],
			"to": [8.5, 8.4, 18.8],
			"rotation": {"angle": 0, "axis": "y", "origin": [8.14, 9.49096, 13.91086]},
			"faces": {
				"north": {"uv": [0, 0, 6.9, 2.3], "texture": "#4"},
				"east": {"uv": [0, 0, 6.9, 3.05], "rotation": 270, "texture": "#4"},
				"south": {"uv": [0, 0, 6.9, 2.3], "texture": "#4"},
				"west": {"uv": [0, 0, 6.9, 3.05], "rotation": 90, "texture": "#4"},
				"up": {"uv": [0, 0, 6.9, 2.3], "rotation": 180, "texture": "#4"},
				"down": {"uv": [0, 0, 6.9, 2.3], "texture": "#4"}
			}
		},
		{
			"name": "Hammer",
			"from": [7.5, 8, 18.2],
			"to": [8.5, 8.4, 18.4],
			"rotation": {"angle": 0, "axis": "y", "origin": [8.14, 9.49096, 13.91086]},
			"faces": {
				"north": {"uv": [0, 0, 6.9, 2.3], "texture": "#4"},
				"east": {"uv": [0, 0, 6.9, 3.05], "rotation": 270, "texture": "#4"},
				"south": {"uv": [0, 0, 6.9, 2.3], "texture": "#4"},
				"west": {"uv": [0, 0, 6.9, 3.05], "rotation": 90, "texture": "#4"},
				"up": {"uv": [0, 0, 6.9, 2.3], "rotation": 180, "texture": "#4"},
				"down": {"uv": [0, 0, 6.9, 2.3], "texture": "#4"}
			}
		},
		{
			"name": "Hammer",
			"from": [7.5, 8, 17.8],
			"to": [8.5, 8.4, 18],
			"rotation": {"angle": 0, "axis": "y", "origin": [8.14, 9.49096, 13.91086]},
			"faces": {
				"north": {"uv": [0, 0, 6.9, 2.3], "texture": "#4"},
				"east": {"uv": [0, 0, 6.9, 3.05], "rotation": 270, "texture": "#4"},
				"south": {"uv": [0, 0, 6.9, 2.3], "texture": "#4"},
				"west": {"uv": [0, 0, 6.9, 3.05], "rotation": 90, "texture": "#4"},
				"up": {"uv": [0, 0, 6.9, 2.3], "rotation": 180, "texture": "#4"},
				"down": {"uv": [0, 0, 6.9, 2.3], "texture": "#4"}
			}
		},
		{
			"name": "Hammer",
			"from": [7.5, 8, 17.4],
			"to": [8.5, 8.4, 17.6],
			"rotation": {"angle": 0, "axis": "y", "origin": [8.14, 9.49096, 13.91086]},
			"faces": {
				"north": {"uv": [0, 0, 6.9, 2.3], "texture": "#4"},
				"east": {"uv": [0, 0, 6.9, 3.05], "rotation": 270, "texture": "#4"},
				"south": {"uv": [0, 0, 6.9, 2.3], "texture": "#4"},
				"west": {"uv": [0, 0, 6.9, 3.05], "rotation": 90, "texture": "#4"},
				"up": {"uv": [0, 0, 6.9, 2.3], "rotation": 180, "texture": "#4"},
				"down": {"uv": [0, 0, 6.9, 2.3], "texture": "#4"}
			}
		},
		{
			"name": "Hammer",
			"from": [7.5, 8, 17],
			"to": [8.5, 8.4, 17.2],
			"rotation": {"angle": 0, "axis": "y", "origin": [8.14, 9.49096, 13.91086]},
			"faces": {
				"north": {"uv": [0, 0, 6.9, 2.3], "texture": "#4"},
				"east": {"uv": [0, 0, 6.9, 3.05], "rotation": 270, "texture": "#4"},
				"south": {"uv": [0, 0, 6.9, 2.3], "texture": "#4"},
				"west": {"uv": [0, 0, 6.9, 3.05], "rotation": 90, "texture": "#4"},
				"up": {"uv": [0, 0, 6.9, 2.3], "rotation": 180, "texture": "#4"},
				"down": {"uv": [0, 0, 6.9, 2.3], "texture": "#4"}
			}
		},
		{
			"name": "Hammer",
			"from": [7.5, 8, 16.6],
			"to": [8.5, 8.4, 16.8],
			"rotation": {"angle": 0, "axis": "y", "origin": [8.14, 9.49096, 13.91086]},
			"faces": {
				"north": {"uv": [0, 0, 6.9, 2.3], "texture": "#4"},
				"east": {"uv": [0, 0, 6.9, 3.05], "rotation": 270, "texture": "#4"},
				"south": {"uv": [0, 0, 6.9, 2.3], "texture": "#4"},
				"west": {"uv": [0, 0, 6.9, 3.05], "rotation": 90, "texture": "#4"},
				"up": {"uv": [0, 0, 6.9, 2.3], "rotation": 180, "texture": "#4"},
				"down": {"uv": [0, 0, 6.9, 2.3], "texture": "#4"}
			}
		},
		{
			"name": "Hammer",
			"from": [7.5, 8, 16.2],
			"to": [8.5, 8.4, 16.4],
			"rotation": {"angle": 0, "axis": "y", "origin": [8.14, 9.49096, 13.91086]},
			"faces": {
				"north": {"uv": [0, 0, 6.9, 2.3], "texture": "#4"},
				"east": {"uv": [0, 0, 6.9, 3.05], "rotation": 270, "texture": "#4"},
				"south": {"uv": [0, 0, 6.9, 2.3], "texture": "#4"},
				"west": {"uv": [0, 0, 6.9, 3.05], "rotation": 90, "texture": "#4"},
				"up": {"uv": [0, 0, 6.9, 2.3], "rotation": 180, "texture": "#4"},
				"down": {"uv": [0, 0, 6.9, 2.3], "texture": "#4"}
			}
		},
		{
			"name": "Hammer",
			"from": [7.5, 8, 15.8],
			"to": [8.5, 8.4, 16],
			"rotation": {"angle": 0, "axis": "y", "origin": [8.14, 9.49096, 13.91086]},
			"faces": {
				"north": {"uv": [0, 0, 6.9, 2.3], "texture": "#4"},
				"east": {"uv": [0, 0, 6.9, 3.05], "rotation": 270, "texture": "#4"},
				"south": {"uv": [0, 0, 6.9, 2.3], "texture": "#4"},
				"west": {"uv": [0, 0, 6.9, 3.05], "rotation": 90, "texture": "#4"},
				"up": {"uv": [0, 0, 6.9, 2.3], "rotation": 180, "texture": "#4"},
				"down": {"uv": [0, 0, 6.9, 2.3], "texture": "#4"}
			}
		},
		{
			"name": "Hammer",
			"from": [7.5, 8.2, 14.68],
			"to": [8.5, 8.6, 15.08],
			"rotation": {"angle": 0, "axis": "y", "origin": [8.14, 9.49096, 13.91086]},
			"faces": {
				"north": {"uv": [0, 0, 6.9, 2.3], "texture": "#4"},
				"east": {"uv": [0, 0, 6.9, 3.05], "rotation": 270, "texture": "#4"},
				"south": {"uv": [0, 0, 6.9, 2.3], "texture": "#4"},
				"west": {"uv": [0, 0, 6.9, 3.05], "rotation": 90, "texture": "#4"},
				"up": {"uv": [0, 0, 6.9, 2.3], "rotation": 180, "texture": "#4"},
				"down": {"uv": [0, 0, 6.9, 2.3], "texture": "#4"}
			}
		},
		{
			"name": "Hammer",
			"from": [7.5, 9.5, 14.4],
			"to": [8.5, 9.9, 14.6],
			"rotation": {"angle": 0, "axis": "y", "origin": [8.14, 10.49096, 13.91086]},
			"faces": {
				"north": {"uv": [0, 0, 6.9, 2.3], "texture": "#4"},
				"east": {"uv": [0, 0, 6.9, 3.05], "rotation": 270, "texture": "#4"},
				"south": {"uv": [0, 0, 6.9, 2.3], "texture": "#4"},
				"west": {"uv": [0, 0, 6.9, 3.05], "rotation": 90, "texture": "#4"},
				"up": {"uv": [0, 0, 6.9, 2.3], "rotation": 180, "texture": "#4"},
				"down": {"uv": [0, 0, 6.9, 2.3], "texture": "#4"}
			}
		},
		{
			"name": "Hammer",
			"from": [7.5, 8.2, 19.6],
			"to": [8.5, 8.6, 19.8],
			"rotation": {"angle": 0, "axis": "y", "origin": [8.14, 9.49096, 18.91086]},
			"faces": {
				"north": {"uv": [0, 0, 6.9, 2.3], "texture": "#4"},
				"east": {"uv": [0, 0, 6.9, 3.05], "rotation": 270, "texture": "#4"},
				"south": {"uv": [0, 0, 6.9, 2.3], "texture": "#4"},
				"west": {"uv": [0, 0, 6.9, 3.05], "rotation": 90, "texture": "#4"},
				"up": {"uv": [0, 0, 6.9, 2.3], "rotation": 180, "texture": "#4"},
				"down": {"uv": [0, 0, 6.9, 2.3], "texture": "#4"}
			}
		},
		{
			"name": "Hammer",
			"from": [7.55, 9.65, 14.50182],
			"to": [8.45, 9.85, 14.90182],
			"rotation": {"angle": 0, "axis": "x", "origin": [8.14, 9.49096, 13.91086]},
			"faces": {
				"north": {"uv": [0, 0, 6.9, 2.3], "texture": "#4"},
				"east": {"uv": [0, 0, 6.9, 3.05], "texture": "#4"},
				"south": {"uv": [0, 0, 6.9, 2.3], "texture": "#4"},
				"west": {"uv": [0, 0, 6.9, 3.05], "texture": "#4"},
				"up": {"uv": [0, 0, 6.9, 2.3], "texture": "#4"},
				"down": {"uv": [0, 0, 6.9, 2.3], "rotation": 180, "texture": "#4"}
			}
		},
		{
			"name": "Hammer",
			"from": [7.5, 5.6, 22.1],
			"to": [8.5, 6, 22.3],
			"rotation": {"angle": 0, "axis": "y", "origin": [8.14, 8.49096, 18.91086]},
			"faces": {
				"north": {"uv": [0, 0, 6.9, 2.3], "texture": "#4"},
				"east": {"uv": [0, 0, 6.9, 3.05], "rotation": 270, "texture": "#4"},
				"south": {"uv": [0, 0, 6.9, 2.3], "texture": "#4"},
				"west": {"uv": [0, 0, 6.9, 3.05], "rotation": 90, "texture": "#4"},
				"up": {"uv": [0, 0, 6.9, 2.3], "rotation": 180, "texture": "#4"},
				"down": {"uv": [0, 0, 6.9, 2.3], "texture": "#4"}
			}
		},
		{
			"name": "Hammer",
			"from": [7.5, 5.6, 21.7],
			"to": [8.5, 6, 21.9],
			"rotation": {"angle": 0, "axis": "y", "origin": [8.14, 8.49096, 18.91086]},
			"faces": {
				"north": {"uv": [0, 0, 6.9, 2.3], "texture": "#4"},
				"east": {"uv": [0, 0, 6.9, 3.05], "rotation": 270, "texture": "#4"},
				"south": {"uv": [0, 0, 6.9, 2.3], "texture": "#4"},
				"west": {"uv": [0, 0, 6.9, 3.05], "rotation": 90, "texture": "#4"},
				"up": {"uv": [0, 0, 6.9, 2.3], "rotation": 180, "texture": "#4"},
				"down": {"uv": [0, 0, 6.9, 2.3], "texture": "#4"}
			}
		},
		{
			"name": "Hammer",
			"from": [7.5, 5.6, 21.3],
			"to": [8.5, 6, 21.5],
			"rotation": {"angle": 0, "axis": "y", "origin": [8.14, 8.49096, 18.91086]},
			"faces": {
				"north": {"uv": [0, 0, 6.9, 2.3], "texture": "#4"},
				"east": {"uv": [0, 0, 6.9, 3.05], "rotation": 270, "texture": "#4"},
				"south": {"uv": [0, 0, 6.9, 2.3], "texture": "#4"},
				"west": {"uv": [0, 0, 6.9, 3.05], "rotation": 90, "texture": "#4"},
				"up": {"uv": [0, 0, 6.9, 2.3], "rotation": 180, "texture": "#4"},
				"down": {"uv": [0, 0, 6.9, 2.3], "texture": "#4"}
			}
		},
		{
			"name": "Hammer",
			"from": [7.5, 5.6, 20.9],
			"to": [8.5, 6, 21.1],
			"rotation": {"angle": 0, "axis": "y", "origin": [8.14, 8.49096, 18.91086]},
			"faces": {
				"north": {"uv": [0, 0, 6.9, 2.3], "texture": "#4"},
				"east": {"uv": [0, 0, 6.9, 3.05], "rotation": 270, "texture": "#4"},
				"south": {"uv": [0, 0, 6.9, 2.3], "texture": "#4"},
				"west": {"uv": [0, 0, 6.9, 3.05], "rotation": 90, "texture": "#4"},
				"up": {"uv": [0, 0, 6.9, 2.3], "rotation": 180, "texture": "#4"},
				"down": {"uv": [0, 0, 6.9, 2.3], "texture": "#4"}
			}
		},
		{
			"name": "Hammer",
			"from": [7.5, 5.6, 20.5],
			"to": [8.5, 6, 20.7],
			"rotation": {"angle": 0, "axis": "y", "origin": [8.14, 8.49096, 18.91086]},
			"faces": {
				"north": {"uv": [0, 0, 6.9, 2.3], "texture": "#4"},
				"east": {"uv": [0, 0, 6.9, 3.05], "rotation": 270, "texture": "#4"},
				"south": {"uv": [0, 0, 6.9, 2.3], "texture": "#4"},
				"west": {"uv": [0, 0, 6.9, 3.05], "rotation": 90, "texture": "#4"},
				"up": {"uv": [0, 0, 6.9, 2.3], "rotation": 180, "texture": "#4"},
				"down": {"uv": [0, 0, 6.9, 2.3], "texture": "#4"}
			}
		},
		{
			"name": "Hammer",
			"from": [7.5, 7.9, 22.35],
			"to": [8.5, 8.3, 22.55],
			"rotation": {"angle": 0, "axis": "y", "origin": [8.14, 9.49096, 16.91086]},
			"faces": {
				"north": {"uv": [0, 0, 6.9, 2.3], "texture": "#4"},
				"east": {"uv": [0, 0, 6.9, 3.05], "rotation": 270, "texture": "#4"},
				"south": {"uv": [0, 0, 6.9, 2.3], "texture": "#4"},
				"west": {"uv": [0, 0, 6.9, 3.05], "rotation": 90, "texture": "#4"},
				"up": {"uv": [0, 0, 6.9, 2.3], "rotation": 180, "texture": "#4"},
				"down": {"uv": [0, 0, 6.9, 2.3], "texture": "#4"}
			}
		},
		{
			"name": "Hammer",
			"from": [7.5, 5.6, 22.9],
			"to": [8.5, 6, 23.1],
			"rotation": {"angle": 0, "axis": "y", "origin": [8.14, 8.49096, 18.91086]},
			"faces": {
				"north": {"uv": [0, 0, 6.9, 2.3], "texture": "#4"},
				"east": {"uv": [0, 0, 6.9, 3.05], "rotation": 270, "texture": "#4"},
				"south": {"uv": [0, 0, 6.9, 2.3], "texture": "#4"},
				"west": {"uv": [0, 0, 6.9, 3.05], "rotation": 90, "texture": "#4"},
				"up": {"uv": [0, 0, 6.9, 2.3], "rotation": 180, "texture": "#4"},
				"down": {"uv": [0, 0, 6.9, 2.3], "texture": "#4"}
			}
		},
		{
			"name": "Hammer",
			"from": [7.5, 7.9, 22.75],
			"to": [8.5, 8.3, 22.95],
			"rotation": {"angle": 0, "axis": "y", "origin": [8.14, 9.49096, 16.91086]},
			"faces": {
				"north": {"uv": [0, 0, 6.9, 2.3], "texture": "#4"},
				"east": {"uv": [0, 0, 6.9, 3.05], "rotation": 270, "texture": "#4"},
				"south": {"uv": [0, 0, 6.9, 2.3], "texture": "#4"},
				"west": {"uv": [0, 0, 6.9, 3.05], "rotation": 90, "texture": "#4"},
				"up": {"uv": [0, 0, 6.9, 2.3], "rotation": 180, "texture": "#4"},
				"down": {"uv": [0, 0, 6.9, 2.3], "texture": "#4"}
			}
		},
		{
			"name": "Hammer",
			"from": [7.5, 5.6, 23.3],
			"to": [8.5, 6, 23.5],
			"rotation": {"angle": 0, "axis": "y", "origin": [8.14, 8.49096, 18.91086]},
			"faces": {
				"north": {"uv": [0, 0, 6.9, 2.3], "texture": "#4"},
				"east": {"uv": [0, 0, 6.9, 3.05], "rotation": 270, "texture": "#4"},
				"south": {"uv": [0, 0, 6.9, 2.3], "texture": "#4"},
				"west": {"uv": [0, 0, 6.9, 3.05], "rotation": 90, "texture": "#4"},
				"up": {"uv": [0, 0, 6.9, 2.3], "rotation": 180, "texture": "#4"},
				"down": {"uv": [0, 0, 6.9, 2.3], "texture": "#4"}
			}
		},
		{
			"name": "Hammer",
			"from": [7.5, 7.9, 23.15],
			"to": [8.5, 8.3, 23.35],
			"rotation": {"angle": 0, "axis": "y", "origin": [8.14, 9.49096, 16.91086]},
			"faces": {
				"north": {"uv": [0, 0, 6.9, 2.3], "texture": "#4"},
				"east": {"uv": [0, 0, 6.9, 3.05], "rotation": 270, "texture": "#4"},
				"south": {"uv": [0, 0, 6.9, 2.3], "texture": "#4"},
				"west": {"uv": [0, 0, 6.9, 3.05], "rotation": 90, "texture": "#4"},
				"up": {"uv": [0, 0, 6.9, 2.3], "rotation": 180, "texture": "#4"},
				"down": {"uv": [0, 0, 6.9, 2.3], "texture": "#4"}
			}
		},
		{
			"name": "Hammer",
			"from": [7.5, 5.6, 23.7],
			"to": [8.5, 6, 23.9],
			"rotation": {"angle": 0, "axis": "y", "origin": [8.14, 8.49096, 18.91086]},
			"faces": {
				"north": {"uv": [0, 0, 6.9, 2.3], "texture": "#4"},
				"east": {"uv": [0, 0, 6.9, 3.05], "rotation": 270, "texture": "#4"},
				"south": {"uv": [0, 0, 6.9, 2.3], "texture": "#4"},
				"west": {"uv": [0, 0, 6.9, 3.05], "rotation": 90, "texture": "#4"},
				"up": {"uv": [0, 0, 6.9, 2.3], "rotation": 180, "texture": "#4"},
				"down": {"uv": [0, 0, 6.9, 2.3], "texture": "#4"}
			}
		},
		{
			"name": "Hammer",
			"from": [7.5, 7.9, 23.55],
			"to": [8.5, 8.3, 23.75],
			"rotation": {"angle": 0, "axis": "y", "origin": [8.14, 9.49096, 16.91086]},
			"faces": {
				"north": {"uv": [0, 0, 6.9, 2.3], "texture": "#4"},
				"east": {"uv": [0, 0, 6.9, 3.05], "rotation": 270, "texture": "#4"},
				"south": {"uv": [0, 0, 6.9, 2.3], "texture": "#4"},
				"west": {"uv": [0, 0, 6.9, 3.05], "rotation": 90, "texture": "#4"},
				"up": {"uv": [0, 0, 6.9, 2.3], "rotation": 180, "texture": "#4"},
				"down": {"uv": [0, 0, 6.9, 2.3], "texture": "#4"}
			}
		},
		{
			"name": "Hammer",
			"from": [7.5, 5.6, 24.1],
			"to": [8.5, 6, 24.3],
			"rotation": {"angle": 0, "axis": "y", "origin": [8.14, 8.49096, 18.91086]},
			"faces": {
				"north": {"uv": [0, 0, 6.9, 2.3], "texture": "#4"},
				"east": {"uv": [0, 0, 6.9, 3.05], "rotation": 270, "texture": "#4"},
				"south": {"uv": [0, 0, 6.9, 2.3], "texture": "#4"},
				"west": {"uv": [0, 0, 6.9, 3.05], "rotation": 90, "texture": "#4"},
				"up": {"uv": [0, 0, 6.9, 2.3], "rotation": 180, "texture": "#4"},
				"down": {"uv": [0, 0, 6.9, 2.3], "texture": "#4"}
			}
		},
		{
			"name": "Hammer",
			"from": [7.5, 7.9, 23.95],
			"to": [8.5, 8.3, 24.15],
			"rotation": {"angle": 0, "axis": "y", "origin": [8.14, 9.49096, 16.91086]},
			"faces": {
				"north": {"uv": [0, 0, 6.9, 2.3], "texture": "#4"},
				"east": {"uv": [0, 0, 6.9, 3.05], "rotation": 270, "texture": "#4"},
				"south": {"uv": [0, 0, 6.9, 2.3], "texture": "#4"},
				"west": {"uv": [0, 0, 6.9, 3.05], "rotation": 90, "texture": "#4"},
				"up": {"uv": [0, 0, 6.9, 2.3], "rotation": 180, "texture": "#4"},
				"down": {"uv": [0, 0, 6.9, 2.3], "texture": "#4"}
			}
		},
		{
			"name": "Hammer",
			"from": [7.5, 5.6, 24.5],
			"to": [8.5, 6, 24.7],
			"rotation": {"angle": 0, "axis": "y", "origin": [8.14, 8.49096, 18.91086]},
			"faces": {
				"north": {"uv": [0, 0, 6.9, 2.3], "texture": "#4"},
				"east": {"uv": [0, 0, 6.9, 3.05], "rotation": 270, "texture": "#4"},
				"south": {"uv": [0, 0, 6.9, 2.3], "texture": "#4"},
				"west": {"uv": [0, 0, 6.9, 3.05], "rotation": 90, "texture": "#4"},
				"up": {"uv": [0, 0, 6.9, 2.3], "rotation": 180, "texture": "#4"},
				"down": {"uv": [0, 0, 6.9, 2.3], "texture": "#4"}
			}
		},
		{
			"name": "Hammer",
			"from": [7.5, 7.9, 24.35],
			"to": [8.5, 8.3, 24.55],
			"rotation": {"angle": 0, "axis": "y", "origin": [8.14, 9.49096, 16.91086]},
			"faces": {
				"north": {"uv": [0, 0, 6.9, 2.3], "texture": "#4"},
				"east": {"uv": [0, 0, 6.9, 3.05], "rotation": 270, "texture": "#4"},
				"south": {"uv": [0, 0, 6.9, 2.3], "texture": "#4"},
				"west": {"uv": [0, 0, 6.9, 3.05], "rotation": 90, "texture": "#4"},
				"up": {"uv": [0, 0, 6.9, 2.3], "rotation": 180, "texture": "#4"},
				"down": {"uv": [0, 0, 6.9, 2.3], "texture": "#4"}
			}
		},
		{
			"name": "Hammer",
			"from": [7.5, 5.6, 24.9],
			"to": [8.5, 6, 25.1],
			"rotation": {"angle": 0, "axis": "y", "origin": [8.14, 8.49096, 18.91086]},
			"faces": {
				"north": {"uv": [0, 0, 6.9, 2.3], "texture": "#4"},
				"east": {"uv": [0, 0, 6.9, 3.05], "rotation": 270, "texture": "#4"},
				"south": {"uv": [0, 0, 6.9, 2.3], "texture": "#4"},
				"west": {"uv": [0, 0, 6.9, 3.05], "rotation": 90, "texture": "#4"},
				"up": {"uv": [0, 0, 6.9, 2.3], "rotation": 180, "texture": "#4"},
				"down": {"uv": [0, 0, 6.9, 2.3], "texture": "#4"}
			}
		},
		{
			"name": "Hammer",
			"from": [7.5, 7.9, 24.75],
			"to": [8.5, 8.3, 24.95],
			"rotation": {"angle": 0, "axis": "y", "origin": [8.14, 9.49096, 16.91086]},
			"faces": {
				"north": {"uv": [0, 0, 6.9, 2.3], "texture": "#4"},
				"east": {"uv": [0, 0, 6.9, 3.05], "rotation": 270, "texture": "#4"},
				"south": {"uv": [0, 0, 6.9, 2.3], "texture": "#4"},
				"west": {"uv": [0, 0, 6.9, 3.05], "rotation": 90, "texture": "#4"},
				"up": {"uv": [0, 0, 6.9, 2.3], "rotation": 180, "texture": "#4"},
				"down": {"uv": [0, 0, 6.9, 2.3], "texture": "#4"}
			}
		},
		{
			"name": "Hammer",
			"from": [7.5, 5.6, 25.3],
			"to": [8.5, 6, 25.5],
			"rotation": {"angle": 0, "axis": "y", "origin": [8.14, 8.49096, 18.91086]},
			"faces": {
				"north": {"uv": [0, 0, 6.9, 2.3], "texture": "#4"},
				"east": {"uv": [0, 0, 6.9, 3.05], "rotation": 270, "texture": "#4"},
				"south": {"uv": [0, 0, 6.9, 2.3], "texture": "#4"},
				"west": {"uv": [0, 0, 6.9, 3.05], "rotation": 90, "texture": "#4"},
				"up": {"uv": [0, 0, 6.9, 2.3], "rotation": 180, "texture": "#4"},
				"down": {"uv": [0, 0, 6.9, 2.3], "texture": "#4"}
			}
		},
		{
			"name": "Hammer",
			"from": [7.5, 7.9, 25.15],
			"to": [8.5, 8.3, 25.35],
			"rotation": {"angle": 0, "axis": "y", "origin": [8.14, 9.49096, 16.91086]},
			"faces": {
				"north": {"uv": [0, 0, 6.9, 2.3], "texture": "#4"},
				"east": {"uv": [0, 0, 6.9, 3.05], "rotation": 270, "texture": "#4"},
				"south": {"uv": [0, 0, 6.9, 2.3], "texture": "#4"},
				"west": {"uv": [0, 0, 6.9, 3.05], "rotation": 90, "texture": "#4"},
				"up": {"uv": [0, 0, 6.9, 2.3], "rotation": 180, "texture": "#4"},
				"down": {"uv": [0, 0, 6.9, 2.3], "texture": "#4"}
			}
		},
		{
			"name": "Hammer",
			"from": [7.5, 5.6, 25.7],
			"to": [8.5, 6, 25.9],
			"rotation": {"angle": 0, "axis": "y", "origin": [8.14, 8.49096, 20.91086]},
			"faces": {
				"north": {"uv": [0, 0, 6.9, 2.3], "texture": "#4"},
				"east": {"uv": [0, 0, 6.9, 3.05], "rotation": 270, "texture": "#4"},
				"south": {"uv": [0, 0, 6.9, 2.3], "texture": "#4"},
				"west": {"uv": [0, 0, 6.9, 3.05], "rotation": 90, "texture": "#4"},
				"up": {"uv": [0, 0, 6.9, 2.3], "rotation": 180, "texture": "#4"},
				"down": {"uv": [0, 0, 6.9, 2.3], "texture": "#4"}
			}
		},
		{
			"name": "Hammer",
			"from": [7.5, 7.9, 25.55],
			"to": [8.5, 8.3, 25.75],
			"rotation": {"angle": 0, "axis": "y", "origin": [8.14, 9.49096, 20.91086]},
			"faces": {
				"north": {"uv": [0, 0, 6.9, 2.3], "texture": "#4"},
				"east": {"uv": [0, 0, 6.9, 3.05], "rotation": 270, "texture": "#4"},
				"south": {"uv": [0, 0, 6.9, 2.3], "texture": "#4"},
				"west": {"uv": [0, 0, 6.9, 3.05], "rotation": 90, "texture": "#4"},
				"up": {"uv": [0, 0, 6.9, 2.3], "rotation": 180, "texture": "#4"},
				"down": {"uv": [0, 0, 6.9, 2.3], "texture": "#4"}
			}
		},
		{
			"name": "Hammer",
			"from": [7.5, 5.6, 26.1],
			"to": [8.5, 6, 26.3],
			"rotation": {"angle": 0, "axis": "y", "origin": [8.14, 6.49096, 21.91086]},
			"faces": {
				"north": {"uv": [0, 0, 6.9, 2.3], "texture": "#4"},
				"east": {"uv": [0, 0, 6.9, 3.05], "rotation": 270, "texture": "#4"},
				"south": {"uv": [0, 0, 6.9, 2.3], "texture": "#4"},
				"west": {"uv": [0, 0, 6.9, 3.05], "rotation": 90, "texture": "#4"},
				"up": {"uv": [0, 0, 6.9, 2.3], "rotation": 180, "texture": "#4"},
				"down": {"uv": [0, 0, 6.9, 2.3], "texture": "#4"}
			}
		},
		{
			"name": "Hammer",
			"from": [7.5, 5.6, 26.5],
			"to": [8.5, 6, 26.9],
			"rotation": {"angle": 0, "axis": "y", "origin": [8.14, 6.49096, 21.91086]},
			"faces": {
				"north": {"uv": [0, 0, 6.9, 2.3], "texture": "#4"},
				"east": {"uv": [0, 0, 6.9, 3.05], "rotation": 270, "texture": "#4"},
				"south": {"uv": [0, 0, 6.9, 2.3], "texture": "#4"},
				"west": {"uv": [0, 0, 6.9, 3.05], "rotation": 90, "texture": "#4"},
				"up": {"uv": [0, 0, 6.9, 2.3], "rotation": 180, "texture": "#4"},
				"down": {"uv": [0, 0, 6.9, 2.3], "texture": "#4"}
			}
		},
		{
			"name": "Hammer",
			"from": [7.5, 7.9, 25.95],
			"to": [8.5, 8.3, 26.15],
			"rotation": {"angle": 0, "axis": "y", "origin": [8.14, 9.49096, 20.91086]},
			"faces": {
				"north": {"uv": [0, 0, 6.9, 2.3], "texture": "#4"},
				"east": {"uv": [0, 0, 6.9, 3.05], "rotation": 270, "texture": "#4"},
				"south": {"uv": [0, 0, 6.9, 2.3], "texture": "#4"},
				"west": {"uv": [0, 0, 6.9, 3.05], "rotation": 90, "texture": "#4"},
				"up": {"uv": [0, 0, 6.9, 2.3], "rotation": 180, "texture": "#4"},
				"down": {"uv": [0, 0, 6.9, 2.3], "texture": "#4"}
			}
		},
		{
			"name": "Hammer",
			"from": [7.3, 7.5801, 25.50182],
			"to": [8.7, 7.7801, 26.30182],
			"rotation": {"angle": 0, "axis": "x", "origin": [8.14, 2.49096, 24.91086]},
			"faces": {
				"north": {"uv": [0, 0, 6.9, 2.3], "texture": "#4"},
				"east": {"uv": [0, 0, 6.9, 3.05], "texture": "#4"},
				"south": {"uv": [0, 0, 6.9, 2.3], "texture": "#4"},
				"west": {"uv": [0, 0, 6.9, 3.05], "texture": "#4"},
				"up": {"uv": [0, 0, 6.9, 2.3], "texture": "#4"},
				"down": {"uv": [0, 0, 6.9, 2.3], "rotation": 180, "texture": "#4"}
			}
		},
		{
			"name": "Hammer",
			"from": [7.3, 7.5801, 24.50182],
			"to": [8.7, 7.7801, 25.30182],
			"rotation": {"angle": 0, "axis": "x", "origin": [8.14, 2.49096, 23.91086]},
			"faces": {
				"north": {"uv": [0, 0, 6.9, 2.3], "texture": "#4"},
				"east": {"uv": [0, 0, 6.9, 3.05], "texture": "#4"},
				"south": {"uv": [0, 0, 6.9, 2.3], "texture": "#4"},
				"west": {"uv": [0, 0, 6.9, 3.05], "texture": "#4"},
				"up": {"uv": [0, 0, 6.9, 2.3], "texture": "#4"},
				"down": {"uv": [0, 0, 6.9, 2.3], "rotation": 180, "texture": "#4"}
			}
		},
		{
			"name": "Hammer",
			"from": [7.3, 7.5801, 23.50182],
			"to": [8.7, 7.7801, 24.30182],
			"rotation": {"angle": 0, "axis": "x", "origin": [8.14, 2.49096, 22.91086]},
			"faces": {
				"north": {"uv": [0, 0, 6.9, 2.3], "texture": "#4"},
				"east": {"uv": [0, 0, 6.9, 3.05], "texture": "#4"},
				"south": {"uv": [0, 0, 6.9, 2.3], "texture": "#4"},
				"west": {"uv": [0, 0, 6.9, 3.05], "texture": "#4"},
				"up": {"uv": [0, 0, 6.9, 2.3], "texture": "#4"},
				"down": {"uv": [0, 0, 6.9, 2.3], "rotation": 180, "texture": "#4"}
			}
		},
		{
			"name": "Hammer",
			"from": [7.1, 8.5, 26],
			"to": [8.9, 9.1, 26.4],
			"rotation": {"angle": 22.5, "axis": "x", "origin": [8.14, 9.49096, 20.91086]},
			"faces": {
				"north": {"uv": [0, 0, 6.9, 2.3], "texture": "#4"},
				"east": {"uv": [0, 0, 6.9, 3.05], "rotation": 270, "texture": "#4"},
				"south": {"uv": [0, 0, 6.9, 2.3], "texture": "#4"},
				"west": {"uv": [0, 0, 6.9, 3.05], "rotation": 90, "texture": "#4"},
				"up": {"uv": [0, 0, 6.9, 2.3], "rotation": 180, "texture": "#4"},
				"down": {"uv": [0, 0, 6.9, 2.3], "texture": "#4"}
			}
		},
		{
			"name": "Hammer",
			"from": [7.1, 8.5, 24],
			"to": [8.9, 9.1, 24.4],
			"rotation": {"angle": 22.5, "axis": "x", "origin": [8.14, 9.49096, 18.91086]},
			"faces": {
				"north": {"uv": [0, 0, 6.9, 2.3], "texture": "#4"},
				"east": {"uv": [0, 0, 6.9, 3.05], "rotation": 270, "texture": "#4"},
				"south": {"uv": [0, 0, 6.9, 2.3], "texture": "#4"},
				"west": {"uv": [0, 0, 6.9, 3.05], "rotation": 90, "texture": "#4"},
				"up": {"uv": [0, 0, 6.9, 2.3], "rotation": 180, "texture": "#4"},
				"down": {"uv": [0, 0, 6.9, 2.3], "texture": "#4"}
			}
		},
		{
			"name": "Hammer",
			"from": [7.1, 8.5, 23],
			"to": [8.9, 9.1, 23.4],
			"rotation": {"angle": 22.5, "axis": "x", "origin": [8.14, 9.49096, 17.91086]},
			"faces": {
				"north": {"uv": [0, 0, 6.9, 2.3], "texture": "#4"},
				"east": {"uv": [0, 0, 6.9, 3.05], "rotation": 270, "texture": "#4"},
				"south": {"uv": [0, 0, 6.9, 2.3], "texture": "#4"},
				"west": {"uv": [0, 0, 6.9, 3.05], "rotation": 90, "texture": "#4"},
				"up": {"uv": [0, 0, 6.9, 2.3], "rotation": 180, "texture": "#4"},
				"down": {"uv": [0, 0, 6.9, 2.3], "texture": "#4"}
			}
		},
		{
			"name": "Hammer",
			"from": [7.1, 8.5, 22],
			"to": [8.9, 9.1, 22.4],
			"rotation": {"angle": 22.5, "axis": "x", "origin": [8.14, 9.49096, 16.91086]},
			"faces": {
				"north": {"uv": [0, 0, 6.9, 2.3], "texture": "#4"},
				"east": {"uv": [0, 0, 6.9, 3.05], "rotation": 270, "texture": "#4"},
				"south": {"uv": [0, 0, 6.9, 2.3], "texture": "#4"},
				"west": {"uv": [0, 0, 6.9, 3.05], "rotation": 90, "texture": "#4"},
				"up": {"uv": [0, 0, 6.9, 2.3], "rotation": 180, "texture": "#4"},
				"down": {"uv": [0, 0, 6.9, 2.3], "texture": "#4"}
			}
		},
		{
			"name": "Hammer",
			"from": [7.1, 8.5, 25],
			"to": [8.9, 9.1, 25.4],
			"rotation": {"angle": 22.5, "axis": "x", "origin": [8.14, 9.49096, 19.91086]},
			"faces": {
				"north": {"uv": [0, 0, 6.9, 2.3], "texture": "#4"},
				"east": {"uv": [0, 0, 6.9, 3.05], "rotation": 270, "texture": "#4"},
				"south": {"uv": [0, 0, 6.9, 2.3], "texture": "#4"},
				"west": {"uv": [0, 0, 6.9, 3.05], "rotation": 90, "texture": "#4"},
				"up": {"uv": [0, 0, 6.9, 2.3], "rotation": 180, "texture": "#4"},
				"down": {"uv": [0, 0, 6.9, 2.3], "texture": "#4"}
			}
		},
		{
			"name": "Hammer",
			"from": [7.5, 7.9, 21.95],
			"to": [8.5, 8.3, 22.15],
			"rotation": {"angle": 0, "axis": "y", "origin": [8.14, 9.49096, 16.91086]},
			"faces": {
				"north": {"uv": [0, 0, 6.9, 2.3], "texture": "#4"},
				"east": {"uv": [0, 0, 6.9, 3.05], "rotation": 270, "texture": "#4"},
				"south": {"uv": [0, 0, 6.9, 2.3], "texture": "#4"},
				"west": {"uv": [0, 0, 6.9, 3.05], "rotation": 90, "texture": "#4"},
				"up": {"uv": [0, 0, 6.9, 2.3], "rotation": 180, "texture": "#4"},
				"down": {"uv": [0, 0, 6.9, 2.3], "texture": "#4"}
			}
		},
		{
			"name": "Hammer",
			"from": [7.5, 7.20182, 3.2],
			"to": [8.5, 7.40182, 3.6],
			"rotation": {"angle": 0, "axis": "x", "origin": [8.14, 8.49096, 3.91086]},
			"faces": {
				"north": {"uv": [0, 0, 6.9, 2.3], "rotation": 180, "texture": "#4"},
				"east": {"uv": [0, 0, 6.9, 3.05], "rotation": 180, "texture": "#4"},
				"south": {"uv": [0, 0, 6.9, 2.3], "rotation": 180, "texture": "#4"},
				"west": {"uv": [0, 0, 6.9, 3.05], "rotation": 180, "texture": "#4"},
				"up": {"uv": [0, 0, 6.9, 2.3], "rotation": 180, "texture": "#4"},
				"down": {"uv": [0, 0, 6.9, 2.3], "texture": "#4"}
			}
		},
		{
			"name": "Hammer",
			"from": [7.5, 6.8, 3.2],
			"to": [8.5, 7, 3.6],
			"rotation": {"angle": 0, "axis": "x", "origin": [8.14, 8.49096, 3.91086]},
			"faces": {
				"north": {"uv": [0, 0, 6.9, 2.3], "rotation": 180, "texture": "#4"},
				"east": {"uv": [0, 0, 6.9, 3.05], "rotation": 180, "texture": "#4"},
				"south": {"uv": [0, 0, 6.9, 2.3], "rotation": 180, "texture": "#4"},
				"west": {"uv": [0, 0, 6.9, 3.05], "rotation": 180, "texture": "#4"},
				"up": {"uv": [0, 0, 6.9, 2.3], "rotation": 180, "texture": "#4"},
				"down": {"uv": [0, 0, 6.9, 2.3], "texture": "#4"}
			}
		},
		{
			"name": "Hammer",
			"from": [7.5, 6.4, 3.2],
			"to": [8.5, 6.6, 3.6],
			"rotation": {"angle": 0, "axis": "x", "origin": [8.14, 8.49096, 3.91086]},
			"faces": {
				"north": {"uv": [0, 0, 6.9, 2.3], "rotation": 180, "texture": "#4"},
				"east": {"uv": [0, 0, 6.9, 3.05], "rotation": 180, "texture": "#4"},
				"south": {"uv": [0, 0, 6.9, 2.3], "rotation": 180, "texture": "#4"},
				"west": {"uv": [0, 0, 6.9, 3.05], "rotation": 180, "texture": "#4"},
				"up": {"uv": [0, 0, 6.9, 2.3], "rotation": 180, "texture": "#4"},
				"down": {"uv": [0, 0, 6.9, 2.3], "texture": "#4"}
			}
		},
		{
			"name": "Hammer",
			"from": [7.5, 6, 3.2],
			"to": [8.5, 6.2, 3.6],
			"rotation": {"angle": 0, "axis": "x", "origin": [8.14, 8.49096, 3.91086]},
			"faces": {
				"north": {"uv": [0, 0, 6.9, 2.3], "rotation": 180, "texture": "#4"},
				"east": {"uv": [0, 0, 6.9, 3.05], "rotation": 180, "texture": "#4"},
				"south": {"uv": [0, 0, 6.9, 2.3], "rotation": 180, "texture": "#4"},
				"west": {"uv": [0, 0, 6.9, 3.05], "rotation": 180, "texture": "#4"},
				"up": {"uv": [0, 0, 6.9, 2.3], "rotation": 180, "texture": "#4"},
				"down": {"uv": [0, 0, 6.9, 2.3], "texture": "#4"}
			}
		},
		{
			"name": "Hammer",
			"from": [7.5, 5.6, 3.2],
			"to": [8.5, 5.8, 3.6],
			"rotation": {"angle": 0, "axis": "x", "origin": [8.14, 8.49096, 3.91086]},
			"faces": {
				"north": {"uv": [0, 0, 6.9, 2.3], "rotation": 180, "texture": "#4"},
				"east": {"uv": [0, 0, 6.9, 3.05], "rotation": 180, "texture": "#4"},
				"south": {"uv": [0, 0, 6.9, 2.3], "rotation": 180, "texture": "#4"},
				"west": {"uv": [0, 0, 6.9, 3.05], "rotation": 180, "texture": "#4"},
				"up": {"uv": [0, 0, 6.9, 2.3], "rotation": 180, "texture": "#4"},
				"down": {"uv": [0, 0, 6.9, 2.3], "texture": "#4"}
			}
		},
		{
			"name": "Hammer",
			"from": [7.5, 5.2, 3.2],
			"to": [8.5, 5.4, 3.6],
			"rotation": {"angle": 0, "axis": "x", "origin": [8.14, 8.49096, 3.91086]},
			"faces": {
				"north": {"uv": [0, 0, 6.9, 2.3], "rotation": 180, "texture": "#4"},
				"east": {"uv": [0, 0, 6.9, 3.05], "rotation": 180, "texture": "#4"},
				"south": {"uv": [0, 0, 6.9, 2.3], "rotation": 180, "texture": "#4"},
				"west": {"uv": [0, 0, 6.9, 3.05], "rotation": 180, "texture": "#4"},
				"up": {"uv": [0, 0, 6.9, 2.3], "rotation": 180, "texture": "#4"},
				"down": {"uv": [0, 0, 6.9, 2.3], "texture": "#4"}
			}
		},
		{
			"name": "Hammer",
			"from": [7.5, 4.8, 3.2],
			"to": [8.5, 5, 3.6],
			"rotation": {"angle": 0, "axis": "x", "origin": [8.14, 8.49096, 3.91086]},
			"faces": {
				"north": {"uv": [0, 0, 6.9, 2.3], "rotation": 180, "texture": "#4"},
				"east": {"uv": [0, 0, 6.9, 3.05], "rotation": 180, "texture": "#4"},
				"south": {"uv": [0, 0, 6.9, 2.3], "rotation": 180, "texture": "#4"},
				"west": {"uv": [0, 0, 6.9, 3.05], "rotation": 180, "texture": "#4"},
				"up": {"uv": [0, 0, 6.9, 2.3], "rotation": 180, "texture": "#4"},
				"down": {"uv": [0, 0, 6.9, 2.3], "texture": "#4"}
			}
		},
		{
			"name": "Hammer",
			"from": [7.5, 4.4, 3.2],
			"to": [8.5, 4.6, 3.6],
			"rotation": {"angle": 0, "axis": "x", "origin": [8.14, 8.49096, 3.91086]},
			"faces": {
				"north": {"uv": [0, 0, 6.9, 2.3], "rotation": 180, "texture": "#4"},
				"east": {"uv": [0, 0, 6.9, 3.05], "rotation": 180, "texture": "#4"},
				"south": {"uv": [0, 0, 6.9, 2.3], "rotation": 180, "texture": "#4"},
				"west": {"uv": [0, 0, 6.9, 3.05], "rotation": 180, "texture": "#4"},
				"up": {"uv": [0, 0, 6.9, 2.3], "rotation": 180, "texture": "#4"},
				"down": {"uv": [0, 0, 6.9, 2.3], "texture": "#4"}
			}
		},
		{
			"name": "Hammer",
			"from": [7.5, 4, 3.2],
			"to": [8.5, 4.2, 3.6],
			"rotation": {"angle": 0, "axis": "x", "origin": [8.14, 8.49096, 3.91086]},
			"faces": {
				"north": {"uv": [0, 0, 6.9, 2.3], "rotation": 180, "texture": "#4"},
				"east": {"uv": [0, 0, 6.9, 3.05], "rotation": 180, "texture": "#4"},
				"south": {"uv": [0, 0, 6.9, 2.3], "rotation": 180, "texture": "#4"},
				"west": {"uv": [0, 0, 6.9, 3.05], "rotation": 180, "texture": "#4"},
				"up": {"uv": [0, 0, 6.9, 2.3], "rotation": 180, "texture": "#4"},
				"down": {"uv": [0, 0, 6.9, 2.3], "texture": "#4"}
			}
		},
		{
			"name": "Hammer",
			"from": [7.5, 7.6, 3.2],
			"to": [8.5, 7.8, 3.6],
			"rotation": {"angle": 0, "axis": "x", "origin": [8.14, 12.49096, 3.91086]},
			"faces": {
				"north": {"uv": [0, 0, 6.9, 2.3], "rotation": 180, "texture": "#4"},
				"east": {"uv": [0, 0, 6.9, 3.05], "rotation": 180, "texture": "#4"},
				"south": {"uv": [0, 0, 6.9, 2.3], "rotation": 180, "texture": "#4"},
				"west": {"uv": [0, 0, 6.9, 3.05], "rotation": 180, "texture": "#4"},
				"up": {"uv": [0, 0, 6.9, 2.3], "rotation": 180, "texture": "#4"},
				"down": {"uv": [0, 0, 6.9, 2.3], "texture": "#4"}
			}
		},
		{
			"name": "Hammer",
			"from": [7.5, 8, 3.2],
			"to": [8.5, 8.2, 3.6],
			"rotation": {"angle": 0, "axis": "x", "origin": [8.14, 12.49096, 3.91086]},
			"faces": {
				"north": {"uv": [0, 0, 6.9, 2.3], "rotation": 180, "texture": "#4"},
				"east": {"uv": [0, 0, 6.9, 3.05], "rotation": 180, "texture": "#4"},
				"south": {"uv": [0, 0, 6.9, 2.3], "rotation": 180, "texture": "#4"},
				"west": {"uv": [0, 0, 6.9, 3.05], "rotation": 180, "texture": "#4"},
				"up": {"uv": [0, 0, 6.9, 2.3], "rotation": 180, "texture": "#4"},
				"down": {"uv": [0, 0, 6.9, 2.3], "texture": "#4"}
			}
		},
		{
			"name": "Hammer",
			"from": [7.5, 3.6, 3.2],
			"to": [8.5, 3.8, 3.6],
			"rotation": {"angle": 0, "axis": "x", "origin": [8.14, 8.49096, 3.91086]},
			"faces": {
				"north": {"uv": [0, 0, 6.9, 2.3], "rotation": 180, "texture": "#4"},
				"east": {"uv": [0, 0, 6.9, 3.05], "rotation": 180, "texture": "#4"},
				"south": {"uv": [0, 0, 6.9, 2.3], "rotation": 180, "texture": "#4"},
				"west": {"uv": [0, 0, 6.9, 3.05], "rotation": 180, "texture": "#4"},
				"up": {"uv": [0, 0, 6.9, 2.3], "rotation": 180, "texture": "#4"},
				"down": {"uv": [0, 0, 6.9, 2.3], "texture": "#4"}
			}
		},
		{
			"name": "Hammer",
			"from": [7.5, 5.6, 22.5],
			"to": [8.5, 6, 22.7],
			"rotation": {"angle": 0, "axis": "y", "origin": [8.14, 8.49096, 18.91086]},
			"faces": {
				"north": {"uv": [0, 0, 6.9, 2.3], "texture": "#4"},
				"east": {"uv": [0, 0, 6.9, 3.05], "rotation": 270, "texture": "#4"},
				"south": {"uv": [0, 0, 6.9, 2.3], "texture": "#4"},
				"west": {"uv": [0, 0, 6.9, 3.05], "rotation": 90, "texture": "#4"},
				"up": {"uv": [0, 0, 6.9, 2.3], "rotation": 180, "texture": "#4"},
				"down": {"uv": [0, 0, 6.9, 2.3], "texture": "#4"}
			}
		},
		{
			"name": "Hammer",
			"from": [7.1, 6.6, 22.2699],
			"to": [7.3, 7.2, 22.6699],
			"rotation": {"angle": 22.5, "axis": "x", "origin": [5.14, 6.49096, 24.91086]},
			"faces": {
				"north": {"uv": [0, 0, 6.9, 2.3], "rotation": 270, "texture": "#4"},
				"east": {"uv": [0, 0, 6.9, 2.3], "rotation": 90, "texture": "#4"},
				"south": {"uv": [0, 0, 6.9, 2.3], "rotation": 90, "texture": "#4"},
				"west": {"uv": [0, 0, 6.9, 2.3], "rotation": 270, "texture": "#4"},
				"up": {"uv": [0, 0, 6.9, 3.05], "rotation": 90, "texture": "#4"},
				"down": {"uv": [0, 0, 6.9, 3.05], "rotation": 90, "texture": "#4"}
			}
		},
		{
			"name": "Hammer",
			"from": [7.35, 6.42, 30.6],
			"to": [8.65, 7.72, 31.2],
			"rotation": {"angle": 0, "axis": "x", "origin": [8.14, 8.49096, 31.91086]},
			"faces": {
				"north": {"uv": [0, 0, 6.9, 2.3], "rotation": 270, "texture": "#4"},
				"east": {"uv": [0, 0, 6.9, 2.3], "rotation": 270, "texture": "#4"},
				"south": {"uv": [5.75, 3.25, 8.15, 5.3], "rotation": 90, "texture": "#6"},
				"west": {"uv": [0, 0, 6.9, 2.3], "rotation": 90, "texture": "#4"},
				"up": {"uv": [0, 0, 6.9, 3.05], "rotation": 180, "texture": "#4"},
				"down": {"uv": [0, 0, 6.9, 4.8], "texture": "#4"}
			}
		},
		{
			"name": "Hammer",
			"from": [7.35, 6.42, 27],
			"to": [8.65, 7.72, 28],
			"rotation": {"angle": 0, "axis": "x", "origin": [8.14, 8.49096, 27.91086]},
			"faces": {
				"north": {"uv": [0, 0, 6.9, 2.3], "rotation": 270, "texture": "#4"},
				"east": {"uv": [0, 0, 6.9, 2.3], "rotation": 270, "texture": "#4"},
				"south": {"uv": [5.75, 3.25, 8.15, 5.3], "rotation": 90, "texture": "#6"},
				"west": {"uv": [0, 0, 6.9, 2.3], "rotation": 90, "texture": "#4"},
				"up": {"uv": [0, 0, 6.9, 3.05], "rotation": 180, "texture": "#4"},
				"down": {"uv": [0, 0, 6.9, 4.8], "texture": "#4"}
			}
		},
		{
			"name": "Hammer",
			"from": [7.25, 5.8, 26.36],
			"to": [8.75, 7.8, 26.96],
			"rotation": {"angle": 0, "axis": "x", "origin": [8.14, 8.49096, 26.91086]},
			"faces": {
				"north": {"uv": [0, 0, 6.9, 2.3], "rotation": 270, "texture": "#4"},
				"east": {"uv": [0, 0, 6.9, 2.3], "rotation": 270, "texture": "#4"},
				"south": {"uv": [0, 0, 6.9, 2.3], "rotation": 90, "texture": "#4"},
				"west": {"uv": [0, 0, 6.9, 2.3], "rotation": 90, "texture": "#4"},
				"up": {"uv": [0, 0, 6.9, 3.05], "rotation": 180, "texture": "#4"},
				"down": {"uv": [0, 0, 6.9, 3.05], "texture": "#4"}
			}
		},
		{
			"name": "Hammer",
			"from": [7.42, 7.72, 26.36],
			"to": [8.57, 8.3, 26.96],
			"rotation": {"angle": 0, "axis": "x", "origin": [8.14, 10.49096, 26.91086]},
			"faces": {
				"north": {"uv": [0, 0, 6.9, 2.3], "rotation": 270, "texture": "#4"},
				"east": {"uv": [0, 0, 6.9, 2.3], "rotation": 270, "texture": "#4"},
				"south": {"uv": [0, 0, 6.9, 2.3], "rotation": 90, "texture": "#4"},
				"west": {"uv": [0, 0, 6.9, 2.3], "rotation": 90, "texture": "#4"},
				"up": {"uv": [0, 0, 6.9, 3.05], "rotation": 180, "texture": "#4"},
				"down": {"uv": [0, 0, 6.9, 3.05], "texture": "#4"}
			}
		},
		{
			"name": "Hammer",
			"from": [7.451, 4.7, 10],
			"to": [8.572, 6.7, 13],
			"rotation": {"angle": 0, "axis": "x", "origin": [8.14, 4.49096, 11.91086]},
			"faces": {
				"north": {"uv": [0, 0, 6.9, 3.05], "texture": "#4"},
				"east": {"uv": [6.5, 6, 10.15, 10.8], "texture": "#4"},
				"south": {"uv": [0, 0, 6.9, 3.05], "texture": "#4"},
				"west": {"uv": [5, 3.5, 11.9, 8.55], "texture": "#4"},
				"up": {"uv": [0, 0, 6.9, 2.3], "rotation": 90, "texture": "#4"},
				"down": {"uv": [0, 0, 6.9, 2.3], "rotation": 90, "texture": "#4"}
			}
		},
		{
			"name": "Hammer",
			"from": [7.449, 4, 10],
			"to": [8.57, 5, 13],
			"rotation": {"angle": 0, "axis": "x", "origin": [8.14, 3.49096, 10.91086]},
			"faces": {
				"north": {"uv": [0, 0, 6.9, 3.05], "texture": "#4"},
				"east": {"uv": [0, 4.25, 4.65, 6.55], "texture": "#4"},
				"south": {"uv": [0, 0, 6.9, 3.05], "texture": "#4"},
				"west": {"uv": [5.75, 4.75, 12.65, 7.05], "texture": "#4"},
				"up": {"uv": [0, 0, 6.9, 2.3], "rotation": 90, "texture": "#4"},
				"down": {"uv": [0, 0, 6.9, 2.3], "rotation": 90, "texture": "#4"}
			}
		},
		{
			"name": "Hammer",
			"from": [7.45, 1.5, 10.8],
			"to": [8.571, 5, 13.8],
			"rotation": {"angle": -22.5, "axis": "x", "origin": [8.14, 2.49096, 12.91086]},
			"faces": {
				"north": {"uv": [0, 0, 6.9, 3.05], "texture": "#4"},
				"east": {"uv": [5, 5.75, 8.9, 10.55], "texture": "#4"},
				"south": {"uv": [0, 0, 6.9, 3.05], "texture": "#4"},
				"west": {"uv": [1.5, 1.5, 13.15, 6.05], "texture": "#4"},
				"up": {"uv": [0, 0, 6.9, 2.3], "rotation": 90, "texture": "#4"},
				"down": {"uv": [0, 0, 6.9, 2.3], "rotation": 90, "texture": "#4"}
			}
		},
		{
			"name": "Hammer",
			"from": [7.101, 5, 3.62],
			"to": [8.891, 7, 6.62],
			"rotation": {"angle": 0, "axis": "x", "origin": [8.14, 5.49096, 5.91086]},
			"faces": {
				"north": {"uv": [0, 0, 6.9, 3.05], "texture": "#4"},
				"east": {"uv": [6.5, 7, 11.15, 11.3], "texture": "#4"},
				"south": {"uv": [0, 0, 6.9, 3.05], "texture": "#4"},
				"west": {"uv": [6.5, 3.25, 13.4, 8.3], "texture": "#4"},
				"up": {"uv": [0, 0, 6.9, 2.3], "rotation": 90, "texture": "#4"},
				"down": {"uv": [0, 0, 6.9, 2.3], "rotation": 90, "texture": "#4"}
			}
		},
		{
			"name": "Back",
			"from": [7.42, 5.4, 15.1],
			"to": [8.52, 6.6, 16.46],
			"rotation": {"angle": -22.5, "axis": "x", "origin": [8.10393, 7.85777, 17.24832]},
			"faces": {
				"north": {"uv": [0, 0, 2, 1.4], "rotation": 180, "texture": "#4"},
				"east": {"uv": [7, 4.5, 12.3, 10.1], "rotation": 270, "texture": "#4"},
				"south": {"uv": [0, 0, 6.8, 4.6], "rotation": 90, "texture": "#4"},
				"west": {"uv": [0, 2.5, 5.3, 8.1], "rotation": 90, "texture": "#4"},
				"up": {"uv": [0, 0, 6.8, 4.6], "rotation": 270, "texture": "#4"},
				"down": {"uv": [0, 0, 2, 1.4], "texture": "#4"}
			}
		},
		{
			"name": "Back",
			"from": [7.381, 3.89, 14.95],
			"to": [8.581, 4.29, 15.25],
			"rotation": {"angle": 45, "axis": "x", "origin": [8.10393, 2.85777, 14.24832]},
			"faces": {
				"north": {"uv": [0, 0, 2, 1.4], "rotation": 180, "texture": "#4"},
				"east": {"uv": [4.5, 5.75, 9.8, 11.35], "rotation": 180, "texture": "#4"},
				"south": {"uv": [0, 0, 6.8, 4.6], "rotation": 270, "texture": "#4"},
				"west": {"uv": [4.25, 4, 9.55, 9.6], "rotation": 180, "texture": "#4"},
				"up": {"uv": [0, 0, 2, 1.4], "texture": "#4"},
				"down": {"uv": [0, 0, 6.8, 4.6], "rotation": 90, "texture": "#4"}
			}
		},
		{
			"name": "Back",
			"from": [7.382, 2.6, 15.47],
			"to": [8.592, 2.9, 15.87],
			"rotation": {"angle": -22.5, "axis": "x", "origin": [8.10393, 2.85777, 14.24832]},
			"faces": {
				"north": {"uv": [0, 0, 6.8, 4.6], "rotation": 270, "texture": "#4"},
				"east": {"uv": [4.5, 5.75, 9.8, 11.35], "rotation": 90, "texture": "#4"},
				"south": {"uv": [0, 0, 2, 1.4], "texture": "#4"},
				"west": {"uv": [4.25, 4, 9.55, 9.6], "rotation": 270, "texture": "#4"},
				"up": {"uv": [0, 0, 2, 1.4], "texture": "#4"},
				"down": {"uv": [0, 0, 6.8, 4.6], "rotation": 270, "texture": "#4"}
			}
		},
		{
			"name": "Back",
			"from": [7.5, 5.95, 9.85],
			"to": [8.5, 6.93, 10.75],
			"rotation": {"angle": 45, "axis": "x", "origin": [8.10393, 6.85777, 9.24832]},
			"faces": {
				"north": {"uv": [0, 0, 6.8, 4.6], "rotation": 90, "texture": "#4"},
				"east": {"uv": [5.5, 6.5, 10.8, 12.1], "texture": "#4"},
				"south": {"uv": [0, 0, 2, 1.4], "texture": "#4"},
				"west": {"uv": [4.5, 4.75, 9.8, 10.35], "texture": "#4"},
				"up": {"uv": [0, 0, 6.8, 4.6], "rotation": 90, "texture": "#4"},
				"down": {"uv": [0, 0, 2, 1.4], "texture": "#4"}
			}
		},
		{
			"name": "Back",
			"from": [7.38, 3.2, 16.4],
			"to": [8.59, 8.2, 17.5],
			"rotation": {"angle": 22.5, "axis": "x", "origin": [8.10393, 4.85777, 15.24832]},
			"faces": {
				"north": {"uv": [0, 0, 6.8, 4.6], "rotation": 90, "texture": "#4"},
				"east": {"uv": [6.75, 4, 9.55, 11.1], "texture": "#4"},
				"south": {"uv": [0, 0, 2, 1.4], "texture": "#4"},
				"west": {"uv": [8.25, 4, 11.05, 11.6], "texture": "#4"},
				"up": {"uv": [0, 0, 6.8, 4.6], "rotation": 90, "texture": "#4"},
				"down": {"uv": [0, 0, 2, 1.4], "texture": "#4"}
			}
		},
		{
			"name": "Back",
			"from": [7.385, 4, 16.23],
			"to": [8.585, 6, 17.23],
			"rotation": {"angle": 22.5, "axis": "x", "origin": [8.10393, 5.85777, 14.24832]},
			"faces": {
				"north": {"uv": [4.75, 6.5, 11.55, 11.1], "rotation": 90, "texture": "#4"},
				"east": {"uv": [6.75, 4.25, 9.55, 11.35], "texture": "#4"},
				"south": {"uv": [0, 0, 2, 1.4], "texture": "#4"},
				"west": {"uv": [13, 3, 15.8, 10.6], "texture": "#4"},
				"up": {"uv": [0, 0, 6.8, 4.6], "rotation": 90, "texture": "#4"},
				"down": {"uv": [0, 0, 2, 1.4], "texture": "#4"}
			}
		},
		{
			"name": "Back",
			"from": [7.36, 5.32, 9.9],
			"to": [8.66, 5.52, 13.1],
			"rotation": {"angle": 0, "axis": "x", "origin": [8.10393, 6.85777, 7.24832]},
			"faces": {
				"north": {"uv": [0, 0, 6.8, 4.6], "rotation": 90, "texture": "#4"},
				"east": {"uv": [3.75, 4, 9.05, 9.6], "texture": "#4"},
				"south": {"uv": [0, 0, 2, 1.4], "texture": "#4"},
				"west": {"uv": [5.75, 5.75, 11.05, 11.35], "texture": "#4"},
				"up": {"uv": [0, 0, 6.8, 4.6], "rotation": 90, "texture": "#4"},
				"down": {"uv": [0, 0, 2, 1.4], "texture": "#4"}
			}
		},
		{
			"name": "Back",
			"from": [7.36, 4.32, 9.9],
			"to": [8.66, 4.52, 13.15],
			"rotation": {"angle": 0, "axis": "x", "origin": [8.10393, 5.85777, 7.24832]},
			"faces": {
				"north": {"uv": [0, 0, 6.8, 4.6], "rotation": 90, "texture": "#4"},
				"east": {"uv": [3.75, 4, 9.05, 9.6], "texture": "#4"},
				"south": {"uv": [0, 0, 2, 1.4], "texture": "#4"},
				"west": {"uv": [5.75, 5.75, 11.05, 11.35], "texture": "#4"},
				"up": {"uv": [0, 0, 6.8, 4.6], "rotation": 90, "texture": "#4"},
				"down": {"uv": [0, 0, 2, 1.4], "texture": "#4"}
			}
		},
		{
			"name": "Back",
			"from": [7.36, 1.32, 10.1],
			"to": [8.66, 1.52, 13.3],
			"rotation": {"angle": -22.5, "axis": "x", "origin": [8.10393, 2.85777, 7.24832]},
			"faces": {
				"north": {"uv": [0, 0, 6.8, 4.6], "rotation": 90, "texture": "#4"},
				"east": {"uv": [3.75, 4, 9.05, 9.6], "texture": "#4"},
				"south": {"uv": [0, 0, 2, 1.4], "texture": "#4"},
				"west": {"uv": [5.75, 5.75, 11.05, 11.35], "texture": "#4"},
				"up": {"uv": [0, 0, 6.8, 4.6], "rotation": 90, "texture": "#4"},
				"down": {"uv": [0, 0, 2, 1.4], "texture": "#4"}
			}
		},
		{
			"name": "Back",
			"from": [7.36, 2.3, 10.1],
			"to": [8.66, 2.5, 12.3],
			"rotation": {"angle": -22.5, "axis": "x", "origin": [8.10393, 2.85777, 7.24832]},
			"faces": {
				"north": {"uv": [0, 0, 6.8, 4.6], "rotation": 90, "texture": "#4"},
				"east": {"uv": [3.75, 4, 9.05, 9.6], "texture": "#4"},
				"south": {"uv": [0, 0, 2, 1.4], "texture": "#4"},
				"west": {"uv": [5.75, 5.75, 11.05, 11.35], "texture": "#4"},
				"up": {"uv": [0, 0, 6.8, 4.6], "rotation": 90, "texture": "#4"},
				"down": {"uv": [0, 0, 2, 1.4], "texture": "#4"}
			}
		},
		{
			"name": "Back",
			"from": [7.36, -0.6, 11.4],
			"to": [8.66, -0.4, 14.5],
			"rotation": {"angle": -22.5, "axis": "x", "origin": [8.10393, -0.14223, 8.24832]},
			"faces": {
				"north": {"uv": [0, 0, 6.8, 4.6], "rotation": 90, "texture": "#4"},
				"east": {"uv": [3.75, 4, 9.05, 9.6], "texture": "#4"},
				"south": {"uv": [0, 0, 2, 1.4], "texture": "#4"},
				"west": {"uv": [5.75, 5.75, 11.05, 11.35], "texture": "#4"},
				"up": {"uv": [0, 0, 6.8, 4.6], "rotation": 90, "texture": "#4"},
				"down": {"uv": [0, 0, 2, 1.4], "texture": "#4"}
			}
		},
		{
			"name": "Back",
			"from": [7.36, 0.38, 10.1],
			"to": [8.66, 0.58, 13.3],
			"rotation": {"angle": -22.5, "axis": "x", "origin": [8.10393, 2.85777, 7.24832]},
			"faces": {
				"north": {"uv": [0, 0, 6.8, 4.6], "rotation": 90, "texture": "#4"},
				"east": {"uv": [3.75, 4, 9.05, 9.6], "texture": "#4"},
				"south": {"uv": [0, 0, 2, 1.4], "texture": "#4"},
				"west": {"uv": [5.75, 5.75, 11.05, 11.35], "texture": "#4"},
				"up": {"uv": [0, 0, 6.8, 4.6], "rotation": 90, "texture": "#4"},
				"down": {"uv": [0, 0, 2, 1.4], "texture": "#4"}
			}
		}
	],
	"display": {
		"thirdperson_righthand": {
			"rotation": [-180, 0, -180],
			"translation": [0.25, 1.75, 8.75],
			"scale": [0.8, 0.8, 0.8]
		},
		"thirdperson_lefthand": {
			"scale": [0, 0, 0]
		},
		"firstperson_righthand": {
			"rotation": [-176, 0, 180],
			"translation": [-4.5, 5, 8],
			"scale": [1.06, 1.17, 0.98]
		},
		"firstperson_lefthand": {
			"rotation": [0, 180, 0],
			"translation": [-3.25, 6.25, 7]
		},
		"ground": {
			"rotation": [0, 0, -81],
			"translation": [0.25, 2.25, -10],
			"scale": [0.81, 0.8, 0.87]
		},
		"gui": {
			"rotation": [-90, 51, 100],
			"translation": [-5.25, -1.75, 0.5],
			"scale": [0.12, 0.72, 0.68]
		},
		"fixed": {
			"rotation": [0, 90, 1],
			"translation": [-16, 2.25, -1],
			"scale": [1.36, 1.66, 1.82]
		}
	}
}