{
	"credit": "Made with Blockbench",
    "gui_light": "front",
	"textures": {
		"2": "item/custom_item/axe_shot_ranged"
	},
	"elements": [
		{
			"name": "grip",
			"from": [7, -0.99004, 17.99773],
			"to": [9, 4.00996, 18.99773],
			"rotation": {"angle": 0, "axis": "x", "origin": [7.99469, 2.62885, 2.61889]},
			"faces": {
				"north": {"uv": [3.75, 0.25, 4.25, 1.5], "texture": "#2"},
				"east": {"uv": [3.5, 0.25, 3.75, 1.5], "texture": "#2"},
				"south": {"uv": [4.5, 0.25, 5, 1.5], "texture": "#2"},
				"west": {"uv": [4.25, 0.25, 4.5, 1.5], "texture": "#2"},
				"up": {"uv": [4.25, 0.25, 3.75, 0], "texture": "#2"},
				"down": {"uv": [4.75, 0, 4.25, 0.25], "texture": "#2"}
			}
		},
		{
			"name": "grip2",
			"from": [7.51221, -10.53681, 11.37057],
			"to": [8.51221, -5.53681, 12.37057],
			"rotation": {"angle": -45, "axis": "x", "origin": [7.99469, 2.62885, 2.61889]},
			"faces": {
				"north": {"uv": [5.75, 7.25, 6, 8.5], "texture": "#2"},
				"east": {"uv": [5.5, 7.25, 5.75, 8.5], "texture": "#2"},
				"south": {"uv": [6.25, 7.25, 6.5, 8.5], "texture": "#2"},
				"west": {"uv": [6, 7.25, 6.25, 8.5], "texture": "#2"},
				"up": {"uv": [6, 7.25, 5.75, 7], "texture": "#2"},
				"down": {"uv": [6.25, 7, 6, 7.25], "texture": "#2"}
			}
		},
		{
			"name": "grip3",
			"from": [7.01048, 2.00122, 7.99773],
			"to": [9.01048, 4.00122, 17.99773],
			"rotation": {"angle": 0, "axis": "x", "origin": [7.99469, 2.62885, 2.61889]},
			"faces": {
				"north": {"uv": [2.5, 2.5, 3, 3], "texture": "#2"},
				"east": {"uv": [0, 2.5, 2.5, 3], "texture": "#2"},
				"south": {"uv": [5.5, 2.5, 6, 3], "texture": "#2"},
				"west": {"uv": [3, 2.5, 5.5, 3], "texture": "#2"},
				"up": {"uv": [3, 2.5, 2.5, 0], "texture": "#2"},
				"down": {"uv": [3.5, 0, 3, 2.5], "texture": "#2"}
			}
		},
		{
			"name": "grip4",
			"from": [7.51048, 0.00122, 7.99773],
			"to": [8.51048, 2.00122, 10.99773],
			"rotation": {"angle": 0, "axis": "x", "origin": [7.99469, 2.62885, 2.61889]},
			"faces": {
				"north": {"uv": [2.5, 6.5, 2.75, 7], "texture": "#2"},
				"east": {"uv": [1.75, 6.5, 2.5, 7], "texture": "#2"},
				"south": {"uv": [3.5, 6.5, 3.75, 7], "texture": "#2"},
				"west": {"uv": [2.75, 6.5, 3.5, 7], "texture": "#2"},
				"up": {"uv": [2.75, 6.5, 2.5, 5.75], "texture": "#2"},
				"down": {"uv": [3, 5.75, 2.75, 6.5], "texture": "#2"}
			}
		},
		{
			"name": "grip5",
			"from": [7.51048, -4.5899, 7.95272],
			"to": [8.51048, -3.5899, 8.95272],
			"rotation": {"angle": -45, "axis": "x", "origin": [7.99469, 2.62885, 2.61889]},
			"faces": {
				"north": {"uv": [1.25, 2.25, 1.5, 2.5], "texture": "#2"},
				"east": {"uv": [1, 2.25, 1.25, 2.5], "texture": "#2"},
				"south": {"uv": [1.75, 2.25, 2, 2.5], "texture": "#2"},
				"west": {"uv": [1.5, 2.25, 1.75, 2.5], "texture": "#2"},
				"up": {"uv": [1.5, 2.25, 1.25, 2], "texture": "#2"},
				"down": {"uv": [1.75, 2, 1.5, 2.25], "texture": "#2"}
			}
		},
		{
			"name": "grip6",
			"from": [7.51048, -0.96444, 12.45372],
			"to": [8.51048, 2.03556, 14.45372],
			"rotation": {"angle": -22.5, "axis": "x", "origin": [8.02951, 1.28871, 12.19026]},
			"faces": {
				"north": {"uv": [3, 7.5, 3.25, 8.25], "texture": "#2"},
				"east": {"uv": [2.5, 7.5, 3, 8.25], "texture": "#2"},
				"south": {"uv": [3.75, 7.5, 4, 8.25], "texture": "#2"},
				"west": {"uv": [3.25, 7.5, 3.75, 8.25], "texture": "#2"},
				"up": {"uv": [3.25, 7.5, 3, 7], "texture": "#2"},
				"down": {"uv": [3.5, 7, 3.25, 7.5], "texture": "#2"}
			}
		},
		{
			"name": "grip7",
			"from": [7.51048, -1.96444, 12.45372],
			"to": [8.51048, -0.96444, 13.45372],
			"rotation": {"angle": -22.5, "axis": "x", "origin": [8.02951, 1.28871, 12.19026]},
			"faces": {
				"north": {"uv": [0.25, 2.25, 0.5, 2.5], "texture": "#2"},
				"east": {"uv": [0, 2.25, 0.25, 2.5], "texture": "#2"},
				"south": {"uv": [0.75, 2.25, 1, 2.5], "texture": "#2"},
				"west": {"uv": [0.5, 2.25, 0.75, 2.5], "texture": "#2"},
				"up": {"uv": [0.5, 2.25, 0.25, 2], "texture": "#2"},
				"down": {"uv": [0.75, 2, 0.5, 2.25], "texture": "#2"}
			}
		},
		{
			"from": [7.51048, 2.00122, 4.99773],
			"to": [8.51048, 4.00122, 9.99773],
			"rotation": {"angle": 0, "axis": "x", "origin": [7.99469, 2.62885, 7.61889]},
			"faces": {
				"north": {"uv": [6.75, 3.25, 7, 3.75], "texture": "#2"},
				"east": {"uv": [5.5, 3.25, 6.75, 3.75], "texture": "#2"},
				"south": {"uv": [8.25, 3.25, 8.5, 3.75], "texture": "#2"},
				"west": {"uv": [7, 3.25, 8.25, 3.75], "texture": "#2"},
				"up": {"uv": [7, 3.25, 6.75, 2], "texture": "#2"},
				"down": {"uv": [7.25, 2, 7, 3.25], "texture": "#2"}
			}
		},
		{
			"from": [7.51048, 4.00122, 4.99773],
			"to": [8.51048, 5.00122, 11.99773],
			"rotation": {"angle": 0, "axis": "x", "origin": [7.99469, 2.62885, 3.61889]},
			"faces": {
				"north": {"uv": [5.25, 1.75, 5.5, 2], "texture": "#2"},
				"east": {"uv": [3.5, 1.75, 5.25, 2], "texture": "#2"},
				"south": {"uv": [7.25, 1.75, 7.5, 2], "texture": "#2"},
				"west": {"uv": [5.5, 1.75, 7.25, 2], "texture": "#2"},
				"up": {"uv": [5.5, 1.75, 5.25, 0], "texture": "#2"},
				"down": {"uv": [5.75, 0, 5.5, 1.75], "texture": "#2"}
			}
		},
		{
			"from": [6.51048, 2.00122, 5.99773],
			"to": [7.51048, 4.00122, 7.99773],
			"rotation": {"angle": 0, "axis": "x", "origin": [7.99469, 2.62885, 2.61889]},
			"faces": {
				"north": {"uv": [4.5, 7.5, 4.75, 8], "texture": "#2"},
				"east": {"uv": [4, 7.5, 4.5, 8], "texture": "#2"},
				"south": {"uv": [5.25, 7.5, 5.5, 8], "texture": "#2"},
				"west": {"uv": [4.75, 7.5, 5.25, 8], "texture": "#2"},
				"up": {"uv": [4.75, 7.5, 4.5, 7], "texture": "#2"},
				"down": {"uv": [5, 7, 4.75, 7.5], "texture": "#2"}
			}
		},
		{
			"from": [6.51048, 2.00122, 7.99773],
			"to": [7.51048, 3.00122, 10.99773],
			"rotation": {"angle": 0, "axis": "x", "origin": [7.99469, 2.62885, 2.61889]},
			"faces": {
				"north": {"uv": [7.25, 6, 7.5, 6.25], "texture": "#2"},
				"east": {"uv": [6.5, 6, 7.25, 6.25], "texture": "#2"},
				"south": {"uv": [8.25, 6, 8.5, 6.25], "texture": "#2"},
				"west": {"uv": [7.5, 6, 8.25, 6.25], "texture": "#2"},
				"up": {"uv": [7.5, 6, 7.25, 5.25], "texture": "#2"},
				"down": {"uv": [7.75, 5.25, 7.5, 6], "texture": "#2"}
			}
		},
		{
			"from": [8.51048, 2.00122, 5.99773],
			"to": [9.51048, 4.00122, 7.99773],
			"rotation": {"angle": 0, "axis": "x", "origin": [7.99469, 2.62885, 2.61889]},
			"faces": {
				"north": {"uv": [4.25, 6.25, 4.5, 6.75], "texture": "#2"},
				"east": {"uv": [3.75, 6.25, 4.25, 6.75], "texture": "#2"},
				"south": {"uv": [5, 6.25, 5.25, 6.75], "texture": "#2"},
				"west": {"uv": [4.5, 6.25, 5, 6.75], "texture": "#2"},
				"up": {"uv": [4.5, 6.25, 4.25, 5.75], "texture": "#2"},
				"down": {"uv": [4.75, 5.75, 4.5, 6.25], "texture": "#2"}
			}
		},
		{
			"from": [8.51048, 2.00122, 7.99773],
			"to": [9.51048, 3.00122, 10.99773],
			"rotation": {"angle": 0, "axis": "x", "origin": [7.99469, 2.62885, 2.61889]},
			"faces": {
				"north": {"uv": [6.5, 0.75, 6.75, 1], "texture": "#2"},
				"east": {"uv": [5.75, 0.75, 6.5, 1], "texture": "#2"},
				"south": {"uv": [7.5, 0.75, 7.75, 1], "texture": "#2"},
				"west": {"uv": [6.75, 0.75, 7.5, 1], "texture": "#2"},
				"up": {"uv": [6.75, 0.75, 6.5, 0], "texture": "#2"},
				"down": {"uv": [7, 0, 6.75, 0.75], "texture": "#2"}
			}
		},
		{
			"from": [7.01048, 2.00122, 1.99773],
			"to": [9.01048, 5.00122, 3.99773],
			"rotation": {"angle": 0, "axis": "x", "origin": [7.99469, 2.62885, 7.61889]},
			"faces": {
				"north": {"uv": [3.5, 3.5, 4, 4.25], "texture": "#2"},
				"east": {"uv": [3, 3.5, 3.5, 4.25], "texture": "#2"},
				"south": {"uv": [4.5, 3.5, 5, 4.25], "texture": "#2"},
				"west": {"uv": [4, 3.5, 4.5, 4.25], "texture": "#2"},
				"up": {"uv": [4, 3.5, 3.5, 3], "texture": "#2"},
				"down": {"uv": [4.5, 3, 4, 3.5], "texture": "#2"}
			}
		},
		{
			"from": [6.01048, 1.00122, 1.99773],
			"to": [7.01048, 5.00122, 5.99773],
			"rotation": {"angle": 0, "axis": "x", "origin": [7.99469, 2.62885, 7.61889]},
			"faces": {
				"north": {"uv": [1, 4, 1.25, 5], "texture": "#2"},
				"east": {"uv": [0, 4, 1, 5], "texture": "#2"},
				"south": {"uv": [2.25, 4, 2.5, 5], "texture": "#2"},
				"west": {"uv": [1.25, 4, 2.25, 5], "texture": "#2"},
				"up": {"uv": [1.25, 4, 1, 3], "texture": "#2"},
				"down": {"uv": [1.5, 3, 1.25, 4], "texture": "#2"}
			}
		},
		{
			"from": [9.01048, 1.00122, 1.99773],
			"to": [10.01048, 5.00122, 5.99773],
			"rotation": {"angle": 0, "axis": "x", "origin": [7.99469, 2.62885, 7.61889]},
			"faces": {
				"north": {"uv": [1, 1, 1.25, 2], "texture": "#2"},
				"east": {"uv": [0, 1, 1, 2], "texture": "#2"},
				"south": {"uv": [2.25, 1, 2.5, 2], "texture": "#2"},
				"west": {"uv": [1.25, 1, 2.25, 2], "texture": "#2"},
				"up": {"uv": [1.25, 1, 1, 0], "texture": "#2"},
				"down": {"uv": [1.5, 0, 1.25, 1], "texture": "#2"}
			}
		},
		{
			"from": [7.00961, 5.02396, 3.03494],
			"to": [9.00961, 6.02396, 6.03494],
			"rotation": {"angle": 0, "axis": "x", "origin": [8.00614, 5.53177, 4.53061]},
			"faces": {
				"north": {"uv": [6.25, 4.5, 6.75, 4.75], "texture": "#2"},
				"east": {"uv": [5.5, 4.5, 6.25, 4.75], "texture": "#2"},
				"south": {"uv": [7.5, 4.5, 8, 4.75], "texture": "#2"},
				"west": {"uv": [6.75, 4.5, 7.5, 4.75], "texture": "#2"},
				"up": {"uv": [6.75, 4.5, 6.25, 3.75], "texture": "#2"},
				"down": {"uv": [7.25, 3.75, 6.75, 4.5], "texture": "#2"}
			}
		},
		{
			"from": [7.51048, 2.00122, 0.99773],
			"to": [8.51048, 5.00122, 1.99773],
			"rotation": {"angle": 0, "axis": "x", "origin": [7.99469, 2.62885, 7.61889]},
			"faces": {
				"north": {"uv": [0.25, 0.25, 0.5, 1], "texture": "#2"},
				"east": {"uv": [0, 0.25, 0.25, 1], "texture": "#2"},
				"south": {"uv": [0.75, 0.25, 1, 1], "texture": "#2"},
				"west": {"uv": [0.5, 0.25, 0.75, 1], "texture": "#2"},
				"up": {"uv": [0.5, 0.25, 0.25, 0], "texture": "#2"},
				"down": {"uv": [0.75, 0, 0.5, 0.25], "texture": "#2"}
			}
		},
		{
			"from": [7.51048, 2.00122, -0.00227],
			"to": [8.51048, 4.00122, 0.99773],
			"rotation": {"angle": 0, "axis": "x", "origin": [7.99469, 2.62885, 7.61889]},
			"faces": {
				"north": {"uv": [1.75, 0.25, 2, 0.75], "texture": "#2"},
				"east": {"uv": [1.5, 0.25, 1.75, 0.75], "texture": "#2"},
				"south": {"uv": [2.25, 0.25, 2.5, 0.75], "texture": "#2"},
				"west": {"uv": [2, 0.25, 2.25, 0.75], "texture": "#2"},
				"up": {"uv": [2, 0.25, 1.75, 0], "texture": "#2"},
				"down": {"uv": [2.25, 0, 2, 0.25], "texture": "#2"}
			}
		},
		{
			"name": "axe",
			"from": [7.01048, 1.00122, 0.99773],
			"to": [9.01048, 2.00122, 6.99773],
			"rotation": {"angle": 0, "axis": "x", "origin": [7.99469, 3.62885, 7.61889]},
			"faces": {
				"north": {"uv": [5.5, 6.75, 6, 7], "texture": "#2"},
				"east": {"uv": [4, 6.75, 5.5, 7], "texture": "#2"},
				"south": {"uv": [7.5, 6.75, 8, 7], "texture": "#2"},
				"west": {"uv": [6, 6.75, 7.5, 7], "texture": "#2"},
				"up": {"uv": [6, 6.75, 5.5, 5.25], "texture": "#2"},
				"down": {"uv": [6.5, 5.25, 6, 6.75], "texture": "#2"}
			}
		},
		{
			"name": "axe",
			"from": [7.5, 1.00996, -2.00227],
			"to": [8.5, 2.00996, 7.99773],
			"rotation": {"angle": 0, "axis": "x", "origin": [7.99469, 4.62885, 7.61889]},
			"faces": {
				"north": {"uv": [2.5, 5.5, 2.75, 5.75], "texture": "#2"},
				"east": {"uv": [0, 5.5, 2.5, 5.75], "texture": "#2"},
				"south": {"uv": [5.25, 5.5, 5.5, 5.75], "texture": "#2"},
				"west": {"uv": [2.75, 5.5, 5.25, 5.75], "texture": "#2"},
				"up": {"uv": [2.75, 5.5, 2.5, 3], "texture": "#2"},
				"down": {"uv": [3, 3, 2.75, 5.5], "texture": "#2"}
			}
		},
		{
			"name": "axe",
			"from": [7.5, 0.00996, -1.00227],
			"to": [8.5, 1.00996, 6.99773],
			"rotation": {"angle": 0, "axis": "x", "origin": [7.99469, 4.62885, 7.61889]},
			"faces": {
				"north": {"uv": [5, 5, 5.25, 5.25], "texture": "#2"},
				"east": {"uv": [3, 5, 5, 5.25], "texture": "#2"},
				"south": {"uv": [7.25, 5, 7.5, 5.25], "texture": "#2"},
				"west": {"uv": [5.25, 5, 7.25, 5.25], "texture": "#2"},
				"up": {"uv": [5.25, 5, 5, 3], "texture": "#2"},
				"down": {"uv": [5.5, 3, 5.25, 5], "texture": "#2"}
			}
		},
		{
			"name": "axe",
			"from": [7.5, -0.99004, 0.99773],
			"to": [8.5, 0.00996, 5.99773],
			"rotation": {"angle": 0, "axis": "x", "origin": [7.99469, 4.62885, 7.61889]},
			"faces": {
				"north": {"uv": [1.25, 7, 1.5, 7.25], "texture": "#2"},
				"east": {"uv": [0, 7, 1.25, 7.25], "texture": "#2"},
				"south": {"uv": [2.75, 7, 3, 7.25], "texture": "#2"},
				"west": {"uv": [1.5, 7, 2.75, 7.25], "texture": "#2"},
				"up": {"uv": [1.5, 7, 1.25, 5.75], "texture": "#2"},
				"down": {"uv": [1.75, 5.75, 1.5, 7], "texture": "#2"}
			}
		}
	],
	"display": {
		"thirdperson_righthand": {
			"translation": [0, 6.25, -3]
		},
		"thirdperson_lefthand": {
			"translation": [0, 6.25, -3]
		},
		"firstperson_righthand": {
			"rotation": [5, 0, 0],
			"translation": [2, 8.5, 0]
		},
		"firstperson_lefthand": {
			"rotation": [5, 0, 0],
			"translation": [2, 8.5, 0]
		},
		"ground": {
			"translation": [0, 4, 0],
			"scale": [0.7, 0.7, 0.7]
		},
		"gui": {
			"rotation": [-90, 135, 90],
			"translation": [3.5, 3.5, 0],
			"scale": [0.8, 0.8, 0.8]
		},
		"head": {
			"translation": [0, 3.5, -2.75],
			"scale": [1.6, 1.6, 1.6]
		},
		"fixed": {
			"rotation": [-90, -135, -90],
			"translation": [-2.5, 3, 0],
			"scale": [0.75, 0.75, 0.75]
		}
	}
}