{
	"credit": "Made with Blockbench",
	"gui_light": "front",
	"textures": {
		"1": "item/custom_item/drone_blade"
	},
	"elements": [
		{
			"from": [7.4375, 1.71875, 7],
			"to": [9.4375, 7.71875, 9],
			"rotation": {"angle": 0, "axis": "y", "origin": [7.98902, 13.99922, 7.9898]},
			"faces": {
				"north": {"uv": [1, 6.5, 1.5, 8], "texture": "#1"},
				"east": {"uv": [0.5, 6.5, 1, 8], "texture": "#1"},
				"south": {"uv": [0, 6.5, 0.5, 8], "texture": "#1"},
				"west": {"uv": [1.5, 6.5, 2, 8], "texture": "#1"},
				"up": {"uv": [1, 6.5, 0.5, 6], "rotation": 90, "texture": "#1"},
				"down": {"uv": [1.5, 6, 1, 6.5], "rotation": 270, "texture": "#1"}
			}
		},
		{
			"from": [6.9375, 20.71875, 7],
			"to": [8.9375, 24.71875, 9],
			"rotation": {"angle": 0, "axis": "y", "origin": [7.98902, 13.99922, 7.9898]},
			"faces": {
				"north": {"uv": [7.25, 2, 7.75, 3], "texture": "#1"},
				"east": {"uv": [6.75, 2, 7.25, 3], "texture": "#1"},
				"south": {"uv": [6.25, 2, 6.75, 3], "texture": "#1"},
				"west": {"uv": [7.75, 2, 8.25, 3], "texture": "#1"},
				"up": {"uv": [7.25, 2, 6.75, 1.5], "rotation": 90, "texture": "#1"},
				"down": {"uv": [7.75, 1.5, 7.25, 2], "rotation": 270, "texture": "#1"}
			}
		},
		{
			"from": [6.9375, 22.71875, 7],
			"to": [7.9375, 26.71875, 9],
			"rotation": {"angle": 0, "axis": "y", "origin": [7.98902, 13.99922, 7.9898]},
			"faces": {
				"north": {"uv": [0.75, 0.25, 1, 1.25], "texture": "#1"},
				"east": {"uv": [0.25, 0.25, 0.75, 1.25], "texture": "#1"},
				"south": {"uv": [0, 0.25, 0.25, 1.25], "texture": "#1"},
				"west": {"uv": [1, 0.25, 1.5, 1.25], "texture": "#1"},
				"up": {"uv": [0.75, 0.25, 0.25, 0], "rotation": 90, "texture": "#1"},
				"down": {"uv": [1.25, 0, 0.75, 0.25], "rotation": 270, "texture": "#1"}
			}
		},
		{
			"from": [6.9375, 9.71875, 7],
			"to": [9.9375, 22.71875, 9],
			"rotation": {"angle": 0, "axis": "y", "origin": [7.98902, 13.99922, 7.9898]},
			"faces": {
				"north": {"uv": [1.25, 2.75, 2, 6], "texture": "#1"},
				"east": {"uv": [0.75, 2.75, 1.25, 6], "texture": "#1"},
				"south": {"uv": [0, 2.75, 0.75, 6], "texture": "#1"},
				"west": {"uv": [2, 2.75, 2.5, 6], "texture": "#1"},
				"up": {"uv": [1.25, 2.75, 0.75, 2], "rotation": 90, "texture": "#1"},
				"down": {"uv": [1.75, 2, 1.25, 2.75], "rotation": 270, "texture": "#1"}
			}
		},
		{
			"from": [5.4375, 7.71875, 6],
			"to": [11.4375, 9.71875, 10],
			"rotation": {"angle": 0, "axis": "y", "origin": [7.98902, 13.99922, 7.9898]},
			"faces": {
				"north": {"uv": [2.5, 1.5, 4, 2], "texture": "#1"},
				"east": {"uv": [1.5, 1.5, 2.5, 2], "texture": "#1"},
				"south": {"uv": [0, 1.5, 1.5, 2], "texture": "#1"},
				"west": {"uv": [4, 1.5, 5, 2], "texture": "#1"},
				"up": {"uv": [2.5, 1.5, 1.5, 0], "rotation": 90, "texture": "#1"},
				"down": {"uv": [3.5, 0, 2.5, 1.5], "rotation": 270, "texture": "#1"}
			}
		},
		{
			"from": [6.4375, 8.21875, 5.5],
			"to": [10.4375, 9.21875, 10.5],
			"rotation": {"angle": 0, "axis": "y", "origin": [7.98902, 13.99922, 7.9898]},
			"faces": {
				"north": {"uv": [5.75, 4.5, 6.75, 4.75], "texture": "#1"},
				"east": {"uv": [4.5, 4.5, 5.75, 4.75], "texture": "#1"},
				"south": {"uv": [3.5, 4.5, 4.5, 4.75], "texture": "#1"},
				"west": {"uv": [6.75, 4.5, 8, 4.75], "texture": "#1"},
				"up": {"uv": [5.75, 4.5, 4.5, 3.5], "rotation": 90, "texture": "#1"},
				"down": {"uv": [7, 3.5, 5.75, 4.5], "rotation": 270, "texture": "#1"}
			}
		},
		{
			"from": [3.4375, 7.21875, 7],
			"to": [6.4375, 10.21875, 9],
			"rotation": {"angle": 22.5, "axis": "z", "origin": [5.49922, 8.71875, 8.04132]},
			"faces": {
				"north": {"uv": [7, 7, 7.75, 7.75], "texture": "#1"},
				"east": {"uv": [6.5, 7, 7, 7.75], "texture": "#1"},
				"south": {"uv": [5.75, 7, 6.5, 7.75], "texture": "#1"},
				"west": {"uv": [7.75, 7, 8.25, 7.75], "texture": "#1"},
				"up": {"uv": [7, 7, 6.5, 6.25], "rotation": 90, "texture": "#1"},
				"down": {"uv": [7.5, 6.25, 7, 7], "rotation": 270, "texture": "#1"}
			}
		},
		{
			"from": [2.4375, 7.21875, 7.5],
			"to": [3.4375, 10.21875, 8.5],
			"rotation": {"angle": 22.5, "axis": "z", "origin": [5.49922, 8.71875, 8.04132]},
			"faces": {
				"north": {"uv": [4, 3.75, 4.25, 4.5], "texture": "#1"},
				"east": {"uv": [3.75, 3.75, 4, 4.5], "texture": "#1"},
				"south": {"uv": [3.5, 3.75, 3.75, 4.5], "texture": "#1"},
				"west": {"uv": [4.25, 3.75, 4.5, 4.5], "texture": "#1"},
				"up": {"uv": [4, 3.75, 3.75, 3.5], "rotation": 90, "texture": "#1"},
				"down": {"uv": [4.25, 3.5, 4, 3.75], "rotation": 270, "texture": "#1"}
			}
		},
		{
			"from": [11.4375, 1.71875, 6.5],
			"to": [12.4375, 9.71875, 9.5],
			"rotation": {"angle": 0, "axis": "y", "origin": [7.98902, 13.99922, 7.9898]},
			"faces": {
				"north": {"uv": [5.5, 5, 5.75, 7], "texture": "#1"},
				"east": {"uv": [4.75, 5, 5.5, 7], "texture": "#1"},
				"south": {"uv": [4.5, 5, 4.75, 7], "texture": "#1"},
				"west": {"uv": [5.75, 5, 6.5, 7], "texture": "#1"},
				"up": {"uv": [5.5, 5, 4.75, 4.75], "rotation": 90, "texture": "#1"},
				"down": {"uv": [6.25, 4.75, 5.5, 5], "rotation": 270, "texture": "#1"}
			}
		},
		{
			"from": [6.4375, 0.71875, 6.5],
			"to": [11.4375, 1.71875, 9.5],
			"rotation": {"angle": 0, "axis": "y", "origin": [7.98902, 13.99922, 7.9898]},
			"faces": {
				"north": {"uv": [5.5, 1.25, 6.75, 1.5], "texture": "#1"},
				"east": {"uv": [4.75, 1.25, 5.5, 1.5], "texture": "#1"},
				"south": {"uv": [3.5, 1.25, 4.75, 1.5], "texture": "#1"},
				"west": {"uv": [6.75, 1.25, 7.5, 1.5], "texture": "#1"},
				"up": {"uv": [5.5, 1.25, 4.75, 0], "rotation": 90, "texture": "#1"},
				"down": {"uv": [6.25, 0, 5.5, 1.25], "rotation": 270, "texture": "#1"}
			}
		},
		{
			"from": [5.4375, -0.28125, 6.5],
			"to": [10.4375, 0.71875, 9.5],
			"rotation": {"angle": 0, "axis": "y", "origin": [7.98902, 13.99922, 7.9898]},
			"faces": {
				"north": {"uv": [5.5, 3.25, 6.75, 3.5], "texture": "#1"},
				"east": {"uv": [4.75, 3.25, 5.5, 3.5], "texture": "#1"},
				"south": {"uv": [3.5, 3.25, 4.75, 3.5], "texture": "#1"},
				"west": {"uv": [6.75, 3.25, 7.5, 3.5], "texture": "#1"},
				"up": {"uv": [5.5, 3.25, 4.75, 2], "rotation": 90, "texture": "#1"},
				"down": {"uv": [6.25, 2, 5.5, 3.25], "rotation": 270, "texture": "#1"}
			}
		},
		{
			"from": [9.9375, 9.71875, 7.5],
			"to": [10.9375, 23.71875, 8.5],
			"rotation": {"angle": 0, "axis": "y", "origin": [7.98902, 13.99922, 7.9898]},
			"faces": {
				"north": {"uv": [4, 5, 4.25, 8.5], "texture": "#1"},
				"east": {"uv": [3.75, 5, 4, 8.5], "texture": "#1"},
				"south": {"uv": [3.5, 5, 3.75, 8.5], "texture": "#1"},
				"west": {"uv": [4.25, 5, 4.5, 8.5], "texture": "#1"},
				"up": {"uv": [4, 5, 3.75, 4.75], "rotation": 90, "texture": "#1"},
				"down": {"uv": [4.25, 4.75, 4, 5], "rotation": 270, "texture": "#1"}
			}
		},
		{
			"from": [8.9375, 22.71875, 7.5],
			"to": [9.9375, 25.71875, 8.5],
			"rotation": {"angle": 0, "axis": "y", "origin": [7.98902, 13.99922, 7.9898]},
			"faces": {
				"north": {"uv": [5, 7.25, 5.25, 8.5], "texture": "#1"},
				"east": {"uv": [4.75, 7.25, 5, 8.5], "texture": "#1"},
				"south": {"uv": [4.5, 7.25, 4.75, 8.5], "texture": "#1"},
				"west": {"uv": [5.25, 7.25, 5.5, 8.5], "texture": "#1"},
				"up": {"uv": [5, 7.25, 4.75, 7], "rotation": 90, "texture": "#1"},
				"down": {"uv": [5.25, 7, 5, 7.25], "rotation": 270, "texture": "#1"}
			}
		},
		{
			"from": [7.9375, 22.71875, 7.5],
			"to": [8.9375, 27.71875, 8.5],
			"rotation": {"angle": 0, "axis": "y", "origin": [7.98902, 13.99922, 7.9898]},
			"faces": {
				"north": {"uv": [7, 5, 7.25, 6.25], "texture": "#1"},
				"east": {"uv": [6.75, 5, 7, 6.25], "texture": "#1"},
				"south": {"uv": [6.5, 5, 6.75, 6.25], "texture": "#1"},
				"west": {"uv": [7.25, 5, 7.5, 6.25], "texture": "#1"},
				"up": {"uv": [7, 5, 6.75, 4.75], "rotation": 90, "texture": "#1"},
				"down": {"uv": [7.25, 4.75, 7, 5], "rotation": 270, "texture": "#1"}
			}
		},
		{
			"from": [6.9375, 26.71875, 7.5],
			"to": [7.9375, 28.71875, 8.5],
			"rotation": {"angle": 0, "axis": "y", "origin": [7.98902, 13.99922, 7.9898]},
			"faces": {
				"north": {"uv": [4, 0.25, 4.25, 1.25], "texture": "#1"},
				"east": {"uv": [3.75, 0.25, 4, 1.25], "texture": "#1"},
				"south": {"uv": [3.5, 0.25, 3.75, 1.25], "texture": "#1"},
				"west": {"uv": [4.25, 0.25, 4.5, 1.25], "texture": "#1"},
				"up": {"uv": [4, 0.25, 3.75, 0], "rotation": 90, "texture": "#1"},
				"down": {"uv": [4.25, 0, 4, 0.25], "rotation": 270, "texture": "#1"}
			}
		},
		{
			"from": [5.9375, 9.71875, 7.5],
			"to": [6.9375, 29.71875, 8.5],
			"rotation": {"angle": 0, "axis": "y", "origin": [7.98902, 13.99922, 7.9898]},
			"faces": {
				"north": {"uv": [3, 2.75, 3.25, 7.75], "texture": "#1"},
				"east": {"uv": [2.75, 2.75, 3, 7.75], "texture": "#1"},
				"south": {"uv": [2.5, 2.75, 2.75, 7.75], "texture": "#1"},
				"west": {"uv": [3.25, 2.75, 3.5, 7.75], "texture": "#1"},
				"up": {"uv": [3, 2.75, 2.75, 2.5], "rotation": 90, "texture": "#1"},
				"down": {"uv": [3.25, 2.5, 3, 2.75], "rotation": 270, "texture": "#1"}
			}
		}
	],
	"display": {
		"thirdperson_righthand": {
			"rotation": [-10, 90, 0],
			"translation": [0, 1, 2]
		},
		"thirdperson_lefthand": {
			"rotation": [-10, -90, 0],
			"translation": [0, 1, 2]
		},
		"firstperson_righthand": {
			"rotation": [-8, 90, 0],
			"translation": [2.5, 0.5, -1.5],
			"scale": [0.9, 0.9, 0.9]
		},
		"firstperson_lefthand": {
			"rotation": [-8, -90, 0],
			"translation": [2.5, 0.5, -1.5],
			"scale": [0.9, 0.9, 0.9]
		},
		"ground": {
			"rotation": [45, 90, 0],
			"translation": [0, 1.5, 0],
			"scale": [0.5, 0.5, 0.5]
		},
		"gui": {
			"rotation": [0, 180, 45],
			"translation": [-2.75, -2.75, 0],
			"scale": [0.7, 0.7, 0.7]
		},
		"fixed": {
			"rotation": [0, 0, 45],
			"translation": [3, -3.5, 0],
			"scale": [0.75, 0.75, 0.75]
		}
	}
}