{
	"credit": "Made with Blockbench",
	"texture_size": [32, 32],
	"textures": {
		"3": "item/custom_item/ender_glaive/glow",
		"4": "item/custom_item/ender_glaive/texture"
	},
	"elements": [
		{
			"from": [13, 7.75, 1],
			"to": [14, 8.25, 2],
			"rotation": {"angle": 0, "axis": "y", "origin": [8, 8, 8]},
			"faces": {
				"north": {"uv": [0, 0, 0.5, 0.5], "texture": "#3"},
				"east": {"uv": [0, 0, 0.5, 0.5], "texture": "#3"},
				"south": {"uv": [0, 0, 0.5, 0.5], "texture": "#3"},
				"west": {"uv": [0, 0, 0.5, 0.5], "texture": "#3"},
				"up": {"uv": [0, 0, 0.5, 0.5], "texture": "#3"},
				"down": {"uv": [0, 0, 0.5, 0.5], "texture": "#3"}
			}
		},
		{
			"from": [14, 7.75, 2],
			"to": [15, 8.25, 3],
			"rotation": {"angle": 0, "axis": "y", "origin": [8, 8, 8]},
			"faces": {
				"north": {"uv": [0, 0, 0.5, 0.5], "texture": "#3"},
				"east": {"uv": [0, 0, 0.5, 0.5], "texture": "#3"},
				"south": {"uv": [0, 0, 0.5, 0.5], "texture": "#3"},
				"west": {"uv": [0, 0, 0.5, 0.5], "texture": "#3"},
				"up": {"uv": [0, 0, 0.5, 0.5], "texture": "#3"},
				"down": {"uv": [0, 0, 0.5, 0.5], "texture": "#3"}
			}
		},
		{
			"from": [15, 7.75, 3],
			"to": [16, 8.25, 5],
			"rotation": {"angle": 0, "axis": "y", "origin": [8, 8, 8]},
			"faces": {
				"north": {"uv": [0, 0, 0.5, 0.5], "texture": "#3"},
				"east": {"uv": [0, 0, 0.5, 0.5], "texture": "#3"},
				"south": {"uv": [0, 0, 0.5, 0.5], "texture": "#3"},
				"west": {"uv": [0, 0, 0.5, 0.5], "texture": "#3"},
				"up": {"uv": [0, 0, 0.5, 0.5], "texture": "#3"},
				"down": {"uv": [0, 0, 0.5, 0.5], "texture": "#3"}
			}
		},
		{
			"from": [16, 7.75, 5],
			"to": [17, 8.25, 11],
			"rotation": {"angle": 0, "axis": "y", "origin": [8, 8, 8]},
			"faces": {
				"north": {"uv": [0, 0, 0.5, 0.5], "texture": "#3"},
				"east": {"uv": [0, 0, 0.5, 0.5], "texture": "#3"},
				"south": {"uv": [0, 0, 0.5, 0.5], "texture": "#3"},
				"west": {"uv": [0, 0, 0.5, 0.5], "texture": "#3"},
				"up": {"uv": [0, 0, 0.5, 0.5], "texture": "#3"},
				"down": {"uv": [0, 0, 0.5, 0.5], "texture": "#3"}
			}
		},
		{
			"from": [13, 7.75, 14],
			"to": [14, 8.25, 15],
			"rotation": {"angle": 0, "axis": "y", "origin": [8, 8, 8]},
			"faces": {
				"north": {"uv": [0, 0, 0.5, 0.5], "texture": "#3"},
				"east": {"uv": [0, 0, 0.5, 0.5], "texture": "#3"},
				"south": {"uv": [0, 0, 0.5, 0.5], "texture": "#3"},
				"west": {"uv": [0, 0, 0.5, 0.5], "texture": "#3"},
				"up": {"uv": [0, 0, 0.5, 0.5], "rotation": 180, "texture": "#3"},
				"down": {"uv": [0, 0, 0.5, 0.5], "rotation": 180, "texture": "#3"}
			}
		},
		{
			"from": [12, 7.75, 15],
			"to": [13, 8.25, 16],
			"rotation": {"angle": 0, "axis": "y", "origin": [8, 8, 8]},
			"faces": {
				"north": {"uv": [0, 0, 0.5, 0.5], "texture": "#3"},
				"east": {"uv": [0, 0, 0.5, 0.5], "texture": "#3"},
				"south": {"uv": [0, 0, 0.5, 0.5], "texture": "#3"},
				"west": {"uv": [0, 0, 0.5, 0.5], "texture": "#3"},
				"up": {"uv": [0, 0, 0.5, 0.5], "rotation": 180, "texture": "#3"},
				"down": {"uv": [0, 0, 0.5, 0.5], "rotation": 180, "texture": "#3"}
			}
		},
		{
			"from": [12, 7.75, 0],
			"to": [13, 8.25, 1],
			"rotation": {"angle": 0, "axis": "y", "origin": [8, 8, 8]},
			"faces": {
				"north": {"uv": [0, 0, 0.5, 0.5], "texture": "#3"},
				"east": {"uv": [0, 0, 0.5, 0.5], "texture": "#3"},
				"south": {"uv": [0, 0, 0.5, 0.5], "texture": "#3"},
				"west": {"uv": [0, 0, 0.5, 0.5], "texture": "#3"},
				"up": {"uv": [0, 0, 0.5, 0.5], "rotation": 180, "texture": "#3"},
				"down": {"uv": [0, 0, 0.5, 0.5], "rotation": 180, "texture": "#3"}
			}
		},
		{
			"from": [14, 7.75, 13],
			"to": [15, 8.25, 14],
			"rotation": {"angle": 0, "axis": "y", "origin": [8, 8, 8]},
			"faces": {
				"north": {"uv": [0, 0, 0.5, 0.5], "texture": "#3"},
				"east": {"uv": [0, 0, 0.5, 0.5], "texture": "#3"},
				"south": {"uv": [0, 0, 0.5, 0.5], "texture": "#3"},
				"west": {"uv": [0, 0, 0.5, 0.5], "texture": "#3"},
				"up": {"uv": [0, 0, 0.5, 0.5], "rotation": 180, "texture": "#3"},
				"down": {"uv": [0, 0, 0.5, 0.5], "rotation": 180, "texture": "#3"}
			}
		},
		{
			"from": [15, 7.75, 11],
			"to": [16, 8.25, 13],
			"rotation": {"angle": 0, "axis": "y", "origin": [8, 8, 8]},
			"faces": {
				"north": {"uv": [0, 0, 0.5, 0.5], "texture": "#3"},
				"east": {"uv": [0, 0, 0.5, 0.5], "texture": "#3"},
				"south": {"uv": [0, 0, 0.5, 0.5], "texture": "#3"},
				"west": {"uv": [0, 0, 0.5, 0.5], "texture": "#3"},
				"up": {"uv": [0, 0, 0.5, 0.5], "rotation": 180, "texture": "#3"},
				"down": {"uv": [0, 0, 0.5, 0.5], "rotation": 180, "texture": "#3"}
			}
		},
		{
			"from": [3, 7.75, 0],
			"to": [4, 8.25, 1],
			"rotation": {"angle": 0, "axis": "y", "origin": [8, 8, 8]},
			"faces": {
				"north": {"uv": [0, 0, 0.5, 0.5], "texture": "#3"},
				"east": {"uv": [0, 0, 0.5, 0.5], "texture": "#3"},
				"south": {"uv": [0, 0, 0.5, 0.5], "texture": "#3"},
				"west": {"uv": [0, 0, 0.5, 0.5], "texture": "#3"},
				"up": {"uv": [0, 0, 0.5, 0.5], "texture": "#3"},
				"down": {"uv": [0, 0, 0.5, 0.5], "texture": "#3"}
			}
		},
		{
			"from": [2, 7.75, 1],
			"to": [3, 8.25, 2],
			"rotation": {"angle": 0, "axis": "y", "origin": [8, 8, 8]},
			"faces": {
				"north": {"uv": [0, 0, 0.5, 0.5], "texture": "#3"},
				"east": {"uv": [0, 0, 0.5, 0.5], "texture": "#3"},
				"south": {"uv": [0, 0, 0.5, 0.5], "texture": "#3"},
				"west": {"uv": [0, 0, 0.5, 0.5], "texture": "#3"},
				"up": {"uv": [0, 0, 0.5, 0.5], "texture": "#3"},
				"down": {"uv": [0, 0, 0.5, 0.5], "texture": "#3"}
			}
		},
		{
			"from": [1, 7.75, 2],
			"to": [2, 8.25, 3],
			"rotation": {"angle": 0, "axis": "y", "origin": [8, 8, 8]},
			"faces": {
				"north": {"uv": [0, 0, 0.5, 0.5], "texture": "#3"},
				"east": {"uv": [0, 0, 0.5, 0.5], "texture": "#3"},
				"south": {"uv": [0, 0, 0.5, 0.5], "texture": "#3"},
				"west": {"uv": [0, 0, 0.5, 0.5], "texture": "#3"},
				"up": {"uv": [0, 0, 0.5, 0.5], "texture": "#3"},
				"down": {"uv": [0, 0, 0.5, 0.5], "texture": "#3"}
			}
		},
		{
			"from": [0, 7.75, 3],
			"to": [1, 8.25, 5],
			"rotation": {"angle": 0, "axis": "y", "origin": [8, 8, 8]},
			"faces": {
				"north": {"uv": [0, 0, 0.5, 0.5], "texture": "#3"},
				"east": {"uv": [0, 0, 0.5, 0.5], "texture": "#3"},
				"south": {"uv": [0, 0, 0.5, 0.5], "texture": "#3"},
				"west": {"uv": [0, 0, 0.5, 0.5], "texture": "#3"},
				"up": {"uv": [0, 0, 0.5, 0.5], "texture": "#3"},
				"down": {"uv": [0, 0, 0.5, 0.5], "texture": "#3"}
			}
		},
		{
			"from": [-1, 7.75, 5],
			"to": [0, 8.25, 11],
			"rotation": {"angle": 0, "axis": "y", "origin": [8, 8, 8]},
			"faces": {
				"north": {"uv": [0, 0, 0.5, 0.5], "texture": "#3"},
				"east": {"uv": [0, 0, 0.5, 0.5], "texture": "#3"},
				"south": {"uv": [0, 0, 0.5, 0.5], "texture": "#3"},
				"west": {"uv": [0, 0, 0.5, 0.5], "texture": "#3"},
				"up": {"uv": [0, 0, 0.5, 0.5], "rotation": 180, "texture": "#3"},
				"down": {"uv": [0, 0, 0.5, 0.5], "rotation": 180, "texture": "#3"}
			}
		},
		{
			"from": [0, 7.75, 11],
			"to": [1, 8.25, 13],
			"rotation": {"angle": 0, "axis": "y", "origin": [8, 8, 8]},
			"faces": {
				"north": {"uv": [0, 0, 0.5, 0.5], "texture": "#3"},
				"east": {"uv": [0, 0, 0.5, 0.5], "texture": "#3"},
				"south": {"uv": [0, 0, 0.5, 0.5], "texture": "#3"},
				"west": {"uv": [0, 0, 0.5, 0.5], "texture": "#3"},
				"up": {"uv": [0, 0, 0.5, 0.5], "rotation": 180, "texture": "#3"},
				"down": {"uv": [0, 0, 0.5, 0.5], "rotation": 180, "texture": "#3"}
			}
		},
		{
			"from": [1, 7.75, 13],
			"to": [2, 8.25, 14],
			"rotation": {"angle": 0, "axis": "y", "origin": [8, 8, 8]},
			"faces": {
				"north": {"uv": [0, 0, 0.5, 0.5], "texture": "#3"},
				"east": {"uv": [0, 0, 0.5, 0.5], "texture": "#3"},
				"south": {"uv": [0, 0, 0.5, 0.5], "texture": "#3"},
				"west": {"uv": [0, 0, 0.5, 0.5], "texture": "#3"},
				"up": {"uv": [0, 0, 0.5, 0.5], "rotation": 180, "texture": "#3"},
				"down": {"uv": [0, 0, 0.5, 0.5], "rotation": 180, "texture": "#3"}
			}
		},
		{
			"from": [2, 7.75, 14],
			"to": [3, 8.25, 15],
			"rotation": {"angle": 0, "axis": "y", "origin": [8, 8, 8]},
			"faces": {
				"north": {"uv": [0, 0, 0.5, 0.5], "texture": "#3"},
				"east": {"uv": [0, 0, 0.5, 0.5], "texture": "#3"},
				"south": {"uv": [0, 0, 0.5, 0.5], "texture": "#3"},
				"west": {"uv": [0, 0, 0.5, 0.5], "texture": "#3"},
				"up": {"uv": [0, 0, 0.5, 0.5], "rotation": 180, "texture": "#3"},
				"down": {"uv": [0, 0, 0.5, 0.5], "rotation": 180, "texture": "#3"}
			}
		},
		{
			"from": [3, 7.75, 15],
			"to": [4, 8.25, 16],
			"rotation": {"angle": 0, "axis": "y", "origin": [8, 8, 8]},
			"faces": {
				"north": {"uv": [0, 0, 0.5, 0.5], "texture": "#3"},
				"east": {"uv": [0, 0, 0.5, 0.5], "texture": "#3"},
				"south": {"uv": [0, 0, 0.5, 0.5], "texture": "#3"},
				"west": {"uv": [0, 0, 0.5, 0.5], "texture": "#3"},
				"up": {"uv": [0, 0, 0.5, 0.5], "texture": "#3"},
				"down": {"uv": [0, 0, 0.5, 0.5], "texture": "#3"}
			}
		},
		{
			"from": [15, 7.5, 5],
			"to": [16, 8.5, 11],
			"rotation": {"angle": 0, "axis": "y", "origin": [8, 8, 8]},
			"faces": {
				"north": {"uv": [11.5, 9.5, 12, 10], "texture": "#4"},
				"east": {"uv": [6, 1, 9, 1.5], "texture": "#4"},
				"south": {"uv": [12, 0, 12.5, 0.5], "texture": "#4"},
				"west": {"uv": [6, 1.5, 9, 2], "texture": "#4"},
				"up": {"uv": [2.5, 9, 2, 6], "texture": "#4"},
				"down": {"uv": [6.5, 2, 6, 5], "texture": "#4"}
			}
		},
		{
			"from": [14, 7.5, 3],
			"to": [15, 8.5, 5],
			"rotation": {"angle": 0, "axis": "y", "origin": [8, 8, 8]},
			"faces": {
				"north": {"uv": [6.5, 12, 7, 12.5], "texture": "#4"},
				"east": {"uv": [9.5, 8.5, 10.5, 9], "texture": "#4"},
				"south": {"uv": [12, 6.5, 12.5, 7], "texture": "#4"},
				"west": {"uv": [9.5, 9, 10.5, 9.5], "texture": "#4"},
				"up": {"uv": [6.5, 6, 6, 5], "texture": "#4"},
				"down": {"uv": [10, 9.5, 9.5, 10.5], "texture": "#4"}
			}
		},
		{
			"from": [13, 7.5, 2],
			"to": [14, 8.5, 3],
			"rotation": {"angle": 0, "axis": "y", "origin": [8, 8, 8]},
			"faces": {
				"north": {"uv": [7, 12, 7.5, 12.5], "texture": "#4"},
				"east": {"uv": [12, 7, 12.5, 7.5], "texture": "#4"},
				"south": {"uv": [7.5, 12, 8, 12.5], "texture": "#4"},
				"west": {"uv": [12, 7.5, 12.5, 8], "texture": "#4"},
				"up": {"uv": [8.5, 12.5, 8, 12], "texture": "#4"},
				"down": {"uv": [12.5, 8, 12, 8.5], "texture": "#4"}
			}
		},
		{
			"from": [12, 7, 2],
			"to": [13, 9, 3],
			"rotation": {"angle": 0, "axis": "y", "origin": [8, 8, 8]},
			"faces": {
				"north": {"uv": [1.5, 10, 2, 11], "texture": "#4"},
				"east": {"uv": [10, 4, 10.5, 5], "texture": "#4"},
				"south": {"uv": [10, 5, 10.5, 6], "texture": "#4"},
				"west": {"uv": [6.5, 10, 7, 11], "texture": "#4"},
				"up": {"uv": [9, 12.5, 8.5, 12], "texture": "#4"},
				"down": {"uv": [12.5, 8.5, 12, 9], "texture": "#4"}
			}
		},
		{
			"from": [12, 7, 12],
			"to": [13, 9, 14],
			"rotation": {"angle": 0, "axis": "y", "origin": [8, 8, 8]},
			"faces": {
				"north": {"uv": [7.5, 10, 8, 11], "texture": "#4"},
				"east": {"uv": [8, 0, 9, 1], "texture": "#4"},
				"south": {"uv": [8, 10, 8.5, 11], "texture": "#4"},
				"west": {"uv": [8, 4.5, 9, 5.5], "texture": "#4"},
				"up": {"uv": [9, 11, 8.5, 10], "texture": "#4"},
				"down": {"uv": [10.5, 9.5, 10, 10.5], "texture": "#4"}
			}
		},
		{
			"from": [13, 7, 3],
			"to": [14, 9, 9],
			"rotation": {"angle": 0, "axis": "y", "origin": [8, 8, 8]},
			"faces": {
				"north": {"uv": [2, 10.5, 2.5, 11.5], "texture": "#4"},
				"east": {"uv": [0, 0, 3, 1], "texture": "#4"},
				"south": {"uv": [2.5, 10.5, 3, 11.5], "texture": "#4"},
				"west": {"uv": [0, 1, 3, 2], "texture": "#4"},
				"up": {"uv": [3, 9, 2.5, 6], "texture": "#4"},
				"down": {"uv": [3.5, 6, 3, 9], "texture": "#4"}
			}
		},
		{
			"from": [13, 7, 10],
			"to": [14, 9, 13],
			"rotation": {"angle": 0, "axis": "y", "origin": [8, 8, 8]},
			"faces": {
				"north": {"uv": [3, 10.5, 3.5, 11.5], "texture": "#4"},
				"east": {"uv": [3.5, 6, 5, 7], "texture": "#4"},
				"south": {"uv": [3.5, 10.5, 4, 11.5], "texture": "#4"},
				"west": {"uv": [5, 6, 6.5, 7], "texture": "#4"},
				"up": {"uv": [2.5, 10.5, 2, 9], "texture": "#4"},
				"down": {"uv": [3, 9, 2.5, 10.5], "texture": "#4"}
			}
		},
		{
			"from": [14, 7, 5],
			"to": [15, 9, 11],
			"rotation": {"angle": 0, "axis": "y", "origin": [8, 8, 8]},
			"faces": {
				"north": {"uv": [4, 10.5, 4.5, 11.5], "texture": "#4"},
				"east": {"uv": [0, 2, 3, 3], "texture": "#4"},
				"south": {"uv": [10.5, 4, 11, 5], "texture": "#4"},
				"west": {"uv": [0, 3, 3, 4], "texture": "#4"},
				"up": {"uv": [7, 5, 6.5, 2], "texture": "#4"},
				"down": {"uv": [7, 5, 6.5, 8], "texture": "#4"}
			}
		},
		{
			"from": [12, 7, 3],
			"to": [13, 9, 6],
			"rotation": {"angle": 0, "axis": "y", "origin": [8, 8, 8]},
			"faces": {
				"north": {"uv": [4.5, 10.5, 5, 11.5], "texture": "#4"},
				"east": {"uv": [0, 7, 1.5, 8], "texture": "#4"},
				"south": {"uv": [5, 10.5, 5.5, 11.5], "texture": "#4"},
				"west": {"uv": [7, 2, 8.5, 3], "texture": "#4"},
				"up": {"uv": [3.5, 10.5, 3, 9], "texture": "#4"},
				"down": {"uv": [9.5, 4, 9, 5.5], "texture": "#4"}
			}
		},
		{
			"from": [12, 7.5, 1],
			"to": [13, 8.5, 2],
			"rotation": {"angle": 0, "axis": "y", "origin": [8, 8, 8]},
			"faces": {
				"north": {"uv": [9, 12, 9.5, 12.5], "texture": "#4"},
				"east": {"uv": [12, 9, 12.5, 9.5], "texture": "#4"},
				"south": {"uv": [9.5, 12, 10, 12.5], "texture": "#4"},
				"west": {"uv": [12, 9.5, 12.5, 10], "texture": "#4"},
				"up": {"uv": [12.5, 10.5, 12, 10], "texture": "#4"},
				"down": {"uv": [12.5, 10.5, 12, 11], "texture": "#4"}
			}
		},
		{
			"from": [12, 7.5, 14],
			"to": [13, 8.5, 15],
			"rotation": {"angle": 0, "axis": "y", "origin": [8, 8, 8]},
			"faces": {
				"north": {"uv": [12, 11, 12.5, 11.5], "texture": "#4"},
				"east": {"uv": [11.5, 12, 12, 12.5], "texture": "#4"},
				"south": {"uv": [12, 11.5, 12.5, 12], "texture": "#4"},
				"west": {"uv": [12, 12, 12.5, 12.5], "texture": "#4"},
				"up": {"uv": [0.5, 13, 0, 12.5], "texture": "#4"},
				"down": {"uv": [13, 0, 12.5, 0.5], "texture": "#4"}
			}
		},
		{
			"from": [13, 7.5, 13],
			"to": [14, 8.5, 14],
			"rotation": {"angle": 0, "axis": "y", "origin": [8, 8, 8]},
			"faces": {
				"north": {"uv": [0.5, 12.5, 1, 13], "texture": "#4"},
				"east": {"uv": [12.5, 0.5, 13, 1], "texture": "#4"},
				"south": {"uv": [12.5, 1, 13, 1.5], "texture": "#4"},
				"west": {"uv": [12.5, 1.5, 13, 2], "texture": "#4"},
				"up": {"uv": [2.5, 13, 2, 12.5], "texture": "#4"},
				"down": {"uv": [13, 2, 12.5, 2.5], "texture": "#4"}
			}
		},
		{
			"from": [14, 7.5, 11],
			"to": [15, 8.5, 13],
			"rotation": {"angle": 0, "axis": "y", "origin": [8, 8, 8]},
			"faces": {
				"north": {"uv": [12.5, 2.5, 13, 3], "texture": "#4"},
				"east": {"uv": [10, 3, 11, 3.5], "texture": "#4"},
				"south": {"uv": [12.5, 3, 13, 3.5], "texture": "#4"},
				"west": {"uv": [10, 6, 11, 6.5], "texture": "#4"},
				"up": {"uv": [11, 6, 10.5, 5], "texture": "#4"},
				"down": {"uv": [6, 10.5, 5.5, 11.5], "texture": "#4"}
			}
		},
		{
			"from": [11, 7.5, 3],
			"to": [12, 8.5, 7],
			"rotation": {"angle": 0, "axis": "y", "origin": [8, 8, 8]},
			"faces": {
				"north": {"uv": [3.5, 12.5, 4, 13], "texture": "#4"},
				"east": {"uv": [8, 5.5, 10, 6], "texture": "#4"},
				"south": {"uv": [12.5, 3.5, 13, 4], "texture": "#4"},
				"west": {"uv": [8, 6, 10, 6.5], "texture": "#4"},
				"up": {"uv": [6.5, 9.5, 6, 7.5], "texture": "#4"},
				"down": {"uv": [7, 8, 6.5, 10], "texture": "#4"}
			}
		},
		{
			"from": [10, 7.5, 4],
			"to": [11, 8.5, 6],
			"rotation": {"angle": 0, "axis": "y", "origin": [8, 8, 8]},
			"faces": {
				"north": {"uv": [4, 12.5, 4.5, 13], "texture": "#4"},
				"east": {"uv": [10.5, 6.5, 11.5, 7], "texture": "#4"},
				"south": {"uv": [12.5, 4, 13, 4.5], "texture": "#4"},
				"west": {"uv": [10.5, 7, 11.5, 7.5], "texture": "#4"},
				"up": {"uv": [11, 8.5, 10.5, 7.5], "texture": "#4"},
				"down": {"uv": [11, 8.5, 10.5, 9.5], "texture": "#4"}
			}
		},
		{
			"from": [12, 7.5, 6],
			"to": [13, 8.5, 8],
			"rotation": {"angle": 0, "axis": "y", "origin": [8, 8, 8]},
			"faces": {
				"north": {"uv": [4.5, 12.5, 5, 13], "texture": "#4"},
				"east": {"uv": [9, 10.5, 10, 11], "texture": "#4"},
				"south": {"uv": [12.5, 4.5, 13, 5], "texture": "#4"},
				"west": {"uv": [10.5, 9.5, 11.5, 10], "texture": "#4"},
				"up": {"uv": [10.5, 11.5, 10, 10.5], "texture": "#4"},
				"down": {"uv": [11, 10, 10.5, 11], "texture": "#4"}
			}
		},
		{
			"from": [6, 7.5, 4],
			"to": [9, 8.5, 5],
			"rotation": {"angle": 0, "axis": "y", "origin": [8, 8, 8]},
			"faces": {
				"north": {"uv": [9, 6.5, 10.5, 7], "texture": "#4"},
				"east": {"uv": [5, 12.5, 5.5, 13], "texture": "#4"},
				"south": {"uv": [9, 7, 10.5, 7.5], "texture": "#4"},
				"west": {"uv": [12.5, 5, 13, 5.5], "texture": "#4"},
				"up": {"uv": [9, 9.5, 7.5, 9], "texture": "#4"},
				"down": {"uv": [10.5, 7.5, 9, 8], "texture": "#4"}
			}
		},
		{
			"from": [5, 7.5, 5],
			"to": [6, 8.5, 6],
			"rotation": {"angle": 0, "axis": "y", "origin": [8, 8, 8]},
			"faces": {
				"north": {"uv": [5.5, 12.5, 6, 13], "texture": "#4"},
				"east": {"uv": [12.5, 5.5, 13, 6], "texture": "#4"},
				"south": {"uv": [12.5, 6, 13, 6.5], "texture": "#4"},
				"west": {"uv": [6.5, 12.5, 7, 13], "texture": "#4"},
				"up": {"uv": [13, 7, 12.5, 6.5], "texture": "#4"},
				"down": {"uv": [7.5, 12.5, 7, 13], "texture": "#4"}
			}
		},
		{
			"from": [10, 7.5, 10],
			"to": [11, 8.5, 11],
			"rotation": {"angle": 0, "axis": "y", "origin": [8, 8, 8]},
			"faces": {
				"north": {"uv": [12.5, 7, 13, 7.5], "texture": "#4"},
				"east": {"uv": [7.5, 12.5, 8, 13], "texture": "#4"},
				"south": {"uv": [12.5, 7.5, 13, 8], "texture": "#4"},
				"west": {"uv": [8, 12.5, 8.5, 13], "texture": "#4"},
				"up": {"uv": [13, 8.5, 12.5, 8], "texture": "#4"},
				"down": {"uv": [9, 12.5, 8.5, 13], "texture": "#4"}
			}
		},
		{
			"from": [0, 7.5, 5],
			"to": [1, 8.5, 11],
			"rotation": {"angle": 0, "axis": "y", "origin": [8, 8, 8]},
			"faces": {
				"north": {"uv": [12.5, 8.5, 13, 9], "texture": "#4"},
				"east": {"uv": [7, 3, 10, 3.5], "texture": "#4"},
				"south": {"uv": [9, 12.5, 9.5, 13], "texture": "#4"},
				"west": {"uv": [3.5, 7, 6.5, 7.5], "texture": "#4"},
				"up": {"uv": [2, 10, 1.5, 7], "texture": "#4"},
				"down": {"uv": [7.5, 3.5, 7, 6.5], "texture": "#4"}
			}
		},
		{
			"from": [1, 7.5, 11],
			"to": [2, 8.5, 13],
			"rotation": {"angle": 0, "axis": "y", "origin": [8, 8, 8]},
			"faces": {
				"north": {"uv": [12.5, 9, 13, 9.5], "texture": "#4"},
				"east": {"uv": [0, 11, 1, 11.5], "texture": "#4"},
				"south": {"uv": [9.5, 12.5, 10, 13], "texture": "#4"},
				"west": {"uv": [11, 0, 12, 0.5], "texture": "#4"},
				"up": {"uv": [11.5, 1.5, 11, 0.5], "texture": "#4"},
				"down": {"uv": [1.5, 11, 1, 12], "texture": "#4"}
			}
		},
		{
			"from": [2, 7.5, 13],
			"to": [3, 8.5, 14],
			"rotation": {"angle": 0, "axis": "y", "origin": [8, 8, 8]},
			"faces": {
				"north": {"uv": [12.5, 9.5, 13, 10], "texture": "#4"},
				"east": {"uv": [10, 12.5, 10.5, 13], "texture": "#4"},
				"south": {"uv": [12.5, 10, 13, 10.5], "texture": "#4"},
				"west": {"uv": [10.5, 12.5, 11, 13], "texture": "#4"},
				"up": {"uv": [13, 11, 12.5, 10.5], "texture": "#4"},
				"down": {"uv": [11.5, 12.5, 11, 13], "texture": "#4"}
			}
		},
		{
			"from": [3, 7, 13],
			"to": [4, 9, 14],
			"rotation": {"angle": 0, "axis": "y", "origin": [8, 8, 8]},
			"faces": {
				"north": {"uv": [1.5, 11, 2, 12], "texture": "#4"},
				"east": {"uv": [11, 1.5, 11.5, 2.5], "texture": "#4"},
				"south": {"uv": [11, 2.5, 11.5, 3.5], "texture": "#4"},
				"west": {"uv": [11, 3.5, 11.5, 4.5], "texture": "#4"},
				"up": {"uv": [13, 11.5, 12.5, 11], "texture": "#4"},
				"down": {"uv": [12, 12.5, 11.5, 13], "texture": "#4"}
			}
		},
		{
			"from": [3, 7, 2],
			"to": [4, 9, 4],
			"rotation": {"angle": 0, "axis": "y", "origin": [8, 8, 8]},
			"faces": {
				"north": {"uv": [11, 4.5, 11.5, 5.5], "texture": "#4"},
				"east": {"uv": [8, 6.5, 9, 7.5], "texture": "#4"},
				"south": {"uv": [11, 5.5, 11.5, 6.5], "texture": "#4"},
				"west": {"uv": [8.5, 2, 9.5, 3], "texture": "#4"},
				"up": {"uv": [6.5, 12, 6, 11], "texture": "#4"},
				"down": {"uv": [7, 11, 6.5, 12], "texture": "#4"}
			}
		},
		{
			"from": [2, 7, 7],
			"to": [3, 9, 13],
			"rotation": {"angle": 0, "axis": "y", "origin": [8, 8, 8]},
			"faces": {
				"north": {"uv": [7, 11, 7.5, 12], "texture": "#4"},
				"east": {"uv": [3, 0, 6, 1], "texture": "#4"},
				"south": {"uv": [7.5, 11, 8, 12], "texture": "#4"},
				"west": {"uv": [3, 1, 6, 2], "texture": "#4"},
				"up": {"uv": [7.5, 9.5, 7, 6.5], "texture": "#4"},
				"down": {"uv": [4, 7.5, 3.5, 10.5], "texture": "#4"}
			}
		},
		{
			"from": [2, 7, 3],
			"to": [3, 9, 6],
			"rotation": {"angle": 0, "axis": "y", "origin": [8, 8, 8]},
			"faces": {
				"north": {"uv": [11, 7.5, 11.5, 8.5], "texture": "#4"},
				"east": {"uv": [7.5, 3.5, 9, 4.5], "texture": "#4"},
				"south": {"uv": [8, 11, 8.5, 12], "texture": "#4"},
				"west": {"uv": [4, 7.5, 5.5, 8.5], "texture": "#4"},
				"up": {"uv": [9.5, 10.5, 9, 9], "texture": "#4"},
				"down": {"uv": [10, 4, 9.5, 5.5], "texture": "#4"}
			}
		},
		{
			"from": [1, 7, 5],
			"to": [2, 9, 11],
			"rotation": {"angle": 0, "axis": "y", "origin": [8, 8, 8]},
			"faces": {
				"north": {"uv": [8.5, 11, 9, 12], "texture": "#4"},
				"east": {"uv": [3, 2, 6, 3], "texture": "#4"},
				"south": {"uv": [11, 8.5, 11.5, 9.5], "texture": "#4"},
				"west": {"uv": [3, 3, 6, 4], "texture": "#4"},
				"up": {"uv": [8, 7.5, 7.5, 4.5], "texture": "#4"},
				"down": {"uv": [6, 7.5, 5.5, 10.5], "texture": "#4"}
			}
		},
		{
			"from": [3, 7, 10],
			"to": [4, 9, 13],
			"rotation": {"angle": 0, "axis": "y", "origin": [8, 8, 8]},
			"faces": {
				"north": {"uv": [9, 11, 9.5, 12], "texture": "#4"},
				"east": {"uv": [7.5, 7.5, 9, 8.5], "texture": "#4"},
				"south": {"uv": [9.5, 11, 10, 12], "texture": "#4"},
				"west": {"uv": [0, 8, 1.5, 9], "texture": "#4"},
				"up": {"uv": [6.5, 11, 6, 9.5], "texture": "#4"},
				"down": {"uv": [7.5, 9.5, 7, 11], "texture": "#4"}
			}
		},
		{
			"from": [3, 7.5, 14],
			"to": [4, 8.5, 15],
			"rotation": {"angle": 0, "axis": "y", "origin": [8, 8, 8]},
			"faces": {
				"north": {"uv": [12.5, 11.5, 13, 12], "texture": "#4"},
				"east": {"uv": [12, 12.5, 12.5, 13], "texture": "#4"},
				"south": {"uv": [12.5, 12, 13, 12.5], "texture": "#4"},
				"west": {"uv": [12.5, 12.5, 13, 13], "texture": "#4"},
				"up": {"uv": [0.5, 13.5, 0, 13], "texture": "#4"},
				"down": {"uv": [13.5, 0, 13, 0.5], "texture": "#4"}
			}
		},
		{
			"from": [3, 7.5, 1],
			"to": [4, 8.5, 2],
			"rotation": {"angle": 0, "axis": "y", "origin": [8, 8, 8]},
			"faces": {
				"north": {"uv": [0.5, 13, 1, 13.5], "texture": "#4"},
				"east": {"uv": [13, 0.5, 13.5, 1], "texture": "#4"},
				"south": {"uv": [1, 13, 1.5, 13.5], "texture": "#4"},
				"west": {"uv": [13, 1, 13.5, 1.5], "texture": "#4"},
				"up": {"uv": [2, 13.5, 1.5, 13], "texture": "#4"},
				"down": {"uv": [13.5, 1.5, 13, 2], "texture": "#4"}
			}
		},
		{
			"from": [2, 7.5, 2],
			"to": [3, 8.5, 3],
			"rotation": {"angle": 0, "axis": "y", "origin": [8, 8, 8]},
			"faces": {
				"north": {"uv": [2, 13, 2.5, 13.5], "texture": "#4"},
				"east": {"uv": [13, 2, 13.5, 2.5], "texture": "#4"},
				"south": {"uv": [2.5, 13, 3, 13.5], "texture": "#4"},
				"west": {"uv": [13, 2.5, 13.5, 3], "texture": "#4"},
				"up": {"uv": [3.5, 13.5, 3, 13], "texture": "#4"},
				"down": {"uv": [13.5, 3, 13, 3.5], "texture": "#4"}
			}
		},
		{
			"from": [1, 7.5, 3],
			"to": [2, 8.5, 5],
			"rotation": {"angle": 0, "axis": "y", "origin": [8, 8, 8]},
			"faces": {
				"north": {"uv": [3.5, 13, 4, 13.5], "texture": "#4"},
				"east": {"uv": [11, 10, 12, 10.5], "texture": "#4"},
				"south": {"uv": [13, 3.5, 13.5, 4], "texture": "#4"},
				"west": {"uv": [10.5, 11, 11.5, 11.5], "texture": "#4"},
				"up": {"uv": [0.5, 12.5, 0, 11.5], "texture": "#4"},
				"down": {"uv": [1, 11.5, 0.5, 12.5], "texture": "#4"}
			}
		},
		{
			"from": [4, 7.5, 9],
			"to": [5, 8.5, 13],
			"rotation": {"angle": 0, "axis": "y", "origin": [8, 8, 8]},
			"faces": {
				"north": {"uv": [4, 13, 4.5, 13.5], "texture": "#4"},
				"east": {"uv": [7.5, 8.5, 9.5, 9], "texture": "#4"},
				"south": {"uv": [13, 4, 13.5, 4.5], "texture": "#4"},
				"west": {"uv": [9, 0, 11, 0.5], "texture": "#4"},
				"up": {"uv": [4.5, 10.5, 4, 8.5], "texture": "#4"},
				"down": {"uv": [5, 8.5, 4.5, 10.5], "texture": "#4"}
			}
		},
		{
			"from": [3, 7.5, 8],
			"to": [4, 8.5, 10],
			"rotation": {"angle": 0, "axis": "y", "origin": [8, 8, 8]},
			"faces": {
				"north": {"uv": [4.5, 13, 5, 13.5], "texture": "#4"},
				"east": {"uv": [11, 10.5, 12, 11], "texture": "#4"},
				"south": {"uv": [13, 4.5, 13.5, 5], "texture": "#4"},
				"west": {"uv": [11.5, 0.5, 12.5, 1], "texture": "#4"},
				"up": {"uv": [12, 2, 11.5, 1], "texture": "#4"},
				"down": {"uv": [2.5, 11.5, 2, 12.5], "texture": "#4"}
			}
		},
		{
			"from": [5, 7.5, 10],
			"to": [6, 8.5, 12],
			"rotation": {"angle": 0, "axis": "y", "origin": [8, 8, 8]},
			"faces": {
				"north": {"uv": [5, 13, 5.5, 13.5], "texture": "#4"},
				"east": {"uv": [11.5, 2, 12.5, 2.5], "texture": "#4"},
				"south": {"uv": [13, 5, 13.5, 5.5], "texture": "#4"},
				"west": {"uv": [2.5, 11.5, 3.5, 12], "texture": "#4"},
				"up": {"uv": [12, 3.5, 11.5, 2.5], "texture": "#4"},
				"down": {"uv": [4, 11.5, 3.5, 12.5], "texture": "#4"}
			}
		},
		{
			"from": [7, 7.5, 11],
			"to": [10, 8.5, 12],
			"rotation": {"angle": 0, "axis": "y", "origin": [8, 8, 8]},
			"faces": {
				"north": {"uv": [9, 8, 10.5, 8.5], "texture": "#4"},
				"east": {"uv": [5.5, 13, 6, 13.5], "texture": "#4"},
				"south": {"uv": [9.5, 2, 11, 2.5], "texture": "#4"},
				"west": {"uv": [13, 5.5, 13.5, 6], "texture": "#4"},
				"up": {"uv": [11, 3, 9.5, 2.5], "texture": "#4"},
				"down": {"uv": [9, 9.5, 7.5, 10], "texture": "#4"}
			}
		},
		{
			"from": [5, 7, 6],
			"to": [6, 9, 10],
			"rotation": {"angle": 0, "axis": "z", "origin": [8, 8, 8]},
			"faces": {
				"north": {"uv": [11.5, 3.5, 12, 4.5], "texture": "#4"},
				"east": {"uv": [0, 4, 2, 5], "texture": "#4"},
				"south": {"uv": [4, 11.5, 4.5, 12.5], "texture": "#4"},
				"west": {"uv": [2, 4, 4, 5], "texture": "#4"},
				"up": {"uv": [5.5, 10.5, 5, 8.5], "texture": "#4"},
				"down": {"uv": [0.5, 9, 0, 11], "texture": "#4"}
			}
		},
		{
			"from": [10, 7, 6],
			"to": [11, 9, 10],
			"rotation": {"angle": 0, "axis": "z", "origin": [8, 8, 8]},
			"faces": {
				"north": {"uv": [4.5, 11.5, 5, 12.5], "texture": "#4"},
				"east": {"uv": [4, 4, 6, 5], "texture": "#4"},
				"south": {"uv": [11.5, 4.5, 12, 5.5], "texture": "#4"},
				"west": {"uv": [0, 5, 2, 6], "texture": "#4"},
				"up": {"uv": [1, 11, 0.5, 9], "texture": "#4"},
				"down": {"uv": [1.5, 9, 1, 11], "texture": "#4"}
			}
		},
		{
			"from": [6, 7, 10],
			"to": [10, 9, 11],
			"rotation": {"angle": 0, "axis": "y", "origin": [8, 8, 8]},
			"faces": {
				"north": {"uv": [2, 5, 4, 6], "texture": "#4"},
				"east": {"uv": [5, 11.5, 5.5, 12.5], "texture": "#4"},
				"south": {"uv": [4, 5, 6, 6], "texture": "#4"},
				"west": {"uv": [5.5, 11.5, 6, 12.5], "texture": "#4"},
				"up": {"uv": [11, 1, 9, 0.5], "texture": "#4"},
				"down": {"uv": [11, 1, 9, 1.5], "texture": "#4"}
			}
		},
		{
			"from": [6, 7, 5],
			"to": [10, 9, 6],
			"rotation": {"angle": 0, "axis": "y", "origin": [8, 8, 8]},
			"faces": {
				"north": {"uv": [0, 6, 2, 7], "texture": "#4"},
				"east": {"uv": [11.5, 5.5, 12, 6.5], "texture": "#4"},
				"south": {"uv": [6, 0, 8, 1], "texture": "#4"},
				"west": {"uv": [11.5, 6.5, 12, 7.5], "texture": "#4"},
				"up": {"uv": [11, 2, 9, 1.5], "texture": "#4"},
				"down": {"uv": [11, 3.5, 9, 4], "texture": "#4"}
			}
		},
		{
			"from": [9, 7, 9],
			"to": [10, 9, 10],
			"rotation": {"angle": 0, "axis": "y", "origin": [8, 8, 8]},
			"faces": {
				"north": {"uv": [11.5, 7.5, 12, 8.5], "texture": "#4"},
				"east": {"uv": [11.5, 8.5, 12, 9.5], "texture": "#4"},
				"south": {"uv": [10, 11.5, 10.5, 12.5], "texture": "#4"},
				"west": {"uv": [10.5, 11.5, 11, 12.5], "texture": "#4"},
				"up": {"uv": [6.5, 13.5, 6, 13], "texture": "#4"},
				"down": {"uv": [13.5, 6, 13, 6.5], "texture": "#4"}
			}
		},
		{
			"from": [9, 7, 6],
			"to": [10, 9, 7],
			"rotation": {"angle": 0, "axis": "y", "origin": [8, 8, 8]},
			"faces": {
				"north": {"uv": [11, 11.5, 11.5, 12.5], "texture": "#4"},
				"east": {"uv": [11.5, 11, 12, 12], "texture": "#4"},
				"south": {"uv": [1, 12, 1.5, 13], "texture": "#4"},
				"west": {"uv": [12, 1, 12.5, 2], "texture": "#4"},
				"up": {"uv": [7, 13.5, 6.5, 13], "texture": "#4"},
				"down": {"uv": [13.5, 6.5, 13, 7], "texture": "#4"}
			}
		},
		{
			"from": [6, 7, 6],
			"to": [7, 9, 7],
			"rotation": {"angle": 0, "axis": "y", "origin": [8, 8, 8]},
			"faces": {
				"north": {"uv": [1.5, 12, 2, 13], "texture": "#4"},
				"east": {"uv": [2.5, 12, 3, 13], "texture": "#4"},
				"south": {"uv": [12, 2.5, 12.5, 3.5], "texture": "#4"},
				"west": {"uv": [3, 12, 3.5, 13], "texture": "#4"},
				"up": {"uv": [7.5, 13.5, 7, 13], "texture": "#4"},
				"down": {"uv": [13.5, 7, 13, 7.5], "texture": "#4"}
			}
		},
		{
			"from": [6, 7, 9],
			"to": [7, 9, 10],
			"rotation": {"angle": 0, "axis": "y", "origin": [8, 8, 8]},
			"faces": {
				"north": {"uv": [12, 3.5, 12.5, 4.5], "texture": "#4"},
				"east": {"uv": [12, 4.5, 12.5, 5.5], "texture": "#4"},
				"south": {"uv": [12, 5.5, 12.5, 6.5], "texture": "#4"},
				"west": {"uv": [6, 12, 6.5, 13], "texture": "#4"},
				"up": {"uv": [8, 13.5, 7.5, 13], "texture": "#4"},
				"down": {"uv": [13.5, 7.5, 13, 8], "texture": "#4"}
			}
		}
	],
	"gui_light": "front",
	"display": {
		"thirdperson_righthand": {
			"rotation": [25, 5, 90],
			"translation": [-1.75, -1.75, 1.5],
			"scale": [0.75, 0.75, 0.75]
		},
		"thirdperson_lefthand": {
			"rotation": [0, 5, -90],
			"translation": [-1.75, -1.75, 1.5],
			"scale": [0.75, 0.75, 0.75]
		},
		"firstperson_righthand": {
			"rotation": [45, 15, -100],
			"translation": [1, 2, 2],
			"scale": [0.75, 0.75, 0.75]
		},
		"firstperson_lefthand": {
			"rotation": [45, 15, 100],
			"translation": [1, 2, 2],
			"scale": [0.75, 0.75, 0.75]
		},
		"ground": {
			"rotation": [45, 0, -90],
			"translation": [0, 2.5, 0],
			"scale": [0.35, 0.35, 0.35]
		},
		"gui": {
			"rotation": [-90, -45, 0],
			"scale": [0.8, 0.8, 0.8]
		},
		"head": {
			"translation": [0, -6, 0]
		},
		"fixed": {
			"rotation": [-90, 45, 0],
			"translation": [0, 0, -1]
		}
	},
	"groups": [
		{
			"name": "group",
			"origin": [8, 8, 8],
			"color": 0,
			"nbt": "{}",
			"children": [
				{
					"name": "photon",
					"origin": [11.27273, 1, 4.04545],
					"color": 0,
					"nbt": "{}",
					"children": [0, 1, 2, 3, 4, 5, 6, 7, 8, 9, 10, 11, 12, 13, 14, 15, 16, 17]
				},
				{
					"name": "blade",
					"origin": [8, 1, 7],
					"color": 0,
					"nbt": "{}",
					"children": [18, 19, 20, 21, 22, 23, 24, 25, 26, 27, 28, 29, 30, 31, 32, 33, 34, 35, 36, 37, 38, 39, 40, 41, 42, 43, 44, 45, 46, 47, 48, 49, 50, 51, 52, 53]
				},
				{
					"name": "core",
					"origin": [0, 0, 0],
					"color": 0,
					"nbt": "{}",
					"children": [54, 55, 56, 57, 58, 59, 60, 61]
				}
			]
		}
	]
}