{
	"credit": "Made with Blockbench, a free, modern block model editor by JannisX11",
	"textures": {
		"0": "item/custom_item/pastrident"
		},
	"elements": [
		{
			"name": "grip",
			"from": [7.5, 3, 7.5],
			"to": [8.5, 25, 8.5],
			"faces": {
				"north": {
					"uv": [0, 3.5, 0.5, 14.5],
					"texture": "#0"
				},
				"east": {
					"uv": [0, 3.5, 0.5, 14.5],
					"texture": "#0"
				},
				"south": {
					"uv": [0, 3.5, 0.5, 14.5],
					"texture": "#0"
				},
				"west": {
					"uv": [0, 3.5, 0.5, 14.5],
					"texture": "#0"
				},
				"up": {"uv": [0, 15.5, 0.5, 16], "texture": "#0"},
				"down": {"uv": [0, 15.5, 0.5, 16], "texture": "#0"}
			},
			"type": "cube"
		},
		{
			"name": "grip",
			"from": [6.5, 1, 7.5],
			"to": [9.5, 3, 8.5],
			"faces": {
				"north": {"uv": [2, 4, 3.5, 5], "texture": "#0"},
				"east": {"uv": [2, 4, 2.5, 5], "texture": "#0"},
				"south": {"uv": [2, 4, 3.5, 5], "texture": "#0"},
				"west": {"uv": [2, 4, 2.5, 5], "texture": "#0"},
				"up": {"uv": [2, 4, 3.5, 4.5], "texture": "#0"},
				"down": {"uv": [2, 4, 3.5, 4.5], "texture": "#0"}
			},
			"type": "cube"
		},
		{
			"name": "grip",
			"from": [7.5, 0, 7.5],
			"to": [8.5, 1, 8.5],
			"faces": {
				"north": {"uv": [2, 4, 2.5, 4.5], "texture": "#0"},
				"east": {"uv": [2, 4, 2.5, 4.5], "texture": "#0"},
				"south": {"uv": [2, 4, 2.5, 4.5], "texture": "#0"},
				"west": {"uv": [2, 4, 2.5, 4.5], "texture": "#0"},
				"up": {"uv": [2, 4, 2.5, 4.5], "texture": "#0"},
				"down": {"uv": [2, 4, 2.5, 4.5], "texture": "#0"}
			},
			"type": "cube"
		},
		{
			"name": "blade",
			"from": [6.5, 25, 7.5],
			"to": [9.5, 31, 8.5],
			"faces": {
				"north": {"uv": [10, 1, 11.5, 4], "texture": "#0"},
				"east": {"uv": [10, 1, 10.5, 4], "texture": "#0"},
				"south": {"uv": [10, 1, 11.5, 4], "texture": "#0"},
				"west": {"uv": [10, 1, 10.5, 4], "texture": "#0"},
				"up": {"uv": [10, 1, 11.5, 1.5], "texture": "#0"},
				"down": {"uv": [10, 3.5, 11.5, 4], "texture": "#0"}
			},
			"type": "cube"
		},
		{
			"name": "blade",
			"from": [7.5, 31, 7.5],
			"to": [8.5, 32, 8.5],
			"faces": {
				"north": {
					"uv": [10.5, 0.5, 11, 1],
					"texture": "#0"
				},
				"east": {"uv": [10.5, 0.5, 11, 1], "texture": "#0"},
				"south": {
					"uv": [10.5, 0.5, 11, 1],
					"texture": "#0"
				},
				"west": {"uv": [10.5, 0.5, 11, 1], "texture": "#0"},
				"up": {"uv": [10.5, 0.5, 11, 1], "texture": "#0"},
				"down": {"uv": [10.5, 0.5, 11, 1], "texture": "#0"}
			},
			"type": "cube"
		},
		{
			"name": "blade",
			"from": [9.5, 26, 7.5],
			"to": [10.5, 28, 8.5],
			"faces": {
				"north": {
					"uv": [9.5, 2.5, 10, 3.5],
					"texture": "#0"
				},
				"east": {
					"uv": [9.5, 2.5, 10, 3.5],
					"texture": "#0"
				},
				"south": {
					"uv": [9.5, 2.5, 10, 3.5],
					"texture": "#0"
				},
				"west": {
					"uv": [9.5, 2.5, 10, 3.5],
					"texture": "#0"
				},
				"up": {"uv": [10.5, 0.5, 11, 1], "texture": "#0"},
				"down": {"uv": [10.5, 0.5, 11, 1], "texture": "#0"}
			},
			"type": "cube"
		},
		{
			"name": "blade",
			"from": [5.5, 26, 7.5],
			"to": [6.5, 28, 8.5],
			"faces": {
				"north": {
					"uv": [9.5, 2.5, 10, 3.5],
					"texture": "#0"
				},
				"east": {
					"uv": [9.5, 2.5, 10, 3.5],
					"texture": "#0"
				},
				"south": {
					"uv": [9.5, 2.5, 10, 3.5],
					"texture": "#0"
				},
				"west": {
					"uv": [9.5, 2.5, 10, 3.5],
					"texture": "#0"
				},
				"up": {"uv": [10.5, 0.5, 11, 1], "texture": "#0"},
				"down": {"uv": [10.5, 0.5, 11, 1], "texture": "#0"}
			},
			"type": "cube"
		},
		{
			"name": "blade",
			"from": [4.5, 27, 7.5],
			"to": [5.5, 29, 8.5],
			"faces": {
				"north": {"uv": [9, 2, 9.5, 3], "texture": "#0"},
				"east": {"uv": [9, 2, 9.5, 3], "texture": "#0"},
				"south": {"uv": [9, 2, 9.5, 3], "texture": "#0"},
				"west": {"uv": [9, 2, 9.5, 3], "texture": "#0"},
				"up": {"uv": [10.5, 0.5, 11, 1], "texture": "#0"},
				"down": {"uv": [10.5, 0.5, 11, 1], "texture": "#0"}
			},
			"type": "cube"
		},
		{
			"name": "blade",
			"from": [10.5, 27, 7.5],
			"to": [11.5, 29, 8.5],
			"faces": {
				"north": {"uv": [9, 2, 9.5, 3], "texture": "#0"},
				"east": {"uv": [9, 2, 9.5, 3], "texture": "#0"},
				"south": {"uv": [9, 2, 9.5, 3], "texture": "#0"},
				"west": {"uv": [9, 2, 9.5, 3], "texture": "#0"},
				"up": {"uv": [10.5, 0.5, 11, 1], "texture": "#0"},
				"down": {"uv": [10.5, 0.5, 11, 1], "texture": "#0"}
			},
			"type": "cube"
		}
	],
	"display": {
		"thirdperson_righthand": {
			"scale": [1, 1, 1],
			"rotation": [0, 60, 0],
			"translation": [0, -8.5, 1]
		},
		"thirdperson_lefthand": {
			"scale": [1, 1, 1],
			"rotation": [0, 60, 0],
			"translation": [0, -8.5, 1]
		},
		"firstperson_righthand": {
			"scale": [1, 1, 1],
			"rotation": [-3, 75, 0],
			"translation": [2.5, -7, -1]
		},
		"firstperson_lefthand": {
			"rotation": [-3, 75, 0],
			"translation": [2.5, -7, -1],
			"scale": [1, 1, 1]
		},
		"head": {
			"scale": [1, 1, 1],
			"translation": [0, -4.5, 7.5],
			"rotation": [-90, 90, 0]
		},
		"fixed": {
			"scale": [0.725, 0.725, 0.725],
			"rotation": [0, 0, 45],
			"translation": [3.5, -3.5, -0.5]
		},
		"gui": {
			"translation": [-3.5, -3.5, 0],
			"scale": [0.6, 0.6, 0.6],
			"rotation": [0, 0, -45]
		},
		"ground": {
			"scale": [0.65, 0.65, 0.65],
			"translation": [3.5, 1.5, 0],
			"rotation": [0, 0, 45]
		}
	}
}