{
	"credit": "Made with Blockbench",
	"gui_light": "front",
	"texture_size": [32, 32],
	"textures": {
		"2": "item/custom_item/pig_launcher"
	},
	"elements": [
		{
			"from": [6, 7, 0],
			"to": [10, 11, 1],
			"rotation": {"angle": 0, "axis": "y", "origin": [14, 15, 8]},
			"faces": {
				"north": {"uv": [3, 3, 5, 5], "texture": "#2"},
				"east": {"uv": [3.5, 7, 4, 9], "texture": "#2"},
				"south": {"uv": [3, 0, 5, 2], "texture": "#2"},
				"west": {"uv": [9.5, 10.5, 10, 12.5], "texture": "#2"},
				"up": {"uv": [5, 4.5, 7, 5], "texture": "#2"},
				"down": {"uv": [10.5, 0.5, 12.5, 1], "texture": "#2"}
			}
		},
		{
			"from": [6, 7, 3],
			"to": [10, 10, 5],
			"rotation": {"angle": 0, "axis": "y", "origin": [14, 15, 11]},
			"faces": {
				"north": {"uv": [5, 0, 7, 1.5], "texture": "#2"},
				"east": {"uv": [9, 7, 10, 8.5], "texture": "#2"},
				"south": {"uv": [5, 3, 7, 4.5], "texture": "#2"},
				"west": {"uv": [9.5, 4, 10.5, 5.5], "texture": "#2"},
				"up": {"uv": [7, 3, 9, 4], "texture": "#2"},
				"down": {"uv": [7, 4, 9, 5], "texture": "#2"}
			}
		},
		{
			"from": [6.5, 10, 3],
			"to": [9.5, 11, 5],
			"rotation": {"angle": 0, "axis": "y", "origin": [14.5, 18, 11]},
			"faces": {
				"north": {"uv": [5, 1.5, 6.5, 2], "texture": "#2"},
				"east": {"uv": [12, 5.5, 13, 6], "texture": "#2"},
				"south": {"uv": [11.5, 2, 13, 2.5], "texture": "#2"},
				"west": {"uv": [12, 8.5, 13, 9], "texture": "#2"},
				"up": {"uv": [10, 1, 11.5, 2], "texture": "#2"},
				"down": {"uv": [10, 2, 11.5, 3], "texture": "#2"}
			}
		},
		{
			"from": [6.5, 7.5, 1],
			"to": [9.5, 10.5, 3],
			"rotation": {"angle": 0, "axis": "z", "origin": [8, 9, 2]},
			"faces": {
				"north": {"uv": [1.5, 0, 3, 1.5], "texture": "#2"},
				"east": {"uv": [9.5, 5.5, 10.5, 7], "texture": "#2"},
				"south": {"uv": [0, 3.5, 1.5, 5], "texture": "#2"},
				"west": {"uv": [0, 10, 1, 11.5], "texture": "#2"},
				"up": {"uv": [4, 10, 5.5, 11], "texture": "#2"},
				"down": {"uv": [5.5, 10, 7, 11], "texture": "#2"}
			}
		},
		{
			"from": [6, 7, -2],
			"to": [10, 8, 0],
			"rotation": {"angle": 0, "axis": "y", "origin": [14, 15, 6]},
			"faces": {
				"north": {"uv": [10.5, 3, 12.5, 3.5], "texture": "#2"},
				"east": {"uv": [7, 1, 8, 1.5], "texture": "#2"},
				"south": {"uv": [10.5, 3.5, 12.5, 4], "texture": "#2"},
				"west": {"uv": [4, 12, 5, 12.5], "texture": "#2"},
				"up": {"uv": [7, 7, 9, 8], "texture": "#2"},
				"down": {"uv": [7, 0, 9, 1], "texture": "#2"}
			}
		},
		{
			"from": [6, 10, -2],
			"to": [10, 11, 0],
			"rotation": {"angle": 0, "axis": "y", "origin": [14, 18, 6]},
			"faces": {
				"north": {"uv": [4, 11.5, 6, 12], "texture": "#2"},
				"east": {"uv": [12.5, 10, 13.5, 10.5], "texture": "#2"},
				"south": {"uv": [10.5, 11.5, 12.5, 12], "texture": "#2"},
				"west": {"uv": [12.5, 11, 13.5, 11.5], "texture": "#2"},
				"up": {"uv": [6, 9, 8, 10], "texture": "#2"},
				"down": {"uv": [8, 9, 10, 10], "texture": "#2"}
			}
		},
		{
			"from": [6, 8, -2],
			"to": [7, 10, 0],
			"rotation": {"angle": 0, "axis": "y", "origin": [14, 16, 6]},
			"faces": {
				"north": {"uv": [7, 6, 7.5, 7], "texture": "#2"},
				"east": {"uv": [10.5, 4, 11.5, 5], "texture": "#2"},
				"south": {"uv": [9, 4, 9.5, 5], "texture": "#2"},
				"west": {"uv": [10.5, 5, 11.5, 6], "texture": "#2"},
				"up": {"uv": [2.5, 12, 3, 13], "texture": "#2"},
				"down": {"uv": [5, 12, 5.5, 13], "texture": "#2"}
			}
		},
		{
			"from": [9, 8, -2],
			"to": [10, 10, 0],
			"rotation": {"angle": 0, "axis": "y", "origin": [17, 16, 6]},
			"faces": {
				"north": {"uv": [5.5, 12, 6, 13], "texture": "#2"},
				"east": {"uv": [10.5, 6, 11.5, 7], "texture": "#2"},
				"south": {"uv": [6, 12, 6.5, 13], "texture": "#2"},
				"west": {"uv": [2, 11, 3, 12], "texture": "#2"},
				"up": {"uv": [6.5, 12, 7, 13], "texture": "#2"},
				"down": {"uv": [7, 12, 7.5, 13], "texture": "#2"}
			}
		},
		{
			"from": [6.5, 8, 6],
			"to": [9.5, 10, 13],
			"rotation": {"angle": 0, "axis": "y", "origin": [14.5, 16, 14]},
			"faces": {
				"north": {"uv": [9, 0, 10.5, 1], "texture": "#2"},
				"east": {"uv": [3, 2, 6.5, 3], "texture": "#2"},
				"south": {"uv": [9, 3, 10.5, 4], "texture": "#2"},
				"west": {"uv": [4, 5, 7.5, 6], "texture": "#2"},
				"up": {"uv": [0, 0, 1.5, 3.5], "texture": "#2"},
				"down": {"uv": [1.5, 1.5, 3, 5], "texture": "#2"}
			}
		},
		{
			"from": [7, 9, 13],
			"to": [9, 10, 17],
			"rotation": {"angle": 0, "axis": "y", "origin": [15, 16, 21]},
			"faces": {
				"north": {"uv": [12.5, 12.5, 13.5, 13], "texture": "#2"},
				"east": {"uv": [10.5, 11, 12.5, 11.5], "texture": "#2"},
				"south": {"uv": [12.5, 0.5, 13.5, 1], "texture": "#2"},
				"west": {"uv": [11, 7, 13, 7.5], "texture": "#2"},
				"up": {"uv": [1, 8.5, 2, 10.5], "texture": "#2"},
				"down": {"uv": [8.5, 5, 9.5, 7], "texture": "#2"}
			}
		},
		{
			"from": [7.75, 7.2, 7.9],
			"to": [8.25, 8.2, 8.9],
			"rotation": {"angle": 45, "axis": "x", "origin": [8, 7.7, 8.4]},
			"faces": {
				"north": {"uv": [2, 8.5, 2.5, 9], "texture": "#2"},
				"east": {"uv": [12.5, 11.5, 13, 12], "texture": "#2"},
				"south": {"uv": [1.5, 13, 2, 13.5], "texture": "#2"},
				"west": {"uv": [2.5, 13, 3, 13.5], "texture": "#2"},
				"up": {"uv": [3, 13, 3.5, 13.5], "texture": "#2"},
				"down": {"uv": [3.5, 13, 4, 13.5], "texture": "#2"}
			}
		},
		{
			"from": [7, 10, 5],
			"to": [9, 11, 11],
			"rotation": {"angle": 0, "axis": "y", "origin": [15, 18, 11]},
			"faces": {
				"north": {"uv": [11, 12, 12, 12.5], "texture": "#2"},
				"east": {"uv": [9, 8.5, 12, 9], "texture": "#2"},
				"south": {"uv": [12, 12, 13, 12.5], "texture": "#2"},
				"west": {"uv": [7, 10, 10, 10.5], "texture": "#2"},
				"up": {"uv": [4, 6, 5, 9], "texture": "#2"},
				"down": {"uv": [5, 6, 6, 9], "texture": "#2"}
			}
		},
		{
			"from": [7.5, 8, 13],
			"to": [8.5, 9, 17],
			"rotation": {"angle": 0, "axis": "y", "origin": [15.5, 16, 21]},
			"faces": {
				"north": {"uv": [13, 4, 13.5, 4.5], "texture": "#2"},
				"east": {"uv": [11.5, 1, 13.5, 1.5], "texture": "#2"},
				"south": {"uv": [13, 4.5, 13.5, 5], "texture": "#2"},
				"west": {"uv": [11.5, 1.5, 13.5, 2], "texture": "#2"},
				"up": {"uv": [0, 11.5, 0.5, 13.5], "texture": "#2"},
				"down": {"uv": [0.5, 11.5, 1, 13.5], "texture": "#2"}
			}
		},
		{
			"from": [7, 8, 18],
			"to": [9, 10, 19],
			"rotation": {"angle": 0, "axis": "y", "origin": [15, 16, 26]},
			"faces": {
				"north": {"uv": [6, 11, 7, 12], "texture": "#2"},
				"east": {"uv": [12.5, 3, 13, 4], "texture": "#2"},
				"south": {"uv": [11, 7.5, 12, 8.5], "texture": "#2"},
				"west": {"uv": [12.5, 4.5, 13, 5.5], "texture": "#2"},
				"up": {"uv": [12.5, 7.5, 13.5, 8], "texture": "#2"},
				"down": {"uv": [12.5, 8, 13.5, 8.5], "texture": "#2"}
			}
		},
		{
			"from": [7.5, 3, 3],
			"to": [8.5, 7, 5],
			"rotation": {"angle": 0, "axis": "y", "origin": [15.5, 11, 11]},
			"faces": {
				"north": {"uv": [3, 11, 3.5, 13], "texture": "#2"},
				"east": {"uv": [2.5, 7, 3.5, 9], "texture": "#2"},
				"south": {"uv": [3.5, 11, 4, 13], "texture": "#2"},
				"west": {"uv": [7.5, 5, 8.5, 7], "texture": "#2"},
				"up": {"uv": [7.5, 12, 8, 13], "texture": "#2"},
				"down": {"uv": [10.5, 12, 11, 13], "texture": "#2"}
			}
		},
		{
			"from": [7.5, 2, 4],
			"to": [8.5, 3, 5],
			"rotation": {"angle": 0, "axis": "y", "origin": [15.5, 10, 12]},
			"faces": {
				"north": {"uv": [13, 13, 13.5, 13.5], "texture": "#2"},
				"east": {"uv": [13, 0, 13.5, 0.5], "texture": "#2"},
				"south": {"uv": [13, 2, 13.5, 2.5], "texture": "#2"},
				"west": {"uv": [13, 2.5, 13.5, 3], "texture": "#2"},
				"up": {"uv": [13, 3, 13.5, 3.5], "texture": "#2"},
				"down": {"uv": [13, 3.5, 13.5, 4], "texture": "#2"}
			}
		},
		{
			"from": [7.5, 3, 8.25],
			"to": [8.5, 9, 10.25],
			"rotation": {"angle": -22.5, "axis": "x", "origin": [8.5, 7.5, 8.5]},
			"faces": {
				"north": {"uv": [10, 10, 10.5, 13], "texture": "#2"},
				"east": {"uv": [6, 6, 7, 9], "texture": "#2"},
				"south": {"uv": [1, 10.5, 1.5, 13.5], "texture": "#2"},
				"west": {"uv": [0, 7, 1, 10], "texture": "#2"},
				"up": {"uv": [4, 12.5, 4.5, 13.5], "texture": "#2"},
				"down": {"uv": [4.5, 12.5, 5, 13.5], "texture": "#2"}
			}
		},
		{
			"from": [7.5, 6, 7.25],
			"to": [8.5, 7, 8.25],
			"rotation": {"angle": -22.5, "axis": "x", "origin": [8, 7.5, 8.5]},
			"faces": {
				"north": {"uv": [6, 13, 6.5, 13.5], "texture": "#2"},
				"east": {"uv": [6.5, 13, 7, 13.5], "texture": "#2"},
				"south": {"uv": [7, 13, 7.5, 13.5], "texture": "#2"},
				"west": {"uv": [7.5, 13, 8, 13.5], "texture": "#2"},
				"up": {"uv": [8, 13, 8.5, 13.5], "texture": "#2"},
				"down": {"uv": [8.5, 13, 9, 13.5], "texture": "#2"}
			}
		},
		{
			"from": [7.5, 7, 6.25],
			"to": [8.5, 9, 7.25],
			"rotation": {"angle": -22.5, "axis": "x", "origin": [8, 7.5, 8.5]},
			"faces": {
				"north": {"uv": [9.5, 12.5, 10, 13.5], "texture": "#2"},
				"east": {"uv": [11, 12.5, 11.5, 13.5], "texture": "#2"},
				"south": {"uv": [11.5, 12.5, 12, 13.5], "texture": "#2"},
				"west": {"uv": [12, 12.5, 12.5, 13.5], "texture": "#2"},
				"up": {"uv": [9, 13, 9.5, 13.5], "texture": "#2"},
				"down": {"uv": [10, 13, 10.5, 13.5], "texture": "#2"}
			}
		},
		{
			"from": [6, 8, 5],
			"to": [10, 10, 6],
			"rotation": {"angle": 0, "axis": "x", "origin": [8, 9, 6]},
			"faces": {
				"north": {"uv": [7, 8, 9, 9], "texture": "#2"},
				"east": {"uv": [12, 4.5, 12.5, 5.5], "texture": "#2"},
				"south": {"uv": [8, 1, 10, 2], "texture": "#2"},
				"west": {"uv": [12, 7.5, 12.5, 8.5], "texture": "#2"},
				"up": {"uv": [10.5, 10, 12.5, 10.5], "texture": "#2"},
				"down": {"uv": [4, 11, 6, 11.5], "texture": "#2"}
			}
		},
		{
			"from": [9.5, 8.5, 0],
			"to": [10.5, 9.5, 5],
			"rotation": {"angle": 0, "axis": "y", "origin": [10, 9, 0]},
			"faces": {
				"north": {"uv": [5, 13, 5.5, 13.5], "texture": "#2"},
				"east": {"uv": [10, 9, 12.5, 9.5], "texture": "#2"},
				"south": {"uv": [5.5, 13, 6, 13.5], "texture": "#2"},
				"west": {"uv": [10, 9.5, 12.5, 10], "texture": "#2"},
				"up": {"uv": [1.5, 10.5, 2, 13], "texture": "#2"},
				"down": {"uv": [8, 10.5, 8.5, 13], "texture": "#2"}
			}
		},
		{
			"from": [5.5, 8.5, 0],
			"to": [6.5, 9.5, 5],
			"rotation": {"angle": 0, "axis": "y", "origin": [6, 9, 0]},
			"faces": {
				"north": {"uv": [10.5, 13, 11, 13.5], "texture": "#2"},
				"east": {"uv": [10.5, 10.5, 13, 11], "texture": "#2"},
				"south": {"uv": [12.5, 13, 13, 13.5], "texture": "#2"},
				"west": {"uv": [10.5, 0, 13, 0.5], "texture": "#2"},
				"up": {"uv": [8.5, 10.5, 9, 13], "texture": "#2"},
				"down": {"uv": [9, 10.5, 9.5, 13], "texture": "#2"}
			}
		},
		{
			"from": [6, 7, 19],
			"to": [10, 11, 21],
			"rotation": {"angle": 0, "axis": "y", "origin": [14, 14, 27]},
			"faces": {
				"north": {"uv": [0, 5, 2, 7], "texture": "#2"},
				"east": {"uv": [2, 9, 3, 11], "texture": "#2"},
				"south": {"uv": [2, 5, 4, 7], "texture": "#2"},
				"west": {"uv": [3, 9, 4, 11], "texture": "#2"},
				"up": {"uv": [8, 2, 10, 3], "texture": "#2"},
				"down": {"uv": [4, 9, 6, 10], "texture": "#2"}
			}
		},
		{
			"from": [6.5, 7.5, 17],
			"to": [9.5, 10.5, 18],
			"rotation": {"angle": 0, "axis": "y", "origin": [14.5, 14.5, 25]},
			"faces": {
				"north": {"uv": [6.5, 1.5, 8, 3], "texture": "#2"},
				"east": {"uv": [11.5, 4.5, 12, 6], "texture": "#2"},
				"south": {"uv": [1, 7, 2.5, 8.5], "texture": "#2"},
				"west": {"uv": [2, 12, 2.5, 13.5], "texture": "#2"},
				"up": {"uv": [11.5, 6, 13, 6.5], "texture": "#2"},
				"down": {"uv": [11.5, 6.5, 13, 7], "texture": "#2"}
			}
		},
		{
			"from": [7, 6, -2],
			"to": [9, 7, 1],
			"rotation": {"angle": 0, "axis": "y", "origin": [15, 14, 6]},
			"faces": {
				"north": {"uv": [12.5, 9, 13.5, 9.5], "texture": "#2"},
				"east": {"uv": [11.5, 2.5, 13, 3], "texture": "#2"},
				"south": {"uv": [12.5, 9.5, 13.5, 10], "texture": "#2"},
				"west": {"uv": [11.5, 4, 13, 4.5], "texture": "#2"},
				"up": {"uv": [10, 7, 11, 8.5], "texture": "#2"},
				"down": {"uv": [7, 10.5, 8, 12], "texture": "#2"}
			}
		}
	],
	"display": {
		"thirdperson_righthand": {
			"rotation": [0, -13, -15],
			"translation": [1.75, 0, 1]
		},
		"thirdperson_lefthand": {
			"rotation": [0, -13, -15],
			"translation": [1.75, 0, 1]
		},
		"firstperson_righthand": {
			"rotation": [0, -10, 0],
			"translation": [8.5, 2.5, 2.75]
		},
		"firstperson_lefthand": {
			"rotation": [0, -10, 0],
			"translation": [8.5, 2.5, 2.75]
		},
		"ground": {
			"translation": [0, 4, 0],
			"scale": [0.7, 0.7, 0.7]
		},
		"gui": {
			"rotation": [-90, 135, 90],
			"translation": [-1, 0.5, 0],
			"scale": [0.8, 0.8, 0.8]
		},
		"fixed": {
			"rotation": [-90, -135, -90],
			"scale": [0.75, 0.75, 0.75]
		}
	}
}