{
	"credit": "Made with Blockbench",
	"texture_size": [32, 32],
	"textures": {
		"3": "item/custom_item/ricochet_glaive/glow",
		"4": "item/custom_item/ricochet_glaive/texture",
		"particle": "item/custom_item/ricochet_glaive/texture"
	},
	"elements": [
		{
			"from": [5, 7.75, -1],
			"to": [11, 8.25, 0],
			"rotation": {"angle": 0, "axis": "y", "origin": [8, 8, 8]},
			"faces": {
				"north": {"uv": [0, 0, 0.5, 0.5], "texture": "#3"},
				"east": {"uv": [0, 0, 0.5, 0.5], "texture": "#3"},
				"south": {"uv": [0, 0, 0.5, 0.5], "texture": "#3"},
				"west": {"uv": [0, 0, 0.5, 0.5], "texture": "#3"},
				"up": {"uv": [0, 0, 0.5, 0.5], "texture": "#3"},
				"down": {"uv": [0, 0, 0.5, 0.5], "texture": "#3"}
			}
		},
		{
			"from": [2, 7.75, 1],
			"to": [3, 8.25, 2],
			"rotation": {"angle": 0, "axis": "y", "origin": [8, 8, 8]},
			"faces": {
				"north": {"uv": [0, 0, 0.5, 0.5], "texture": "#3"},
				"east": {"uv": [0, 0, 0.5, 0.5], "texture": "#3"},
				"south": {"uv": [0, 0, 0.5, 0.5], "texture": "#3"},
				"west": {"uv": [0, 0, 0.5, 0.5], "texture": "#3"},
				"up": {"uv": [0, 0, 0.5, 0.5], "texture": "#3"},
				"down": {"uv": [0, 0, 0.5, 0.5], "texture": "#3"}
			}
		},
		{
			"from": [11, 7.75, 0],
			"to": [13, 8.25, 1],
			"rotation": {"angle": 0, "axis": "y", "origin": [8, 8, 8]},
			"faces": {
				"north": {"uv": [0, 0, 0.5, 0.5], "texture": "#3"},
				"east": {"uv": [0, 0, 0.5, 0.5], "texture": "#3"},
				"south": {"uv": [0, 0, 0.5, 0.5], "texture": "#3"},
				"west": {"uv": [0, 0, 0.5, 0.5], "texture": "#3"},
				"up": {"uv": [0, 0, 0.5, 0.5], "texture": "#3"},
				"down": {"uv": [0, 0, 0.5, 0.5], "texture": "#3"}
			}
		},
		{
			"from": [3, 7.75, 0],
			"to": [5, 8.25, 1],
			"rotation": {"angle": 0, "axis": "y", "origin": [8, 8, 8]},
			"faces": {
				"north": {"uv": [0, 0, 0.5, 0.5], "texture": "#3"},
				"east": {"uv": [0, 0, 0.5, 0.5], "texture": "#3"},
				"south": {"uv": [0, 0, 0.5, 0.5], "texture": "#3"},
				"west": {"uv": [0, 0, 0.5, 0.5], "texture": "#3"},
				"up": {"uv": [0, 0, 0.5, 0.5], "texture": "#3"},
				"down": {"uv": [0, 0, 0.5, 0.5], "texture": "#3"}
			}
		},
		{
			"from": [13, 7.75, 1],
			"to": [14, 8.25, 2],
			"rotation": {"angle": 0, "axis": "y", "origin": [8, 8, 8]},
			"faces": {
				"north": {"uv": [0, 0, 0.5, 0.5], "texture": "#3"},
				"east": {"uv": [0, 0, 0.5, 0.5], "texture": "#3"},
				"south": {"uv": [0, 0, 0.5, 0.5], "texture": "#3"},
				"west": {"uv": [0, 0, 0.5, 0.5], "texture": "#3"},
				"up": {"uv": [0, 0, 0.5, 0.5], "texture": "#3"},
				"down": {"uv": [0, 0, 0.5, 0.5], "texture": "#3"}
			}
		},
		{
			"from": [14, 7.75, 2],
			"to": [15, 8.25, 3],
			"rotation": {"angle": 0, "axis": "y", "origin": [8, 8, 8]},
			"faces": {
				"north": {"uv": [0, 0, 0.5, 0.5], "texture": "#3"},
				"east": {"uv": [0, 0, 0.5, 0.5], "texture": "#3"},
				"south": {"uv": [0, 0, 0.5, 0.5], "texture": "#3"},
				"west": {"uv": [0, 0, 0.5, 0.5], "texture": "#3"},
				"up": {"uv": [0, 0, 0.5, 0.5], "texture": "#3"},
				"down": {"uv": [0, 0, 0.5, 0.5], "texture": "#3"}
			}
		},
		{
			"from": [1, 7.75, 2],
			"to": [2, 8.25, 3],
			"rotation": {"angle": 0, "axis": "y", "origin": [8, 8, 8]},
			"faces": {
				"north": {"uv": [0, 0, 0.5, 0.5], "texture": "#3"},
				"east": {"uv": [0, 0, 0.5, 0.5], "texture": "#3"},
				"south": {"uv": [0, 0, 0.5, 0.5], "texture": "#3"},
				"west": {"uv": [0, 0, 0.5, 0.5], "texture": "#3"},
				"up": {"uv": [0, 0, 0.5, 0.5], "texture": "#3"},
				"down": {"uv": [0, 0, 0.5, 0.5], "texture": "#3"}
			}
		},
		{
			"from": [15, 7.75, 3],
			"to": [16, 8.25, 5],
			"rotation": {"angle": 0, "axis": "y", "origin": [8, 8, 8]},
			"faces": {
				"north": {"uv": [0, 0, 0.5, 0.5], "texture": "#3"},
				"east": {"uv": [0, 0, 0.5, 0.5], "texture": "#3"},
				"south": {"uv": [0, 0, 0.5, 0.5], "texture": "#3"},
				"west": {"uv": [0, 0, 0.5, 0.5], "texture": "#3"},
				"up": {"uv": [0, 0, 0.5, 0.5], "texture": "#3"},
				"down": {"uv": [0, 0, 0.5, 0.5], "texture": "#3"}
			}
		},
		{
			"from": [0, 7.75, 3],
			"to": [1, 8.25, 5],
			"rotation": {"angle": 0, "axis": "y", "origin": [8, 8, 8]},
			"faces": {
				"north": {"uv": [0, 0, 0.5, 0.5], "texture": "#3"},
				"east": {"uv": [0, 0, 0.5, 0.5], "texture": "#3"},
				"south": {"uv": [0, 0, 0.5, 0.5], "texture": "#3"},
				"west": {"uv": [0, 0, 0.5, 0.5], "texture": "#3"},
				"up": {"uv": [0, 0, 0.5, 0.5], "texture": "#3"},
				"down": {"uv": [0, 0, 0.5, 0.5], "texture": "#3"}
			}
		},
		{
			"from": [16, 7.75, 5],
			"to": [17, 8.25, 11],
			"rotation": {"angle": 0, "axis": "y", "origin": [8, 8, 8]},
			"faces": {
				"north": {"uv": [0, 0, 0.5, 0.5], "texture": "#3"},
				"east": {"uv": [0, 0, 0.5, 0.5], "texture": "#3"},
				"south": {"uv": [0, 0, 0.5, 0.5], "texture": "#3"},
				"west": {"uv": [0, 0, 0.5, 0.5], "texture": "#3"},
				"up": {"uv": [0, 0, 0.5, 0.5], "texture": "#3"},
				"down": {"uv": [0, 0, 0.5, 0.5], "texture": "#3"}
			}
		},
		{
			"from": [5, 7.75, 16],
			"to": [11, 8.25, 17],
			"rotation": {"angle": 0, "axis": "y", "origin": [8, 8, 8]},
			"faces": {
				"north": {"uv": [0, 0, 0.5, 0.5], "texture": "#3"},
				"east": {"uv": [0, 0, 0.5, 0.5], "texture": "#3"},
				"south": {"uv": [0, 0, 0.5, 0.5], "texture": "#3"},
				"west": {"uv": [0, 0, 0.5, 0.5], "texture": "#3"},
				"up": {"uv": [0, 0, 0.5, 0.5], "rotation": 180, "texture": "#3"},
				"down": {"uv": [0, 0, 0.5, 0.5], "rotation": 180, "texture": "#3"}
			}
		},
		{
			"from": [13, 7.75, 14],
			"to": [14, 8.25, 15],
			"rotation": {"angle": 0, "axis": "y", "origin": [8, 8, 8]},
			"faces": {
				"north": {"uv": [0, 0, 0.5, 0.5], "texture": "#3"},
				"east": {"uv": [0, 0, 0.5, 0.5], "texture": "#3"},
				"south": {"uv": [0, 0, 0.5, 0.5], "texture": "#3"},
				"west": {"uv": [0, 0, 0.5, 0.5], "texture": "#3"},
				"up": {"uv": [0, 0, 0.5, 0.5], "rotation": 180, "texture": "#3"},
				"down": {"uv": [0, 0, 0.5, 0.5], "rotation": 180, "texture": "#3"}
			}
		},
		{
			"from": [3, 7.75, 15],
			"to": [5, 8.25, 16],
			"rotation": {"angle": 0, "axis": "y", "origin": [8, 8, 8]},
			"faces": {
				"north": {"uv": [0, 0, 0.5, 0.5], "texture": "#3"},
				"east": {"uv": [0, 0, 0.5, 0.5], "texture": "#3"},
				"south": {"uv": [0, 0, 0.5, 0.5], "texture": "#3"},
				"west": {"uv": [0, 0, 0.5, 0.5], "texture": "#3"},
				"up": {"uv": [0, 0, 0.5, 0.5], "rotation": 180, "texture": "#3"},
				"down": {"uv": [0, 0, 0.5, 0.5], "rotation": 180, "texture": "#3"}
			}
		},
		{
			"from": [11, 7.75, 15],
			"to": [13, 8.25, 16],
			"rotation": {"angle": 0, "axis": "y", "origin": [8, 8, 8]},
			"faces": {
				"north": {"uv": [0, 0, 0.5, 0.5], "texture": "#3"},
				"east": {"uv": [0, 0, 0.5, 0.5], "texture": "#3"},
				"south": {"uv": [0, 0, 0.5, 0.5], "texture": "#3"},
				"west": {"uv": [0, 0, 0.5, 0.5], "texture": "#3"},
				"up": {"uv": [0, 0, 0.5, 0.5], "rotation": 180, "texture": "#3"},
				"down": {"uv": [0, 0, 0.5, 0.5], "rotation": 180, "texture": "#3"}
			}
		},
		{
			"from": [2, 7.75, 14],
			"to": [3, 8.25, 15],
			"rotation": {"angle": 0, "axis": "y", "origin": [8, 8, 8]},
			"faces": {
				"north": {"uv": [0, 0, 0.5, 0.5], "texture": "#3"},
				"east": {"uv": [0, 0, 0.5, 0.5], "texture": "#3"},
				"south": {"uv": [0, 0, 0.5, 0.5], "texture": "#3"},
				"west": {"uv": [0, 0, 0.5, 0.5], "texture": "#3"},
				"up": {"uv": [0, 0, 0.5, 0.5], "rotation": 180, "texture": "#3"},
				"down": {"uv": [0, 0, 0.5, 0.5], "rotation": 180, "texture": "#3"}
			}
		},
		{
			"from": [1, 7.75, 13],
			"to": [2, 8.25, 14],
			"rotation": {"angle": 0, "axis": "y", "origin": [8, 8, 8]},
			"faces": {
				"north": {"uv": [0, 0, 0.5, 0.5], "texture": "#3"},
				"east": {"uv": [0, 0, 0.5, 0.5], "texture": "#3"},
				"south": {"uv": [0, 0, 0.5, 0.5], "texture": "#3"},
				"west": {"uv": [0, 0, 0.5, 0.5], "texture": "#3"},
				"up": {"uv": [0, 0, 0.5, 0.5], "rotation": 180, "texture": "#3"},
				"down": {"uv": [0, 0, 0.5, 0.5], "rotation": 180, "texture": "#3"}
			}
		},
		{
			"from": [14, 7.75, 13],
			"to": [15, 8.25, 14],
			"rotation": {"angle": 0, "axis": "y", "origin": [8, 8, 8]},
			"faces": {
				"north": {"uv": [0, 0, 0.5, 0.5], "texture": "#3"},
				"east": {"uv": [0, 0, 0.5, 0.5], "texture": "#3"},
				"south": {"uv": [0, 0, 0.5, 0.5], "texture": "#3"},
				"west": {"uv": [0, 0, 0.5, 0.5], "texture": "#3"},
				"up": {"uv": [0, 0, 0.5, 0.5], "rotation": 180, "texture": "#3"},
				"down": {"uv": [0, 0, 0.5, 0.5], "rotation": 180, "texture": "#3"}
			}
		},
		{
			"from": [0, 7.75, 11],
			"to": [1, 8.25, 13],
			"rotation": {"angle": 0, "axis": "y", "origin": [8, 8, 8]},
			"faces": {
				"north": {"uv": [0, 0, 0.5, 0.5], "texture": "#3"},
				"east": {"uv": [0, 0, 0.5, 0.5], "texture": "#3"},
				"south": {"uv": [0, 0, 0.5, 0.5], "texture": "#3"},
				"west": {"uv": [0, 0, 0.5, 0.5], "texture": "#3"},
				"up": {"uv": [0, 0, 0.5, 0.5], "rotation": 180, "texture": "#3"},
				"down": {"uv": [0, 0, 0.5, 0.5], "rotation": 180, "texture": "#3"}
			}
		},
		{
			"from": [15, 7.75, 11],
			"to": [16, 8.25, 13],
			"rotation": {"angle": 0, "axis": "y", "origin": [8, 8, 8]},
			"faces": {
				"north": {"uv": [0, 0, 0.5, 0.5], "texture": "#3"},
				"east": {"uv": [0, 0, 0.5, 0.5], "texture": "#3"},
				"south": {"uv": [0, 0, 0.5, 0.5], "texture": "#3"},
				"west": {"uv": [0, 0, 0.5, 0.5], "texture": "#3"},
				"up": {"uv": [0, 0, 0.5, 0.5], "rotation": 180, "texture": "#3"},
				"down": {"uv": [0, 0, 0.5, 0.5], "rotation": 180, "texture": "#3"}
			}
		},
		{
			"from": [-1, 7.75, 5],
			"to": [0, 8.25, 11],
			"rotation": {"angle": 0, "axis": "y", "origin": [8, 8, 8]},
			"faces": {
				"north": {"uv": [0, 0, 0.5, 0.5], "texture": "#3"},
				"east": {"uv": [0, 0, 0.5, 0.5], "texture": "#3"},
				"south": {"uv": [0, 0, 0.5, 0.5], "texture": "#3"},
				"west": {"uv": [0, 0, 0.5, 0.5], "texture": "#3"},
				"up": {"uv": [0, 0, 0.5, 0.5], "rotation": 180, "texture": "#3"},
				"down": {"uv": [0, 0, 0.5, 0.5], "rotation": 180, "texture": "#3"}
			}
		},
		{
			"from": [5, 7.5, 0],
			"to": [11, 8.5, 1],
			"rotation": {"angle": 0, "axis": "y", "origin": [8, 8, 8]},
			"faces": {
				"north": {"uv": [7, 6, 10, 6.5], "texture": "#4"},
				"east": {"uv": [14, 4.5, 14.5, 5], "texture": "#4"},
				"south": {"uv": [5, 7, 8, 7.5], "texture": "#4"},
				"west": {"uv": [14, 5, 14.5, 5.5], "texture": "#4"},
				"up": {"uv": [5.5, 10.5, 5, 7.5], "rotation": 90, "texture": "#4"},
				"down": {"uv": [6, 7.5, 5.5, 10.5], "rotation": 270, "texture": "#4"}
			}
		},
		{
			"from": [3, 7.5, 1],
			"to": [5, 8.5, 2],
			"rotation": {"angle": 0, "axis": "y", "origin": [8, 8, 8]},
			"faces": {
				"north": {"uv": [11, 8.5, 12, 9], "texture": "#4"},
				"east": {"uv": [14, 5.5, 14.5, 6], "texture": "#4"},
				"south": {"uv": [11, 8, 12, 8.5], "texture": "#4"},
				"west": {"uv": [14, 6, 14.5, 6.5], "texture": "#4"},
				"up": {"uv": [11.5, 10, 11, 9], "rotation": 90, "texture": "#4"},
				"down": {"uv": [11.5, 10, 11, 11], "rotation": 270, "texture": "#4"}
			}
		},
		{
			"from": [2, 7.5, 2],
			"to": [3, 8.5, 3],
			"rotation": {"angle": 0, "axis": "y", "origin": [8, 8, 8]},
			"faces": {
				"north": {"uv": [9, 14, 9.5, 14.5], "texture": "#4"},
				"east": {"uv": [14, 6.5, 14.5, 7], "texture": "#4"},
				"south": {"uv": [8, 14, 8.5, 14.5], "texture": "#4"},
				"west": {"uv": [8.5, 14, 9, 14.5], "texture": "#4"},
				"up": {"uv": [14.5, 9.5, 14, 9], "rotation": 90, "texture": "#4"},
				"down": {"uv": [10, 14, 9.5, 14.5], "rotation": 270, "texture": "#4"}
			}
		},
		{
			"from": [1, 7.5, 3],
			"to": [2, 8.5, 5],
			"rotation": {"angle": 0, "axis": "y", "origin": [8, 8, 8]},
			"faces": {
				"north": {"uv": [11, 14, 11.5, 14.5], "texture": "#4"},
				"east": {"uv": [11, 11, 12, 11.5], "texture": "#4"},
				"south": {"uv": [14, 10.5, 14.5, 11], "texture": "#4"},
				"west": {"uv": [1, 11.5, 2, 12], "texture": "#4"},
				"up": {"uv": [4, 12, 3, 11.5], "rotation": 90, "texture": "#4"},
				"down": {"uv": [5, 11.5, 4, 12], "rotation": 270, "texture": "#4"}
			}
		},
		{
			"from": [0, 7.5, 5],
			"to": [1, 8.5, 11],
			"rotation": {"angle": 0, "axis": "y", "origin": [8, 8, 8]},
			"faces": {
				"north": {"uv": [14.5, 0.5, 15, 1], "texture": "#4"},
				"east": {"uv": [7, 6.5, 10, 7], "texture": "#4"},
				"south": {"uv": [0.5, 14.5, 1, 15], "texture": "#4"},
				"west": {"uv": [6, 7.5, 9, 8], "texture": "#4"},
				"up": {"uv": [11, 3.5, 8, 3], "rotation": 90, "texture": "#4"},
				"down": {"uv": [11, 3.5, 8, 4], "rotation": 270, "texture": "#4"}
			}
		},
		{
			"from": [15, 7.5, 5],
			"to": [16, 8.5, 11],
			"rotation": {"angle": 0, "axis": "y", "origin": [8, 8, 8]},
			"faces": {
				"north": {"uv": [5, 14.5, 5.5, 15], "texture": "#4"},
				"east": {"uv": [8, 4, 11, 4.5], "texture": "#4"},
				"south": {"uv": [14.5, 4.5, 15, 5], "texture": "#4"},
				"west": {"uv": [8, 4.5, 11, 5], "texture": "#4"},
				"up": {"uv": [11, 5.5, 8, 5], "rotation": 90, "texture": "#4"},
				"down": {"uv": [11, 5.5, 8, 6], "rotation": 270, "texture": "#4"}
			}
		},
		{
			"from": [14, 7.5, 3],
			"to": [15, 8.5, 5],
			"rotation": {"angle": 0, "axis": "y", "origin": [8, 8, 8]},
			"faces": {
				"north": {"uv": [4.5, 14.5, 5, 15], "texture": "#4"},
				"east": {"uv": [12, 4.5, 13, 5], "texture": "#4"},
				"south": {"uv": [4, 14.5, 4.5, 15], "texture": "#4"},
				"west": {"uv": [12, 5, 13, 5.5], "texture": "#4"},
				"up": {"uv": [13, 6, 12, 5.5], "rotation": 90, "texture": "#4"},
				"down": {"uv": [7, 12, 6, 12.5], "rotation": 270, "texture": "#4"}
			}
		},
		{
			"from": [13, 7.5, 2],
			"to": [14, 8.5, 3],
			"rotation": {"angle": 0, "axis": "y", "origin": [8, 8, 8]},
			"faces": {
				"north": {"uv": [14.5, 2.5, 15, 3], "texture": "#4"},
				"east": {"uv": [1.5, 14.5, 2, 15], "texture": "#4"},
				"south": {"uv": [14.5, 1.5, 15, 2], "texture": "#4"},
				"west": {"uv": [14.5, 2, 15, 2.5], "texture": "#4"},
				"up": {"uv": [3.5, 15, 3, 14.5], "rotation": 90, "texture": "#4"},
				"down": {"uv": [4, 14.5, 3.5, 15], "rotation": 270, "texture": "#4"}
			}
		},
		{
			"from": [11, 7, 2],
			"to": [13, 9, 3],
			"rotation": {"angle": 0, "axis": "y", "origin": [8, 8, 8]},
			"faces": {
				"north": {"uv": [9, 2, 10, 3], "texture": "#4"},
				"east": {"uv": [6, 12.5, 6.5, 13.5], "texture": "#4"},
				"south": {"uv": [2, 9, 3, 10], "texture": "#4"},
				"west": {"uv": [12.5, 6, 13, 7], "texture": "#4"},
				"up": {"uv": [7, 13.5, 6.5, 12.5], "rotation": 90, "texture": "#4"},
				"down": {"uv": [7.5, 12.5, 7, 13.5], "rotation": 270, "texture": "#4"}
			}
		},
		{
			"from": [11, 7, 13],
			"to": [13, 9, 14],
			"rotation": {"angle": 0, "axis": "y", "origin": [8, 8, 8]},
			"faces": {
				"north": {"uv": [10, 2, 11, 3], "texture": "#4"},
				"east": {"uv": [12.5, 11.5, 13, 12.5], "texture": "#4"},
				"south": {"uv": [2, 10, 3, 11], "texture": "#4"},
				"west": {"uv": [12.5, 12.5, 13, 13.5], "texture": "#4"},
				"up": {"uv": [0.5, 14, 0, 13], "rotation": 90, "texture": "#4"},
				"down": {"uv": [1, 13, 0.5, 14], "rotation": 270, "texture": "#4"}
			}
		},
		{
			"from": [13, 7, 3],
			"to": [14, 9, 5],
			"rotation": {"angle": 0, "axis": "y", "origin": [8, 8, 8]},
			"faces": {
				"north": {"uv": [7.5, 12.5, 8, 13.5], "texture": "#4"},
				"east": {"uv": [9, 7.5, 10, 8.5], "texture": "#4"},
				"south": {"uv": [12.5, 7, 13, 8], "texture": "#4"},
				"west": {"uv": [9, 8.5, 10, 9.5], "texture": "#4"},
				"up": {"uv": [9, 13, 8, 12.5], "rotation": 90, "texture": "#4"},
				"down": {"uv": [10, 12.5, 9, 13], "rotation": 270, "texture": "#4"}
			}
		},
		{
			"from": [13, 7, 11],
			"to": [14, 9, 13],
			"rotation": {"angle": 0, "axis": "y", "origin": [8, 8, 8]},
			"faces": {
				"north": {"uv": [10.5, 12.5, 11, 13.5], "texture": "#4"},
				"east": {"uv": [4, 9.5, 5, 10.5], "texture": "#4"},
				"south": {"uv": [10, 12.5, 10.5, 13.5], "texture": "#4"},
				"west": {"uv": [9, 9.5, 10, 10.5], "texture": "#4"},
				"up": {"uv": [12, 13, 11, 12.5], "rotation": 90, "texture": "#4"},
				"down": {"uv": [13.5, 11, 12.5, 11.5], "rotation": 270, "texture": "#4"}
			}
		},
		{
			"from": [13, 7, 5],
			"to": [15, 9, 11],
			"rotation": {"angle": 0, "axis": "y", "origin": [8, 8, 8]},
			"faces": {
				"north": {"uv": [3, 9.5, 4, 10.5], "texture": "#4"},
				"east": {"uv": [0, 0, 3, 1], "texture": "#4"},
				"south": {"uv": [1, 9.5, 2, 10.5], "texture": "#4"},
				"west": {"uv": [0, 1, 3, 2], "texture": "#4"},
				"up": {"uv": [3, 3, 0, 2], "rotation": 90, "texture": "#4"},
				"down": {"uv": [3, 3, 0, 4], "rotation": 270, "texture": "#4"}
			}
		},
		{
			"from": [5, 7, 1],
			"to": [11, 9, 3],
			"rotation": {"angle": 0, "axis": "y", "origin": [8, 8, 8]},
			"faces": {
				"north": {"uv": [5, 5, 8, 6], "texture": "#4"},
				"east": {"uv": [10, 10.5, 11, 11.5], "texture": "#4"},
				"south": {"uv": [2, 5, 5, 6], "texture": "#4"},
				"west": {"uv": [0, 11, 1, 12], "texture": "#4"},
				"up": {"uv": [7, 3, 6, 0], "rotation": 90, "texture": "#4"},
				"down": {"uv": [3, 6, 2, 9], "rotation": 270, "texture": "#4"}
			}
		},
		{
			"from": [11, 7, 3],
			"to": [12, 9, 4],
			"rotation": {"angle": 0, "axis": "y", "origin": [8, 8, 8]},
			"faces": {
				"north": {"uv": [5.5, 13.5, 6, 14.5], "texture": "#4"},
				"east": {"uv": [13.5, 3.5, 14, 4.5], "texture": "#4"},
				"south": {"uv": [5, 13.5, 5.5, 14.5], "texture": "#4"},
				"west": {"uv": [13.5, 5, 14, 6], "texture": "#4"},
				"up": {"uv": [15, 11.5, 14.5, 11], "rotation": 90, "texture": "#4"},
				"down": {"uv": [12, 14.5, 11.5, 15], "rotation": 270, "texture": "#4"}
			}
		},
		{
			"from": [11, 7, 12],
			"to": [12, 9, 13],
			"rotation": {"angle": 0, "axis": "y", "origin": [8, 8, 8]},
			"faces": {
				"north": {"uv": [7, 13.5, 7.5, 14.5], "texture": "#4"},
				"east": {"uv": [6, 13.5, 6.5, 14.5], "texture": "#4"},
				"south": {"uv": [13.5, 6, 14, 7], "texture": "#4"},
				"west": {"uv": [6.5, 13.5, 7, 14.5], "texture": "#4"},
				"up": {"uv": [15, 12, 14.5, 11.5], "rotation": 90, "texture": "#4"},
				"down": {"uv": [12.5, 14.5, 12, 15], "rotation": 270, "texture": "#4"}
			}
		},
		{
			"from": [12, 7, 11],
			"to": [13, 9, 13],
			"rotation": {"angle": 0, "axis": "y", "origin": [8, 8, 8]},
			"faces": {
				"north": {"uv": [11, 13, 11.5, 14], "texture": "#4"},
				"east": {"uv": [2, 11, 3, 12], "texture": "#4"},
				"south": {"uv": [13, 9.5, 13.5, 10.5], "texture": "#4"},
				"west": {"uv": [11, 2, 12, 3], "texture": "#4"},
				"up": {"uv": [14, 11, 13, 10.5], "rotation": 90, "texture": "#4"},
				"down": {"uv": [12.5, 13, 11.5, 13.5], "rotation": 270, "texture": "#4"}
			}
		},
		{
			"from": [12, 7, 3],
			"to": [13, 9, 5],
			"rotation": {"angle": 0, "axis": "y", "origin": [8, 8, 8]},
			"faces": {
				"north": {"uv": [13, 12.5, 13.5, 13.5], "texture": "#4"},
				"east": {"uv": [11, 3, 12, 4], "texture": "#4"},
				"south": {"uv": [13, 11.5, 13.5, 12.5], "texture": "#4"},
				"west": {"uv": [11, 4, 12, 5], "texture": "#4"},
				"up": {"uv": [14.5, 0.5, 13.5, 0], "rotation": 90, "texture": "#4"},
				"down": {"uv": [14.5, 0.5, 13.5, 1], "rotation": 270, "texture": "#4"}
			}
		},
		{
			"from": [3, 7, 2],
			"to": [5, 9, 3],
			"rotation": {"angle": 0, "axis": "y", "origin": [8, 8, 8]},
			"faces": {
				"north": {"uv": [10, 6, 11, 7], "texture": "#4"},
				"east": {"uv": [1, 13, 1.5, 14], "texture": "#4"},
				"south": {"uv": [6, 10, 7, 11], "texture": "#4"},
				"west": {"uv": [13, 1, 13.5, 2], "texture": "#4"},
				"up": {"uv": [2, 14, 1.5, 13], "rotation": 90, "texture": "#4"},
				"down": {"uv": [2.5, 13, 2, 14], "rotation": 270, "texture": "#4"}
			}
		},
		{
			"from": [11, 7, 13],
			"to": [13, 9, 14],
			"rotation": {"angle": 0, "axis": "y", "origin": [8, 8, 8]},
			"faces": {
				"north": {"uv": [6, 10, 7, 11], "texture": "#4"},
				"east": {"uv": [13, 1, 13.5, 2], "texture": "#4"},
				"south": {"uv": [10, 6, 11, 7], "texture": "#4"},
				"west": {"uv": [1, 13, 1.5, 14], "texture": "#4"},
				"up": {"uv": [1.5, 13, 2, 14], "rotation": 90, "texture": "#4"},
				"down": {"uv": [2, 14, 2.5, 13], "rotation": 270, "texture": "#4"}
			}
		},
		{
			"from": [3, 7, 2],
			"to": [5, 9, 3],
			"rotation": {"angle": 0, "axis": "y", "origin": [8, 8, 8]},
			"faces": {
				"north": {"uv": [2, 10, 3, 11], "texture": "#4"},
				"east": {"uv": [12.5, 12.5, 13, 13.5], "texture": "#4"},
				"south": {"uv": [10, 2, 11, 3], "texture": "#4"},
				"west": {"uv": [12.5, 11.5, 13, 12.5], "texture": "#4"},
				"up": {"uv": [0, 13, 0.5, 14], "rotation": 90, "texture": "#4"},
				"down": {"uv": [0.5, 14, 1, 13], "rotation": 270, "texture": "#4"}
			}
		},
		{
			"from": [3, 7, 3],
			"to": [4, 9, 5],
			"rotation": {"angle": 0, "axis": "y", "origin": [8, 8, 8]},
			"faces": {
				"north": {"uv": [13, 9.5, 13.5, 10.5], "texture": "#4"},
				"east": {"uv": [11, 2, 12, 3], "texture": "#4"},
				"south": {"uv": [11, 13, 11.5, 14], "texture": "#4"},
				"west": {"uv": [2, 11, 3, 12], "texture": "#4"},
				"up": {"uv": [13, 10.5, 14, 11], "rotation": 90, "texture": "#4"},
				"down": {"uv": [11.5, 13.5, 12.5, 13], "rotation": 270, "texture": "#4"}
			}
		},
		{
			"from": [2, 7, 3],
			"to": [3, 9, 5],
			"rotation": {"angle": 0, "axis": "y", "origin": [8, 8, 8]},
			"faces": {
				"north": {"uv": [10, 12.5, 10.5, 13.5], "texture": "#4"},
				"east": {"uv": [9, 9.5, 10, 10.5], "texture": "#4"},
				"south": {"uv": [10.5, 12.5, 11, 13.5], "texture": "#4"},
				"west": {"uv": [4, 9.5, 5, 10.5], "texture": "#4"},
				"up": {"uv": [11, 12.5, 12, 13], "rotation": 90, "texture": "#4"},
				"down": {"uv": [12.5, 11.5, 13.5, 11], "rotation": 270, "texture": "#4"}
			}
		},
		{
			"from": [1, 7, 5],
			"to": [3, 9, 11],
			"rotation": {"angle": 0, "axis": "y", "origin": [8, 8, 8]},
			"faces": {
				"north": {"uv": [1, 9.5, 2, 10.5], "texture": "#4"},
				"east": {"uv": [0, 1, 3, 2], "texture": "#4"},
				"south": {"uv": [3, 9.5, 4, 10.5], "texture": "#4"},
				"west": {"uv": [0, 0, 3, 1], "texture": "#4"},
				"up": {"uv": [0, 2, 3, 3], "rotation": 90, "texture": "#4"},
				"down": {"uv": [0, 4, 3, 3], "rotation": 270, "texture": "#4"}
			}
		},
		{
			"from": [3, 7, 11],
			"to": [4, 9, 13],
			"rotation": {"angle": 0, "axis": "y", "origin": [8, 8, 8]},
			"faces": {
				"north": {"uv": [13, 11.5, 13.5, 12.5], "texture": "#4"},
				"east": {"uv": [11, 4, 12, 5], "texture": "#4"},
				"south": {"uv": [13, 12.5, 13.5, 13.5], "texture": "#4"},
				"west": {"uv": [11, 3, 12, 4], "texture": "#4"},
				"up": {"uv": [13.5, 0, 14.5, 0.5], "rotation": 90, "texture": "#4"},
				"down": {"uv": [13.5, 1, 14.5, 0.5], "rotation": 270, "texture": "#4"}
			}
		},
		{
			"from": [2, 7, 11],
			"to": [3, 9, 13],
			"rotation": {"angle": 0, "axis": "y", "origin": [8, 8, 8]},
			"faces": {
				"north": {"uv": [12.5, 7, 13, 8], "texture": "#4"},
				"east": {"uv": [9, 8.5, 10, 9.5], "texture": "#4"},
				"south": {"uv": [7.5, 12.5, 8, 13.5], "texture": "#4"},
				"west": {"uv": [9, 7.5, 10, 8.5], "texture": "#4"},
				"up": {"uv": [8, 12.5, 9, 13], "rotation": 90, "texture": "#4"},
				"down": {"uv": [9, 13, 10, 12.5], "rotation": 270, "texture": "#4"}
			}
		},
		{
			"from": [4, 7, 12],
			"to": [5, 9, 13],
			"rotation": {"angle": 0, "axis": "y", "origin": [8, 8, 8]},
			"faces": {
				"north": {"uv": [5, 13.5, 5.5, 14.5], "texture": "#4"},
				"east": {"uv": [13.5, 5, 14, 6], "texture": "#4"},
				"south": {"uv": [5.5, 13.5, 6, 14.5], "texture": "#4"},
				"west": {"uv": [13.5, 3.5, 14, 4.5], "texture": "#4"},
				"up": {"uv": [14.5, 11, 15, 11.5], "rotation": 90, "texture": "#4"},
				"down": {"uv": [11.5, 15, 12, 14.5], "rotation": 270, "texture": "#4"}
			}
		},
		{
			"from": [3, 7, 13],
			"to": [5, 9, 14],
			"rotation": {"angle": 0, "axis": "y", "origin": [8, 8, 8]},
			"faces": {
				"north": {"uv": [2, 9, 3, 10], "texture": "#4"},
				"east": {"uv": [12.5, 6, 13, 7], "texture": "#4"},
				"south": {"uv": [9, 2, 10, 3], "texture": "#4"},
				"west": {"uv": [6, 12.5, 6.5, 13.5], "texture": "#4"},
				"up": {"uv": [6.5, 12.5, 7, 13.5], "rotation": 90, "texture": "#4"},
				"down": {"uv": [7, 13.5, 7.5, 12.5], "rotation": 270, "texture": "#4"}
			}
		},
		{
			"from": [5, 7, 13],
			"to": [11, 9, 15],
			"rotation": {"angle": 0, "axis": "y", "origin": [8, 8, 8]},
			"faces": {
				"north": {"uv": [2, 5, 5, 6], "texture": "#4"},
				"east": {"uv": [0, 11, 1, 12], "texture": "#4"},
				"south": {"uv": [5, 5, 8, 6], "texture": "#4"},
				"west": {"uv": [10, 10.5, 11, 11.5], "texture": "#4"},
				"up": {"uv": [6, 0, 7, 3], "rotation": 90, "texture": "#4"},
				"down": {"uv": [2, 9, 3, 6], "rotation": 270, "texture": "#4"}
			}
		},
		{
			"from": [11, 7.5, 1],
			"to": [13, 8.5, 2],
			"rotation": {"angle": 0, "axis": "y", "origin": [8, 8, 8]},
			"faces": {
				"north": {"uv": [3.5, 12, 4.5, 12.5], "texture": "#4"},
				"east": {"uv": [1, 14.5, 1.5, 15], "texture": "#4"},
				"south": {"uv": [12, 3, 13, 3.5], "texture": "#4"},
				"west": {"uv": [14.5, 1, 15, 1.5], "texture": "#4"},
				"up": {"uv": [12.5, 4.5, 12, 3.5], "rotation": 90, "texture": "#4"},
				"down": {"uv": [5, 12, 4.5, 13], "rotation": 270, "texture": "#4"}
			}
		},
		{
			"from": [1, 7.5, 11],
			"to": [2, 8.5, 13],
			"rotation": {"angle": 0, "axis": "y", "origin": [8, 8, 8]},
			"faces": {
				"north": {"uv": [10.5, 14.5, 11, 15], "texture": "#4"},
				"east": {"uv": [3.5, 12.5, 4.5, 13], "texture": "#4"},
				"south": {"uv": [14.5, 10, 15, 10.5], "texture": "#4"},
				"west": {"uv": [12.5, 3.5, 13.5, 4], "texture": "#4"},
				"up": {"uv": [13.5, 4.5, 12.5, 4], "rotation": 90, "texture": "#4"},
				"down": {"uv": [6, 12.5, 5, 13], "rotation": 270, "texture": "#4"}
			}
		},
		{
			"from": [2, 7.5, 13],
			"to": [3, 8.5, 14],
			"rotation": {"angle": 0, "axis": "y", "origin": [8, 8, 8]},
			"faces": {
				"north": {"uv": [9.5, 14.5, 10, 15], "texture": "#4"},
				"east": {"uv": [14.5, 8.5, 15, 9], "texture": "#4"},
				"south": {"uv": [9, 14.5, 9.5, 15], "texture": "#4"},
				"west": {"uv": [14.5, 9, 15, 9.5], "texture": "#4"},
				"up": {"uv": [15, 10, 14.5, 9.5], "rotation": 90, "texture": "#4"},
				"down": {"uv": [10.5, 14.5, 10, 15], "rotation": 270, "texture": "#4"}
			}
		},
		{
			"from": [3, 7.5, 14],
			"to": [5, 8.5, 15],
			"rotation": {"angle": 0, "axis": "y", "origin": [8, 8, 8]},
			"faces": {
				"north": {"uv": [12.5, 0.5, 13.5, 1], "texture": "#4"},
				"east": {"uv": [14.5, 8, 15, 8.5], "texture": "#4"},
				"south": {"uv": [12.5, 0, 13.5, 0.5], "texture": "#4"},
				"west": {"uv": [8.5, 14.5, 9, 15], "texture": "#4"},
				"up": {"uv": [13, 2, 12.5, 1], "rotation": 90, "texture": "#4"},
				"down": {"uv": [13, 2, 12.5, 3], "rotation": 270, "texture": "#4"}
			}
		},
		{
			"from": [5, 7.5, 15],
			"to": [11, 8.5, 16],
			"rotation": {"angle": 0, "axis": "y", "origin": [8, 8, 8]},
			"faces": {
				"north": {"uv": [8, 7, 11, 7.5], "texture": "#4"},
				"east": {"uv": [14.5, 7.5, 15, 8], "texture": "#4"},
				"south": {"uv": [6, 8, 9, 8.5], "texture": "#4"},
				"west": {"uv": [8, 14.5, 8.5, 15], "texture": "#4"},
				"up": {"uv": [0.5, 11, 0, 8], "rotation": 90, "texture": "#4"},
				"down": {"uv": [1, 8, 0.5, 11], "rotation": 270, "texture": "#4"}
			}
		},
		{
			"from": [11, 7.5, 14],
			"to": [13, 8.5, 15],
			"rotation": {"angle": 0, "axis": "y", "origin": [8, 8, 8]},
			"faces": {
				"north": {"uv": [12, 10.5, 13, 11], "texture": "#4"},
				"east": {"uv": [14.5, 7, 15, 7.5], "texture": "#4"},
				"south": {"uv": [12, 10, 13, 10.5], "texture": "#4"},
				"west": {"uv": [7.5, 14.5, 8, 15], "texture": "#4"},
				"up": {"uv": [12.5, 12, 12, 11], "rotation": 90, "texture": "#4"},
				"down": {"uv": [12.5, 12, 12, 13], "rotation": 270, "texture": "#4"}
			}
		},
		{
			"from": [13, 7.5, 13],
			"to": [14, 8.5, 14],
			"rotation": {"angle": 0, "axis": "y", "origin": [8, 8, 8]},
			"faces": {
				"north": {"uv": [6.5, 14.5, 7, 15], "texture": "#4"},
				"east": {"uv": [14.5, 5.5, 15, 6], "texture": "#4"},
				"south": {"uv": [6, 14.5, 6.5, 15], "texture": "#4"},
				"west": {"uv": [14.5, 6, 15, 6.5], "texture": "#4"},
				"up": {"uv": [15, 7, 14.5, 6.5], "rotation": 90, "texture": "#4"},
				"down": {"uv": [7.5, 14.5, 7, 15], "rotation": 270, "texture": "#4"}
			}
		},
		{
			"from": [14, 7.5, 11],
			"to": [15, 8.5, 13],
			"rotation": {"angle": 0, "axis": "y", "origin": [8, 8, 8]},
			"faces": {
				"north": {"uv": [5.5, 14.5, 6, 15], "texture": "#4"},
				"east": {"uv": [12, 8, 13, 8.5], "texture": "#4"},
				"south": {"uv": [14.5, 5, 15, 5.5], "texture": "#4"},
				"west": {"uv": [12, 8.5, 13, 9], "texture": "#4"},
				"up": {"uv": [13, 9.5, 12, 9], "rotation": 90, "texture": "#4"},
				"down": {"uv": [13, 9.5, 12, 10], "rotation": 270, "texture": "#4"}
			}
		},
		{
			"from": [10, 7.5, 9],
			"to": [13, 8.5, 11],
			"rotation": {"angle": 0, "axis": "y", "origin": [8, 8, 8]},
			"faces": {
				"north": {"uv": [11, 6.5, 12.5, 7], "texture": "#4"},
				"east": {"uv": [13.5, 7, 14.5, 7.5], "texture": "#4"},
				"south": {"uv": [11, 6, 12.5, 6.5], "texture": "#4"},
				"west": {"uv": [13.5, 7.5, 14.5, 8], "texture": "#4"},
				"up": {"uv": [2, 9.5, 1, 8], "rotation": 90, "texture": "#4"},
				"down": {"uv": [4, 8, 3, 9.5], "rotation": 270, "texture": "#4"}
			}
		},
		{
			"from": [6, 7.5, 11],
			"to": [8, 8.5, 12],
			"rotation": {"angle": 0, "axis": "y", "origin": [8, 8, 8]},
			"faces": {
				"north": {"uv": [13.5, 9.5, 14.5, 10], "texture": "#4"},
				"east": {"uv": [14.5, 12, 15, 12.5], "texture": "#4"},
				"south": {"uv": [9, 13.5, 10, 14], "texture": "#4"},
				"west": {"uv": [12.5, 14.5, 13, 15], "texture": "#4"},
				"up": {"uv": [8, 14.5, 7.5, 13.5], "rotation": 90, "texture": "#4"},
				"down": {"uv": [10.5, 13.5, 10, 14.5], "rotation": 270, "texture": "#4"}
			}
		},
		{
			"from": [4, 7.5, 8],
			"to": [5, 8.5, 10],
			"rotation": {"angle": 0, "axis": "y", "origin": [8, 8, 8]},
			"faces": {
				"north": {"uv": [13.5, 14.5, 14, 15], "texture": "#4"},
				"east": {"uv": [13.5, 11.5, 14.5, 12], "texture": "#4"},
				"south": {"uv": [14.5, 13, 15, 13.5], "texture": "#4"},
				"west": {"uv": [12, 13.5, 13, 14], "texture": "#4"},
				"up": {"uv": [14.5, 12.5, 13.5, 12], "rotation": 90, "texture": "#4"},
				"down": {"uv": [14.5, 12.5, 13.5, 13], "rotation": 270, "texture": "#4"}
			}
		},
		{
			"from": [5, 7.5, 10],
			"to": [6, 8.5, 11],
			"rotation": {"angle": 0, "axis": "y", "origin": [8, 8, 8]},
			"faces": {
				"north": {"uv": [15, 1.5, 15.5, 2], "texture": "#4"},
				"east": {"uv": [1, 15, 1.5, 15.5], "texture": "#4"},
				"south": {"uv": [15, 1, 15.5, 1.5], "texture": "#4"},
				"west": {"uv": [1.5, 15, 2, 15.5], "texture": "#4"},
				"up": {"uv": [2.5, 15.5, 2, 15], "rotation": 90, "texture": "#4"},
				"down": {"uv": [15.5, 2, 15, 2.5], "rotation": 270, "texture": "#4"}
			}
		},
		{
			"from": [11, 7.5, 6],
			"to": [12, 8.5, 8],
			"rotation": {"angle": 0, "axis": "y", "origin": [8, 8, 8]},
			"faces": {
				"north": {"uv": [15, 2.5, 15.5, 3], "texture": "#4"},
				"east": {"uv": [14, 3, 15, 3.5], "texture": "#4"},
				"south": {"uv": [2.5, 15, 3, 15.5], "texture": "#4"},
				"west": {"uv": [14, 3.5, 15, 4], "texture": "#4"},
				"up": {"uv": [5, 14.5, 4, 14], "rotation": 90, "texture": "#4"},
				"down": {"uv": [15, 4, 14, 4.5], "rotation": 270, "texture": "#4"}
			}
		},
		{
			"from": [10, 7.5, 5],
			"to": [11, 8.5, 6],
			"rotation": {"angle": 0, "axis": "y", "origin": [8, 8, 8]},
			"faces": {
				"north": {"uv": [14.5, 14.5, 15, 15], "texture": "#4"},
				"east": {"uv": [14.5, 13.5, 15, 14], "texture": "#4"},
				"south": {"uv": [14, 14.5, 14.5, 15], "texture": "#4"},
				"west": {"uv": [14.5, 14, 15, 14.5], "texture": "#4"},
				"up": {"uv": [0.5, 15.5, 0, 15], "rotation": 90, "texture": "#4"},
				"down": {"uv": [15.5, 0, 15, 0.5], "rotation": 270, "texture": "#4"}
			}
		},
		{
			"from": [8, 7.5, 4],
			"to": [10, 8.5, 5],
			"rotation": {"angle": 0, "axis": "y", "origin": [8, 8, 8]},
			"faces": {
				"north": {"uv": [13.5, 11, 14.5, 11.5], "texture": "#4"},
				"east": {"uv": [14.5, 12.5, 15, 13], "texture": "#4"},
				"south": {"uv": [13.5, 10, 14.5, 10.5], "texture": "#4"},
				"west": {"uv": [13, 14.5, 13.5, 15], "texture": "#4"},
				"up": {"uv": [11, 14.5, 10.5, 13.5], "rotation": 90, "texture": "#4"},
				"down": {"uv": [12, 13.5, 11.5, 14.5], "rotation": 270, "texture": "#4"}
			}
		},
		{
			"from": [3, 7.5, 5],
			"to": [6, 8.5, 7],
			"rotation": {"angle": 0, "axis": "y", "origin": [8, 8, 8]},
			"faces": {
				"north": {"uv": [11, 7.5, 12.5, 8], "texture": "#4"},
				"east": {"uv": [13.5, 8, 14.5, 8.5], "texture": "#4"},
				"south": {"uv": [11, 7, 12.5, 7.5], "texture": "#4"},
				"west": {"uv": [13.5, 8.5, 14.5, 9], "texture": "#4"},
				"up": {"uv": [5, 9.5, 4, 8], "rotation": 90, "texture": "#4"},
				"down": {"uv": [7, 8.5, 6, 10], "rotation": 270, "texture": "#4"}
			}
		},
		{
			"from": [6, 7, 10],
			"to": [10, 9, 11],
			"rotation": {"angle": 0, "axis": "z", "origin": [8, 8, 8]},
			"faces": {
				"north": {"uv": [6, 3, 8, 4], "texture": "#4"},
				"east": {"uv": [5, 11.5, 5.5, 12.5], "texture": "#4"},
				"south": {"uv": [3, 6, 5, 7], "texture": "#4"},
				"west": {"uv": [5.5, 11.5, 6, 12.5], "texture": "#4"},
				"up": {"uv": [7.5, 10.5, 7, 8.5], "rotation": 90, "texture": "#4"},
				"down": {"uv": [8, 8.5, 7.5, 10.5], "rotation": 270, "texture": "#4"}
			}
		},
		{
			"from": [6, 7, 5],
			"to": [10, 9, 6],
			"rotation": {"angle": 0, "axis": "z", "origin": [8, 8, 8]},
			"faces": {
				"north": {"uv": [5, 6, 7, 7], "texture": "#4"},
				"east": {"uv": [7, 11.5, 7.5, 12.5], "texture": "#4"},
				"south": {"uv": [6, 4, 8, 5], "texture": "#4"},
				"west": {"uv": [7.5, 11.5, 8, 12.5], "texture": "#4"},
				"up": {"uv": [8.5, 10.5, 8, 8.5], "rotation": 90, "texture": "#4"},
				"down": {"uv": [9, 8.5, 8.5, 10.5], "rotation": 270, "texture": "#4"}
			}
		},
		{
			"from": [10, 7, 6],
			"to": [11, 9, 10],
			"rotation": {"angle": 0, "axis": "y", "origin": [8, 8, 8]},
			"faces": {
				"north": {"uv": [8.5, 11.5, 9, 12.5], "texture": "#4"},
				"east": {"uv": [7, 0, 9, 1], "texture": "#4"},
				"south": {"uv": [8, 11.5, 8.5, 12.5], "texture": "#4"},
				"west": {"uv": [7, 1, 9, 2], "texture": "#4"},
				"up": {"uv": [11, 0.5, 9, 0], "rotation": 90, "texture": "#4"},
				"down": {"uv": [11, 0.5, 9, 1], "rotation": 270, "texture": "#4"}
			}
		},
		{
			"from": [5, 7, 6],
			"to": [6, 9, 10],
			"rotation": {"angle": 0, "axis": "y", "origin": [8, 8, 8]},
			"faces": {
				"north": {"uv": [11.5, 9, 12, 10], "texture": "#4"},
				"east": {"uv": [7, 2, 9, 3], "texture": "#4"},
				"south": {"uv": [9, 11.5, 9.5, 12.5], "texture": "#4"},
				"west": {"uv": [3, 7, 5, 8], "texture": "#4"},
				"up": {"uv": [11, 1.5, 9, 1], "rotation": 90, "texture": "#4"},
				"down": {"uv": [11, 1.5, 9, 2], "rotation": 270, "texture": "#4"}
			}
		},
		{
			"from": [9, 7, 6],
			"to": [10, 9, 7],
			"rotation": {"angle": 0, "axis": "y", "origin": [8, 8, 8]},
			"faces": {
				"north": {"uv": [10.5, 11.5, 11, 12.5], "texture": "#4"},
				"east": {"uv": [9.5, 11.5, 10, 12.5], "texture": "#4"},
				"south": {"uv": [10, 11.5, 10.5, 12.5], "texture": "#4"},
				"west": {"uv": [11.5, 10, 12, 11], "texture": "#4"},
				"up": {"uv": [12.5, 14.5, 12, 14], "rotation": 90, "texture": "#4"},
				"down": {"uv": [13, 14, 12.5, 14.5], "rotation": 270, "texture": "#4"}
			}
		},
		{
			"from": [6, 7, 6],
			"to": [7, 9, 7],
			"rotation": {"angle": 0, "axis": "y", "origin": [8, 8, 8]},
			"faces": {
				"north": {"uv": [12, 0, 12.5, 1], "texture": "#4"},
				"east": {"uv": [11, 11.5, 11.5, 12.5], "texture": "#4"},
				"south": {"uv": [11.5, 11.5, 12, 12.5], "texture": "#4"},
				"west": {"uv": [0, 12, 0.5, 13], "texture": "#4"},
				"up": {"uv": [14.5, 13.5, 14, 13], "rotation": 90, "texture": "#4"},
				"down": {"uv": [14, 14, 13.5, 14.5], "rotation": 270, "texture": "#4"}
			}
		},
		{
			"from": [6, 7, 9],
			"to": [7, 9, 10],
			"rotation": {"angle": 0, "axis": "y", "origin": [8, 8, 8]},
			"faces": {
				"north": {"uv": [1.5, 12, 2, 13], "texture": "#4"},
				"east": {"uv": [0.5, 12, 1, 13], "texture": "#4"},
				"south": {"uv": [1, 12, 1.5, 13], "texture": "#4"},
				"west": {"uv": [12, 1, 12.5, 2], "texture": "#4"},
				"up": {"uv": [14.5, 14, 14, 13.5], "rotation": 90, "texture": "#4"},
				"down": {"uv": [14.5, 14, 14, 14.5], "rotation": 270, "texture": "#4"}
			}
		},
		{
			"from": [9, 7, 9],
			"to": [10, 9, 10],
			"rotation": {"angle": 0, "axis": "y", "origin": [8, 8, 8]},
			"faces": {
				"north": {"uv": [3, 12, 3.5, 13], "texture": "#4"},
				"east": {"uv": [2, 12, 2.5, 13], "texture": "#4"},
				"south": {"uv": [12, 2, 12.5, 3], "texture": "#4"},
				"west": {"uv": [2.5, 12, 3, 13], "texture": "#4"},
				"up": {"uv": [0.5, 15, 0, 14.5], "rotation": 90, "texture": "#4"},
				"down": {"uv": [15, 0, 14.5, 0.5], "rotation": 270, "texture": "#4"}
			}
		}
	],
	"gui_light": "front",
	"display": {
		"thirdperson_righthand": {
			"rotation": [25, 5, 90],
			"translation": [-1.75, -1.75, 1.5],
			"scale": [0.75, 0.75, 0.75]
		},
		"thirdperson_lefthand": {
			"rotation": [0, 5, -90],
			"translation": [-1.75, -1.75, 1.5],
			"scale": [0.75, 0.75, 0.75]
		},
		"firstperson_righthand": {
			"rotation": [45, 15, -100],
			"translation": [1, 2, 2],
			"scale": [0.75, 0.75, 0.75]
		},
		"firstperson_lefthand": {
			"rotation": [45, 15, 100],
			"translation": [1, 2, 2],
			"scale": [0.75, 0.75, 0.75]
		},
		"ground": {
			"rotation": [45, 0, -90],
			"translation": [0, 2.5, 0],
			"scale": [0.35, 0.35, 0.35]
		},
		"gui": {
			"rotation": [-90, -45, 0],
			"scale": [0.8, 0.8, 0.8]
		},
		"head": {
			"translation": [0, -6, 0]
		},
		"fixed": {
			"rotation": [-90, 45, 0],
			"translation": [0, 0, -1]
		}
	},
	"groups": [
		{
			"name": "group",
			"origin": [8, 8, 8],
			"color": 0,
			"nbt": "{}",
			"children": [
				{
					"name": "photon",
					"origin": [11.27273, 1, 4.04545],
					"color": 0,
					"nbt": "{}",
					"children": [0, 1, 2, 3, 4, 5, 6, 7, 8, 9, 10, 11, 12, 13, 14, 15, 16, 17, 18, 19]
				},
				{
					"name": "blade",
					"origin": [8, 1, 7],
					"color": 0,
					"nbt": "{}",
					"children": [20, 21, 22, 23, 24, 25, 26, 27, 28, 29, 30, 31, 32, 33, 34, 35, 36, 37, 38, 39, 40, 41, 42, 43, 44, 45, 46, 47, 48, 49, 50, 51, 52, 53, 54, 55, 56, 57, 58, 59, 60, 61, 62, 63, 64]
				},
				{
					"name": "core",
					"origin": [0, 0, 0],
					"color": 0,
					"nbt": "{}",
					"children": [65, 66, 67, 68, 69, 70, 71, 72]
				}
			]
		}
	]
}