{
	"credit": "Made with Blockbench",
	"texture_size": [32, 32],
	"textures": {
		"3": "item/custom_item/sword_of_light",
		"particle": "item/custom_item/sol_glow"
	},
	"elements": [
		{
			"from": [7, 10, 7],
			"to": [9, 11, 9],
			"rotation": {"angle": 0, "axis": "y", "origin": [8, 7, 8]},
			"faces": {
				"north": {"uv": [0, 0, 1, 0.5], "texture": "#particle"},
				"east": {"uv": [0, 0, 1, 0.5], "texture": "#particle"},
				"south": {"uv": [0, 0, 1, 0.5], "texture": "#particle"},
				"west": {"uv": [0, 0, 1, 0.5], "texture": "#particle"},
				"up": {"uv": [0, 0, 1, 0.5], "rotation": 270, "texture": "#particle"},
				"down": {"uv": [0, 0, 1, 0.5], "rotation": 90, "texture": "#particle"}
			}
		},
		{
			"name": "blade",
			"from": [7.5, 17, 8],
			"to": [8.5, 22, 9],
			"rotation": {"angle": 0, "axis": "y", "origin": [8, 7, 8]},
			"faces": {
				"north": {"uv": [6, 9, 6.5, 13.5], "texture": "#3"},
				"east": {"uv": [9, 9, 9.5, 13.5], "texture": "#3"},
				"south": {"uv": [0, 9.5, 0.5, 14], "texture": "#3"},
				"west": {"uv": [5.5, 9, 6, 13.5], "texture": "#3"},
				"up": {"uv": [7.5, 13, 8, 13.5], "rotation": 270, "texture": "#3"},
				"down": {"uv": [8, 13, 8.5, 13.5], "rotation": 90, "texture": "#3"}
			}
		},
		{
			"name": "blade",
			"from": [7.5, 23, 7],
			"to": [8.5, 25, 8],
			"rotation": {"angle": 0, "axis": "y", "origin": [8, 3, 8]},
			"faces": {
				"north": {"uv": [8, 2, 8.5, 3], "texture": "#3"},
				"east": {"uv": [8.5, 7.5, 9, 8.5], "texture": "#3"},
				"south": {"uv": [12, 2, 12.5, 3], "texture": "#3"},
				"west": {"uv": [4, 3, 4.5, 4], "texture": "#3"},
				"up": {"uv": [12.5, 8.5, 13, 9], "rotation": 270, "texture": "#3"},
				"down": {"uv": [12.5, 9, 13, 9.5], "rotation": 90, "texture": "#3"}
			}
		},
		{
			"name": "blade",
			"from": [7.5, 25, 8],
			"to": [8.5, 26, 9],
			"rotation": {"angle": 0, "axis": "y", "origin": [8, 3, 8]},
			"faces": {
				"north": {"uv": [3, 13, 3.5, 13.5], "texture": "#3"},
				"east": {"uv": [3.5, 13, 4, 13.5], "texture": "#3"},
				"south": {"uv": [4, 13, 4.5, 13.5], "texture": "#3"},
				"west": {"uv": [2.5, 13, 3, 13.5], "texture": "#3"},
				"up": {"uv": [4.5, 13, 5, 13.5], "rotation": 270, "texture": "#3"},
				"down": {"uv": [5, 13, 5.5, 13.5], "rotation": 90, "texture": "#3"}
			}
		},
		{
			"name": "blade",
			"from": [7, 22, 8],
			"to": [9, 25, 9],
			"rotation": {"angle": 0, "axis": "y", "origin": [8, 3, 8]},
			"faces": {
				"north": {"uv": [5.5, 4, 6.5, 5.5], "texture": "#3"},
				"east": {"uv": [11, 6, 11.5, 7.5], "texture": "#3"},
				"south": {"uv": [9.5, 6, 10.5, 7.5], "texture": "#3"},
				"west": {"uv": [11, 4.5, 11.5, 6], "texture": "#3"},
				"up": {"uv": [12, 6.5, 12.5, 7.5], "rotation": 270, "texture": "#3"},
				"down": {"uv": [12, 9, 12.5, 10], "rotation": 90, "texture": "#3"}
			}
		},
		{
			"name": "blade",
			"from": [7.5, 22, 9],
			"to": [8.5, 27, 10],
			"rotation": {"angle": 0, "axis": "y", "origin": [8, 3, 8]},
			"faces": {
				"north": {"uv": [4.5, 10, 5, 12.5], "texture": "#3"},
				"east": {"uv": [6.5, 10, 7, 12.5], "texture": "#3"},
				"south": {"uv": [7, 10, 7.5, 12.5], "texture": "#3"},
				"west": {"uv": [4, 10, 4.5, 12.5], "texture": "#3"},
				"up": {"uv": [12.5, 11.5, 13, 12], "rotation": 270, "texture": "#3"},
				"down": {"uv": [2, 13, 2.5, 13.5], "rotation": 90, "texture": "#3"}
			}
		},
		{
			"name": "blade",
			"from": [7, 17, 7],
			"to": [9, 23, 8],
			"rotation": {"angle": 0, "axis": "y", "origin": [8, 7, 8]},
			"faces": {
				"north": {"uv": [0, 3, 1, 8], "texture": "#3"},
				"east": {"uv": [8.5, 8.5, 9, 13.5], "texture": "#3"},
				"south": {"uv": [1, 3, 2, 8], "texture": "#3"},
				"west": {"uv": [5, 6.5, 5.5, 11.5], "texture": "#3"},
				"up": {"uv": [12, 4.5, 12.5, 5.5], "rotation": 270, "texture": "#3"},
				"down": {"uv": [12, 5.5, 12.5, 6.5], "rotation": 90, "texture": "#3"}
			}
		},
		{
			"name": "blade",
			"from": [7.5, 11, 6],
			"to": [8.5, 23, 7],
			"rotation": {"angle": 0, "axis": "y", "origin": [8, 7, 8]},
			"faces": {
				"north": {"uv": [2.5, 3, 3, 11], "texture": "#3"},
				"east": {"uv": [3, 3, 3.5, 11], "texture": "#3"},
				"south": {"uv": [3.5, 3.5, 4, 11.5], "texture": "#3"},
				"west": {"uv": [2, 3, 2.5, 11], "texture": "#3"},
				"up": {"uv": [3.5, 3, 4, 3.5], "rotation": 270, "texture": "#3"},
				"down": {"uv": [6, 3.5, 6.5, 4], "rotation": 90, "texture": "#3"}
			}
		},
		{
			"name": "blade",
			"from": [7, 11, 7],
			"to": [9, 17, 9],
			"rotation": {"angle": 0, "axis": "y", "origin": [8, 7, 8]},
			"faces": {
				"north": {"uv": [7, 0, 8, 3], "texture": "#3"},
				"east": {"uv": [7.5, 7.5, 8.5, 10.5], "texture": "#3"},
				"south": {"uv": [7.5, 3, 8.5, 6], "texture": "#3"},
				"west": {"uv": [6.5, 3.5, 7.5, 6.5], "texture": "#3"},
				"up": {"uv": [10, 4.5, 11, 5.5], "rotation": 270, "texture": "#3"},
				"down": {"uv": [10.5, 0, 11.5, 1], "rotation": 90, "texture": "#3"}
			}
		},
		{
			"name": "blade",
			"from": [7.5, 11, 9],
			"to": [8.5, 17, 10],
			"rotation": {"angle": 0, "axis": "y", "origin": [8, 7, 8]},
			"faces": {
				"north": {"uv": [1, 9.5, 1.5, 12.5], "texture": "#3"},
				"east": {"uv": [1.5, 9.5, 2, 12.5], "texture": "#3"},
				"south": {"uv": [9.5, 9.5, 10, 12.5], "texture": "#3"},
				"west": {"uv": [0.5, 9.5, 1, 12.5], "texture": "#3"},
				"up": {"uv": [7, 3, 7.5, 3.5], "rotation": 270, "texture": "#3"},
				"down": {"uv": [10, 5.5, 10.5, 6], "rotation": 90, "texture": "#3"}
			}
		},
		{
			"name": "blade",
			"from": [7.5, 11, 10],
			"to": [8.5, 15, 11],
			"rotation": {"angle": 0, "axis": "y", "origin": [8, 7, 8]},
			"faces": {
				"north": {"uv": [2, 11, 2.5, 13], "texture": "#3"},
				"east": {"uv": [2.5, 11, 3, 13], "texture": "#3"},
				"south": {"uv": [3, 11, 3.5, 13], "texture": "#3"},
				"west": {"uv": [10.5, 5.5, 11, 7.5], "texture": "#3"},
				"up": {"uv": [12.5, 9.5, 13, 10], "rotation": 270, "texture": "#3"},
				"down": {"uv": [12.5, 11, 13, 11.5], "rotation": 90, "texture": "#3"}
			}
		},
		{
			"name": "hilt",
			"from": [7, 1, 7],
			"to": [9, 8, 9],
			"rotation": {"angle": 0, "axis": "y", "origin": [8, 7, 8]},
			"faces": {
				"north": {"uv": [6, 0, 7, 3.5], "texture": "#3"},
				"east": {"uv": [4, 6.5, 5, 10], "texture": "#3"},
				"south": {"uv": [6.5, 6.5, 7.5, 10], "texture": "#3"},
				"west": {"uv": [5.5, 5.5, 6.5, 9], "texture": "#3"},
				"up": {"uv": [10.5, 1, 11.5, 2], "rotation": 270, "texture": "#3"},
				"down": {"uv": [10.5, 7.5, 11.5, 8.5], "rotation": 90, "texture": "#3"}
			}
		},
		{
			"name": "hilt",
			"from": [7, 8, 5],
			"to": [9, 9, 10],
			"rotation": {"angle": 0, "axis": "y", "origin": [8, 7, 8]},
			"faces": {
				"north": {"uv": [4, 12.5, 5, 13], "texture": "#3"},
				"east": {"uv": [10, 3, 12.5, 3.5], "texture": "#3"},
				"south": {"uv": [6.5, 12.5, 7.5, 13], "texture": "#3"},
				"west": {"uv": [9.5, 9, 12, 9.5], "texture": "#3"},
				"up": {"uv": [8, 0, 10.5, 1], "rotation": 270, "texture": "#3"},
				"down": {"uv": [8, 1, 10.5, 2], "rotation": 90, "texture": "#3"}
			}
		},
		{
			"name": "hilt",
			"from": [6.5, 9, 4],
			"to": [9.5, 10, 13],
			"rotation": {"angle": 0, "axis": "y", "origin": [8, 7, 8]},
			"faces": {
				"north": {"uv": [11.5, 7.5, 13, 8], "texture": "#3"},
				"east": {"uv": [8.5, 4, 13, 4.5], "texture": "#3"},
				"south": {"uv": [11.5, 8, 13, 8.5], "texture": "#3"},
				"west": {"uv": [8.5, 3.5, 13, 4], "texture": "#3"},
				"up": {"uv": [0, 0, 4.5, 1.5], "rotation": 270, "texture": "#3"},
				"down": {"uv": [0, 1.5, 4.5, 3], "rotation": 90, "texture": "#3"}
			}
		},
		{
			"name": "hilt",
			"from": [7, 11, 11],
			"to": [9, 12, 12],
			"rotation": {"angle": 0, "axis": "y", "origin": [8, 7, 8]},
			"faces": {
				"north": {"uv": [9.5, 12.5, 10.5, 13], "texture": "#3"},
				"east": {"uv": [10, 13, 10.5, 13.5], "texture": "#3"},
				"south": {"uv": [10.5, 12.5, 11.5, 13], "texture": "#3"},
				"west": {"uv": [9.5, 13, 10, 13.5], "texture": "#3"},
				"up": {"uv": [11.5, 12.5, 12, 13.5], "rotation": 270, "texture": "#3"},
				"down": {"uv": [12, 12.5, 12.5, 13.5], "rotation": 90, "texture": "#3"}
			}
		},
		{
			"name": "hilt",
			"from": [7, 10, 5],
			"to": [9, 11, 7],
			"rotation": {"angle": 0, "axis": "y", "origin": [8, 7, 8]},
			"faces": {
				"north": {"uv": [12.5, 5, 13.5, 5.5], "texture": "#3"},
				"east": {"uv": [12.5, 5.5, 13.5, 6], "texture": "#3"},
				"south": {"uv": [12.5, 6, 13.5, 6.5], "texture": "#3"},
				"west": {"uv": [12.5, 4.5, 13.5, 5], "texture": "#3"},
				"up": {"uv": [10, 11, 11, 12], "rotation": 270, "texture": "#3"},
				"down": {"uv": [11, 11, 12, 12], "rotation": 90, "texture": "#3"}
			}
		},
		{
			"name": "hilt",
			"from": [7, 10, 9],
			"to": [9, 11, 12],
			"rotation": {"angle": 0, "axis": "y", "origin": [8, 7, 8]},
			"faces": {
				"north": {"uv": [12.5, 6.5, 13.5, 7], "texture": "#3"},
				"east": {"uv": [12, 1.5, 13.5, 2], "texture": "#3"},
				"south": {"uv": [12.5, 7, 13.5, 7.5], "texture": "#3"},
				"west": {"uv": [12, 1, 13.5, 1.5], "texture": "#3"},
				"up": {"uv": [10, 10, 11.5, 11], "rotation": 270, "texture": "#3"},
				"down": {"uv": [10, 2, 11.5, 3], "rotation": 90, "texture": "#3"}
			}
		},
		{
			"name": "hilt",
			"from": [7.5, 8, 10],
			"to": [8.5, 9, 12],
			"rotation": {"angle": 0, "axis": "y", "origin": [8, 7, 8]},
			"faces": {
				"north": {"uv": [10.5, 13, 11, 13.5], "texture": "#3"},
				"east": {"uv": [12.5, 2, 13.5, 2.5], "texture": "#3"},
				"south": {"uv": [11, 13, 11.5, 13.5], "texture": "#3"},
				"west": {"uv": [12.5, 12.5, 13.5, 13], "texture": "#3"},
				"up": {"uv": [12.5, 2.5, 13.5, 3], "rotation": 270, "texture": "#3"},
				"down": {"uv": [12.5, 3, 13.5, 3.5], "rotation": 90, "texture": "#3"}
			}
		},
		{
			"name": "hilt",
			"from": [6.5, 0, 6],
			"to": [9.5, 1, 10],
			"rotation": {"angle": 0, "axis": "y", "origin": [8, 7, 8]},
			"faces": {
				"north": {"uv": [11.5, 10, 13, 10.5], "texture": "#3"},
				"east": {"uv": [10.5, 8.5, 12.5, 9], "texture": "#3"},
				"south": {"uv": [11.5, 10.5, 13, 11], "texture": "#3"},
				"west": {"uv": [10, 9.5, 12, 10], "texture": "#3"},
				"up": {"uv": [7.5, 6, 9.5, 7.5], "rotation": 270, "texture": "#3"},
				"down": {"uv": [0, 8, 2, 9.5], "rotation": 90, "texture": "#3"}
			}
		},
		{
			"name": "hilt",
			"from": [6.5, 1, 8],
			"to": [9.5, 2, 11],
			"rotation": {"angle": 0, "axis": "y", "origin": [8, 7, 8]},
			"faces": {
				"north": {"uv": [11.5, 12, 13, 12.5], "texture": "#3"},
				"east": {"uv": [12, 0, 13.5, 0.5], "texture": "#3"},
				"south": {"uv": [12, 0.5, 13.5, 1], "texture": "#3"},
				"west": {"uv": [10, 12, 11.5, 12.5], "texture": "#3"},
				"up": {"uv": [8.5, 4.5, 10, 6], "rotation": 270, "texture": "#3"},
				"down": {"uv": [9, 7.5, 10.5, 9], "rotation": 90, "texture": "#3"}
			}
		},
		{
			"name": "hilt",
			"from": [7.5, 10, 12],
			"to": [8.5, 12, 13],
			"rotation": {"angle": 0, "axis": "y", "origin": [8, 7, 8]},
			"faces": {
				"north": {"uv": [0.5, 12.5, 1, 13.5], "texture": "#3"},
				"east": {"uv": [1, 12.5, 1.5, 13.5], "texture": "#3"},
				"south": {"uv": [1.5, 12.5, 2, 13.5], "texture": "#3"},
				"west": {"uv": [12, 11, 12.5, 12], "texture": "#3"},
				"up": {"uv": [6.5, 13, 7, 13.5], "rotation": 270, "texture": "#3"},
				"down": {"uv": [7, 13, 7.5, 13.5], "rotation": 90, "texture": "#3"}
			}
		}
	],
	"gui_light": "front",
	"display": {
		"thirdperson_righthand": {
			"rotation": [-12, 0, 0],
			"translation": [0, 1, 1.5]
		},
		"thirdperson_lefthand": {
			"rotation": [-12, 0, 0],
			"translation": [0, 1, 1.5]
		},
		"firstperson_righthand": {
			"rotation": [-8, 10, 0],
			"translation": [3, 0, -1.5],
			"scale": [0.8, 0.8, 0.8]
		},
		"firstperson_lefthand": {
			"rotation": [-8, 10, 0],
			"translation": [3, 0, -1.5],
			"scale": [0.8, 0.8, 0.8]
		},
		"ground": {
			"rotation": [45, 0, 0],
			"scale": [0.5, 0.5, 0.5]
		},
		"gui": {
			"rotation": [-90, 135, 90],
			"translation": [-3.5, -3.75, 0],
			"scale": [0.7, 0.7, 0.7]
		},
		"head": {
			"translation": [0, -13, 0],
			"scale": [1.5, 1.5, 1.5]
		},
		"fixed": {
			"rotation": [90, -45, 90],
			"translation": [4, -3.5, 0],
			"scale": [0.75, 0.75, 0.75]
		}
	},
	"groups": [0,
		{
			"name": "blade",
			"origin": [8, 7, 8],
			"children": [1, 2, 3, 4, 5, 6, 7, 8, 9, 10]
		},
		{
			"name": "hilt",
			"origin": [8, 7, 8],
			"children": [11, 12, 13, 14, 15, 16, 17, 18, 19, 20]
		}
	]
}