{
	"credit": "Made with Blockbench",
	"textures": {
		"1": "block/ump_2",
		"2": "block/ump_3",
		"3": "block/ump_4",
		"4": "block/ump_5",
		"5": "block/black_dura",
		"6": "block/ump_1",
		"particle": "block/ump_2"
	},
	"elements": [
		{
			"from": [7.2, 0, 7.75],
			"to": [11.8, 1, 9.5],
			"rotation": {"angle": 0, "axis": "y", "origin": [23, 8, 16]},
			"faces": {
				"north": {"uv": [0, 0, 4.6, 1], "texture": "#6"},
				"east": {"uv": [0, 0, 1.75, 1], "texture": "#6"},
				"south": {"uv": [0, 0, 4.6, 1], "texture": "#6"},
				"west": {"uv": [0, 0, 1.75, 1], "texture": "#6"},
				"up": {"uv": [0, 0, 4.6, 1.75], "texture": "#6"},
				"down": {"uv": [0, 0, 4.6, 1.75], "texture": "#6"}
			}
		},
		{
			"from": [11.8, 0, 9.1],
			"to": [14.5, 1, 9.35],
			"rotation": {"angle": 0, "axis": "y", "origin": [27.4, 8, 17.35]},
			"faces": {
				"north": {"uv": [0, 0, 2.7, 1], "texture": "#6"},
				"east": {"uv": [0, 0, 0.25, 1], "texture": "#6"},
				"south": {"uv": [0, 0, 2.7, 1], "texture": "#6"},
				"west": {"uv": [0, 0, 0.25, 1], "texture": "#6"},
				"up": {"uv": [0, 0, 2.7, 0.25], "texture": "#6"},
				"down": {"uv": [0, 0, 2.7, 0.25], "texture": "#6"}
			}
		},
		{
			"from": [14.9, 0, 7.75],
			"to": [16, 1, 9.5],
			"rotation": {"angle": 0, "axis": "y", "origin": [27.2, 8, 16]},
			"faces": {
				"north": {"uv": [0, 0, 1.1, 1], "texture": "#6"},
				"east": {"uv": [0, 0, 1.75, 1], "texture": "#6"},
				"south": {"uv": [0, 0, 1.1, 1], "texture": "#6"},
				"west": {"uv": [0, 0, 1.75, 1], "texture": "#6"},
				"up": {"uv": [0, 0, 1.1, 1.75], "texture": "#6"},
				"down": {"uv": [0, 0, 1.1, 1.75], "texture": "#6"}
			}
		},
		{
			"from": [14.5, 0, 8.95],
			"to": [14.9, 1, 9.5],
			"rotation": {"angle": 0, "axis": "y", "origin": [26.8, 8, 16]},
			"faces": {
				"north": {"uv": [0, 0, 0.4, 1], "texture": "#6"},
				"east": {"uv": [0, 0, 0.55, 1], "texture": "#6"},
				"south": {"uv": [0, 0, 0.4, 1], "texture": "#6"},
				"west": {"uv": [0, 0, 0.55, 1], "texture": "#6"},
				"up": {"uv": [0, 0, 0.4, 0.55], "texture": "#6"},
				"down": {"uv": [0, 0, 0.4, 0.55], "texture": "#6"}
			}
		},
		{
			"from": [14.15, 1, 9.25],
			"to": [14.5, 1.2, 9.5],
			"rotation": {"angle": 0, "axis": "y", "origin": [26.7, 9, 16.05]},
			"faces": {
				"north": {"uv": [0, 0, 0.35, 0.2], "texture": "#1"},
				"east": {"uv": [0, 0, 0.25, 0.2], "texture": "#1"},
				"south": {"uv": [0, 0, 0.35, 0.2], "texture": "#1"},
				"west": {"uv": [0, 0, 0.25, 0.2], "texture": "#1"},
				"up": {"uv": [0, 0, 0.35, 0.25], "texture": "#1"},
				"down": {"uv": [0, 0, 0.35, 0.25], "texture": "#1"}
			}
		},
		{
			"from": [14.25, 0.8, 9.35],
			"to": [14.4, 1, 9.4],
			"rotation": {"angle": 0, "axis": "y", "origin": [26.7, 8.8, 16.05]},
			"faces": {
				"north": {"uv": [0, 0, 0.15, 0.2], "texture": "#1"},
				"east": {"uv": [0, 0, 0.05, 0.2], "texture": "#1"},
				"south": {"uv": [0, 0, 0.15, 0.2], "texture": "#1"},
				"west": {"uv": [0, 0, 0.05, 0.2], "texture": "#1"},
				"up": {"uv": [0, 0, 0.15, 0.05], "texture": "#1"},
				"down": {"uv": [0, 0, 0.15, 0.05], "texture": "#1"}
			}
		},
		{
			"from": [11.8, 0, 9.05],
			"to": [14.5, 0.4, 9.5],
			"rotation": {"angle": 0, "axis": "y", "origin": [25.7, 8, 16]},
			"faces": {
				"north": {"uv": [0, 0, 2.7, 0.4], "texture": "#6"},
				"east": {"uv": [0, 0, 0.45, 0.4], "texture": "#6"},
				"south": {"uv": [0, 0, 2.7, 0.4], "texture": "#6"},
				"west": {"uv": [0, 0, 0.45, 0.4], "texture": "#6"},
				"up": {"uv": [0, 0, 2.7, 0.45], "texture": "#6"},
				"down": {"uv": [0, 0, 2.7, 0.45], "texture": "#6"}
			}
		},
		{
			"from": [11.8, 0.5, 9.05],
			"to": [14.5, 0.9, 9.5],
			"rotation": {"angle": 0, "axis": "y", "origin": [25.7, 8.5, 16]},
			"faces": {
				"north": {"uv": [0, 0, 2.7, 0.4], "texture": "#1"},
				"east": {"uv": [0, 0, 0.45, 0.4], "texture": "#1"},
				"south": {"uv": [0, 0, 2.7, 0.4], "texture": "#1"},
				"west": {"uv": [0, 0, 0.45, 0.4], "texture": "#1"},
				"up": {"uv": [0, 0, 2.7, 0.45], "texture": "#1"},
				"down": {"uv": [0, 0, 2.7, 0.45], "texture": "#1"}
			}
		},
		{
			"from": [5, -0.1, 7.75],
			"to": [11.8, 1.1, 9.1],
			"rotation": {"angle": 0, "axis": "y", "origin": [23, 8, 16]},
			"faces": {
				"north": {"uv": [0, 0, 6.8, 1.2], "texture": "#6"},
				"east": {"uv": [0, 0, 1.35, 1.2], "texture": "#6"},
				"south": {"uv": [0, 0, 6.8, 1.2], "texture": "#6"},
				"west": {"uv": [0, 0, 1.35, 1.2], "texture": "#6"},
				"up": {"uv": [0, 0, 6.8, 1.35], "texture": "#6"},
				"down": {"uv": [0, 0, 6.8, 1.35], "texture": "#6"}
			}
		},
		{
			"from": [9.1, -0.15, 7.95],
			"to": [10.8, -0.1, 8.5],
			"rotation": {"angle": 0, "axis": "y", "origin": [23, 7.8, 16]},
			"faces": {
				"north": {"uv": [0, 0, 1.7, 0.05], "texture": "#1"},
				"east": {"uv": [0, 0, 0.55, 0.05], "texture": "#1"},
				"south": {"uv": [0, 0, 1.7, 0.05], "texture": "#1"},
				"west": {"uv": [0, 0, 0.55, 0.05], "texture": "#1"},
				"up": {"uv": [0, 0, 1.7, 0.55], "texture": "#1"},
				"down": {"uv": [0, 0, 1.7, 0.55], "texture": "#1"}
			}
		},
		{
			"from": [5, -0.05, 9.1],
			"to": [7.2, 1.05, 9.75],
			"rotation": {"angle": 0, "axis": "y", "origin": [23, 8, 17.35]},
			"faces": {
				"north": {"uv": [0, 0, 2.2, 1.1], "texture": "#6"},
				"east": {"uv": [0, 0, 0.65, 1.1], "texture": "#6"},
				"south": {"uv": [0, 0, 2.2, 1.1], "texture": "#6"},
				"west": {"uv": [0, 0, 0.65, 1.1], "texture": "#6"},
				"up": {"uv": [0, 0, 2.2, 0.65], "texture": "#6"},
				"down": {"uv": [0, 0, 2.2, 0.65], "texture": "#6"}
			}
		},
		{
			"from": [4.35, 0.75, 7.6],
			"to": [5, 1.05, 7.9],
			"rotation": {"angle": 0, "axis": "y", "origin": [22.6, 8, 15.85]},
			"faces": {
				"north": {"uv": [0, 0, 0.65, 0.3], "texture": "#6"},
				"east": {"uv": [0, 0, 0.3, 0.3], "texture": "#6"},
				"south": {"uv": [0, 0, 0.65, 0.3], "texture": "#6"},
				"west": {"uv": [0, 0, 0.3, 0.3], "texture": "#6"},
				"up": {"uv": [0, 0, 0.65, 0.3], "texture": "#6"},
				"down": {"uv": [0, 0, 0.65, 0.3], "texture": "#6"}
			}
		},
		{
			"from": [4.35, -0.05, 7.6],
			"to": [5, 0.25, 9.05],
			"rotation": {"angle": 0, "axis": "y", "origin": [22.6, 7.2, 15.85]},
			"faces": {
				"north": {"uv": [0, 0, 0.65, 0.3], "texture": "#6"},
				"east": {"uv": [0, 0, 1.45, 0.3], "texture": "#6"},
				"south": {"uv": [0, 0, 0.65, 0.3], "texture": "#6"},
				"west": {"uv": [0, 0, 1.45, 0.3], "texture": "#6"},
				"up": {"uv": [0, 0, 0.65, 1.45], "texture": "#6"},
				"down": {"uv": [0, 0, 0.65, 1.45], "texture": "#6"}
			}
		},
		{
			"from": [4.35, 2.9, 16.2],
			"to": [5, 3.2, 16.5],
			"rotation": {"angle": 45, "axis": "x", "origin": [22.6, 10.45, 9.25]},
			"faces": {
				"north": {"uv": [0, 0, 0.65, 0.3], "rotation": 180, "texture": "#6"},
				"east": {"uv": [0, 0, 0.3, 0.3], "rotation": 90, "texture": "#6"},
				"south": {"uv": [0, 0, 0.65, 0.3], "texture": "#6"},
				"west": {"uv": [0, 0, 0.3, 0.3], "rotation": 270, "texture": "#6"},
				"up": {"uv": [0, 0, 0.65, 0.3], "texture": "#6"},
				"down": {"uv": [0, 0, 0.65, 0.3], "rotation": 180, "texture": "#6"}
			}
		},
		{
			"from": [4.7, 0.75, 8.4],
			"to": [5, 1.05, 8.7],
			"rotation": {"angle": 0, "axis": "y", "origin": [22.6, 8, 16.65]},
			"faces": {
				"north": {"uv": [0, 0, 0.3, 0.3], "texture": "#6"},
				"east": {"uv": [0, 0, 0.3, 0.3], "texture": "#6"},
				"south": {"uv": [0, 0, 0.3, 0.3], "texture": "#6"},
				"west": {"uv": [0, 0, 0.3, 0.3], "texture": "#6"},
				"up": {"uv": [0, 0, 0.3, 0.3], "texture": "#6"},
				"down": {"uv": [0, 0, 0.3, 0.3], "texture": "#6"}
			}
		},
		{
			"from": [0.35, 6.9, 8.7],
			"to": [1, 7.2, 9.75],
			"rotation": {"angle": 22.5, "axis": "z", "origin": [18.6, 14.15, 17.15]},
			"faces": {
				"north": {"uv": [0, 0, 0.65, 0.3], "texture": "#6"},
				"east": {"uv": [0, 0, 1.05, 0.3], "texture": "#6"},
				"south": {"uv": [0, 0, 0.65, 0.3], "texture": "#6"},
				"west": {"uv": [0, 0, 1.05, 0.3], "texture": "#6"},
				"up": {"uv": [0, 0, 0.65, 1.05], "texture": "#6"},
				"down": {"uv": [0, 0, 0.65, 1.05], "texture": "#6"}
			}
		},
		{
			"from": [6.15, 0.75, 0.25],
			"to": [6.8, 1.05, 1.15],
			"rotation": {"angle": 22.5, "axis": "y", "origin": [24.4, 8, 8.55]},
			"faces": {
				"north": {"uv": [0, 0, 0.65, 0.3], "texture": "#6"},
				"east": {"uv": [0, 0, 0.9, 0.3], "texture": "#6"},
				"south": {"uv": [0, 0, 0.65, 0.3], "texture": "#6"},
				"west": {"uv": [0, 0, 0.9, 0.3], "texture": "#6"},
				"up": {"uv": [0, 0, 0.65, 0.9], "texture": "#6"},
				"down": {"uv": [0, 0, 0.65, 0.9], "texture": "#6"}
			}
		},
		{
			"from": [6.5, 0.9, 9.75],
			"to": [7.2, 1.05, 10.4],
			"rotation": {"angle": 0, "axis": "y", "origin": [23, 8, 18]},
			"faces": {
				"north": {"uv": [0, 0, 0.7, 0.15], "texture": "#6"},
				"east": {"uv": [0, 0, 0.65, 0.15], "texture": "#6"},
				"south": {"uv": [0, 0, 0.7, 0.15], "texture": "#6"},
				"west": {"uv": [0, 0, 0.65, 0.15], "texture": "#6"},
				"up": {"uv": [0, 0, 0.7, 0.65], "texture": "#6"},
				"down": {"uv": [0, 0, 0.7, 0.65], "texture": "#6"}
			}
		},
		{
			"from": [0.8, 0.9, 15.2],
			"to": [2.45, 1.05, 15.85],
			"rotation": {"angle": -22.5, "axis": "y", "origin": [18.25, 8, 23.45]},
			"faces": {
				"north": {"uv": [0, 0, 1.65, 0.15], "texture": "#6"},
				"east": {"uv": [0, 0, 0.65, 0.15], "texture": "#6"},
				"south": {"uv": [0, 0, 1.65, 0.15], "texture": "#6"},
				"west": {"uv": [0, 0, 0.65, 0.15], "texture": "#6"},
				"up": {"uv": [0, 0, 1.65, 0.65], "texture": "#6"},
				"down": {"uv": [0, 0, 1.65, 0.65], "texture": "#6"}
			}
		},
		{
			"from": [0.8, -0.05, 15.2],
			"to": [2.45, 0.1, 15.85],
			"rotation": {"angle": -22.5, "axis": "y", "origin": [18.25, 7.1, 23.45]},
			"faces": {
				"north": {"uv": [0, 0, 1.65, 0.15], "texture": "#6"},
				"east": {"uv": [0, 0, 0.65, 0.15], "texture": "#6"},
				"south": {"uv": [0, 0, 1.65, 0.15], "texture": "#6"},
				"west": {"uv": [0, 0, 0.65, 0.15], "texture": "#6"},
				"up": {"uv": [0, 0, 1.65, 0.65], "texture": "#6"},
				"down": {"uv": [0, 0, 1.65, 0.65], "texture": "#6"}
			}
		},
		{
			"from": [6.5, -0.05, 9.75],
			"to": [7.2, 0.1, 10.4],
			"rotation": {"angle": 0, "axis": "y", "origin": [23, 7.1, 18]},
			"faces": {
				"north": {"uv": [0, 0, 0.7, 0.15], "texture": "#6"},
				"east": {"uv": [0, 0, 0.65, 0.15], "texture": "#6"},
				"south": {"uv": [0, 0, 0.7, 0.15], "texture": "#6"},
				"west": {"uv": [0, 0, 0.65, 0.15], "texture": "#6"},
				"up": {"uv": [0, 0, 0.7, 0.65], "texture": "#6"},
				"down": {"uv": [0, 0, 0.7, 0.65], "texture": "#6"}
			}
		},
		{
			"from": [6.5, 0.1, 9.75],
			"to": [7, 0.9, 10],
			"rotation": {"angle": 0, "axis": "y", "origin": [23, 7.2, 18]},
			"faces": {
				"north": {"uv": [0, 0, 0.5, 0.8], "texture": "#6"},
				"east": {"uv": [0, 0, 0.25, 0.8], "texture": "#6"},
				"south": {"uv": [0, 0, 0.5, 0.8], "texture": "#6"},
				"west": {"uv": [0, 0, 0.25, 0.8], "texture": "#6"},
				"up": {"uv": [0, 0, 0.5, 0.25], "texture": "#6"},
				"down": {"uv": [0, 0, 0.5, 0.25], "texture": "#6"}
			}
		},
		{
			"from": [6.4, 0.1, 9.75],
			"to": [6.85, 0.9, 9.9],
			"rotation": {"angle": 0, "axis": "y", "origin": [22.85, 7.2, 18]},
			"faces": {
				"north": {"uv": [0, 0, 0.45, 0.8], "texture": "#6"},
				"east": {"uv": [0, 0, 0.15, 0.8], "texture": "#6"},
				"south": {"uv": [0, 0, 0.45, 0.8], "texture": "#6"},
				"west": {"uv": [0, 0, 0.15, 0.8], "texture": "#6"},
				"up": {"uv": [0, 0, 0.45, 0.15], "texture": "#6"},
				"down": {"uv": [0, 0, 0.45, 0.15], "texture": "#6"}
			}
		},
		{
			"from": [6.95, 0.35, 10],
			"to": [7, 0.65, 10.05],
			"rotation": {"angle": 0, "axis": "y", "origin": [23, 7.2, 18.25]},
			"faces": {
				"north": {"uv": [0, 0, 0.05, 0.3], "texture": "#6"},
				"east": {"uv": [0, 0, 0.05, 0.3], "texture": "#6"},
				"south": {"uv": [0, 0, 0.05, 0.3], "texture": "#6"},
				"west": {"uv": [0, 0, 0.05, 0.3], "texture": "#6"},
				"up": {"uv": [0, 0, 0.05, 0.05], "texture": "#6"},
				"down": {"uv": [0, 0, 0.05, 0.05], "texture": "#6"}
			}
		},
		{
			"from": [6.95, 0.35, 10.25],
			"to": [7, 0.65, 10.3],
			"rotation": {"angle": 0, "axis": "y", "origin": [23, 7.2, 18.5]},
			"faces": {
				"north": {"uv": [0, 0, 0.05, 0.3], "texture": "#6"},
				"east": {"uv": [0, 0, 0.05, 0.3], "texture": "#6"},
				"south": {"uv": [0, 0, 0.05, 0.3], "texture": "#6"},
				"west": {"uv": [0, 0, 0.05, 0.3], "texture": "#6"},
				"up": {"uv": [0, 0, 0.05, 0.05], "texture": "#6"},
				"down": {"uv": [0, 0, 0.05, 0.05], "texture": "#6"}
			}
		},
		{
			"from": [6.95, 0.6, 10.05],
			"to": [7, 0.65, 10.25],
			"rotation": {"angle": 0, "axis": "y", "origin": [23, 7.2, 18.4]},
			"faces": {
				"north": {"uv": [0, 0, 0.05, 0.05], "texture": "#6"},
				"east": {"uv": [0, 0, 0.2, 0.05], "texture": "#6"},
				"south": {"uv": [0, 0, 0.05, 0.05], "texture": "#6"},
				"west": {"uv": [0, 0, 0.2, 0.05], "texture": "#6"},
				"up": {"uv": [0, 0, 0.05, 0.2], "texture": "#6"},
				"down": {"uv": [0, 0, 0.05, 0.2], "texture": "#6"}
			}
		},
		{
			"from": [6.95, 0.35, 10.05],
			"to": [7, 0.4, 10.25],
			"rotation": {"angle": 0, "axis": "y", "origin": [23, 6.95, 18.4]},
			"faces": {
				"north": {"uv": [0, 0, 0.05, 0.05], "texture": "#6"},
				"east": {"uv": [0, 0, 0.2, 0.05], "texture": "#6"},
				"south": {"uv": [0, 0, 0.05, 0.05], "texture": "#6"},
				"west": {"uv": [0, 0, 0.2, 0.05], "texture": "#6"},
				"up": {"uv": [0, 0, 0.05, 0.2], "texture": "#6"},
				"down": {"uv": [0, 0, 0.05, 0.2], "texture": "#6"}
			}
		},
		{
			"from": [-4.1, 0.1, 18.95],
			"to": [-3.95, 0.9, 19.2],
			"rotation": {"angle": -45, "axis": "y", "origin": [12.35, 7.2, 27.2]},
			"faces": {
				"north": {"uv": [0, 0, 0.15, 0.8], "texture": "#6"},
				"east": {"uv": [0, 0, 0.25, 0.8], "texture": "#6"},
				"south": {"uv": [0, 0, 0.15, 0.8], "texture": "#6"},
				"west": {"uv": [0, 0, 0.25, 0.8], "texture": "#6"},
				"up": {"uv": [0, 0, 0.15, 0.25], "texture": "#6"},
				"down": {"uv": [0, 0, 0.15, 0.25], "texture": "#6"}
			}
		},
		{
			"from": [11.8, -0.1, 8.95],
			"to": [16, 1.1, 9.1],
			"rotation": {"angle": 0, "axis": "y", "origin": [25.7, 8, 16]},
			"faces": {
				"north": {"uv": [0, 0, 4.2, 1.2], "texture": "#6"},
				"east": {"uv": [0, 0, 0.15, 1.2], "texture": "#6"},
				"south": {"uv": [0, 0, 4.2, 1.2], "texture": "#6"},
				"west": {"uv": [0, 0, 0.15, 1.2], "texture": "#6"},
				"up": {"uv": [0, 0, 4.2, 0.15], "texture": "#6"},
				"down": {"uv": [0, 0, 4.2, 0.15], "texture": "#6"}
			}
		},
		{
			"from": [14.9, -0.1, 8.8],
			"to": [16, 1.1, 8.95],
			"rotation": {"angle": 0, "axis": "y", "origin": [25.7, 8, 15.85]},
			"faces": {
				"north": {"uv": [0, 0, 1.1, 1.2], "texture": "#6"},
				"east": {"uv": [0, 0, 0.15, 1.2], "texture": "#6"},
				"south": {"uv": [0, 0, 1.1, 1.2], "texture": "#6"},
				"west": {"uv": [0, 0, 0.15, 1.2], "texture": "#6"},
				"up": {"uv": [0, 0, 1.1, 0.15], "texture": "#6"},
				"down": {"uv": [0, 0, 1.1, 0.15], "texture": "#6"}
			}
		},
		{
			"from": [13.1, -0.1, 8.8],
			"to": [13.6, 1.1, 8.95],
			"rotation": {"angle": 0, "axis": "y", "origin": [23.5, 8, 15.85]},
			"faces": {
				"north": {"uv": [0, 0, 0.5, 1.2], "texture": "#6"},
				"east": {"uv": [0, 0, 0.15, 1.2], "texture": "#6"},
				"south": {"uv": [0, 0, 0.5, 1.2], "texture": "#6"},
				"west": {"uv": [0, 0, 0.15, 1.2], "texture": "#6"},
				"up": {"uv": [0, 0, 0.5, 0.15], "texture": "#6"},
				"down": {"uv": [0, 0, 0.5, 0.15], "texture": "#6"}
			}
		},
		{
			"from": [11.8, 0, 8.7],
			"to": [14.9, 1, 8.95],
			"rotation": {"angle": 0, "axis": "y", "origin": [23.5, 8, 15.85]},
			"faces": {
				"north": {"uv": [0, 0, 3.1, 1], "texture": "#1"},
				"east": {"uv": [0, 0, 0.25, 1], "texture": "#1"},
				"south": {"uv": [0, 0, 3.1, 1], "texture": "#1"},
				"west": {"uv": [0, 0, 0.25, 1], "texture": "#1"},
				"up": {"uv": [0, 0, 3.1, 0.25], "texture": "#1"},
				"down": {"uv": [0, 0, 3.1, 0.25], "texture": "#1"}
			}
		},
		{
			"from": [11.8, -0.1, 7.75],
			"to": [16, 1.1, 8.8],
			"rotation": {"angle": 0, "axis": "x", "origin": [25.7, 8, 14.8]},
			"faces": {
				"north": {"uv": [0, 0, 4.2, 1.2], "texture": "#6"},
				"east": {"uv": [0, 0, 1.05, 1.2], "texture": "#6"},
				"south": {"uv": [0, 0, 4.2, 1.2], "texture": "#6"},
				"west": {"uv": [0, 0, 1.05, 1.2], "texture": "#6"},
				"up": {"uv": [0, 0, 4.2, 1.05], "texture": "#6"},
				"down": {"uv": [0, 0, 4.2, 1.05], "texture": "#6"}
			}
		},
		{
			"from": [5, -0.1, 7.6],
			"to": [5.6, 1.1, 7.75],
			"rotation": {"angle": 0, "axis": "y", "origin": [23, 8, 15.75]},
			"faces": {
				"north": {"uv": [0, 0, 0.6, 1.2], "texture": "#6"},
				"east": {"uv": [0, 0, 0.15, 1.2], "texture": "#6"},
				"south": {"uv": [0, 0, 0.6, 1.2], "texture": "#6"},
				"west": {"uv": [0, 0, 0.15, 1.2], "texture": "#6"},
				"up": {"uv": [0, 0, 0.6, 0.15], "texture": "#6"},
				"down": {"uv": [0, 0, 0.6, 0.15], "texture": "#6"}
			}
		},
		{
			"from": [6.4, 1, 7.3],
			"to": [6.8, 1.1, 7.7],
			"rotation": {"angle": 0, "axis": "y", "origin": [24.3, 8, 15.6]},
			"faces": {
				"north": {"uv": [0, 0, 0.4, 0.1], "texture": "#1"},
				"east": {"uv": [0, 0, 0.4, 0.1], "texture": "#1"},
				"south": {"uv": [0, 0, 0.4, 0.1], "texture": "#1"},
				"west": {"uv": [0, 0, 0.4, 0.1], "texture": "#1"},
				"up": {"uv": [0, 0, 0.4, 0.4], "texture": "#1"},
				"down": {"uv": [0, 0, 0.4, 0.4], "texture": "#1"}
			}
		},
		{
			"from": [6.4, -0.1, 7.3],
			"to": [6.8, 0, 7.7],
			"rotation": {"angle": 0, "axis": "y", "origin": [24.3, 6.9, 15.6]},
			"faces": {
				"north": {"uv": [0, 0, 0.4, 0.1], "texture": "#1"},
				"east": {"uv": [0, 0, 0.4, 0.1], "texture": "#1"},
				"south": {"uv": [0, 0, 0.4, 0.1], "texture": "#1"},
				"west": {"uv": [0, 0, 0.4, 0.1], "texture": "#1"},
				"up": {"uv": [0, 0, 0.4, 0.4], "texture": "#1"},
				"down": {"uv": [0, 0, 0.4, 0.4], "texture": "#1"}
			}
		},
		{
			"from": [6.1, 1, 7.3],
			"to": [6.4, 1.1, 7.45],
			"rotation": {"angle": 0, "axis": "y", "origin": [24.1, 8, 15.45]},
			"faces": {
				"north": {"uv": [0, 0, 0.3, 0.1], "texture": "#1"},
				"east": {"uv": [0, 0, 0.15, 0.1], "texture": "#1"},
				"south": {"uv": [0, 0, 0.3, 0.1], "texture": "#1"},
				"west": {"uv": [0, 0, 0.15, 0.1], "texture": "#1"},
				"up": {"uv": [0, 0, 0.3, 0.15], "texture": "#1"},
				"down": {"uv": [0, 0, 0.3, 0.15], "texture": "#1"}
			}
		},
		{
			"from": [6.1, -0.1, 7.3],
			"to": [6.4, 0, 7.45],
			"rotation": {"angle": 0, "axis": "y", "origin": [24.1, 6.9, 15.45]},
			"faces": {
				"north": {"uv": [0, 0, 0.3, 0.1], "texture": "#1"},
				"east": {"uv": [0, 0, 0.15, 0.1], "texture": "#1"},
				"south": {"uv": [0, 0, 0.3, 0.1], "texture": "#1"},
				"west": {"uv": [0, 0, 0.15, 0.1], "texture": "#1"},
				"up": {"uv": [0, 0, 0.3, 0.15], "texture": "#1"},
				"down": {"uv": [0, 0, 0.3, 0.15], "texture": "#1"}
			}
		},
		{
			"from": [6.2, 0.95, 7],
			"to": [6.9, 1.05, 7.15],
			"rotation": {"angle": 0, "axis": "y", "origin": [24.2, 7.95, 15.15]},
			"faces": {
				"north": {"uv": [0, 0, 0.7, 0.1], "texture": "#4"},
				"east": {"uv": [0, 0, 0.15, 0.1], "texture": "#4"},
				"south": {"uv": [0, 0, 0.7, 0.1], "texture": "#4"},
				"west": {"uv": [0, 0, 0.15, 0.1], "texture": "#4"},
				"up": {"uv": [0, 0, 0.7, 0.15], "texture": "#4"},
				"down": {"uv": [0, 0, 0.7, 0.15], "texture": "#4"}
			}
		},
		{
			"from": [6.2, -0.05, 7],
			"to": [6.9, 0.05, 7.15],
			"rotation": {"angle": 0, "axis": "y", "origin": [24.2, 6.95, 15.15]},
			"faces": {
				"north": {"uv": [0, 0, 0.7, 0.1], "texture": "#4"},
				"east": {"uv": [0, 0, 0.15, 0.1], "texture": "#4"},
				"south": {"uv": [0, 0, 0.7, 0.1], "texture": "#4"},
				"west": {"uv": [0, 0, 0.15, 0.1], "texture": "#4"},
				"up": {"uv": [0, 0, 0.7, 0.15], "texture": "#4"},
				"down": {"uv": [0, 0, 0.7, 0.15], "texture": "#4"}
			}
		},
		{
			"from": [-4.6, 1, 17.65],
			"to": [-4.3, 1.1, 17.8],
			"rotation": {"angle": -45, "axis": "y", "origin": [13.4, 8, 25.8]},
			"faces": {
				"north": {"uv": [0, 0, 0.3, 0.1], "texture": "#1"},
				"east": {"uv": [0, 0, 0.15, 0.1], "texture": "#1"},
				"south": {"uv": [0, 0, 0.3, 0.1], "texture": "#1"},
				"west": {"uv": [0, 0, 0.15, 0.1], "texture": "#1"},
				"up": {"uv": [0, 0, 0.3, 0.15], "texture": "#1"},
				"down": {"uv": [0, 0, 0.3, 0.15], "texture": "#1"}
			}
		},
		{
			"from": [-4.6, -0.1, 17.65],
			"to": [-4.3, 0, 17.8],
			"rotation": {"angle": -45, "axis": "y", "origin": [13.4, 6.9, 25.8]},
			"faces": {
				"north": {"uv": [0, 0, 0.3, 0.1], "texture": "#1"},
				"east": {"uv": [0, 0, 0.15, 0.1], "texture": "#1"},
				"south": {"uv": [0, 0, 0.3, 0.1], "texture": "#1"},
				"west": {"uv": [0, 0, 0.15, 0.1], "texture": "#1"},
				"up": {"uv": [0, 0, 0.3, 0.15], "texture": "#1"},
				"down": {"uv": [0, 0, 0.3, 0.15], "texture": "#1"}
			}
		},
		{
			"from": [20.55, -0.1, 8.1],
			"to": [20.7, 1.1, 8.3],
			"rotation": {"angle": 45, "axis": "y", "origin": [12.55, 8, 26.1]},
			"faces": {
				"north": {"uv": [0, 0, 0.15, 1.2], "texture": "#6"},
				"east": {"uv": [0, 0, 0.2, 1.2], "texture": "#6"},
				"south": {"uv": [0, 0, 0.15, 1.2], "texture": "#6"},
				"west": {"uv": [0, 0, 0.2, 1.2], "texture": "#6"},
				"up": {"uv": [0, 0, 0.2, 0.15], "rotation": 90, "texture": "#6"},
				"down": {"uv": [0, 0, 0.2, 0.15], "rotation": 270, "texture": "#6"}
			}
		},
		{
			"from": [15.65, -0.05, 7.55],
			"to": [15.9, 1.05, 7.8],
			"rotation": {"angle": 0, "axis": "y", "origin": [22.9, 8, 15.6]},
			"faces": {
				"north": {"uv": [0, 0, 0.25, 1.1], "texture": "#6"},
				"east": {"uv": [0, 0, 0.25, 1.1], "texture": "#6"},
				"south": {"uv": [0, 0, 0.25, 1.1], "texture": "#6"},
				"west": {"uv": [0, 0, 0.25, 1.1], "texture": "#6"},
				"up": {"uv": [0, 0, 0.25, 0.25], "texture": "#6"},
				"down": {"uv": [0, 0, 0.25, 0.25], "texture": "#6"}
			}
		},
		{
			"from": [15.65, 0.05, 7.4],
			"to": [15.9, 0.95, 7.55],
			"rotation": {"angle": 0, "axis": "y", "origin": [22.9, 8, 15.35]},
			"faces": {
				"north": {"uv": [0, 0, 0.25, 0.9], "texture": "#6"},
				"east": {"uv": [0, 0, 0.15, 0.9], "texture": "#6"},
				"south": {"uv": [0, 0, 0.25, 0.9], "texture": "#6"},
				"west": {"uv": [0, 0, 0.15, 0.9], "texture": "#6"},
				"up": {"uv": [0, 0, 0.25, 0.15], "texture": "#6"},
				"down": {"uv": [0, 0, 0.25, 0.15], "texture": "#6"}
			}
		},
		{
			"from": [15.65, 0.35, 7.3],
			"to": [15.9, 0.65, 7.4],
			"rotation": {"angle": 0, "axis": "y", "origin": [22.9, 8, 15.2]},
			"faces": {
				"north": {"uv": [0, 0, 0.25, 0.3], "texture": "#6"},
				"east": {"uv": [0, 0, 0.1, 0.3], "texture": "#6"},
				"south": {"uv": [0, 0, 0.25, 0.3], "texture": "#6"},
				"west": {"uv": [0, 0, 0.1, 0.3], "texture": "#6"},
				"up": {"uv": [0, 0, 0.25, 0.1], "texture": "#6"},
				"down": {"uv": [0, 0, 0.25, 0.1], "texture": "#6"}
			}
		},
		{
			"from": [15.65, 3.15, -0.5],
			"to": [15.9, 3.3, -0.4],
			"rotation": {"angle": -45, "axis": "x", "origin": [22.9, 11.25, 7.4]},
			"faces": {
				"north": {"uv": [0, 0, 0.25, 0.15], "texture": "#6"},
				"east": {"uv": [0, 0, 0.1, 0.15], "texture": "#6"},
				"south": {"uv": [0, 0, 0.25, 0.15], "texture": "#6"},
				"west": {"uv": [0, 0, 0.1, 0.15], "texture": "#6"},
				"up": {"uv": [0, 0, 0.25, 0.1], "texture": "#6"},
				"down": {"uv": [0, 0, 0.25, 0.1], "texture": "#6"}
			}
		},
		{
			"from": [15.65, -6.7, 10.1],
			"to": [15.9, -6.55, 10.2],
			"rotation": {"angle": 45, "axis": "x", "origin": [22.9, 0.35, 18]},
			"faces": {
				"north": {"uv": [0, 0, 0.25, 0.15], "texture": "#6"},
				"east": {"uv": [0, 0, 0.1, 0.15], "texture": "#6"},
				"south": {"uv": [0, 0, 0.25, 0.15], "texture": "#6"},
				"west": {"uv": [0, 0, 0.1, 0.15], "texture": "#6"},
				"up": {"uv": [0, 0, 0.25, 0.1], "texture": "#6"},
				"down": {"uv": [0, 0, 0.25, 0.1], "texture": "#6"}
			}
		},
		{
			"from": [12.1, 0.05, 7.65],
			"to": [16, 0.95, 7.85],
			"rotation": {"angle": 0, "axis": "y", "origin": [23, 8, 12.85]},
			"faces": {
				"north": {"uv": [0, 0, 3.9, 0.9], "texture": "#6"},
				"east": {"uv": [0, 0, 0.2, 0.9], "texture": "#6"},
				"south": {"uv": [0, 0, 3.9, 0.9], "texture": "#6"},
				"west": {"uv": [0, 0, 0.2, 0.9], "texture": "#6"},
				"up": {"uv": [0, 0, 3.9, 0.2], "texture": "#6"},
				"down": {"uv": [0, 0, 3.9, 0.2], "texture": "#6"}
			}
		},
		{
			"from": [8.15, 0.05, 9.95],
			"to": [9.6, 0.95, 10.65],
			"rotation": {"angle": -22.5, "axis": "y", "origin": [16.5, 8, 15.15]},
			"faces": {
				"north": {"uv": [0, 0, 1.45, 0.9], "texture": "#6"},
				"east": {"uv": [0, 0, 0.7, 0.9], "texture": "#6"},
				"south": {"uv": [0, 0, 1.45, 0.9], "texture": "#6"},
				"west": {"uv": [0, 0, 0.7, 0.9], "texture": "#6"},
				"up": {"uv": [0, 0, 1.45, 0.7], "texture": "#6"},
				"down": {"uv": [0, 0, 1.45, 0.7], "texture": "#6"}
			}
		},
		{
			"from": [7.05, 0.1, 8.45],
			"to": [8.6, 0.9, 10.55],
			"rotation": {"angle": -22.5, "axis": "y", "origin": [15.5, 8, 14.95]},
			"faces": {
				"north": {"uv": [0, 0, 1.55, 0.8], "texture": "#6"},
				"east": {"uv": [0, 0, 2.1, 0.8], "texture": "#6"},
				"south": {"uv": [0, 0, 1.55, 0.8], "texture": "#6"},
				"west": {"uv": [0, 0, 2.1, 0.8], "texture": "#6"},
				"up": {"uv": [0, 0, 1.55, 2.1], "texture": "#6"},
				"down": {"uv": [0, 0, 1.55, 2.1], "texture": "#6"}
			}
		},
		{
			"from": [7.05, 0, 8.45],
			"to": [8.4, 1, 10.55],
			"rotation": {"angle": -22.5, "axis": "y", "origin": [15.5, 8, 14.95]},
			"faces": {
				"north": {"uv": [0, 0, 1.35, 1], "texture": "#6"},
				"east": {"uv": [0, 0, 2.1, 1], "texture": "#6"},
				"south": {"uv": [0, 0, 1.35, 1], "texture": "#6"},
				"west": {"uv": [0, 0, 2.1, 1], "texture": "#6"},
				"up": {"uv": [0, 0, 1.35, 2.1], "texture": "#6"},
				"down": {"uv": [0, 0, 1.35, 2.1], "texture": "#6"}
			}
		},
		{
			"from": [7.85, 0.2, 4.45],
			"to": [8.4, 0.8, 8.45],
			"rotation": {"angle": -22.5, "axis": "y", "origin": [15.5, 8, 14.95]},
			"faces": {
				"north": {"uv": [0, 0, 0.55, 0.6], "texture": "#1"},
				"east": {"uv": [0, 0, 4, 0.6], "texture": "#1"},
				"south": {"uv": [0, 0, 0.55, 0.6], "texture": "#1"},
				"west": {"uv": [0, 0, 4, 0.6], "texture": "#1"},
				"up": {"uv": [0, 0, 0.55, 4], "texture": "#1"},
				"down": {"uv": [0, 0, 0.55, 4], "texture": "#1"}
			}
		},
		{
			"from": [7.25, 0.2, 4.45],
			"to": [7.5, 0.8, 8.45],
			"rotation": {"angle": -22.5, "axis": "y", "origin": [15.5, 8, 14.95]},
			"faces": {
				"north": {"uv": [0, 0, 0.25, 0.6], "texture": "#1"},
				"east": {"uv": [0, 0, 4, 0.6], "texture": "#1"},
				"south": {"uv": [0, 0, 0.25, 0.6], "texture": "#1"},
				"west": {"uv": [0, 0, 4, 0.6], "texture": "#1"},
				"up": {"uv": [0, 0, 0.25, 4], "texture": "#1"},
				"down": {"uv": [0, 0, 0.25, 4], "texture": "#1"}
			}
		},
		{
			"from": [7.5, 0.2, 4.45],
			"to": [7.85, 0.8, 5.05],
			"rotation": {"angle": -22.5, "axis": "y", "origin": [15.5, 8, 14.95]},
			"faces": {
				"north": {"uv": [0, 0, 0.35, 0.6], "texture": "#1"},
				"east": {"uv": [0, 0, 0.6, 0.6], "texture": "#1"},
				"south": {"uv": [0, 0, 0.35, 0.6], "texture": "#1"},
				"west": {"uv": [0, 0, 0.6, 0.6], "texture": "#1"},
				"up": {"uv": [0, 0, 0.35, 0.6], "texture": "#1"},
				"down": {"uv": [0, 0, 0.35, 0.6], "texture": "#1"}
			}
		},
		{
			"from": [7.5, 0.4, 5.05],
			"to": [7.85, 0.6, 8.45],
			"rotation": {"angle": -22.5, "axis": "y", "origin": [15.5, 8, 14.95]},
			"faces": {
				"north": {"uv": [0, 0, 0.35, 0.2], "texture": "#3"},
				"east": {"uv": [0, 0, 3.4, 0.2], "texture": "#3"},
				"south": {"uv": [0, 0, 0.35, 0.2], "texture": "#3"},
				"west": {"uv": [0, 0, 3.4, 0.2], "texture": "#3"},
				"up": {"uv": [0, 0, 0.35, 3.4], "texture": "#3"},
				"down": {"uv": [0, 0, 0.35, 3.4], "texture": "#3"}
			}
		},
		{
			"from": [7.5, 0.3, 5.05],
			"to": [7.85, 0.7, 5.25],
			"rotation": {"angle": -22.5, "axis": "y", "origin": [15.5, 8, 14.95]},
			"faces": {
				"north": {"uv": [0, 0, 0.35, 0.4], "texture": "#2"},
				"east": {"uv": [0, 0, 0.2, 0.4], "texture": "#2"},
				"south": {"uv": [0, 0, 0.35, 0.4], "texture": "#2"},
				"west": {"uv": [0, 0, 0.2, 0.4], "texture": "#2"},
				"up": {"uv": [0, 0, 0.35, 0.2], "texture": "#2"},
				"down": {"uv": [0, 0, 0.35, 0.2], "texture": "#2"}
			}
		},
		{
			"from": [7.5, 0.3, 5.35],
			"to": [7.85, 0.7, 5.55],
			"rotation": {"angle": -22.5, "axis": "y", "origin": [15.5, 8, 14.95]},
			"faces": {
				"north": {"uv": [0, 0, 0.35, 0.4], "texture": "#2"},
				"east": {"uv": [0, 0, 0.2, 0.4], "texture": "#2"},
				"south": {"uv": [0, 0, 0.35, 0.4], "texture": "#2"},
				"west": {"uv": [0, 0, 0.2, 0.4], "texture": "#2"},
				"up": {"uv": [0, 0, 0.35, 0.2], "texture": "#2"},
				"down": {"uv": [0, 0, 0.35, 0.2], "texture": "#2"}
			}
		},
		{
			"from": [7.5, 0.3, 5.65],
			"to": [7.85, 0.7, 5.85],
			"rotation": {"angle": -22.5, "axis": "y", "origin": [15.5, 8, 14.95]},
			"faces": {
				"north": {"uv": [0, 0, 0.35, 0.4], "texture": "#2"},
				"east": {"uv": [0, 0, 0.2, 0.4], "texture": "#2"},
				"south": {"uv": [0, 0, 0.35, 0.4], "texture": "#2"},
				"west": {"uv": [0, 0, 0.2, 0.4], "texture": "#2"},
				"up": {"uv": [0, 0, 0.35, 0.2], "texture": "#2"},
				"down": {"uv": [0, 0, 0.35, 0.2], "texture": "#2"}
			}
		},
		{
			"from": [7.5, 0.3, 5.95],
			"to": [7.85, 0.7, 6.15],
			"rotation": {"angle": -22.5, "axis": "y", "origin": [15.5, 8, 14.95]},
			"faces": {
				"north": {"uv": [0, 0, 0.35, 0.4], "texture": "#2"},
				"east": {"uv": [0, 0, 0.2, 0.4], "texture": "#2"},
				"south": {"uv": [0, 0, 0.35, 0.4], "texture": "#2"},
				"west": {"uv": [0, 0, 0.2, 0.4], "texture": "#2"},
				"up": {"uv": [0, 0, 0.35, 0.2], "texture": "#2"},
				"down": {"uv": [0, 0, 0.35, 0.2], "texture": "#2"}
			}
		},
		{
			"from": [7.5, 0.3, 6.25],
			"to": [7.85, 0.7, 6.45],
			"rotation": {"angle": -22.5, "axis": "y", "origin": [15.5, 8, 14.95]},
			"faces": {
				"north": {"uv": [0, 0, 0.35, 0.4], "texture": "#2"},
				"east": {"uv": [0, 0, 0.2, 0.4], "texture": "#2"},
				"south": {"uv": [0, 0, 0.35, 0.4], "texture": "#2"},
				"west": {"uv": [0, 0, 0.2, 0.4], "texture": "#2"},
				"up": {"uv": [0, 0, 0.35, 0.2], "texture": "#2"},
				"down": {"uv": [0, 0, 0.35, 0.2], "texture": "#2"}
			}
		},
		{
			"from": [7.5, 0.3, 6.55],
			"to": [7.85, 0.7, 6.75],
			"rotation": {"angle": -22.5, "axis": "y", "origin": [15.5, 8, 14.95]},
			"faces": {
				"north": {"uv": [0, 0, 0.35, 0.4], "texture": "#2"},
				"east": {"uv": [0, 0, 0.2, 0.4], "texture": "#2"},
				"south": {"uv": [0, 0, 0.35, 0.4], "texture": "#2"},
				"west": {"uv": [0, 0, 0.2, 0.4], "texture": "#2"},
				"up": {"uv": [0, 0, 0.35, 0.2], "texture": "#2"},
				"down": {"uv": [0, 0, 0.35, 0.2], "texture": "#2"}
			}
		},
		{
			"from": [7.5, 0.3, 6.85],
			"to": [7.85, 0.7, 7.05],
			"rotation": {"angle": -22.5, "axis": "y", "origin": [15.5, 8, 14.95]},
			"faces": {
				"north": {"uv": [0, 0, 0.35, 0.4], "texture": "#2"},
				"east": {"uv": [0, 0, 0.2, 0.4], "texture": "#2"},
				"south": {"uv": [0, 0, 0.35, 0.4], "texture": "#2"},
				"west": {"uv": [0, 0, 0.2, 0.4], "texture": "#2"},
				"up": {"uv": [0, 0, 0.35, 0.2], "texture": "#2"},
				"down": {"uv": [0, 0, 0.35, 0.2], "texture": "#2"}
			}
		},
		{
			"from": [7.5, 0.3, 7.15],
			"to": [7.85, 0.7, 7.35],
			"rotation": {"angle": -22.5, "axis": "y", "origin": [15.5, 8, 14.95]},
			"faces": {
				"north": {"uv": [0, 0, 0.35, 0.4], "texture": "#2"},
				"east": {"uv": [0, 0, 0.2, 0.4], "texture": "#2"},
				"south": {"uv": [0, 0, 0.35, 0.4], "texture": "#2"},
				"west": {"uv": [0, 0, 0.2, 0.4], "texture": "#2"},
				"up": {"uv": [0, 0, 0.35, 0.2], "texture": "#2"},
				"down": {"uv": [0, 0, 0.35, 0.2], "texture": "#2"}
			}
		},
		{
			"from": [7.5, 0.3, 7.45],
			"to": [7.85, 0.7, 7.65],
			"rotation": {"angle": -22.5, "axis": "y", "origin": [15.5, 8, 14.95]},
			"faces": {
				"north": {"uv": [0, 0, 0.35, 0.4], "texture": "#2"},
				"east": {"uv": [0, 0, 0.2, 0.4], "texture": "#2"},
				"south": {"uv": [0, 0, 0.35, 0.4], "texture": "#2"},
				"west": {"uv": [0, 0, 0.2, 0.4], "texture": "#2"},
				"up": {"uv": [0, 0, 0.35, 0.2], "texture": "#2"},
				"down": {"uv": [0, 0, 0.35, 0.2], "texture": "#2"}
			}
		},
		{
			"from": [7.5, 0.3, 7.75],
			"to": [7.85, 0.7, 7.95],
			"rotation": {"angle": -22.5, "axis": "y", "origin": [15.5, 8, 14.95]},
			"faces": {
				"north": {"uv": [0, 0, 0.35, 0.4], "texture": "#2"},
				"east": {"uv": [0, 0, 0.2, 0.4], "texture": "#2"},
				"south": {"uv": [0, 0, 0.35, 0.4], "texture": "#2"},
				"west": {"uv": [0, 0, 0.2, 0.4], "texture": "#2"},
				"up": {"uv": [0, 0, 0.35, 0.2], "texture": "#2"},
				"down": {"uv": [0, 0, 0.35, 0.2], "texture": "#2"}
			}
		},
		{
			"from": [7.5, 0.3, 8.05],
			"to": [7.85, 0.7, 8.25],
			"rotation": {"angle": -22.5, "axis": "y", "origin": [15.5, 8, 14.95]},
			"faces": {
				"north": {"uv": [0, 0, 0.35, 0.4], "texture": "#2"},
				"east": {"uv": [0, 0, 0.2, 0.4], "texture": "#2"},
				"south": {"uv": [0, 0, 0.35, 0.4], "texture": "#2"},
				"west": {"uv": [0, 0, 0.2, 0.4], "texture": "#2"},
				"up": {"uv": [0, 0, 0.35, 0.2], "texture": "#2"},
				"down": {"uv": [0, 0, 0.35, 0.2], "texture": "#2"}
			}
		},
		{
			"from": [7.5, 0.3, 8.35],
			"to": [7.85, 0.7, 8.45],
			"rotation": {"angle": -22.5, "axis": "y", "origin": [15.5, 8, 14.95]},
			"faces": {
				"north": {"uv": [0, 0, 0.35, 0.4], "texture": "#2"},
				"east": {"uv": [0, 0, 0.1, 0.4], "texture": "#2"},
				"south": {"uv": [0, 0, 0.35, 0.4], "texture": "#2"},
				"west": {"uv": [0, 0, 0.1, 0.4], "texture": "#2"},
				"up": {"uv": [0, 0, 0.35, 0.1], "texture": "#2"},
				"down": {"uv": [0, 0, 0.35, 0.1], "texture": "#2"}
			}
		},
		{
			"from": [9.35, 0.1, 5.7],
			"to": [10.2, 0.9, 7.65],
			"rotation": {"angle": 0, "axis": "y", "origin": [16.5, 8, 12.05]},
			"faces": {
				"north": {"uv": [0, 0, 0.85, 0.8], "texture": "#6"},
				"east": {"uv": [0, 0, 1.95, 0.8], "texture": "#6"},
				"south": {"uv": [0, 0, 0.85, 0.8], "texture": "#6"},
				"west": {"uv": [0, 0, 1.95, 0.8], "texture": "#6"},
				"up": {"uv": [0, 0, 0.85, 1.95], "texture": "#6"},
				"down": {"uv": [0, 0, 0.85, 1.95], "texture": "#6"}
			}
		},
		{
			"from": [9.05, 0.1, 4.05],
			"to": [10.3, 0.9, 4.25],
			"rotation": {"angle": -22.5, "axis": "y", "origin": [15.9, 8, 10.25]},
			"faces": {
				"north": {"uv": [0, 0, 1.25, 0.8], "texture": "#1"},
				"east": {"uv": [0, 0, 0.2, 0.8], "texture": "#1"},
				"south": {"uv": [0, 0, 1.25, 0.8], "texture": "#1"},
				"west": {"uv": [0, 0, 0.2, 0.8], "texture": "#1"},
				"up": {"uv": [0, 0, 1.25, 0.2], "texture": "#1"},
				"down": {"uv": [0, 0, 1.25, 0.2], "texture": "#1"}
			}
		},
		{
			"from": [3.25, 0.1, 9.75],
			"to": [3.6, 0.9, 10.45],
			"rotation": {"angle": -45, "axis": "y", "origin": [10.3, 8, 15.45]},
			"faces": {
				"north": {"uv": [0, 0, 0.35, 0.8], "texture": "#6"},
				"east": {"uv": [0, 0, 0.7, 0.8], "texture": "#6"},
				"south": {"uv": [0, 0, 0.35, 0.8], "texture": "#6"},
				"west": {"uv": [0, 0, 0.7, 0.8], "texture": "#6"},
				"up": {"uv": [0, 0, 0.35, 0.7], "texture": "#6"},
				"down": {"uv": [0, 0, 0.35, 0.7], "texture": "#6"}
			}
		},
		{
			"from": [10.75, 0.35, 2.55],
			"to": [10.85, 0.65, 3.15],
			"rotation": {"angle": 22.5, "axis": "y", "origin": [17.55, 8, 8.15]},
			"faces": {
				"north": {"uv": [0, 0, 0.1, 0.3], "texture": "#6"},
				"east": {"uv": [0, 0, 0.6, 0.3], "texture": "#6"},
				"south": {"uv": [0, 0, 0.1, 0.3], "texture": "#6"},
				"west": {"uv": [0, 0, 0.6, 0.3], "texture": "#6"},
				"up": {"uv": [0, 0, 0.1, 0.6], "texture": "#6"},
				"down": {"uv": [0, 0, 0.1, 0.6], "texture": "#6"}
			}
		},
		{
			"from": [10.25, 0.35, 7.15],
			"to": [10.95, 0.65, 7.25],
			"rotation": {"angle": 22.5, "axis": "y", "origin": [5.35, 8, 13.95]},
			"faces": {
				"north": {"uv": [0, 0, 0.7, 0.3], "texture": "#6"},
				"east": {"uv": [0, 0, 0.1, 0.3], "texture": "#6"},
				"south": {"uv": [0, 0, 0.7, 0.3], "texture": "#6"},
				"west": {"uv": [0, 0, 0.1, 0.3], "texture": "#6"},
				"up": {"uv": [0, 0, 0.1, 0.7], "rotation": 90, "texture": "#6"},
				"down": {"uv": [0, 0, 0.1, 0.7], "rotation": 270, "texture": "#6"}
			}
		},
		{
			"from": [7.9, 0.45, 6.15],
			"to": [8, 0.55, 6.75],
			"rotation": {"angle": 0, "axis": "y", "origin": [14.7, 8, 11.65]},
			"faces": {
				"north": {"uv": [0, 0, 0.1, 0.1], "texture": "#6"},
				"east": {"uv": [0, 0, 0.6, 0.1], "texture": "#6"},
				"south": {"uv": [0, 0, 0.1, 0.1], "texture": "#6"},
				"west": {"uv": [0, 0, 0.6, 0.1], "texture": "#6"},
				"up": {"uv": [0, 0, 0.1, 0.6], "texture": "#6"},
				"down": {"uv": [0, 0, 0.1, 0.6], "texture": "#6"}
			}
		},
		{
			"from": [9.5, 0.45, 3.35],
			"to": [9.6, 0.55, 3.95],
			"rotation": {"angle": 22.5, "axis": "y", "origin": [16.3, 8, 8.85]},
			"faces": {
				"north": {"uv": [0, 0, 0.1, 0.1], "texture": "#6"},
				"east": {"uv": [0, 0, 0.6, 0.1], "texture": "#6"},
				"south": {"uv": [0, 0, 0.1, 0.1], "texture": "#6"},
				"west": {"uv": [0, 0, 0.6, 0.1], "texture": "#6"},
				"up": {"uv": [0, 0, 0.1, 0.6], "texture": "#6"},
				"down": {"uv": [0, 0, 0.1, 0.6], "texture": "#6"}
			}
		},
		{
			"from": [5.45, 0.45, 7.95],
			"to": [5.55, 0.55, 8.35],
			"rotation": {"angle": -22.5, "axis": "y", "origin": [12.25, 8, 13.45]},
			"faces": {
				"north": {"uv": [0, 0, 0.1, 0.1], "texture": "#6"},
				"east": {"uv": [0, 0, 0.4, 0.1], "texture": "#6"},
				"south": {"uv": [0, 0, 0.1, 0.1], "texture": "#6"},
				"west": {"uv": [0, 0, 0.4, 0.1], "texture": "#6"},
				"up": {"uv": [0, 0, 0.1, 0.4], "texture": "#6"},
				"down": {"uv": [0, 0, 0.1, 0.4], "texture": "#6"}
			}
		},
		{
			"from": [7.9, 0.35, 5.55],
			"to": [9.2, 0.65, 5.65],
			"rotation": {"angle": 0, "axis": "y", "origin": [14.4, 8, -1.15]},
			"faces": {
				"north": {"uv": [0, 0, 1.3, 0.3], "texture": "#6"},
				"east": {"uv": [0, 0, 0.1, 0.3], "texture": "#6"},
				"south": {"uv": [0, 0, 1.3, 0.3], "texture": "#6"},
				"west": {"uv": [0, 0, 0.1, 0.3], "texture": "#6"},
				"up": {"uv": [0, 0, 0.1, 1.3], "rotation": 270, "texture": "#6"},
				"down": {"uv": [0, 0, 0.1, 1.3], "rotation": 90, "texture": "#6"}
			}
		},
		{
			"from": [6.2, 0, 6.55],
			"to": [10.15, 1, 7.75],
			"rotation": {"angle": 0, "axis": "y", "origin": [15.85, 8, 12.15]},
			"faces": {
				"north": {"uv": [0, 0, 3.95, 1], "texture": "#6"},
				"east": {"uv": [0, 0, 1.2, 1], "texture": "#6"},
				"south": {"uv": [0, 0, 3.95, 1], "texture": "#6"},
				"west": {"uv": [0, 0, 1.2, 1], "texture": "#6"},
				"up": {"uv": [0, 0, 3.95, 1.2], "texture": "#6"},
				"down": {"uv": [0, 0, 3.95, 1.2], "texture": "#6"}
			}
		},
		{
			"from": [3.45, 0, 9.85],
			"to": [4.1, 1, 10.35],
			"rotation": {"angle": -22.5, "axis": "y", "origin": [13, 8, 15.35]},
			"faces": {
				"north": {"uv": [0, 0, 0.65, 1], "texture": "#6"},
				"east": {"uv": [0, 0, 0.5, 1], "texture": "#6"},
				"south": {"uv": [0, 0, 0.65, 1], "texture": "#6"},
				"west": {"uv": [0, 0, 0.5, 1], "texture": "#6"},
				"up": {"uv": [0, 0, 0.65, 0.5], "texture": "#6"},
				"down": {"uv": [0, 0, 0.65, 0.5], "texture": "#6"}
			}
		},
		{
			"from": [-0.65, 0, 11.95],
			"to": [0, 1, 12.65],
			"rotation": {"angle": -45, "axis": "y", "origin": [8.9, 8, 17.75]},
			"faces": {
				"north": {"uv": [0, 0, 0.65, 1], "texture": "#6"},
				"east": {"uv": [0, 0, 0.7, 1], "texture": "#6"},
				"south": {"uv": [0, 0, 0.65, 1], "texture": "#6"},
				"west": {"uv": [0, 0, 0.7, 1], "texture": "#6"},
				"up": {"uv": [0, 0, 0.65, 0.7], "texture": "#6"},
				"down": {"uv": [0, 0, 0.65, 0.7], "texture": "#6"}
			}
		},
		{
			"from": [6.55, 0, 3.55],
			"to": [7.5, 1, 4.15],
			"rotation": {"angle": 22.5, "axis": "y", "origin": [16.1, 8, 9.15]},
			"faces": {
				"north": {"uv": [0, 0, 0.95, 1], "texture": "#6"},
				"east": {"uv": [0, 0, 0.6, 1], "texture": "#6"},
				"south": {"uv": [0, 0, 0.95, 1], "texture": "#6"},
				"west": {"uv": [0, 0, 0.6, 1], "texture": "#6"},
				"up": {"uv": [0, 0, 0.95, 0.6], "texture": "#6"},
				"down": {"uv": [0, 0, 0.95, 0.6], "texture": "#6"}
			}
		},
		{
			"from": [9.2, 0.1, 5.45],
			"to": [10.4, 0.9, 8.7],
			"rotation": {"angle": 22.5, "axis": "y", "origin": [5.1, 8, 14.4]},
			"faces": {
				"north": {"uv": [0, 0, 1.2, 0.8], "texture": "#6"},
				"east": {"uv": [0, 0, 3.25, 0.8], "texture": "#6"},
				"south": {"uv": [0, 0, 1.2, 0.8], "texture": "#6"},
				"west": {"uv": [0, 0, 3.25, 0.8], "texture": "#6"},
				"up": {"uv": [0, 0, 3.25, 1.2], "rotation": 90, "texture": "#6"},
				"down": {"uv": [0, 0, 3.25, 1.2], "rotation": 270, "texture": "#6"}
			}
		},
		{
			"from": [6.2, 0.1, 6.25],
			"to": [6.4, 0.9, 6.6],
			"rotation": {"angle": 0, "axis": "y", "origin": [2.1, 8, 14.4]},
			"faces": {
				"north": {"uv": [0, 0, 0.2, 0.8], "texture": "#6"},
				"east": {"uv": [0, 0, 0.35, 0.8], "texture": "#6"},
				"south": {"uv": [0, 0, 0.2, 0.8], "texture": "#6"},
				"west": {"uv": [0, 0, 0.35, 0.8], "texture": "#6"},
				"up": {"uv": [0, 0, 0.35, 0.2], "rotation": 90, "texture": "#6"},
				"down": {"uv": [0, 0, 0.35, 0.2], "rotation": 270, "texture": "#6"}
			}
		},
		{
			"from": [9.2, 0.1, 5.25],
			"to": [10.5, 0.9, 5.45],
			"rotation": {"angle": 22.5, "axis": "y", "origin": [5.1, 8, 14.4]},
			"faces": {
				"north": {"uv": [0, 0, 1.3, 0.8], "texture": "#6"},
				"east": {"uv": [0, 0, 0.2, 0.8], "texture": "#6"},
				"south": {"uv": [0, 0, 1.3, 0.8], "texture": "#6"},
				"west": {"uv": [0, 0, 0.2, 0.8], "texture": "#6"},
				"up": {"uv": [0, 0, 0.2, 1.3], "rotation": 90, "texture": "#6"},
				"down": {"uv": [0, 0, 0.2, 1.3], "rotation": 270, "texture": "#6"}
			}
		},
		{
			"from": [10.5, 0.2, 5.25],
			"to": [10.6, 0.8, 5.45],
			"rotation": {"angle": 22.5, "axis": "y", "origin": [5.1, 8, 14.4]},
			"faces": {
				"north": {"uv": [0, 0, 0.1, 0.6], "texture": "#6"},
				"east": {"uv": [0, 0, 0.2, 0.6], "texture": "#6"},
				"south": {"uv": [0, 0, 0.1, 0.6], "texture": "#6"},
				"west": {"uv": [0, 0, 0.2, 0.6], "texture": "#6"},
				"up": {"uv": [0, 0, 0.2, 0.1], "rotation": 90, "texture": "#6"},
				"down": {"uv": [0, 0, 0.2, 0.1], "rotation": 270, "texture": "#6"}
			}
		},
		{
			"from": [7.2, 0.25, 9.45],
			"to": [11.8, 0.75, 9.75],
			"rotation": {"angle": 0, "axis": "y", "origin": [23, 8, 14.75]},
			"faces": {
				"north": {"uv": [0, 0, 4.6, 0.5], "texture": "#6"},
				"east": {"uv": [0, 0, 0.3, 0.5], "texture": "#6"},
				"south": {"uv": [0, 0, 4.6, 0.5], "texture": "#6"},
				"west": {"uv": [0, 0, 0.3, 0.5], "texture": "#6"},
				"up": {"uv": [0, 0, 4.6, 0.3], "texture": "#6"},
				"down": {"uv": [0, 0, 4.6, 0.3], "texture": "#6"}
			}
		},
		{
			"from": [7.3, 0.25, 9.8],
			"to": [10.7, 0.75, 9.9],
			"rotation": {"angle": 0, "axis": "y", "origin": [23, 8, 15.1]},
			"faces": {
				"north": {"uv": [0, 0, 3.4, 0.5], "texture": "#6"},
				"east": {"uv": [0, 0, 0.1, 0.5], "texture": "#6"},
				"south": {"uv": [0, 0, 3.4, 0.5], "texture": "#6"},
				"west": {"uv": [0, 0, 0.1, 0.5], "texture": "#6"},
				"up": {"uv": [0, 0, 3.4, 0.1], "texture": "#6"},
				"down": {"uv": [0, 0, 3.4, 0.1], "texture": "#6"}
			}
		},
		{
			"from": [12.25, 0.25, 7.5],
			"to": [15.65, 0.75, 7.6],
			"rotation": {"angle": 0, "axis": "x", "origin": [27.95, 8, 12.8]},
			"faces": {
				"north": {"uv": [0, 0, 3.4, 0.5], "texture": "#6"},
				"east": {"uv": [0, 0, 0.1, 0.5], "texture": "#6"},
				"south": {"uv": [0, 0, 3.4, 0.5], "texture": "#6"},
				"west": {"uv": [0, 0, 0.1, 0.5], "texture": "#6"},
				"up": {"uv": [0, 0, 3.4, 0.1], "texture": "#6"},
				"down": {"uv": [0, 0, 3.4, 0.1], "texture": "#6"}
			}
		},
		{
			"from": [7.35, 0.25, 9.9],
			"to": [7.65, 0.75, 10],
			"rotation": {"angle": 0, "axis": "y", "origin": [23, 8, 15.2]},
			"faces": {
				"north": {"uv": [0, 0, 0.3, 0.5], "texture": "#6"},
				"east": {"uv": [0, 0, 0.1, 0.5], "texture": "#6"},
				"south": {"uv": [0, 0, 0.3, 0.5], "texture": "#6"},
				"west": {"uv": [0, 0, 0.1, 0.5], "texture": "#6"},
				"up": {"uv": [0, 0, 0.3, 0.1], "texture": "#6"},
				"down": {"uv": [0, 0, 0.3, 0.1], "texture": "#6"}
			}
		},
		{
			"from": [10.35, 0.25, 9.9],
			"to": [10.65, 0.75, 10],
			"rotation": {"angle": 0, "axis": "y", "origin": [26, 8, 15.2]},
			"faces": {
				"north": {"uv": [0, 0, 0.3, 0.5], "texture": "#6"},
				"east": {"uv": [0, 0, 0.1, 0.5], "texture": "#6"},
				"south": {"uv": [0, 0, 0.3, 0.5], "texture": "#6"},
				"west": {"uv": [0, 0, 0.1, 0.5], "texture": "#6"},
				"up": {"uv": [0, 0, 0.3, 0.1], "texture": "#6"},
				"down": {"uv": [0, 0, 0.3, 0.1], "texture": "#6"}
			}
		},
		{
			"from": [12.3, 0.25, 7.4],
			"to": [12.6, 0.75, 7.5],
			"rotation": {"angle": 0, "axis": "x", "origin": [27.95, 8, 12.7]},
			"faces": {
				"north": {"uv": [0, 0, 0.3, 0.5], "texture": "#6"},
				"east": {"uv": [0, 0, 0.1, 0.5], "texture": "#6"},
				"south": {"uv": [0, 0, 0.3, 0.5], "texture": "#6"},
				"west": {"uv": [0, 0, 0.1, 0.5], "texture": "#6"},
				"up": {"uv": [0, 0, 0.3, 0.1], "texture": "#6"},
				"down": {"uv": [0, 0, 0.3, 0.1], "texture": "#6"}
			}
		},
		{
			"from": [7.75, 0.25, 9.9],
			"to": [7.85, 0.75, 10],
			"rotation": {"angle": 0, "axis": "y", "origin": [23.4, 8, 15.2]},
			"faces": {
				"north": {"uv": [0, 0, 0.1, 0.5], "texture": "#6"},
				"east": {"uv": [0, 0, 0.1, 0.5], "texture": "#6"},
				"south": {"uv": [0, 0, 0.1, 0.5], "texture": "#6"},
				"west": {"uv": [0, 0, 0.1, 0.5], "texture": "#6"},
				"up": {"uv": [0, 0, 0.1, 0.1], "texture": "#6"},
				"down": {"uv": [0, 0, 0.1, 0.1], "texture": "#6"}
			}
		},
		{
			"from": [8.55, 0.25, 9.9],
			"to": [8.65, 0.75, 10],
			"rotation": {"angle": 0, "axis": "y", "origin": [24.2, 8, 15.2]},
			"faces": {
				"north": {"uv": [0, 0, 0.1, 0.5], "texture": "#6"},
				"east": {"uv": [0, 0, 0.1, 0.5], "texture": "#6"},
				"south": {"uv": [0, 0, 0.1, 0.5], "texture": "#6"},
				"west": {"uv": [0, 0, 0.1, 0.5], "texture": "#6"},
				"up": {"uv": [0, 0, 0.1, 0.1], "texture": "#6"},
				"down": {"uv": [0, 0, 0.1, 0.1], "texture": "#6"}
			}
		},
		{
			"from": [9.35, 0.25, 9.9],
			"to": [9.45, 0.75, 10],
			"rotation": {"angle": 0, "axis": "y", "origin": [25, 8, 15.2]},
			"faces": {
				"north": {"uv": [0, 0, 0.1, 0.5], "texture": "#6"},
				"east": {"uv": [0, 0, 0.1, 0.5], "texture": "#6"},
				"south": {"uv": [0, 0, 0.1, 0.5], "texture": "#6"},
				"west": {"uv": [0, 0, 0.1, 0.5], "texture": "#6"},
				"up": {"uv": [0, 0, 0.1, 0.1], "texture": "#6"},
				"down": {"uv": [0, 0, 0.1, 0.1], "texture": "#6"}
			}
		},
		{
			"from": [7.95, 0.25, 9.9],
			"to": [8.05, 0.75, 10],
			"rotation": {"angle": 0, "axis": "y", "origin": [23.6, 8, 15.2]},
			"faces": {
				"north": {"uv": [0, 0, 0.1, 0.5], "texture": "#6"},
				"east": {"uv": [0, 0, 0.1, 0.5], "texture": "#6"},
				"south": {"uv": [0, 0, 0.1, 0.5], "texture": "#6"},
				"west": {"uv": [0, 0, 0.1, 0.5], "texture": "#6"},
				"up": {"uv": [0, 0, 0.1, 0.1], "texture": "#6"},
				"down": {"uv": [0, 0, 0.1, 0.1], "texture": "#6"}
			}
		},
		{
			"from": [8.75, 0.25, 9.9],
			"to": [8.85, 0.75, 10],
			"rotation": {"angle": 0, "axis": "y", "origin": [24.4, 8, 15.2]},
			"faces": {
				"north": {"uv": [0, 0, 0.1, 0.5], "texture": "#6"},
				"east": {"uv": [0, 0, 0.1, 0.5], "texture": "#6"},
				"south": {"uv": [0, 0, 0.1, 0.5], "texture": "#6"},
				"west": {"uv": [0, 0, 0.1, 0.5], "texture": "#6"},
				"up": {"uv": [0, 0, 0.1, 0.1], "texture": "#6"},
				"down": {"uv": [0, 0, 0.1, 0.1], "texture": "#6"}
			}
		},
		{
			"from": [9.55, 0.25, 9.9],
			"to": [9.65, 0.75, 10],
			"rotation": {"angle": 0, "axis": "y", "origin": [25.2, 8, 15.2]},
			"faces": {
				"north": {"uv": [0, 0, 0.1, 0.5], "texture": "#6"},
				"east": {"uv": [0, 0, 0.1, 0.5], "texture": "#6"},
				"south": {"uv": [0, 0, 0.1, 0.5], "texture": "#6"},
				"west": {"uv": [0, 0, 0.1, 0.5], "texture": "#6"},
				"up": {"uv": [0, 0, 0.1, 0.1], "texture": "#6"},
				"down": {"uv": [0, 0, 0.1, 0.1], "texture": "#6"}
			}
		},
		{
			"from": [8.15, 0.25, 9.9],
			"to": [8.25, 0.75, 10],
			"rotation": {"angle": 0, "axis": "y", "origin": [23.8, 8, 15.2]},
			"faces": {
				"north": {"uv": [0, 0, 0.1, 0.5], "texture": "#6"},
				"east": {"uv": [0, 0, 0.1, 0.5], "texture": "#6"},
				"south": {"uv": [0, 0, 0.1, 0.5], "texture": "#6"},
				"west": {"uv": [0, 0, 0.1, 0.5], "texture": "#6"},
				"up": {"uv": [0, 0, 0.1, 0.1], "texture": "#6"},
				"down": {"uv": [0, 0, 0.1, 0.1], "texture": "#6"}
			}
		},
		{
			"from": [8.95, 0.25, 9.9],
			"to": [9.05, 0.75, 10],
			"rotation": {"angle": 0, "axis": "y", "origin": [24.6, 8, 15.2]},
			"faces": {
				"north": {"uv": [0, 0, 0.1, 0.5], "texture": "#6"},
				"east": {"uv": [0, 0, 0.1, 0.5], "texture": "#6"},
				"south": {"uv": [0, 0, 0.1, 0.5], "texture": "#6"},
				"west": {"uv": [0, 0, 0.1, 0.5], "texture": "#6"},
				"up": {"uv": [0, 0, 0.1, 0.1], "texture": "#6"},
				"down": {"uv": [0, 0, 0.1, 0.1], "texture": "#6"}
			}
		},
		{
			"from": [9.75, 0.25, 9.9],
			"to": [9.85, 0.75, 10],
			"rotation": {"angle": 0, "axis": "y", "origin": [25.4, 8, 15.2]},
			"faces": {
				"north": {"uv": [0, 0, 0.1, 0.5], "texture": "#6"},
				"east": {"uv": [0, 0, 0.1, 0.5], "texture": "#6"},
				"south": {"uv": [0, 0, 0.1, 0.5], "texture": "#6"},
				"west": {"uv": [0, 0, 0.1, 0.5], "texture": "#6"},
				"up": {"uv": [0, 0, 0.1, 0.1], "texture": "#6"},
				"down": {"uv": [0, 0, 0.1, 0.1], "texture": "#6"}
			}
		},
		{
			"from": [8.35, 0.25, 9.9],
			"to": [8.45, 0.75, 10],
			"rotation": {"angle": 0, "axis": "y", "origin": [24, 8, 15.2]},
			"faces": {
				"north": {"uv": [0, 0, 0.1, 0.5], "texture": "#6"},
				"east": {"uv": [0, 0, 0.1, 0.5], "texture": "#6"},
				"south": {"uv": [0, 0, 0.1, 0.5], "texture": "#6"},
				"west": {"uv": [0, 0, 0.1, 0.5], "texture": "#6"},
				"up": {"uv": [0, 0, 0.1, 0.1], "texture": "#6"},
				"down": {"uv": [0, 0, 0.1, 0.1], "texture": "#6"}
			}
		},
		{
			"from": [9.15, 0.25, 9.9],
			"to": [9.25, 0.75, 10],
			"rotation": {"angle": 0, "axis": "y", "origin": [24.8, 8, 15.2]},
			"faces": {
				"north": {"uv": [0, 0, 0.1, 0.5], "texture": "#6"},
				"east": {"uv": [0, 0, 0.1, 0.5], "texture": "#6"},
				"south": {"uv": [0, 0, 0.1, 0.5], "texture": "#6"},
				"west": {"uv": [0, 0, 0.1, 0.5], "texture": "#6"},
				"up": {"uv": [0, 0, 0.1, 0.1], "texture": "#6"},
				"down": {"uv": [0, 0, 0.1, 0.1], "texture": "#6"}
			}
		},
		{
			"from": [9.95, 0.25, 9.9],
			"to": [10.05, 0.75, 10],
			"rotation": {"angle": 0, "axis": "y", "origin": [25.6, 8, 15.2]},
			"faces": {
				"north": {"uv": [0, 0, 0.1, 0.5], "texture": "#6"},
				"east": {"uv": [0, 0, 0.1, 0.5], "texture": "#6"},
				"south": {"uv": [0, 0, 0.1, 0.5], "texture": "#6"},
				"west": {"uv": [0, 0, 0.1, 0.5], "texture": "#6"},
				"up": {"uv": [0, 0, 0.1, 0.1], "texture": "#6"},
				"down": {"uv": [0, 0, 0.1, 0.1], "texture": "#6"}
			}
		},
		{
			"from": [10.15, 0.25, 9.9],
			"to": [10.25, 0.75, 10],
			"rotation": {"angle": 0, "axis": "y", "origin": [25.8, 8, 15.2]},
			"faces": {
				"north": {"uv": [0, 0, 0.1, 0.5], "texture": "#6"},
				"east": {"uv": [0, 0, 0.1, 0.5], "texture": "#6"},
				"south": {"uv": [0, 0, 0.1, 0.5], "texture": "#6"},
				"west": {"uv": [0, 0, 0.1, 0.5], "texture": "#6"},
				"up": {"uv": [0, 0, 0.1, 0.1], "texture": "#6"},
				"down": {"uv": [0, 0, 0.1, 0.1], "texture": "#6"}
			}
		},
		{
			"from": [12.9, 0.25, 7.4],
			"to": [13, 0.75, 7.5],
			"rotation": {"angle": 0, "axis": "x", "origin": [28.55, 8, 12.7]},
			"faces": {
				"north": {"uv": [0, 0, 0.1, 0.5], "texture": "#6"},
				"east": {"uv": [0, 0, 0.1, 0.5], "texture": "#6"},
				"south": {"uv": [0, 0, 0.1, 0.5], "texture": "#6"},
				"west": {"uv": [0, 0, 0.1, 0.5], "texture": "#6"},
				"up": {"uv": [0, 0, 0.1, 0.1], "texture": "#6"},
				"down": {"uv": [0, 0, 0.1, 0.1], "texture": "#6"}
			}
		},
		{
			"from": [13.5, 0.25, 7.4],
			"to": [13.6, 0.75, 7.5],
			"rotation": {"angle": 0, "axis": "x", "origin": [29.15, 8, 12.7]},
			"faces": {
				"north": {"uv": [0, 0, 0.1, 0.5], "texture": "#6"},
				"east": {"uv": [0, 0, 0.1, 0.5], "texture": "#6"},
				"south": {"uv": [0, 0, 0.1, 0.5], "texture": "#6"},
				"west": {"uv": [0, 0, 0.1, 0.5], "texture": "#6"},
				"up": {"uv": [0, 0, 0.1, 0.1], "texture": "#6"},
				"down": {"uv": [0, 0, 0.1, 0.1], "texture": "#6"}
			}
		},
		{
			"from": [14.1, 0.25, 7.4],
			"to": [14.2, 0.75, 7.5],
			"rotation": {"angle": 0, "axis": "x", "origin": [29.75, 8, 12.7]},
			"faces": {
				"north": {"uv": [0, 0, 0.1, 0.5], "texture": "#6"},
				"east": {"uv": [0, 0, 0.1, 0.5], "texture": "#6"},
				"south": {"uv": [0, 0, 0.1, 0.5], "texture": "#6"},
				"west": {"uv": [0, 0, 0.1, 0.5], "texture": "#6"},
				"up": {"uv": [0, 0, 0.1, 0.1], "texture": "#6"},
				"down": {"uv": [0, 0, 0.1, 0.1], "texture": "#6"}
			}
		},
		{
			"from": [14.9, 0.25, 7.4],
			"to": [15, 0.75, 7.5],
			"rotation": {"angle": 0, "axis": "x", "origin": [30.55, 8, 12.7]},
			"faces": {
				"north": {"uv": [0, 0, 0.1, 0.5], "texture": "#6"},
				"east": {"uv": [0, 0, 0.1, 0.5], "texture": "#6"},
				"south": {"uv": [0, 0, 0.1, 0.5], "texture": "#6"},
				"west": {"uv": [0, 0, 0.1, 0.5], "texture": "#6"},
				"up": {"uv": [0, 0, 0.1, 0.1], "texture": "#6"},
				"down": {"uv": [0, 0, 0.1, 0.1], "texture": "#6"}
			}
		},
		{
			"from": [13.1, 0.25, 7.4],
			"to": [13.2, 0.75, 7.5],
			"rotation": {"angle": 0, "axis": "x", "origin": [28.75, 8, 12.7]},
			"faces": {
				"north": {"uv": [0, 0, 0.1, 0.5], "texture": "#6"},
				"east": {"uv": [0, 0, 0.1, 0.5], "texture": "#6"},
				"south": {"uv": [0, 0, 0.1, 0.5], "texture": "#6"},
				"west": {"uv": [0, 0, 0.1, 0.5], "texture": "#6"},
				"up": {"uv": [0, 0, 0.1, 0.1], "texture": "#6"},
				"down": {"uv": [0, 0, 0.1, 0.1], "texture": "#6"}
			}
		},
		{
			"from": [13.7, 0.25, 7.4],
			"to": [13.8, 0.75, 7.5],
			"rotation": {"angle": 0, "axis": "x", "origin": [29.35, 8, 12.7]},
			"faces": {
				"north": {"uv": [0, 0, 0.1, 0.5], "texture": "#6"},
				"east": {"uv": [0, 0, 0.1, 0.5], "texture": "#6"},
				"south": {"uv": [0, 0, 0.1, 0.5], "texture": "#6"},
				"west": {"uv": [0, 0, 0.1, 0.5], "texture": "#6"},
				"up": {"uv": [0, 0, 0.1, 0.1], "texture": "#6"},
				"down": {"uv": [0, 0, 0.1, 0.1], "texture": "#6"}
			}
		},
		{
			"from": [14.3, 0.25, 7.4],
			"to": [14.4, 0.75, 7.5],
			"rotation": {"angle": 0, "axis": "x", "origin": [29.95, 8, 12.7]},
			"faces": {
				"north": {"uv": [0, 0, 0.1, 0.5], "texture": "#6"},
				"east": {"uv": [0, 0, 0.1, 0.5], "texture": "#6"},
				"south": {"uv": [0, 0, 0.1, 0.5], "texture": "#6"},
				"west": {"uv": [0, 0, 0.1, 0.5], "texture": "#6"},
				"up": {"uv": [0, 0, 0.1, 0.1], "texture": "#6"},
				"down": {"uv": [0, 0, 0.1, 0.1], "texture": "#6"}
			}
		},
		{
			"from": [15.1, 0.25, 7.4],
			"to": [15.2, 0.75, 7.5],
			"rotation": {"angle": 0, "axis": "x", "origin": [30.75, 8, 12.7]},
			"faces": {
				"north": {"uv": [0, 0, 0.1, 0.5], "texture": "#6"},
				"east": {"uv": [0, 0, 0.1, 0.5], "texture": "#6"},
				"south": {"uv": [0, 0, 0.1, 0.5], "texture": "#6"},
				"west": {"uv": [0, 0, 0.1, 0.5], "texture": "#6"},
				"up": {"uv": [0, 0, 0.1, 0.1], "texture": "#6"},
				"down": {"uv": [0, 0, 0.1, 0.1], "texture": "#6"}
			}
		},
		{
			"from": [12.7, 0.25, 7.4],
			"to": [12.8, 0.75, 7.5],
			"rotation": {"angle": 0, "axis": "x", "origin": [28.35, 8, 12.7]},
			"faces": {
				"north": {"uv": [0, 0, 0.1, 0.5], "texture": "#6"},
				"east": {"uv": [0, 0, 0.1, 0.5], "texture": "#6"},
				"south": {"uv": [0, 0, 0.1, 0.5], "texture": "#6"},
				"west": {"uv": [0, 0, 0.1, 0.5], "texture": "#6"},
				"up": {"uv": [0, 0, 0.1, 0.1], "texture": "#6"},
				"down": {"uv": [0, 0, 0.1, 0.1], "texture": "#6"}
			}
		},
		{
			"from": [13.3, 0.25, 7.4],
			"to": [13.4, 0.75, 7.5],
			"rotation": {"angle": 0, "axis": "x", "origin": [28.95, 8, 12.7]},
			"faces": {
				"north": {"uv": [0, 0, 0.1, 0.5], "texture": "#6"},
				"east": {"uv": [0, 0, 0.1, 0.5], "texture": "#6"},
				"south": {"uv": [0, 0, 0.1, 0.5], "texture": "#6"},
				"west": {"uv": [0, 0, 0.1, 0.5], "texture": "#6"},
				"up": {"uv": [0, 0, 0.1, 0.1], "texture": "#6"},
				"down": {"uv": [0, 0, 0.1, 0.1], "texture": "#6"}
			}
		},
		{
			"from": [13.9, 0.25, 7.4],
			"to": [14, 0.75, 7.5],
			"rotation": {"angle": 0, "axis": "x", "origin": [29.55, 8, 12.7]},
			"faces": {
				"north": {"uv": [0, 0, 0.1, 0.5], "texture": "#6"},
				"east": {"uv": [0, 0, 0.1, 0.5], "texture": "#6"},
				"south": {"uv": [0, 0, 0.1, 0.5], "texture": "#6"},
				"west": {"uv": [0, 0, 0.1, 0.5], "texture": "#6"},
				"up": {"uv": [0, 0, 0.1, 0.1], "texture": "#6"},
				"down": {"uv": [0, 0, 0.1, 0.1], "texture": "#6"}
			}
		},
		{
			"from": [14.5, 0.25, 7.4],
			"to": [14.6, 0.75, 7.5],
			"rotation": {"angle": 0, "axis": "x", "origin": [30.15, 8, 12.7]},
			"faces": {
				"north": {"uv": [0, 0, 0.1, 0.5], "texture": "#6"},
				"east": {"uv": [0, 0, 0.1, 0.5], "texture": "#6"},
				"south": {"uv": [0, 0, 0.1, 0.5], "texture": "#6"},
				"west": {"uv": [0, 0, 0.1, 0.5], "texture": "#6"},
				"up": {"uv": [0, 0, 0.1, 0.1], "texture": "#6"},
				"down": {"uv": [0, 0, 0.1, 0.1], "texture": "#6"}
			}
		},
		{
			"from": [15.3, 0.25, 7.4],
			"to": [15.4, 0.75, 7.5],
			"rotation": {"angle": 0, "axis": "x", "origin": [30.95, 8, 12.7]},
			"faces": {
				"north": {"uv": [0, 0, 0.1, 0.5], "texture": "#6"},
				"east": {"uv": [0, 0, 0.1, 0.5], "texture": "#6"},
				"south": {"uv": [0, 0, 0.1, 0.5], "texture": "#6"},
				"west": {"uv": [0, 0, 0.1, 0.5], "texture": "#6"},
				"up": {"uv": [0, 0, 0.1, 0.1], "texture": "#6"},
				"down": {"uv": [0, 0, 0.1, 0.1], "texture": "#6"}
			}
		},
		{
			"from": [14.7, 0.25, 7.4],
			"to": [14.8, 0.75, 7.5],
			"rotation": {"angle": 0, "axis": "x", "origin": [30.35, 8, 12.7]},
			"faces": {
				"north": {"uv": [0, 0, 0.1, 0.5], "texture": "#6"},
				"east": {"uv": [0, 0, 0.1, 0.5], "texture": "#6"},
				"south": {"uv": [0, 0, 0.1, 0.5], "texture": "#6"},
				"west": {"uv": [0, 0, 0.1, 0.5], "texture": "#6"},
				"up": {"uv": [0, 0, 0.1, 0.1], "texture": "#6"},
				"down": {"uv": [0, 0, 0.1, 0.1], "texture": "#6"}
			}
		},
		{
			"from": [15.5, 0.25, 7.4],
			"to": [15.6, 0.75, 7.5],
			"rotation": {"angle": 0, "axis": "x", "origin": [31.15, 8, 12.7]},
			"faces": {
				"north": {"uv": [0, 0, 0.1, 0.5], "texture": "#6"},
				"east": {"uv": [0, 0, 0.1, 0.5], "texture": "#6"},
				"south": {"uv": [0, 0, 0.1, 0.5], "texture": "#6"},
				"west": {"uv": [0, 0, 0.1, 0.5], "texture": "#6"},
				"up": {"uv": [0, 0, 0.1, 0.1], "texture": "#6"},
				"down": {"uv": [0, 0, 0.1, 0.1], "texture": "#6"}
			}
		},
		{
			"from": [10.2, 0.4, 9.75],
			"to": [10.45, 0.65, 9.8],
			"rotation": {"angle": 0, "axis": "y", "origin": [23, 8, 15]},
			"faces": {
				"north": {"uv": [0, 0, 0.25, 0.25], "texture": "#6"},
				"east": {"uv": [0, 0, 0.05, 0.25], "texture": "#6"},
				"south": {"uv": [0, 0, 0.25, 0.25], "texture": "#6"},
				"west": {"uv": [0, 0, 0.05, 0.25], "texture": "#6"},
				"up": {"uv": [0, 0, 0.25, 0.05], "texture": "#6"},
				"down": {"uv": [0, 0, 0.25, 0.05], "texture": "#6"}
			}
		},
		{
			"from": [12.3, 0.4, 7.6],
			"to": [12.55, 0.65, 7.65],
			"rotation": {"angle": 0, "axis": "x", "origin": [25.1, 8, 12.85]},
			"faces": {
				"north": {"uv": [0, 0, 0.25, 0.25], "texture": "#6"},
				"east": {"uv": [0, 0, 0.05, 0.25], "texture": "#6"},
				"south": {"uv": [0, 0, 0.25, 0.25], "texture": "#6"},
				"west": {"uv": [0, 0, 0.05, 0.25], "texture": "#6"},
				"up": {"uv": [0, 0, 0.25, 0.05], "texture": "#6"},
				"down": {"uv": [0, 0, 0.25, 0.05], "texture": "#6"}
			}
		},
		{
			"from": [7.55, 0.4, 9.75],
			"to": [7.8, 0.65, 9.8],
			"rotation": {"angle": 0, "axis": "y", "origin": [20.35, 8, 15]},
			"faces": {
				"north": {"uv": [0, 0, 0.25, 0.25], "texture": "#6"},
				"east": {"uv": [0, 0, 0.05, 0.25], "texture": "#6"},
				"south": {"uv": [0, 0, 0.25, 0.25], "texture": "#6"},
				"west": {"uv": [0, 0, 0.05, 0.25], "texture": "#6"},
				"up": {"uv": [0, 0, 0.25, 0.05], "texture": "#6"},
				"down": {"uv": [0, 0, 0.25, 0.05], "texture": "#6"}
			}
		},
		{
			"from": [4.4, 0.25, 7.6],
			"to": [5, 0.75, 9.75],
			"rotation": {"angle": 0, "axis": "y", "origin": [16.2, 8, 14.75]},
			"faces": {
				"north": {"uv": [0, 0, 0.6, 0.5], "texture": "#6"},
				"east": {"uv": [0, 0, 2.15, 0.5], "texture": "#6"},
				"south": {"uv": [0, 0, 0.6, 0.5], "texture": "#6"},
				"west": {"uv": [0, 0, 2.15, 0.5], "texture": "#6"},
				"up": {"uv": [0, 0, 0.6, 2.15], "texture": "#6"},
				"down": {"uv": [0, 0, 0.6, 2.15], "texture": "#6"}
			}
		},
		{
			"from": [4.35, 0.25, 9.6],
			"to": [4.4, 0.75, 9.75],
			"rotation": {"angle": 0, "axis": "y", "origin": [16.15, 8, 14.75]},
			"faces": {
				"north": {"uv": [0, 0, 0.05, 0.5], "texture": "#6"},
				"east": {"uv": [0, 0, 0.15, 0.5], "texture": "#6"},
				"south": {"uv": [0, 0, 0.05, 0.5], "texture": "#6"},
				"west": {"uv": [0, 0, 0.15, 0.5], "texture": "#6"},
				"up": {"uv": [0, 0, 0.05, 0.15], "texture": "#6"},
				"down": {"uv": [0, 0, 0.05, 0.15], "texture": "#6"}
			}
		},
		{
			"from": [4, 0.25, 7.6],
			"to": [4.6, 0.75, 9.35],
			"rotation": {"angle": 0, "axis": "y", "origin": [15.8, 8, 14.75]},
			"faces": {
				"north": {"uv": [0, 0, 0.6, 0.5], "texture": "#6"},
				"east": {"uv": [0, 0, 1.75, 0.5], "texture": "#6"},
				"south": {"uv": [0, 0, 0.6, 0.5], "texture": "#6"},
				"west": {"uv": [0, 0, 1.75, 0.5], "texture": "#6"},
				"up": {"uv": [0, 0, 0.6, 1.75], "texture": "#6"},
				"down": {"uv": [0, 0, 0.6, 1.75], "texture": "#6"}
			}
		},
		{
			"from": [3, 0.45, 7.9],
			"to": [4, 0.55, 9.15],
			"rotation": {"angle": 0, "axis": "y", "origin": [15.2, 8.1, 14.75]},
			"faces": {
				"north": {"uv": [0, 0, 1, 0.1], "texture": "#6"},
				"east": {"uv": [0, 0, 1.25, 0.1], "texture": "#6"},
				"south": {"uv": [0, 0, 1, 0.1], "texture": "#6"},
				"west": {"uv": [0, 0, 1.25, 0.1], "texture": "#6"},
				"up": {"uv": [0, 0, 1, 1.25], "texture": "#6"},
				"down": {"uv": [0, 0, 1, 1.25], "texture": "#6"}
			}
		},
		{
			"from": [2.8, 0.45, 7.7],
			"to": [3.4, 0.55, 8.95],
			"rotation": {"angle": 0, "axis": "y", "origin": [15, 8.1, 14.55]},
			"faces": {
				"north": {"uv": [0, 0, 0.6, 0.1], "texture": "#6"},
				"east": {"uv": [0, 0, 1.25, 0.1], "texture": "#6"},
				"south": {"uv": [0, 0, 0.6, 0.1], "texture": "#6"},
				"west": {"uv": [0, 0, 1.25, 0.1], "texture": "#6"},
				"up": {"uv": [0, 0, 0.6, 1.25], "texture": "#6"},
				"down": {"uv": [0, 0, 0.6, 1.25], "texture": "#6"}
			}
		},
		{
			"from": [-0.7, 0.45, 12.3],
			"to": [-0.2, 0.55, 12.85],
			"rotation": {"angle": -22.5, "axis": "y", "origin": [11.4, 8.1, 19.15]},
			"faces": {
				"north": {"uv": [0, 0, 0.5, 0.1], "texture": "#6"},
				"east": {"uv": [0, 0, 0.55, 0.1], "texture": "#6"},
				"south": {"uv": [0, 0, 0.5, 0.1], "texture": "#6"},
				"west": {"uv": [0, 0, 0.55, 0.1], "texture": "#6"},
				"up": {"uv": [0, 0, 0.5, 0.55], "texture": "#6"},
				"down": {"uv": [0, 0, 0.5, 0.55], "texture": "#6"}
			}
		},
		{
			"from": [-2, 0.45, 12.3],
			"to": [-1.8, 0.55, 12.85],
			"rotation": {"angle": -22.5, "axis": "y", "origin": [10.1, 8.1, 19.15]},
			"faces": {
				"north": {"uv": [0, 0, 0.2, 0.1], "texture": "#6"},
				"east": {"uv": [0, 0, 0.55, 0.1], "texture": "#6"},
				"south": {"uv": [0, 0, 0.2, 0.1], "texture": "#6"},
				"west": {"uv": [0, 0, 0.55, 0.1], "texture": "#6"},
				"up": {"uv": [0, 0, 0.2, 0.55], "texture": "#6"},
				"down": {"uv": [0, 0, 0.2, 0.55], "texture": "#6"}
			}
		},
		{
			"from": [7.7, 0.45, 10.05],
			"to": [8.25, 0.55, 10.55],
			"rotation": {"angle": 22.5, "axis": "y", "origin": [1.4, 8.1, 22.15]},
			"faces": {
				"north": {"uv": [0, 0, 0.55, 0.1], "texture": "#6"},
				"east": {"uv": [0, 0, 0.5, 0.1], "texture": "#6"},
				"south": {"uv": [0, 0, 0.55, 0.1], "texture": "#6"},
				"west": {"uv": [0, 0, 0.5, 0.1], "texture": "#6"},
				"up": {"uv": [0, 0, 0.5, 0.55], "rotation": 90, "texture": "#6"},
				"down": {"uv": [0, 0, 0.5, 0.55], "rotation": 270, "texture": "#6"}
			}
		},
		{
			"from": [9.05, 0.45, 15.65],
			"to": [9.6, 0.55, 15.95],
			"rotation": {"angle": -45, "axis": "y", "origin": [15.9, 8.1, 3.85]},
			"faces": {
				"north": {"uv": [0, 0, 0.55, 0.1], "texture": "#6"},
				"east": {"uv": [0, 0, 0.3, 0.1], "texture": "#6"},
				"south": {"uv": [0, 0, 0.55, 0.1], "texture": "#6"},
				"west": {"uv": [0, 0, 0.3, 0.1], "texture": "#6"},
				"up": {"uv": [0, 0, 0.3, 0.55], "rotation": 270, "texture": "#6"},
				"down": {"uv": [0, 0, 0.3, 0.55], "rotation": 90, "texture": "#6"}
			}
		},
		{
			"from": [4.4, 0.45, 2.6],
			"to": [4.8, 0.55, 3.05],
			"rotation": {"angle": 22.5, "axis": "y", "origin": [16.4, 8.1, 9.45]},
			"faces": {
				"north": {"uv": [0, 0, 0.4, 0.1], "texture": "#6"},
				"east": {"uv": [0, 0, 0.45, 0.1], "texture": "#6"},
				"south": {"uv": [0, 0, 0.4, 0.1], "texture": "#6"},
				"west": {"uv": [0, 0, 0.45, 0.1], "texture": "#6"},
				"up": {"uv": [0, 0, 0.4, 0.45], "texture": "#6"},
				"down": {"uv": [0, 0, 0.4, 0.45], "texture": "#6"}
			}
		},
		{
			"from": [3.1, 0.45, 1.9],
			"to": [3.4, 0.55, 2.95],
			"rotation": {"angle": 22.5, "axis": "y", "origin": [15.1, 8.1, 9.45]},
			"faces": {
				"north": {"uv": [0, 0, 0.3, 0.1], "texture": "#6"},
				"east": {"uv": [0, 0, 1.05, 0.1], "texture": "#6"},
				"south": {"uv": [0, 0, 0.3, 0.1], "texture": "#6"},
				"west": {"uv": [0, 0, 1.05, 0.1], "texture": "#6"},
				"up": {"uv": [0, 0, 0.3, 1.05], "texture": "#6"},
				"down": {"uv": [0, 0, 0.3, 1.05], "texture": "#6"}
			}
		},
		{
			"from": [5.75, 0.45, 11.85],
			"to": [6.2, 0.55, 12.15],
			"rotation": {"angle": -22.5, "axis": "y", "origin": [12.6, 8.1, 0.25]},
			"faces": {
				"north": {"uv": [0, 0, 0.45, 0.1], "texture": "#6"},
				"east": {"uv": [0, 0, 0.3, 0.1], "texture": "#6"},
				"south": {"uv": [0, 0, 0.45, 0.1], "texture": "#6"},
				"west": {"uv": [0, 0, 0.3, 0.1], "texture": "#6"},
				"up": {"uv": [0, 0, 0.3, 0.45], "rotation": 270, "texture": "#6"},
				"down": {"uv": [0, 0, 0.3, 0.45], "rotation": 90, "texture": "#6"}
			}
		},
		{
			"from": [3.2, 0.45, 3.3],
			"to": [3.5, 0.55, 3.65],
			"rotation": {"angle": 22.5, "axis": "y", "origin": [15.1, 8.1, 10.05]},
			"faces": {
				"north": {"uv": [0, 0, 0.3, 0.1], "texture": "#6"},
				"east": {"uv": [0, 0, 0.35, 0.1], "texture": "#6"},
				"south": {"uv": [0, 0, 0.3, 0.1], "texture": "#6"},
				"west": {"uv": [0, 0, 0.35, 0.1], "texture": "#6"},
				"up": {"uv": [0, 0, 0.3, 0.35], "texture": "#6"},
				"down": {"uv": [0, 0, 0.3, 0.35], "texture": "#6"}
			}
		},
		{
			"from": [0.6, 0.45, 3.3],
			"to": [0.7, 0.55, 3.65],
			"rotation": {"angle": 22.5, "axis": "y", "origin": [12.3, 8.1, 10.05]},
			"faces": {
				"north": {"uv": [0, 0, 0.1, 0.1], "texture": "#6"},
				"east": {"uv": [0, 0, 0.35, 0.1], "texture": "#6"},
				"south": {"uv": [0, 0, 0.1, 0.1], "texture": "#6"},
				"west": {"uv": [0, 0, 0.35, 0.1], "texture": "#6"},
				"up": {"uv": [0, 0, 0.1, 0.35], "texture": "#6"},
				"down": {"uv": [0, 0, 0.1, 0.35], "texture": "#6"}
			}
		},
		{
			"from": [1.5, 0.45, 7.2],
			"to": [1.8, 0.55, 8.35],
			"rotation": {"angle": 0, "axis": "y", "origin": [13.4, 8.1, 14.75]},
			"faces": {
				"north": {"uv": [0, 0, 0.3, 0.1], "texture": "#6"},
				"east": {"uv": [0, 0, 1.15, 0.1], "texture": "#6"},
				"south": {"uv": [0, 0, 0.3, 0.1], "texture": "#6"},
				"west": {"uv": [0, 0, 1.15, 0.1], "texture": "#6"},
				"up": {"uv": [0, 0, 0.3, 1.15], "texture": "#6"},
				"down": {"uv": [0, 0, 0.3, 1.15], "texture": "#6"}
			}
		},
		{
			"from": [-1.05, 0.45, 6.5],
			"to": [-0.95, 0.55, 8.45],
			"rotation": {"angle": 0, "axis": "y", "origin": [10.65, 8.1, 14.85]},
			"faces": {
				"north": {"uv": [0, 0, 0.1, 0.1], "texture": "#6"},
				"east": {"uv": [0, 0, 1.95, 0.1], "texture": "#6"},
				"south": {"uv": [0, 0, 0.1, 0.1], "texture": "#6"},
				"west": {"uv": [0, 0, 1.95, 0.1], "texture": "#6"},
				"up": {"uv": [0, 0, 0.1, 1.95], "texture": "#6"},
				"down": {"uv": [0, 0, 0.1, 1.95], "texture": "#6"}
			}
		},
		{
			"from": [-1.85, 0.45, 11.5],
			"to": [-1.55, 0.55, 11.95],
			"rotation": {"angle": -22.5, "axis": "y", "origin": [10.05, 8.1, 18.35]},
			"faces": {
				"north": {"uv": [0, 0, 0.3, 0.1], "texture": "#6"},
				"east": {"uv": [0, 0, 0.45, 0.1], "texture": "#6"},
				"south": {"uv": [0, 0, 0.3, 0.1], "texture": "#6"},
				"west": {"uv": [0, 0, 0.45, 0.1], "texture": "#6"},
				"up": {"uv": [0, 0, 0.3, 0.45], "texture": "#6"},
				"down": {"uv": [0, 0, 0.3, 0.45], "texture": "#6"}
			}
		},
		{
			"from": [6.55, 0.45, 8.95],
			"to": [7.2, 0.55, 9.25],
			"rotation": {"angle": 22.5, "axis": "y", "origin": [0.25, 8.1, 20.85]},
			"faces": {
				"north": {"uv": [0, 0, 0.65, 0.1], "texture": "#6"},
				"east": {"uv": [0, 0, 0.3, 0.1], "texture": "#6"},
				"south": {"uv": [0, 0, 0.65, 0.1], "texture": "#6"},
				"west": {"uv": [0, 0, 0.3, 0.1], "texture": "#6"},
				"up": {"uv": [0, 0, 0.3, 0.65], "rotation": 90, "texture": "#6"},
				"down": {"uv": [0, 0, 0.3, 0.65], "rotation": 270, "texture": "#6"}
			}
		},
		{
			"from": [3.95, 0.45, 7.95],
			"to": [4.5, 0.55, 8.15],
			"rotation": {"angle": 22.5, "axis": "y", "origin": [-2.45, 8.1, 19.85]},
			"faces": {
				"north": {"uv": [0, 0, 0.55, 0.1], "texture": "#6"},
				"east": {"uv": [0, 0, 0.2, 0.1], "texture": "#6"},
				"south": {"uv": [0, 0, 0.55, 0.1], "texture": "#6"},
				"west": {"uv": [0, 0, 0.2, 0.1], "texture": "#6"},
				"up": {"uv": [0, 0, 0.2, 0.55], "rotation": 90, "texture": "#6"},
				"down": {"uv": [0, 0, 0.2, 0.55], "rotation": 270, "texture": "#6"}
			}
		},
		{
			"from": [-4.75, 0.45, 3.75],
			"to": [-1.2, 0.55, 4.05],
			"rotation": {"angle": -22.5, "axis": "y", "origin": [-8.55, 8.1, 15.65]},
			"faces": {
				"north": {"uv": [0, 0, 3.55, 0.1], "texture": "#6"},
				"east": {"uv": [0, 0, 0.3, 0.1], "texture": "#6"},
				"south": {"uv": [0, 0, 3.55, 0.1], "texture": "#6"},
				"west": {"uv": [0, 0, 0.3, 0.1], "texture": "#6"},
				"up": {"uv": [0, 0, 0.3, 3.55], "rotation": 90, "texture": "#6"},
				"down": {"uv": [0, 0, 0.3, 3.55], "rotation": 270, "texture": "#6"}
			}
		},
		{
			"from": [-1.15, 0.25, 6],
			"to": [-1, 0.75, 8.85],
			"rotation": {"angle": 0, "axis": "y", "origin": [10.2, 8, 14.35]},
			"faces": {
				"north": {"uv": [0, 0, 0.15, 0.5], "texture": "#6"},
				"east": {"uv": [0, 0, 2.85, 0.5], "texture": "#6"},
				"south": {"uv": [0, 0, 0.15, 0.5], "texture": "#6"},
				"west": {"uv": [0, 0, 2.85, 0.5], "texture": "#6"},
				"up": {"uv": [0, 0, 0.15, 2.85], "texture": "#6"},
				"down": {"uv": [0, 0, 0.15, 2.85], "texture": "#6"}
			}
		},
		{
			"from": [-1.45, 0.25, 6],
			"to": [-1.2, 0.75, 8.85],
			"rotation": {"angle": 0, "axis": "y", "origin": [10, 8, 14.35]},
			"faces": {
				"north": {"uv": [0, 0, 0.25, 0.5], "texture": "#6"},
				"east": {"uv": [0, 0, 2.85, 0.5], "texture": "#6"},
				"south": {"uv": [0, 0, 0.25, 0.5], "texture": "#6"},
				"west": {"uv": [0, 0, 2.85, 0.5], "texture": "#6"},
				"up": {"uv": [0, 0, 0.25, 2.85], "texture": "#6"},
				"down": {"uv": [0, 0, 0.25, 2.85], "texture": "#6"}
			}
		},
		{
			"from": [-1.45, 0.35, 5.95],
			"to": [-1.2, 0.65, 8.9],
			"rotation": {"angle": 0, "axis": "y", "origin": [10, 8, 14.25]},
			"faces": {
				"north": {"uv": [0, 0, 0.25, 0.3], "texture": "#6"},
				"east": {"uv": [0, 0, 2.95, 0.3], "texture": "#6"},
				"south": {"uv": [0, 0, 0.25, 0.3], "texture": "#6"},
				"west": {"uv": [0, 0, 2.95, 0.3], "texture": "#6"},
				"up": {"uv": [0, 0, 0.25, 2.95], "texture": "#6"},
				"down": {"uv": [0, 0, 0.25, 2.95], "texture": "#6"}
			}
		},
		{
			"from": [-1.2, 0.35, 6.1],
			"to": [-1.15, 0.65, 8.75],
			"rotation": {"angle": 0, "axis": "y", "origin": [10.05, 8, 14.35]},
			"faces": {
				"north": {"uv": [0, 0, 0.05, 0.3], "texture": "#6"},
				"east": {"uv": [0, 0, 2.65, 0.3], "texture": "#6"},
				"south": {"uv": [0, 0, 0.05, 0.3], "texture": "#6"},
				"west": {"uv": [0, 0, 2.65, 0.3], "texture": "#6"},
				"up": {"uv": [0, 0, 0.05, 2.65], "texture": "#6"},
				"down": {"uv": [0, 0, 0.05, 2.65], "texture": "#6"}
			}
		},
		{
			"from": [-1, 0.25, 8.45],
			"to": [2.4, 0.75, 8.85],
			"rotation": {"angle": 0, "axis": "y", "origin": [14.7, 8, 13.85]},
			"faces": {
				"north": {"uv": [0, 0, 3.4, 0.5], "texture": "#6"},
				"east": {"uv": [0, 0, 0.4, 0.5], "texture": "#6"},
				"south": {"uv": [0, 0, 3.4, 0.5], "texture": "#6"},
				"west": {"uv": [0, 0, 0.4, 0.5], "texture": "#6"},
				"up": {"uv": [0, 0, 3.4, 0.4], "texture": "#6"},
				"down": {"uv": [0, 0, 3.4, 0.4], "texture": "#6"}
			}
		},
		{
			"from": [-1, 0.25, 6],
			"to": [-0.3, 0.75, 6.4],
			"rotation": {"angle": 0, "axis": "y", "origin": [14.7, 8, 11.4]},
			"faces": {
				"north": {"uv": [0, 0, 0.7, 0.5], "texture": "#6"},
				"east": {"uv": [0, 0, 0.4, 0.5], "texture": "#6"},
				"south": {"uv": [0, 0, 0.7, 0.5], "texture": "#6"},
				"west": {"uv": [0, 0, 0.4, 0.5], "texture": "#6"},
				"up": {"uv": [0, 0, 0.7, 0.4], "texture": "#6"},
				"down": {"uv": [0, 0, 0.7, 0.4], "texture": "#6"}
			}
		},
		{
			"from": [-3.65, 0.25, 11.95],
			"to": [0.65, 0.75, 12.35],
			"rotation": {"angle": -22.5, "axis": "y", "origin": [12.95, 8, 17.35]},
			"faces": {
				"north": {"uv": [0, 0, 4.3, 0.5], "texture": "#6"},
				"east": {"uv": [0, 0, 0.4, 0.5], "texture": "#6"},
				"south": {"uv": [0, 0, 4.3, 0.5], "texture": "#6"},
				"west": {"uv": [0, 0, 0.4, 0.5], "texture": "#6"},
				"up": {"uv": [0, 0, 4.3, 0.4], "texture": "#6"},
				"down": {"uv": [0, 0, 4.3, 0.4], "texture": "#6"}
			}
		},
		{
			"from": [-3.65, 0.25, 11.95],
			"to": [-3.55, 0.75, 12.25],
			"rotation": {"angle": -22.5, "axis": "y", "origin": [12.95, 8, 17.35]},
			"faces": {
				"north": {"uv": [0, 0, 0.1, 0.5], "texture": "#6"},
				"east": {"uv": [0, 0, 0.3, 0.5], "texture": "#6"},
				"south": {"uv": [0, 0, 0.1, 0.5], "texture": "#6"},
				"west": {"uv": [0, 0, 0.3, 0.5], "texture": "#6"},
				"up": {"uv": [0, 0, 0.1, 0.3], "texture": "#6"},
				"down": {"uv": [0, 0, 0.1, 0.3], "texture": "#6"}
			}
		},
		{
			"from": [-0.75, 0.25, 13.1],
			"to": [1.6, 0.75, 13.5],
			"rotation": {"angle": -22.5, "axis": "y", "origin": [12.45, 8, 18.6]},
			"faces": {
				"north": {"uv": [0, 0, 2.35, 0.5], "texture": "#6"},
				"east": {"uv": [0, 0, 0.4, 0.5], "texture": "#6"},
				"south": {"uv": [0, 0, 2.35, 0.5], "texture": "#6"},
				"west": {"uv": [0, 0, 0.4, 0.5], "texture": "#6"},
				"up": {"uv": [0, 0, 2.35, 0.4], "texture": "#6"},
				"down": {"uv": [0, 0, 2.35, 0.4], "texture": "#6"}
			}
		},
		{
			"from": [3.5, 0.25, 7.6],
			"to": [4, 0.75, 8],
			"rotation": {"angle": 0, "axis": "y", "origin": [14.7, 8, 13]},
			"faces": {
				"north": {"uv": [0, 0, 0.5, 0.5], "texture": "#6"},
				"east": {"uv": [0, 0, 0.4, 0.5], "texture": "#6"},
				"south": {"uv": [0, 0, 0.5, 0.5], "texture": "#6"},
				"west": {"uv": [0, 0, 0.4, 0.5], "texture": "#6"},
				"up": {"uv": [0, 0, 0.5, 0.4], "texture": "#6"},
				"down": {"uv": [0, 0, 0.5, 0.4], "texture": "#6"}
			}
		},
		{
			"from": [11.8, 0.25, 9.45],
			"to": [16, 0.75, 9.75],
			"rotation": {"angle": 0, "axis": "y", "origin": [27.2, 8, 14.75]},
			"faces": {
				"north": {"uv": [0, 0, 4.2, 0.5], "texture": "#6"},
				"east": {"uv": [0, 0, 0.3, 0.5], "texture": "#6"},
				"south": {"uv": [0, 0, 4.2, 0.5], "texture": "#6"},
				"west": {"uv": [0, 0, 0.3, 0.5], "texture": "#6"},
				"up": {"uv": [0, 0, 4.2, 0.3], "texture": "#6"},
				"down": {"uv": [0, 0, 4.2, 0.3], "texture": "#6"}
			}
		},
		{
			"from": [16, 0.25, 8.55],
			"to": [17.1, 0.75, 8.65],
			"rotation": {"angle": 0, "axis": "y", "origin": [27.7, 8, 13.45]},
			"faces": {
				"north": {"uv": [0, 0, 4.2, 0.5], "texture": "#1"},
				"east": {"uv": [0, 0, 0.3, 0.5], "texture": "#1"},
				"south": {"uv": [0, 0, 4.2, 0.5], "texture": "#1"},
				"west": {"uv": [0, 0, 0.3, 0.5], "texture": "#1"},
				"up": {"uv": [0, 0, 4.2, 0.3], "texture": "#1"},
				"down": {"uv": [0, 0, 4.2, 0.3], "texture": "#1"}
			}
		},
		{
			"from": [16, 0.65, 8.25],
			"to": [17.1, 0.75, 8.55],
			"rotation": {"angle": 0, "axis": "y", "origin": [27.7, 8, 13.35]},
			"faces": {
				"north": {"uv": [0, 0, 4.2, 0.5], "texture": "#1"},
				"east": {"uv": [0, 0, 0.3, 0.5], "texture": "#1"},
				"south": {"uv": [0, 0, 4.2, 0.5], "texture": "#1"},
				"west": {"uv": [0, 0, 0.3, 0.5], "texture": "#1"},
				"up": {"uv": [0, 0, 4.2, 0.3], "texture": "#1"},
				"down": {"uv": [0, 0, 4.2, 0.3], "texture": "#1"}
			}
		},
		{
			"from": [16, 0.25, 8.25],
			"to": [17.1, 0.35, 8.55],
			"rotation": {"angle": 0, "axis": "y", "origin": [27.7, 7.6, 13.35]},
			"faces": {
				"north": {"uv": [0, 0, 4.2, 0.5], "texture": "#1"},
				"east": {"uv": [0, 0, 0.3, 0.5], "texture": "#1"},
				"south": {"uv": [0, 0, 4.2, 0.5], "texture": "#1"},
				"west": {"uv": [0, 0, 0.3, 0.5], "texture": "#1"},
				"up": {"uv": [0, 0, 4.2, 0.3], "texture": "#1"},
				"down": {"uv": [0, 0, 4.2, 0.3], "texture": "#1"}
			}
		},
		{
			"from": [16, 0.35, 8.25],
			"to": [16.6, 0.65, 8.55],
			"rotation": {"angle": 0, "axis": "y", "origin": [27.7, 7.7, 13.35]},
			"faces": {
				"north": {"uv": [0, 0, 4.2, 0.5], "texture": "#5"},
				"east": {"uv": [0, 0, 0.3, 0.5], "texture": "#5"},
				"south": {"uv": [0, 0, 4.2, 0.5], "texture": "#5"},
				"west": {"uv": [0, 0, 0.3, 0.5], "texture": "#5"},
				"up": {"uv": [0, 0, 4.2, 0.3], "texture": "#5"},
				"down": {"uv": [0, 0, 4.2, 0.3], "texture": "#5"}
			}
		},
		{
			"from": [16, 0.25, 8.15],
			"to": [17.1, 0.75, 8.25],
			"rotation": {"angle": 0, "axis": "y", "origin": [27.7, 8, 13.45]},
			"faces": {
				"north": {"uv": [0, 0, 4.2, 0.5], "texture": "#1"},
				"east": {"uv": [0, 0, 0.3, 0.5], "texture": "#1"},
				"south": {"uv": [0, 0, 4.2, 0.5], "texture": "#1"},
				"west": {"uv": [0, 0, 0.3, 0.5], "texture": "#1"},
				"up": {"uv": [0, 0, 4.2, 0.3], "texture": "#1"},
				"down": {"uv": [0, 0, 4.2, 0.3], "texture": "#1"}
			}
		},
		{
			"from": [16.2, 0.15, 8.05],
			"to": [16.5, 0.85, 8.75],
			"rotation": {"angle": 0, "axis": "y", "origin": [27.7, 8, 13.45]},
			"faces": {
				"north": {"uv": [0, 0, 4.2, 0.5], "texture": "#1"},
				"east": {"uv": [0, 0, 0.3, 0.5], "texture": "#1"},
				"south": {"uv": [0, 0, 4.2, 0.5], "texture": "#1"},
				"west": {"uv": [0, 0, 0.3, 0.5], "texture": "#1"},
				"up": {"uv": [0, 0, 4.2, 0.3], "texture": "#1"},
				"down": {"uv": [0, 0, 4.2, 0.3], "texture": "#1"}
			}
		},
		{
			"from": [15.4, 0.25, 9.75],
			"to": [15.8, 0.75, 10.05],
			"rotation": {"angle": 0, "axis": "y", "origin": [27, 8, 15.05]},
			"faces": {
				"north": {"uv": [0, 0, 0.4, 0.5], "texture": "#6"},
				"east": {"uv": [0, 0, 0.3, 0.5], "texture": "#6"},
				"south": {"uv": [0, 0, 0.4, 0.5], "texture": "#6"},
				"west": {"uv": [0, 0, 0.3, 0.5], "texture": "#6"},
				"up": {"uv": [0, 0, 0.4, 0.3], "texture": "#6"},
				"down": {"uv": [0, 0, 0.4, 0.3], "texture": "#6"}
			}
		},
		{
			"from": [8.1, 0.25, 16.2],
			"to": [8.6, 0.75, 16.5],
			"rotation": {"angle": -45, "axis": "y", "origin": [19.8, 8, 21.5]},
			"faces": {
				"north": {"uv": [0, 0, 0.5, 0.5], "texture": "#6"},
				"east": {"uv": [0, 0, 0.3, 0.5], "texture": "#6"},
				"south": {"uv": [0, 0, 0.5, 0.5], "texture": "#6"},
				"west": {"uv": [0, 0, 0.3, 0.5], "texture": "#6"},
				"up": {"uv": [0, 0, 0.5, 0.3], "texture": "#6"},
				"down": {"uv": [0, 0, 0.5, 0.3], "texture": "#6"}
			}
		},
		{
			"from": [11.6, 0.25, 6.65],
			"to": [11.9, 0.75, 7.15],
			"rotation": {"angle": -22.5, "axis": "y", "origin": [6.6, 8, 18.35]},
			"faces": {
				"north": {"uv": [0, 0, 0.3, 0.5], "texture": "#6"},
				"east": {"uv": [0, 0, 0.5, 0.5], "texture": "#6"},
				"south": {"uv": [0, 0, 0.3, 0.5], "texture": "#6"},
				"west": {"uv": [0, 0, 0.5, 0.5], "texture": "#6"},
				"up": {"uv": [0, 0, 0.5, 0.3], "rotation": 90, "texture": "#6"},
				"down": {"uv": [0, 0, 0.5, 0.3], "rotation": 270, "texture": "#6"}
			}
		},
		{
			"from": [15.4, 0.75, 10.05],
			"to": [15.8, 0.8, 10.55],
			"rotation": {"angle": 0, "axis": "y", "origin": [27, 8.05, 15.35]},
			"faces": {
				"north": {"uv": [0, 0, 0.4, 0.05], "texture": "#6"},
				"east": {"uv": [0, 0, 0.5, 0.05], "texture": "#6"},
				"south": {"uv": [0, 0, 0.4, 0.05], "texture": "#6"},
				"west": {"uv": [0, 0, 0.5, 0.05], "texture": "#6"},
				"up": {"uv": [0, 0, 0.4, 0.5], "texture": "#6"},
				"down": {"uv": [0, 0, 0.4, 0.5], "texture": "#6"}
			}
		},
		{
			"from": [15.4, 2.3, 3.25],
			"to": [15.8, 2.35, 3.45],
			"rotation": {"angle": -45, "axis": "x", "origin": [27, 9.6, 8.65]},
			"faces": {
				"north": {"uv": [0, 0, 0.4, 0.05], "texture": "#6"},
				"east": {"uv": [0, 0, 0.2, 0.05], "texture": "#6"},
				"south": {"uv": [0, 0, 0.4, 0.05], "texture": "#6"},
				"west": {"uv": [0, 0, 0.2, 0.05], "texture": "#6"},
				"up": {"uv": [0, 0, 0.4, 0.2], "texture": "#6"},
				"down": {"uv": [0, 0, 0.4, 0.2], "texture": "#6"}
			}
		},
		{
			"from": [15.4, 0.2, 10.05],
			"to": [15.8, 0.25, 10.55],
			"rotation": {"angle": 0, "axis": "y", "origin": [27, 7.55, 15.35]},
			"faces": {
				"north": {"uv": [0, 0, 0.4, 0.05], "texture": "#6"},
				"east": {"uv": [0, 0, 0.5, 0.05], "texture": "#6"},
				"south": {"uv": [0, 0, 0.4, 0.05], "texture": "#6"},
				"west": {"uv": [0, 0, 0.5, 0.05], "texture": "#6"},
				"up": {"uv": [0, 0, 0.4, 0.5], "texture": "#6"},
				"down": {"uv": [0, 0, 0.4, 0.5], "texture": "#6"}
			}
		},
		{
			"from": [15.4, 1.8, 3.35],
			"to": [15.8, 1.95, 3.4],
			"rotation": {"angle": -45, "axis": "x", "origin": [27, 9.15, 8.65]},
			"faces": {
				"north": {"uv": [0, 0, 0.4, 0.15], "texture": "#6"},
				"east": {"uv": [0, 0, 0.05, 0.15], "texture": "#6"},
				"south": {"uv": [0, 0, 0.4, 0.15], "texture": "#6"},
				"west": {"uv": [0, 0, 0.05, 0.15], "texture": "#6"},
				"up": {"uv": [0, 0, 0.4, 0.05], "texture": "#6"},
				"down": {"uv": [0, 0, 0.4, 0.05], "texture": "#6"}
			}
		},
		{
			"from": [15.4, 0.45, 10.05],
			"to": [15.8, 0.55, 10.25],
			"rotation": {"angle": 0, "axis": "y", "origin": [27, 7.8, 15.35]},
			"faces": {
				"north": {"uv": [0, 0, 0.4, 0.1], "texture": "#6"},
				"east": {"uv": [0, 0, 0.2, 0.1], "texture": "#6"},
				"south": {"uv": [0, 0, 0.4, 0.1], "texture": "#6"},
				"west": {"uv": [0, 0, 0.2, 0.1], "texture": "#6"},
				"up": {"uv": [0, 0, 0.4, 0.2], "texture": "#6"},
				"down": {"uv": [0, 0, 0.4, 0.2], "texture": "#6"}
			}
		},
		{
			"from": [15.4, 0.25, 10.55],
			"to": [15.8, 0.75, 10.6],
			"rotation": {"angle": 0, "axis": "y", "origin": [27, 7.6, 15.85]},
			"faces": {
				"north": {"uv": [0, 0, 0.4, 0.5], "texture": "#6"},
				"east": {"uv": [0, 0, 0.05, 0.5], "texture": "#6"},
				"south": {"uv": [0, 0, 0.4, 0.5], "texture": "#6"},
				"west": {"uv": [0, 0, 0.05, 0.5], "texture": "#6"},
				"up": {"uv": [0, 0, 0.4, 0.05], "texture": "#6"},
				"down": {"uv": [0, 0, 0.4, 0.05], "texture": "#6"}
			}
		},
		{
			"from": [12.1, -1.6, 10],
			"to": [16, -1.4, 10.2],
			"rotation": {"angle": 22.5, "axis": "x", "origin": [23, 5.55, 15.2]},
			"faces": {
				"north": {"uv": [0, 0, 3.9, 0.2], "texture": "#6"},
				"east": {"uv": [0, 0, 0.2, 0.2], "texture": "#6"},
				"south": {"uv": [0, 0, 3.9, 0.2], "texture": "#6"},
				"west": {"uv": [0, 0, 0.2, 0.2], "texture": "#6"},
				"up": {"uv": [0, 0, 3.9, 0.2], "texture": "#6"},
				"down": {"uv": [0, 0, 3.9, 0.2], "texture": "#6"}
			}
		},
		{
			"from": [7.2, -4.95, 12.95],
			"to": [11.8, -4.7, 13.3],
			"rotation": {"angle": 45, "axis": "x", "origin": [23, 2.3, 18.1]},
			"faces": {
				"north": {"uv": [0, 0, 4.6, 0.25], "texture": "#6"},
				"east": {"uv": [0, 0, 0.35, 0.25], "texture": "#6"},
				"south": {"uv": [0, 0, 4.6, 0.25], "texture": "#6"},
				"west": {"uv": [0, 0, 0.35, 0.25], "texture": "#6"},
				"up": {"uv": [0, 0, 4.6, 0.35], "texture": "#6"},
				"down": {"uv": [0, 0, 4.6, 0.35], "texture": "#6"}
			}
		},
		{
			"from": [12.1, -4.95, 12.95],
			"to": [16, -4.7, 13.3],
			"rotation": {"angle": 45, "axis": "x", "origin": [27.2, 2.3, 18.1]},
			"faces": {
				"north": {"uv": [0, 0, 3.9, 0.25], "texture": "#6"},
				"east": {"uv": [0, 0, 0.35, 0.25], "texture": "#6"},
				"south": {"uv": [0, 0, 3.9, 0.25], "texture": "#6"},
				"west": {"uv": [0, 0, 0.35, 0.25], "texture": "#6"},
				"up": {"uv": [0, 0, 3.9, 0.35], "texture": "#6"},
				"down": {"uv": [0, 0, 3.9, 0.35], "texture": "#6"}
			}
		},
		{
			"from": [11.1, -5.05, 12.9],
			"to": [14.5, -4.8, 13.25],
			"rotation": {"angle": 45, "axis": "x", "origin": [27.2, 2.2, 18.05]},
			"faces": {
				"north": {"uv": [0, 0, 3.4, 0.25], "texture": "#1"},
				"east": {"uv": [0, 0, 0.35, 0.25], "texture": "#1"},
				"south": {"uv": [0, 0, 3.4, 0.25], "texture": "#1"},
				"west": {"uv": [0, 0, 0.35, 0.25], "texture": "#1"},
				"up": {"uv": [0, 0, 3.4, 0.35], "texture": "#1"},
				"down": {"uv": [0, 0, 3.4, 0.35], "texture": "#1"}
			}
		},
		{
			"from": [12.1, 3, 9.1],
			"to": [16, 3.2, 9.3],
			"rotation": {"angle": -22.5, "axis": "x", "origin": [23, -2, 16.25]},
			"faces": {
				"north": {"uv": [0, 0, 3.9, 0.2], "rotation": 180, "texture": "#6"},
				"east": {"uv": [0, 0, 0.2, 0.2], "rotation": 270, "texture": "#6"},
				"south": {"uv": [0, 0, 3.9, 0.2], "texture": "#6"},
				"west": {"uv": [0, 0, 0.2, 0.2], "rotation": 90, "texture": "#6"},
				"up": {"uv": [0, 0, 3.9, 0.2], "rotation": 180, "texture": "#6"},
				"down": {"uv": [0, 0, 3.9, 0.2], "texture": "#6"}
			}
		},
		{
			"from": [7.2, 6.5, 11],
			"to": [11.8, 6.75, 11.35],
			"rotation": {"angle": -45, "axis": "x", "origin": [23, 1.45, 18.1]},
			"faces": {
				"north": {"uv": [0, 0, 4.6, 0.25], "rotation": 180, "texture": "#6"},
				"east": {"uv": [0, 0, 0.25, 0.35], "rotation": 270, "texture": "#6"},
				"south": {"uv": [0, 0, 4.6, 0.25], "texture": "#6"},
				"west": {"uv": [0, 0, 0.25, 0.35], "rotation": 90, "texture": "#6"},
				"up": {"uv": [0, 0, 4.6, 0.35], "rotation": 180, "texture": "#6"},
				"down": {"uv": [0, 0, 4.6, 0.35], "texture": "#6"}
			}
		},
		{
			"from": [11.8, 6.5, 11],
			"to": [16, 6.75, 11.35],
			"rotation": {"angle": -45, "axis": "x", "origin": [27.2, 1.45, 18.1]},
			"faces": {
				"north": {"uv": [0, 0, 4.2, 0.25], "rotation": 180, "texture": "#6"},
				"east": {"uv": [0, 0, 0.25, 0.35], "rotation": 270, "texture": "#6"},
				"south": {"uv": [0, 0, 4.2, 0.25], "texture": "#6"},
				"west": {"uv": [0, 0, 0.25, 0.35], "rotation": 90, "texture": "#6"},
				"up": {"uv": [0, 0, 4.2, 0.35], "rotation": 180, "texture": "#6"},
				"down": {"uv": [0, 0, 4.2, 0.35], "texture": "#6"}
			}
		}
	],
	"display": {
		"thirdperson_righthand": {
			"rotation": [-90, 0, 90],
			"translation": [-8.75, 1.5, 0.5],
			"scale": [1.1, 1.1, 1.1]
		},
		"thirdperson_lefthand": {
			"scale": [0, 0, 0]
		},
		"firstperson_righthand": {
			"rotation": [-90, 0, 169.75],
			"translation": [-10.5, 4.75, 9.75],
			"scale": [1.1, 1.1, 1.1]
		},
		"firstperson_lefthand": {
			"scale": [0, 0, 0]
		},
		"ground": {
			"rotation": [-90, 0, 0],
			"translation": [0.25, 1.75, -8],
			"scale": [1.1, 1.1, 1.1]
		},
		"gui": {
			"rotation": [-55, 45, -175],
			"translation": [1, -5.25, 0],
			"scale": [1.1, 1.1, 1.1]
		},
		"fixed": {
			"rotation": [-90, -40, 0],
			"translation": [0.25, 0.75, -17],
			"scale": [2.1, 2.1, 2.1]
		}
	}
}