{
	"credit": "Made with Blockbench",
	"texture_size": [32, 32],
	"textures": {
		"1": "item/custom_item/night_glow",
		"4": "item/custom_item/sword_of_shade",
		"particle": "item/custom_item/sword_of_shade"
	},
	"elements": [
		{
			"from": [7, 10, 7],
			"to": [9, 11, 9],
			"rotation": {"angle": 0, "axis": "y", "origin": [8, 12.60526, 8.13158]},
			"faces": {
				"north": {"uv": [1, 1, 15, 15], "texture": "#1"},
				"east": {"uv": [1, 1, 15, 15], "texture": "#1"},
				"south": {"uv": [1, 1, 15, 15], "texture": "#1"},
				"west": {"uv": [1, 1, 15, 15], "texture": "#1"},
				"up": {"uv": [1, 1, 15, 15], "texture": "#1"},
				"down": {"uv": [1, 1, 15, 15], "texture": "#1"}
			}
		},
		{
			"name": "blade",
			"from": [7.5, 16, 8],
			"to": [8.5, 20, 9],
			"rotation": {"angle": 0, "axis": "y", "origin": [8, 12.60526, 8.13158]},
			"faces": {
				"north": {"uv": [8.5, 9, 9, 11], "texture": "#4"},
				"east": {"uv": [9, 9, 9.5, 11], "texture": "#4"},
				"south": {"uv": [9, 3.5, 9.5, 5.5], "texture": "#4"},
				"west": {"uv": [3, 9.5, 3.5, 11.5], "texture": "#4"},
				"up": {"uv": [11, 9, 10.5, 8.5], "texture": "#4"},
				"down": {"uv": [11, 9, 10.5, 9.5], "texture": "#4"}
			}
		},
		{
			"name": "blade",
			"from": [7.5, 21, 7],
			"to": [8.5, 22, 8],
			"rotation": {"angle": 0, "axis": "y", "origin": [8, 12.60526, 8.13158]},
			"faces": {
				"north": {"uv": [7, 9.5, 7.5, 10], "texture": "#4"},
				"east": {"uv": [7, 10, 7.5, 10.5], "texture": "#4"},
				"south": {"uv": [0, 10.5, 0.5, 11], "texture": "#4"},
				"west": {"uv": [0.5, 10.5, 1, 11], "texture": "#4"},
				"up": {"uv": [2, 11, 1.5, 10.5], "texture": "#4"},
				"down": {"uv": [2.5, 10.5, 2, 11], "texture": "#4"}
			}
		},
		{
			"name": "blade",
			"from": [7.5, 22, 8],
			"to": [8.5, 23, 9],
			"rotation": {"angle": 0, "axis": "y", "origin": [8, 12.60526, 8.13158]},
			"faces": {
				"north": {"uv": [2.5, 10.5, 3, 11], "texture": "#4"},
				"east": {"uv": [3.5, 10.5, 4, 11], "texture": "#4"},
				"south": {"uv": [4, 10.5, 4.5, 11], "texture": "#4"},
				"west": {"uv": [4.5, 10.5, 5, 11], "texture": "#4"},
				"up": {"uv": [5.5, 11, 5, 10.5], "texture": "#4"},
				"down": {"uv": [6, 10.5, 5.5, 11], "texture": "#4"}
			}
		},
		{
			"name": "blade",
			"from": [7, 20, 8],
			"to": [9, 22, 9],
			"rotation": {"angle": 0, "axis": "y", "origin": [8, 12.60526, 8.13158]},
			"faces": {
				"north": {"uv": [7.5, 5.5, 8.5, 6.5], "texture": "#4"},
				"east": {"uv": [5.5, 7.5, 6, 8.5], "texture": "#4"},
				"south": {"uv": [8, 8, 9, 9], "texture": "#4"},
				"west": {"uv": [3.5, 9.5, 4, 10.5], "texture": "#4"},
				"up": {"uv": [10.5, 2.5, 9.5, 2], "texture": "#4"},
				"down": {"uv": [10.5, 2.5, 9.5, 3], "texture": "#4"}
			}
		},
		{
			"name": "blade",
			"from": [7.5, 20, 9],
			"to": [8.5, 24, 10],
			"rotation": {"angle": 0, "axis": "y", "origin": [8, 12.60526, 8.13158]},
			"faces": {
				"north": {"uv": [7.5, 8.5, 8, 10.5], "texture": "#4"},
				"east": {"uv": [8.5, 3.5, 9, 5.5], "texture": "#4"},
				"south": {"uv": [1, 9, 1.5, 11], "texture": "#4"},
				"west": {"uv": [8, 9, 8.5, 11], "texture": "#4"},
				"up": {"uv": [11, 7, 10.5, 6.5], "texture": "#4"},
				"down": {"uv": [11, 8, 10.5, 8.5], "texture": "#4"}
			}
		},
		{
			"name": "blade",
			"from": [7, 16, 7],
			"to": [9, 21, 8],
			"rotation": {"angle": 0, "axis": "y", "origin": [8, 12.60526, 8.13158]},
			"faces": {
				"north": {"uv": [6, 6, 7, 8.5], "texture": "#4"},
				"east": {"uv": [4.5, 7.5, 5, 10], "texture": "#4"},
				"south": {"uv": [6, 0, 7, 2.5], "texture": "#4"},
				"west": {"uv": [5, 7.5, 5.5, 10], "texture": "#4"},
				"up": {"uv": [11, 6.5, 10, 6], "texture": "#4"},
				"down": {"uv": [11, 7.5, 10, 8], "texture": "#4"}
			}
		},
		{
			"name": "blade",
			"from": [7.5, 11, 6],
			"to": [8.5, 21, 7],
			"rotation": {"angle": 0, "axis": "y", "origin": [8, 12.60526, 8.13158]},
			"faces": {
				"north": {"uv": [1, 4, 1.5, 9], "texture": "#4"},
				"east": {"uv": [1.5, 5.5, 2, 10.5], "texture": "#4"},
				"south": {"uv": [2, 5.5, 2.5, 10.5], "texture": "#4"},
				"west": {"uv": [2.5, 5.5, 3, 10.5], "texture": "#4"},
				"up": {"uv": [6.5, 11, 6, 10.5], "texture": "#4"},
				"down": {"uv": [7, 10.5, 6.5, 11], "texture": "#4"}
			}
		},
		{
			"name": "blade",
			"from": [7, 11, 7],
			"to": [9, 16, 9],
			"rotation": {"angle": 0, "axis": "y", "origin": [8, 12.60526, 8.13158]},
			"faces": {
				"north": {"uv": [3, 0, 4, 2.5], "texture": "#4"},
				"east": {"uv": [5, 5, 6, 7.5], "texture": "#4"},
				"south": {"uv": [5, 0, 6, 2.5], "texture": "#4"},
				"west": {"uv": [5, 2.5, 6, 5], "texture": "#4"},
				"up": {"uv": [8, 8.5, 7, 7.5], "texture": "#4"},
				"down": {"uv": [8.5, 2.5, 7.5, 3.5], "texture": "#4"}
			}
		},
		{
			"name": "blade",
			"from": [7.5, 11, 9],
			"to": [8.5, 16, 10],
			"rotation": {"angle": 0, "axis": "y", "origin": [8, 12.60526, 8.13158]},
			"faces": {
				"north": {"uv": [7, 4, 7.5, 6.5], "texture": "#4"},
				"east": {"uv": [0, 7.5, 0.5, 10], "texture": "#4"},
				"south": {"uv": [0.5, 7.5, 1, 10], "texture": "#4"},
				"west": {"uv": [4, 7.5, 4.5, 10], "texture": "#4"},
				"up": {"uv": [7.5, 11, 7, 10.5], "texture": "#4"},
				"down": {"uv": [8, 10.5, 7.5, 11], "texture": "#4"}
			}
		},
		{
			"name": "hilt",
			"from": [7, 1, 7],
			"to": [9, 8, 9],
			"rotation": {"angle": 0, "axis": "y", "origin": [8, 12.60526, 8.13158]},
			"faces": {
				"north": {"uv": [3, 3, 4, 6.5], "texture": "#4"},
				"east": {"uv": [0, 4, 1, 7.5], "texture": "#4"},
				"south": {"uv": [4, 4, 5, 7.5], "texture": "#4"},
				"west": {"uv": [4, 0, 5, 3.5], "texture": "#4"},
				"up": {"uv": [4, 9.5, 3, 8.5], "texture": "#4"},
				"down": {"uv": [6.5, 8.5, 5.5, 9.5], "texture": "#4"}
			}
		},
		{
			"name": "hilt",
			"from": [7, 8, 6],
			"to": [9, 9, 10],
			"rotation": {"angle": 0, "axis": "y", "origin": [8, 12.60526, 8.13158]},
			"faces": {
				"north": {"uv": [9.5, 3, 10.5, 3.5], "texture": "#4"},
				"east": {"uv": [7, 6.5, 9, 7], "texture": "#4"},
				"south": {"uv": [9.5, 3.5, 10.5, 4], "texture": "#4"},
				"west": {"uv": [8, 7.5, 10, 8], "texture": "#4"},
				"up": {"uv": [7, 6, 6, 4], "texture": "#4"},
				"down": {"uv": [4, 6.5, 3, 8.5], "texture": "#4"}
			}
		},
		{
			"name": "hilt",
			"from": [6.5, 9, 4],
			"to": [9.5, 10, 12],
			"rotation": {"angle": 0, "axis": "y", "origin": [8, 12.60526, 8.13158]},
			"faces": {
				"north": {"uv": [8.5, 5.5, 10, 6], "texture": "#4"},
				"east": {"uv": [7, 7, 11, 7.5], "texture": "#4"},
				"south": {"uv": [8.5, 6, 10, 6.5], "texture": "#4"},
				"west": {"uv": [7, 0, 11, 0.5], "texture": "#4"},
				"up": {"uv": [1.5, 4, 0, 0], "texture": "#4"},
				"down": {"uv": [3, 1.5, 1.5, 5.5], "texture": "#4"}
			}
		},
		{
			"name": "hilt",
			"from": [7, 10, 5],
			"to": [9, 11, 7],
			"rotation": {"angle": 0, "axis": "y", "origin": [8, 12.60526, 8.13158]},
			"faces": {
				"north": {"uv": [9.5, 4, 10.5, 4.5], "texture": "#4"},
				"east": {"uv": [9.5, 4.5, 10.5, 5], "texture": "#4"},
				"south": {"uv": [9.5, 5, 10.5, 5.5], "texture": "#4"},
				"west": {"uv": [9.5, 9, 10.5, 9.5], "texture": "#4"},
				"up": {"uv": [7.5, 9.5, 6.5, 8.5], "texture": "#4"},
				"down": {"uv": [9.5, 0.5, 8.5, 1.5], "texture": "#4"}
			}
		},
		{
			"name": "hilt",
			"from": [7, 10, 9],
			"to": [9, 11, 11],
			"rotation": {"angle": 0, "axis": "y", "origin": [8, 12.60526, 8.13158]},
			"faces": {
				"north": {"uv": [0, 10, 1, 10.5], "texture": "#4"},
				"east": {"uv": [4, 10, 5, 10.5], "texture": "#4"},
				"south": {"uv": [5, 10, 6, 10.5], "texture": "#4"},
				"west": {"uv": [6, 10, 7, 10.5], "texture": "#4"},
				"up": {"uv": [9.5, 2.5, 8.5, 1.5], "texture": "#4"},
				"down": {"uv": [9.5, 2.5, 8.5, 3.5], "texture": "#4"}
			}
		},
		{
			"name": "hilt",
			"from": [7.5, 8, 10],
			"to": [8.5, 9, 11],
			"rotation": {"angle": 0, "axis": "y", "origin": [8, 12.60526, 8.13158]},
			"faces": {
				"north": {"uv": [9.5, 10.5, 10, 11], "texture": "#4"},
				"east": {"uv": [10, 10.5, 10.5, 11], "texture": "#4"},
				"south": {"uv": [10.5, 10.5, 11, 11], "texture": "#4"},
				"west": {"uv": [10.5, 1, 11, 1.5], "texture": "#4"},
				"up": {"uv": [11, 2, 10.5, 1.5], "texture": "#4"},
				"down": {"uv": [11, 2, 10.5, 2.5], "texture": "#4"}
			}
		},
		{
			"name": "hilt",
			"from": [7.5, 8, 5],
			"to": [8.5, 9, 6],
			"rotation": {"angle": 0, "axis": "y", "origin": [8, 12.60526, 8.13158]},
			"faces": {
				"north": {"uv": [10.5, 2.5, 11, 3], "texture": "#4"},
				"east": {"uv": [10.5, 3, 11, 3.5], "texture": "#4"},
				"south": {"uv": [10.5, 3.5, 11, 4], "texture": "#4"},
				"west": {"uv": [10.5, 4, 11, 4.5], "texture": "#4"},
				"up": {"uv": [11, 5, 10.5, 4.5], "texture": "#4"},
				"down": {"uv": [11, 5, 10.5, 5.5], "texture": "#4"}
			}
		},
		{
			"name": "hilt",
			"from": [6.5, 0, 6],
			"to": [9.5, 1, 9],
			"rotation": {"angle": 0, "axis": "y", "origin": [8, 12.60526, 8.13158]},
			"faces": {
				"north": {"uv": [9, 6.5, 10.5, 7], "texture": "#4"},
				"east": {"uv": [9, 8, 10.5, 8.5], "texture": "#4"},
				"south": {"uv": [9, 8.5, 10.5, 9], "texture": "#4"},
				"west": {"uv": [5.5, 9.5, 7, 10], "texture": "#4"},
				"up": {"uv": [3, 1.5, 1.5, 0], "texture": "#4"},
				"down": {"uv": [7.5, 2.5, 6, 4], "texture": "#4"}
			}
		},
		{
			"name": "hilt",
			"from": [6.5, 1, 8],
			"to": [9.5, 2, 10],
			"rotation": {"angle": 0, "axis": "y", "origin": [8, 12.60526, 8.13158]},
			"faces": {
				"north": {"uv": [9.5, 9.5, 11, 10], "texture": "#4"},
				"east": {"uv": [9.5, 10, 10.5, 10.5], "texture": "#4"},
				"south": {"uv": [9.5, 0.5, 11, 1], "texture": "#4"},
				"west": {"uv": [10, 5.5, 11, 6], "texture": "#4"},
				"up": {"uv": [8.5, 1.5, 7, 0.5], "texture": "#4"},
				"down": {"uv": [8.5, 1.5, 7, 2.5], "texture": "#4"}
			}
		}
	],
	"gui_light": "front",
	"display": {
		"thirdperson_righthand": {
			"rotation": [-12, 0, 0],
			"translation": [0, 1, 1.5]
		},
		"thirdperson_lefthand": {
			"rotation": [-12, 0, 0],
			"translation": [0, 1, 1.5]
		},
		"firstperson_righthand": {
			"rotation": [-8, 15, 0],
			"translation": [2, 0, 0],
			"scale": [0.8, 0.8, 0.8]
		},
		"firstperson_lefthand": {
			"rotation": [-8, 15, 0],
			"translation": [2, 0, 0],
			"scale": [0.8, 0.8, 0.8]
		},
		"ground": {
			"rotation": [45, 0, 0],
			"translation": [0, 2, 0],
			"scale": [0.5, 0.5, 0.5]
		},
		"gui": {
			"rotation": [-90, 135, 90],
			"translation": [-2, -2, 0],
			"scale": [0.7, 0.7, 0.7]
		},
		"head": {
			"rotation": [-90, 0, 0],
			"translation": [0, -5, 4.5],
			"scale": [1.5, 1.5, 1.5]
		},
		"fixed": {
			"rotation": [90, -45, 90],
			"translation": [2, -2, 0],
			"scale": [0.75, 0.75, 0.75]
		}
	},
	"groups": [0,
		{
			"name": "blade",
			"origin": [8, 7, 8],
			"children": [1, 2, 3, 4, 5, 6, 7, 8, 9]
		},
		{
			"name": "hilt",
			"origin": [8, 7, 8],
			"children": [10, 11, 12, 13, 14, 15, 16, 17, 18]
		}
	]
}