{
	"credit": "Made with Blockbench",
	"texture_size": [32, 32],
	"textures": {
		"4": "item/custom_item/sword_of_shade",
		"particle": "item/custom_item/sword_of_shade"
	},
	"elements": [
		{
			"from": [7, 10, 7],
			"to": [9, 11, 9],
			"rotation": {"angle": 0, "axis": "y", "origin": [8, 7, 8]},
			"faces": {
				"north": {"uv": [0.5, 13, 3, 15.5], "texture": "#4"},
				"east": {"uv": [0.5, 13, 3, 15.5], "texture": "#4"},
				"south": {"uv": [0.5, 13, 3, 15.5], "texture": "#4"},
				"west": {"uv": [0.5, 13, 3, 15.5], "texture": "#4"},
				"up": {"uv": [0.5, 13, 3, 15.5], "texture": "#4"},
				"down": {"uv": [0.5, 13, 3, 15.5], "texture": "#4"}
			}
		},
		{
			"name": "blade",
			"from": [7.5, 16, 8],
			"to": [8.5, 20, 9],
			"rotation": {"angle": 0, "axis": "y", "origin": [8, 6, 8]},
			"faces": {
				"north": {"uv": [0.5, 13, 3, 15.5], "texture": "#4"},
				"east": {"uv": [0.5, 13, 3, 15.5], "texture": "#4"},
				"south": {"uv": [0.5, 13, 3, 15.5], "texture": "#4"},
				"west": {"uv": [0.5, 13, 3, 15.5], "texture": "#4"},
				"up": {"uv": [0.5, 13, 3, 15.5], "texture": "#4"},
				"down": {"uv": [0.5, 13, 3, 15.5], "texture": "#4"}
			}
		},
		{
			"name": "blade",
			"from": [7.5, 21, 7],
			"to": [8.5, 22, 8],
			"rotation": {"angle": 0, "axis": "y", "origin": [8, 1, 8]},
			"faces": {
				"north": {"uv": [0.5, 13, 3, 15.5], "texture": "#4"},
				"east": {"uv": [0.5, 13, 3, 15.5], "texture": "#4"},
				"south": {"uv": [0.5, 13, 3, 15.5], "texture": "#4"},
				"west": {"uv": [0.5, 13, 3, 15.5], "texture": "#4"},
				"up": {"uv": [0.5, 13, 3, 15.5], "texture": "#4"},
				"down": {"uv": [0.5, 13, 3, 15.5], "texture": "#4"}
			}
		},
		{
			"name": "blade",
			"from": [7.5, 22, 8],
			"to": [8.5, 23, 9],
			"rotation": {"angle": 0, "axis": "y", "origin": [8, 0, 8]},
			"faces": {
				"north": {"uv": [0.5, 13, 3, 15.5], "texture": "#4"},
				"east": {"uv": [0.5, 13, 3, 15.5], "texture": "#4"},
				"south": {"uv": [0.5, 13, 3, 15.5], "texture": "#4"},
				"west": {"uv": [0.5, 13, 3, 15.5], "texture": "#4"},
				"up": {"uv": [0.5, 13, 3, 15.5], "texture": "#4"},
				"down": {"uv": [0.5, 13, 3, 15.5], "texture": "#4"}
			}
		},
		{
			"name": "blade",
			"from": [7, 20, 8],
			"to": [9, 22, 9],
			"rotation": {"angle": 0, "axis": "y", "origin": [8, 1, 8]},
			"faces": {
				"north": {"uv": [0.5, 13, 3, 15.5], "texture": "#4"},
				"east": {"uv": [0.5, 13, 3, 15.5], "texture": "#4"},
				"south": {"uv": [0.5, 13, 3, 15.5], "texture": "#4"},
				"west": {"uv": [0.5, 13, 3, 15.5], "texture": "#4"},
				"up": {"uv": [0.5, 13, 3, 15.5], "texture": "#4"},
				"down": {"uv": [0.5, 13, 3, 15.5], "texture": "#4"}
			}
		},
		{
			"name": "blade",
			"from": [7.5, 20, 9],
			"to": [8.5, 24, 10],
			"rotation": {"angle": 0, "axis": "y", "origin": [8, 1, 8]},
			"faces": {
				"north": {"uv": [0.5, 13, 3, 15.5], "texture": "#4"},
				"east": {"uv": [0.5, 13, 3, 15.5], "texture": "#4"},
				"south": {"uv": [0.5, 13, 3, 15.5], "texture": "#4"},
				"west": {"uv": [0.5, 13, 3, 15.5], "texture": "#4"},
				"up": {"uv": [0.5, 13, 3, 15.5], "texture": "#4"},
				"down": {"uv": [0.5, 13, 3, 15.5], "texture": "#4"}
			}
		},
		{
			"name": "blade",
			"from": [7, 16, 7],
			"to": [9, 21, 8],
			"rotation": {"angle": 0, "axis": "y", "origin": [8, 6, 8]},
			"faces": {
				"north": {"uv": [0.5, 13, 3, 15.5], "texture": "#4"},
				"east": {"uv": [0.5, 13, 3, 15.5], "texture": "#4"},
				"south": {"uv": [0.5, 13, 3, 15.5], "texture": "#4"},
				"west": {"uv": [0.5, 13, 3, 15.5], "texture": "#4"},
				"up": {"uv": [0.5, 13, 3, 15.5], "texture": "#4"},
				"down": {"uv": [0.5, 13, 3, 15.5], "texture": "#4"}
			}
		},
		{
			"name": "blade",
			"from": [7.5, 11, 6],
			"to": [8.5, 21, 7],
			"rotation": {"angle": 0, "axis": "y", "origin": [8, 7, 8]},
			"faces": {
				"north": {"uv": [0.5, 13, 3, 15.5], "texture": "#4"},
				"east": {"uv": [0.5, 13, 3, 15.5], "texture": "#4"},
				"south": {"uv": [0.5, 13, 3, 15.5], "texture": "#4"},
				"west": {"uv": [0.5, 13, 3, 15.5], "texture": "#4"},
				"up": {"uv": [0.5, 13, 3, 15.5], "texture": "#4"},
				"down": {"uv": [0.5, 13, 3, 15.5], "texture": "#4"}
			}
		},
		{
			"name": "blade",
			"from": [7, 11, 7],
			"to": [9, 16, 9],
			"rotation": {"angle": 0, "axis": "y", "origin": [8, 7, 8]},
			"faces": {
				"north": {"uv": [0.5, 13, 3, 15.5], "texture": "#4"},
				"east": {"uv": [0.5, 13, 3, 15.5], "texture": "#4"},
				"south": {"uv": [0.5, 13, 3, 15.5], "texture": "#4"},
				"west": {"uv": [0.5, 13, 3, 15.5], "texture": "#4"},
				"up": {"uv": [0.5, 13, 3, 15.5], "texture": "#4"},
				"down": {"uv": [0.5, 13, 3, 15.5], "texture": "#4"}
			}
		},
		{
			"name": "blade",
			"from": [7.5, 11, 9],
			"to": [8.5, 16, 10],
			"rotation": {"angle": 0, "axis": "y", "origin": [8, 7, 8]},
			"faces": {
				"north": {"uv": [0.5, 13, 3, 15.5], "texture": "#4"},
				"east": {"uv": [0.5, 13, 3, 15.5], "texture": "#4"},
				"south": {"uv": [0.5, 13, 3, 15.5], "texture": "#4"},
				"west": {"uv": [0.5, 13, 3, 15.5], "texture": "#4"},
				"up": {"uv": [0.5, 13, 3, 15.5], "texture": "#4"},
				"down": {"uv": [0.5, 13, 3, 15.5], "texture": "#4"}
			}
		},
		{
			"name": "hilt",
			"from": [7, 1, 7],
			"to": [9, 8, 9],
			"rotation": {"angle": 0, "axis": "y", "origin": [8, 7, 8]},
			"faces": {
				"north": {"uv": [0.5, 13, 3, 15.5], "texture": "#4"},
				"east": {"uv": [0.5, 13, 3, 15.5], "texture": "#4"},
				"south": {"uv": [0.5, 13, 3, 15.5], "texture": "#4"},
				"west": {"uv": [0.5, 13, 3, 15.5], "texture": "#4"},
				"up": {"uv": [0.5, 13, 3, 15.5], "texture": "#4"},
				"down": {"uv": [0.5, 13, 3, 15.5], "texture": "#4"}
			}
		},
		{
			"name": "hilt",
			"from": [7, 8, 6],
			"to": [9, 9, 10],
			"rotation": {"angle": 0, "axis": "y", "origin": [8, 7, 9]},
			"faces": {
				"north": {"uv": [0.5, 13, 3, 15.5], "texture": "#4"},
				"east": {"uv": [0.5, 13, 3, 15.5], "texture": "#4"},
				"south": {"uv": [0.5, 13, 3, 15.5], "texture": "#4"},
				"west": {"uv": [0.5, 13, 3, 15.5], "texture": "#4"},
				"up": {"uv": [0.5, 13, 3, 15.5], "texture": "#4"},
				"down": {"uv": [0.5, 13, 3, 15.5], "texture": "#4"}
			}
		},
		{
			"name": "hilt",
			"from": [6.5, 9, 4],
			"to": [9.5, 10, 12],
			"rotation": {"angle": 0, "axis": "y", "origin": [8, 7, 8]},
			"faces": {
				"north": {"uv": [0.5, 13, 3, 15.5], "texture": "#4"},
				"east": {"uv": [0.5, 13, 3, 15.5], "texture": "#4"},
				"south": {"uv": [0.5, 13, 3, 15.5], "texture": "#4"},
				"west": {"uv": [0.5, 13, 3, 15.5], "texture": "#4"},
				"up": {"uv": [0.5, 13, 3, 15.5], "texture": "#4"},
				"down": {"uv": [0.5, 13, 3, 15.5], "texture": "#4"}
			}
		},
		{
			"name": "hilt",
			"from": [7, 10, 5],
			"to": [9, 11, 7],
			"rotation": {"angle": 0, "axis": "y", "origin": [8, 7, 8]},
			"faces": {
				"north": {"uv": [0.5, 13, 3, 15.5], "texture": "#4"},
				"east": {"uv": [0.5, 13, 3, 15.5], "texture": "#4"},
				"south": {"uv": [0.5, 13, 3, 15.5], "texture": "#4"},
				"west": {"uv": [0.5, 13, 3, 15.5], "texture": "#4"},
				"up": {"uv": [0.5, 13, 3, 15.5], "texture": "#4"},
				"down": {"uv": [0.5, 13, 3, 15.5], "texture": "#4"}
			}
		},
		{
			"name": "hilt",
			"from": [7, 10, 9],
			"to": [9, 11, 11],
			"rotation": {"angle": 0, "axis": "y", "origin": [8, 7, 8]},
			"faces": {
				"north": {"uv": [0.5, 13, 3, 15.5], "texture": "#4"},
				"east": {"uv": [0.5, 13, 3, 15.5], "texture": "#4"},
				"south": {"uv": [0.5, 13, 3, 15.5], "texture": "#4"},
				"west": {"uv": [0.5, 13, 3, 15.5], "texture": "#4"},
				"up": {"uv": [0.5, 13, 3, 15.5], "texture": "#4"},
				"down": {"uv": [0.5, 13, 3, 15.5], "texture": "#4"}
			}
		},
		{
			"name": "hilt",
			"from": [7.5, 8, 10],
			"to": [8.5, 9, 11],
			"rotation": {"angle": 0, "axis": "y", "origin": [8, 7, 8]},
			"faces": {
				"north": {"uv": [0.5, 13, 3, 15.5], "texture": "#4"},
				"east": {"uv": [0.5, 13, 3, 15.5], "texture": "#4"},
				"south": {"uv": [0.5, 13, 3, 15.5], "texture": "#4"},
				"west": {"uv": [0.5, 13, 3, 15.5], "texture": "#4"},
				"up": {"uv": [0.5, 13, 3, 15.5], "texture": "#4"},
				"down": {"uv": [0.5, 13, 3, 15.5], "texture": "#4"}
			}
		},
		{
			"name": "hilt",
			"from": [7.5, 8, 5],
			"to": [8.5, 9, 6],
			"rotation": {"angle": 0, "axis": "y", "origin": [8, 7, 3]},
			"faces": {
				"north": {"uv": [0.5, 13, 3, 15.5], "texture": "#4"},
				"east": {"uv": [0.5, 13, 3, 15.5], "texture": "#4"},
				"south": {"uv": [0.5, 13, 3, 15.5], "texture": "#4"},
				"west": {"uv": [0.5, 13, 3, 15.5], "texture": "#4"},
				"up": {"uv": [0.5, 13, 3, 15.5], "texture": "#4"},
				"down": {"uv": [0.5, 13, 3, 15.5], "texture": "#4"}
			}
		},
		{
			"name": "hilt",
			"from": [6.5, 0, 6],
			"to": [9.5, 1, 9],
			"rotation": {"angle": 0, "axis": "y", "origin": [8, 7, 8]},
			"faces": {
				"north": {"uv": [0.5, 13, 3, 15.5], "texture": "#4"},
				"east": {"uv": [0.5, 13, 3, 15.5], "texture": "#4"},
				"south": {"uv": [0.5, 13, 3, 15.5], "texture": "#4"},
				"west": {"uv": [0.5, 13, 3, 15.5], "texture": "#4"},
				"up": {"uv": [0.5, 13, 3, 15.5], "texture": "#4"},
				"down": {"uv": [0.5, 13, 3, 15.5], "texture": "#4"}
			}
		},
		{
			"name": "hilt",
			"from": [6.5, 1, 8],
			"to": [9.5, 2, 10],
			"rotation": {"angle": 0, "axis": "y", "origin": [8, 7, 8]},
			"faces": {
				"north": {"uv": [0.5, 13, 3, 15.5], "texture": "#4"},
				"east": {"uv": [0.5, 13, 3, 15.5], "texture": "#4"},
				"south": {"uv": [0.5, 13, 3, 15.5], "texture": "#4"},
				"west": {"uv": [0.5, 13, 3, 15.5], "texture": "#4"},
				"up": {"uv": [0.5, 13, 3, 15.5], "texture": "#4"},
				"down": {"uv": [0.5, 13, 3, 15.5], "texture": "#4"}
			}
		}
	],
	"gui_light": "front",
	"display": {
		"thirdperson_righthand": {
			"rotation": [-12, 0, 0],
			"translation": [0, 1, 1.5]
		},
		"thirdperson_lefthand": {
			"rotation": [-12, 0, 0],
			"translation": [0, 1, 1.5]
		},
		"firstperson_righthand": {
			"rotation": [-8, 15, 0],
			"translation": [2, 0, 0],
			"scale": [0.8, 0.8, 0.8]
		},
		"firstperson_lefthand": {
			"rotation": [-8, 15, 0],
			"translation": [2, 0, 0],
			"scale": [0.8, 0.8, 0.8]
		},
		"ground": {
			"rotation": [45, 0, 0],
			"translation": [0, 2, 0],
			"scale": [0.5, 0.5, 0.5]
		},
		"gui": {
			"rotation": [-90, 135, 90],
			"translation": [-2, -2, 0],
			"scale": [0.7, 0.7, 0.7]
		},
		"head": {
			"rotation": [-90, 0, 0],
			"translation": [0, -5.25, 4.5],
			"scale": [2.3, 2.3, 2.3]
		},
		"fixed": {
			"rotation": [90, -45, 90],
			"translation": [2, -2, 0],
			"scale": [0.75, 0.75, 0.75]
		}
	},
	"groups": [0,
		{
			"name": "blade",
			"origin": [8, 7, 8],
			"children": [1, 2, 3, 4, 5, 6, 7, 8, 9]
		},
		{
			"name": "hilt",
			"origin": [8, 7, 8],
			"children": [10, 11, 12, 13, 14, 15, 16, 17, 18]
		}
	]
}