{
	"credit": "Model By GCGames Studios",
	"textures": {
		"0": "block/items/oak_planks",
		"1": "block/items/anvil",
		"particle": "block/items/oak_planks"
	},
	"elements": [
		{
			"from": [5.5, 0, 6.5],
			"to": [8.75, 0.75, 8.5],
			"rotation": {"angle": 0, "axis": "y", "origin": [14, 8, 15]},
			"faces": {
				"north": {"uv": [0, 0, 3.25, 1], "texture": "#1"},
				"east": {"uv": [0, 0, 3.25, 1], "texture": "#1"},
				"south": {"uv": [0, 0, 3.25, 1], "texture": "#1"},
				"west": {"uv": [0, 0, 3.25, 1], "texture": "#1"},
				"up": {"uv": [0, 0, 3.25, 1], "texture": "#1"},
				"down": {"uv": [0, 0, 3.25, 1], "texture": "#1"}
			}
		},
		{
			"from": [6.125, 0, 5.875],
			"to": [8.125, 0.75, 9.125],
			"rotation": {"angle": 0, "axis": "y", "origin": [7.125, 0.375, 7.5]},
			"faces": {
				"north": {"uv": [0, 0, 3.25, 1], "rotation": 90, "texture": "#1"},
				"east": {"uv": [0, 0, 3.25, 1], "rotation": 90, "texture": "#1"},
				"south": {"uv": [0, 0, 3.25, 1], "rotation": 90, "texture": "#1"},
				"west": {"uv": [0, 0, 3.25, 1], "rotation": 90, "texture": "#1"},
				"up": {"uv": [0, 0, 3.25, 1], "rotation": 90, "texture": "#1"},
				"down": {"uv": [0, 0, 3.25, 1], "rotation": 90, "texture": "#1"}
			}
		},
		{
			"from": [6.71557, 0, 6.125],
			"to": [7.53198, 0.75, 9.94255],
			"rotation": {"angle": 45, "axis": "y", "origin": [6.46557, 0.375, 7.75]},
			"faces": {
				"north": {"uv": [0, 0, 3.25, 1], "rotation": 90, "texture": "#1"},
				"east": {"uv": [0, 0, 3.25, 1], "rotation": 90, "texture": "#1"},
				"south": {"uv": [0, 0, 3.25, 1], "rotation": 90, "texture": "#1"},
				"west": {"uv": [0, 0, 3.25, 1], "rotation": 90, "texture": "#1"},
				"up": {"uv": [0, 0, 3.25, 1], "rotation": 90, "texture": "#1"},
				"down": {"uv": [0, 0, 3.25, 1], "rotation": 90, "texture": "#1"}
			}
		},
		{
			"from": [4.69811, 0, 7.03623],
			"to": [8.51566, 0.75, 7.85264],
			"rotation": {"angle": 45, "axis": "y", "origin": [6.89066, 0.375, 6.78623]},
			"faces": {
				"north": {"uv": [0, 0, 3.25, 1], "rotation": 180, "texture": "#1"},
				"east": {"uv": [0, 0, 3.25, 1], "rotation": 180, "texture": "#1"},
				"south": {"uv": [0, 0, 3.25, 1], "rotation": 180, "texture": "#1"},
				"west": {"uv": [0, 0, 3.25, 1], "rotation": 180, "texture": "#1"},
				"up": {"uv": [0, 0, 3.25, 1], "rotation": 180, "texture": "#1"},
				"down": {"uv": [0, 0, 3.25, 1], "rotation": 180, "texture": "#1"}
			}
		},
		{
			"from": [6.52906, 0.38642, 6],
			"to": [7.66189, 14.68151, 8.92755],
			"rotation": {"angle": 0, "axis": "y", "origin": [14.66189, 8, 15]},
			"faces": {
				"north": {"uv": [0, 0, 3.132, 2.928], "texture": "#0"},
				"east": {"uv": [0, 0, 3.132, 2.928], "texture": "#0"},
				"south": {"uv": [0, 0, 3.132, 2.928], "texture": "#0"},
				"west": {"uv": [0, 0, 3.132, 2.928], "texture": "#0"},
				"up": {"uv": [0, 0, 3.132, 2.928], "texture": "#0"},
				"down": {"uv": [0, 0, 3.132, 2.928], "texture": "#0"}
			}
		},
		{
			"from": [5.66189, 0.38642, 6.78264],
			"to": [8.53509, 14.68151, 8.15698],
			"rotation": {"angle": 0, "axis": "y", "origin": [7.16189, 0.69321, 7.5]},
			"faces": {
				"north": {"uv": [0, 0, 3.132, 2.928], "rotation": 90, "texture": "#0"},
				"east": {"uv": [0, 0, 3.132, 2.928], "rotation": 90, "texture": "#0"},
				"south": {"uv": [0, 0, 3.132, 2.928], "rotation": 90, "texture": "#0"},
				"west": {"uv": [0, 0, 3.132, 2.928], "rotation": 90, "texture": "#0"},
				"up": {"uv": [0, 0, 3.132, 2.928], "rotation": 90, "texture": "#0"},
				"down": {"uv": [0, 0, 3.132, 2.928], "rotation": 90, "texture": "#0"}
			}
		},
		{
			"from": [5.66189, 0.38642, 7],
			"to": [8.57736, 14.68151, 8.12075],
			"rotation": {"angle": -45, "axis": "y", "origin": [7.16189, 0.69321, 7.5]},
			"faces": {
				"north": {"uv": [0, 0, 3.132, 2.928], "rotation": 90, "texture": "#0"},
				"east": {"uv": [0, 0, 3.132, 2.928], "rotation": 90, "texture": "#0"},
				"south": {"uv": [0, 0, 3.132, 2.928], "rotation": 90, "texture": "#0"},
				"west": {"uv": [0, 0, 3.132, 2.928], "rotation": 90, "texture": "#0"},
				"up": {"uv": [0, 0, 3.132, 2.928], "rotation": 90, "texture": "#0"},
				"down": {"uv": [0, 0, 3.132, 2.928], "rotation": 90, "texture": "#0"}
			}
		},
		{
			"from": [6.49887, 0.38642, 6],
			"to": [7.66189, 14.68151, 8.9517],
			"rotation": {"angle": -45, "axis": "y", "origin": [7.16189, 0.69321, 7.5]},
			"faces": {
				"north": {"uv": [0, 0, 3.132, 2.928], "rotation": 180, "texture": "#0"},
				"east": {"uv": [0, 0, 3.132, 2.928], "rotation": 180, "texture": "#0"},
				"south": {"uv": [0, 0, 3.132, 2.928], "rotation": 180, "texture": "#0"},
				"west": {"uv": [0, 0, 3.132, 2.928], "rotation": 180, "texture": "#0"},
				"up": {"uv": [0, 0, 3.132, 2.928], "rotation": 180, "texture": "#0"},
				"down": {"uv": [0, 0, 3.132, 2.928], "rotation": 180, "texture": "#0"}
			}
		},
		{
			"from": [5.5, 15.75, 6.5],
			"to": [8.75, 16.5, 8.5],
			"rotation": {"angle": 0, "axis": "y", "origin": [14, 23.75, 15]},
			"faces": {
				"north": {"uv": [2, 0, 4.25, 2], "texture": "#1"},
				"east": {"uv": [2, 0, 4.25, 2], "texture": "#1"},
				"south": {"uv": [2, 0, 4.25, 2], "texture": "#1"},
				"west": {"uv": [2, 0, 4.25, 2], "texture": "#1"},
				"up": {"uv": [2, 0, 4.25, 2], "texture": "#1"},
				"down": {"uv": [2, 0, 4.25, 2], "texture": "#1"}
			}
		},
		{
			"from": [6.125, 15.75, 5.875],
			"to": [8.125, 16.5, 9.125],
			"rotation": {"angle": 0, "axis": "y", "origin": [7.125, 16.125, 7.5]},
			"faces": {
				"north": {"uv": [2, 0, 4.25, 2], "rotation": 90, "texture": "#1"},
				"east": {"uv": [2, 0, 4.25, 2], "rotation": 90, "texture": "#1"},
				"south": {"uv": [2, 0, 4.25, 2], "rotation": 90, "texture": "#1"},
				"west": {"uv": [2, 0, 4.25, 2], "rotation": 90, "texture": "#1"},
				"up": {"uv": [2, 0, 4.25, 2], "rotation": 90, "texture": "#1"},
				"down": {"uv": [2, 0, 4.25, 2], "rotation": 90, "texture": "#1"}
			}
		},
		{
			"from": [6.71557, 15.75, 6.125],
			"to": [7.53198, 16.5, 9.94255],
			"rotation": {"angle": 45, "axis": "y", "origin": [6.46557, 16.125, 7.75]},
			"faces": {
				"north": {"uv": [2, 0, 4.25, 2], "rotation": 90, "texture": "#1"},
				"east": {"uv": [2, 0, 4.25, 2], "rotation": 90, "texture": "#1"},
				"south": {"uv": [2, 0, 4.25, 2], "rotation": 90, "texture": "#1"},
				"west": {"uv": [2, 0, 4.25, 2], "rotation": 90, "texture": "#1"},
				"up": {"uv": [2, 0, 4.25, 2], "rotation": 90, "texture": "#1"},
				"down": {"uv": [2, 0, 4.25, 2], "rotation": 90, "texture": "#1"}
			}
		},
		{
			"from": [4.69811, 15.75, 7.03623],
			"to": [8.51566, 16.5, 7.85264],
			"rotation": {"angle": 45, "axis": "y", "origin": [6.89066, 16.125, 6.78623]},
			"faces": {
				"north": {"uv": [2, 0, 4.25, 2], "rotation": 180, "texture": "#1"},
				"east": {"uv": [2, 0, 4.25, 2], "rotation": 180, "texture": "#1"},
				"south": {"uv": [2, 0, 4.25, 2], "rotation": 180, "texture": "#1"},
				"west": {"uv": [2, 0, 4.25, 2], "rotation": 180, "texture": "#1"},
				"up": {"uv": [2, 0, 4.25, 2], "rotation": 180, "texture": "#1"},
				"down": {"uv": [2, 0, 4.25, 2], "rotation": 180, "texture": "#1"}
			}
		},
		{
			"from": [6.52906, 14.68981, 6],
			"to": [7.66189, 16.36604, 8.92755],
			"rotation": {"angle": 0, "axis": "y", "origin": [14.66189, 9.68453, 15]},
			"faces": {
				"north": {"uv": [2, 14, 4.132, 15.928], "texture": "#1"},
				"east": {"uv": [2, 14, 4.132, 15.928], "texture": "#1"},
				"south": {"uv": [2, 14, 4.132, 15.928], "texture": "#1"},
				"west": {"uv": [2, 14, 4.132, 15.928], "texture": "#1"},
				"up": {"uv": [2, 14, 4.132, 15.928], "texture": "#1"},
				"down": {"uv": [2, 14, 4.132, 15.928], "texture": "#1"}
			}
		},
		{
			"from": [5.66189, 14.68981, 6.78264],
			"to": [8.53509, 16.36604, 8.15698],
			"rotation": {"angle": 0, "axis": "y", "origin": [7.16189, 2.37774, 7.5]},
			"faces": {
				"north": {"uv": [2, 14, 4.132, 15.928], "rotation": 90, "texture": "#1"},
				"east": {"uv": [2, 14, 4.132, 15.928], "rotation": 90, "texture": "#1"},
				"south": {"uv": [2, 14, 4.132, 15.928], "rotation": 90, "texture": "#1"},
				"west": {"uv": [2, 14, 4.132, 15.928], "rotation": 90, "texture": "#1"},
				"up": {"uv": [2, 14, 4.132, 15.928], "rotation": 90, "texture": "#1"},
				"down": {"uv": [2, 14, 4.132, 15.928], "rotation": 90, "texture": "#1"}
			}
		},
		{
			"from": [5.66189, 14.68981, 7],
			"to": [8.57736, 16.36604, 8.12075],
			"rotation": {"angle": -45, "axis": "y", "origin": [7.16189, 2.37774, 7.5]},
			"faces": {
				"north": {"uv": [2, 14, 4.132, 15.928], "rotation": 90, "texture": "#1"},
				"east": {"uv": [2, 14, 4.132, 15.928], "rotation": 90, "texture": "#1"},
				"south": {"uv": [2, 14, 4.132, 15.928], "rotation": 90, "texture": "#1"},
				"west": {"uv": [2, 14, 4.132, 15.928], "rotation": 90, "texture": "#1"},
				"up": {"uv": [2, 14, 4.132, 15.928], "rotation": 90, "texture": "#1"},
				"down": {"uv": [2, 14, 4.132, 15.928], "rotation": 90, "texture": "#1"}
			}
		},
		{
			"from": [6.49887, 14.68981, 6],
			"to": [7.66189, 16.36604, 8.9517],
			"rotation": {"angle": -45, "axis": "y", "origin": [7.16189, 2.37774, 7.5]},
			"faces": {
				"north": {"uv": [2, 14, 4.132, 15.928], "rotation": 180, "texture": "#1"},
				"east": {"uv": [2, 14, 4.132, 15.928], "rotation": 180, "texture": "#1"},
				"south": {"uv": [2, 14, 4.132, 15.928], "rotation": 180, "texture": "#1"},
				"west": {"uv": [2, 14, 4.132, 15.928], "rotation": 180, "texture": "#1"},
				"up": {"uv": [2, 14, 4.132, 15.928], "rotation": 180, "texture": "#1"},
				"down": {"uv": [2, 14, 4.132, 15.928], "rotation": 180, "texture": "#1"}
			}
		},
		{
			"from": [5, 16.5, 6.38887],
			"to": [9.35264, 16.75, 8.43604],
			"rotation": {"angle": 0, "axis": "y", "origin": [14, 24.5, 14.85509]},
			"faces": {
				"north": {"uv": [12, 14, 13.353, 16], "texture": "#1"},
				"east": {"uv": [12, 14, 13.353, 16], "texture": "#1"},
				"south": {"uv": [12, 14, 13.353, 16], "texture": "#1"},
				"west": {"uv": [12, 14, 13.353, 16], "texture": "#1"},
				"up": {"uv": [12, 14, 13.353, 16], "texture": "#1"},
				"down": {"uv": [12, 14, 13.353, 16], "texture": "#1"}
			}
		},
		{
			"from": [6.1467, 16.5, 5.23009],
			"to": [8.19991, 16.75, 9.53443],
			"rotation": {"angle": 0, "axis": "y", "origin": [7.125, 16.875, 7.35509]},
			"faces": {
				"north": {"uv": [12, 14, 13.353, 16], "rotation": 90, "texture": "#1"},
				"east": {"uv": [12, 14, 13.353, 16], "rotation": 90, "texture": "#1"},
				"south": {"uv": [12, 14, 13.353, 16], "rotation": 90, "texture": "#1"},
				"west": {"uv": [12, 14, 13.353, 16], "rotation": 90, "texture": "#1"},
				"up": {"uv": [12, 14, 13.353, 16], "rotation": 90, "texture": "#1"},
				"down": {"uv": [12, 14, 13.353, 16], "rotation": 90, "texture": "#1"}
			}
		},
		{
			"from": [6.31462, 16.5, 5.68538],
			"to": [7.90274, 16.75, 10.21311],
			"rotation": {"angle": 45, "axis": "y", "origin": [6.46557, 16.875, 7.60509]},
			"faces": {
				"north": {"uv": [12, 14, 13.353, 16], "rotation": 90, "texture": "#1"},
				"east": {"uv": [12, 14, 13.353, 16], "rotation": 90, "texture": "#1"},
				"south": {"uv": [12, 14, 13.353, 16], "rotation": 90, "texture": "#1"},
				"west": {"uv": [12, 14, 13.353, 16], "rotation": 90, "texture": "#1"},
				"up": {"uv": [12, 14, 13.353, 16], "rotation": 90, "texture": "#1"},
				"down": {"uv": [12, 14, 13.353, 16], "rotation": 90, "texture": "#1"}
			}
		},
		{
			"from": [4.30679, 16.5, 6.55075],
			"to": [8.80434, 16.75, 8.18717],
			"rotation": {"angle": 45, "axis": "y", "origin": [6.89066, 16.875, 6.64132]},
			"faces": {
				"north": {"uv": [12, 14, 13.353, 16], "rotation": 180, "texture": "#1"},
				"east": {"uv": [12, 14, 13.353, 16], "rotation": 180, "texture": "#1"},
				"south": {"uv": [12, 14, 13.353, 16], "rotation": 180, "texture": "#1"},
				"west": {"uv": [12, 14, 13.353, 16], "rotation": 180, "texture": "#1"},
				"up": {"uv": [12, 14, 13.353, 16], "rotation": 180, "texture": "#1"},
				"down": {"uv": [12, 14, 13.353, 16], "rotation": 180, "texture": "#1"}
			}
		},
		{
			"from": [5.18962, 16.69321, 6.53377],
			"to": [9.12075, 21.97868, 8.44811],
			"rotation": {"angle": 0, "axis": "y", "origin": [14, 24.69321, 15]},
			"faces": {
				"north": {"uv": [12, 13, 13.93, 15.914], "texture": "#1"},
				"east": {"uv": [12, 13, 13.93, 15.914], "texture": "#1"},
				"south": {"uv": [12, 13, 13.93, 15.914], "texture": "#1"},
				"west": {"uv": [12, 13, 13.93, 15.914], "texture": "#1"},
				"up": {"uv": [12, 13, 13.93, 15.914], "texture": "#1"},
				"down": {"uv": [12, 13, 13.93, 15.914], "texture": "#1"}
			}
		},
		{
			"from": [6.1467, 16.69321, 5.5284],
			"to": [8.1033, 21.97868, 9.4233],
			"rotation": {"angle": 0, "axis": "y", "origin": [7.125, 17.06821, 7.5]},
			"faces": {
				"north": {"uv": [12, 13, 13.93, 15.914], "rotation": 90, "texture": "#1"},
				"east": {"uv": [12, 13, 13.93, 15.914], "rotation": 90, "texture": "#1"},
				"south": {"uv": [12, 13, 13.93, 15.914], "rotation": 90, "texture": "#1"},
				"west": {"uv": [12, 13, 13.93, 15.914], "rotation": 90, "texture": "#1"},
				"up": {"uv": [12, 13, 13.93, 15.914], "rotation": 90, "texture": "#1"},
				"down": {"uv": [12, 13, 13.93, 15.914], "rotation": 90, "texture": "#1"}
			}
		},
		{
			"from": [6.41726, 16.69321, 6.03802],
			"to": [7.90274, 21.97868, 10.08387],
			"rotation": {"angle": 45, "axis": "y", "origin": [6.46557, 17.06821, 7.75]},
			"faces": {
				"north": {"uv": [12, 13, 13.93, 15.914], "rotation": 90, "texture": "#1"},
				"east": {"uv": [12, 13, 13.93, 15.914], "rotation": 90, "texture": "#1"},
				"south": {"uv": [12, 13, 13.93, 15.914], "rotation": 90, "texture": "#1"},
				"west": {"uv": [12, 13, 13.93, 15.914], "rotation": 90, "texture": "#1"},
				"up": {"uv": [12, 13, 13.93, 15.914], "rotation": 90, "texture": "#1"},
				"down": {"uv": [12, 13, 13.93, 15.914], "rotation": 90, "texture": "#1"}
			}
		},
		{
			"from": [4.49038, 16.69321, 6.74396],
			"to": [8.64491, 21.97868, 8.17509],
			"rotation": {"angle": 45, "axis": "y", "origin": [6.89066, 17.06821, 6.78623]},
			"faces": {
				"north": {"uv": [12, 13, 13.93, 15.914], "rotation": 180, "texture": "#1"},
				"east": {"uv": [12, 13, 13.93, 15.914], "rotation": 180, "texture": "#1"},
				"south": {"uv": [12, 13, 13.93, 15.914], "rotation": 180, "texture": "#1"},
				"west": {"uv": [12, 13, 13.93, 15.914], "rotation": 180, "texture": "#1"},
				"up": {"uv": [12, 13, 13.93, 15.914], "rotation": 180, "texture": "#1"},
				"down": {"uv": [12, 13, 13.93, 15.914], "rotation": 180, "texture": "#1"}
			}
		}
	],
	"display": {
		"thirdperson_righthand": {
			"scale": [0.26758, 0.26758, 0.26758]
		},
		"thirdperson_lefthand": {
			"scale": [0.26758, 0.26758, 0.26758]
		},
		"firstperson_righthand": {
			"rotation": [-14, 0, 0],
			"translation": [2.75, 0, 0],
			"scale": [0.40234, 0.40234, 0.40234]
		},
		"firstperson_lefthand": {
			"rotation": [-9.75, 0, 0],
			"translation": [3.25, 0, 0],
			"scale": [0.40234, 0.40234, 0.40234]
		},
		"ground": {
			"rotation": [0, 0, -92.5],
			"scale": [0.41797, 0.41797, 0.41797]
		},
		"gui": {
			"translation": [1.25, -0.25, 0],
			"scale": [0.54883, 0.54883, 0.54883]
		},
		"head": {
			"translation": [0, -12.5, 0],
			"scale": [0, 0, 0]
		},
		"fixed": {
			"translation": [0, -2, 0],
			"scale": [0.6875, 0.6875, 0.6875]
		}
	},
	"groups": [
		{
			"name": "group",
			"origin": [8, 8, 8],
			"children": [0, 1, 2, 3]
		},
		{
			"name": "group",
			"origin": [8, 8, 8],
			"children": [4, 5, 6, 7]
		},
		{
			"name": "group",
			"origin": [8, 8, 8],
			"children": [8, 9, 10, 11]
		},
		{
			"name": "group",
			"origin": [8, 8, 8],
			"children": [12, 13, 14, 15]
		},
		{
			"name": "group",
			"origin": [8, 8, 8],
			"children": [16, 17, 18, 19]
		},
		{
			"name": "group",
			"origin": [8, 8, 8],
			"children": [20, 21, 22, 23]
		}
	]
}