{
	"credit": "Made with Blockbench",
	"texture_size": [32, 32],
	"textures": {
		"2": "item/custom_item/craftsman_arms/launcher"
	},
	"elements": [
		{
			"from": [7.001, -0.76132, 4.91531],
			"to": [8.999, 2.23868, 8.91531],
			"rotation": {"angle": 45, "axis": "x", "origin": [6.999, 1.98157, 20.65482]},
			"faces": {
				"north": {"uv": [9, 4.5, 10, 6], "texture": "#2"},
				"east": {"uv": [5, 5, 7, 6.5], "texture": "#2"},
				"south": {"uv": [10, 0, 11, 1.5], "texture": "#2"},
				"west": {"uv": [6, 3, 8, 4.5], "texture": "#2"},
				"up": {"uv": [6.5, 10, 5.5, 8], "texture": "#2"},
				"down": {"uv": [9, 6.5, 8, 8.5], "texture": "#2"}
			}
		},
		{
			"from": [7.001, 0.23868, 3.91531],
			"to": [8.999, 2.23868, 4.91531],
			"rotation": {"angle": 45, "axis": "x", "origin": [6.999, 1.98157, 20.65482]},
			"faces": {
				"north": {"uv": [10.5, 3, 11.5, 4], "texture": "#2"},
				"east": {"uv": [6.5, 11.5, 7, 12.5], "texture": "#2"},
				"south": {"uv": [6.5, 10.5, 7.5, 11.5], "texture": "#2"},
				"west": {"uv": [7, 11.5, 7.5, 12.5], "texture": "#2"},
				"up": {"uv": [7, 5, 6, 4.5], "texture": "#2"},
				"down": {"uv": [8.5, 11.5, 7.5, 12], "texture": "#2"}
			}
		},
		{
			"from": [7, 9, 11],
			"to": [9, 12, 15],
			"rotation": {"angle": 0, "axis": "y", "origin": [6.999, 2.31494, 25.47135]},
			"faces": {
				"north": {"uv": [10, 4.5, 11, 6], "texture": "#2"},
				"east": {"uv": [5, 6.5, 7, 8], "texture": "#2"},
				"south": {"uv": [5.5, 10, 6.5, 11.5], "texture": "#2"},
				"west": {"uv": [7, 4.5, 9, 6], "texture": "#2"},
				"up": {"uv": [7.5, 10.5, 6.5, 8.5], "texture": "#2"},
				"down": {"uv": [8.5, 8.5, 7.5, 10.5], "texture": "#2"}
			}
		},
		{
			"from": [7, 12, 13],
			"to": [9, 13, 15],
			"rotation": {"angle": 0, "axis": "y", "origin": [6.999, 5.31494, 27.47135]},
			"faces": {
				"north": {"uv": [11.5, 8, 12.5, 8.5], "texture": "#2"},
				"east": {"uv": [11.5, 8.5, 12.5, 9], "texture": "#2"},
				"south": {"uv": [11.5, 10.5, 12.5, 11], "texture": "#2"},
				"west": {"uv": [11.5, 11, 12.5, 11.5], "texture": "#2"},
				"up": {"uv": [8.5, 11.5, 7.5, 10.5], "texture": "#2"},
				"down": {"uv": [11.5, 8, 10.5, 9], "texture": "#2"}
			}
		},
		{
			"from": [7.5, 9.5, 6],
			"to": [8.5, 10.5, 7],
			"rotation": {"angle": 22.5, "axis": "x", "origin": [8, 10, 6.5]},
			"faces": {
				"north": {"uv": [6.5, 8, 7, 8.5], "texture": "#2"},
				"east": {"uv": [9, 2, 9.5, 2.5], "texture": "#2"},
				"south": {"uv": [10, 8, 10.5, 8.5], "texture": "#2"},
				"west": {"uv": [10.5, 11.5, 11, 12], "texture": "#2"},
				"up": {"uv": [3.5, 12.5, 3, 12], "texture": "#2"},
				"down": {"uv": [12.5, 3, 12, 3.5], "texture": "#2"}
			}
		},
		{
			"from": [7.5, 9, 4],
			"to": [8.5, 10, 5],
			"rotation": {"angle": 0, "axis": "x", "origin": [8, 11, 11.5]},
			"faces": {
				"north": {"uv": [3.5, 12, 4, 12.5], "texture": "#2"},
				"east": {"uv": [4, 12, 4.5, 12.5], "texture": "#2"},
				"south": {"uv": [12, 4.5, 12.5, 5], "texture": "#2"},
				"west": {"uv": [12, 5, 12.5, 5.5], "texture": "#2"},
				"up": {"uv": [12.5, 7.5, 12, 7], "texture": "#2"},
				"down": {"uv": [8, 12, 7.5, 12.5], "texture": "#2"}
			}
		},
		{
			"from": [7.5, 8, 5],
			"to": [8.5, 9, 9],
			"rotation": {"angle": 0, "axis": "x", "origin": [8, 10, 12.5]},
			"faces": {
				"north": {"uv": [12, 7.5, 12.5, 8], "texture": "#2"},
				"east": {"uv": [8.5, 10.5, 10.5, 11], "texture": "#2"},
				"south": {"uv": [8, 12, 8.5, 12.5], "texture": "#2"},
				"west": {"uv": [10.5, 9, 12.5, 9.5], "texture": "#2"},
				"up": {"uv": [4.5, 11.5, 4, 9.5], "texture": "#2"},
				"down": {"uv": [11, 9.5, 10.5, 11.5], "texture": "#2"}
			}
		},
		{
			"from": [7.5, 9, 8],
			"to": [8.5, 10, 9],
			"rotation": {"angle": 0, "axis": "x", "origin": [8, 11, 15.5]},
			"faces": {
				"north": {"uv": [8.5, 12, 9, 12.5], "texture": "#2"},
				"east": {"uv": [9, 12, 9.5, 12.5], "texture": "#2"},
				"south": {"uv": [9.5, 12, 10, 12.5], "texture": "#2"},
				"west": {"uv": [10, 12, 10.5, 12.5], "texture": "#2"},
				"up": {"uv": [11, 12.5, 10.5, 12], "texture": "#2"},
				"down": {"uv": [11.5, 12, 11, 12.5], "texture": "#2"}
			}
		},
		{
			"from": [7.001, 10, 2],
			"to": [8.999, 11, 7],
			"rotation": {"angle": 0, "axis": "y", "origin": [-2.5, 1, 1]},
			"faces": {
				"north": {"uv": [11.5, 11.5, 12.5, 12], "texture": "#2"},
				"east": {"uv": [10, 1.5, 12.5, 2], "texture": "#2"},
				"south": {"uv": [0, 12, 1, 12.5], "texture": "#2"},
				"west": {"uv": [10, 6.5, 12.5, 7], "texture": "#2"},
				"up": {"uv": [8, 8.5, 7, 6], "texture": "#2"},
				"down": {"uv": [9, 0, 8, 2.5], "texture": "#2"}
			}
		},
		{
			"from": [7.5, 13.5, 8],
			"to": [8.5, 14.5, 11],
			"rotation": {"angle": 0, "axis": "x", "origin": [-2, 3, 17]},
			"faces": {
				"north": {"uv": [11.5, 12, 12, 12.5], "texture": "#2"},
				"east": {"uv": [11, 9.5, 12.5, 10], "texture": "#2"},
				"south": {"uv": [12, 12, 12.5, 12.5], "texture": "#2"},
				"west": {"uv": [11, 10, 12.5, 10.5], "texture": "#2"},
				"up": {"uv": [11.5, 12, 11, 10.5], "texture": "#2"},
				"down": {"uv": [12, 2, 11.5, 3.5], "texture": "#2"}
			}
		},
		{
			"from": [7.5, 12.5, 9],
			"to": [8.5, 13.5, 10],
			"rotation": {"angle": 0, "axis": "x", "origin": [-2, 3, 17]},
			"faces": {
				"north": {"uv": [0, 12.5, 0.5, 13], "texture": "#2"},
				"east": {"uv": [0.5, 12.5, 1, 13], "texture": "#2"},
				"south": {"uv": [1, 12.5, 1.5, 13], "texture": "#2"},
				"west": {"uv": [1.5, 12.5, 2, 13], "texture": "#2"},
				"up": {"uv": [13, 2, 12.5, 1.5], "texture": "#2"},
				"down": {"uv": [2.5, 12.5, 2, 13], "texture": "#2"}
			}
		},
		{
			"from": [7, 10, 7],
			"to": [9, 14, 9],
			"rotation": {"angle": 0, "axis": "x", "origin": [7, 8.11981, 22.5296]},
			"faces": {
				"north": {"uv": [8.5, 8.5, 9.5, 10.5], "texture": "#2"},
				"east": {"uv": [9, 0, 10, 2], "texture": "#2"},
				"south": {"uv": [9, 6.5, 10, 8.5], "texture": "#2"},
				"west": {"uv": [9.5, 2, 10.5, 4], "texture": "#2"},
				"up": {"uv": [1, 12, 0, 11], "texture": "#2"},
				"down": {"uv": [12, 0, 11, 1], "texture": "#2"}
			}
		},
		{
			"from": [6.5, -0.5, -1.5],
			"to": [9.5, 15.5, 1.5],
			"rotation": {"angle": 45, "axis": "x", "origin": [6, 10.5, 2]},
			"faces": {
				"north": {"uv": [1.5, 11, 0, 3], "rotation": 180, "texture": "#2"},
				"east": {"uv": [0, 0, 8, 1.5], "rotation": 90, "texture": "#2"},
				"south": {"uv": [3, 3, 1.5, 11], "texture": "#2"},
				"west": {"uv": [0, 1.5, 8, 3], "rotation": 270, "texture": "#2"},
				"up": {"uv": [3, 8, 4.5, 9.5], "texture": "#2"},
				"down": {"uv": [8, 2.5, 9.5, 4], "rotation": 180, "texture": "#2"}
			}
		},
		{
			"from": [7, 4.5, 1.5],
			"to": [9, 10.5, 3.5],
			"rotation": {"angle": 45, "axis": "x", "origin": [6, 10.5, 2]},
			"faces": {
				"north": {"uv": [4, 8, 3, 5], "rotation": 180, "texture": "#2"},
				"east": {"uv": [3, 3, 6, 4], "rotation": 90, "texture": "#2"},
				"south": {"uv": [5, 5, 4, 8], "texture": "#2"},
				"west": {"uv": [3, 4, 6, 5], "rotation": 270, "texture": "#2"},
				"up": {"uv": [10.5, 2, 11.5, 3], "texture": "#2"},
				"down": {"uv": [10, 7, 11, 8], "rotation": 180, "texture": "#2"}
			}
		},
		{
			"from": [7, 2.5, 1.5],
			"to": [9, 4.5, 2.5],
			"rotation": {"angle": 45, "axis": "x", "origin": [6, 10.5, 2]},
			"faces": {
				"north": {"uv": [2, 12, 1, 11], "rotation": 180, "texture": "#2"},
				"east": {"uv": [12, 0.5, 13, 1], "rotation": 90, "texture": "#2"},
				"south": {"uv": [3, 11, 2, 12], "texture": "#2"},
				"west": {"uv": [2, 12, 3, 12.5], "rotation": 270, "texture": "#2"},
				"up": {"uv": [1, 12, 2, 12.5], "texture": "#2"},
				"down": {"uv": [12, 0, 13, 0.5], "rotation": 180, "texture": "#2"}
			}
		},
		{
			"from": [7.5, -0.5, -2.5],
			"to": [8.5, 2.5, -1.5],
			"rotation": {"angle": 45, "axis": "x", "origin": [6, 10.5, 2]},
			"faces": {
				"north": {"uv": [6, 13, 5.5, 11.5], "rotation": 180, "texture": "#2"},
				"east": {"uv": [3, 11.5, 4.5, 12], "rotation": 90, "texture": "#2"},
				"south": {"uv": [6.5, 11.5, 6, 13], "texture": "#2"},
				"west": {"uv": [11.5, 3.5, 13, 4], "rotation": 270, "texture": "#2"},
				"up": {"uv": [3, 12.5, 3.5, 13], "texture": "#2"},
				"down": {"uv": [2.5, 12.5, 3, 13], "rotation": 180, "texture": "#2"}
			}
		},
		{
			"from": [7.5, 2.5, -2],
			"to": [8.5, 11.5, -1],
			"rotation": {"angle": 45, "axis": "x", "origin": [6, 10.5, 2]},
			"faces": {
				"north": {"uv": [5, 12.5, 4.5, 8], "rotation": 180, "texture": "#2"},
				"east": {"uv": [8, 4, 12.5, 4.5], "rotation": 90, "texture": "#2"},
				"south": {"uv": [5.5, 8, 5, 12.5], "texture": "#2"},
				"west": {"uv": [8, 6, 12.5, 6.5], "rotation": 270, "texture": "#2"},
				"up": {"uv": [3.5, 12.5, 4, 13], "texture": "#2"},
				"down": {"uv": [12.5, 3, 13, 3.5], "rotation": 180, "texture": "#2"}
			}
		},
		{
			"from": [7, -0.501, -1],
			"to": [9, -0.501, 1],
			"rotation": {"angle": 45, "axis": "x", "origin": [6, 10.5, 2]},
			"faces": {
				"north": {"uv": [1, 0, 0, 0], "rotation": 180, "texture": "#2"},
				"east": {"uv": [0, 0, 0, 1], "rotation": 90, "texture": "#2"},
				"south": {"uv": [1, 0, 0, 0], "texture": "#2"},
				"west": {"uv": [0, 0, 0, 1], "rotation": 270, "texture": "#2"},
				"up": {"uv": [11, 7, 12, 8], "texture": "#2"},
				"down": {"uv": [11, 4.5, 12, 5.5], "rotation": 180, "texture": "#2"}
			}
		},
		{
			"from": [7, 15.501, -1],
			"to": [9, 15.501, 1],
			"rotation": {"angle": 45, "axis": "x", "origin": [6, 10.5, 2]},
			"faces": {
				"north": {"uv": [1, 0, 0, 0], "rotation": 180, "texture": "#2"},
				"east": {"uv": [0, 0, 0, 1], "rotation": 90, "texture": "#2"},
				"south": {"uv": [1, 0, 0, 0], "texture": "#2"},
				"west": {"uv": [0, 0, 0, 1], "rotation": 270, "texture": "#2"},
				"up": {"uv": [9.5, 11, 10.5, 12], "texture": "#2"},
				"down": {"uv": [8.5, 11, 9.5, 12], "rotation": 180, "texture": "#2"}
			}
		},
		{
			"from": [7, 11.5, -2.5],
			"to": [9, 15.5, -1.5],
			"rotation": {"angle": 45, "axis": "x", "origin": [6, 10.5, 2]},
			"faces": {
				"north": {"uv": [4, 11.5, 3, 9.5], "rotation": 180, "texture": "#2"},
				"east": {"uv": [11, 1, 13, 1.5], "rotation": 90, "texture": "#2"},
				"south": {"uv": [10.5, 8.5, 9.5, 10.5], "texture": "#2"},
				"west": {"uv": [11, 5.5, 13, 6], "rotation": 270, "texture": "#2"},
				"up": {"uv": [12, 2.5, 13, 3], "texture": "#2"},
				"down": {"uv": [12, 2, 13, 2.5], "rotation": 180, "texture": "#2"}
			}
		}
	],
	"gui_light": "front",
	"display": {
		"thirdperson_righthand": {
			"rotation": [45, 0, 0],
			"translation": [0, -2, -0.75],
			"scale": [0.75, 0.75, 0.75]
		},
		"thirdperson_lefthand": {
			"rotation": [45, 0, 0],
			"translation": [0, -2, -0.75],
			"scale": [0.75, 0.75, 0.75]
		},
		"firstperson_righthand": {
			"rotation": [-15, 10, 15],
			"translation": [-1, 0, 5],
			"scale": [0.85, 0.85, 0.85]
		},
		"firstperson_lefthand": {
			"rotation": [-15, 10, 15],
			"translation": [-1, 0, 5],
			"scale": [0.85, 0.85, 0.85]
		},
		"ground": {
			"rotation": [45, 1, 0],
			"translation": [0, 3.5, 2.5],
			"scale": [0.5, 0.5, 0.5]
		},
		"gui": {
			"rotation": [-90, 135, 90],
			"translation": [1, -4.5, 0],
			"scale": [0.7, 0.7, 0.7]
		},
		"fixed": {
			"rotation": [-90, -135, -90],
			"translation": [0, -4, -0.25],
			"scale": [0.7, 0.7, 0.7]
		}
	},
	"groups": [
		{
			"name": "stock",
			"origin": [8, 8, 8],
			"color": 0,
			"children": [0, 1, 2, 3]
		},
		{
			"name": "body",
			"origin": [-2.5, 0, -2],
			"color": 0,
			"children": [4, 5, 6, 7, 8, 9, 10, 11]
		},
		{
			"name": "barrel",
			"origin": [-3, 0, 3],
			"color": 0,
			"children": [
				12,
				13,
				{
					"name": "group",
					"origin": [6, 10.5, 2],
					"color": 0,
					"children": [14]
				},
				15,
				16,
				17,
				18,
				19
			]
		}
	]
}