{
    "parent": "item/3dmodel/weapon/craftsman_gunblade/ranged_standby",
        "display": {
			"thirdperson_righthand": {
				"rotation": [75, 0, 0],
				"translation": [0, 0, -1.0],
				"scale": [0.75, 0.75, 0.75]
			},
			"thirdperson_lefthand": {
				"rotation": [75, 0, 0],
				"translation": [0, 0, -1.0],
				"scale": [0.75, 0.75, 0.75]
			},
			"firstperson_righthand": {
				"rotation": [100, 0, -15],
				"translation": [0.5, 0.0, -4],
				"scale": [0.75, 0.75, 0.75]
			},
			"firstperson_lefthand": {
				"rotation": [100, 0, -15],
				"translation": [0.5, 0.0, -4],
				"scale": [0.75, 0.75, 0.75]
			},
			"gui": {
				"rotation": [-90, -135, 90],
				"translation": [-4, -1, 0],
				"scale": [0.6, 0.6, 0.6]
			}
		}
}