{
	"credit": "Made with Blockbench",
	"texture_size": [32, 32],
	"textures": {
		"1": "item/custom_item/craftsman_arms/gunblade",
		"particle": "item/custom_item/craftsman_arms/gunblade"
	},
	"elements": [
		{
			"from": [6.5, 10, 8],
			"to": [9.5, 13, 10],
			"rotation": {"angle": 0, "axis": "y", "origin": [-2.99959, 1, 2]},
			"faces": {
				"north": {"uv": [7.5, 5.5, 9, 7], "texture": "#1"},
				"east": {"uv": [9.5, 2, 10.5, 3.5], "texture": "#1"},
				"south": {"uv": [7.5, 7, 9, 8.5], "texture": "#1"},
				"west": {"uv": [9.5, 3.5, 10.5, 5], "texture": "#1"},
				"up": {"uv": [11, 9.5, 9.5, 8.5], "texture": "#1"},
				"down": {"uv": [11, 9.5, 9.5, 10.5], "texture": "#1"}
			}
		},
		{
			"from": [6.5, 11, 7],
			"to": [9.5, 13, 8],
			"rotation": {"angle": 0, "axis": "y", "origin": [-2.99959, 1, 2]},
			"faces": {
				"north": {"uv": [10, 0, 11.5, 1], "texture": "#1"},
				"east": {"uv": [12, 5.5, 12.5, 6.5], "texture": "#1"},
				"south": {"uv": [1, 10, 2.5, 11], "texture": "#1"},
				"west": {"uv": [11, 12, 11.5, 13], "texture": "#1"},
				"up": {"uv": [12.5, 12, 11, 11.5], "texture": "#1"},
				"down": {"uv": [13.5, 1.5, 12, 2], "texture": "#1"}
			}
		},
		{
			"from": [7, 5.37692, 5.79009],
			"to": [9, 7.37692, 10.79009],
			"rotation": {"angle": 22.5, "axis": "x", "origin": [7.00041, 2.11981, 22.5296]},
			"faces": {
				"north": {"uv": [1, 11, 2, 12], "texture": "#1"},
				"east": {"uv": [6, 3.5, 8.5, 4.5], "texture": "#1"},
				"south": {"uv": [11, 1.5, 12, 2.5], "texture": "#1"},
				"west": {"uv": [6, 4.5, 8.5, 5.5], "texture": "#1"},
				"up": {"uv": [6.5, 8.5, 5.5, 6], "texture": "#1"},
				"down": {"uv": [7.5, 5.5, 6.5, 8], "texture": "#1"}
			}
		},
		{
			"from": [6.999, 4.37692, 6.79009],
			"to": [9.001, 5.37692, 10.79009],
			"rotation": {"angle": 22.5, "axis": "x", "origin": [7.00041, 2.11981, 22.5296]},
			"faces": {
				"north": {"uv": [12, 10.5, 13, 11], "texture": "#1"},
				"east": {"uv": [11, 2.5, 13, 3], "texture": "#1"},
				"south": {"uv": [11.5, 12, 12.5, 12.5], "texture": "#1"},
				"west": {"uv": [11, 3, 13, 3.5], "texture": "#1"},
				"up": {"uv": [7.5, 10, 6.5, 8], "texture": "#1"},
				"down": {"uv": [9.5, 3.5, 8.5, 5.5], "texture": "#1"}
			}
		},
		{
			"from": [7.001, 8.69763, 12.54747],
			"to": [8.999, 11.69763, 16.54747],
			"rotation": {"angle": 0, "axis": "x", "origin": [7.99941, 9.19763, 16.29747]},
			"faces": {
				"north": {"uv": [2.5, 10, 3.5, 11.5], "texture": "#1"},
				"east": {"uv": [4, 0, 6, 1.5], "texture": "#1"},
				"south": {"uv": [3.5, 10, 4.5, 11.5], "texture": "#1"},
				"west": {"uv": [4, 1.5, 6, 3], "texture": "#1"},
				"up": {"uv": [6.5, 10.5, 5.5, 8.5], "texture": "#1"},
				"down": {"uv": [8.5, 8.5, 7.5, 10.5], "texture": "#1"}
			}
		},
		{
			"from": [7.001, 7.69763, 14.54747],
			"to": [8.999, 8.69763, 16.54747],
			"rotation": {"angle": 0, "axis": "x", "origin": [7.99941, 9.19763, 15.29747]},
			"faces": {
				"north": {"uv": [0, 12.5, 1, 13], "texture": "#1"},
				"east": {"uv": [2.5, 12.5, 3.5, 13], "texture": "#1"},
				"south": {"uv": [12.5, 5, 13.5, 5.5], "texture": "#1"},
				"west": {"uv": [12.5, 5.5, 13.5, 6], "texture": "#1"},
				"up": {"uv": [12, 4.5, 11, 3.5], "texture": "#1"},
				"down": {"uv": [12, 5.5, 11, 6.5], "texture": "#1"}
			}
		},
		{
			"from": [7.5, 10, 3],
			"to": [8.5, 11, 4],
			"rotation": {"angle": 0, "axis": "y", "origin": [0.00041, 1, 0]},
			"faces": {
				"north": {"uv": [3.5, 5.5, 4, 6], "texture": "#1"},
				"east": {"uv": [6, 5.5, 6.5, 6], "texture": "#1"},
				"south": {"uv": [1, 9.5, 1.5, 10], "texture": "#1"},
				"west": {"uv": [10, 1.5, 10.5, 2], "texture": "#1"},
				"up": {"uv": [13.5, 11, 13, 10.5], "texture": "#1"},
				"down": {"uv": [11.5, 13, 11, 13.5], "texture": "#1"}
			}
		},
		{
			"from": [7.5, 10.5, 5.5],
			"to": [8.5, 11.5, 6.5],
			"rotation": {"angle": 22.5, "axis": "x", "origin": [8.00041, 10.5, 6]},
			"faces": {
				"north": {"uv": [13, 11, 13.5, 11.5], "texture": "#1"},
				"east": {"uv": [11.5, 13, 12, 13.5], "texture": "#1"},
				"south": {"uv": [12, 13, 12.5, 13.5], "texture": "#1"},
				"west": {"uv": [13, 12, 13.5, 12.5], "texture": "#1"},
				"up": {"uv": [13, 13.5, 12.5, 13], "texture": "#1"},
				"down": {"uv": [13.5, 12.5, 13, 13], "texture": "#1"}
			}
		},
		{
			"from": [7.5, 9, 4],
			"to": [8.5, 10, 8],
			"rotation": {"angle": 0, "axis": "y", "origin": [0.00041, 1, -1]},
			"faces": {
				"north": {"uv": [13, 13, 13.5, 13.5], "texture": "#1"},
				"east": {"uv": [11, 6.5, 13, 7], "texture": "#1"},
				"south": {"uv": [0, 13.5, 0.5, 14], "texture": "#1"},
				"west": {"uv": [11, 8.5, 13, 9], "texture": "#1"},
				"up": {"uv": [2.5, 13, 2, 11], "texture": "#1"},
				"down": {"uv": [11.5, 9, 11, 11], "texture": "#1"}
			}
		},
		{
			"from": [7.5, 10, 7],
			"to": [8.5, 11, 8],
			"rotation": {"angle": 0, "axis": "y", "origin": [0.00041, 1, -1]},
			"faces": {
				"north": {"uv": [13.5, 0, 14, 0.5], "texture": "#1"},
				"east": {"uv": [0.5, 13.5, 1, 14], "texture": "#1"},
				"south": {"uv": [13.5, 0.5, 14, 1], "texture": "#1"},
				"west": {"uv": [1, 13.5, 1.5, 14], "texture": "#1"},
				"up": {"uv": [2, 14, 1.5, 13.5], "texture": "#1"},
				"down": {"uv": [14, 1.5, 13.5, 2], "texture": "#1"}
			}
		},
		{
			"from": [6.50041, 12, 2],
			"to": [9.50041, 15, 6],
			"rotation": {"angle": 0, "axis": "y", "origin": [-2.99959, 1, 3]},
			"faces": {
				"north": {"uv": [0, 8, 1.5, 9.5], "texture": "#1"},
				"east": {"uv": [4, 3, 6, 4.5], "texture": "#1"},
				"south": {"uv": [8, 2, 9.5, 3.5], "texture": "#1"},
				"west": {"uv": [4, 4.5, 6, 6], "texture": "#1"},
				"up": {"uv": [3.5, 7.5, 2, 5.5], "texture": "#1"},
				"down": {"uv": [1.5, 6, 0, 8], "texture": "#1"}
			}
		},
		{
			"from": [7.5, 13, -4],
			"to": [8.5, 14, 2],
			"rotation": {"angle": 0, "axis": "y", "origin": [-2.99959, 1, 3]},
			"faces": {
				"north": {"uv": [2, 13.5, 2.5, 14], "texture": "#1"},
				"east": {"uv": [9.5, 5, 12.5, 5.5], "texture": "#1"},
				"south": {"uv": [13.5, 2, 14, 2.5], "texture": "#1"},
				"west": {"uv": [10, 1, 13, 1.5], "texture": "#1"},
				"up": {"uv": [5, 13, 4.5, 10], "texture": "#1"},
				"down": {"uv": [5.5, 10, 5, 13], "texture": "#1"}
			}
		},
		{
			"from": [6.999, 13, 7],
			"to": [9.001, 14, 10],
			"rotation": {"angle": 0, "axis": "y", "origin": [-2.99959, 0, 2]},
			"faces": {
				"north": {"uv": [12.5, 6, 13.5, 6.5], "texture": "#1"},
				"east": {"uv": [12, 2, 13.5, 2.5], "texture": "#1"},
				"south": {"uv": [6.5, 12.5, 7.5, 13], "texture": "#1"},
				"west": {"uv": [2.5, 12, 4, 12.5], "texture": "#1"},
				"up": {"uv": [11, 7, 10, 5.5], "texture": "#1"},
				"down": {"uv": [7.5, 10, 6.5, 11.5], "texture": "#1"}
			}
		},
		{
			"from": [7.5, 14, 8],
			"to": [8.5, 15, 11],
			"rotation": {"angle": 0, "axis": "y", "origin": [7.99841, 15.5, 7.5]},
			"faces": {
				"north": {"uv": [2.5, 13.5, 3, 14], "texture": "#1"},
				"east": {"uv": [12, 3.5, 13.5, 4], "texture": "#1"},
				"south": {"uv": [3.5, 13.5, 4, 14], "texture": "#1"},
				"west": {"uv": [12, 4, 13.5, 4.5], "texture": "#1"},
				"up": {"uv": [2, 7.5, 1.5, 6], "texture": "#1"},
				"down": {"uv": [10.5, 11.5, 10, 13], "texture": "#1"}
			}
		},
		{
			"from": [7, 11, 6],
			"to": [9.002, 16, 7],
			"rotation": {"angle": 0, "axis": "y", "origin": [-2.99959, 1, 3]},
			"faces": {
				"north": {"uv": [1.5, 7.5, 2.5, 10], "texture": "#1"},
				"east": {"uv": [6, 10.5, 6.5, 13], "texture": "#1"},
				"south": {"uv": [2.5, 7.5, 3.5, 10], "texture": "#1"},
				"west": {"uv": [10.5, 10.5, 11, 13], "texture": "#1"},
				"up": {"uv": [13.5, 7.5, 12.5, 7], "texture": "#1"},
				"down": {"uv": [8.5, 12.5, 7.5, 13], "texture": "#1"}
			}
		},
		{
			"from": [7, 14, 7],
			"to": [9.002, 15, 8],
			"rotation": {"angle": 0, "axis": "y", "origin": [-2.99959, 4, 3]},
			"faces": {
				"north": {"uv": [12.5, 7.5, 13.5, 8], "texture": "#1"},
				"east": {"uv": [13.5, 3.5, 14, 4], "texture": "#1"},
				"south": {"uv": [12.5, 8, 13.5, 8.5], "texture": "#1"},
				"west": {"uv": [4, 13.5, 4.5, 14], "texture": "#1"},
				"up": {"uv": [9.5, 13, 8.5, 12.5], "texture": "#1"},
				"down": {"uv": [13.5, 9, 12.5, 9.5], "texture": "#1"}
			}
		},
		{
			"from": [7, 15, 2],
			"to": [9.002, 16, 6],
			"rotation": {"angle": 0, "axis": "y", "origin": [-2.99959, 0, 3]},
			"faces": {
				"north": {"uv": [12.5, 9.5, 13.5, 10], "texture": "#1"},
				"east": {"uv": [11, 11, 13, 11.5], "texture": "#1"},
				"south": {"uv": [12.5, 10, 13.5, 10.5], "texture": "#1"},
				"west": {"uv": [11.5, 0, 13.5, 0.5], "texture": "#1"},
				"up": {"uv": [9.5, 10.5, 8.5, 8.5], "texture": "#1"},
				"down": {"uv": [10, 0, 9, 2], "texture": "#1"}
			}
		},
		{
			"from": [7, 11, 2],
			"to": [9, 12, 6],
			"rotation": {"angle": 0, "axis": "y", "origin": [-2.99959, 1, 3]},
			"faces": {
				"north": {"uv": [11.5, 12.5, 12.5, 13], "texture": "#1"},
				"east": {"uv": [11.5, 0.5, 13.5, 1], "texture": "#1"},
				"south": {"uv": [12.5, 11.5, 13.5, 12], "texture": "#1"},
				"west": {"uv": [2.5, 11.5, 4.5, 12], "texture": "#1"},
				"up": {"uv": [10, 7.5, 9, 5.5], "texture": "#1"},
				"down": {"uv": [1, 9.5, 0, 11.5], "texture": "#1"}
			}
		},
		{
			"from": [7, 14, 1],
			"to": [9.002, 16, 2],
			"rotation": {"angle": 0, "axis": "y", "origin": [-2.99959, 1, 3]},
			"faces": {
				"north": {"uv": [0, 11.5, 1, 12.5], "texture": "#1"},
				"east": {"uv": [3.5, 12.5, 4, 13.5], "texture": "#1"},
				"south": {"uv": [6.5, 11.5, 7.5, 12.5], "texture": "#1"},
				"west": {"uv": [12.5, 12, 13, 13], "texture": "#1"},
				"up": {"uv": [1, 13.5, 0, 13], "texture": "#1"},
				"down": {"uv": [14, 1, 13, 1.5], "texture": "#1"}
			}
		},
		{
			"from": [7, 12, -5],
			"to": [9, 13, 2],
			"rotation": {"angle": 0, "axis": "y", "origin": [-2.99959, 0, 3]},
			"faces": {
				"north": {"uv": [2, 13, 3, 13.5], "texture": "#1"},
				"east": {"uv": [9, 7.5, 12.5, 8], "texture": "#1"},
				"south": {"uv": [13, 2.5, 14, 3], "texture": "#1"},
				"west": {"uv": [9, 8, 12.5, 8.5], "texture": "#1"},
				"up": {"uv": [3, 5.5, 2, 2], "texture": "#1"},
				"down": {"uv": [4, 2, 3, 5.5], "texture": "#1"}
			}
		},
		{
			"from": [7, 14, -4],
			"to": [9, 15, 1],
			"rotation": {"angle": 0, "axis": "y", "origin": [-2.99959, 0, 3]},
			"faces": {
				"north": {"uv": [13, 3, 14, 3.5], "texture": "#1"},
				"east": {"uv": [10, 7, 12.5, 7.5], "texture": "#1"},
				"south": {"uv": [4.5, 13, 5.5, 13.5], "texture": "#1"},
				"west": {"uv": [10.5, 4.5, 13, 5], "texture": "#1"},
				"up": {"uv": [4.5, 10, 3.5, 7.5], "texture": "#1"},
				"down": {"uv": [5.5, 7.5, 4.5, 10], "texture": "#1"}
			}
		},
		{
			"from": [7, 13, -12],
			"to": [9, 15, -4],
			"rotation": {"angle": 0, "axis": "y", "origin": [-2.99959, 0, 3]},
			"faces": {
				"north": {"uv": [7.5, 11.5, 8.5, 12.5], "texture": "#1"},
				"east": {"uv": [0, 0, 4, 1], "texture": "#1"},
				"south": {"uv": [8.5, 11.5, 9.5, 12.5], "texture": "#1"},
				"west": {"uv": [0, 1, 4, 2], "texture": "#1"},
				"up": {"uv": [1, 6, 0, 2], "texture": "#1"},
				"down": {"uv": [2, 2, 1, 6], "texture": "#1"}
			}
		},
		{
			"from": [7.5, 15, -11],
			"to": [8.5, 16, -9],
			"rotation": {"angle": 0, "axis": "y", "origin": [-2.99959, 0, 3]},
			"faces": {
				"north": {"uv": [13.5, 7.5, 14, 8], "texture": "#1"},
				"east": {"uv": [8.5, 13, 9.5, 13.5], "texture": "#1"},
				"south": {"uv": [13.5, 8, 14, 8.5], "texture": "#1"},
				"west": {"uv": [13, 8.5, 14, 9], "texture": "#1"},
				"up": {"uv": [10.5, 14, 10, 13], "texture": "#1"},
				"down": {"uv": [11, 13, 10.5, 14], "texture": "#1"}
			}
		},
		{
			"from": [7.50041, 13.5, -12.01],
			"to": [8.50041, 14.5, -12.01],
			"rotation": {"angle": 0, "axis": "y", "origin": [-2.99959, 0, 3]},
			"faces": {
				"north": {"uv": [8.5, 13.5, 9, 14], "texture": "#1"},
				"east": {"uv": [0, 0, 0, 0.5], "texture": "#1"},
				"south": {"uv": [9, 13.5, 9.5, 14], "texture": "#1"},
				"west": {"uv": [0, 0, 0, 0.5], "texture": "#1"},
				"up": {"uv": [0.5, 0, 0, 0], "texture": "#1"},
				"down": {"uv": [0.5, 0, 0, 0], "texture": "#1"}
			}
		},
		{
			"from": [7.50041, 11, 1],
			"to": [8.50041, 12, 2],
			"rotation": {"angle": 0, "axis": "y", "origin": [-2.99959, 0, 3]},
			"faces": {
				"north": {"uv": [13.5, 4, 14, 4.5], "texture": "#1"},
				"east": {"uv": [4.5, 13.5, 5, 14], "texture": "#1"},
				"south": {"uv": [5, 13.5, 5.5, 14], "texture": "#1"},
				"west": {"uv": [13.5, 5, 14, 5.5], "texture": "#1"},
				"up": {"uv": [6, 14, 5.5, 13.5], "texture": "#1"},
				"down": {"uv": [14, 5.5, 13.5, 6], "texture": "#1"}
			}
		},
		{
			"from": [7.5, 10, -5],
			"to": [8.5, 12, 1],
			"rotation": {"angle": 0, "axis": "y", "origin": [-2.99959, 0, 3]},
			"faces": {
				"north": {"uv": [3, 13, 3.5, 14], "texture": "#1"},
				"east": {"uv": [6, 0, 9, 1], "texture": "#1"},
				"south": {"uv": [6, 13, 6.5, 14], "texture": "#1"},
				"west": {"uv": [6, 1, 9, 2], "texture": "#1"},
				"up": {"uv": [11, 4.5, 10.5, 1.5], "texture": "#1"},
				"down": {"uv": [6, 10.5, 5.5, 13.5], "texture": "#1"}
			}
		},
		{
			"from": [7.5, 10, -9],
			"to": [8.5, 13, -5],
			"rotation": {"angle": 0, "axis": "y", "origin": [-2.99959, 0, 3]},
			"faces": {
				"north": {"uv": [1, 12, 1.5, 13.5], "texture": "#1"},
				"east": {"uv": [6, 2, 8, 3.5], "texture": "#1"},
				"south": {"uv": [1.5, 12, 2, 13.5], "texture": "#1"},
				"west": {"uv": [3.5, 6, 5.5, 7.5], "texture": "#1"},
				"up": {"uv": [12, 11, 11.5, 9], "texture": "#1"},
				"down": {"uv": [10, 11.5, 9.5, 13.5], "texture": "#1"}
			}
		},
		{
			"from": [7.5, 11, -12],
			"to": [8.5, 13, -9],
			"rotation": {"angle": 0, "axis": "y", "origin": [-2.99959, 0, 3]},
			"faces": {
				"north": {"uv": [6.5, 13, 7, 14], "texture": "#1"},
				"east": {"uv": [7.5, 10.5, 9, 11.5], "texture": "#1"},
				"south": {"uv": [7, 13, 7.5, 14], "texture": "#1"},
				"west": {"uv": [9, 10.5, 10.5, 11.5], "texture": "#1"},
				"up": {"uv": [4.5, 13.5, 4, 12], "texture": "#1"},
				"down": {"uv": [12.5, 9, 12, 10.5], "texture": "#1"}
			}
		},
		{
			"from": [7.50041, 12, -14],
			"to": [8.50041, 13, -12],
			"rotation": {"angle": 0, "axis": "y", "origin": [-2.99959, 0, 3]},
			"faces": {
				"north": {"uv": [13.5, 6, 14, 6.5], "texture": "#1"},
				"east": {"uv": [13, 4.5, 14, 5], "texture": "#1"},
				"south": {"uv": [13.5, 7, 14, 7.5], "texture": "#1"},
				"west": {"uv": [13, 6.5, 14, 7], "texture": "#1"},
				"up": {"uv": [8, 14, 7.5, 13], "texture": "#1"},
				"down": {"uv": [8.5, 13, 8, 14], "texture": "#1"}
			}
		}
	],
	"gui_light": "front",
	"display": {
		"thirdperson_righthand": {
			"rotation": [5, -12, 0],
			"translation": [0, -2.25, 0.75],
			"scale": [0.75, 0.75, 0.75]
		},
		"thirdperson_lefthand": {
			"rotation": [0, -12, 0],
			"translation": [0, -2.25, 0.75],
			"scale": [0.75, 0.75, 0.75]
		},
		"firstperson_righthand": {
			"rotation": [0, -10, 0],
			"translation": [9, 0, 4.5],
			"scale": [0.85, 0.85, 0.85]
		},
		"firstperson_lefthand": {
			"rotation": [0, -10, 0],
			"translation": [9, 0, 4.5],
			"scale": [0.85, 0.85, 0.85]
		},
		"ground": {
			"rotation": [45, 1, 0],
			"translation": [0, 3.5, 2.5],
			"scale": [0.5, 0.5, 0.5]
		},
		"gui": {
			"rotation": [-90, 135, 90],
			"translation": [1, -4, 0],
			"scale": [0.6, 0.6, 0.6]
		},
		"fixed": {
			"rotation": [-90, -135, -90],
			"translation": [-1, -5, 0],
			"scale": [0.7, 0.7, 0.7]
		}
	},
	"groups": [
		{
			"name": "stock",
			"origin": [8, 8, 8],
			"color": 0,
			"children": [0, 1, 2, 3, 4, 5]
		},
		{
			"name": "body",
			"origin": [-2.5, 0, -2],
			"color": 0,
			"children": [6, 7, 8, 9, 10, 11, 12, 13, 14, 15, 16, 17, 18, 19, 20, 21, 22, 23]
		},
		{
			"name": "blade",
			"origin": [-2.99959, 0, 3],
			"color": 0,
			"children": [24, 25, 26, 27, 28]
		}
	]
}