{
  "parent": "minecraft:item/handheld",
  "textures": {
    "layer0": "minecraft:item/iron_sword"
  },
	"overrides": [
        
		{"predicate": {"custom_model_data":1}, "model":"item/weapon/mechanism_cane"},
    {"predicate": {"custom_model_data":2}, "model":"item/weapon/big_large_sword"},
    {"predicate": {"custom_model_data":3}, "model":"item/weapon/long_sword"},
    {"predicate": {"custom_model_data":4}, "model":"item/weapon/travelers_dagger"},
    {"predicate": {"custom_model_data":5}, "model":"item/weapon/magma_sword"},
    {"predicate": {"custom_model_data":6}, "model":"item/weapon/crystal_sword"},
    {"predicate": {"custom_model_data":7}, "model":"item/weapon/golden_blade"},
    {"predicate": {"custom_model_data":8}, "model":"item/weapon/tactics_knife"},
    {"predicate": {"custom_model_data":9}, "model":"item/weapon/ancient_claymore"},
    {"predicate": {"custom_model_data":10}, "model":"item/weapon/golden_cursed_blade"},
    {"predicate": {"custom_model_data":11}, "model":"item/weapon/brass_hatchet"},
    {"predicate": {"custom_model_data":12}, "model":"item/weapon/blood_sword"},
    {"predicate": {"custom_model_data":13}, "model":"item/weapon/flash_dagger"},
    {"predicate": {"custom_model_data":14}, "model":"item/weapon/red_crystal_sword"},
    {"predicate": {"custom_model_data":15}, "model":"item/weapon/red_blade"},
    {"predicate": {"custom_model_data":16}, "model":"item/weapon/copper_sword"},
    {"predicate": {"custom_model_data":17}, "model":"item/weapon/katana"},
    {"predicate": {"custom_model_data":18}, "model":"item/weapon/ender_sword"},
    {"predicate": {"custom_model_data":19}, "model":"item/weapon/high_ender_sword"},
    {"predicate": {"custom_model_data":20}, "model":"item/weapon/sculk_sword"},
    {"predicate": {"custom_model_data":21}, "model":"item/weapon/sculk_annihilator"}
  ] 
}