{
	"credit": "Made with Blockbench",
	"texture_size": [32, 32],
	"textures": {
		"2": "item/custom_item/rod_of_wizard/dark",
		"particle": "item/custom_item/rod_of_wizard/light"
	},
	"elements": [
		{
			"name": "hilt",
			"from": [6.75, -6.79991, 7.71855],
			"to": [8.75, 10.20009, 9.71855],
			"rotation": {"angle": 0, "axis": "y", "origin": [8, 8, 8]},
			"faces": {
				"north": {"uv": [0, 0, 1, 8.5], "texture": "#2"},
				"east": {"uv": [1, 0, 2, 8.5], "texture": "#2"},
				"south": {"uv": [2, 0, 3, 8.5], "texture": "#2"},
				"west": {"uv": [3, 0, 4, 8.5], "texture": "#2"},
				"up": {"uv": [12, 4.5, 11, 3.5], "texture": "#2"},
				"down": {"uv": [12, 7.5, 11, 8.5], "texture": "#2"}
			}
		},
		{
			"name": "hilt",
			"from": [6.75, 11.28248, 7.10542],
			"to": [8.75, 14.28248, 9.10542],
			"rotation": {"angle": 0, "axis": "x", "origin": [8, 8, 8]},
			"faces": {
				"north": {"uv": [4, 9.5, 5, 11], "texture": "#2"},
				"east": {"uv": [0, 10, 1, 11.5], "texture": "#2"},
				"south": {"uv": [10, 0.5, 11, 2], "texture": "#2"},
				"west": {"uv": [1, 10, 2, 11.5], "texture": "#2"},
				"up": {"uv": [12, 11.5, 11, 10.5], "texture": "#2"},
				"down": {"uv": [1, 11.5, 0, 12.5], "texture": "#2"}
			}
		},
		{
			"name": "hilt",
			"from": [6.75, 14.28248, 6.10542],
			"to": [8.75, 15.28248, 10.10542],
			"rotation": {"angle": 0, "axis": "x", "origin": [8, 8, 8]},
			"faces": {
				"north": {"uv": [1, 12.5, 2, 13], "texture": "#2"},
				"east": {"uv": [11, 4.5, 13, 5], "texture": "#2"},
				"south": {"uv": [12.5, 1, 13.5, 1.5], "texture": "#2"},
				"west": {"uv": [11, 8.5, 13, 9], "texture": "#2"},
				"up": {"uv": [4, 10.5, 3, 8.5], "texture": "#2"},
				"down": {"uv": [10, 7.5, 9, 9.5], "texture": "#2"}
			}
		},
		{
			"name": "hilt",
			"from": [6.25, 15.28248, 4.10542],
			"to": [9.25, 16.28248, 12.10542],
			"rotation": {"angle": 0, "axis": "x", "origin": [8, 8, 8]},
			"faces": {
				"north": {"uv": [12, 4, 13.5, 4.5], "texture": "#2"},
				"east": {"uv": [8.5, 9.5, 12.5, 10], "texture": "#2"},
				"south": {"uv": [12, 11, 13.5, 11.5], "texture": "#2"},
				"west": {"uv": [10, 0, 14, 0.5], "texture": "#2"},
				"up": {"uv": [5.5, 4, 4, 0], "texture": "#2"},
				"down": {"uv": [5.5, 4, 4, 8], "texture": "#2"}
			}
		},
		{
			"name": "hilt",
			"from": [7.25, 14.28248, 5.10542],
			"to": [8.25, 15.28248, 6.10542],
			"rotation": {"angle": 0, "axis": "x", "origin": [8, 8, 8]},
			"faces": {
				"north": {"uv": [8.5, 9, 9, 9.5], "texture": "#2"},
				"east": {"uv": [11.5, 3, 12, 3.5], "texture": "#2"},
				"south": {"uv": [11.5, 10, 12, 10.5], "texture": "#2"},
				"west": {"uv": [10, 13, 10.5, 13.5], "texture": "#2"},
				"up": {"uv": [13.5, 10.5, 13, 10], "texture": "#2"},
				"down": {"uv": [11, 13, 10.5, 13.5], "texture": "#2"}
			}
		},
		{
			"name": "hilt",
			"from": [7.25, 14.28248, 10.10542],
			"to": [8.25, 15.28248, 11.10542],
			"rotation": {"angle": 0, "axis": "x", "origin": [8, 8, 8]},
			"faces": {
				"north": {"uv": [13, 10.5, 13.5, 11], "texture": "#2"},
				"east": {"uv": [11, 13, 11.5, 13.5], "texture": "#2"},
				"south": {"uv": [11.5, 13, 12, 13.5], "texture": "#2"},
				"west": {"uv": [12, 13, 12.5, 13.5], "texture": "#2"},
				"up": {"uv": [13, 13.5, 12.5, 13], "texture": "#2"},
				"down": {"uv": [13.5, 13, 13, 13.5], "texture": "#2"}
			}
		},
		{
			"name": "hilt",
			"from": [7.25, 11.28248, 6.10542],
			"to": [8.25, 14.28248, 7.10542],
			"rotation": {"angle": 0, "axis": "x", "origin": [8, 8, 8]},
			"faces": {
				"north": {"uv": [4.5, 11, 5, 12.5], "texture": "#2"},
				"east": {"uv": [12, 11.5, 12.5, 13], "texture": "#2"},
				"south": {"uv": [0, 12.5, 0.5, 14], "texture": "#2"},
				"west": {"uv": [0.5, 12.5, 1, 14], "texture": "#2"},
				"up": {"uv": [14, 1, 13.5, 0.5], "texture": "#2"},
				"down": {"uv": [1.5, 13.5, 1, 14], "texture": "#2"}
			}
		},
		{
			"name": "hilt",
			"from": [7.25, 13.28248, 9.10542],
			"to": [8.25, 14.28248, 10.10542],
			"rotation": {"angle": 0, "axis": "x", "origin": [8, 8, 8]},
			"faces": {
				"north": {"uv": [13.5, 1, 14, 1.5], "texture": "#2"},
				"east": {"uv": [1.5, 13.5, 2, 14], "texture": "#2"},
				"south": {"uv": [13.5, 1.5, 14, 2], "texture": "#2"},
				"west": {"uv": [2, 13.5, 2.5, 14], "texture": "#2"},
				"up": {"uv": [14, 2.5, 13.5, 2], "texture": "#2"},
				"down": {"uv": [3, 13.5, 2.5, 14], "texture": "#2"}
			}
		},
		{
			"name": "hilt",
			"from": [6.25, -8.95261, 14.98944],
			"to": [9.25, -5.95261, 17.98944],
			"rotation": {"angle": 22.5, "axis": "x", "origin": [8, 8, 8]},
			"faces": {
				"north": {"uv": [7.5, 6, 9, 7.5], "texture": "#2"},
				"east": {"uv": [7.5, 7.5, 9, 9], "texture": "#2"},
				"south": {"uv": [4, 8, 5.5, 9.5], "texture": "#2"},
				"west": {"uv": [0, 8.5, 1.5, 10], "texture": "#2"},
				"up": {"uv": [10, 1.5, 8.5, 0], "texture": "#2"},
				"down": {"uv": [3, 8.5, 1.5, 10], "texture": "#2"}
			}
		},
		{
			"name": "hilt",
			"from": [6.75, -8.56563, 2.07629],
			"to": [8.75, -5.56563, 4.07629],
			"rotation": {"angle": -22.5, "axis": "x", "origin": [8, 8, 8]},
			"faces": {
				"north": {"uv": [2, 10, 3, 11.5], "texture": "#2"},
				"east": {"uv": [10, 2, 11, 3.5], "texture": "#2"},
				"south": {"uv": [10, 3.5, 11, 5], "texture": "#2"},
				"west": {"uv": [10, 7.5, 11, 9], "texture": "#2"},
				"up": {"uv": [2, 12.5, 1, 11.5], "texture": "#2"},
				"down": {"uv": [12.5, 1, 11.5, 2], "texture": "#2"}
			}
		},
		{
			"name": "hilt",
			"from": [6.75, 9.37496, 8.42967],
			"to": [8.75, 11.37496, 10.42967],
			"rotation": {"angle": -22.5, "axis": "x", "origin": [8, 8, 8]},
			"faces": {
				"north": {"uv": [2, 11.5, 3, 12.5], "texture": "#2"},
				"east": {"uv": [11.5, 2, 12.5, 3], "texture": "#2"},
				"south": {"uv": [11, 11.5, 12, 12.5], "texture": "#2"},
				"west": {"uv": [12, 3, 13, 4], "texture": "#2"},
				"up": {"uv": [13, 8.5, 12, 7.5], "texture": "#2"},
				"down": {"uv": [13, 10, 12, 11], "texture": "#2"}
			}
		},
		{
			"from": [6.75, 19.64213, -4.39213],
			"to": [8.75, 20.64213, 1.60787],
			"rotation": {"angle": 45, "axis": "x", "origin": [8, 7.25, 8]},
			"faces": {
				"north": {"uv": [12.5, 1.5, 13.5, 2], "texture": "#2"},
				"east": {"uv": [10, 5, 13, 5.5], "texture": "#2"},
				"south": {"uv": [2, 12.5, 3, 13], "texture": "#2"},
				"west": {"uv": [10, 5.5, 13, 6], "texture": "#2"},
				"up": {"uv": [6.5, 3, 5.5, 0], "texture": "#2"},
				"down": {"uv": [6.5, 3, 5.5, 6], "texture": "#2"}
			}
		},
		{
			"from": [6.75, 18.64213, -4.39213],
			"to": [8.75, 19.64213, -3.39213],
			"rotation": {"angle": 45, "axis": "x", "origin": [8, 7.25, 8]},
			"faces": {
				"north": {"uv": [13, 8, 14, 8.5], "texture": "#2"},
				"east": {"uv": [13.5, 13, 14, 13.5], "texture": "#2"},
				"south": {"uv": [13, 8.5, 14, 9], "texture": "#2"},
				"west": {"uv": [13.5, 13.5, 14, 14], "texture": "#2"},
				"up": {"uv": [10, 13.5, 9, 13], "texture": "#2"},
				"down": {"uv": [14, 9, 13, 9.5], "texture": "#2"}
			}
		},
		{
			"from": [6.75, 12.64213, -4.39213],
			"to": [8.75, 13.64213, 1.60787],
			"rotation": {"angle": 45, "axis": "x", "origin": [8, 7.25, 8]},
			"faces": {
				"north": {"uv": [12.5, 2, 13.5, 2.5], "texture": "#2"},
				"east": {"uv": [8.5, 10, 11.5, 10.5], "texture": "#2"},
				"south": {"uv": [12.5, 2.5, 13.5, 3], "texture": "#2"},
				"west": {"uv": [10, 9, 13, 9.5], "texture": "#2"},
				"up": {"uv": [6.5, 9, 5.5, 6], "texture": "#2"},
				"down": {"uv": [7.5, 0, 6.5, 3], "texture": "#2"}
			}
		},
		{
			"from": [6.75, 13.64213, 1.60787],
			"to": [8.75, 19.64213, 2.60787],
			"rotation": {"angle": 45, "axis": "x", "origin": [8, 7.25, 8]},
			"faces": {
				"north": {"uv": [6.5, 3, 7.5, 6], "texture": "#2"},
				"east": {"uv": [5, 9.5, 5.5, 12.5], "texture": "#2"},
				"south": {"uv": [6.5, 6, 7.5, 9], "texture": "#2"},
				"west": {"uv": [3, 10.5, 3.5, 13.5], "texture": "#2"},
				"up": {"uv": [5.5, 13, 4.5, 12.5], "texture": "#2"},
				"down": {"uv": [13.5, 9.5, 12.5, 10], "texture": "#2"}
			}
		},
		{
			"from": [6.25, 19.03248, 6.5],
			"to": [9.25, 22.03248, 9.5],
			"rotation": {"angle": 45, "axis": "y", "origin": [7.75, 20.53248, 8]},
			"faces": {
				"north": {"uv": [8.5, 3, 10, 4.5], "texture": "#2"},
				"east": {"uv": [8.5, 4.5, 10, 6], "texture": "#2"},
				"south": {"uv": [5.5, 9, 7, 10.5], "texture": "#2"},
				"west": {"uv": [8.5, 1.5, 10, 3], "texture": "#2"},
				"up": {"uv": [10.5, 7.5, 9, 6], "rotation": 270, "texture": "#2"},
				"down": {"uv": [8.5, 9, 7, 10.5], "rotation": 90, "texture": "#2"}
			}
		},
		{
			"from": [7.25, 14.64213, 2.60787],
			"to": [8.25, 19.64213, 3.60787],
			"rotation": {"angle": 45, "axis": "x", "origin": [8, 7.25, 8]},
			"faces": {
				"north": {"uv": [9, 10.5, 9.5, 13], "texture": "#2"},
				"east": {"uv": [9.5, 10.5, 10, 13], "texture": "#2"},
				"south": {"uv": [10, 10.5, 10.5, 13], "texture": "#2"},
				"west": {"uv": [10.5, 10.5, 11, 13], "texture": "#2"},
				"up": {"uv": [14, 3, 13.5, 2.5], "texture": "#2"},
				"down": {"uv": [3.5, 13.5, 3, 14], "texture": "#2"}
			}
		},
		{
			"from": [7.25, 19.64213, 1.60787],
			"to": [8.25, 20.64213, 2.60787],
			"rotation": {"angle": 45, "axis": "x", "origin": [8, 7.25, 8]},
			"faces": {
				"north": {"uv": [3.5, 13.5, 4, 14], "texture": "#2"},
				"east": {"uv": [4, 13.5, 4.5, 14], "texture": "#2"},
				"south": {"uv": [13.5, 4, 14, 4.5], "texture": "#2"},
				"west": {"uv": [4.5, 13.5, 5, 14], "texture": "#2"},
				"up": {"uv": [5.5, 14, 5, 13.5], "texture": "#2"},
				"down": {"uv": [6, 13.5, 5.5, 14], "texture": "#2"}
			}
		},
		{
			"from": [7.25, 19.64213, -5.39213],
			"to": [8.25, 20.64213, -4.39213],
			"rotation": {"angle": 45, "axis": "x", "origin": [8, 7.25, 8]},
			"faces": {
				"north": {"uv": [0, 14, 0.5, 14.5], "texture": "#2"},
				"east": {"uv": [14, 0, 14.5, 0.5], "texture": "#2"},
				"south": {"uv": [0.5, 14, 1, 14.5], "texture": "#2"},
				"west": {"uv": [14, 0.5, 14.5, 1], "texture": "#2"},
				"up": {"uv": [1.5, 14.5, 1, 14], "texture": "#2"},
				"down": {"uv": [14.5, 1, 14, 1.5], "texture": "#2"}
			}
		},
		{
			"from": [7.25, 20.64213, -4.39213],
			"to": [8.25, 21.64213, 1.60787],
			"rotation": {"angle": 45, "axis": "x", "origin": [8, 7.25, 8]},
			"faces": {
				"north": {"uv": [13.5, 12, 14, 12.5], "texture": "#2"},
				"east": {"uv": [10.5, 6, 13.5, 6.5], "texture": "#2"},
				"south": {"uv": [12.5, 13.5, 13, 14], "texture": "#2"},
				"west": {"uv": [10.5, 6.5, 13.5, 7], "texture": "#2"},
				"up": {"uv": [8.5, 13.5, 8, 10.5], "texture": "#2"},
				"down": {"uv": [9, 10.5, 8.5, 13.5], "texture": "#2"}
			}
		},
		{
			"from": [7.25, 12.64213, 1.60787],
			"to": [8.25, 13.64213, 2.60787],
			"rotation": {"angle": 45, "axis": "x", "origin": [8, 7.25, 8]},
			"faces": {
				"north": {"uv": [6, 13.5, 6.5, 14], "texture": "#2"},
				"east": {"uv": [13.5, 6, 14, 6.5], "texture": "#2"},
				"south": {"uv": [6.5, 13.5, 7, 14], "texture": "#2"},
				"west": {"uv": [13.5, 6.5, 14, 7], "texture": "#2"},
				"up": {"uv": [7.5, 14, 7, 13.5], "texture": "#2"},
				"down": {"uv": [8, 13.5, 7.5, 14], "texture": "#2"}
			}
		},
		{
			"from": [6.75, 13.64213, -5.39213],
			"to": [8.75, 19.64213, -4.39213],
			"rotation": {"angle": 45, "axis": "x", "origin": [8, 7.25, 8]},
			"faces": {
				"north": {"uv": [7.5, 0, 8.5, 3], "texture": "#2"},
				"east": {"uv": [3.5, 10.5, 4, 13.5], "texture": "#2"},
				"south": {"uv": [7.5, 3, 8.5, 6], "texture": "#2"},
				"west": {"uv": [5.5, 10.5, 6, 13.5], "texture": "#2"},
				"up": {"uv": [12, 13, 11, 12.5], "texture": "#2"},
				"down": {"uv": [13.5, 11.5, 12.5, 12], "texture": "#2"}
			}
		},
		{
			"from": [7.25, 13.64213, -6.39213],
			"to": [8.25, 19.64213, -5.39213],
			"rotation": {"angle": 45, "axis": "x", "origin": [8, 7.25, 8]},
			"faces": {
				"north": {"uv": [6, 10.5, 6.5, 13.5], "texture": "#2"},
				"east": {"uv": [6.5, 10.5, 7, 13.5], "texture": "#2"},
				"south": {"uv": [7, 10.5, 7.5, 13.5], "texture": "#2"},
				"west": {"uv": [7.5, 10.5, 8, 13.5], "texture": "#2"},
				"up": {"uv": [8.5, 14, 8, 13.5], "texture": "#2"},
				"down": {"uv": [9, 13.5, 8.5, 14], "texture": "#2"}
			}
		},
		{
			"from": [6.75, 13.64213, 0.60787],
			"to": [8.75, 14.64213, 1.60787],
			"rotation": {"angle": 45, "axis": "x", "origin": [8, 7.25, 8]},
			"faces": {
				"north": {"uv": [12.5, 12, 13.5, 12.5], "texture": "#2"},
				"east": {"uv": [9, 13.5, 9.5, 14], "texture": "#2"},
				"south": {"uv": [12.5, 12.5, 13.5, 13], "texture": "#2"},
				"west": {"uv": [9.5, 13.5, 10, 14], "texture": "#2"},
				"up": {"uv": [2, 13.5, 1, 13], "texture": "#2"},
				"down": {"uv": [3, 13, 2, 13.5], "texture": "#2"}
			}
		},
		{
			"from": [6.75, 18.64213, 0.60787],
			"to": [8.75, 19.64213, 1.60787],
			"rotation": {"angle": 45, "axis": "x", "origin": [8, 7.25, 8]},
			"faces": {
				"north": {"uv": [13, 3, 14, 3.5], "texture": "#2"},
				"east": {"uv": [13.5, 9.5, 14, 10], "texture": "#2"},
				"south": {"uv": [13, 3.5, 14, 4], "texture": "#2"},
				"west": {"uv": [10, 13.5, 10.5, 14], "texture": "#2"},
				"up": {"uv": [5.5, 13.5, 4.5, 13], "texture": "#2"},
				"down": {"uv": [14, 4.5, 13, 5], "texture": "#2"}
			}
		},
		{
			"from": [6.75, 13.64213, -4.39213],
			"to": [8.75, 14.64213, -3.39213],
			"rotation": {"angle": 45, "axis": "x", "origin": [8, 7.25, 8]},
			"faces": {
				"north": {"uv": [13, 5, 14, 5.5], "texture": "#2"},
				"east": {"uv": [13.5, 12.5, 14, 13], "texture": "#2"},
				"south": {"uv": [13, 5.5, 14, 6], "texture": "#2"},
				"west": {"uv": [13, 13.5, 13.5, 14], "texture": "#2"},
				"up": {"uv": [14, 7.5, 13, 7], "texture": "#2"},
				"down": {"uv": [14, 7.5, 13, 8], "texture": "#2"}
			}
		},
		{
			"from": [7.25, 11.64213, -4.39213],
			"to": [8.25, 12.64213, 0.60787],
			"rotation": {"angle": 45, "axis": "x", "origin": [8, 7.25, 8]},
			"faces": {
				"north": {"uv": [13.5, 10, 14, 10.5], "texture": "#2"},
				"east": {"uv": [10.5, 7, 13, 7.5], "texture": "#2"},
				"south": {"uv": [10.5, 13.5, 11, 14], "texture": "#2"},
				"west": {"uv": [11, 0.5, 13.5, 1], "texture": "#2"},
				"up": {"uv": [11.5, 3.5, 11, 1], "texture": "#2"},
				"down": {"uv": [4.5, 11, 4, 13.5], "texture": "#2"}
			}
		},
		{
			"from": [7.25, 12.64213, -5.39213],
			"to": [8.25, 13.64213, -4.39213],
			"rotation": {"angle": 45, "axis": "x", "origin": [8, 7.25, 8]},
			"faces": {
				"north": {"uv": [13.5, 10.5, 14, 11], "texture": "#2"},
				"east": {"uv": [11, 13.5, 11.5, 14], "texture": "#2"},
				"south": {"uv": [13.5, 11, 14, 11.5], "texture": "#2"},
				"west": {"uv": [11.5, 13.5, 12, 14], "texture": "#2"},
				"up": {"uv": [14, 12, 13.5, 11.5], "texture": "#2"},
				"down": {"uv": [12.5, 13.5, 12, 14], "texture": "#2"}
			}
		}
	],
	"gui_light": "front",
	"display": {
		"thirdperson_righthand": {
			"rotation": [-10, 15, 0],
			"translation": [0, 3, -0.25],
			"scale": [0.75, 0.75, 0.75]
		},
		"thirdperson_lefthand": {
			"rotation": [-10, 15, 0],
			"translation": [0, 3, -0.25],
			"scale": [0.75, 0.75, 0.75]
		},
		"firstperson_righthand": {
			"rotation": [-10, 10, 0],
			"translation": [0.75, 3, 0.75],
			"scale": [0.75, 0.75, 0.75]
		},
		"firstperson_lefthand": {
			"rotation": [-10, 10, 0],
			"translation": [0.75, 3, 0.75],
			"scale": [0.75, 0.75, 0.75]
		},
		"ground": {
			"rotation": [45, 1, 0],
			"translation": [0, 7, 0.25],
			"scale": [0.5, 0.5, 0.5]
		},
		"gui": {
			"rotation": [-90, 135, 90],
			"translation": [0.5, 0.5, 0],
			"scale": [0.5, 0.5, 0.5]
		},
		"fixed": {
			"rotation": [-90, -135, -90],
			"translation": [-0.5, 0.5, 0],
			"scale": [0.6, 0.6, 0.6]
		}
	},
	"groups": [
		0,
		1,
		2,
		3,
		4,
		5,
		6,
		7,
		8,
		9,
		10,
		{
			"name": "sentan",
			"origin": [8, 21.18299, 2.69729],
			"color": 0,
			"children": [11, 12, 13, 14, 15, 16, 17, 18, 19, 20, 21, 22, 23, 24, 25, 26, 27]
		}
	]
}