{
	"credit": "Made with Blockbench",
	"parent": "minecraft:item/handheld",
	"textures": {
		"layer0": "item/fairy_ring"
	},
	"display": {
		"thirdperson_righthand": {
			"rotation": [-112.5, -82.75, -165.75],
			"translation": [0, 0, 2],
			"scale": [0.5, 0.5, 0.5]
		},
		"thirdperson_lefthand": {
			"rotation": [-112.5, 82.75, -165.75],
			"translation": [0, 0, 2],
			"scale": [0.5, 0.5, 0.5]
		},
		"firstperson_righthand": {
			"rotation": [0, -90, -57],
			"translation": [2.5, 1.75, -3.75],
			"scale": [0.5, 0.5, 0.5]
		},
		"firstperson_lefthand": {
			"rotation": [0, 90, 57],
			"translation": [2.5, 1.75, -3.75],
			"scale": [0.5, 0.5, 0.5]
		},
		"gui": {
			"rotation": [0, 180, -77]
		}
	}
}