{"textures":{"0":"modelengine:entity/em_ed_hopper_cultist_texture"},"elements":[{"from":[6.857143,1.1428566,6.857143],"to":[9.142858,8.0,9.142858],"rotation":{"angle":0.0,"axis":"y","origin":[8.0,8.0,8.0]},"faces":{"east":{"uv":[8.0,6.0,9.0,9.0],"rotation":0,"texture":"#0","tintindex":0},"south":{"uv":[7.0,8.0,8.0,11.0],"rotation":0,"texture":"#0","tintindex":0},"north":{"uv":[6.0,8.0,7.0,11.0],"rotation":0,"texture":"#0","tintindex":0},"west":{"uv":[0.0,9.0,1.0,12.0],"rotation":0,"texture":"#0","tintindex":0},"up":{"uv":[13.0,12.0,12.0,11.0],"rotation":0,"texture":"#0","tintindex":0},"down":{"uv":[13.0,12.0,12.0,13.0],"rotation":0,"texture":"#0","tintindex":0}}}],"display":{"head":{"translation":[0.0,-6.4,0.0],"scale":[4.0,4.0,4.0]}}}