{"textures":{"0":"modelengine:entity/em_ed_hopper_cultist_texture"},"elements":[{"from":[6.9142857,5.243497,7.1329618],"to":[9.085714,8.557783,9.304391],"rotation":{"angle":-22.5,"axis":"x","origin":[8.0,6.3292117,8.218677]},"faces":{"east":{"uv":[9.0,10.0,10.0,11.5],"rotation":0,"texture":"#0","tintindex":0},"south":{"uv":[10.0,9.0,11.0,10.5],"rotation":0,"texture":"#0","tintindex":0},"north":{"uv":[3.0,10.0,4.0,11.5],"rotation":0,"texture":"#0","tintindex":0},"west":{"uv":[10.0,10.5,11.0,12.0],"rotation":0,"texture":"#0","tintindex":0},"up":{"uv":[12.25,9.0,11.25,8.0],"rotation":0,"texture":"#0","tintindex":0},"down":{"uv":[4.0,11.5,3.0,12.5],"rotation":0,"texture":"#0","tintindex":0}}}],"display":{"head":{"translation":[0.0,-6.4,0.0],"scale":[4.0,4.0,4.0]}}}