{"textures":{"0":"modelengine:entity/em_ed_hopper_cultist_texture"},"elements":[{"from":[6.857143,3.2322493,6.660102],"to":[9.142858,7.803678,8.945816],"rotation":{"angle":22.5,"axis":"x","origin":[8.0,7.9935946,7.8235393]},"faces":{"east":{"uv":[9.0,2.0,10.0,4.0],"rotation":0,"texture":"#0","tintindex":0},"south":{"uv":[9.0,4.0,10.0,6.0],"rotation":0,"texture":"#0","tintindex":0},"north":{"uv":[1.0,9.0,2.0,11.0],"rotation":0,"texture":"#0","tintindex":0},"west":{"uv":[9.0,6.0,10.0,8.0],"rotation":0,"texture":"#0","tintindex":0},"up":{"uv":[12.25,7.0,11.25,6.0],"rotation":0,"texture":"#0","tintindex":0},"down":{"uv":[12.25,7.0,11.25,8.0],"rotation":0,"texture":"#0","tintindex":0}}},{"from":[6.5714283,3.7377086,5.5378246],"to":[6.857143,4.5948515,6.1092534],"rotation":{"angle":22.5,"axis":"x","origin":[6.5714283,3.4519944,5.5378246]},"faces":{"east":{"uv":[8.25,9.5,8.5,9.875],"rotation":0,"texture":"#0","tintindex":0},"south":{"uv":[8.25,9.5,8.375,9.875],"rotation":0,"texture":"#0","tintindex":0},"north":{"uv":[8.25,9.5,8.375,9.875],"rotation":0,"texture":"#0","tintindex":0},"west":{"uv":[8.25,9.5,8.5,9.875],"rotation":0,"texture":"#0","tintindex":0},"up":{"uv":[8.25,9.5,8.375,9.75],"rotation":0,"texture":"#0","tintindex":0},"down":{"uv":[8.25,9.5,8.375,9.75],"rotation":0,"texture":"#0","tintindex":0}}},{"from":[6.0,3.7377086,5.5378246],"to":[6.5714283,5.509137,6.1092534],"rotation":{"angle":22.5,"axis":"x","origin":[6.0,3.4519944,5.5378246]},"faces":{"east":{"uv":[8.25,9.5,8.5,10.275],"rotation":0,"texture":"#0","tintindex":0},"south":{"uv":[8.25,9.5,8.5,10.275],"rotation":0,"texture":"#0","tintindex":0},"north":{"uv":[8.25,9.5,8.5,10.275],"rotation":0,"texture":"#0","tintindex":0},"west":{"uv":[8.25,9.5,8.5,10.275],"rotation":0,"texture":"#0","tintindex":0},"up":{"uv":[8.25,9.5,8.5,9.75],"rotation":0,"texture":"#0","tintindex":0},"down":{"uv":[8.25,9.5,8.5,9.75],"rotation":0,"texture":"#0","tintindex":0}}},{"from":[5.6571426,5.16628,6.1092534],"to":[6.5714283,7.3948517,7.2521105],"rotation":{"angle":22.5,"axis":"x","origin":[6.0,5.16628,6.680682]},"faces":{"east":{"uv":[8.25,9.5,8.75,10.475],"rotation":0,"texture":"#0","tintindex":0},"south":{"uv":[8.25,9.5,8.65,10.475],"rotation":0,"texture":"#0","tintindex":0},"north":{"uv":[8.25,9.5,8.65,10.475],"rotation":0,"texture":"#0","tintindex":0},"west":{"uv":[8.25,9.5,8.75,10.475],"rotation":0,"texture":"#0","tintindex":0},"up":{"uv":[8.25,9.5,8.65,10.0],"rotation":0,"texture":"#0","tintindex":0},"down":{"uv":[8.25,9.5,8.65,10.0],"rotation":0,"texture":"#0","tintindex":0}}},{"from":[6.5714283,6.5948515,6.680682],"to":[6.857143,7.4519944,7.2521105],"rotation":{"angle":22.5,"axis":"x","origin":[6.5714283,6.3091373,6.680682]},"faces":{"east":{"uv":[8.25,9.5,8.5,9.875],"rotation":0,"texture":"#0","tintindex":0},"south":{"uv":[8.25,9.5,8.375,9.875],"rotation":0,"texture":"#0","tintindex":0},"north":{"uv":[8.25,9.5,8.375,9.875],"rotation":0,"texture":"#0","tintindex":0},"west":{"uv":[8.25,9.5,8.5,9.875],"rotation":0,"texture":"#0","tintindex":0},"up":{"uv":[8.25,9.5,8.375,9.75],"rotation":0,"texture":"#0","tintindex":0},"down":{"uv":[8.25,9.5,8.375,9.75],"rotation":0,"texture":"#0","tintindex":0}}}],"display":{"head":{"translation":[0.0,-6.4,0.0],"scale":[4.0,4.0,4.0]}}}