{"textures":{"0":"modelengine:entity/em_ed_hopper_cultist_texture"},"elements":[{"from":[6.857143,3.2451057,7.773839],"to":[9.142858,7.816534,10.059553],"rotation":{"angle":22.5,"axis":"x","origin":[8.0,7.9268236,8.91952]},"faces":{"east":{"uv":[9.0,8.0,10.0,10.0],"rotation":0,"texture":"#0","tintindex":0},"south":{"uv":[2.0,10.0,3.0,12.0],"rotation":0,"texture":"#0","tintindex":0},"north":{"uv":[8.0,9.0,9.0,11.0],"rotation":0,"texture":"#0","tintindex":0},"west":{"uv":[10.0,2.0,11.0,4.0],"rotation":0,"texture":"#0","tintindex":0},"up":{"uv":[13.0,10.0,12.0,9.0],"rotation":0,"texture":"#0","tintindex":0},"down":{"uv":[11.0,12.0,10.0,13.0],"rotation":0,"texture":"#0","tintindex":0}}},{"from":[9.428572,5.0995326,7.2052345],"to":[10.342857,7.328104,8.348092],"rotation":{"angle":22.5,"axis":"x","origin":[10.0,5.0995326,7.7766633]},"faces":{"east":{"uv":[8.25,9.5,8.75,10.475],"rotation":0,"texture":"#0","tintindex":0},"south":{"uv":[8.25,9.5,8.65,10.475],"rotation":0,"texture":"#0","tintindex":0},"north":{"uv":[8.25,9.5,8.65,10.475],"rotation":0,"texture":"#0","tintindex":0},"west":{"uv":[8.25,9.5,8.75,10.475],"rotation":0,"texture":"#0","tintindex":0},"up":{"uv":[8.25,9.5,8.65,10.0],"rotation":0,"texture":"#0","tintindex":0},"down":{"uv":[8.25,9.5,8.65,10.0],"rotation":0,"texture":"#0","tintindex":0}}},{"from":[9.428572,3.6709614,6.633806],"to":[10.0,5.4423895,7.2052345],"rotation":{"angle":22.5,"axis":"x","origin":[9.428572,3.3852468,6.633806]},"faces":{"east":{"uv":[8.25,9.5,8.5,10.275],"rotation":0,"texture":"#0","tintindex":0},"south":{"uv":[8.25,9.5,8.5,10.275],"rotation":0,"texture":"#0","tintindex":0},"north":{"uv":[8.25,9.5,8.5,10.275],"rotation":0,"texture":"#0","tintindex":0},"west":{"uv":[8.25,9.5,8.5,10.275],"rotation":0,"texture":"#0","tintindex":0},"up":{"uv":[8.25,9.5,8.5,9.75],"rotation":0,"texture":"#0","tintindex":0},"down":{"uv":[8.25,9.5,8.5,9.75],"rotation":0,"texture":"#0","tintindex":0}}},{"from":[9.142858,3.6709614,6.633806],"to":[9.428572,4.528104,7.2052345],"rotation":{"angle":22.5,"axis":"x","origin":[9.142858,3.3852468,6.633806]},"faces":{"east":{"uv":[8.25,9.5,8.5,9.875],"rotation":0,"texture":"#0","tintindex":0},"south":{"uv":[8.25,9.5,8.375,9.875],"rotation":0,"texture":"#0","tintindex":0},"north":{"uv":[8.25,9.5,8.375,9.875],"rotation":0,"texture":"#0","tintindex":0},"west":{"uv":[8.25,9.5,8.5,9.875],"rotation":0,"texture":"#0","tintindex":0},"up":{"uv":[8.25,9.5,8.375,9.75],"rotation":0,"texture":"#0","tintindex":0},"down":{"uv":[8.25,9.5,8.375,9.75],"rotation":0,"texture":"#0","tintindex":0}}},{"from":[9.142858,6.5281043,7.7766633],"to":[9.428572,7.385247,8.348092],"rotation":{"angle":22.5,"axis":"x","origin":[9.142858,6.2423897,7.7766633]},"faces":{"east":{"uv":[8.25,9.5,8.5,9.875],"rotation":0,"texture":"#0","tintindex":0},"south":{"uv":[8.25,9.5,8.375,9.875],"rotation":0,"texture":"#0","tintindex":0},"north":{"uv":[8.25,9.5,8.375,9.875],"rotation":0,"texture":"#0","tintindex":0},"west":{"uv":[8.25,9.5,8.5,9.875],"rotation":0,"texture":"#0","tintindex":0},"up":{"uv":[8.25,9.5,8.375,9.75],"rotation":0,"texture":"#0","tintindex":0},"down":{"uv":[8.25,9.5,8.375,9.75],"rotation":0,"texture":"#0","tintindex":0}}}],"display":{"head":{"translation":[0.0,-6.4,0.0],"scale":[4.0,4.0,4.0]}}}