{
	"credit": "Made with Blockbench",
	"texture_size": [64, 64],
	"textures": {
		"0": "item/custom_item/ammo/heavy",
		"particle": "item/custom_item/ammo/heavy"
	},
	"elements": [
		{
			"from": [4, 4, 4],
			"to": [12, 12, 12],
			"rotation": {"angle": 0, "axis": "y", "origin": [0, 4, 0]},
			"faces": {
				"north": {"uv": [0, 0, 2, 2], "texture": "#0"},
				"east": {"uv": [0, 2, 2, 4], "texture": "#0"},
				"south": {"uv": [2, 0, 4, 2], "texture": "#0"},
				"west": {"uv": [2, 2, 4, 4], "texture": "#0"},
				"up": {"uv": [2, 6, 0, 4], "texture": "#0"},
				"down": {"uv": [6, 0, 4, 2], "texture": "#0"}
			}
		},
		{
			"from": [7, 7, 3],
			"to": [9, 10, 4],
			"faces": {
				"north": {"uv": [6, 3.75, 6.5, 4.5], "texture": "#0"},
				"east": {"uv": [3, 7.75, 3.25, 8.5], "texture": "#0"},
				"south": {"uv": [6, 4.5, 6.5, 5.25], "texture": "#0"},
				"west": {"uv": [3.25, 7.75, 3.5, 8.5], "texture": "#0"},
				"up": {"uv": [4, 8, 3.5, 7.75], "texture": "#0"},
				"down": {"uv": [8.25, 3.75, 7.75, 4], "texture": "#0"}
			}
		},
		{
			"from": [4, 4, 3.5],
			"to": [12, 5, 4],
			"faces": {
				"north": {"uv": [2, 4, 4, 4.25], "texture": "#0"},
				"east": {"uv": [4, 7.75, 4.25, 8], "texture": "#0"},
				"south": {"uv": [4, 2, 6, 2.25], "texture": "#0"},
				"west": {"uv": [7.75, 4, 8, 4.25], "texture": "#0"},
				"up": {"uv": [6, 2.5, 4, 2.25], "texture": "#0"},
				"down": {"uv": [6, 2.5, 4, 2.75], "texture": "#0"}
			}
		},
		{
			"from": [4, 11, 3.5],
			"to": [12, 12, 4],
			"faces": {
				"north": {"uv": [4, 2.75, 6, 3], "texture": "#0"},
				"east": {"uv": [4.25, 7.75, 4.5, 8], "texture": "#0"},
				"south": {"uv": [4, 3, 6, 3.25], "texture": "#0"},
				"west": {"uv": [7.75, 4.25, 8, 4.5], "texture": "#0"},
				"up": {"uv": [6, 3.5, 4, 3.25], "texture": "#0"},
				"down": {"uv": [6, 3.5, 4, 3.75], "texture": "#0"}
			}
		},
		{
			"from": [11, 5, 3.5],
			"to": [12, 11, 4],
			"rotation": {"angle": 0, "axis": "y", "origin": [16, 0, 16]},
			"faces": {
				"north": {"uv": [5.75, 6, 6, 7.5], "texture": "#0"},
				"east": {"uv": [6, 6, 6.25, 7.5], "texture": "#0"},
				"south": {"uv": [6.25, 0, 6.5, 1.5], "texture": "#0"},
				"west": {"uv": [3.5, 6.25, 3.75, 7.75], "texture": "#0"},
				"up": {"uv": [4.75, 8, 4.5, 7.75], "texture": "#0"},
				"down": {"uv": [8, 4.5, 7.75, 4.75], "texture": "#0"}
			}
		},
		{
			"from": [4, 5, 3.5],
			"to": [5, 11, 4],
			"rotation": {"angle": 0, "axis": "y", "origin": [16, 0, 16]},
			"faces": {
				"north": {"uv": [3.75, 6.25, 4, 7.75], "texture": "#0"},
				"east": {"uv": [4, 6.25, 4.25, 7.75], "texture": "#0"},
				"south": {"uv": [4.25, 6.25, 4.5, 7.75], "texture": "#0"},
				"west": {"uv": [4.5, 6.25, 4.75, 7.75], "texture": "#0"},
				"up": {"uv": [5, 8, 4.75, 7.75], "texture": "#0"},
				"down": {"uv": [8, 4.75, 7.75, 5], "texture": "#0"}
			}
		},
		{
			"from": [5, 8, 3.5],
			"to": [11, 9, 4],
			"faces": {
				"north": {"uv": [6.25, 1.5, 7.75, 1.75], "texture": "#0"},
				"east": {"uv": [5, 7.75, 5.25, 8], "texture": "#0"},
				"south": {"uv": [6.25, 1.75, 7.75, 2], "texture": "#0"},
				"west": {"uv": [7.75, 5, 8, 5.25], "texture": "#0"},
				"up": {"uv": [7.75, 6.25, 6.25, 6], "texture": "#0"},
				"down": {"uv": [7.75, 6.25, 6.25, 6.5], "texture": "#0"}
			}
		},
		{
			"from": [11, 5, 12],
			"to": [12, 11, 12.5],
			"rotation": {"angle": 0, "axis": "y", "origin": [16, 0, 16]},
			"faces": {
				"north": {"uv": [4.75, 6.25, 5, 7.75], "texture": "#0"},
				"east": {"uv": [5, 6.25, 5.25, 7.75], "texture": "#0"},
				"south": {"uv": [5.25, 6.25, 5.5, 7.75], "texture": "#0"},
				"west": {"uv": [6.5, 0, 6.75, 1.5], "texture": "#0"},
				"up": {"uv": [5.5, 8, 5.25, 7.75], "texture": "#0"},
				"down": {"uv": [8, 6, 7.75, 6.25], "texture": "#0"}
			}
		},
		{
			"from": [4, 4, 12],
			"to": [12, 5, 12.5],
			"faces": {
				"north": {"uv": [4, 3.75, 6, 4], "texture": "#0"},
				"east": {"uv": [7.75, 6.25, 8, 6.5], "texture": "#0"},
				"south": {"uv": [4, 4, 6, 4.25], "texture": "#0"},
				"west": {"uv": [7.5, 7.75, 7.75, 8], "texture": "#0"},
				"up": {"uv": [4, 4.5, 2, 4.25], "texture": "#0"},
				"down": {"uv": [6, 4.25, 4, 4.5], "texture": "#0"}
			}
		},
		{
			"from": [4, 5, 12],
			"to": [5, 11, 12.5],
			"rotation": {"angle": 0, "axis": "y", "origin": [16, 0, 16]},
			"faces": {
				"north": {"uv": [6.5, 3.75, 6.75, 5.25], "texture": "#0"},
				"east": {"uv": [6.25, 6.5, 6.5, 8], "texture": "#0"},
				"south": {"uv": [6.5, 6.5, 6.75, 8], "texture": "#0"},
				"west": {"uv": [6.75, 0, 7, 1.5], "texture": "#0"},
				"up": {"uv": [8, 8, 7.75, 7.75], "texture": "#0"},
				"down": {"uv": [0.25, 8, 0, 8.25], "texture": "#0"}
			}
		},
		{
			"from": [4, 11, 12],
			"to": [12, 12, 12.5],
			"faces": {
				"north": {"uv": [2, 4.5, 4, 4.75], "texture": "#0"},
				"east": {"uv": [0.25, 8, 0.5, 8.25], "texture": "#0"},
				"south": {"uv": [4, 4.5, 6, 4.75], "texture": "#0"},
				"west": {"uv": [0.5, 8, 0.75, 8.25], "texture": "#0"},
				"up": {"uv": [4, 5, 2, 4.75], "texture": "#0"},
				"down": {"uv": [6, 4.75, 4, 5], "texture": "#0"}
			}
		},
		{
			"from": [12, 5, 11],
			"to": [12.5, 11, 12],
			"rotation": {"angle": 0, "axis": "y", "origin": [16, 0, 16]},
			"faces": {
				"north": {"uv": [6.75, 3.75, 7, 5.25], "texture": "#0"},
				"east": {"uv": [6.75, 6.5, 7, 8], "texture": "#0"},
				"south": {"uv": [7, 0, 7.25, 1.5], "texture": "#0"},
				"west": {"uv": [7, 3.75, 7.25, 5.25], "texture": "#0"},
				"up": {"uv": [1, 8.25, 0.75, 8], "texture": "#0"},
				"down": {"uv": [1.25, 8, 1, 8.25], "texture": "#0"}
			}
		},
		{
			"from": [12, 11, 4],
			"to": [12.5, 12, 12],
			"rotation": {"angle": 0, "axis": "y", "origin": [32, 0, 0]},
			"faces": {
				"north": {"uv": [1.25, 8, 1.5, 8.25], "texture": "#0"},
				"east": {"uv": [2, 5, 4, 5.25], "texture": "#0"},
				"south": {"uv": [1.5, 8, 1.75, 8.25], "texture": "#0"},
				"west": {"uv": [4, 5, 6, 5.25], "texture": "#0"},
				"up": {"uv": [2.25, 7.25, 2, 5.25], "texture": "#0"},
				"down": {"uv": [2.5, 5.25, 2.25, 7.25], "texture": "#0"}
			}
		},
		{
			"from": [12, 5, 4],
			"to": [12.5, 11, 5],
			"rotation": {"angle": 0, "axis": "y", "origin": [16, 0, 16]},
			"faces": {
				"north": {"uv": [7, 6.5, 7.25, 8], "texture": "#0"},
				"east": {"uv": [7.25, 0, 7.5, 1.5], "texture": "#0"},
				"south": {"uv": [2, 7.25, 2.25, 8.75], "texture": "#0"},
				"west": {"uv": [2.25, 7.25, 2.5, 8.75], "texture": "#0"},
				"up": {"uv": [2, 8.25, 1.75, 8], "texture": "#0"},
				"down": {"uv": [8.25, 2, 8, 2.25], "texture": "#0"}
			}
		},
		{
			"from": [12, 4, 4],
			"to": [12.5, 5, 12],
			"rotation": {"angle": 0, "axis": "y", "origin": [32, 0, 0]},
			"faces": {
				"north": {"uv": [8, 2.25, 8.25, 2.5], "texture": "#0"},
				"east": {"uv": [2.5, 5.25, 4.5, 5.5], "texture": "#0"},
				"south": {"uv": [8, 2.5, 8.25, 2.75], "texture": "#0"},
				"west": {"uv": [4.5, 5.25, 6.5, 5.5], "texture": "#0"},
				"up": {"uv": [2.75, 7.5, 2.5, 5.5], "texture": "#0"},
				"down": {"uv": [3, 5.5, 2.75, 7.5], "texture": "#0"}
			}
		},
		{
			"from": [3.5, 5, 11],
			"to": [4, 11, 12],
			"rotation": {"angle": 0, "axis": "y", "origin": [16, 0, 16]},
			"faces": {
				"north": {"uv": [7.25, 3.75, 7.5, 5.25], "texture": "#0"},
				"east": {"uv": [7.25, 6.5, 7.5, 8], "texture": "#0"},
				"south": {"uv": [7.5, 0, 7.75, 1.5], "texture": "#0"},
				"west": {"uv": [2.5, 7.5, 2.75, 9], "texture": "#0"},
				"up": {"uv": [8.25, 3, 8, 2.75], "texture": "#0"},
				"down": {"uv": [8.25, 3, 8, 3.25], "texture": "#0"}
			}
		},
		{
			"from": [3.5, 4, 4],
			"to": [4, 5, 12],
			"rotation": {"angle": 0, "axis": "y", "origin": [32, 0, 0]},
			"faces": {
				"north": {"uv": [8, 3.25, 8.25, 3.5], "texture": "#0"},
				"east": {"uv": [3, 5.5, 5, 5.75], "texture": "#0"},
				"south": {"uv": [3.5, 8, 3.75, 8.25], "texture": "#0"},
				"west": {"uv": [5, 5.5, 7, 5.75], "texture": "#0"},
				"up": {"uv": [3.25, 7.75, 3, 5.75], "texture": "#0"},
				"down": {"uv": [3.5, 5.75, 3.25, 7.75], "texture": "#0"}
			}
		},
		{
			"from": [3.5, 5, 4],
			"to": [4, 11, 5],
			"rotation": {"angle": 0, "axis": "y", "origin": [16, 0, 16]},
			"faces": {
				"north": {"uv": [2.75, 7.5, 3, 9], "texture": "#0"},
				"east": {"uv": [7.5, 3.75, 7.75, 5.25], "texture": "#0"},
				"south": {"uv": [5.75, 7.5, 6, 9], "texture": "#0"},
				"west": {"uv": [6, 7.5, 6.25, 9], "texture": "#0"},
				"up": {"uv": [8.25, 3.75, 8, 3.5], "texture": "#0"},
				"down": {"uv": [4, 8, 3.75, 8.25], "texture": "#0"}
			}
		},
		{
			"from": [3.5, 11, 4],
			"to": [4, 12, 12],
			"rotation": {"angle": 0, "axis": "y", "origin": [32, 0, 0]},
			"faces": {
				"north": {"uv": [4, 8, 4.25, 8.25], "texture": "#0"},
				"east": {"uv": [3.5, 5.75, 5.5, 6], "texture": "#0"},
				"south": {"uv": [8, 4, 8.25, 4.25], "texture": "#0"},
				"west": {"uv": [5.5, 5.75, 7.5, 6], "texture": "#0"},
				"up": {"uv": [0.25, 8, 0, 6], "texture": "#0"},
				"down": {"uv": [6.25, 0, 6, 2], "texture": "#0"}
			}
		},
		{
			"from": [5, 12, 11],
			"to": [11, 12.5, 12],
			"rotation": {"angle": 0, "axis": "y", "origin": [16, 0, 16]},
			"faces": {
				"north": {"uv": [6.5, 5.25, 8, 5.5], "texture": "#0"},
				"east": {"uv": [4.25, 8, 4.5, 8.25], "texture": "#0"},
				"south": {"uv": [7, 5.5, 8.5, 5.75], "texture": "#0"},
				"west": {"uv": [8, 4.25, 8.25, 4.5], "texture": "#0"},
				"up": {"uv": [9, 6, 7.5, 5.75], "texture": "#0"},
				"down": {"uv": [9, 6.5, 7.5, 6.75], "texture": "#0"}
			}
		},
		{
			"from": [4, 12, 4],
			"to": [5, 12.5, 12],
			"rotation": {"angle": 0, "axis": "y", "origin": [16, 16, 0]},
			"faces": {
				"north": {"uv": [4.5, 8, 4.75, 8.25], "texture": "#0"},
				"east": {"uv": [6, 2, 8, 2.25], "texture": "#0"},
				"south": {"uv": [8, 4.5, 8.25, 4.75], "texture": "#0"},
				"west": {"uv": [6, 2.25, 8, 2.5], "texture": "#0"},
				"up": {"uv": [0.5, 8, 0.25, 6], "texture": "#0"},
				"down": {"uv": [0.75, 6, 0.5, 8], "texture": "#0"}
			}
		},
		{
			"from": [5, 12, 4],
			"to": [11, 12.5, 5],
			"rotation": {"angle": 0, "axis": "y", "origin": [16, 0, 16]},
			"faces": {
				"north": {"uv": [7.5, 6.75, 9, 7], "texture": "#0"},
				"east": {"uv": [4.75, 8, 5, 8.25], "texture": "#0"},
				"south": {"uv": [7.5, 7, 9, 7.25], "texture": "#0"},
				"west": {"uv": [8, 4.75, 8.25, 5], "texture": "#0"},
				"up": {"uv": [9, 7.5, 7.5, 7.25], "texture": "#0"},
				"down": {"uv": [9, 7.5, 7.5, 7.75], "texture": "#0"}
			}
		},
		{
			"from": [11, 12, 4],
			"to": [12, 12.5, 12],
			"rotation": {"angle": 0, "axis": "y", "origin": [16, 16, 0]},
			"faces": {
				"north": {"uv": [5, 8, 5.25, 8.25], "texture": "#0"},
				"east": {"uv": [6, 2.5, 8, 2.75], "texture": "#0"},
				"south": {"uv": [8, 5, 8.25, 5.25], "texture": "#0"},
				"west": {"uv": [6, 2.75, 8, 3], "texture": "#0"},
				"up": {"uv": [1, 8, 0.75, 6], "texture": "#0"},
				"down": {"uv": [1.25, 6, 1, 8], "texture": "#0"}
			}
		},
		{
			"from": [5, 3.5, 11],
			"to": [11, 4, 12],
			"rotation": {"angle": 0, "axis": "y", "origin": [16, 0, 16]},
			"faces": {
				"north": {"uv": [7.75, 0, 9.25, 0.25], "texture": "#0"},
				"east": {"uv": [5.25, 8, 5.5, 8.25], "texture": "#0"},
				"south": {"uv": [7.75, 0.25, 9.25, 0.5], "texture": "#0"},
				"west": {"uv": [8, 5.25, 8.25, 5.5], "texture": "#0"},
				"up": {"uv": [9.25, 0.75, 7.75, 0.5], "texture": "#0"},
				"down": {"uv": [9.25, 0.75, 7.75, 1], "texture": "#0"}
			}
		},
		{
			"from": [11, 3.5, 4],
			"to": [12, 4, 12],
			"rotation": {"angle": 0, "axis": "y", "origin": [16, 16, 0]},
			"faces": {
				"north": {"uv": [5.5, 8, 5.75, 8.25], "texture": "#0"},
				"east": {"uv": [6, 3, 8, 3.25], "texture": "#0"},
				"south": {"uv": [8, 6, 8.25, 6.25], "texture": "#0"},
				"west": {"uv": [6, 3.25, 8, 3.5], "texture": "#0"},
				"up": {"uv": [1.5, 8, 1.25, 6], "texture": "#0"},
				"down": {"uv": [1.75, 6, 1.5, 8], "texture": "#0"}
			}
		},
		{
			"from": [5, 3.5, 4],
			"to": [11, 4, 5],
			"rotation": {"angle": 0, "axis": "y", "origin": [16, 0, 16]},
			"faces": {
				"north": {"uv": [7.75, 1, 9.25, 1.25], "texture": "#0"},
				"east": {"uv": [6.25, 8, 6.5, 8.25], "texture": "#0"},
				"south": {"uv": [7.75, 1.25, 9.25, 1.5], "texture": "#0"},
				"west": {"uv": [8, 6.25, 8.25, 6.5], "texture": "#0"},
				"up": {"uv": [9.25, 1.75, 7.75, 1.5], "texture": "#0"},
				"down": {"uv": [9.25, 1.75, 7.75, 2], "texture": "#0"}
			}
		},
		{
			"from": [4, 3.5, 4],
			"to": [5, 4, 12],
			"rotation": {"angle": 0, "axis": "y", "origin": [16, 16, 0]},
			"faces": {
				"north": {"uv": [6.5, 8, 6.75, 8.25], "texture": "#0"},
				"east": {"uv": [3.5, 6, 5.5, 6.25], "texture": "#0"},
				"south": {"uv": [6.75, 8, 7, 8.25], "texture": "#0"},
				"west": {"uv": [6, 3.5, 8, 3.75], "texture": "#0"},
				"up": {"uv": [2, 8, 1.75, 6], "texture": "#0"},
				"down": {"uv": [5.75, 6, 5.5, 8], "texture": "#0"}
			}
		}
	],
	"display": {
		"thirdperson_righthand": {
			"rotation": [75, 45, 0],
			"translation": [0, 2.5, 0],
			"scale": [0.5, 0.5, 0.5]
		},
		"thirdperson_lefthand": {
			"rotation": [75, 45, 0],
			"translation": [0, 2.5, 0],
			"scale": [0.5, 0.5, 0.5]
		},
		"firstperson_righthand": {
			"rotation": [0, 45, 0],
			"scale": [0.6, 0.6, 0.6]
		},
		"firstperson_lefthand": {
			"rotation": [0, 225, 0],
			"scale": [0.6, 0.6, 0.6]
		},
		"ground": {
			"translation": [0, 2, 0],
			"scale": [0.5, 0.5, 0.5]
		},
		"gui": {
			"rotation": [30, 225, 0],
			"scale": [0.8, 0.8, 0.8]
		},
		"fixed": {
			"scale": [0.7, 0.7, 0.7]
		}
	},
	"groups": [0, 1,
		{
			"name": "frame",
			"origin": [16, 16, 0],
			"color": 0,
			"children": [2, 3, 4, 5, 6, 7, 8, 9, 10, 11, 12, 13, 14, 15, 16, 17, 18, 19, 20, 21, 22, 23, 24, 25, 26]
		}
	]
}