{
	"credit": "Model By GCGames Studios",
	"textures": {
		"0": "items/anvil",
		"1": "items/spruce_planks",
		"particle": "items/anvil"
	},
	"elements": [
		{
			"from": [6.75, 2.69033, 0.75061],
			"to": [8.25, 3.95542, 1.43929],
			"rotation": {"angle": 22.5, "axis": "x", "origin": [7.5, 0.57735, 0.3655]},
			"faces": {
				"north": {"uv": [0, 8, 2.171, 10.257], "rotation": 180, "texture": "#1"},
				"east": {"uv": [0, 8, 2.171, 10.257], "rotation": 180, "texture": "#1"},
				"south": {"uv": [0, 8, 2.171, 10.257], "rotation": 180, "texture": "#1"},
				"west": {"uv": [0, 8, 2.171, 10.257], "rotation": 180, "texture": "#1"},
				"up": {"uv": [0, 8, 2.171, 10.257], "rotation": 180, "texture": "#1"},
				"down": {"uv": [0, 8, 2.171, 10.257], "rotation": 180, "texture": "#1"}
			}
		},
		{
			"from": [6.75, 2.13401, 2.22219],
			"to": [8.25, 2.70193, 2.70238],
			"rotation": {"angle": 0, "axis": "x", "origin": [7.5, 0.30477, 1.31511]},
			"faces": {
				"north": {"uv": [0, 8, 2.171, 10.257], "rotation": 270, "texture": "#1"},
				"east": {"uv": [0, 8, 2.171, 10.257], "rotation": 270, "texture": "#1"},
				"south": {"uv": [0, 8, 2.171, 10.257], "rotation": 270, "texture": "#1"},
				"west": {"uv": [0, 8, 2.171, 10.257], "rotation": 270, "texture": "#1"},
				"up": {"uv": [0, 8, 2.171, 10.257], "rotation": 270, "texture": "#1"},
				"down": {"uv": [0, 8, 2.171, 10.257], "rotation": 270, "texture": "#1"}
			}
		},
		{
			"from": [6.75, 2.7536, 1.18424],
			"to": [8.25, 3.83757, 1.99368],
			"rotation": {"angle": 0, "axis": "x", "origin": [7.5, 1.90691, 0.38141]},
			"faces": {
				"north": {"uv": [0, 8, 2.171, 10.257], "texture": "#1"},
				"east": {"uv": [0, 8, 2.171, 10.257], "texture": "#1"},
				"south": {"uv": [0, 8, 2.171, 10.257], "texture": "#1"},
				"west": {"uv": [0, 8, 2.171, 10.257], "texture": "#1"},
				"up": {"uv": [0, 8, 2.171, 10.257], "texture": "#1"},
				"down": {"uv": [0, 8, 2.171, 10.257], "texture": "#1"}
			}
		},
		{
			"from": [6.75, 3.68269, -0.1481],
			"to": [8.25, 8.93269, 2.3519],
			"rotation": {"angle": 22.5, "axis": "x", "origin": [7.5, 0.5, 0.5]},
			"faces": {
				"north": {"uv": [0, 8, 2.171, 10.257], "texture": "#1"},
				"east": {"uv": [0, 8, 2.171, 10.257], "texture": "#1"},
				"south": {"uv": [0, 8, 2.171, 10.257], "texture": "#1"},
				"west": {"uv": [0, 8, 2.171, 10.257], "texture": "#1"},
				"up": {"uv": [0, 8, 2.171, 10.257], "texture": "#1"},
				"down": {"uv": [0, 8, 2.171, 10.257], "texture": "#1"}
			}
		},
		{
			"from": [6.75, 3.68269, 1.1802],
			"to": [8.25, 9.1742, 2.3519],
			"rotation": {"angle": 22.5, "axis": "x", "origin": [7.5, 0.5, 0.5]},
			"faces": {
				"north": {"uv": [0, 8, 2.171, 10.257], "texture": "#1"},
				"east": {"uv": [0, 8, 2.171, 10.257], "texture": "#1"},
				"south": {"uv": [0, 8, 2.171, 10.257], "texture": "#1"},
				"west": {"uv": [0, 8, 2.171, 10.257], "texture": "#1"},
				"up": {"uv": [0, 8, 2.171, 10.257], "texture": "#1"},
				"down": {"uv": [0, 8, 2.171, 10.257], "texture": "#1"}
			}
		},
		{
			"from": [6.75, 6.41909, 2.24831],
			"to": [8.25, 8.89173, 3.42001],
			"rotation": {"angle": 0, "axis": "x", "origin": [7.5, 4.99882, 1.62661]},
			"faces": {
				"north": {"uv": [0, 8, 2.171, 10.257], "texture": "#1"},
				"east": {"uv": [0, 8, 2.171, 10.257], "texture": "#1"},
				"south": {"uv": [0, 8, 2.171, 10.257], "texture": "#1"},
				"west": {"uv": [0, 8, 2.171, 10.257], "texture": "#1"},
				"up": {"uv": [0, 8, 2.171, 10.257], "texture": "#1"},
				"down": {"uv": [0, 8, 2.171, 10.257], "texture": "#1"}
			}
		},
		{
			"from": [6.75, 6.05691, 3.47529],
			"to": [8.25, 8.58992, 4.46586],
			"rotation": {"angle": -22.5, "axis": "x", "origin": [7.5, 4.99882, 1.62661]},
			"faces": {
				"north": {"uv": [0, 8, 2.171, 10.257], "texture": "#1"},
				"east": {"uv": [0, 8, 2.171, 10.257], "texture": "#1"},
				"south": {"uv": [0, 8, 2.171, 10.257], "texture": "#1"},
				"west": {"uv": [0, 8, 2.171, 10.257], "texture": "#1"},
				"up": {"uv": [0, 8, 2.171, 10.257], "texture": "#1"},
				"down": {"uv": [0, 8, 2.171, 10.257], "texture": "#1"}
			}
		},
		{
			"from": [6.75, 7.79409, 2.26199],
			"to": [8.25, 8.96579, 5.51954],
			"rotation": {"angle": 0, "axis": "x", "origin": [7.5, 5.48183, 1.62661]},
			"faces": {
				"north": {"uv": [0, 8, 2.171, 10.257], "rotation": 270, "texture": "#1"},
				"east": {"uv": [0, 8, 2.171, 10.257], "rotation": 270, "texture": "#1"},
				"south": {"uv": [0, 8, 2.171, 10.257], "rotation": 270, "texture": "#1"},
				"west": {"uv": [0, 8, 2.171, 10.257], "rotation": 270, "texture": "#1"},
				"up": {"uv": [0, 8, 2.171, 10.257], "rotation": 270, "texture": "#1"},
				"down": {"uv": [0, 8, 2.171, 10.257], "rotation": 270, "texture": "#1"}
			}
		},
		{
			"from": [6.81887, 7.36983, 2.0916],
			"to": [8.12075, 7.63587, 3.35669],
			"rotation": {"angle": 45, "axis": "x", "origin": [7.5, 4.18372, 4.25303]},
			"faces": {
				"north": {"uv": [0, 8, 2.171, 10.257], "rotation": 270, "texture": "#0"},
				"east": {"uv": [0, 8, 2.171, 10.257], "rotation": 270, "texture": "#0"},
				"south": {"uv": [0, 8, 2.171, 10.257], "rotation": 270, "texture": "#0"},
				"west": {"uv": [0, 8, 2.171, 10.257], "rotation": 270, "texture": "#0"},
				"up": {"uv": [0, 8, 2.171, 10.257], "rotation": 270, "texture": "#0"},
				"down": {"uv": [0, 8, 2.171, 10.257], "rotation": 270, "texture": "#0"}
			}
		},
		{
			"from": [6.81887, 6.51902, 6.1951],
			"to": [8.12075, 7.78411, 6.46113],
			"rotation": {"angle": -22.5, "axis": "x", "origin": [7.46981, 5.4382, 4.31138]},
			"faces": {
				"north": {"uv": [0, 8, 2.171, 10.257], "rotation": 270, "texture": "#0"},
				"east": {"uv": [0, 8, 2.171, 10.257], "rotation": 270, "texture": "#0"},
				"south": {"uv": [0, 8, 2.171, 10.257], "rotation": 270, "texture": "#0"},
				"west": {"uv": [0, 8, 2.171, 10.257], "rotation": 270, "texture": "#0"},
				"up": {"uv": [0, 8, 2.171, 10.257], "rotation": 270, "texture": "#0"},
				"down": {"uv": [0, 8, 2.171, 10.257], "rotation": 270, "texture": "#0"}
			}
		},
		{
			"from": [6.81887, 7.58301, 5.32553],
			"to": [8.12075, 9.21037, 5.59157],
			"rotation": {"angle": 0, "axis": "x", "origin": [7.46981, 5.61934, 4.31138]},
			"faces": {
				"north": {"uv": [0, 8, 2.171, 10.257], "rotation": 270, "texture": "#0"},
				"east": {"uv": [0, 8, 2.171, 10.257], "rotation": 270, "texture": "#0"},
				"south": {"uv": [0, 8, 2.171, 10.257], "rotation": 270, "texture": "#0"},
				"west": {"uv": [0, 8, 2.171, 10.257], "rotation": 270, "texture": "#0"},
				"up": {"uv": [0, 8, 2.171, 10.257], "rotation": 270, "texture": "#0"},
				"down": {"uv": [0, 8, 2.171, 10.257], "rotation": 270, "texture": "#0"}
			}
		},
		{
			"from": [6.81887, 7.12832, 2.0916],
			"to": [8.12075, 7.63587, 3.05481],
			"rotation": {"angle": 45, "axis": "x", "origin": [7.5, 4.18372, 4.25303]},
			"faces": {
				"north": {"uv": [0, 8, 2.171, 10.257], "rotation": 270, "texture": "#0"},
				"east": {"uv": [0, 8, 2.171, 10.257], "rotation": 270, "texture": "#0"},
				"south": {"uv": [0, 8, 2.171, 10.257], "rotation": 270, "texture": "#0"},
				"west": {"uv": [0, 8, 2.171, 10.257], "rotation": 270, "texture": "#0"},
				"up": {"uv": [0, 8, 2.171, 10.257], "rotation": 270, "texture": "#0"},
				"down": {"uv": [0, 8, 2.171, 10.257], "rotation": 270, "texture": "#0"}
			}
		},
		{
			"from": [6.81887, 7.32398, 3.42517],
			"to": [8.12075, 7.59001, 4.69026],
			"rotation": {"angle": 22.5, "axis": "x", "origin": [7.5, 4.18372, 4.25303]},
			"faces": {
				"north": {"uv": [0, 8, 2.171, 10.257], "rotation": 270, "texture": "#0"},
				"east": {"uv": [0, 8, 2.171, 10.257], "rotation": 270, "texture": "#0"},
				"south": {"uv": [0, 8, 2.171, 10.257], "rotation": 270, "texture": "#0"},
				"west": {"uv": [0, 8, 2.171, 10.257], "rotation": 270, "texture": "#0"},
				"up": {"uv": [0, 8, 2.171, 10.257], "rotation": 270, "texture": "#0"},
				"down": {"uv": [0, 8, 2.171, 10.257], "rotation": 270, "texture": "#0"}
			}
		},
		{
			"from": [7, 6.76768, 6.12615],
			"to": [8, 6.91296, 8.05539],
			"rotation": {"angle": 0, "axis": "x", "origin": [7.5, 4.18372, 4.25303]},
			"faces": {
				"north": {"uv": [0, 8, 2.171, 10.257], "rotation": 270, "texture": "#0"},
				"east": {"uv": [0, 8, 2.171, 10.257], "rotation": 270, "texture": "#0"},
				"south": {"uv": [0, 8, 2.171, 10.257], "rotation": 270, "texture": "#0"},
				"west": {"uv": [0, 8, 2.171, 10.257], "rotation": 270, "texture": "#0"},
				"up": {"uv": [0, 8, 2.171, 10.257], "rotation": 270, "texture": "#0"},
				"down": {"uv": [0, 8, 2.171, 10.257], "rotation": 270, "texture": "#0"}
			}
		},
		{
			"from": [7, 7.32398, 3.42517],
			"to": [8, 7.46926, 4.99215],
			"rotation": {"angle": 22.5, "axis": "x", "origin": [7.5, 4.18372, 4.25303]},
			"faces": {
				"north": {"uv": [0, 8, 2.171, 10.257], "rotation": 270, "texture": "#0"},
				"east": {"uv": [0, 8, 2.171, 10.257], "rotation": 270, "texture": "#0"},
				"south": {"uv": [0, 8, 2.171, 10.257], "rotation": 270, "texture": "#0"},
				"west": {"uv": [0, 8, 2.171, 10.257], "rotation": 270, "texture": "#0"},
				"up": {"uv": [0, 8, 2.171, 10.257], "rotation": 270, "texture": "#0"},
				"down": {"uv": [0, 8, 2.171, 10.257], "rotation": 270, "texture": "#0"}
			}
		},
		{
			"from": [7, 7.57018, 5.41956],
			"to": [8, 8.05037, 5.56484],
			"rotation": {"angle": 45, "axis": "x", "origin": [7.5, 4.26459, 5.74836]},
			"faces": {
				"north": {"uv": [0, 8, 2.171, 10.257], "texture": "#0"},
				"east": {"uv": [0, 8, 2.171, 10.257], "texture": "#0"},
				"south": {"uv": [0, 8, 2.171, 10.257], "texture": "#0"},
				"west": {"uv": [0, 8, 2.171, 10.257], "texture": "#0"},
				"up": {"uv": [0, 8, 2.171, 10.257], "texture": "#0"},
				"down": {"uv": [0, 8, 2.171, 10.257], "texture": "#0"}
			}
		},
		{
			"from": [7, 7.69098, 6.87174],
			"to": [8, 8.17117, 7.01702],
			"rotation": {"angle": 22.5, "axis": "x", "origin": [7.5, 4.17554, 6.08195]},
			"faces": {
				"north": {"uv": [0, 8, 2.171, 10.257], "texture": "#0"},
				"east": {"uv": [0, 8, 2.171, 10.257], "texture": "#0"},
				"south": {"uv": [0, 8, 2.171, 10.257], "texture": "#0"},
				"west": {"uv": [0, 8, 2.171, 10.257], "texture": "#0"},
				"up": {"uv": [0, 8, 2.171, 10.257], "texture": "#0"},
				"down": {"uv": [0, 8, 2.171, 10.257], "texture": "#0"}
			}
		},
		{
			"from": [7, 7.49771, 8.30365],
			"to": [8, 8.58167, 8.44894],
			"rotation": {"angle": 0, "axis": "x", "origin": [7.5, 5.14158, 7.10837]},
			"faces": {
				"north": {"uv": [0, 8, 2.171, 10.257], "texture": "#0"},
				"east": {"uv": [0, 8, 2.171, 10.257], "texture": "#0"},
				"south": {"uv": [0, 8, 2.171, 10.257], "texture": "#0"},
				"west": {"uv": [0, 8, 2.171, 10.257], "texture": "#0"},
				"up": {"uv": [0, 8, 2.171, 10.257], "texture": "#0"},
				"down": {"uv": [0, 8, 2.171, 10.257], "texture": "#0"}
			}
		},
		{
			"from": [7, 7.71644, 9.52477],
			"to": [8, 8.19663, 9.67006],
			"rotation": {"angle": -22.5, "axis": "x", "origin": [7.5, 5.14158, 7.10837]},
			"faces": {
				"north": {"uv": [0, 8, 2.171, 10.257], "texture": "#0"},
				"east": {"uv": [0, 8, 2.171, 10.257], "texture": "#0"},
				"south": {"uv": [0, 8, 2.171, 10.257], "texture": "#0"},
				"west": {"uv": [0, 8, 2.171, 10.257], "texture": "#0"},
				"up": {"uv": [0, 8, 2.171, 10.257], "texture": "#0"},
				"down": {"uv": [0, 8, 2.171, 10.257], "texture": "#0"}
			}
		},
		{
			"from": [7.25, 8.65892, 5.17915],
			"to": [7.75, 9.1391, 5.32444],
			"rotation": {"angle": 22.5, "axis": "x", "origin": [7.5, 6.52119, 5.19109]},
			"faces": {
				"north": {"uv": [0, 8, 2.171, 10.257], "texture": "#0"},
				"east": {"uv": [0, 8, 2.171, 10.257], "texture": "#0"},
				"south": {"uv": [0, 8, 2.171, 10.257], "texture": "#0"},
				"west": {"uv": [0, 8, 2.171, 10.257], "texture": "#0"},
				"up": {"uv": [0, 8, 2.171, 10.257], "texture": "#0"},
				"down": {"uv": [0, 8, 2.171, 10.257], "texture": "#0"}
			}
		},
		{
			"from": [7.25, 8.06037, 6.0425],
			"to": [7.75, 8.54056, 6.18778],
			"rotation": {"angle": 0, "axis": "x", "origin": [7.5, 6.52119, 5.19109]},
			"faces": {
				"north": {"uv": [0, 8, 2.171, 10.257], "texture": "#0"},
				"east": {"uv": [0, 8, 2.171, 10.257], "texture": "#0"},
				"south": {"uv": [0, 8, 2.171, 10.257], "texture": "#0"},
				"west": {"uv": [0, 8, 2.171, 10.257], "texture": "#0"},
				"up": {"uv": [0, 8, 2.171, 10.257], "texture": "#0"},
				"down": {"uv": [0, 8, 2.171, 10.257], "texture": "#0"}
			}
		},
		{
			"from": [7.25, 7.17701, 6.55068],
			"to": [7.75, 7.6572, 6.69596],
			"rotation": {"angle": -22.5, "axis": "x", "origin": [7.5, 6.52119, 5.19109]},
			"faces": {
				"north": {"uv": [0, 8, 2.171, 10.257], "texture": "#0"},
				"east": {"uv": [0, 8, 2.171, 10.257], "texture": "#0"},
				"south": {"uv": [0, 8, 2.171, 10.257], "texture": "#0"},
				"west": {"uv": [0, 8, 2.171, 10.257], "texture": "#0"},
				"up": {"uv": [0, 8, 2.171, 10.257], "texture": "#0"},
				"down": {"uv": [0, 8, 2.171, 10.257], "texture": "#0"}
			}
		},
		{
			"from": [7.25, 7.95621, 4.46765],
			"to": [7.75, 8.10149, 4.94784],
			"rotation": {"angle": 45, "axis": "x", "origin": [7.5, 5.72341, 4.9639]},
			"faces": {
				"north": {"uv": [0, 8, 2.171, 10.257], "rotation": 270, "texture": "#0"},
				"east": {"uv": [0, 8, 2.171, 10.257], "rotation": 270, "texture": "#0"},
				"south": {"uv": [0, 8, 2.171, 10.257], "rotation": 270, "texture": "#0"},
				"west": {"uv": [0, 8, 2.171, 10.257], "rotation": 270, "texture": "#0"},
				"up": {"uv": [0, 8, 2.171, 10.257], "rotation": 270, "texture": "#0"},
				"down": {"uv": [0, 8, 2.171, 10.257], "rotation": 270, "texture": "#0"}
			}
		},
		{
			"from": [7.25, 7.68383, 5.54159],
			"to": [7.75, 7.82911, 6.02178],
			"rotation": {"angle": 22.5, "axis": "x", "origin": [7.5, 5.36115, 5.20541]},
			"faces": {
				"north": {"uv": [0, 8, 2.171, 10.257], "rotation": 270, "texture": "#0"},
				"east": {"uv": [0, 8, 2.171, 10.257], "rotation": 270, "texture": "#0"},
				"south": {"uv": [0, 8, 2.171, 10.257], "rotation": 270, "texture": "#0"},
				"west": {"uv": [0, 8, 2.171, 10.257], "rotation": 270, "texture": "#0"},
				"up": {"uv": [0, 8, 2.171, 10.257], "rotation": 270, "texture": "#0"},
				"down": {"uv": [0, 8, 2.171, 10.257], "rotation": 270, "texture": "#0"}
			}
		},
		{
			"from": [6.75, 0.92772, 3.41279],
			"to": [8.25, 1.97866, 4.49675],
			"rotation": {"angle": -45, "axis": "x", "origin": [7.5, 0.69936, 1.64933]},
			"faces": {
				"north": {"uv": [0, 8, 2.171, 10.257], "rotation": 270, "texture": "#1"},
				"east": {"uv": [0, 8, 2.171, 10.257], "rotation": 270, "texture": "#1"},
				"south": {"uv": [0, 8, 2.171, 10.257], "rotation": 270, "texture": "#1"},
				"west": {"uv": [0, 8, 2.171, 10.257], "rotation": 270, "texture": "#1"},
				"up": {"uv": [0, 8, 2.171, 10.257], "rotation": 270, "texture": "#1"},
				"down": {"uv": [0, 8, 2.171, 10.257], "rotation": 270, "texture": "#1"}
			}
		},
		{
			"from": [6.75, 1.56812, 2.98711],
			"to": [8.25, 2.13604, 3.4673],
			"rotation": {"angle": -45, "axis": "x", "origin": [7.5, 0.30477, 1.31511]},
			"faces": {
				"north": {"uv": [0, 8, 2.171, 10.257], "rotation": 270, "texture": "#1"},
				"east": {"uv": [0, 8, 2.171, 10.257], "rotation": 270, "texture": "#1"},
				"south": {"uv": [0, 8, 2.171, 10.257], "rotation": 270, "texture": "#1"},
				"west": {"uv": [0, 8, 2.171, 10.257], "rotation": 270, "texture": "#1"},
				"up": {"uv": [0, 8, 2.171, 10.257], "rotation": 270, "texture": "#1"},
				"down": {"uv": [0, 8, 2.171, 10.257], "rotation": 270, "texture": "#1"}
			}
		},
		{
			"from": [6.68962, 8.92358, 2.25944],
			"to": [8.30189, 10.16509, 6.45944],
			"faces": {
				"north": {"uv": [0, 0, 4.2, 1.24151], "texture": "#0"},
				"east": {"uv": [0, 0, 4.2, 1.24151], "texture": "#0"},
				"south": {"uv": [0, 0, 4.2, 1.24151], "texture": "#0"},
				"west": {"uv": [0, 0, 4.2, 1.24151], "texture": "#0"},
				"up": {"uv": [0, 0, 4.2, 1.24151], "texture": "#0"},
				"down": {"uv": [0, 0, 4.2, 1.24151], "texture": "#0"}
			}
		},
		{
			"from": [6.81038, 9.26114, -0.01774],
			"to": [8.18113, 10.44227, 1.46528],
			"rotation": {"angle": 22.5, "axis": "x", "origin": [7.49575, 7.38754, 0.7463]},
			"faces": {
				"north": {"uv": [0, 0, 1.48302, 1.18113], "texture": "#0"},
				"east": {"uv": [0, 0, 1.48302, 1.18113], "texture": "#0"},
				"south": {"uv": [0, 0, 1.48302, 1.18113], "texture": "#0"},
				"west": {"uv": [0, 0, 1.48302, 1.18113], "texture": "#0"},
				"up": {"uv": [0, 0, 1.48302, 1.18113], "texture": "#0"},
				"down": {"uv": [0, 0, 1.48302, 1.18113], "texture": "#0"}
			}
		},
		{
			"from": [6.81038, 9.42338, 0.00479],
			"to": [8.18113, 10.84602, 0.94442],
			"rotation": {"angle": 0, "axis": "x", "origin": [7.49575, 7.38754, 0.7463]},
			"faces": {
				"north": {"uv": [0, 0, 0.93962, 1.42264], "texture": "#0"},
				"east": {"uv": [0, 0, 0.93962, 1.42264], "texture": "#0"},
				"south": {"uv": [0, 0, 0.93962, 1.42264], "texture": "#0"},
				"west": {"uv": [0, 0, 0.93962, 1.42264], "texture": "#0"},
				"up": {"uv": [0, 0, 0.93962, 1.42264], "texture": "#0"},
				"down": {"uv": [0, 0, 0.93962, 1.42264], "texture": "#0"}
			}
		},
		{
			"from": [6.75, 10.71972, -0.15841],
			"to": [8.24151, 10.87444, 1.08309],
			"rotation": {"angle": 22.5, "axis": "x", "origin": [7.49575, 7.25, -0.41038]},
			"faces": {
				"north": {"uv": [0, 0, 1.24151, 0.15472], "texture": "#0"},
				"east": {"uv": [0, 0, 1.24151, 0.15472], "texture": "#0"},
				"south": {"uv": [0, 0, 1.24151, 0.15472], "texture": "#0"},
				"west": {"uv": [0, 0, 1.24151, 0.15472], "texture": "#0"},
				"up": {"uv": [0, 0, 1.24151, 0.15472], "texture": "#0"},
				"down": {"uv": [0, 0, 1.24151, 0.15472], "texture": "#0"}
			}
		},
		{
			"from": [6.75, 9.92385, 1.80281],
			"to": [8.24151, 10.50121, 1.95752],
			"rotation": {"angle": -22.5, "axis": "x", "origin": [7.49575, 8.57446, 0.33675]},
			"faces": {
				"north": {"uv": [0, 0, 0.57736, 0.15472], "rotation": 90, "texture": "#0"},
				"east": {"uv": [0, 0, 0.57736, 0.15472], "rotation": 90, "texture": "#0"},
				"south": {"uv": [0, 0, 0.57736, 0.15472], "rotation": 90, "texture": "#0"},
				"west": {"uv": [0, 0, 0.57736, 0.15472], "rotation": 90, "texture": "#0"},
				"up": {"uv": [0, 0, 0.57736, 0.15472], "rotation": 90, "texture": "#0"},
				"down": {"uv": [0, 0, 0.57736, 0.15472], "rotation": 90, "texture": "#0"}
			}
		},
		{
			"from": [6.75, 10.83343, -0.04435],
			"to": [8.24151, 10.98815, 1.07641],
			"rotation": {"angle": 0, "axis": "x", "origin": [7.49575, 8.37495, 0.24433]},
			"faces": {
				"north": {"uv": [0, 0, 1.12075, 0.15472], "texture": "#0"},
				"east": {"uv": [0, 0, 1.12075, 0.15472], "texture": "#0"},
				"south": {"uv": [0, 0, 1.12075, 0.15472], "texture": "#0"},
				"west": {"uv": [0, 0, 1.12075, 0.15472], "texture": "#0"},
				"up": {"uv": [0, 0, 1.12075, 0.15472], "texture": "#0"},
				"down": {"uv": [0, 0, 1.12075, 0.15472], "texture": "#0"}
			}
		},
		{
			"from": [7.77642, 10.95419, 0.92169],
			"to": [8.24151, 11.16928, 1.01603],
			"rotation": {"angle": 0, "axis": "x", "origin": [7.49575, 8.37495, 0.24433]},
			"faces": {
				"north": {"uv": [0, 0, 0.09434, 0.21509], "texture": "#0"},
				"east": {"uv": [0, 0, 0.09434, 0.21509], "texture": "#0"},
				"south": {"uv": [0, 0, 0.09434, 0.21509], "texture": "#0"},
				"west": {"uv": [0, 0, 0.09434, 0.21509], "texture": "#0"},
				"up": {"uv": [0, 0, 0.09434, 0.21509], "texture": "#0"},
				"down": {"uv": [0, 0, 0.09434, 0.21509], "texture": "#0"}
			}
		},
		{
			"from": [6.75, 10.95419, 0.92169],
			"to": [7.21509, 11.16928, 1.01603],
			"rotation": {"angle": 0, "axis": "x", "origin": [7.49575, 8.37495, 0.24433]},
			"faces": {
				"north": {"uv": [0, 0, 0.09434, 0.21509], "texture": "#0"},
				"east": {"uv": [0, 0, 0.09434, 0.21509], "texture": "#0"},
				"south": {"uv": [0, 0, 0.09434, 0.21509], "texture": "#0"},
				"west": {"uv": [0, 0, 0.09434, 0.21509], "texture": "#0"},
				"up": {"uv": [0, 0, 0.09434, 0.21509], "texture": "#0"},
				"down": {"uv": [0, 0, 0.09434, 0.21509], "texture": "#0"}
			}
		},
		{
			"from": [5.51493, 10.31757, 0.92169],
			"to": [5.79889, 10.53266, 1.01603],
			"rotation": {"angle": -45, "axis": "z", "origin": [7.13349, 8.88815, -0.23869]},
			"faces": {
				"north": {"uv": [0, 0, 0.09434, 0.21509], "texture": "#0"},
				"east": {"uv": [0, 0, 0.09434, 0.21509], "texture": "#0"},
				"south": {"uv": [0, 0, 0.09434, 0.21509], "texture": "#0"},
				"west": {"uv": [0, 0, 0.09434, 0.21509], "texture": "#0"},
				"up": {"uv": [0, 0, 0.09434, 0.21509], "texture": "#0"},
				"down": {"uv": [0, 0, 0.09434, 0.21509], "texture": "#0"}
			}
		},
		{
			"from": [6.14371, 10.19681, 0.92169],
			"to": [6.42767, 10.53266, 1.01603],
			"rotation": {"angle": -45, "axis": "z", "origin": [7.77996, 8.84546, -0.23869]},
			"faces": {
				"north": {"uv": [0, 0, 0.09434, 0.33585], "texture": "#0"},
				"east": {"uv": [0, 0, 0.09434, 0.33585], "texture": "#0"},
				"south": {"uv": [0, 0, 0.09434, 0.33585], "texture": "#0"},
				"west": {"uv": [0, 0, 0.09434, 0.33585], "texture": "#0"},
				"up": {"uv": [0, 0, 0.09434, 0.33585], "texture": "#0"},
				"down": {"uv": [0, 0, 0.09434, 0.33585], "texture": "#0"}
			}
		},
		{
			"from": [6.75, 9.38438, -0.04435],
			"to": [8.24151, 10.98815, 0.11037],
			"rotation": {"angle": 0, "axis": "x", "origin": [7.49575, 8.67683, -0.38963]},
			"faces": {
				"north": {"uv": [0, 0, 1.60377, 0.15472], "rotation": 270, "texture": "#0"},
				"east": {"uv": [0, 0, 1.60377, 0.15472], "rotation": 270, "texture": "#0"},
				"south": {"uv": [0, 0, 1.60377, 0.15472], "rotation": 270, "texture": "#0"},
				"west": {"uv": [0, 0, 1.60377, 0.15472], "rotation": 270, "texture": "#0"},
				"up": {"uv": [0, 0, 1.60377, 0.15472], "rotation": 270, "texture": "#0"},
				"down": {"uv": [0, 0, 1.60377, 0.15472], "rotation": 270, "texture": "#0"}
			}
		},
		{
			"from": [6.75, 9.52735, 2.25944],
			"to": [8.24151, 10.52735, 6.45944],
			"faces": {
				"north": {"uv": [0, 0, 4.2, 1], "texture": "#0"},
				"east": {"uv": [0, 0, 4.2, 1], "texture": "#0"},
				"south": {"uv": [0, 0, 4.2, 1], "texture": "#0"},
				"west": {"uv": [0, 0, 4.2, 1], "texture": "#0"},
				"up": {"uv": [0, 0, 4.2, 1], "texture": "#0"},
				"down": {"uv": [0, 0, 4.2, 1], "texture": "#0"}
			}
		},
		{
			"from": [6.81038, 9.52735, 2.25944],
			"to": [8.18113, 10.70849, 6.45944],
			"faces": {
				"north": {"uv": [0, 0, 4.2, 1.18113], "texture": "#0"},
				"east": {"uv": [0, 0, 4.2, 1.18113], "texture": "#0"},
				"south": {"uv": [0, 0, 4.2, 1.18113], "texture": "#0"},
				"west": {"uv": [0, 0, 4.2, 1.18113], "texture": "#0"},
				"up": {"uv": [0, 0, 4.2, 1.18113], "texture": "#0"},
				"down": {"uv": [0, 0, 4.2, 1.18113], "texture": "#0"}
			}
		},
		{
			"from": [7.43113, 9.64811, 2.86321],
			"to": [7.56038, 10.82924, 6.0368],
			"faces": {
				"north": {"uv": [0, 0, 3.17358, 1.18113], "texture": "#0"},
				"east": {"uv": [0, 0, 3.17358, 1.18113], "texture": "#0"},
				"south": {"uv": [0, 0, 3.17358, 1.18113], "texture": "#0"},
				"west": {"uv": [0, 0, 3.17358, 1.18113], "texture": "#0"},
				"up": {"uv": [0, 0, 3.17358, 1.18113], "texture": "#0"},
				"down": {"uv": [0, 0, 3.17358, 1.18113], "texture": "#0"}
			}
		},
		{
			"from": [7.43113, 9.13645, 6.70505],
			"to": [7.56038, 10.31759, 7.10128],
			"rotation": {"angle": -22.5, "axis": "x", "origin": [7.49575, 7.94434, 5.05377]},
			"faces": {
				"north": {"uv": [0, 0, 0.39623, 1.18113], "texture": "#0"},
				"east": {"uv": [0, 0, 0.39623, 1.18113], "texture": "#0"},
				"south": {"uv": [0, 0, 0.39623, 1.18113], "texture": "#0"},
				"west": {"uv": [0, 0, 0.39623, 1.18113], "texture": "#0"},
				"up": {"uv": [0, 0, 0.39623, 1.18113], "texture": "#0"},
				"down": {"uv": [0, 0, 0.39623, 1.18113], "texture": "#0"}
			}
		},
		{
			"from": [7.43113, 9.70849, 6.00283],
			"to": [7.56038, 10.88962, 6.39906],
			"rotation": {"angle": 0, "axis": "x", "origin": [7.49575, 8.00472, 5.29528]},
			"faces": {
				"north": {"uv": [0, 0, 0.39623, 1.18113], "texture": "#0"},
				"east": {"uv": [0, 0, 0.39623, 1.18113], "texture": "#0"},
				"south": {"uv": [0, 0, 0.39623, 1.18113], "texture": "#0"},
				"west": {"uv": [0, 0, 0.39623, 1.18113], "texture": "#0"},
				"up": {"uv": [0, 0, 0.39623, 1.18113], "texture": "#0"},
				"down": {"uv": [0, 0, 0.39623, 1.18113], "texture": "#0"}
			}
		},
		{
			"from": [7.43113, 9.5915, 4.02984],
			"to": [7.56038, 10.83301, 4.54682],
			"rotation": {"angle": 45, "axis": "x", "origin": [7.49575, 8.00472, 5.29528]},
			"faces": {
				"north": {"uv": [0, 0, 0.51698, 1.24151], "texture": "#0"},
				"east": {"uv": [0, 0, 0.51698, 1.24151], "texture": "#0"},
				"south": {"uv": [0, 0, 0.51698, 1.24151], "texture": "#0"},
				"west": {"uv": [0, 0, 0.51698, 1.24151], "texture": "#0"},
				"up": {"uv": [0, 0, 0.51698, 1.24151], "texture": "#0"},
				"down": {"uv": [0, 0, 0.51698, 1.24151], "texture": "#0"}
			}
		},
		{
			"from": [6.81038, 9.88962, 0.50849],
			"to": [8.18113, 10.88962, 2.89717],
			"faces": {
				"north": {"uv": [0, 0, 2.38868, 1], "texture": "#0"},
				"east": {"uv": [0, 0, 2.38868, 1], "texture": "#0"},
				"south": {"uv": [0, 0, 2.38868, 1], "texture": "#0"},
				"west": {"uv": [0, 0, 2.38868, 1], "texture": "#0"},
				"up": {"uv": [0, 0, 2.38868, 1], "texture": "#0"},
				"down": {"uv": [0, 0, 2.38868, 1], "texture": "#0"}
			}
		},
		{
			"from": [6.75, 10.4597, 1.49948],
			"to": [8.24151, 11.21819, 2.80136],
			"rotation": {"angle": 22.5, "axis": "x", "origin": [7.49575, 7.61226, 1.34057]},
			"faces": {
				"north": {"uv": [0, 0, 1.30189, 0.75849], "texture": "#0"},
				"east": {"uv": [0, 0, 1.30189, 0.75849], "texture": "#0"},
				"south": {"uv": [0, 0, 1.30189, 0.75849], "texture": "#0"},
				"west": {"uv": [0, 0, 1.30189, 0.75849], "texture": "#0"},
				"up": {"uv": [0, 0, 1.30189, 0.75849], "texture": "#0"},
				"down": {"uv": [0, 0, 1.30189, 0.75849], "texture": "#0"}
			}
		},
		{
			"from": [6.62925, 8.92358, 5.2783],
			"to": [8.36226, 10.70849, 8.45189],
			"faces": {
				"north": {"uv": [0, 0, 3.17358, 1.78491], "texture": "#0"},
				"east": {"uv": [0, 0, 3.17358, 1.78491], "texture": "#0"},
				"south": {"uv": [0, 0, 3.17358, 1.78491], "texture": "#0"},
				"west": {"uv": [0, 0, 3.17358, 1.78491], "texture": "#0"},
				"up": {"uv": [0, 0, 3.17358, 1.78491], "texture": "#0"},
				"down": {"uv": [0, 0, 3.17358, 1.78491], "texture": "#0"}
			}
		},
		{
			"from": [6.75, 8.92358, 7.21038],
			"to": [8.24151, 9.68207, 10.26321],
			"faces": {
				"north": {"uv": [0, 0, 3.05283, 0.75849], "texture": "#0"},
				"east": {"uv": [0, 0, 3.05283, 0.75849], "texture": "#0"},
				"south": {"uv": [0, 0, 3.05283, 0.75849], "texture": "#0"},
				"west": {"uv": [0, 0, 3.05283, 0.75849], "texture": "#0"},
				"up": {"uv": [0, 0, 3.05283, 0.75849], "texture": "#0"},
				"down": {"uv": [0, 0, 3.05283, 0.75849], "texture": "#0"}
			}
		},
		{
			"from": [6.68962, 9.70849, 7.21038],
			"to": [8.30189, 10.70849, 10.38397],
			"faces": {
				"north": {"uv": [0, 0, 3.17358, 1], "texture": "#0"},
				"east": {"uv": [0, 0, 3.17358, 1], "texture": "#0"},
				"south": {"uv": [0, 0, 3.17358, 1], "texture": "#0"},
				"west": {"uv": [0, 0, 3.17358, 1], "texture": "#0"},
				"up": {"uv": [0, 0, 3.17358, 1], "texture": "#0"},
				"down": {"uv": [0, 0, 3.17358, 1], "texture": "#0"}
			}
		},
		{
			"from": [6.62925, 9.64811, 7.27076],
			"to": [8.36226, 9.98396, 10.38397],
			"faces": {
				"north": {"uv": [0, 0, 3.11321, 0.33585], "texture": "#0"},
				"east": {"uv": [0, 0, 3.11321, 0.33585], "texture": "#0"},
				"south": {"uv": [0, 0, 3.11321, 0.33585], "texture": "#0"},
				"west": {"uv": [0, 0, 3.11321, 0.33585], "texture": "#0"},
				"up": {"uv": [0, 0, 3.11321, 0.33585], "texture": "#0"},
				"down": {"uv": [0, 0, 3.11321, 0.33585], "texture": "#0"}
			}
		},
		{
			"from": [8.97845, 9.98182, 10.16887],
			"to": [9.22845, 10.13653, 14.91227],
			"rotation": {"angle": 45, "axis": "z", "origin": [7.73726, 8.09528, 10.75943]},
			"faces": {
				"north": {"uv": [0, 0, 4.7434, 0.15472], "rotation": 180, "texture": "#0"},
				"east": {"uv": [0, 0, 4.7434, 0.15472], "rotation": 180, "texture": "#0"},
				"south": {"uv": [0, 0, 4.7434, 0.15472], "rotation": 180, "texture": "#0"},
				"west": {"uv": [0, 0, 4.7434, 0.15472], "rotation": 180, "texture": "#0"},
				"up": {"uv": [0, 0, 4.7434, 0.15472], "rotation": 180, "texture": "#0"},
				"down": {"uv": [0, 0, 4.7434, 0.15472], "rotation": 180, "texture": "#0"}
			}
		},
		{
			"from": [7.17689, 10.14386, 10.16887],
			"to": [7.3316, 10.39386, 14.91227],
			"rotation": {"angle": 0, "axis": "z", "origin": [7.67689, 8.27642, 10.75943]},
			"faces": {
				"north": {"uv": [0, 0, 0.25, 4.7434], "rotation": 90, "texture": "#0"},
				"east": {"uv": [0, 0, 0.25, 4.7434], "rotation": 90, "texture": "#0"},
				"south": {"uv": [0, 0, 0.25, 4.7434], "rotation": 90, "texture": "#0"},
				"west": {"uv": [0, 0, 0.25, 4.7434], "rotation": 90, "texture": "#0"},
				"up": {"uv": [0, 0, 0.25, 4.7434], "rotation": 90, "texture": "#0"},
				"down": {"uv": [0, 0, 0.25, 4.7434], "rotation": 90, "texture": "#0"}
			}
		},
		{
			"from": [6.00457, 9.36946, 10.16887],
			"to": [6.25457, 9.52418, 14.91227],
			"rotation": {"angle": -45, "axis": "z", "origin": [7.49575, 8.33679, 10.75943]},
			"faces": {
				"north": {"uv": [0, 0, 4.7434, 0.15472], "texture": "#0"},
				"east": {"uv": [0, 0, 4.7434, 0.15472], "texture": "#0"},
				"south": {"uv": [0, 0, 4.7434, 0.15472], "texture": "#0"},
				"west": {"uv": [0, 0, 4.7434, 0.15472], "texture": "#0"},
				"up": {"uv": [0, 0, 4.7434, 0.15472], "texture": "#0"},
				"down": {"uv": [0, 0, 4.7434, 0.15472], "texture": "#0"}
			}
		},
		{
			"from": [7.37075, 9.95, 10.16887],
			"to": [7.62075, 10.10471, 14.91227],
			"faces": {
				"north": {"uv": [0, 0, 4.7434, 0.15472], "texture": "#0"},
				"east": {"uv": [0, 0, 4.7434, 0.15472], "texture": "#0"},
				"south": {"uv": [0, 0, 4.7434, 0.15472], "texture": "#0"},
				"west": {"uv": [0, 0, 4.7434, 0.15472], "texture": "#0"},
				"up": {"uv": [0, 0, 4.7434, 0.15472], "texture": "#0"},
				"down": {"uv": [0, 0, 4.7434, 0.15472], "texture": "#0"}
			}
		},
		{
			"from": [8.97845, 9.4695, 10.16887],
			"to": [9.22845, 9.62422, 14.91227],
			"rotation": {"angle": 45, "axis": "z", "origin": [7.73726, 8.09528, 10.75943]},
			"faces": {
				"north": {"uv": [0, 0, 4.7434, 0.15472], "rotation": 180, "texture": "#0"},
				"east": {"uv": [0, 0, 4.7434, 0.15472], "rotation": 180, "texture": "#0"},
				"south": {"uv": [0, 0, 4.7434, 0.15472], "rotation": 180, "texture": "#0"},
				"west": {"uv": [0, 0, 4.7434, 0.15472], "rotation": 180, "texture": "#0"},
				"up": {"uv": [0, 0, 4.7434, 0.15472], "rotation": 180, "texture": "#0"},
				"down": {"uv": [0, 0, 4.7434, 0.15472], "rotation": 180, "texture": "#0"}
			}
		},
		{
			"from": [6.00457, 9.88178, 10.16887],
			"to": [6.25457, 10.0365, 14.91227],
			"rotation": {"angle": -45, "axis": "z", "origin": [7.49575, 8.33679, 10.75943]},
			"faces": {
				"north": {"uv": [0, 0, 4.7434, 0.15472], "texture": "#0"},
				"east": {"uv": [0, 0, 4.7434, 0.15472], "texture": "#0"},
				"south": {"uv": [0, 0, 4.7434, 0.15472], "texture": "#0"},
				"west": {"uv": [0, 0, 4.7434, 0.15472], "texture": "#0"},
				"up": {"uv": [0, 0, 4.7434, 0.15472], "texture": "#0"},
				"down": {"uv": [0, 0, 4.7434, 0.15472], "texture": "#0"}
			}
		},
		{
			"from": [7.65991, 10.14386, 10.16887],
			"to": [7.81462, 10.39386, 14.91227],
			"rotation": {"angle": 0, "axis": "z", "origin": [7.67689, 8.27642, 10.75943]},
			"faces": {
				"north": {"uv": [0, 0, 0.25, 4.7434], "rotation": 90, "texture": "#0"},
				"east": {"uv": [0, 0, 0.25, 4.7434], "rotation": 90, "texture": "#0"},
				"south": {"uv": [0, 0, 0.25, 4.7434], "rotation": 90, "texture": "#0"},
				"west": {"uv": [0, 0, 0.25, 4.7434], "rotation": 90, "texture": "#0"},
				"up": {"uv": [0, 0, 0.25, 4.7434], "rotation": 90, "texture": "#0"},
				"down": {"uv": [0, 0, 0.25, 4.7434], "rotation": 90, "texture": "#0"}
			}
		},
		{
			"from": [7.37075, 10.43301, 10.16887],
			"to": [7.62075, 10.58773, 14.91227],
			"faces": {
				"north": {"uv": [0, 0, 4.7434, 0.15472], "texture": "#0"},
				"east": {"uv": [0, 0, 4.7434, 0.15472], "texture": "#0"},
				"south": {"uv": [0, 0, 4.7434, 0.15472], "texture": "#0"},
				"west": {"uv": [0, 0, 4.7434, 0.15472], "texture": "#0"},
				"up": {"uv": [0, 0, 4.7434, 0.15472], "texture": "#0"},
				"down": {"uv": [0, 0, 4.7434, 0.15472], "texture": "#0"}
			}
		},
		{
			"from": [8.91807, 9.92144, 14.75755],
			"to": [9.28883, 10.19691, 15.93868],
			"rotation": {"angle": 45, "axis": "z", "origin": [7.73726, 8.09528, 10.75943]},
			"faces": {
				"north": {"uv": [0, 0, 1.18113, 0.27547], "rotation": 180, "texture": "#0"},
				"east": {"uv": [0, 0, 1.18113, 0.27547], "rotation": 180, "texture": "#0"},
				"south": {"uv": [0, 0, 1.18113, 0.27547], "rotation": 180, "texture": "#0"},
				"west": {"uv": [0, 0, 1.18113, 0.27547], "rotation": 180, "texture": "#0"},
				"up": {"uv": [0, 0, 1.18113, 0.27547], "rotation": 180, "texture": "#0"},
				"down": {"uv": [0, 0, 1.18113, 0.27547], "rotation": 180, "texture": "#0"}
			}
		},
		{
			"from": [7.11651, 10.08349, 14.75755],
			"to": [7.39198, 10.45424, 15.93868],
			"rotation": {"angle": 0, "axis": "z", "origin": [7.67689, 8.27642, 10.75943]},
			"faces": {
				"north": {"uv": [0, 0, 0.37075, 1.18113], "rotation": 90, "texture": "#0"},
				"east": {"uv": [0, 0, 0.37075, 1.18113], "rotation": 90, "texture": "#0"},
				"south": {"uv": [0, 0, 0.37075, 1.18113], "rotation": 90, "texture": "#0"},
				"west": {"uv": [0, 0, 0.37075, 1.18113], "rotation": 90, "texture": "#0"},
				"up": {"uv": [0, 0, 0.37075, 1.18113], "rotation": 90, "texture": "#0"},
				"down": {"uv": [0, 0, 0.37075, 1.18113], "rotation": 90, "texture": "#0"}
			}
		},
		{
			"from": [5.94419, 9.30908, 14.75755],
			"to": [6.31495, 9.58456, 15.93868],
			"rotation": {"angle": -45, "axis": "z", "origin": [7.49575, 8.33679, 10.75943]},
			"faces": {
				"north": {"uv": [0, 0, 1.18113, 0.27547], "texture": "#0"},
				"east": {"uv": [0, 0, 1.18113, 0.27547], "texture": "#0"},
				"south": {"uv": [0, 0, 1.18113, 0.27547], "texture": "#0"},
				"west": {"uv": [0, 0, 1.18113, 0.27547], "texture": "#0"},
				"up": {"uv": [0, 0, 1.18113, 0.27547], "texture": "#0"},
				"down": {"uv": [0, 0, 1.18113, 0.27547], "texture": "#0"}
			}
		},
		{
			"from": [7.31038, 9.88962, 14.75755],
			"to": [7.68113, 10.16509, 15.93868],
			"faces": {
				"north": {"uv": [0, 0, 1.18113, 0.27547], "texture": "#0"},
				"east": {"uv": [0, 0, 1.18113, 0.27547], "texture": "#0"},
				"south": {"uv": [0, 0, 1.18113, 0.27547], "texture": "#0"},
				"west": {"uv": [0, 0, 1.18113, 0.27547], "texture": "#0"},
				"up": {"uv": [0, 0, 1.18113, 0.27547], "texture": "#0"},
				"down": {"uv": [0, 0, 1.18113, 0.27547], "texture": "#0"}
			}
		},
		{
			"from": [8.91807, 9.40912, 14.75755],
			"to": [9.28883, 9.68459, 15.93868],
			"rotation": {"angle": 45, "axis": "z", "origin": [7.73726, 8.09528, 10.75943]},
			"faces": {
				"north": {"uv": [0, 0, 1.18113, 0.27547], "rotation": 180, "texture": "#0"},
				"east": {"uv": [0, 0, 1.18113, 0.27547], "rotation": 180, "texture": "#0"},
				"south": {"uv": [0, 0, 1.18113, 0.27547], "rotation": 180, "texture": "#0"},
				"west": {"uv": [0, 0, 1.18113, 0.27547], "rotation": 180, "texture": "#0"},
				"up": {"uv": [0, 0, 1.18113, 0.27547], "rotation": 180, "texture": "#0"},
				"down": {"uv": [0, 0, 1.18113, 0.27547], "rotation": 180, "texture": "#0"}
			}
		},
		{
			"from": [5.94419, 9.8214, 14.75755],
			"to": [6.31495, 10.09687, 15.93868],
			"rotation": {"angle": -45, "axis": "z", "origin": [7.49575, 8.33679, 10.75943]},
			"faces": {
				"north": {"uv": [0, 0, 1.18113, 0.27547], "texture": "#0"},
				"east": {"uv": [0, 0, 1.18113, 0.27547], "texture": "#0"},
				"south": {"uv": [0, 0, 1.18113, 0.27547], "texture": "#0"},
				"west": {"uv": [0, 0, 1.18113, 0.27547], "texture": "#0"},
				"up": {"uv": [0, 0, 1.18113, 0.27547], "texture": "#0"},
				"down": {"uv": [0, 0, 1.18113, 0.27547], "texture": "#0"}
			}
		},
		{
			"from": [7.59953, 10.08349, 14.75755],
			"to": [7.875, 10.45424, 15.93868],
			"rotation": {"angle": 0, "axis": "z", "origin": [7.67689, 8.27642, 10.75943]},
			"faces": {
				"north": {"uv": [0, 0, 0.37075, 1.18113], "rotation": 90, "texture": "#0"},
				"east": {"uv": [0, 0, 0.37075, 1.18113], "rotation": 90, "texture": "#0"},
				"south": {"uv": [0, 0, 0.37075, 1.18113], "rotation": 90, "texture": "#0"},
				"west": {"uv": [0, 0, 0.37075, 1.18113], "rotation": 90, "texture": "#0"},
				"up": {"uv": [0, 0, 0.37075, 1.18113], "rotation": 90, "texture": "#0"},
				"down": {"uv": [0, 0, 0.37075, 1.18113], "rotation": 90, "texture": "#0"}
			}
		},
		{
			"from": [7.31038, 10.37264, 14.75755],
			"to": [7.68113, 10.64811, 15.93868],
			"faces": {
				"north": {"uv": [0, 0, 1.18113, 0.27547], "texture": "#0"},
				"east": {"uv": [0, 0, 1.18113, 0.27547], "texture": "#0"},
				"south": {"uv": [0, 0, 1.18113, 0.27547], "texture": "#0"},
				"west": {"uv": [0, 0, 1.18113, 0.27547], "texture": "#0"},
				"up": {"uv": [0, 0, 1.18113, 0.27547], "texture": "#0"},
				"down": {"uv": [0, 0, 1.18113, 0.27547], "texture": "#0"}
			}
		},
		{
			"from": [7.31038, 10.55377, 14.75755],
			"to": [7.68113, 10.82924, 15.93868],
			"faces": {
				"north": {"uv": [0, 0, 1.18113, 0.27547], "texture": "#0"},
				"east": {"uv": [0, 0, 1.18113, 0.27547], "texture": "#0"},
				"south": {"uv": [0, 0, 1.18113, 0.27547], "texture": "#0"},
				"west": {"uv": [0, 0, 1.18113, 0.27547], "texture": "#0"},
				"up": {"uv": [0, 0, 1.18113, 0.27547], "texture": "#0"},
				"down": {"uv": [0, 0, 1.18113, 0.27547], "texture": "#0"}
			}
		},
		{
			"from": [7.37075, 10.87353, 14.13112],
			"to": [7.62075, 11.87353, 14.34622],
			"rotation": {"angle": 22.5, "axis": "x", "origin": [7.49575, 8.72925, 13.89906]},
			"faces": {
				"north": {"uv": [0, 0, 0.21509, 1], "texture": "#0"},
				"east": {"uv": [0, 0, 0.21509, 1], "texture": "#0"},
				"south": {"uv": [0, 0, 0.21509, 1], "texture": "#0"},
				"west": {"uv": [0, 0, 0.21509, 1], "texture": "#0"},
				"up": {"uv": [0, 0, 0.21509, 1], "texture": "#0"},
				"down": {"uv": [0, 0, 0.21509, 1], "texture": "#0"}
			}
		},
		{
			"from": [7.37075, 10.23587, 16.18615],
			"to": [7.62075, 10.81323, 16.40125],
			"rotation": {"angle": -22.5, "axis": "x", "origin": [7.49575, 8.8687, 14.0172]},
			"faces": {
				"north": {"uv": [0, 0, 0.21509, 0.57736], "texture": "#0"},
				"east": {"uv": [0, 0, 0.21509, 0.57736], "texture": "#0"},
				"south": {"uv": [0, 0, 0.21509, 0.57736], "texture": "#0"},
				"west": {"uv": [0, 0, 0.21509, 0.57736], "texture": "#0"},
				"up": {"uv": [0, 0, 0.21509, 0.57736], "texture": "#0"},
				"down": {"uv": [0, 0, 0.21509, 0.57736], "texture": "#0"}
			}
		},
		{
			"from": [7.37075, 10.49799, 15.25845],
			"to": [7.62075, 11.07535, 15.71505],
			"rotation": {"angle": 0, "axis": "x", "origin": [7.49575, 9.09611, 14.2792]},
			"faces": {
				"north": {"uv": [0, 0, 0.4566, 0.57736], "texture": "#0"},
				"east": {"uv": [0, 0, 0.4566, 0.57736], "texture": "#0"},
				"south": {"uv": [0, 0, 0.4566, 0.57736], "texture": "#0"},
				"west": {"uv": [0, 0, 0.4566, 0.57736], "texture": "#0"},
				"up": {"uv": [0, 0, 0.4566, 0.57736], "texture": "#0"},
				"down": {"uv": [0, 0, 0.4566, 0.57736], "texture": "#0"}
			}
		},
		{
			"from": [7.37075, 10.49799, 15.25845],
			"to": [7.62075, 11.1961, 15.47354],
			"rotation": {"angle": 0, "axis": "x", "origin": [7.49575, 9.09611, 14.2792]},
			"faces": {
				"north": {"uv": [0, 0, 0.21509, 0.69811], "texture": "#0"},
				"east": {"uv": [0, 0, 0.21509, 0.69811], "texture": "#0"},
				"south": {"uv": [0, 0, 0.21509, 0.69811], "texture": "#0"},
				"west": {"uv": [0, 0, 0.21509, 0.69811], "texture": "#0"},
				"up": {"uv": [0, 0, 0.21509, 0.69811], "texture": "#0"},
				"down": {"uv": [0, 0, 0.21509, 0.69811], "texture": "#0"}
			}
		},
		{
			"from": [6.43962, 10.2573, 2.15661],
			"to": [7.16321, 10.67711, 3.0868],
			"rotation": {"angle": 0, "axis": "x", "origin": [5.71462, 4.91249, 3.55755]},
			"faces": {
				"north": {"uv": [0, 0, 0.93019, 0.41981], "rotation": 180, "texture": "#0"},
				"east": {"uv": [0, 0, 0.93019, 0.41981], "rotation": 180, "texture": "#0"},
				"south": {"uv": [0, 0, 0.93019, 0.41981], "rotation": 180, "texture": "#0"},
				"west": {"uv": [0, 0, 0.93019, 0.41981], "rotation": 180, "texture": "#0"},
				"up": {"uv": [0, 0, 0.93019, 0.41981], "rotation": 180, "texture": "#0"},
				"down": {"uv": [0, 0, 0.93019, 0.41981], "rotation": 180, "texture": "#0"}
			}
		},
		{
			"from": [6.43962, 7.38135, -1.18668],
			"to": [7.16321, 8.31154, -0.76687],
			"rotation": {"angle": 45, "axis": "x", "origin": [5.83962, 4.85578, 4.11926]},
			"faces": {
				"north": {"uv": [0, 0, 0.93019, 0.41981], "rotation": 270, "texture": "#0"},
				"east": {"uv": [0, 0, 0.93019, 0.41981], "rotation": 270, "texture": "#0"},
				"south": {"uv": [0, 0, 0.93019, 0.41981], "rotation": 270, "texture": "#0"},
				"west": {"uv": [0, 0, 0.93019, 0.41981], "rotation": 270, "texture": "#0"},
				"up": {"uv": [0, 0, 0.93019, 0.41981], "rotation": 270, "texture": "#0"},
				"down": {"uv": [0, 0, 0.93019, 0.41981], "rotation": 270, "texture": "#0"}
			}
		},
		{
			"from": [6.43962, 10.88124, 2.36973],
			"to": [7.16321, 11.02653, 2.78954],
			"rotation": {"angle": 0, "axis": "x", "origin": [5.83962, 4.85578, 4.11926]},
			"faces": {
				"north": {"uv": [0, 0, 0.14528, 0.41981], "rotation": 270, "texture": "#0"},
				"east": {"uv": [0, 0, 0.14528, 0.41981], "rotation": 270, "texture": "#0"},
				"south": {"uv": [0, 0, 0.14528, 0.41981], "rotation": 270, "texture": "#0"},
				"west": {"uv": [0, 0, 0.14528, 0.41981], "rotation": 270, "texture": "#0"},
				"up": {"uv": [0, 0, 0.14528, 0.41981], "rotation": 270, "texture": "#0"},
				"down": {"uv": [0, 0, 0.14528, 0.41981], "rotation": 270, "texture": "#0"}
			}
		},
		{
			"from": [6.43962, 9.45564, 6.83965],
			"to": [7.16321, 10.4462, 7.25946],
			"rotation": {"angle": -45, "axis": "x", "origin": [5.83962, 4.85578, 4.11926]},
			"faces": {
				"north": {"uv": [0, 0, 0.99057, 0.41981], "rotation": 270, "texture": "#0"},
				"east": {"uv": [0, 0, 0.99057, 0.41981], "rotation": 270, "texture": "#0"},
				"south": {"uv": [0, 0, 0.99057, 0.41981], "rotation": 270, "texture": "#0"},
				"west": {"uv": [0, 0, 0.99057, 0.41981], "rotation": 270, "texture": "#0"},
				"up": {"uv": [0, 0, 0.99057, 0.41981], "rotation": 270, "texture": "#0"},
				"down": {"uv": [0, 0, 0.99057, 0.41981], "rotation": 270, "texture": "#0"}
			}
		},
		{
			"from": [6.43962, 10.2573, 2.09623],
			"to": [7.16321, 10.67711, 2.24152],
			"rotation": {"angle": 0, "axis": "x", "origin": [5.71462, 4.91249, 3.55755]},
			"faces": {
				"north": {"uv": [0, 0, 0.14528, 0.41981], "rotation": 180, "texture": "#0"},
				"east": {"uv": [0, 0, 0.14528, 0.41981], "rotation": 180, "texture": "#0"},
				"south": {"uv": [0, 0, 0.14528, 0.41981], "rotation": 180, "texture": "#0"},
				"west": {"uv": [0, 0, 0.14528, 0.41981], "rotation": 180, "texture": "#0"},
				"up": {"uv": [0, 0, 0.14528, 0.41981], "rotation": 180, "texture": "#0"},
				"down": {"uv": [0, 0, 0.14528, 0.41981], "rotation": 180, "texture": "#0"}
			}
		},
		{
			"from": [6.43962, 7.22701, -1.10129],
			"to": [7.16321, 7.37229, -0.68148],
			"rotation": {"angle": 45, "axis": "x", "origin": [5.83962, 4.85578, 4.11926]},
			"faces": {
				"north": {"uv": [0, 0, 0.14528, 0.41981], "rotation": 270, "texture": "#0"},
				"east": {"uv": [0, 0, 0.14528, 0.41981], "rotation": 270, "texture": "#0"},
				"south": {"uv": [0, 0, 0.14528, 0.41981], "rotation": 270, "texture": "#0"},
				"west": {"uv": [0, 0, 0.14528, 0.41981], "rotation": 270, "texture": "#0"},
				"up": {"uv": [0, 0, 0.14528, 0.41981], "rotation": 270, "texture": "#0"},
				"down": {"uv": [0, 0, 0.14528, 0.41981], "rotation": 270, "texture": "#0"}
			}
		},
		{
			"from": [6.43962, 9.91521, 2.43011],
			"to": [7.16321, 10.96615, 2.84992],
			"rotation": {"angle": 0, "axis": "x", "origin": [5.83962, 4.85578, 4.11926]},
			"faces": {
				"north": {"uv": [0, 0, 1.05094, 0.41981], "rotation": 270, "texture": "#0"},
				"east": {"uv": [0, 0, 1.05094, 0.41981], "rotation": 270, "texture": "#0"},
				"south": {"uv": [0, 0, 1.05094, 0.41981], "rotation": 270, "texture": "#0"},
				"west": {"uv": [0, 0, 1.05094, 0.41981], "rotation": 270, "texture": "#0"},
				"up": {"uv": [0, 0, 1.05094, 0.41981], "rotation": 270, "texture": "#0"},
				"down": {"uv": [0, 0, 1.05094, 0.41981], "rotation": 270, "texture": "#0"}
			}
		},
		{
			"from": [6.43962, 9.36167, 6.75426],
			"to": [7.16321, 9.50695, 7.17407],
			"rotation": {"angle": -45, "axis": "x", "origin": [5.83962, 4.85578, 4.11926]},
			"faces": {
				"north": {"uv": [0, 0, 0.14528, 0.41981], "rotation": 270, "texture": "#0"},
				"east": {"uv": [0, 0, 0.14528, 0.41981], "rotation": 270, "texture": "#0"},
				"south": {"uv": [0, 0, 0.14528, 0.41981], "rotation": 270, "texture": "#0"},
				"west": {"uv": [0, 0, 0.14528, 0.41981], "rotation": 270, "texture": "#0"},
				"up": {"uv": [0, 0, 0.14528, 0.41981], "rotation": 270, "texture": "#0"},
				"down": {"uv": [0, 0, 0.14528, 0.41981], "rotation": 270, "texture": "#0"}
			}
		},
		{
			"from": [7.76792, 10.2573, 2.15661],
			"to": [8.55189, 10.67711, 3.0868],
			"rotation": {"angle": 0, "axis": "x", "origin": [5.71462, 4.91249, 3.55755]},
			"faces": {
				"north": {"uv": [0, 0, 0.93019, 0.41981], "rotation": 180, "texture": "#0"},
				"east": {"uv": [0, 0, 0.93019, 0.41981], "rotation": 180, "texture": "#0"},
				"south": {"uv": [0, 0, 0.93019, 0.41981], "rotation": 180, "texture": "#0"},
				"west": {"uv": [0, 0, 0.93019, 0.41981], "rotation": 180, "texture": "#0"},
				"up": {"uv": [0, 0, 0.93019, 0.41981], "rotation": 180, "texture": "#0"},
				"down": {"uv": [0, 0, 0.93019, 0.41981], "rotation": 180, "texture": "#0"}
			}
		},
		{
			"from": [7.76792, 7.38135, -1.18668],
			"to": [8.55189, 8.31154, -0.76687],
			"rotation": {"angle": 45, "axis": "x", "origin": [5.83962, 4.85578, 4.11926]},
			"faces": {
				"north": {"uv": [0, 0, 0.93019, 0.41981], "rotation": 270, "texture": "#0"},
				"east": {"uv": [0, 0, 0.93019, 0.41981], "rotation": 270, "texture": "#0"},
				"south": {"uv": [0, 0, 0.93019, 0.41981], "rotation": 270, "texture": "#0"},
				"west": {"uv": [0, 0, 0.93019, 0.41981], "rotation": 270, "texture": "#0"},
				"up": {"uv": [0, 0, 0.93019, 0.41981], "rotation": 270, "texture": "#0"},
				"down": {"uv": [0, 0, 0.93019, 0.41981], "rotation": 270, "texture": "#0"}
			}
		},
		{
			"from": [7.76792, 10.88124, 2.36973],
			"to": [8.55189, 11.02653, 2.78954],
			"rotation": {"angle": 0, "axis": "x", "origin": [5.83962, 4.85578, 4.11926]},
			"faces": {
				"north": {"uv": [0, 0, 0.14528, 0.41981], "rotation": 270, "texture": "#0"},
				"east": {"uv": [0, 0, 0.14528, 0.41981], "rotation": 270, "texture": "#0"},
				"south": {"uv": [0, 0, 0.14528, 0.41981], "rotation": 270, "texture": "#0"},
				"west": {"uv": [0, 0, 0.14528, 0.41981], "rotation": 270, "texture": "#0"},
				"up": {"uv": [0, 0, 0.14528, 0.41981], "rotation": 270, "texture": "#0"},
				"down": {"uv": [0, 0, 0.14528, 0.41981], "rotation": 270, "texture": "#0"}
			}
		},
		{
			"from": [7.76792, 9.45564, 6.83965],
			"to": [8.55189, 10.4462, 7.25946],
			"rotation": {"angle": -45, "axis": "x", "origin": [5.83962, 4.85578, 4.11926]},
			"faces": {
				"north": {"uv": [0, 0, 0.99057, 0.41981], "rotation": 270, "texture": "#0"},
				"east": {"uv": [0, 0, 0.99057, 0.41981], "rotation": 270, "texture": "#0"},
				"south": {"uv": [0, 0, 0.99057, 0.41981], "rotation": 270, "texture": "#0"},
				"west": {"uv": [0, 0, 0.99057, 0.41981], "rotation": 270, "texture": "#0"},
				"up": {"uv": [0, 0, 0.99057, 0.41981], "rotation": 270, "texture": "#0"},
				"down": {"uv": [0, 0, 0.99057, 0.41981], "rotation": 270, "texture": "#0"}
			}
		},
		{
			"from": [7.76792, 10.2573, 2.09623],
			"to": [8.55189, 10.67711, 2.24152],
			"rotation": {"angle": 0, "axis": "x", "origin": [5.71462, 4.91249, 3.55755]},
			"faces": {
				"north": {"uv": [0, 0, 0.14528, 0.41981], "rotation": 180, "texture": "#0"},
				"east": {"uv": [0, 0, 0.14528, 0.41981], "rotation": 180, "texture": "#0"},
				"south": {"uv": [0, 0, 0.14528, 0.41981], "rotation": 180, "texture": "#0"},
				"west": {"uv": [0, 0, 0.14528, 0.41981], "rotation": 180, "texture": "#0"},
				"up": {"uv": [0, 0, 0.14528, 0.41981], "rotation": 180, "texture": "#0"},
				"down": {"uv": [0, 0, 0.14528, 0.41981], "rotation": 180, "texture": "#0"}
			}
		},
		{
			"from": [7.76792, 7.22701, -1.10129],
			"to": [8.55189, 7.37229, -0.68148],
			"rotation": {"angle": 45, "axis": "x", "origin": [5.83962, 4.85578, 4.11926]},
			"faces": {
				"north": {"uv": [0, 0, 0.14528, 0.41981], "rotation": 270, "texture": "#0"},
				"east": {"uv": [0, 0, 0.14528, 0.41981], "rotation": 270, "texture": "#0"},
				"south": {"uv": [0, 0, 0.14528, 0.41981], "rotation": 270, "texture": "#0"},
				"west": {"uv": [0, 0, 0.14528, 0.41981], "rotation": 270, "texture": "#0"},
				"up": {"uv": [0, 0, 0.14528, 0.41981], "rotation": 270, "texture": "#0"},
				"down": {"uv": [0, 0, 0.14528, 0.41981], "rotation": 270, "texture": "#0"}
			}
		},
		{
			"from": [7.76792, 9.91521, 2.43011],
			"to": [8.55189, 10.96615, 2.84992],
			"rotation": {"angle": 0, "axis": "x", "origin": [5.83962, 4.85578, 4.11926]},
			"faces": {
				"north": {"uv": [0, 0, 1.05094, 0.41981], "rotation": 270, "texture": "#0"},
				"east": {"uv": [0, 0, 1.05094, 0.41981], "rotation": 270, "texture": "#0"},
				"south": {"uv": [0, 0, 1.05094, 0.41981], "rotation": 270, "texture": "#0"},
				"west": {"uv": [0, 0, 1.05094, 0.41981], "rotation": 270, "texture": "#0"},
				"up": {"uv": [0, 0, 1.05094, 0.41981], "rotation": 270, "texture": "#0"},
				"down": {"uv": [0, 0, 1.05094, 0.41981], "rotation": 270, "texture": "#0"}
			}
		},
		{
			"from": [7.76792, 9.36167, 6.75426],
			"to": [8.55189, 9.50695, 7.17407],
			"rotation": {"angle": -45, "axis": "x", "origin": [5.83962, 4.85578, 4.11926]},
			"faces": {
				"north": {"uv": [0, 0, 0.14528, 0.41981], "rotation": 270, "texture": "#0"},
				"east": {"uv": [0, 0, 0.14528, 0.41981], "rotation": 270, "texture": "#0"},
				"south": {"uv": [0, 0, 0.14528, 0.41981], "rotation": 270, "texture": "#0"},
				"west": {"uv": [0, 0, 0.14528, 0.41981], "rotation": 270, "texture": "#0"},
				"up": {"uv": [0, 0, 0.14528, 0.41981], "rotation": 270, "texture": "#0"},
				"down": {"uv": [0, 0, 0.14528, 0.41981], "rotation": 270, "texture": "#0"}
			}
		}
	],
	"display": {
		"thirdperson_righthand": {
			"rotation": [0, -179.75, 0],
			"translation": [0, 0, -0.75],
			"scale": [0.49219, 0.49219, 0.49219]
		},
		"thirdperson_lefthand": {
			"rotation": [0, -176.5, 0],
			"translation": [0, 0, -0.75],
			"scale": [0.49219, 0.49219, 0.49219]
		},
		"firstperson_righthand": {
			"rotation": [0, -180, 0],
			"translation": [-10, 1.5, -12],
			"scale": [2, 2, 2]
		},
		"firstperson_lefthand": {
			"translation": [0, 0, 1.25],
			"scale": [1, 0.07422, 0]
		},
		"ground": {
			"rotation": [0, -21, -87.5],
			"translation": [0, -2.5, 0],
			"scale": [0.5918, 0.5918, 0.5918]
		},
		"gui": {
			"rotation": [0, 85, 0],
			"scale": [0.74023, 0.74023, 0.74023]
		},
		"head": {
			"scale": [0.33594, 0.33594, 0.33594]
		},
		"fixed": {
			"rotation": [0, -87.25, 0]
		}
	},
	"groups": [
		{
			"name": "group",
			"origin": [8, 8, 8],
			"color": 0,
			"children": [
				{
					"name": "group",
					"origin": [7.5, 0.30477, 1.31511],
					"color": 0,
					"children": [
						0,
						1,
						2,
						3,
						4,
						5,
						6,
						7,
						{
							"name": "group",
							"origin": [7.5, 4.17554, 6.08195],
							"color": 0,
							"children": [8, 9, 10, 11, 12, 13, 14, 15, 16, 17, 18, 19, 20, 21, 22, 23]
						},
						24,
						25
					]
				},
				{
					"name": "group",
					"origin": [8, 8, 8],
					"color": 0,
					"children": [
						26,
						27,
						28,
						29,
						30,
						31,
						32,
						33,
						34,
						35,
						36,
						37,
						38,
						39,
						40,
						41,
						42,
						43,
						44,
						45,
						46,
						47,
						48,
						{
							"name": "group",
							"origin": [8, 8, 8],
							"color": 0,
							"children": [49, 50, 51, 52, 53, 54, 55, 56]
						},
						{
							"name": "group",
							"origin": [8, 8, 8],
							"color": 0,
							"children": [57, 58, 59, 60, 61, 62, 63, 64, 65, 66, 67, 68, 69]
						},
						{
							"name": "group",
							"origin": [5.83962, 4.85578, 4.11926],
							"color": 0,
							"children": [70, 71, 72, 73, 74, 75, 76, 77]
						},
						{
							"name": "group",
							"origin": [5.83962, 4.85578, 4.11926],
							"color": 0,
							"children": [78, 79, 80, 81, 82, 83, 84, 85]
						}
					]
				}
			]
		}
	]
}