{
	"credit": "Made with Blockbench",
	"textures": {
		"0": "_Vanilla_Assets:block/anvil",
		"1": "_Vanilla_Assets:block/oak_planks",
		"2": "_Vanilla_Assets:block/oak_log",
		"particle": "_Vanilla_Assets:block/anvil"
	},
	"elements": [
		{
			"from": [7.5, 1, 7.5],
			"to": [8.5, 7, 8.5],
			"rotation": {"angle": 0, "axis": "y", "origin": [8, 5.375, 8]},
			"faces": {
				"north": {"uv": [3, 6, 4, 12], "texture": "#1"},
				"east": {"uv": [2, 6, 3, 12], "texture": "#1"},
				"south": {"uv": [1, 6, 2, 12], "texture": "#1"},
				"west": {"uv": [0, 6, 1, 12], "texture": "#1"},
				"up": {"uv": [6, 10, 5, 9], "rotation": 270, "texture": "#1"},
				"down": {"uv": [6, 10, 5, 11], "rotation": 90, "texture": "#1"}
			}
		},
		{
			"from": [7, 7, 7],
			"to": [9, 8, 9],
			"rotation": {"angle": 0, "axis": "y", "origin": [8, 5.375, 8]},
			"faces": {
				"north": {"uv": [10, 1, 12, 2], "texture": "#2"},
				"east": {"uv": [10, 2, 12, 3], "texture": "#2"},
				"south": {"uv": [10, 3, 12, 4], "texture": "#2"},
				"west": {"uv": [10, 0, 12, 1], "texture": "#2"},
				"up": {"uv": [3, 11, 1, 9], "rotation": 270, "texture": "#2"},
				"down": {"uv": [5, 9, 3, 11], "rotation": 90, "texture": "#2"}
			}
		},
		{
			"from": [7, 0, 7],
			"to": [9, 1, 9],
			"rotation": {"angle": 0, "axis": "y", "origin": [8, 5.375, 8]},
			"faces": {
				"north": {"uv": [10, 5, 12, 6], "texture": "#2"},
				"east": {"uv": [9, 10, 11, 11], "texture": "#2"},
				"south": {"uv": [1, 11, 3, 12], "texture": "#2"},
				"west": {"uv": [10, 4, 12, 5], "texture": "#2"},
				"up": {"uv": [11, 8, 9, 6], "rotation": 270, "texture": "#2"},
				"down": {"uv": [11, 8, 9, 10], "rotation": 90, "texture": "#2"}
			}
		},
		{
			"from": [6.5, 8, 5.5],
			"to": [9.5, 11, 10.5],
			"rotation": {"angle": 0, "axis": "y", "origin": [8, 5.375, 8]},
			"faces": {
				"north": {"uv": [0, 6, 3, 9], "texture": "#0"},
				"east": {"uv": [0, 3, 5, 6], "texture": "#0"},
				"south": {"uv": [3, 6, 6, 9], "texture": "#0"},
				"west": {"uv": [0, 0, 5, 3], "texture": "#0"},
				"up": {"uv": [10, 3, 5, 0], "rotation": 270, "texture": "#0"},
				"down": {"uv": [10, 3, 5, 6], "rotation": 90, "texture": "#0"}
			}
		}
	],
	"display": {
		"thirdperson_righthand": {
			"translation": [0, 2, 1]
		},
		"thirdperson_lefthand": {
			"translation": [0, 2, 1]
		},
		"firstperson_righthand": {
			"translation": [0, 8.25, 0]
		},
		"head": {
			"translation": [0, -2, 0],
			"scale": [2, 2, 2]
		}
	}
}