{"textures":{"0":"modelengine:entity/em_ed_ender_fly_texture"},"elements":[{"from":[5.142857,5.5238094,7.6190476],"to":[10.857143,10.666667,8.190476],"rotation":{"angle":0.0,"axis":"y","origin":[8.0,-1.9047623,3.6190476]},"faces":{"east":{"uv":[6.625,9.5,6.75,10.625],"rotation":0,"texture":"#0","tintindex":0},"south":{"uv":[5.5,7.0,6.75,8.125],"rotation":0,"texture":"#0","tintindex":0},"north":{"uv":[7.0,2.625,8.25,3.75],"rotation":0,"texture":"#0","tintindex":0},"west":{"uv":[3.25,9.625,3.375,10.75],"rotation":0,"texture":"#0","tintindex":0},"up":{"uv":[9.625,10.0,8.375,9.875],"rotation":0,"texture":"#0","tintindex":0},"down":{"uv":[11.25,1.875,10.0,2.0],"rotation":0,"texture":"#0","tintindex":0}}},{"from":[4.0,4.9523807,8.190476],"to":[12.0,11.238095,13.904762],"rotation":{"angle":0.0,"axis":"y","origin":[8.0,-1.9047623,2.47619]},"faces":{"east":{"uv":[7.0,1.25,8.25,2.625],"rotation":0,"texture":"#0","tintindex":0},"south":{"uv":[1.75,5.625,3.5,7.0],"rotation":0,"texture":"#0","tintindex":0},"north":{"uv":[0.0,5.625,1.75,7.0],"rotation":0,"texture":"#0","tintindex":0},"west":{"uv":[1.75,7.0,3.0,8.375],"rotation":0,"texture":"#0","tintindex":0},"up":{"uv":[1.75,8.25,0.0,7.0],"rotation":0,"texture":"#0","tintindex":0},"down":{"uv":[8.75,0.0,7.0,1.25],"rotation":0,"texture":"#0","tintindex":0}}},{"from":[5.142857,5.5238094,13.904762],"to":[10.857143,10.095238,16.761906],"rotation":{"angle":0.0,"axis":"y","origin":[8.0,-0.7619047,-2.666667]},"faces":{"east":{"uv":[4.875,8.375,5.5,9.375],"rotation":0,"texture":"#0","tintindex":0},"south":{"uv":[7.125,5.875,8.375,6.875],"rotation":0,"texture":"#0","tintindex":0},"north":{"uv":[7.125,4.875,8.375,5.875],"rotation":0,"texture":"#0","tintindex":0},"west":{"uv":[0.0,8.875,0.625,9.875],"rotation":0,"texture":"#0","tintindex":0},"up":{"uv":[1.25,8.875,0.0,8.25],"rotation":0,"texture":"#0","tintindex":0},"down":{"uv":[9.5,1.25,8.25,1.875],"rotation":0,"texture":"#0","tintindex":0}}}],"display":{"head":{"translation":[0.0,-6.4,0.0],"scale":[4.0,4.0,4.0]}}}