{"textures":{"0":"modelengine:entity/em_ed_ender_fly_texture"},"elements":[{"from":[5.512255,3.416316,7.428571],"to":[6.6551123,9.70203,8.571428],"rotation":{"angle":-45.0,"axis":"z","origin":[5.512255,6.559173,8.0]},"faces":{"east":{"uv":[5.375,9.5,5.625,10.875],"rotation":0,"texture":"#0","tintindex":0},"south":{"uv":[5.625,9.5,5.875,10.875],"rotation":0,"texture":"#0","tintindex":0},"north":{"uv":[9.5,2.625,9.75,4.0],"rotation":0,"texture":"#0","tintindex":0},"west":{"uv":[5.875,9.5,6.125,10.875],"rotation":0,"texture":"#0","tintindex":0},"up":{"uv":[10.25,5.375,10.0,5.125],"rotation":0,"texture":"#0","tintindex":0},"down":{"uv":[10.25,7.125,10.0,7.375],"rotation":0,"texture":"#0","tintindex":0}}},{"from":[-2.2020311,3.559173,7.428571],"to":[4.083684,4.70203,8.571428],"rotation":{"angle":0.0,"axis":"y","origin":[3.5122552,6.70203,8.0]},"faces":{"east":{"uv":[10.0,7.375,10.25,7.625],"rotation":0,"texture":"#0","tintindex":0},"south":{"uv":[9.5,0.25,10.875,0.5],"rotation":0,"texture":"#0","tintindex":0},"north":{"uv":[9.5,0.0,10.875,0.25],"rotation":0,"texture":"#0","tintindex":0},"west":{"uv":[7.5,10.0,7.75,10.25],"rotation":0,"texture":"#0","tintindex":0},"up":{"uv":[10.875,0.75,9.5,0.5],"rotation":0,"texture":"#0","tintindex":0},"down":{"uv":[10.875,6.625,9.5,6.875],"rotation":0,"texture":"#0","tintindex":0}}}],"display":{"head":{"translation":[0.0,-6.4,0.0],"scale":[4.0,4.0,4.0]}}}