{
	"credit": "Made with Blockbench",
	"textures": {
		"1": "block/3dmodel/lee3",
		"3": "block/3dmodel/metal_weapon",
		"4": "block/3dmodel/metal_weapon3",
		"5": "block/3dmodel/lee1",
		"6": "block/3dmodel/Decorative_weapon",
		"particle": "block/3dmodel/metal_weapon"
	},
	"elements": [
		{
			"name": "Trigger",
			"from": [7.4, 4.76, 0.95],
			"to": [8.6, 4.96, 2.85],
			"rotation": {"angle": 0, "axis": "y", "origin": [8, 8, 3]},
			"faces": {
				"north": {"uv": [0, 0, 7.15, 1.05], "texture": "#4"},
				"east": {"uv": [0, 0, 7.15, 1.05], "texture": "#4"},
				"south": {"uv": [0, 0, 7.15, 1.05], "texture": "#4"},
				"west": {"uv": [0, 0, 7.15, 1.05], "texture": "#4"},
				"up": {"uv": [0, 0, 6.9, 3.05], "rotation": 90, "texture": "#4"},
				"down": {"uv": [0, 0, 6.9, 3.05], "rotation": 90, "texture": "#4"}
			}
		},
		{
			"name": "Trigger",
			"from": [7.59894, 5.5, 1.5],
			"to": [8.39894, 6.7, 1.7],
			"rotation": {"angle": 0, "axis": "y", "origin": [8, 8, 3]},
			"faces": {
				"north": {"uv": [3.25, 7, 4.75, 8.75], "rotation": 90, "texture": "#4"},
				"east": {"uv": [0, 10, 1.25, 11.25], "rotation": 90, "texture": "#4"},
				"south": {"uv": [7.75, 7.75, 9.25, 9.5], "rotation": 90, "texture": "#4"},
				"west": {"uv": [0, 8.25, 1.25, 9.5], "rotation": 90, "texture": "#4"},
				"up": {"uv": [0, 0, 2, 3.5], "texture": "#4"},
				"down": {"uv": [0, 8.25, 1.25, 9.5], "texture": "#4"}
			}
		},
		{
			"name": "Barrel",
			"from": [7.6, 6.5, 15],
			"to": [8.4, 7.3, 20.6],
			"rotation": {"angle": 0, "axis": "y", "origin": [8, 7, -2]},
			"faces": {
				"north": {"uv": [0, 0, 0.8, 0.8], "texture": "#missing"},
				"east": {"uv": [0, 0, 4.4, 2.55], "texture": "#4"},
				"south": {"uv": [5.5, 2.75, 8.25, 5.5], "texture": "#6"},
				"west": {"uv": [0, 0, 4.4, 2.55], "texture": "#4"},
				"up": {"uv": [0, 0, 4.4, 2.55], "rotation": 90, "texture": "#4"},
				"down": {"uv": [0, 0, 4.4, 2.55], "rotation": 90, "texture": "#4"}
			}
		},
		{
			"name": "Barrel",
			"from": [7.6, 6.5, 20.5],
			"to": [8.4, 7.3, 26.1],
			"rotation": {"angle": 0, "axis": "y", "origin": [8, 7, 7]},
			"faces": {
				"north": {"uv": [0, 0, 0.8, 0.8], "texture": "#missing"},
				"east": {"uv": [0, 0, 4.4, 2.55], "texture": "#4"},
				"south": {"uv": [5.5, 2.75, 8.25, 5.5], "texture": "#6"},
				"west": {"uv": [0, 0, 4.4, 2.55], "texture": "#4"},
				"up": {"uv": [0, 0, 4.4, 2.55], "rotation": 90, "texture": "#4"},
				"down": {"uv": [0, 0, 4.4, 2.55], "rotation": 90, "texture": "#4"}
			}
		},
		{
			"name": "Barrel",
			"from": [7.6, 7.5, 16],
			"to": [8.4, 8.3, 19.6],
			"rotation": {"angle": 0, "axis": "y", "origin": [8, 8, -1]},
			"faces": {
				"north": {"uv": [0, 0, 0.8, 0.8], "texture": "#4"},
				"east": {"uv": [0, 0, 4.4, 2.55], "texture": "#4"},
				"south": {"uv": [5.5, 2.75, 8.25, 5.5], "texture": "#4"},
				"west": {"uv": [0, 0, 4.4, 2.55], "texture": "#4"},
				"up": {"uv": [0, 0, 4.4, 2.55], "rotation": 90, "texture": "#4"},
				"down": {"uv": [0, 0, 4.4, 2.55], "rotation": 90, "texture": "#4"}
			}
		},
		{
			"name": "Barrel",
			"from": [7.5, 6.4, 26],
			"to": [8.5, 7.4, 28.5],
			"rotation": {"angle": 0, "axis": "y", "origin": [8, 7, 8]},
			"faces": {
				"north": {"uv": [0, 0, 0.8, 0.8], "texture": "#4"},
				"east": {"uv": [0, 0, 4.4, 2.55], "texture": "#4"},
				"south": {"uv": [5.5, 2.75, 8.25, 5.5], "texture": "#6"},
				"west": {"uv": [0, 0, 4.4, 2.55], "texture": "#4"},
				"up": {"uv": [0, 0, 4.4, 2.55], "rotation": 90, "texture": "#4"},
				"down": {"uv": [0, 0, 4.4, 2.55], "rotation": 90, "texture": "#4"}
			}
		},
		{
			"name": "Barrel",
			"from": [7.5, 6.4, 19.2],
			"to": [8.5, 7.4, 20.2],
			"rotation": {"angle": 0, "axis": "y", "origin": [8, 7, 2]},
			"faces": {
				"north": {"uv": [0, 0, 0.8, 0.8], "texture": "#4"},
				"east": {"uv": [0, 0, 4.4, 2.55], "texture": "#4"},
				"south": {"uv": [5.5, 2.75, 8.25, 5.5], "texture": "#4"},
				"west": {"uv": [0, 0, 4.4, 2.55], "texture": "#4"},
				"up": {"uv": [0, 0, 4.4, 2.55], "rotation": 90, "texture": "#4"},
				"down": {"uv": [0, 0, 4.4, 2.55], "rotation": 90, "texture": "#4"}
			}
		},
		{
			"name": "Barrel",
			"from": [7.5, 6.4, 24.9],
			"to": [8.5, 7.4, 25.7],
			"rotation": {"angle": 0, "axis": "y", "origin": [8, 7, 6]},
			"faces": {
				"north": {"uv": [0, 0, 0.8, 0.8], "texture": "#4"},
				"east": {"uv": [0, 0, 4.4, 2.55], "texture": "#4"},
				"south": {"uv": [5.5, 2.75, 8.25, 5.5], "texture": "#4"},
				"west": {"uv": [0, 0, 4.4, 2.55], "texture": "#4"},
				"up": {"uv": [0, 0, 4.4, 2.55], "rotation": 90, "texture": "#4"},
				"down": {"uv": [0, 0, 4.4, 2.55], "rotation": 90, "texture": "#4"}
			}
		},
		{
			"name": "Barrel",
			"from": [7.5, 6.4, 16.7],
			"to": [8.5, 7.4, 17.5],
			"rotation": {"angle": 0, "axis": "y", "origin": [8, 7, -1]},
			"faces": {
				"north": {"uv": [0, 0, 0.8, 0.8], "texture": "#4"},
				"east": {"uv": [0, 0, 4.4, 2.55], "texture": "#4"},
				"south": {"uv": [5.5, 2.75, 8.25, 5.5], "texture": "#4"},
				"west": {"uv": [0, 0, 4.4, 2.55], "texture": "#4"},
				"up": {"uv": [0, 0, 4.4, 2.55], "rotation": 90, "texture": "#4"},
				"down": {"uv": [0, 0, 4.4, 2.55], "rotation": 90, "texture": "#4"}
			}
		},
		{
			"name": "Trigger",
			"from": [7.41, 5.5, 3.1],
			"to": [8.61, 6.9, 4],
			"rotation": {"angle": 0, "axis": "x", "origin": [8, 2, 2]},
			"faces": {
				"north": {"uv": [9, 9.75, 9, 9.75], "rotation": 180, "texture": "#4"},
				"east": {"uv": [6, 3, 12.5, 10.299], "rotation": 90, "texture": "#4"},
				"south": {"uv": [12.5, 6, 10.5, 9.8], "texture": "#4"},
				"west": {"uv": [14, 0.5, 7.5, 7.8], "rotation": 270, "texture": "#4"},
				"up": {"uv": [9, 0, 7, 7.3], "texture": "#4"},
				"down": {"uv": [9, 0, 7, 7.3], "rotation": 180, "texture": "#4"}
			}
		},
		{
			"name": "Trigger",
			"from": [7.4, 5, 2.92],
			"to": [8.6, 7.5, 3.12],
			"rotation": {"angle": 0, "axis": "y", "origin": [8, 8, 3]},
			"faces": {
				"north": {"uv": [0, 0, 6.9, 3.05], "rotation": 90, "texture": "#4"},
				"east": {"uv": [0, 0, 7.15, 1.05], "rotation": 90, "texture": "#4"},
				"south": {"uv": [0, 0, 6.9, 3.05], "rotation": 90, "texture": "#4"},
				"west": {"uv": [0, 0, 6.9, 0.8], "rotation": 90, "texture": "#4"},
				"up": {"uv": [0, 0, 2, 3.5], "texture": "#missing"},
				"down": {"uv": [0, 0, 7.15, 1.05], "texture": "#4"}
			}
		},
		{
			"name": "Trigger",
			"from": [7.4, 5, 4.3],
			"to": [8.6, 5.6, 4.5],
			"rotation": {"angle": 22.5, "axis": "x", "origin": [8, 7, 4]},
			"faces": {
				"north": {"uv": [0, 0, 6.9, 3.05], "rotation": 90, "texture": "#4"},
				"east": {"uv": [0, 0, 7.15, 1.05], "rotation": 90, "texture": "#4"},
				"south": {"uv": [0, 0, 6.9, 3.05], "rotation": 90, "texture": "#4"},
				"west": {"uv": [0, 0, 6.9, 0.8], "rotation": 90, "texture": "#4"},
				"up": {"uv": [0, 0, 2, 3.5], "texture": "#4"},
				"down": {"uv": [0, 0, 7.15, 1.05], "texture": "#4"}
			}
		},
		{
			"name": "Barrel",
			"from": [7.7, 23, 21.8],
			"to": [8.3, 23.6, 23.1],
			"rotation": {"angle": 45, "axis": "x", "origin": [11, 19, 2]},
			"faces": {
				"north": {"uv": [0, 0, 0.9, 1.3], "texture": "#4"},
				"east": {"uv": [0, 0, 0.9, 1.3], "texture": "#4"},
				"south": {"uv": [0, 0, 0.9, 1.3], "texture": "#4"},
				"west": {"uv": [0, 0, 0.9, 1.3], "texture": "#4"},
				"up": {"uv": [0, 0, 0.9, 1.3], "texture": "#4"},
				"down": {"uv": [0, 0, 0.6, 0.8], "texture": "#4"}
			}
		},
		{
			"name": "Barrel",
			"from": [7.3, 6.3, 8],
			"to": [8.7, 7.9, 16.2],
			"rotation": {"angle": 0, "axis": "y", "origin": [8, 6, 2]},
			"faces": {
				"north": {"uv": [0, 0, 0.8, 0.8], "texture": "#5"},
				"east": {"uv": [0, 2, 15.964, 9.138], "texture": "#5"},
				"south": {"uv": [0, 9, 10.3, 12.1], "texture": "#5"},
				"west": {"uv": [0, 2, 15.8, 5.85], "texture": "#5"},
				"up": {"uv": [0, 0, 15.964, 5.41], "rotation": 90, "texture": "#5"},
				"down": {"uv": [0, 0, 11.575, 13.717], "texture": "#5"}
			}
		},
		{
			"name": "Barrel",
			"from": [7.35, 6.2, 8.4],
			"to": [8.65, 7.2, 15.1],
			"rotation": {"angle": 0, "axis": "y", "origin": [8, 6, 3]},
			"faces": {
				"north": {"uv": [0, 0, 0.8, 0.8], "texture": "#5"},
				"east": {"uv": [0, 2, 15.8, 5.85], "texture": "#5"},
				"south": {"uv": [0, 9, 10.3, 12.1], "texture": "#5"},
				"west": {"uv": [0, 2, 15.8, 5.85], "texture": "#5"},
				"up": {"uv": [0, 0, 15.8, 3.6], "rotation": 90, "texture": "#5"},
				"down": {"uv": [0, 0, 0.8, 13.1], "texture": "#5"}
			}
		},
		{
			"name": "Barrel",
			"from": [7.35, 7.38, 8.5],
			"to": [8.65, 8.38, 16.2],
			"rotation": {"angle": 0, "axis": "y", "origin": [8, 8, 3]},
			"faces": {
				"north": {"uv": [0, 0, 0.8, 0.8], "texture": "#5"},
				"east": {"uv": [0, 2, 15.8, 5.85], "texture": "#5"},
				"south": {"uv": [0, 9, 10.3, 12.1], "texture": "#5"},
				"west": {"uv": [0, 2, 15.8, 5.85], "texture": "#5"},
				"up": {"uv": [0, 0, 15.8, 3.6], "rotation": 90, "texture": "#5"},
				"down": {"uv": [0, 0, 0.8, 13.1], "texture": "#5"}
			}
		},
		{
			"name": "Barrel",
			"from": [7.39, 7.45, 8.4],
			"to": [8.61, 8.45, 16.1],
			"rotation": {"angle": 0, "axis": "y", "origin": [8, 9, 3]},
			"faces": {
				"north": {"uv": [0, 0, 0.8, 0.8], "texture": "#5"},
				"east": {"uv": [0, 2, 15.8, 5.85], "texture": "#5"},
				"south": {"uv": [0, 9, 10.3, 12.1], "texture": "#5"},
				"west": {"uv": [0, 2, 15.8, 5.85], "texture": "#5"},
				"up": {"uv": [0, 0, 15.8, 3.6], "rotation": 90, "texture": "#5"},
				"down": {"uv": [0, 0, 0.8, 13.1], "texture": "#5"}
			}
		},
		{
			"name": "Barrel",
			"from": [6.66, 7.601, 6.8],
			"to": [7.66, 8.101, 7],
			"rotation": {"angle": 0, "axis": "y", "origin": [9, 8, 16]},
			"faces": {
				"north": {"uv": [0, 0, 4, 2], "texture": "#1"},
				"east": {"uv": [0, 7, 5, 8], "texture": "#1"},
				"south": {"uv": [0, 0, 4, 2], "texture": "#1"},
				"west": {"uv": [0, 7, 5, 8], "texture": "#1"},
				"up": {"uv": [0, 0, 4, 2], "texture": "#1"},
				"down": {"uv": [0, 0, 4, 2], "texture": "#1"}
			}
		},
		{
			"name": "Barrel",
			"from": [6.95, 7.6001, 6.75],
			"to": [7.15, 8.1001, 6.95],
			"rotation": {"angle": 22.5, "axis": "y", "origin": [7, 8, 8]},
			"faces": {
				"north": {"uv": [0, 0, 4, 2], "texture": "#1"},
				"east": {"uv": [0, 7, 5, 8], "texture": "#1"},
				"south": {"uv": [0, 0, 4, 2], "texture": "#1"},
				"west": {"uv": [0, 7, 5, 8], "texture": "#1"},
				"up": {"uv": [0, 0, 4, 2], "texture": "#1"},
				"down": {"uv": [0, 0, 4, 2], "texture": "#1"}
			}
		},
		{
			"name": "Barrel",
			"from": [7.25, 7.6, 6.83],
			"to": [7.45, 8.1, 7.03],
			"rotation": {"angle": 45, "axis": "y", "origin": [7, 8, 8]},
			"faces": {
				"north": {"uv": [0, 0, 4, 2], "texture": "#1"},
				"east": {"uv": [0, 7, 5, 8], "texture": "#1"},
				"south": {"uv": [0, 0, 4, 2], "texture": "#1"},
				"west": {"uv": [0, 7, 5, 8], "texture": "#1"},
				"up": {"uv": [0, 0, 4, 2], "texture": "#1"},
				"down": {"uv": [0, 0, 4, 2], "texture": "#1"}
			}
		},
		{
			"name": "Barrel",
			"from": [7.15, 7.6, 4.1],
			"to": [7.65, 8.1, 7.1],
			"rotation": {"angle": 0, "axis": "y", "origin": [9, 8, 12]},
			"faces": {
				"north": {"uv": [0, 7, 5, 8], "texture": "#1"},
				"east": {"uv": [0, 0, 4, 2], "texture": "#1"},
				"south": {"uv": [0, 7, 5, 8], "texture": "#1"},
				"west": {"uv": [0, 0, 4, 2], "texture": "#1"},
				"up": {"uv": [0, 0, 4, 2], "rotation": 270, "texture": "#1"},
				"down": {"uv": [0, 0, 4, 2], "rotation": 90, "texture": "#1"}
			}
		},
		{
			"name": "Barrel",
			"from": [7.15, 7.6, 3.1],
			"to": [7.65, 8.1, 4.1],
			"rotation": {"angle": 0, "axis": "y", "origin": [9, 8, 11]},
			"faces": {
				"north": {"uv": [0, 7, 5, 8], "texture": "#1"},
				"east": {"uv": [0, 0, 4, 2], "texture": "#1"},
				"south": {"uv": [0, 7, 5, 8], "texture": "#1"},
				"west": {"uv": [0, 0, 4, 2], "texture": "#1"},
				"up": {"uv": [0, 0, 4, 2], "rotation": 270, "texture": "#1"},
				"down": {"uv": [0, 0, 4, 2], "rotation": 90, "texture": "#1"}
			}
		},
		{
			"name": "Back",
			"from": [7.38001, 10, -13.5],
			"to": [8.58001, 14.7, -10.7],
			"rotation": {"angle": -22.5, "axis": "x", "origin": [8, 18, 7]},
			"faces": {
				"north": {"uv": [0, 0, 8.55, 3.6], "rotation": 270, "texture": "#5"},
				"east": {"uv": [2.5, 8.5, 12.8, 15.6], "rotation": 90, "texture": "#5"},
				"south": {"uv": [0, 0, 15.8, 4.6], "rotation": 90, "texture": "#5"},
				"west": {"uv": [5, 10.5, 15.8, 15.6], "rotation": 270, "texture": "#5"},
				"up": {"uv": [0, 0, 2, 1.3], "texture": "#5"},
				"down": {"uv": [0, 0, 6.8, 4.6], "rotation": 270, "texture": "#5"}
			}
		},
		{
			"name": "Back",
			"from": [7.38001, 3, -12.5],
			"to": [8.58001, 5, -9.5],
			"rotation": {"angle": 0, "axis": "x", "origin": [8, 18, 7]},
			"faces": {
				"north": {"uv": [0, 0, 8.55, 3.6], "rotation": 270, "texture": "#5"},
				"east": {"uv": [2.5, 8, 13.3, 15.6], "rotation": 90, "texture": "#5"},
				"south": {"uv": [0, 0, 15.8, 4.6], "rotation": 90, "texture": "#5"},
				"west": {"uv": [5, 10.5, 15.8, 15.6], "rotation": 270, "texture": "#5"},
				"up": {"uv": [0, 0, 2, 1.3], "texture": "#5"},
				"down": {"uv": [0, 0, 6.8, 4.6], "rotation": 270, "texture": "#5"}
			}
		},
		{
			"name": "Back",
			"from": [7.21, 7.2, -10],
			"to": [8.81, 8.2, -5.3],
			"rotation": {"angle": 0, "axis": "x", "origin": [8, 18, 7]},
			"faces": {
				"north": {"uv": [0, 0, 6.8, 4.6], "rotation": 90, "texture": "#5"},
				"east": {"uv": [2.5, 12.5, 15.3, 15.6], "texture": "#5"},
				"south": {"uv": [0, 0, 2, 1.3], "texture": "#5"},
				"west": {"uv": [5, 13, 15.8, 15.6], "texture": "#5"},
				"up": {"uv": [0, 0, 8.55, 3.6], "rotation": 90, "texture": "#5"},
				"down": {"uv": [0, 0, 15.8, 4.6], "rotation": 90, "texture": "#5"}
			}
		},
		{
			"name": "Hammer",
			"from": [7.55, 7.1, 8.6],
			"to": [8.45, 8, 8.4],
			"faces": {
				"north": {"uv": [0, 0, 1.25, 1.25], "texture": "#4"},
				"east": {"uv": [0, 0, 5.65, 1.05], "rotation": 90, "texture": "#4"},
				"south": {"uv": [0, 0, 1.25, 1.25], "texture": "#4"},
				"west": {"uv": [0, 0, 6.4, 1.8], "texture": "#4"},
				"up": {"uv": [0, 0, 5.65, 1.05], "rotation": 90, "texture": "#4"},
				"down": {"uv": [0, 0, 6.4, 1.8], "texture": "#4"}
			}
		},
		{
			"name": "Frame",
			"from": [7.28, 6.23, -1.68],
			"to": [8.73, 7.63, 8.82],
			"rotation": {"angle": 0, "axis": "y", "origin": [8, 8, -3]},
			"faces": {
				"north": {"uv": [0, 0, 2, 1.8], "texture": "#4"},
				"east": {"uv": [0, 11.25, 15.8, 15.35], "texture": "#4"},
				"south": {"uv": [0.2, 10.25, 16, 14.35], "texture": "#4"},
				"west": {"uv": [0, 11.25, 15.8, 15.35], "texture": "#4"},
				"up": {"uv": [0, 10.75, 15.8, 14.35], "rotation": 90, "texture": "#4"},
				"down": {"uv": [0, 11.9, 15.8, 16], "rotation": 90, "texture": "#4"}
			}
		},
		{
			"name": "Trigger",
			"from": [7.40401, 6.65, 2.2],
			"to": [8.60401, 6.85, 2.6],
			"rotation": {"angle": -45, "axis": "x", "origin": [8.00401, 6.50211, 4.79388]},
			"faces": {
				"north": {"uv": [0, 0, 7.15, 1.05], "texture": "#4"},
				"east": {"uv": [0, 0, 7.15, 1.05], "texture": "#4"},
				"south": {"uv": [0, 0, 7.15, 1.05], "texture": "#4"},
				"west": {"uv": [0, 0, 7.15, 1.05], "texture": "#4"},
				"up": {"uv": [0, 0, 6.9, 3.05], "rotation": 90, "texture": "#4"},
				"down": {"uv": [0, 0, 6.9, 3.05], "rotation": 90, "texture": "#4"}
			}
		},
		{
			"name": "Trigger",
			"from": [7.59, 6.8, 3.85],
			"to": [8.39, 7.2, 4.05],
			"rotation": {"angle": -45, "axis": "x", "origin": [8.00401, 3.50211, 4.7939]},
			"faces": {
				"north": {"uv": [0, 0, 6.9, 3.05], "rotation": 270, "texture": "#4"},
				"east": {"uv": [0, 0, 7.15, 1.05], "rotation": 90, "texture": "#4"},
				"south": {"uv": [0, 0, 6.9, 3.05], "rotation": 90, "texture": "#4"},
				"west": {"uv": [0, 0, 7.15, 1.05], "rotation": 270, "texture": "#4"},
				"up": {"uv": [0, 0, 7.15, 1.05], "texture": "#4"},
				"down": {"uv": [0, 0, 7.15, 1.05], "rotation": 180, "texture": "#4"}
			}
		},
		{
			"name": "Hammer",
			"from": [7.8, 9.41, 1.41],
			"to": [8.8, 10.41, 7.41],
			"rotation": {"angle": 0, "axis": "y", "origin": [8, 10, 8]},
			"faces": {
				"north": {"uv": [0, 0, 6.9, 3.05], "texture": "#1"},
				"east": {"uv": [0, 0, 6.9, 2.3], "texture": "#1"},
				"south": {"uv": [2.75, 0.25, 5.399, 2.55], "texture": "#6"},
				"west": {"uv": [0, 0, 6.9, 2.3], "texture": "#1"},
				"up": {"uv": [0, 0, 6.9, 2.3], "rotation": 90, "texture": "#1"},
				"down": {"uv": [0, 0, 2.2, 1.9], "texture": "#1"}
			}
		},
		{
			"name": "Hammer",
			"from": [7.8, 9.41, -3.2],
			"to": [8.8, 10.41, -0.5],
			"rotation": {"angle": 0, "axis": "y", "origin": [8, 10, 4]},
			"faces": {
				"north": {"uv": [0, 0, 6.9, 3.05], "texture": "#4"},
				"east": {"uv": [1.25, 6.5, 8.15, 8.8], "texture": "#4"},
				"south": {"uv": [0, 0, 6.9, 3.05], "texture": "#4"},
				"west": {"uv": [1, 7, 7.9, 9.3], "texture": "#4"},
				"up": {"uv": [1.25, 7, 8.15, 9.3], "rotation": 90, "texture": "#4"},
				"down": {"uv": [3.5, 6.5, 5.7, 8.4], "texture": "#4"}
			}
		},
		{
			"name": "Hammer",
			"from": [7.7, 9.32, -3.5],
			"to": [8.9, 10.52, -3.1],
			"rotation": {"angle": 0, "axis": "y", "origin": [8, 10, 3]},
			"faces": {
				"north": {"uv": [0, 0, 16, 16], "texture": "#3"},
				"east": {"uv": [3.75, 10.25, 10.65, 12.55], "texture": "#4"},
				"south": {"uv": [0, 0, 6.9, 3.05], "texture": "#4"},
				"west": {"uv": [4.5, 9.25, 11.4, 11.55], "texture": "#4"},
				"up": {"uv": [1.75, 7.5, 8.65, 9.8], "rotation": 90, "texture": "#4"},
				"down": {"uv": [7.75, 10, 9.95, 11.9], "texture": "#4"}
			}
		},
		{
			"name": "Hammer",
			"from": [7.7, 9.32, -2.8],
			"to": [8.9, 10.52, -2.4],
			"rotation": {"angle": 0, "axis": "y", "origin": [8, 10, 3]},
			"faces": {
				"north": {"uv": [4.75, 5.25, 10.5, 13], "texture": "#4"},
				"east": {"uv": [3.75, 10.25, 10.65, 12.55], "texture": "#4"},
				"south": {"uv": [0, 0, 6.9, 3.05], "texture": "#4"},
				"west": {"uv": [4.5, 9.25, 11.4, 11.55], "texture": "#4"},
				"up": {"uv": [1.75, 7.5, 8.65, 9.8], "rotation": 90, "texture": "#4"},
				"down": {"uv": [7.75, 10, 9.95, 11.9], "texture": "#4"}
			}
		},
		{
			"name": "Hammer",
			"from": [7.7, 9.32, -2.1],
			"to": [8.9, 10.52, -1.7],
			"rotation": {"angle": 0, "axis": "y", "origin": [8, 10, 3]},
			"faces": {
				"north": {"uv": [3, 4.5, 12.75, 13.25], "texture": "#4"},
				"east": {"uv": [3.75, 10.25, 10.65, 12.55], "texture": "#4"},
				"south": {"uv": [0, 0, 6.9, 3.05], "texture": "#4"},
				"west": {"uv": [4.5, 9.25, 11.4, 11.55], "texture": "#4"},
				"up": {"uv": [1.75, 7.5, 8.65, 9.8], "rotation": 90, "texture": "#4"},
				"down": {"uv": [7.75, 10, 9.95, 11.9], "texture": "#4"}
			}
		},
		{
			"name": "Hammer",
			"from": [7.9, 9.53, 0],
			"to": [8.65, 10.28, 3],
			"rotation": {"angle": 0, "axis": "y", "origin": [8, 10, 6]},
			"faces": {
				"north": {"uv": [0, 0, 6.9, 3.05], "texture": "#1"},
				"east": {"uv": [0, 0, 6.9, 2.3], "texture": "#1"},
				"south": {"uv": [0, 0, 6.9, 3.05], "texture": "#1"},
				"west": {"uv": [0, 0, 6.9, 2.3], "texture": "#1"},
				"up": {"uv": [0, 0, 6.9, 2.3], "rotation": 90, "texture": "#1"},
				"down": {"uv": [0, 0, 2.2, 1.9], "texture": "#1"}
			}
		},
		{
			"name": "Hammer",
			"from": [7.83, 9.45, -0.7],
			"to": [8.73, 10.35, 0],
			"rotation": {"angle": 0, "axis": "y", "origin": [8, 10, 5]},
			"faces": {
				"north": {"uv": [0, 0, 6.9, 3.05], "texture": "#1"},
				"east": {"uv": [0, 0, 6.9, 2.3], "texture": "#1"},
				"south": {"uv": [0, 0, 6.9, 3.05], "texture": "#1"},
				"west": {"uv": [0, 0, 6.9, 2.3], "texture": "#1"},
				"up": {"uv": [0, 0, 6.9, 2.3], "rotation": 90, "texture": "#1"},
				"down": {"uv": [0, 0, 2.2, 1.9], "texture": "#1"}
			}
		},
		{
			"name": "Hammer",
			"from": [7.2, 7.35, -2.2],
			"to": [8.8, 8.05, 8.8],
			"rotation": {"angle": 0, "axis": "y", "origin": [8, 8, -4]},
			"faces": {
				"north": {"uv": [0, 0, 6.9, 3.05], "texture": "#4"},
				"east": {"uv": [4, 5.25, 10.9, 7.55], "texture": "#4"},
				"south": {"uv": [0, 0, 6.9, 3.05], "texture": "#4"},
				"west": {"uv": [0, 0, 6.9, 2.3], "texture": "#4"},
				"up": {"uv": [0, 0, 6.9, 2.3], "rotation": 90, "texture": "#4"},
				"down": {"uv": [0, 0, 2.2, 1.9], "texture": "#4"}
			}
		},
		{
			"name": "Hammer",
			"from": [7.4, 7.9, -2.1],
			"to": [8.6, 8.4, 8.7],
			"rotation": {"angle": 0, "axis": "y", "origin": [8, 9, -4]},
			"faces": {
				"north": {"uv": [0, 0, 6.9, 3.05], "texture": "#4"},
				"east": {"uv": [4, 5.25, 10.9, 7.55], "texture": "#4"},
				"south": {"uv": [0, 0, 6.9, 3.05], "texture": "#4"},
				"west": {"uv": [0, 0, 6.9, 2.3], "texture": "#4"},
				"up": {"uv": [0, 0, 6.9, 2.3], "rotation": 90, "texture": "#4"},
				"down": {"uv": [0, 0, 2.2, 1.9], "texture": "#missing"}
			}
		},
		{
			"name": "Hammer",
			"from": [7.6, 7.97, -2],
			"to": [8.4, 8.47, 9.5],
			"rotation": {"angle": 0, "axis": "y", "origin": [8, 10, -3]},
			"faces": {
				"north": {"uv": [0, 0, 6.9, 3.05], "texture": "#4"},
				"east": {"uv": [4, 5.25, 10.9, 7.55], "texture": "#4"},
				"south": {"uv": [0, 0, 6.9, 3.05], "texture": "#4"},
				"west": {"uv": [0, 0, 6.9, 2.3], "texture": "#4"},
				"up": {"uv": [0, 0, 6.9, 2.3], "rotation": 90, "texture": "#4"},
				"down": {"uv": [0, 0, 2.2, 1.9], "texture": "#missing"}
			}
		},
		{
			"name": "Hammer",
			"from": [7.1, 2.6, -13.5],
			"to": [8.9, 7.6, -12.22],
			"rotation": {"angle": 0, "axis": "x", "origin": [8, -3, 1]},
			"faces": {
				"north": {"uv": [0, 0, 10.9, 7.3], "rotation": 270, "texture": "#5"},
				"east": {"uv": [3.75, 6, 11.65, 10.3], "rotation": 90, "texture": "#5"},
				"south": {"uv": [4.75, 2.75, 12.449, 13.15], "texture": "#5"},
				"west": {"uv": [0, 0, 9.4, 7.3], "rotation": 270, "texture": "#5"},
				"up": {"uv": [3, 1.25, 9.9, 4.3], "texture": "#5"},
				"down": {"uv": [0, 0, 6.9, 3.05], "rotation": 180, "texture": "#5"}
			}
		},
		{
			"name": "Hammer",
			"from": [7.1, 2.6, -13.7],
			"to": [8.9, 7.6, -13.5],
			"rotation": {"angle": 0, "axis": "x", "origin": [8, -3, 1]},
			"faces": {
				"north": {"uv": [2.75, 5.25, 13.65, 12.55], "rotation": 270, "texture": "#4"},
				"east": {"uv": [3.75, 6, 13.15, 12.3], "rotation": 90, "texture": "#4"},
				"south": {"uv": [4.75, 2.75, 12.449, 13.15], "texture": "#4"},
				"west": {"uv": [2.75, 4.5, 12.15, 11.8], "rotation": 270, "texture": "#4"},
				"up": {"uv": [5.75, 4.25, 12.65, 7.3], "texture": "#4"},
				"down": {"uv": [3.75, 4.25, 10.65, 7.3], "rotation": 180, "texture": "#4"}
			}
		},
		{
			"name": "Hammer",
			"from": [7.381, 3.22, -12.5],
			"to": [8.582, 4.5, -2.1],
			"rotation": {"angle": 0, "axis": "x", "origin": [8, -3, 1]},
			"faces": {
				"north": {"uv": [0, 0, 6.9, 3.05], "texture": "#5"},
				"east": {"uv": [3.75, 6, 13.65, 11.3], "texture": "#5"},
				"south": {"uv": [3, 1.25, 9.9, 4.3], "texture": "#5"},
				"west": {"uv": [0, 0, 8.9, 5.3], "texture": "#5"},
				"up": {"uv": [0, 0, 8.9, 5.3], "rotation": 90, "texture": "#5"},
				"down": {"uv": [3, 2.75, 15.15, 8.949], "rotation": 90, "texture": "#5"}
			}
		},
		{
			"name": "Hammer",
			"from": [7.25, 2.65, -12.5],
			"to": [8.75, 3.93, -8.1],
			"rotation": {"angle": 0, "axis": "x", "origin": [8, -3, 1]},
			"faces": {
				"north": {"uv": [0, 0, 6.9, 3.05], "texture": "#5"},
				"east": {"uv": [3.75, 6, 13.65, 11.3], "texture": "#5"},
				"south": {"uv": [3, 1.25, 9.9, 4.3], "texture": "#5"},
				"west": {"uv": [0, 0, 8.9, 5.3], "texture": "#5"},
				"up": {"uv": [0, 0, 8.9, 5.3], "rotation": 90, "texture": "#5"},
				"down": {"uv": [3, 2.75, 15.15, 8.949], "rotation": 90, "texture": "#5"}
			}
		},
		{
			"name": "Hammer",
			"from": [7.25, 6.22, -12.5],
			"to": [8.75, 7.5, -1.65],
			"rotation": {"angle": 0, "axis": "x", "origin": [8, -3, 1]},
			"faces": {
				"north": {"uv": [0, 0, 6.9, 3.05], "texture": "#5"},
				"east": {"uv": [3.75, 6, 14.65, 11.8], "texture": "#5"},
				"south": {"uv": [3, 1.25, 9.9, 4.3], "texture": "#5"},
				"west": {"uv": [0, 0, 10.9, 6.8], "texture": "#5"},
				"up": {"uv": [0, 0, 8.9, 6.3], "rotation": 90, "texture": "#5"},
				"down": {"uv": [3, 2.75, 15.15, 8.949], "rotation": 90, "texture": "#5"}
			}
		},
		{
			"name": "Hammer",
			"from": [7.5, 7.4, 0.45],
			"to": [8.5, 8.1, 0.95],
			"rotation": {"angle": 0, "axis": "x", "origin": [8, 8, -12]},
			"faces": {
				"north": {"uv": [0, 4.75, 0.9, 7.8], "texture": "#4"},
				"east": {"uv": [0, 0, 6.9, 2.3], "rotation": 90, "texture": "#4"},
				"south": {"uv": [0, 0, 6.9, 3.05], "texture": "#4"},
				"west": {"uv": [0, 0, 6.9, 2.3], "rotation": 90, "texture": "#4"},
				"up": {"uv": [0, 0, 6.9, 2.3], "texture": "#4"},
				"down": {"uv": [0, 0, 2.2, 1.9], "texture": "#4"}
			}
		},
		{
			"name": "Hammer",
			"from": [7.41, 1.7, 5.05],
			"to": [8.61, 1.9, 8.65],
			"rotation": {"angle": -22.5, "axis": "x", "origin": [8.14, 0.49096, 4.91086]},
			"faces": {
				"north": {"uv": [0, 0, 6.9, 3.05], "texture": "#4"},
				"east": {"uv": [0, 0, 6.9, 2.3], "texture": "#4"},
				"south": {"uv": [0, 0, 6.9, 3.05], "texture": "#4"},
				"west": {"uv": [0, 0, 6.9, 2.3], "texture": "#4"},
				"up": {"uv": [0, 0, 6.9, 2.3], "rotation": 90, "texture": "#4"},
				"down": {"uv": [0, 0, 6.9, 2.3], "rotation": 90, "texture": "#4"}
			}
		},
		{
			"name": "Hammer",
			"from": [7.41, 2.6, 5.05],
			"to": [8.61, 2.8, 8.65],
			"rotation": {"angle": -22.5, "axis": "x", "origin": [8.14, 0.49096, 4.91086]},
			"faces": {
				"north": {"uv": [0, 0, 6.9, 3.05], "texture": "#4"},
				"east": {"uv": [0, 0, 6.9, 2.3], "texture": "#4"},
				"south": {"uv": [0, 0, 6.9, 3.05], "texture": "#4"},
				"west": {"uv": [0, 0, 6.9, 2.3], "texture": "#4"},
				"up": {"uv": [0, 0, 6.9, 2.3], "rotation": 90, "texture": "#4"},
				"down": {"uv": [0, 0, 6.9, 2.3], "rotation": 90, "texture": "#4"}
			}
		},
		{
			"name": "Hammer",
			"from": [7.41, 4.6, 3.95],
			"to": [8.61, 4.8, 7.55],
			"rotation": {"angle": 0, "axis": "x", "origin": [8.14, 0.49096, 4.91086]},
			"faces": {
				"north": {"uv": [0, 0, 6.9, 3.05], "texture": "#4"},
				"east": {"uv": [0, 0, 6.9, 2.3], "texture": "#4"},
				"south": {"uv": [0, 0, 6.9, 3.05], "texture": "#4"},
				"west": {"uv": [0, 0, 6.9, 2.3], "texture": "#4"},
				"up": {"uv": [0, 0, 6.9, 2.3], "rotation": 90, "texture": "#4"},
				"down": {"uv": [0, 0, 6.9, 2.3], "rotation": 90, "texture": "#4"}
			}
		},
		{
			"name": "Hammer",
			"from": [7.41, 5.6, 3.95],
			"to": [8.61, 5.8, 7.55],
			"rotation": {"angle": 0, "axis": "x", "origin": [8.14, 0.49096, 4.91086]},
			"faces": {
				"north": {"uv": [0, 0, 6.9, 3.05], "texture": "#4"},
				"east": {"uv": [0, 0, 6.9, 2.3], "texture": "#4"},
				"south": {"uv": [0, 0, 6.9, 3.05], "texture": "#4"},
				"west": {"uv": [0, 0, 6.9, 2.3], "texture": "#4"},
				"up": {"uv": [0, 0, 6.9, 2.3], "rotation": 90, "texture": "#4"},
				"down": {"uv": [0, 0, 6.9, 2.3], "rotation": 90, "texture": "#4"}
			}
		},
		{
			"name": "Hammer",
			"from": [7.4101, 4, 6.63],
			"to": [8.6101, 7.1, 6.83],
			"rotation": {"angle": 0, "axis": "x", "origin": [8.14, 5.49096, 1.91086]},
			"faces": {
				"north": {"uv": [0, 0, 6.9, 2.3], "rotation": 270, "texture": "#4"},
				"east": {"uv": [0, 0, 6.9, 2.3], "rotation": 270, "texture": "#4"},
				"south": {"uv": [0, 0, 6.9, 2.3], "rotation": 90, "texture": "#4"},
				"west": {"uv": [0, 0, 6.9, 2.3], "rotation": 90, "texture": "#4"},
				"up": {"uv": [0, 0, 6.9, 3.05], "rotation": 180, "texture": "#4"},
				"down": {"uv": [0, 0, 6.9, 3.05], "texture": "#4"}
			}
		},
		{
			"name": "Hammer",
			"from": [7.4101, 1, 5.7],
			"to": [8.6101, 2.3, 5.9],
			"rotation": {"angle": -22.5, "axis": "x", "origin": [8.14, 5.49096, 1.91086]},
			"faces": {
				"north": {"uv": [0, 0, 6.9, 2.3], "rotation": 270, "texture": "#4"},
				"east": {"uv": [0, 0, 6.9, 2.3], "rotation": 270, "texture": "#4"},
				"south": {"uv": [0, 0, 6.9, 2.3], "rotation": 90, "texture": "#4"},
				"west": {"uv": [0, 0, 6.9, 2.3], "rotation": 90, "texture": "#4"},
				"up": {"uv": [0, 0, 6.9, 3.05], "rotation": 180, "texture": "#4"},
				"down": {"uv": [0, 0, 6.9, 3.05], "texture": "#4"}
			}
		},
		{
			"name": "Hammer",
			"from": [7.4101, 1, 4.64],
			"to": [8.6101, 2.16, 4.84],
			"rotation": {"angle": -22.5, "axis": "x", "origin": [8.14, 5.49096, 1.91086]},
			"faces": {
				"north": {"uv": [0, 0, 6.9, 2.3], "rotation": 270, "texture": "#4"},
				"east": {"uv": [0, 0, 6.9, 2.3], "rotation": 270, "texture": "#4"},
				"south": {"uv": [0, 0, 6.9, 2.3], "rotation": 90, "texture": "#4"},
				"west": {"uv": [0, 0, 6.9, 2.3], "rotation": 90, "texture": "#4"},
				"up": {"uv": [0, 0, 6.9, 3.05], "rotation": 180, "texture": "#4"},
				"down": {"uv": [0, 0, 6.9, 3.05], "texture": "#4"}
			}
		},
		{
			"name": "Hammer",
			"from": [7.4101, 1, 3.57],
			"to": [8.6101, 2.6, 3.77],
			"rotation": {"angle": -22.5, "axis": "x", "origin": [8.14, 5.49096, 1.91086]},
			"faces": {
				"north": {"uv": [0, 0, 6.9, 2.3], "rotation": 270, "texture": "#4"},
				"east": {"uv": [0, 0, 6.9, 2.3], "rotation": 270, "texture": "#4"},
				"south": {"uv": [0, 0, 6.9, 2.3], "rotation": 90, "texture": "#4"},
				"west": {"uv": [0, 0, 6.9, 2.3], "rotation": 90, "texture": "#4"},
				"up": {"uv": [0, 0, 6.9, 3.05], "rotation": 180, "texture": "#4"},
				"down": {"uv": [0, 0, 6.9, 3.05], "texture": "#4"}
			}
		},
		{
			"name": "Hammer",
			"from": [7.4101, 3.45182, 5.7],
			"to": [8.6101, 6.55182, 5.9],
			"rotation": {"angle": 0, "axis": "x", "origin": [8.14, 5.49096, 1.91086]},
			"faces": {
				"north": {"uv": [0, 0, 6.9, 2.3], "rotation": 270, "texture": "#4"},
				"east": {"uv": [0, 0, 6.9, 2.3], "rotation": 270, "texture": "#4"},
				"south": {"uv": [0, 0, 6.9, 2.3], "rotation": 90, "texture": "#4"},
				"west": {"uv": [0, 0, 6.9, 2.3], "rotation": 90, "texture": "#4"},
				"up": {"uv": [0, 0, 6.9, 3.05], "rotation": 180, "texture": "#4"},
				"down": {"uv": [0, 0, 6.9, 3.05], "texture": "#4"}
			}
		},
		{
			"name": "Hammer",
			"from": [7.4101, 3.45182, 4.54],
			"to": [8.6101, 6.55182, 4.74],
			"rotation": {"angle": 0, "axis": "x", "origin": [8.14, 5.49096, 1.91086]},
			"faces": {
				"north": {"uv": [0, 0, 6.9, 2.3], "rotation": 270, "texture": "#4"},
				"east": {"uv": [0, 0, 6.9, 2.3], "rotation": 270, "texture": "#4"},
				"south": {"uv": [0, 0, 6.9, 2.3], "rotation": 90, "texture": "#4"},
				"west": {"uv": [0, 0, 6.9, 2.3], "rotation": 90, "texture": "#4"},
				"up": {"uv": [0, 0, 6.9, 3.05], "rotation": 180, "texture": "#4"},
				"down": {"uv": [0, 0, 6.9, 3.05], "texture": "#4"}
			}
		},
		{
			"name": "Hammer",
			"from": [7.25, 7.5, 14.8],
			"to": [8.75, 7.8, 15.7],
			"rotation": {"angle": 0, "axis": "y", "origin": [8.14, 8.49096, 20.91086]},
			"faces": {
				"north": {"uv": [0, 0, 6.9, 2.3], "texture": "#4"},
				"east": {"uv": [0, 0, 6.9, 3.05], "texture": "#4"},
				"south": {"uv": [0, 0, 6.9, 2.3], "texture": "#4"},
				"west": {"uv": [0, 0, 6.9, 3.05], "texture": "#4"},
				"up": {"uv": [0, 0, 6.9, 2.3], "texture": "#4"},
				"down": {"uv": [0, 0, 6.9, 2.3], "rotation": 180, "texture": "#4"}
			}
		},
		{
			"name": "Hammer",
			"from": [7.25, 6.8, 13.7],
			"to": [8.75, 7.1, 14.6],
			"rotation": {"angle": 0, "axis": "y", "origin": [8.14, 7.49096, 19.91086]},
			"faces": {
				"north": {"uv": [0, 0, 6.9, 2.3], "texture": "#4"},
				"east": {"uv": [0, 0, 6.9, 3.05], "texture": "#4"},
				"south": {"uv": [0, 0, 6.9, 2.3], "texture": "#4"},
				"west": {"uv": [0, 0, 6.9, 3.05], "texture": "#4"},
				"up": {"uv": [0, 0, 6.9, 2.3], "texture": "#4"},
				"down": {"uv": [0, 0, 6.9, 2.3], "rotation": 180, "texture": "#4"}
			}
		},
		{
			"name": "Hammer",
			"from": [7.25, 6.8, 11.7],
			"to": [8.75, 7.1, 12.6],
			"rotation": {"angle": 0, "axis": "y", "origin": [8.14, 7.49096, 17.91086]},
			"faces": {
				"north": {"uv": [0, 0, 6.9, 2.3], "texture": "#4"},
				"east": {"uv": [0, 0, 6.9, 3.05], "texture": "#4"},
				"south": {"uv": [0, 0, 6.9, 2.3], "texture": "#4"},
				"west": {"uv": [0, 0, 6.9, 3.05], "texture": "#4"},
				"up": {"uv": [0, 0, 6.9, 2.3], "texture": "#4"},
				"down": {"uv": [0, 0, 6.9, 2.3], "rotation": 180, "texture": "#4"}
			}
		},
		{
			"name": "Hammer",
			"from": [7.25, 6.8, 9.7],
			"to": [8.75, 7.1, 10.6],
			"rotation": {"angle": 0, "axis": "y", "origin": [8.14, 7.49096, 17.91086]},
			"faces": {
				"north": {"uv": [0, 0, 6.9, 2.3], "texture": "#4"},
				"east": {"uv": [0, 0, 6.9, 3.05], "texture": "#4"},
				"south": {"uv": [0, 0, 6.9, 2.3], "texture": "#4"},
				"west": {"uv": [0, 0, 6.9, 3.05], "texture": "#4"},
				"up": {"uv": [0, 0, 6.9, 2.3], "texture": "#4"},
				"down": {"uv": [0, 0, 6.9, 2.3], "rotation": 180, "texture": "#4"}
			}
		},
		{
			"name": "Hammer",
			"from": [7.25, 7.5, 12.7],
			"to": [8.75, 7.8, 13.6],
			"rotation": {"angle": 0, "axis": "y", "origin": [8.14, 8.49096, 18.91086]},
			"faces": {
				"north": {"uv": [0, 0, 6.9, 2.3], "texture": "#4"},
				"east": {"uv": [0, 0, 6.9, 3.05], "texture": "#4"},
				"south": {"uv": [0, 0, 6.9, 2.3], "texture": "#4"},
				"west": {"uv": [0, 0, 6.9, 3.05], "texture": "#4"},
				"up": {"uv": [0, 0, 6.9, 2.3], "texture": "#4"},
				"down": {"uv": [0, 0, 6.9, 2.3], "rotation": 180, "texture": "#4"}
			}
		},
		{
			"name": "Hammer",
			"from": [7.25, 7.5, 10.6],
			"to": [8.75, 7.8, 11.5],
			"rotation": {"angle": 0, "axis": "y", "origin": [8.14, 8.49096, 16.91086]},
			"faces": {
				"north": {"uv": [0, 0, 6.9, 2.3], "texture": "#4"},
				"east": {"uv": [0, 0, 6.9, 3.05], "texture": "#4"},
				"south": {"uv": [0, 0, 6.9, 2.3], "texture": "#4"},
				"west": {"uv": [0, 0, 6.9, 3.05], "texture": "#4"},
				"up": {"uv": [0, 0, 6.9, 2.3], "texture": "#4"},
				"down": {"uv": [0, 0, 6.9, 2.3], "rotation": 180, "texture": "#4"}
			}
		},
		{
			"name": "Hammer",
			"from": [7.5, 8.1, 7.5],
			"to": [8.5, 8.5, 7.7],
			"rotation": {"angle": 0, "axis": "y", "origin": [8.14, 9.49096, 10.91086]},
			"faces": {
				"north": {"uv": [0, 0, 6.9, 2.3], "texture": "#4"},
				"east": {"uv": [0, 0, 6.9, 3.05], "rotation": 270, "texture": "#4"},
				"south": {"uv": [0, 0, 6.9, 2.3], "texture": "#4"},
				"west": {"uv": [0, 0, 6.9, 3.05], "rotation": 90, "texture": "#4"},
				"up": {"uv": [0, 0, 6.9, 2.3], "rotation": 180, "texture": "#4"},
				"down": {"uv": [0, 0, 6.9, 2.3], "texture": "#4"}
			}
		},
		{
			"name": "Hammer",
			"from": [7.9, 8.1, 5.4],
			"to": [8.1, 8.5, 6.8],
			"rotation": {"angle": 0, "axis": "y", "origin": [8.14, 10.49096, 9.91086]},
			"faces": {
				"north": {"uv": [0, 0, 6.9, 3.05], "rotation": 270, "texture": "#4"},
				"east": {"uv": [0, 0, 6.9, 2.3], "texture": "#4"},
				"south": {"uv": [0, 0, 6.9, 3.05], "rotation": 90, "texture": "#4"},
				"west": {"uv": [0, 0, 6.9, 2.3], "texture": "#4"},
				"up": {"uv": [0, 0, 6.9, 2.3], "rotation": 90, "texture": "#4"},
				"down": {"uv": [0, 0, 6.9, 2.3], "rotation": 90, "texture": "#4"}
			}
		},
		{
			"name": "Hammer",
			"from": [7.9, 8.1, 2.4],
			"to": [8.1, 8.5, 3.8],
			"rotation": {"angle": 0, "axis": "y", "origin": [8.14, 9.49096, 6.91086]},
			"faces": {
				"north": {"uv": [0, 0, 6.9, 3.05], "rotation": 270, "texture": "#4"},
				"east": {"uv": [0, 0, 6.9, 2.3], "texture": "#4"},
				"south": {"uv": [0, 0, 6.9, 3.05], "rotation": 90, "texture": "#4"},
				"west": {"uv": [0, 0, 6.9, 2.3], "texture": "#4"},
				"up": {"uv": [0, 0, 6.9, 2.3], "rotation": 90, "texture": "#4"},
				"down": {"uv": [0, 0, 6.9, 2.3], "rotation": 90, "texture": "#4"}
			}
		},
		{
			"name": "Hammer",
			"from": [7.9, 8.1, -0.6],
			"to": [8.1, 8.5, 0.8],
			"rotation": {"angle": 0, "axis": "y", "origin": [8.14, 9.49096, 3.91086]},
			"faces": {
				"north": {"uv": [0, 0, 6.9, 3.05], "rotation": 270, "texture": "#4"},
				"east": {"uv": [0, 0, 6.9, 2.3], "texture": "#4"},
				"south": {"uv": [0, 0, 6.9, 3.05], "rotation": 90, "texture": "#4"},
				"west": {"uv": [0, 0, 6.9, 2.3], "texture": "#4"},
				"up": {"uv": [0, 0, 6.9, 2.3], "rotation": 90, "texture": "#4"},
				"down": {"uv": [0, 0, 6.9, 2.3], "rotation": 90, "texture": "#4"}
			}
		},
		{
			"name": "Hammer",
			"from": [7.5, 8.1, 4.5],
			"to": [8.5, 8.5, 4.7],
			"rotation": {"angle": 0, "axis": "y", "origin": [8.14, 9.49096, 7.91086]},
			"faces": {
				"north": {"uv": [0, 0, 6.9, 2.3], "texture": "#4"},
				"east": {"uv": [0, 0, 6.9, 3.05], "rotation": 270, "texture": "#4"},
				"south": {"uv": [0, 0, 6.9, 2.3], "texture": "#4"},
				"west": {"uv": [0, 0, 6.9, 3.05], "rotation": 90, "texture": "#4"},
				"up": {"uv": [0, 0, 6.9, 2.3], "rotation": 180, "texture": "#4"},
				"down": {"uv": [0, 0, 6.9, 2.3], "texture": "#4"}
			}
		},
		{
			"name": "Hammer",
			"from": [7.5, 8.1, 1.5],
			"to": [8.5, 8.5, 1.7],
			"rotation": {"angle": 0, "axis": "y", "origin": [8.14, 9.49096, 4.91086]},
			"faces": {
				"north": {"uv": [0, 0, 6.9, 2.3], "texture": "#4"},
				"east": {"uv": [0, 0, 6.9, 3.05], "rotation": 270, "texture": "#4"},
				"south": {"uv": [0, 0, 6.9, 2.3], "texture": "#4"},
				"west": {"uv": [0, 0, 6.9, 3.05], "rotation": 90, "texture": "#4"},
				"up": {"uv": [0, 0, 6.9, 2.3], "rotation": 180, "texture": "#4"},
				"down": {"uv": [0, 0, 6.9, 2.3], "texture": "#4"}
			}
		},
		{
			"name": "Hammer",
			"from": [7.5, 8.1, -1.5],
			"to": [8.5, 8.5, -1.3],
			"rotation": {"angle": 0, "axis": "y", "origin": [8.14, 9.49096, 1.91086]},
			"faces": {
				"north": {"uv": [0, 0, 6.9, 2.3], "texture": "#4"},
				"east": {"uv": [0, 0, 6.9, 3.05], "rotation": 270, "texture": "#4"},
				"south": {"uv": [0, 0, 6.9, 2.3], "texture": "#4"},
				"west": {"uv": [0, 0, 6.9, 3.05], "rotation": 90, "texture": "#4"},
				"up": {"uv": [0, 0, 6.9, 2.3], "rotation": 180, "texture": "#4"},
				"down": {"uv": [0, 0, 6.9, 2.3], "texture": "#4"}
			}
		},
		{
			"name": "Hammer",
			"from": [6.8, 9.64, 25],
			"to": [7.1, 9.84, 25.6],
			"rotation": {"angle": -45, "axis": "z", "origin": [6.14, 8.49096, 24.91086]},
			"faces": {
				"north": {"uv": [0, 0, 6.9, 3.05], "texture": "#4"},
				"east": {"uv": [0, 0, 6.9, 2.3], "texture": "#4"},
				"south": {"uv": [0, 0, 6.9, 3.05], "texture": "#4"},
				"west": {"uv": [0, 0, 6.9, 2.3], "texture": "#4"},
				"up": {"uv": [0, 0, 6.9, 2.3], "rotation": 90, "texture": "#4"},
				"down": {"uv": [0, 0, 6.9, 2.3], "rotation": 90, "texture": "#4"}
			}
		},
		{
			"name": "Hammer",
			"from": [7, 10.54, 25.00001],
			"to": [7.3, 10.74, 25.60001],
			"rotation": {"angle": -45, "axis": "z", "origin": [6.14, 8.49096, 24.91086]},
			"faces": {
				"north": {"uv": [0, 0, 6.9, 3.05], "texture": "#4"},
				"east": {"uv": [0, 0, 6.9, 2.3], "texture": "#4"},
				"south": {"uv": [0, 0, 6.9, 3.05], "texture": "#4"},
				"west": {"uv": [0, 0, 6.9, 2.3], "texture": "#4"},
				"up": {"uv": [0, 0, 6.9, 2.3], "rotation": 90, "texture": "#4"},
				"down": {"uv": [0, 0, 6.9, 2.3], "rotation": 90, "texture": "#4"}
			}
		},
		{
			"name": "Hammer",
			"from": [7.48, 10.05, 25.00001],
			"to": [7.78, 10.25, 25.60001],
			"rotation": {"angle": -22.5, "axis": "z", "origin": [6.14, 8.49096, 24.91086]},
			"faces": {
				"north": {"uv": [0, 0, 6.9, 3.05], "texture": "#4"},
				"east": {"uv": [0, 0, 6.9, 2.3], "texture": "#4"},
				"south": {"uv": [0, 0, 6.9, 3.05], "texture": "#4"},
				"west": {"uv": [0, 0, 6.9, 2.3], "texture": "#4"},
				"up": {"uv": [0, 0, 6.9, 2.3], "rotation": 90, "texture": "#4"},
				"down": {"uv": [0, 0, 6.9, 2.3], "rotation": 90, "texture": "#4"}
			}
		},
		{
			"name": "Hammer",
			"from": [10.4, 8.89, 25],
			"to": [10.6, 9.19, 25.6],
			"rotation": {"angle": -45, "axis": "z", "origin": [9.14, 11.49096, 24.91086]},
			"faces": {
				"north": {"uv": [0, 0, 6.9, 3.05], "rotation": 270, "texture": "#4"},
				"east": {"uv": [0, 0, 6.9, 2.3], "rotation": 180, "texture": "#4"},
				"south": {"uv": [0, 0, 6.9, 3.05], "rotation": 90, "texture": "#4"},
				"west": {"uv": [0, 0, 6.9, 2.3], "rotation": 180, "texture": "#4"},
				"up": {"uv": [0, 0, 6.9, 2.3], "rotation": 90, "texture": "#4"},
				"down": {"uv": [0, 0, 6.9, 2.3], "rotation": 90, "texture": "#4"}
			}
		},
		{
			"name": "Hammer",
			"from": [8.35, 8.85, 25],
			"to": [8.55, 9.25, 25.6],
			"rotation": {"angle": 0, "axis": "z", "origin": [7.14, 11.49096, 24.91086]},
			"faces": {
				"north": {"uv": [0, 0, 6.9, 3.05], "rotation": 270, "texture": "#4"},
				"east": {"uv": [0, 0, 6.9, 2.3], "rotation": 180, "texture": "#4"},
				"south": {"uv": [0, 0, 6.9, 3.05], "rotation": 90, "texture": "#4"},
				"west": {"uv": [0, 0, 6.9, 2.3], "rotation": 180, "texture": "#4"},
				"up": {"uv": [0, 0, 6.9, 2.3], "rotation": 90, "texture": "#4"},
				"down": {"uv": [0, 0, 6.9, 2.3], "rotation": 90, "texture": "#4"}
			}
		},
		{
			"name": "Hammer",
			"from": [7.4, 8.85, 25.00001],
			"to": [7.6, 9.25, 25.60001],
			"rotation": {"angle": 0, "axis": "z", "origin": [6.14, 11.49096, 24.91086]},
			"faces": {
				"north": {"uv": [0, 0, 6.9, 3.05], "rotation": 270, "texture": "#4"},
				"east": {"uv": [0, 0, 6.9, 2.3], "rotation": 180, "texture": "#4"},
				"south": {"uv": [0, 0, 6.9, 3.05], "rotation": 90, "texture": "#4"},
				"west": {"uv": [0, 0, 6.9, 2.3], "rotation": 180, "texture": "#4"},
				"up": {"uv": [0, 0, 6.9, 2.3], "rotation": 90, "texture": "#4"},
				"down": {"uv": [0, 0, 6.9, 2.3], "rotation": 90, "texture": "#4"}
			}
		},
		{
			"name": "Hammer",
			"from": [7.88, 8.5, 25.05],
			"to": [8.08, 9.1, 25.55],
			"rotation": {"angle": 0, "axis": "z", "origin": [6.14, 11.49096, 24.91086]},
			"faces": {
				"north": {"uv": [0, 0, 6.9, 3.05], "rotation": 270, "texture": "#4"},
				"east": {"uv": [0, 0, 6.9, 2.3], "rotation": 180, "texture": "#4"},
				"south": {"uv": [0, 0, 6.9, 3.05], "rotation": 90, "texture": "#4"},
				"west": {"uv": [0, 0, 6.9, 2.3], "rotation": 180, "texture": "#4"},
				"up": {"uv": [0, 0, 6.9, 2.3], "rotation": 90, "texture": "#4"},
				"down": {"uv": [0, 0, 6.9, 2.3], "rotation": 90, "texture": "#4"}
			}
		},
		{
			"name": "Hammer",
			"from": [9.5, 8.7, 25],
			"to": [9.7, 9, 25.6],
			"rotation": {"angle": -45, "axis": "z", "origin": [9.14, 11.49096, 24.91086]},
			"faces": {
				"north": {"uv": [0, 0, 6.9, 3.05], "rotation": 270, "texture": "#4"},
				"east": {"uv": [0, 0, 6.9, 2.3], "rotation": 180, "texture": "#4"},
				"south": {"uv": [0, 0, 6.9, 3.05], "rotation": 90, "texture": "#4"},
				"west": {"uv": [0, 0, 6.9, 2.3], "rotation": 180, "texture": "#4"},
				"up": {"uv": [0, 0, 6.9, 2.3], "rotation": 90, "texture": "#4"},
				"down": {"uv": [0, 0, 6.9, 2.3], "rotation": 90, "texture": "#4"}
			}
		},
		{
			"name": "Hammer",
			"from": [6.6, 10.09, 25],
			"to": [6.9, 10.29, 25.6],
			"rotation": {"angle": 22.5, "axis": "z", "origin": [9.14, 12.49096, 24.91086]},
			"faces": {
				"north": {"uv": [0, 0, 6.9, 3.05], "rotation": 180, "texture": "#4"},
				"east": {"uv": [0, 0, 6.9, 2.3], "rotation": 180, "texture": "#4"},
				"south": {"uv": [0, 0, 6.9, 3.05], "rotation": 180, "texture": "#4"},
				"west": {"uv": [0, 0, 6.9, 2.3], "rotation": 180, "texture": "#4"},
				"up": {"uv": [0, 0, 6.9, 2.3], "rotation": 270, "texture": "#4"},
				"down": {"uv": [0, 0, 6.9, 2.3], "rotation": 270, "texture": "#4"}
			}
		},
		{
			"name": "Hammer",
			"from": [7.84, 9.38, 25],
			"to": [8.14, 9.58, 25.6],
			"rotation": {"angle": 0, "axis": "z", "origin": [10.14, 12.49096, 24.91086]},
			"faces": {
				"north": {"uv": [0, 0, 6.9, 3.05], "rotation": 180, "texture": "#4"},
				"east": {"uv": [0, 0, 6.9, 2.3], "rotation": 180, "texture": "#4"},
				"south": {"uv": [0, 0, 6.9, 3.05], "rotation": 180, "texture": "#4"},
				"west": {"uv": [0, 0, 6.9, 2.3], "rotation": 180, "texture": "#4"},
				"up": {"uv": [0, 0, 6.9, 2.3], "rotation": 270, "texture": "#4"},
				"down": {"uv": [0, 0, 6.9, 2.3], "rotation": 270, "texture": "#4"}
			}
		},
		{
			"name": "Hammer",
			"from": [7.09, 6.8, 0],
			"to": [7.29, 7.3, 3],
			"rotation": {"angle": 0, "axis": "x", "origin": [8.14, 7.49096, 8.91086]},
			"faces": {
				"north": {"uv": [0, 0, 6.9, 3.05], "rotation": 90, "texture": "#4"},
				"east": {"uv": [0, 0, 6.9, 2.3], "rotation": 180, "texture": "#4"},
				"south": {"uv": [0, 0, 6.9, 3.05], "rotation": 270, "texture": "#4"},
				"west": {"uv": [0, 0, 6.9, 2.3], "rotation": 180, "texture": "#4"},
				"up": {"uv": [0, 0, 6.9, 2.3], "rotation": 270, "texture": "#4"},
				"down": {"uv": [0, 0, 6.9, 2.3], "rotation": 270, "texture": "#4"}
			}
		},
		{
			"name": "Hammer",
			"from": [7.0901, 7, 1],
			"to": [7.2901, 7.5, 4],
			"rotation": {"angle": 0, "axis": "x", "origin": [8.14, 7.49096, 9.91086]},
			"faces": {
				"north": {"uv": [0, 0, 6.9, 3.05], "rotation": 90, "texture": "#4"},
				"east": {"uv": [0, 0, 6.9, 2.3], "rotation": 180, "texture": "#4"},
				"south": {"uv": [0, 0, 6.9, 3.05], "rotation": 270, "texture": "#4"},
				"west": {"uv": [0, 0, 6.9, 2.3], "rotation": 180, "texture": "#4"},
				"up": {"uv": [0, 0, 6.9, 2.3], "rotation": 270, "texture": "#4"},
				"down": {"uv": [0, 0, 6.9, 2.3], "rotation": 270, "texture": "#4"}
			}
		},
		{
			"name": "Hammer",
			"from": [8.7, 6.25, 1.8199],
			"to": [8.9, 7.15, 4.8199],
			"rotation": {"angle": 0, "axis": "x", "origin": [10.14, 6.49096, 7.91086]},
			"faces": {
				"north": {"uv": [0, 0, 6.9, 3.05], "rotation": 90, "texture": "#4"},
				"east": {"uv": [0, 0, 6.9, 2.3], "rotation": 180, "texture": "#4"},
				"south": {"uv": [0, 0, 6.9, 3.05], "rotation": 270, "texture": "#4"},
				"west": {"uv": [0, 0, 6.9, 2.3], "rotation": 180, "texture": "#4"},
				"up": {"uv": [0, 0, 6.9, 2.3], "rotation": 270, "texture": "#4"},
				"down": {"uv": [0, 0, 6.9, 2.3], "rotation": 270, "texture": "#4"}
			}
		},
		{
			"name": "Hammer",
			"from": [8.8, 6.58192, 1.6699],
			"to": [9, 9.58192, 2.5699],
			"rotation": {"angle": 0, "axis": "x", "origin": [10.14, 7.49096, 12.91086]},
			"faces": {
				"north": {"uv": [0, 0, 6.9, 2.3], "rotation": 90, "texture": "#1"},
				"east": {"uv": [0, 0, 6.9, 2.3], "rotation": 90, "texture": "#1"},
				"south": {"uv": [0, 0, 6.9, 2.3], "rotation": 270, "texture": "#1"},
				"west": {"uv": [0, 0, 6.9, 2.3], "rotation": 270, "texture": "#1"},
				"up": {"uv": [0, 0, 6.9, 3.05], "rotation": 270, "texture": "#1"},
				"down": {"uv": [0, 0, 6.9, 3.05], "rotation": 270, "texture": "#1"}
			}
		},
		{
			"name": "Hammer",
			"from": [8.801, 6.83192, 1.69],
			"to": [9.001, 7.73192, 4.69],
			"rotation": {"angle": 0, "axis": "x", "origin": [10.14, 7.49096, 12.91086]},
			"faces": {
				"north": {"uv": [0, 0, 6.9, 3.05], "rotation": 90, "texture": "#1"},
				"east": {"uv": [0, 0, 6.9, 2.3], "texture": "#1"},
				"south": {"uv": [0, 0, 6.9, 3.05], "rotation": 270, "texture": "#1"},
				"west": {"uv": [0, 0, 6.9, 2.3], "texture": "#1"},
				"up": {"uv": [0, 0, 6.9, 2.3], "rotation": 270, "texture": "#1"},
				"down": {"uv": [0, 0, 6.9, 2.3], "rotation": 270, "texture": "#1"}
			}
		},
		{
			"name": "Hammer",
			"from": [8.8, 6.58192, 3.6699],
			"to": [9, 9.58192, 4.5699],
			"rotation": {"angle": 0, "axis": "x", "origin": [10.14, 7.49096, 14.91086]},
			"faces": {
				"north": {"uv": [0, 0, 6.9, 2.3], "rotation": 90, "texture": "#1"},
				"east": {"uv": [0, 0, 6.9, 2.3], "rotation": 90, "texture": "#1"},
				"south": {"uv": [0, 0, 6.9, 2.3], "rotation": 270, "texture": "#1"},
				"west": {"uv": [0, 0, 6.9, 2.3], "rotation": 270, "texture": "#1"},
				"up": {"uv": [0, 0, 6.9, 3.05], "rotation": 270, "texture": "#1"},
				"down": {"uv": [0, 0, 6.9, 3.05], "rotation": 270, "texture": "#1"}
			}
		},
		{
			"name": "Hammer",
			"from": [7.6, 6.7, 25],
			"to": [8.4, 8.7, 25.6],
			"rotation": {"angle": 0, "axis": "x", "origin": [8.14, 8.49096, 24.91086]},
			"faces": {
				"north": {"uv": [0, 0, 6.9, 2.3], "rotation": 270, "texture": "#4"},
				"east": {"uv": [0, 0, 6.9, 2.3], "rotation": 270, "texture": "#4"},
				"south": {"uv": [0, 0, 6.9, 2.3], "rotation": 90, "texture": "#4"},
				"west": {"uv": [0, 0, 6.9, 2.3], "rotation": 90, "texture": "#4"},
				"up": {"uv": [0, 0, 6.9, 3.05], "rotation": 180, "texture": "#4"},
				"down": {"uv": [0, 0, 6.9, 3.05], "texture": "#4"}
			}
		},
		{
			"name": "Hammer",
			"from": [7.4, 6.35, 16.2],
			"to": [8.6, 8.35, 16.8],
			"rotation": {"angle": 0, "axis": "x", "origin": [8.14, 8.49096, 16.91086]},
			"faces": {
				"north": {"uv": [0, 0, 6.9, 2.3], "rotation": 270, "texture": "#4"},
				"east": {"uv": [0, 0, 6.9, 2.3], "rotation": 270, "texture": "#4"},
				"south": {"uv": [0, 0, 6.9, 2.3], "rotation": 90, "texture": "#4"},
				"west": {"uv": [0, 0, 6.9, 2.3], "rotation": 90, "texture": "#4"},
				"up": {"uv": [0, 0, 6.9, 3.05], "rotation": 180, "texture": "#4"},
				"down": {"uv": [0, 0, 6.9, 3.05], "texture": "#4"}
			}
		},
		{
			"name": "Hammer",
			"from": [8.65, 8.6, 1],
			"to": [9.15, 9.1, 2.4],
			"rotation": {"angle": 0, "axis": "x", "origin": [9.14, 9.49096, 13.91086]},
			"faces": {
				"north": {"uv": [0, 0, 6.9, 3.05], "texture": "#1"},
				"east": {"uv": [0, 0, 6.9, 2.3], "texture": "#1"},
				"south": {"uv": [0, 0, 6.9, 3.05], "texture": "#1"},
				"west": {"uv": [0, 0, 6.9, 2.3], "texture": "#1"},
				"up": {"uv": [0, 0, 6.9, 2.3], "rotation": 90, "texture": "#1"},
				"down": {"uv": [0, 0, 6.9, 2.3], "rotation": 90, "texture": "#1"}
			}
		},
		{
			"name": "Hammer",
			"from": [8.63, 8.55, 0.99],
			"to": [9.23, 9.15, 1.29],
			"rotation": {"angle": 0, "axis": "x", "origin": [9.14, 9.49096, 13.91086]},
			"faces": {
				"north": {"uv": [0, 0, 6.9, 3.05], "texture": "#1"},
				"east": {"uv": [0, 0, 6.9, 2.3], "texture": "#1"},
				"south": {"uv": [0, 0, 6.9, 3.05], "texture": "#1"},
				"west": {"uv": [0, 0, 6.9, 2.3], "texture": "#1"},
				"up": {"uv": [0, 0, 6.9, 2.3], "rotation": 90, "texture": "#1"},
				"down": {"uv": [0, 0, 6.9, 2.3], "rotation": 90, "texture": "#1"}
			}
		},
		{
			"name": "Hammer",
			"from": [7.451, 5.7, 4],
			"to": [8.572, 7.7, 7],
			"rotation": {"angle": 0, "axis": "x", "origin": [8.14, 5.49096, 2.91086]},
			"faces": {
				"north": {"uv": [0, 0, 6.9, 3.05], "texture": "#4"},
				"east": {"uv": [5.75, 5.5, 9.4, 10.3], "texture": "#4"},
				"south": {"uv": [0, 0, 6.9, 3.05], "texture": "#4"},
				"west": {"uv": [5.25, 5, 12.15, 10.05], "texture": "#4"},
				"up": {"uv": [0, 0, 6.9, 2.3], "rotation": 90, "texture": "#4"},
				"down": {"uv": [0, 0, 6.9, 2.3], "rotation": 90, "texture": "#4"}
			}
		},
		{
			"name": "Hammer",
			"from": [7.45, 3.25, 4],
			"to": [8.571, 6.75, 7.5],
			"rotation": {"angle": 0, "axis": "x", "origin": [8.14, 3.49096, 6.91086]},
			"faces": {
				"north": {"uv": [0, 0, 6.9, 3.05], "texture": "#4"},
				"east": {"uv": [7.5, 6.75, 11.4, 11.55], "texture": "#4"},
				"south": {"uv": [0, 0, 6.9, 3.05], "texture": "#4"},
				"west": {"uv": [1.75, 9.5, 13.4, 14.05], "texture": "#4"},
				"up": {"uv": [0, 0, 6.9, 2.3], "rotation": 90, "texture": "#4"},
				"down": {"uv": [0, 0, 6.9, 2.3], "rotation": 90, "texture": "#4"}
			}
		},
		{
			"name": "Hammer",
			"from": [7.45, 2.82, 4.12],
			"to": [8.571, 4.37, 7.62],
			"rotation": {"angle": -22.5, "axis": "x", "origin": [8.14, 3.49096, 6.91086]},
			"faces": {
				"north": {"uv": [0, 0, 6.9, 3.05], "texture": "#4"},
				"east": {"uv": [7.5, 6.75, 11.4, 11.55], "texture": "#4"},
				"south": {"uv": [0, 0, 6.9, 3.05], "texture": "#4"},
				"west": {"uv": [1.75, 9.5, 13.4, 14.05], "texture": "#4"},
				"up": {"uv": [0, 0, 6.9, 2.3], "rotation": 90, "texture": "#4"},
				"down": {"uv": [0, 0, 6.9, 2.3], "rotation": 90, "texture": "#4"}
			}
		},
		{
			"name": "Hammer",
			"from": [7.4, 4.8, 0],
			"to": [8.6, 6.3, 1],
			"rotation": {"angle": 0, "axis": "x", "origin": [8.14, 5.49096, 1.91086]},
			"faces": {
				"north": {"uv": [0, 0, 6.9, 3.05], "texture": "#5"},
				"east": {"uv": [0, 0, 6.9, 2.3], "texture": "#5"},
				"south": {"uv": [0, 0, 6.9, 3.05], "texture": "#5"},
				"west": {"uv": [0, 0, 6.9, 2.3], "texture": "#5"},
				"up": {"uv": [0, 0, 6.9, 2.3], "rotation": 90, "texture": "#5"},
				"down": {"uv": [0, 0, 6.9, 2.3], "rotation": 90, "texture": "#5"}
			}
		},
		{
			"name": "Back",
			"from": [7.3802, 5.3, -2],
			"to": [8.5902, 7.8, -0.1],
			"rotation": {"angle": -22.5, "axis": "x", "origin": [8.10393, 5.85777, -0.75168]},
			"faces": {
				"north": {"uv": [0, 0, 2, 1.4], "rotation": 180, "texture": "#5"},
				"east": {"uv": [0, 2.5, 6.6, 9.8], "rotation": 90, "texture": "#5"},
				"south": {"uv": [0, 0, 6.8, 4.6], "rotation": 270, "texture": "#5"},
				"west": {"uv": [0, 2.5, 5.3, 8.1], "rotation": 180, "texture": "#5"},
				"up": {"uv": [0, 0, 2, 1.4], "texture": "#5"},
				"down": {"uv": [0, 0, 6.8, 4.6], "rotation": 90, "texture": "#5"}
			}
		},
		{
			"name": "Back",
			"from": [7.3803, 2.93, -2.3],
			"to": [8.5903, 6.73, -0.3],
			"rotation": {"angle": 22.5, "axis": "x", "origin": [8.10393, 3.85777, -1.75168]},
			"faces": {
				"north": {"uv": [0, 0, 2, 1.4], "rotation": 180, "texture": "#5"},
				"east": {"uv": [0, 2.5, 7.6, 7.8], "rotation": 90, "texture": "#5"},
				"south": {"uv": [0, 0, 6.8, 4.6], "rotation": 270, "texture": "#5"},
				"west": {"uv": [0, 2.5, 5.3, 8.1], "rotation": 180, "texture": "#5"},
				"up": {"uv": [0, 0, 2, 1.4], "texture": "#5"},
				"down": {"uv": [0, 0, 6.8, 4.6], "rotation": 90, "texture": "#5"}
			}
		},
		{
			"name": "Back",
			"from": [7.381, 3.1, -2.82],
			"to": [8.581, 4, -1.84],
			"rotation": {"angle": -45, "axis": "x", "origin": [8.10393, 3.85777, -1.75168]},
			"faces": {
				"north": {"uv": [0, 0, 2, 1.4], "rotation": 180, "texture": "#5"},
				"east": {"uv": [0, 2.5, 5.3, 8.1], "rotation": 270, "texture": "#5"},
				"south": {"uv": [0, 0, 6.8, 4.6], "rotation": 90, "texture": "#5"},
				"west": {"uv": [0, 2.5, 5.3, 8.1], "rotation": 90, "texture": "#5"},
				"up": {"uv": [0, 0, 6.8, 4.6], "rotation": 270, "texture": "#5"},
				"down": {"uv": [0, 0, 2, 1.4], "texture": "#5"}
			}
		},
		{
			"name": "Back",
			"from": [7.382, 2.51, -1.89],
			"to": [8.582, 3.51, -0.69],
			"rotation": {"angle": 22.5, "axis": "x", "origin": [8.10393, 2.85777, -1.75168]},
			"faces": {
				"north": {"uv": [0, 0, 6.8, 4.6], "rotation": 90, "texture": "#5"},
				"east": {"uv": [2.5, 4, 7.8, 9.6], "texture": "#5"},
				"south": {"uv": [0, 0, 6.4, 6.5], "rotation": 90, "texture": "#5"},
				"west": {"uv": [0, 2.5, 5.3, 8.1], "texture": "#5"},
				"up": {"uv": [0, 0, 6.8, 4.6], "rotation": 90, "texture": "#5"},
				"down": {"uv": [0, 0, 2, 1.4], "texture": "#5"}
			}
		}
	],
	"display": {
		"thirdperson_righthand": {
			"rotation": [-180, 0, -180],
			"translation": [-1.25, 1.25, -5.5],
			"scale": [0.68, 0.62, 0.73]
		},
		"thirdperson_lefthand": {
			"scale": [0, 0, 0]
		},
		"firstperson_righthand": {
			"rotation": [-177, 9.5, 177.5],
			"translation": [5, 6.5, -4.75],
			"scale": [1.09, 1.12, 1.04]
		},
		"firstperson_lefthand": {
			"scale": [0, 0, 0]
		},
		"ground": {
			"rotation": [0, 0, -90],
			"scale": [1, 1.04, 1]
		},
		"gui": {
			"rotation": [-92, 50, 100],
			"translation": [-0.25, 1.25, 2],
			"scale": [0.7, 0.43, 0.41]
		},
		"fixed": {
			"rotation": [0, 90, 0],
			"translation": [0.75, 2, -1.25],
			"scale": [1.25, 1.28, 1.3]
		}
	}
}