{
	"credit": "Made with Blockbench",
	"textures": {
		"particle": "block/black_concrete"
	},
	"elements": [
		{
			"from": [7, 4.9, 3],
			"to": [9, 6.9, 17.2],
			"color": 6,
			"faces": {
				"north": {"uv": [0, 0, 2, 2], "texture": "#missing"},
				"east": {"uv": [0, 0, 14.2, 2], "texture": "#missing"},
				"south": {"uv": [0, 0, 2, 2], "texture": "#missing"},
				"west": {"uv": [0, 0, 14.2, 2], "texture": "#missing"},
				"up": {"uv": [0, 0, 2, 14.2], "texture": "#missing"},
				"down": {"uv": [0, 0, 2, 14.2], "texture": "#missing"}
			}
		},
		{
			"from": [7.4, 4.6, -3.3],
			"to": [9.4, 6.6, 10.9],
			"rotation": {"angle": -45, "axis": "y", "origin": [0, 0, 0]},
			"color": 6,
			"faces": {
				"north": {"uv": [0, 0, 2, 2], "texture": "#missing"},
				"east": {"uv": [0, 0, 14.2, 2], "texture": "#missing"},
				"south": {"uv": [0, 0, 2, 2], "texture": "#missing"},
				"west": {"uv": [0, 0, 14.2, 2], "texture": "#missing"},
				"up": {"uv": [0, 0, 2, 14.2], "texture": "#missing"},
				"down": {"uv": [0, 0, 2, 14.2], "texture": "#missing"}
			}
		}
	],
	"display": {
		"thirdperson_righthand": {
			"translation": [0, 1, 5]
		},
		"thirdperson_lefthand": {
			"translation": [0, 1, 5]
		},
		"firstperson_righthand": {
			"rotation": [9, 5, 11],
			"translation": [1.25, -3, -3.75],
			"scale": [4, 4, 4]
		},
		"firstperson_lefthand": {
			"rotation": [9, -5, -11],
			"translation": [-19.3, -3, -3.75],
			"scale": [4, 4, 4]
		},
		"ground": {
			"translation": [0, 0, 3]
		},
		"gui": {
			"rotation": [90, 47.25, -90],
			"translation": [7.25, -3.5, 0],
			"scale": [2, 2, 2]
		},
		"fixed": {
			"rotation": [90, -47.25, 90],
			"translation": [-7, -4, 0],
			"scale": [2, 2, 2]
		}
	}
}