{
	"credit": "Made with Blockbench",
	"texture_size": [32, 32],
	"textures": {
		"3": "item/custom_item/mozambique/mozambique_open",
		"particle": "item/custom_item/mozambique/mozambique"
	},
	"elements": [
		{
			"from": [6.5, 8, 5],
			"to": [9.5, 10, 7],
			"rotation": {"angle": 0, "axis": "y", "origin": [7.99996, 7.67965, 6.21364]},
			"faces": {
				"north": {"uv": [9, 2, 10.5, 3], "texture": "#3"},
				"east": {"uv": [11, 7.5, 12, 8.5], "texture": "#3"},
				"south": {"uv": [3, 9, 4.5, 10], "texture": "#3"},
				"west": {"uv": [11, 8.5, 12, 9.5], "texture": "#3"},
				"up": {"uv": [10.5, 4, 9, 3], "texture": "#3"},
				"down": {"uv": [10.5, 4, 9, 5], "texture": "#3"}
			}
		},
		{
			"from": [6.5, 9, 7],
			"to": [9.5, 10, 8],
			"rotation": {"angle": 0, "axis": "y", "origin": [7.99996, 7.67965, 6.21364]},
			"faces": {
				"north": {"uv": [12, 2.5, 13.5, 3], "texture": "#3"},
				"east": {"uv": [9.5, 7, 10, 7.5], "texture": "#3"},
				"south": {"uv": [12, 3, 13.5, 3.5], "texture": "#3"},
				"west": {"uv": [12.5, 13, 13, 13.5], "texture": "#3"},
				"up": {"uv": [13.5, 4, 12, 3.5], "texture": "#3"},
				"down": {"uv": [13.5, 4, 12, 4.5], "texture": "#3"}
			}
		},
		{
			"from": [6.5, 6, 4],
			"to": [9.5, 10, 5],
			"rotation": {"angle": 0, "axis": "x", "origin": [7.99996, 7.67965, 6.21364]},
			"faces": {
				"north": {"uv": [0, 3.5, 1.5, 5.5], "texture": "#3"},
				"east": {"uv": [9.5, 11, 10, 13], "texture": "#3"},
				"south": {"uv": [1.5, 3.5, 3, 5.5], "texture": "#3"},
				"west": {"uv": [10, 11, 10.5, 13], "texture": "#3"},
				"up": {"uv": [13.5, 5, 12, 4.5], "texture": "#3"},
				"down": {"uv": [8, 12, 6.5, 12.5], "texture": "#3"}
			}
		},
		{
			"from": [7, 6, 5],
			"to": [9, 8, 7],
			"rotation": {"angle": 0, "axis": "y", "origin": [7.99996, 7.67965, 6.21364]},
			"faces": {
				"north": {"uv": [11, 9.5, 12, 10.5], "texture": "#3"},
				"east": {"uv": [10.5, 11, 11.5, 12], "texture": "#3"},
				"south": {"uv": [0, 11.5, 1, 12.5], "texture": "#3"},
				"west": {"uv": [3.5, 11.5, 4.5, 12.5], "texture": "#3"},
				"up": {"uv": [5.5, 12.5, 4.5, 11.5], "texture": "#3"},
				"down": {"uv": [6.5, 11.5, 5.5, 12.5], "texture": "#3"}
			}
		},
		{
			"from": [6.5, 6.5, 4.999],
			"to": [9.5, 7.5, 6.999],
			"rotation": {"angle": 0, "axis": "y", "origin": [7.99996, 7.67965, 6.21364]},
			"faces": {
				"north": {"uv": [12, 7.5, 13.5, 8], "texture": "#3"},
				"east": {"uv": [6.5, 2.5, 7.5, 3], "texture": "#3"},
				"south": {"uv": [8, 12, 9.5, 12.5], "texture": "#3"},
				"west": {"uv": [6.5, 10.5, 7.5, 11], "texture": "#3"},
				"up": {"uv": [10.5, 6, 9, 5], "texture": "#3"},
				"down": {"uv": [2.5, 9.5, 1, 10.5], "texture": "#3"}
			}
		},
		{
			"from": [6.5, 9, -3],
			"to": [9.5, 10, 4],
			"rotation": {"angle": 0, "axis": "y", "origin": [7.99996, 7.67965, 6.21364]},
			"faces": {
				"north": {"uv": [12, 8, 13.5, 8.5], "texture": "#3"},
				"east": {"uv": [9, 1, 12.5, 1.5], "texture": "#3"},
				"south": {"uv": [12, 8.5, 13.5, 9], "texture": "#3"},
				"west": {"uv": [9, 1.5, 12.5, 2], "texture": "#3"},
				"up": {"uv": [1.5, 3.5, 0, 0], "texture": "#3"},
				"down": {"uv": [3, 0, 1.5, 3.5], "texture": "#3"}
			}
		},
		{
			"from": [7.5, 10, -2],
			"to": [8.5, 11, 0],
			"rotation": {"angle": 0, "axis": "y", "origin": [7.99996, 7.67965, 6.21364]},
			"faces": {
				"north": {"uv": [13, 12.5, 13.5, 13], "texture": "#3"},
				"east": {"uv": [8.5, 11.5, 9.5, 12], "texture": "#3"},
				"south": {"uv": [13, 13, 13.5, 13.5], "texture": "#3"},
				"west": {"uv": [12.5, 1, 13.5, 1.5], "texture": "#3"},
				"up": {"uv": [5, 8.5, 4.5, 7.5], "texture": "#3"},
				"down": {"uv": [6, 12.5, 5.5, 13.5], "texture": "#3"}
			}
		},
		{
			"from": [6, 6, -3],
			"to": [10, 9, -1],
			"rotation": {"angle": 0, "axis": "y", "origin": [7.99996, 7.67965, 6.21364]},
			"faces": {
				"north": {"uv": [4.5, 0, 6.5, 1.5], "texture": "#3"},
				"east": {"uv": [4.5, 9.5, 5.5, 11], "texture": "#3"},
				"south": {"uv": [4.5, 1.5, 6.5, 3], "texture": "#3"},
				"west": {"uv": [5.5, 9.5, 6.5, 11], "texture": "#3"},
				"up": {"uv": [10, 8.5, 8, 7.5], "texture": "#3"},
				"down": {"uv": [6.5, 8.5, 4.5, 9.5], "texture": "#3"}
			}
		},
		{
			"from": [6, 6, 2],
			"to": [10, 9, 4],
			"rotation": {"angle": 0, "axis": "y", "origin": [7.99996, 7.67965, 11.21364]},
			"faces": {
				"north": {"uv": [1, 5.5, 3, 7], "texture": "#3"},
				"east": {"uv": [3.5, 10, 4.5, 11.5], "texture": "#3"},
				"south": {"uv": [5.5, 3, 7.5, 4.5], "texture": "#3"},
				"west": {"uv": [10, 7, 11, 8.5], "texture": "#3"},
				"up": {"uv": [9.5, 9.5, 7.5, 8.5], "texture": "#3"},
				"down": {"uv": [11, 0, 9, 1], "texture": "#3"}
			}
		},
		{
			"from": [6, 8, -1],
			"to": [10, 9, 2],
			"rotation": {"angle": 0, "axis": "y", "origin": [7.99996, 9.67965, 8.21364]},
			"faces": {
				"north": {"uv": [11.5, 11.5, 13.5, 12], "texture": "#3"},
				"east": {"uv": [12, 10, 13.5, 10.5], "texture": "#3"},
				"south": {"uv": [12, 2, 14, 2.5], "texture": "#3"},
				"west": {"uv": [12, 10.5, 13.5, 11], "texture": "#3"},
				"up": {"uv": [7.5, 6, 5.5, 4.5], "texture": "#3"},
				"down": {"uv": [5, 6, 3, 7.5], "texture": "#3"}
			}
		},
		{
			"from": [6.5, 6, -1],
			"to": [9.5, 8, 2],
			"rotation": {"angle": 0, "axis": "y", "origin": [8.49996, 7.67965, 8.21364]},
			"faces": {
				"north": {"uv": [0, 10.5, 1.5, 11.5], "texture": "#3"},
				"east": {"uv": [10.5, 2, 12, 3], "texture": "#3"},
				"south": {"uv": [10.5, 3, 12, 4], "texture": "#3"},
				"west": {"uv": [10.5, 4, 12, 5], "texture": "#3"},
				"up": {"uv": [9, 6, 7.5, 4.5], "texture": "#3"},
				"down": {"uv": [9.5, 6, 8, 7.5], "texture": "#3"}
			}
		},
		{
			"from": [5.38791, 5.92284, -1],
			"to": [6.38791, 8.92284, 2],
			"rotation": {"angle": -22.5, "axis": "z", "origin": [5.88791, 7.42284, -1.5]},
			"faces": {
				"north": {"uv": [12, 12, 12.5, 13.5], "texture": "#3"},
				"east": {"uv": [7.5, 0, 9, 1.5], "texture": "#3"},
				"south": {"uv": [0, 12.5, 0.5, 14], "texture": "#3"},
				"west": {"uv": [7.5, 1.5, 9, 3], "texture": "#3"},
				"up": {"uv": [1, 14, 0.5, 12.5], "texture": "#3"},
				"down": {"uv": [3, 12.5, 2.5, 14], "texture": "#3"}
			}
		},
		{
			"from": [9.61209, 5.92284, -1],
			"to": [10.61209, 8.92284, 2],
			"rotation": {"angle": 22.5, "axis": "z", "origin": [10.11209, 7.42284, -1.5]},
			"faces": {
				"north": {"uv": [3.5, 12.5, 4, 14], "texture": "#3"},
				"east": {"uv": [3, 7.5, 4.5, 9], "texture": "#3"},
				"south": {"uv": [4, 12.5, 4.5, 14], "texture": "#3"},
				"west": {"uv": [7.5, 3, 9, 4.5], "texture": "#3"},
				"up": {"uv": [5, 14, 4.5, 12.5], "texture": "#3"},
				"down": {"uv": [5.5, 12.5, 5, 14], "texture": "#3"}
			}
		},
		{
			"from": [7, 7, 7],
			"to": [9, 8, 13],
			"rotation": {"angle": 0, "axis": "y", "origin": [7.99996, 7.67965, 6.21364]},
			"faces": {
				"north": {"uv": [12.5, 1.5, 13.5, 2], "texture": "#3"},
				"east": {"uv": [9.5, 6, 12.5, 6.5], "texture": "#3"},
				"south": {"uv": [6, 12.5, 7, 13], "texture": "#3"},
				"west": {"uv": [9.5, 6.5, 12.5, 7], "texture": "#3"},
				"up": {"uv": [5.5, 6, 4.5, 3], "texture": "#3"},
				"down": {"uv": [1, 5.5, 0, 8.5], "texture": "#3"}
			}
		},
		{
			"from": [7, 8, 7],
			"to": [9, 9, 12],
			"rotation": {"angle": 0, "axis": "y", "origin": [7.99996, 7.67965, 6.21364]},
			"faces": {
				"north": {"uv": [12.5, 6, 13.5, 6.5], "texture": "#3"},
				"east": {"uv": [10.5, 5, 13, 5.5], "texture": "#3"},
				"south": {"uv": [12.5, 6.5, 13.5, 7], "texture": "#3"},
				"west": {"uv": [10.5, 5.5, 13, 6], "texture": "#3"},
				"up": {"uv": [6, 8.5, 5, 6], "texture": "#3"},
				"down": {"uv": [7, 6, 6, 8.5], "texture": "#3"}
			}
		},
		{
			"from": [7, 9, 8],
			"to": [9, 10, 11],
			"rotation": {"angle": 0, "axis": "y", "origin": [7.99996, 7.67965, 6.21364]},
			"faces": {
				"north": {"uv": [7, 12.5, 8, 13], "texture": "#3"},
				"east": {"uv": [12, 9, 13.5, 9.5], "texture": "#3"},
				"south": {"uv": [8, 12.5, 9, 13], "texture": "#3"},
				"west": {"uv": [12, 9.5, 13.5, 10], "texture": "#3"},
				"up": {"uv": [8.5, 11, 7.5, 9.5], "texture": "#3"},
				"down": {"uv": [9.5, 9.5, 8.5, 11], "texture": "#3"}
			}
		},
		{
			"from": [7.5, 1.2, 11.4],
			"to": [8.5, 3.2, 14.4],
			"rotation": {"angle": 0, "axis": "x", "origin": [7.99996, 7.67965, 6.21364]},
			"faces": {
				"north": {"uv": [9, 12.5, 9.5, 13.5], "texture": "#3"},
				"east": {"uv": [9.5, 8.5, 11, 9.5], "texture": "#3"},
				"south": {"uv": [12.5, 12, 13, 13], "texture": "#3"},
				"west": {"uv": [9.5, 9.5, 11, 10.5], "texture": "#3"},
				"up": {"uv": [1.5, 13, 1, 11.5], "texture": "#3"},
				"down": {"uv": [11, 12, 10.5, 13.5], "texture": "#3"}
			}
		},
		{
			"from": [7.5002, 0.41351, 8.91676],
			"to": [8.4992, 6.41351, 11.91676],
			"rotation": {"angle": -22.5, "axis": "x", "origin": [7.99996, 7.67965, 6.21364]},
			"faces": {
				"north": {"uv": [2.5, 9.5, 3, 12.5], "texture": "#3"},
				"east": {"uv": [3, 0, 4.5, 3], "texture": "#3"},
				"south": {"uv": [3, 10, 3.5, 13], "texture": "#3"},
				"west": {"uv": [3, 3, 4.5, 6], "texture": "#3"},
				"up": {"uv": [11.5, 13.5, 11, 12], "texture": "#3"},
				"down": {"uv": [12, 12, 11.5, 13.5], "texture": "#3"}
			}
		},
		{
			"from": [7, 3.41351, 8.91676],
			"to": [9, 4.41351, 12.91676],
			"rotation": {"angle": -22.5, "axis": "x", "origin": [7.99996, 7.67965, 6.21364]},
			"faces": {
				"north": {"uv": [1, 13, 2, 13.5], "texture": "#3"},
				"east": {"uv": [6.5, 11.5, 8.5, 12], "texture": "#3"},
				"south": {"uv": [13, 5, 14, 5.5], "texture": "#3"},
				"west": {"uv": [11.5, 11, 13.5, 11.5], "texture": "#3"},
				"up": {"uv": [1, 10.5, 0, 8.5], "texture": "#3"},
				"down": {"uv": [7.5, 8.5, 6.5, 10.5], "texture": "#3"}
			}
		},
		{
			"from": [7.5, 5, 5.5],
			"to": [8.5, 6, 10.5],
			"rotation": {"angle": 0, "axis": "x", "origin": [7.99996, 7.67965, 6.21364]},
			"faces": {
				"north": {"uv": [13.5, 0, 14, 0.5], "texture": "#3"},
				"east": {"uv": [9.5, 10.5, 12, 11], "texture": "#3"},
				"south": {"uv": [13.5, 0.5, 14, 1], "texture": "#3"},
				"west": {"uv": [11, 0, 13.5, 0.5], "texture": "#3"},
				"up": {"uv": [2, 13, 1.5, 10.5], "texture": "#3"},
				"down": {"uv": [2.5, 10.5, 2, 13], "texture": "#3"}
			}
		},
		{
			"from": [7.5005, 7.4459, 9.31789],
			"to": [8.4985, 8.4459, 10.31789],
			"rotation": {"angle": 22.5, "axis": "x", "origin": [7.99996, 7.67965, 6.21364]},
			"faces": {
				"north": {"uv": [1, 13.5, 1.5, 14], "texture": "#3"},
				"east": {"uv": [13.5, 1, 14, 1.5], "texture": "#3"},
				"south": {"uv": [1.5, 13.5, 2, 14], "texture": "#3"},
				"west": {"uv": [13.5, 1.5, 14, 2], "texture": "#3"},
				"up": {"uv": [14, 3, 13.5, 2.5], "texture": "#3"},
				"down": {"uv": [14, 3, 13.5, 3.5], "texture": "#3"}
			}
		},
		{
			"from": [7, 9.5, 2],
			"to": [9, 10.5, 7],
			"rotation": {"angle": 0, "axis": "x", "origin": [7.99996, 7.67965, 6.21364]},
			"faces": {
				"north": {"uv": [13, 5.5, 14, 6], "texture": "#3"},
				"east": {"uv": [11, 0.5, 13.5, 1], "texture": "#3"},
				"south": {"uv": [6, 13, 7, 13.5], "texture": "#3"},
				"west": {"uv": [4.5, 11, 7, 11.5], "texture": "#3"},
				"up": {"uv": [7.5, 2.5, 6.5, 0], "texture": "#3"},
				"down": {"uv": [2, 7, 1, 9.5], "texture": "#3"}
			}
		},
		{
			"from": [7, 5.5, -2],
			"to": [9, 6.5, 3],
			"rotation": {"angle": 0, "axis": "x", "origin": [7.99996, 7.67965, 6.21364]},
			"faces": {
				"north": {"uv": [7, 13, 8, 13.5], "texture": "#3"},
				"east": {"uv": [7, 11, 9.5, 11.5], "texture": "#3"},
				"south": {"uv": [8, 13, 9, 13.5], "texture": "#3"},
				"west": {"uv": [11, 7, 13.5, 7.5], "texture": "#3"},
				"up": {"uv": [3, 9.5, 2, 7], "texture": "#3"},
				"down": {"uv": [8, 6, 7, 8.5], "texture": "#3"}
			}
		},
		{
			"from": [7.5, 7.5, -3.001],
			"to": [8.5, 8.5, -3.001],
			"rotation": {"angle": 0, "axis": "x", "origin": [7.99996, 7.67965, 6.21364]},
			"faces": {
				"north": {"uv": [13.5, 3.5, 14, 4], "texture": "#3"},
				"east": {"uv": [0, 0, 0, 0.5], "texture": "#3"},
				"south": {"uv": [13.5, 4, 14, 4.5], "texture": "#3"},
				"west": {"uv": [0, 0, 0, 0.5], "texture": "#3"},
				"up": {"uv": [0.5, 0, 0, 0], "texture": "#3"},
				"down": {"uv": [0.5, 0, 0, 0], "texture": "#3"}
			}
		},
		{
			"from": [7.5, 10, 8],
			"to": [8.5, 11, 10],
			"rotation": {"angle": 0, "axis": "z", "origin": [7.99996, 7.67965, 6.21364]},
			"faces": {
				"north": {"uv": [13.5, 4.5, 14, 5], "texture": "#3"},
				"east": {"uv": [9.5, 13, 10.5, 13.5], "texture": "#3"},
				"south": {"uv": [5.5, 13.5, 6, 14], "texture": "#3"},
				"west": {"uv": [13, 12, 14, 12.5], "texture": "#3"},
				"up": {"uv": [2.5, 14, 2, 13], "texture": "#3"},
				"down": {"uv": [3.5, 13, 3, 14], "texture": "#3"}
			}
		}
	],
	"gui_light": "front",
	"display": {
		"thirdperson_righthand": {
			"rotation": [0, -12, 0],
			"translation": [0.75, 0.75, -0.75],
			"scale": [0.75, 0.75, 0.75]
		},
		"thirdperson_lefthand": {
			"rotation": [0, -12, 0],
			"translation": [0.75, 0.75, -0.75],
			"scale": [0.75, 0.75, 0.75]
		},
		"firstperson_righthand": {
			"rotation": [20, -10, 1],
			"translation": [9, 15, 2.5],
			"scale": [0.85, 0.85, 0.85]
		},
		"firstperson_lefthand": {
			"rotation": [20, -10, 1],
			"translation": [9, 15, 2.5],
			"scale": [0.85, 0.85, 0.85]
		},
		"ground": {
			"translation": [0, 4, 0],
			"scale": [0.55, 0.55, 0.55]
		},
		"gui": {
			"rotation": [-90, 135, 90],
			"translation": [1, 0, 0],
			"scale": [0.75, 0.75, 0.75]
		},
		"head": {
			"translation": [0, -3, 1.75],
			"scale": [2.3, 2.3, 2.3]
		},
		"fixed": {
			"rotation": [-90, -135, -90],
			"translation": [-1, 0.25, -0.25],
			"scale": [0.75, 0.75, 0.75]
		}
	}
}