{
    "parent": "item/handheld",
    "textures": {
        "layer0": "item/stone_shovel"
    },
    "overrides": [
        {
            "predicate": {
                "damaged": 0,
                "damage": 0.75
            },
            "model": "item/stone_shovel_06"
        },
        {
            "predicate": {
                "damaged": 0,
                "damage": 0.80
            },
            "model": "item/stone_shovel_05"
        },
        {
            "predicate": {
                "damaged": 0,
                "damage": 0.85
            },
            "model": "item/stone_shovel_04"
        },
        {
            "predicate": {
                "damaged": 0,
                "damage": 0.90
            },
            "model": "item/stone_shovel_03"
        },
        {
            "predicate": {
            	"damaged": 0,
                "damage": 0.95
            },
            "model": "item/stone_shovel_01"
        },
        {
            "predicate": {
                "damaged": 1,
                "damage": 0.0
            },
            "model": "item/stone_shovel_02"
        }
    ]
}