{
	"credit": "Made with Blockbench",
	"parent": "minecraft:item/handheld",
	"textures": {
		"layer0": "item/wood_wand"
	},
	"display": {
		"thirdperson_righthand": {
			"rotation": [-43, -90, 0],
			"translation": [0, 2.25, 1.5]
		},
		"thirdperson_lefthand": {
			"rotation": [-43, 90, 0],
			"translation": [0, 2.25, 1.5]
		},
		"firstperson_righthand": {
			"rotation": [0, -90, 29],
			"translation": [5.5, -0.75, -6]
		},
		"firstperson_lefthand": {
			"rotation": [0, 90, -29],
			"translation": [5.5, -0.75, -6]
		},
		"gui": {
			"rotation": [0, 0, 90]
		}
	}
}