{
	"credit": "Made with Blockbench",
	"parent": "SVDgun",
	"texture_size": [64, 64],
	"textures": {
		"3": "block/SVDgun",
		"particle": "brown_shulker_box"
	},
	"elements": [
		{
			"from": [7.5, 12, -16],
			"to": [8.5, 13.25, -6],
			"faces": {
				"north": {"uv": [1.5, 7, 1.75, 7.3125], "texture": "#3"},
				"east": {"uv": [2.5, 0, 5, 0.3125], "texture": "#3"},
				"south": {"uv": [4, 7, 4.25, 7.3125], "texture": "#3"},
				"west": {"uv": [2.5, 0.5, 5, 0.8125], "texture": "#3"},
				"up": {"uv": [2.75, 4.75, 2.5, 2.25], "texture": "#3"},
				"down": {"uv": [3, 2.25, 2.75, 4.75], "texture": "#3"}
			}
		},
		{
			"from": [7.5, 11.75, 6],
			"to": [8.5, 14.25, 8],
			"faces": {
				"north": {"uv": [3.5, 6, 3.75, 6.625], "texture": "#3"},
				"east": {"uv": [4, 3, 4.5, 3.625], "texture": "#3"},
				"south": {"uv": [3.75, 6, 4, 6.625], "texture": "#3"},
				"west": {"uv": [3.75, 4.25, 4.25, 4.875], "texture": "#3"},
				"up": {"uv": [7, 3, 6.75, 2.5], "texture": "#3"},
				"down": {"uv": [7, 3, 6.75, 3.5], "texture": "#3"}
			}
		},
		{
			"from": [7.5, 11.85, -2],
			"to": [8.5, 14.35, 6],
			"faces": {
				"north": {"uv": [6, 2.75, 6.25, 3.375], "texture": "#3"},
				"east": {"uv": [0, 1.5, 2, 2.125], "texture": "#3"},
				"south": {"uv": [3.25, 6, 3.5, 6.625], "texture": "#3"},
				"west": {"uv": [2, 1.5, 4, 2.125], "texture": "#3"},
				"up": {"uv": [2, 6, 1.75, 4], "texture": "#3"},
				"down": {"uv": [2.25, 4, 2, 6], "texture": "#3"}
			}
		},
		{
			"from": [7.5, 11.95, -6],
			"to": [8.5, 14.2, -2],
			"faces": {
				"north": {"uv": [5.25, 6.25, 5.5, 6.8125], "texture": "#3"},
				"east": {"uv": [0.75, 3.25, 1.75, 3.8125], "texture": "#3"},
				"south": {"uv": [5.5, 6.25, 5.75, 6.8125], "texture": "#3"},
				"west": {"uv": [3.25, 2.25, 4.25, 2.8125], "texture": "#3"},
				"up": {"uv": [5, 6.25, 4.75, 5.25], "texture": "#3"},
				"down": {"uv": [5.25, 5.25, 5, 6.25], "texture": "#3"}
			}
		},
		{
			"from": [7.5, 11.75, 8],
			"to": [8.5, 14.25, 18],
			"faces": {
				"north": {"uv": [4, 6, 4.25, 6.625], "texture": "#3"},
				"east": {"uv": [0, 0, 2.5, 0.625], "texture": "#3"},
				"south": {"uv": [6.25, 2, 6.5, 2.625], "texture": "#3"},
				"west": {"uv": [0, 0.75, 2.5, 1.375], "texture": "#3"},
				"up": {"uv": [3.25, 4.75, 3, 2.25], "texture": "#3"},
				"down": {"uv": [0.75, 3.25, 0.5, 5.75], "texture": "#3"}
			}
		},
		{
			"from": [7.5, 8.8, 9],
			"to": [8.5, 11.8, 12],
			"faces": {
				"north": {"uv": [2.25, 4, 2.5, 4.75], "texture": "#3"},
				"east": {"uv": [1.75, 3.25, 2.5, 4], "texture": "#3"},
				"south": {"uv": [1.75, 6, 2, 6.75], "texture": "#3"},
				"west": {"uv": [3.25, 3, 4, 3.75], "texture": "#3"},
				"up": {"uv": [2.25, 6.75, 2, 6], "texture": "#3"},
				"down": {"uv": [6.25, 2, 6, 2.75], "texture": "#3"}
			}
		},
		{
			"from": [7.5, 14.25, 11],
			"to": [8.5, 15.25, 12],
			"faces": {
				"north": {"uv": [4, 2, 4.25, 2.25], "texture": "#3"},
				"east": {"uv": [5, 4, 5.25, 4.25], "texture": "#3"},
				"south": {"uv": [5.5, 3.75, 5.75, 4], "texture": "#3"},
				"west": {"uv": [6, 3.5, 6.25, 3.75], "texture": "#3"},
				"up": {"uv": [6.75, 2.75, 6.5, 2.5], "texture": "#3"},
				"down": {"uv": [5.25, 6.75, 5, 7], "texture": "#3"}
			}
		},
		{
			"from": [7.5, 14.25, 14],
			"to": [8.5, 15.25, 15],
			"faces": {
				"north": {"uv": [4.25, 7.25, 4.5, 7.5], "texture": "#3"},
				"east": {"uv": [4.5, 7.25, 4.75, 7.5], "texture": "#3"},
				"south": {"uv": [4.75, 7.25, 5, 7.5], "texture": "#3"},
				"west": {"uv": [7.25, 5.75, 7.5, 6], "texture": "#3"},
				"up": {"uv": [7.5, 6.25, 7.25, 6], "texture": "#3"},
				"down": {"uv": [6.5, 7.25, 6.25, 7.5], "texture": "#3"}
			}
		},
		{
			"from": [7.25, 14.9, 6],
			"to": [8.75, 16.4, 9],
			"faces": {
				"north": {"uv": [5.75, 6.25, 6.125, 6.625], "texture": "#3"},
				"east": {"uv": [5.25, 2, 6, 2.375], "texture": "#3"},
				"south": {"uv": [0.5, 6.5, 0.875, 6.875], "texture": "#3"},
				"west": {"uv": [5.25, 2.5, 6, 2.875], "texture": "#3"},
				"up": {"uv": [4.875, 3.75, 4.5, 3], "texture": "#3"},
				"down": {"uv": [3.625, 5.25, 3.25, 6], "texture": "#3"}
			}
		},
		{
			"from": [7.1, 14.75, 5],
			"to": [8.85, 16.5, 6],
			"faces": {
				"north": {"uv": [5.75, 5.25, 6.1875, 5.6875], "texture": "#3"},
				"east": {"uv": [6.75, 4.25, 7, 4.6875], "texture": "#3"},
				"south": {"uv": [5.75, 5.75, 6.1875, 6.1875], "texture": "#3"},
				"west": {"uv": [4.75, 6.75, 5, 7.1875], "texture": "#3"},
				"up": {"uv": [6.1875, 7, 5.75, 6.75], "texture": "#3"},
				"down": {"uv": [6.9375, 6.75, 6.5, 7], "texture": "#3"}
			}
		},
		{
			"from": [7.35, 15, 9],
			"to": [8.6, 16.25, 16],
			"faces": {
				"north": {"uv": [7, 0, 7.3125, 0.3125], "texture": "#3"},
				"east": {"uv": [2.5, 1, 4.25, 1.3125], "texture": "#3"},
				"south": {"uv": [0.5, 7, 0.8125, 7.3125], "texture": "#3"},
				"west": {"uv": [3.25, 3.75, 5, 4.0625], "texture": "#3"},
				"up": {"uv": [1.0625, 5.75, 0.75, 4], "texture": "#3"},
				"down": {"uv": [1.5625, 4, 1.25, 5.75], "texture": "#3"}
			}
		},
		{
			"from": [7.5, 15.2, 16],
			"to": [8.5, 16.2, 17],
			"faces": {
				"north": {"uv": [6.5, 7.25, 6.75, 7.5], "texture": "#3"},
				"east": {"uv": [6.75, 7.25, 7, 7.5], "texture": "#3"},
				"south": {"uv": [7, 7.25, 7.25, 7.5], "texture": "#3"},
				"west": {"uv": [7.25, 7.25, 7.5, 7.5], "texture": "#3"},
				"up": {"uv": [0.25, 7.75, 0, 7.5], "texture": "#3"},
				"down": {"uv": [7.75, 0, 7.5, 0.25], "texture": "#3"}
			}
		},
		{
			"from": [7.4, 15.1, 17],
			"to": [8.65, 16.35, 18.75],
			"faces": {
				"north": {"uv": [1, 7, 1.3125, 7.3125], "texture": "#3"},
				"east": {"uv": [6.5, 6.25, 6.9375, 6.5625], "texture": "#3"},
				"south": {"uv": [7, 1.5, 7.3125, 1.8125], "texture": "#3"},
				"west": {"uv": [6.75, 0.5, 7.1875, 0.8125], "texture": "#3"},
				"up": {"uv": [2.0625, 7.1875, 1.75, 6.75], "texture": "#3"},
				"down": {"uv": [2.5625, 6.75, 2.25, 7.1875], "texture": "#3"}
			}
		},
		{
			"from": [7.2, 15, 18.7],
			"to": [8.7, 16.5, 18.95],
			"faces": {
				"north": {"uv": [1, 6.5, 1.375, 6.875], "texture": "#3"},
				"east": {"uv": [7.5, 4.25, 7.5625, 4.625], "texture": "#3"},
				"south": {"uv": [6.5, 1.5, 6.875, 1.875], "texture": "#3"},
				"west": {"uv": [4.75, 7.5, 4.8125, 7.875], "texture": "#3"},
				"up": {"uv": [7.875, 4.8125, 7.5, 4.75], "texture": "#3"},
				"down": {"uv": [5.375, 7.5, 5, 7.5625], "texture": "#3"}
			}
		},
		{
			"from": [7.3, 15.1, 18.9],
			"to": [8.55, 16.35, 19.15],
			"faces": {
				"north": {"uv": [7, 2, 7.3125, 2.3125], "texture": "#3"},
				"east": {"uv": [7.5, 6.5, 7.5625, 6.8125], "texture": "#3"},
				"south": {"uv": [7, 2.5, 7.3125, 2.8125], "texture": "#3"},
				"west": {"uv": [7, 7.5, 7.0625, 7.8125], "texture": "#3"},
				"up": {"uv": [7.8125, 7.0625, 7.5, 7], "texture": "#3"},
				"down": {"uv": [7.5625, 7.5, 7.25, 7.5625], "texture": "#3"}
			}
		},
		{
			"from": [7.2, 15, 19.1],
			"to": [8.7, 16.5, 19.35],
			"faces": {
				"north": {"uv": [6.5, 2, 6.875, 2.375], "texture": "#3"},
				"east": {"uv": [7.5, 5, 7.5625, 5.375], "texture": "#3"},
				"south": {"uv": [6.5, 4.75, 6.875, 5.125], "texture": "#3"},
				"west": {"uv": [5.5, 7.5, 5.5625, 7.875], "texture": "#3"},
				"up": {"uv": [7.875, 5.5625, 7.5, 5.5], "texture": "#3"},
				"down": {"uv": [6.125, 7.5, 5.75, 7.5625], "texture": "#3"}
			}
		},
		{
			"from": [7.4, 15.1, 19.3],
			"to": [8.65, 16.35, 19.8],
			"faces": {
				"north": {"uv": [3, 7, 3.3125, 7.3125], "texture": "#3"},
				"east": {"uv": [2.25, 7.5, 2.375, 7.8125], "texture": "#3"},
				"south": {"uv": [7, 3, 7.3125, 3.3125], "texture": "#3"},
				"west": {"uv": [7.5, 2.25, 7.625, 2.5625], "texture": "#3"},
				"up": {"uv": [7.8125, 2.875, 7.5, 2.75], "texture": "#3"},
				"down": {"uv": [3.3125, 7.5, 3, 7.625], "texture": "#3"}
			}
		},
		{
			"from": [7.4, 15.1, 19.3],
			"to": [8.65, 16.35, 20.3],
			"faces": {
				"north": {"uv": [3.5, 7, 3.8125, 7.3125], "texture": "#3"},
				"east": {"uv": [7, 5.75, 7.25, 6.0625], "texture": "#3"},
				"south": {"uv": [7, 4.25, 7.3125, 4.5625], "texture": "#3"},
				"west": {"uv": [6, 7, 6.25, 7.3125], "texture": "#3"},
				"up": {"uv": [7.3125, 6.5, 7, 6.25], "texture": "#3"},
				"down": {"uv": [6.8125, 7, 6.5, 7.25], "texture": "#3"}
			}
		},
		{
			"from": [7.2, 15, 20.1],
			"to": [8.7, 16.5, 20.35],
			"faces": {
				"north": {"uv": [6.5, 5.25, 6.875, 5.625], "texture": "#3"},
				"east": {"uv": [7.5, 5.75, 7.5625, 6.125], "texture": "#3"},
				"south": {"uv": [6.5, 5.75, 6.875, 6.125], "texture": "#3"},
				"west": {"uv": [6.25, 7.5, 6.3125, 7.875], "texture": "#3"},
				"up": {"uv": [7.875, 6.3125, 7.5, 6.25], "texture": "#3"},
				"down": {"uv": [6.875, 7.5, 6.5, 7.5625], "texture": "#3"}
			}
		},
		{
			"from": [7.25, 10, 16.25],
			"to": [8.5, 12, 18.25],
			"faces": {
				"north": {"uv": [6.25, 0.5, 6.5625, 1], "texture": "#3"},
				"east": {"uv": [5.25, 5, 5.75, 5.5], "texture": "#3"},
				"south": {"uv": [2.25, 6.25, 2.5625, 6.75], "texture": "#3"},
				"west": {"uv": [5.5, 0, 6, 0.5], "texture": "#3"},
				"up": {"uv": [6.5625, 3.25, 6.25, 2.75], "texture": "#3"},
				"down": {"uv": [6.5625, 3.25, 6.25, 3.75], "texture": "#3"}
			}
		},
		{
			"from": [7.25, 0, 19.4],
			"to": [8.5, 3, 20.65],
			"rotation": {"angle": -22.5, "axis": "x", "origin": [0, 0, 0]},
			"faces": {
				"north": {"uv": [5.5, 3, 5.8125, 3.75], "texture": "#3"},
				"east": {"uv": [5.25, 5.5, 5.5625, 6.25], "texture": "#3"},
				"south": {"uv": [0.5, 5.75, 0.8125, 6.5], "texture": "#3"},
				"west": {"uv": [1, 5.75, 1.3125, 6.5], "texture": "#3"},
				"up": {"uv": [7.3125, 5.0625, 7, 4.75], "texture": "#3"},
				"down": {"uv": [5.3125, 7, 5, 7.3125], "texture": "#3"}
			}
		},
		{
			"from": [7.25, 8.5, 18.2],
			"to": [8.5, 9, 22.2],
			"faces": {
				"north": {"uv": [7.5, 3, 7.8125, 3.125], "texture": "#3"},
				"east": {"uv": [3.25, 6.75, 4.25, 6.875], "texture": "#3"},
				"south": {"uv": [7.5, 3.25, 7.8125, 3.375], "texture": "#3"},
				"west": {"uv": [6.75, 3.5, 7.75, 3.625], "texture": "#3"},
				"up": {"uv": [4.5625, 5.25, 4.25, 4.25], "texture": "#3"},
				"down": {"uv": [5.0625, 2, 4.75, 3], "texture": "#3"}
			}
		},
		{
			"from": [7.25, 11.75, 18],
			"to": [8.5, 12.5, 22],
			"faces": {
				"north": {"uv": [1, 7.5, 1.3125, 7.6875], "texture": "#3"},
				"east": {"uv": [6, 0, 7, 0.1875], "texture": "#3"},
				"south": {"uv": [1.5, 7.5, 1.8125, 7.6875], "texture": "#3"},
				"west": {"uv": [6, 0.25, 7, 0.4375], "texture": "#3"},
				"up": {"uv": [2.5625, 5.75, 2.25, 4.75], "texture": "#3"},
				"down": {"uv": [3.0625, 4.75, 2.75, 5.75], "texture": "#3"}
			}
		},
		{
			"from": [7.25, 12.5, 21],
			"to": [8.5, 13.75, 24],
			"faces": {
				"north": {"uv": [7, 5.25, 7.3125, 5.5625], "texture": "#3"},
				"east": {"uv": [5.5, 0.5, 6.25, 0.8125], "texture": "#3"},
				"south": {"uv": [5.5, 7, 5.8125, 7.3125], "texture": "#3"},
				"west": {"uv": [2.25, 5.75, 3, 6.0625], "texture": "#3"},
				"up": {"uv": [6.0625, 4.5, 5.75, 3.75], "texture": "#3"},
				"down": {"uv": [6.0625, 4.5, 5.75, 5.25], "texture": "#3"}
			}
		},
		{
			"from": [7.25, 9.8, 14.9],
			"to": [8.5, 10.05, 16.9],
			"faces": {
				"north": {"uv": [7.75, 0, 8.0625, 0.0625], "texture": "#3"},
				"east": {"uv": [3.75, 7.5, 4.25, 7.5625], "texture": "#3"},
				"south": {"uv": [7.75, 0.25, 8.0625, 0.3125], "texture": "#3"},
				"west": {"uv": [4.25, 7.5, 4.75, 7.5625], "texture": "#3"},
				"up": {"uv": [6.5625, 4.75, 6.25, 4.25], "texture": "#3"},
				"down": {"uv": [5.0625, 6.25, 4.75, 6.75], "texture": "#3"}
			}
		},
		{
			"from": [7.25, 3.5, 17.4],
			"to": [8.5, 5.5, 17.65],
			"rotation": {"angle": -22.5, "axis": "x", "origin": [0, 0, 0]},
			"faces": {
				"north": {"uv": [6.25, 3.75, 6.5625, 4.25], "texture": "#3"},
				"east": {"uv": [2.5, 7.5, 2.5625, 8], "texture": "#3"},
				"south": {"uv": [4.25, 6.25, 4.5625, 6.75], "texture": "#3"},
				"west": {"uv": [3.5, 7.5, 3.5625, 8], "texture": "#3"},
				"up": {"uv": [7.8125, 7.3125, 7.5, 7.25], "texture": "#3"},
				"down": {"uv": [0.3125, 7.75, 0, 7.8125], "texture": "#3"}
			}
		},
		{
			"from": [7.5, 4.5, 18.4],
			"to": [8.25, 5.5, 18.65],
			"rotation": {"angle": -22.5, "axis": "x", "origin": [0.25, 1, 1]},
			"faces": {
				"north": {"uv": [7.5, 1.5, 7.6875, 1.75], "texture": "#3"},
				"east": {"uv": [0.5, 7.75, 0.5625, 8], "texture": "#3"},
				"south": {"uv": [7.5, 1.75, 7.6875, 2], "texture": "#3"},
				"west": {"uv": [7.75, 0.5, 7.8125, 0.75], "texture": "#3"},
				"up": {"uv": [1.1875, 7.8125, 1, 7.75], "texture": "#3"},
				"down": {"uv": [1.4375, 7.75, 1.25, 7.8125], "texture": "#3"}
			}
		},
		{
			"from": [7.5, 10.8, 15.9],
			"to": [8.25, 11.05, 16.9],
			"rotation": {"angle": 0, "axis": "y", "origin": [0.25, 1, 1]},
			"faces": {
				"north": {"uv": [1.5, 7.75, 1.6875, 7.8125], "texture": "#3"},
				"east": {"uv": [0.75, 7.75, 1, 7.8125], "texture": "#3"},
				"south": {"uv": [7.75, 1.5, 7.9375, 1.5625], "texture": "#3"},
				"west": {"uv": [7.75, 0.75, 8, 0.8125], "texture": "#3"},
				"up": {"uv": [2.1875, 7.75, 2, 7.5], "texture": "#3"},
				"down": {"uv": [7.6875, 2, 7.5, 2.25], "texture": "#3"}
			}
		},
		{
			"from": [7.25, 8.5, 22],
			"to": [8.5, 12.5, 25.5],
			"faces": {
				"north": {"uv": [4.75, 4.25, 5.0625, 5.25], "texture": "#3"},
				"east": {"uv": [0.5, 2.25, 1.375, 3.25], "texture": "#3"},
				"south": {"uv": [5, 0, 5.3125, 1], "texture": "#3"},
				"west": {"uv": [1.5, 2.25, 2.375, 3.25], "texture": "#3"},
				"up": {"uv": [5.5625, 4.875, 5.25, 4], "texture": "#3"},
				"down": {"uv": [4.5625, 5.25, 4.25, 6.125], "texture": "#3"}
			}
		},
		{
			"from": [7.25, 8.5, 26.5],
			"to": [8.5, 12.5, 28],
			"faces": {
				"north": {"uv": [5, 3, 5.3125, 4], "texture": "#3"},
				"east": {"uv": [4.25, 2, 4.625, 3], "texture": "#3"},
				"south": {"uv": [3.75, 5, 4.0625, 6], "texture": "#3"},
				"west": {"uv": [3.25, 4.25, 3.625, 5.25], "texture": "#3"},
				"up": {"uv": [7.0625, 4.125, 6.75, 3.75], "texture": "#3"},
				"down": {"uv": [4.5625, 6.75, 4.25, 7.125], "texture": "#3"}
			}
		},
		{
			"from": [7.25, 8.5, 25.5],
			"to": [8.5, 9.5, 26.5],
			"faces": {
				"north": {"uv": [7, 6.5, 7.3125, 6.75], "texture": "#3"},
				"east": {"uv": [0.25, 7.5, 0.5, 7.75], "texture": "#3"},
				"south": {"uv": [7, 6.75, 7.3125, 7], "texture": "#3"},
				"west": {"uv": [7.5, 0.25, 7.75, 0.5], "texture": "#3"},
				"up": {"uv": [7.3125, 7.25, 7, 7], "texture": "#3"},
				"down": {"uv": [0.3125, 7.25, 0, 7.5], "texture": "#3"}
			}
		},
		{
			"from": [7.25, 11.5, 25.5],
			"to": [8.5, 12.5, 26.5],
			"faces": {
				"north": {"uv": [7.25, 0.5, 7.5625, 0.75], "texture": "#3"},
				"east": {"uv": [0.5, 7.5, 0.75, 7.75], "texture": "#3"},
				"south": {"uv": [7.25, 0.75, 7.5625, 1], "texture": "#3"},
				"west": {"uv": [0.75, 7.5, 1, 7.75], "texture": "#3"},
				"up": {"uv": [2.0625, 7.5, 1.75, 7.25], "texture": "#3"},
				"down": {"uv": [2.5625, 7.25, 2.25, 7.5], "texture": "#3"}
			}
		},
		{
			"from": [7.5, 9, -9],
			"to": [8.25, 9.25, 10.5],
			"rotation": {"angle": 22.5, "axis": "x", "origin": [0, 0, 0]},
			"faces": {
				"north": {"uv": [1.75, 7.75, 1.9375, 7.8125], "texture": "#3"},
				"east": {"uv": [4.25, 1, 9.125, 1.0625], "texture": "#3"},
				"south": {"uv": [7.75, 1.75, 7.9375, 1.8125], "texture": "#3"},
				"west": {"uv": [4.25, 1.25, 9.125, 1.3125], "texture": "#3"},
				"up": {"uv": [0.1875, 7.125, 0, 2.25], "texture": "#3"},
				"down": {"uv": [0.4375, 2.25, 0.25, 7.125], "texture": "#3"}
			}
		},
		{
			"from": [7.5, -1, 13.75],
			"to": [8.25, -0.75, 18.25],
			"rotation": {"angle": -22.5, "axis": "x", "origin": [0, 0, 0]},
			"faces": {
				"north": {"uv": [2, 7.75, 2.1875, 7.8125], "texture": "#3"},
				"east": {"uv": [7.25, 3.75, 8.375, 3.8125], "texture": "#3"},
				"south": {"uv": [7.75, 2, 7.9375, 2.0625], "texture": "#3"},
				"west": {"uv": [7.25, 4, 8.375, 4.0625], "texture": "#3"},
				"up": {"uv": [1.6875, 6.875, 1.5, 5.75], "texture": "#3"},
				"down": {"uv": [3.1875, 5.75, 3, 6.875], "texture": "#3"}
			}
		},
		{
			"from": [8, -1.25, 18.25],
			"to": [8.25, -0.5, 28.25],
			"rotation": {"angle": -22.5, "axis": "x", "origin": [0, 0, 0]},
			"faces": {
				"north": {"uv": [7.75, 2.25, 7.8125, 2.4375], "texture": "#3"},
				"east": {"uv": [4, 1.5, 6.5, 1.6875], "texture": "#3"},
				"south": {"uv": [7.75, 2.5, 7.8125, 2.6875], "texture": "#3"},
				"west": {"uv": [4, 1.75, 6.5, 1.9375], "texture": "#3"},
				"up": {"uv": [2.8125, 8.75, 2.75, 6.25], "texture": "#3"},
				"down": {"uv": [6.3125, 4.75, 6.25, 7.25], "texture": "#3"}
			}
		}
	],
	"display": {
		"thirdperson_righthand": {
			"translation": [0, -1, -2.25],
			"scale": [0.5, 0.5, 0.51]
		},
		"thirdperson_lefthand": {
			"translation": [0, -1, -3.5],
			"scale": [0.5, 0.5, 0.5]
		},
		"firstperson_righthand": {
			"translation": [-3.5, -0.25, -4.75]
		},
		"firstperson_lefthand": {
			"translation": [-0.75, 1.25, -0.5]
		},
		"gui": {
			"rotation": [90, 50.5, -90],
			"translation": [-0.5, -1, 0],
			"scale": [0.5, 0.5, 0.5]
		},
		"head": {
			"rotation": [109.36, -67.63, -71.94],
			"translation": [0, -8.75, 5],
			"scale": [4, 4, 4]
		},
		"fixed": {
			"rotation": [-90, 47, 90],
			"translation": [2.25, 0.5, 0],
			"scale": [0.5, 0.5, 0.5]
		}
	},
	"groups": [
		{
			"name": "zyunosakippo",
			"origin": [0, 0, 0],
			"color": 0,
			"children": [0, 1, 2, 3, 4]
		},
		5,
		{
			"name": "suko^pu",
			"origin": [8, 8, 8],
			"color": 0,
			"children": [6, 7, 8, 9, 10, 11, 12, 13, 14, 15, 16, 17, 18]
		},
		{
			"name": "usironohou",
			"origin": [8, 8, 8],
			"color": 0,
			"children": [19, 20, 21, 22, 23, 24, 25, 26, 27, 28, 29, 30, 31]
		},
		32,
		33,
		34
	]
}