{
 "parent": "block/jigsaw",
 "overrides": [
  { "predicate": {"custom_model_data": 123456}, "model": "expansion:items/processing_unit"},
  { "predicate": {"custom_model_data": 123457}, "model": "expansion:items/buggy_wheel"},
  { "predicate": {"custom_model_data": 123459}, "model": "expansion:items/steel_ingot"},
  { "predicate": {"custom_model_data": 123460}, "model": "expansion:items/steel_plate"},
  { "predicate": {"custom_model_data": 123461}, "model": "expansion:items/ancient_engine"},
  { "predicate": {"custom_model_data": 123462}, "model": "expansion:items/cooling_coil"},
  { "predicate": {"custom_model_data": 123463}, "model": "expansion:items/spaceship_thruster"},
  { "predicate": {"custom_model_data": 123464}, "model": "expansion:items/spaceship_cockpit"},
  { "predicate": {"custom_model_data": 123465}, "model": "expansion:items/spaceship_engines"},
  { "predicate": {"custom_model_data": 123466}, "model": "expansion:items/spaceship_right_wing"},
  { "predicate": {"custom_model_data": 123467}, "model": "expansion:items/spaceship_left_wing"},
  { "predicate": {"custom_model_data": 123468}, "model": "expansion:items/rocket_top"},
  { "predicate": {"custom_model_data": 123469}, "model": "expansion:items/rocket_cockpit"},
  { "predicate": {"custom_model_data": 123470}, "model": "expansion:items/rocket_bottom"},
  { "predicate": {"custom_model_data": 123471}, "model": "expansion:items/magnet"},

  { "predicate": {"custom_model_data": 123480}, "model": "expansion:items/equipment_modules/mobility"},
  { "predicate": {"custom_model_data": 123481}, "model": "expansion:items/equipment_modules/oxygen"},
  { "predicate": {"custom_model_data": 123482}, "model": "expansion:items/equipment_modules/cooling"},
  { "predicate": {"custom_model_data": 123483}, "model": "expansion:items/equipment_modules/warming"},
  { "predicate": {"custom_model_data": 123484}, "model": "expansion:items/equipment_modules/armored"},

  { "predicate": {"custom_model_data": 124400}, "model": "expansion:blocks/compressor_gui"},
  { "predicate": {"custom_model_data": 124401}, "model": "expansion:gui/gui_filler"},
  { "predicate": {"custom_model_data": 124402}, "model": "expansion:blocks/enhancer_gui"},
  { "predicate": {"custom_model_data": 124403}, "model": "expansion:gui/advancements/advancement_thumbnail"},

  { "predicate": {"custom_model_data": 124410}, "model": "expansion:blocks/arc_furnace_gui"},

  { "predicate": {"custom_model_data": 124430}, "model": "expansion:blocks/arc_furnace_gui_tank_0"},
  { "predicate": {"custom_model_data": 124431}, "model": "expansion:blocks/arc_furnace_gui_tank_1"},
  { "predicate": {"custom_model_data": 124432}, "model": "expansion:blocks/arc_furnace_gui_tank_2"},
  { "predicate": {"custom_model_data": 124433}, "model": "expansion:blocks/arc_furnace_gui_tank_3"},
  { "predicate": {"custom_model_data": 124434}, "model": "expansion:blocks/arc_furnace_gui_tank_4"},
  { "predicate": {"custom_model_data": 124435}, "model": "expansion:blocks/arc_furnace_gui_tank_5"},
  { "predicate": {"custom_model_data": 124436}, "model": "expansion:blocks/arc_furnace_gui_tank_6"},
  { "predicate": {"custom_model_data": 124437}, "model": "expansion:blocks/arc_furnace_gui_tank_7"},
  { "predicate": {"custom_model_data": 124438}, "model": "expansion:blocks/arc_furnace_gui_tank_8"},
  { "predicate": {"custom_model_data": 124439}, "model": "expansion:blocks/arc_furnace_gui_tank_9"},
  { "predicate": {"custom_model_data": 124440}, "model": "expansion:blocks/arc_furnace_gui_tank_10"},
  { "predicate": {"custom_model_data": 124441}, "model": "expansion:blocks/arc_furnace_gui_tank_11"},
  { "predicate": {"custom_model_data": 124442}, "model": "expansion:blocks/arc_furnace_gui_tank_12"},
  { "predicate": {"custom_model_data": 124443}, "model": "expansion:blocks/arc_furnace_gui_tank_13"},
  { "predicate": {"custom_model_data": 124444}, "model": "expansion:blocks/arc_furnace_gui_tank_14"},
  { "predicate": {"custom_model_data": 124445}, "model": "expansion:blocks/arc_furnace_gui_tank_15"},
  { "predicate": {"custom_model_data": 124446}, "model": "expansion:blocks/arc_furnace_gui_tank_16"},

  { "predicate": {"custom_model_data": 124450}, "model": "expansion:blocks/arc_furnace_gui_indicator"},
  { "predicate": {"custom_model_data": 124451}, "model": "expansion:blocks/arc_furnace_gui_indicator_still"},
  
  { "predicate": {"custom_model_data": 125000}, "model": "expansion:mobs/quercus_head"},
  { "predicate": {"custom_model_data": 125001}, "model": "expansion:mobs/quercus_body_0"},
  { "predicate": {"custom_model_data": 125002}, "model": "expansion:mobs/quercus_body_1"},
  { "predicate": {"custom_model_data": 125003}, "model": "expansion:mobs/quercus_body_2"},
  { "predicate": {"custom_model_data": 125004}, "model": "expansion:mobs/quercus_body_3"}
 ]

 
}