{
	"credit": "Made with Blockbench",
	"textures": {
		"0": "block/stone",
		"1": "block/white_concrete",
		"2": "block/anvil",
		"particle": "block/stone"
	},
	"elements": [
		{
			"from": [-0.2, 4, -0.2],
			"to": [15.2, 4.2, 5.2],
			"faces": {
				"north": {"uv": [0, 0, 15.4, 0.2], "texture": "#0"},
				"east": {"uv": [0, 0, 5.4, 0.2], "texture": "#0"},
				"south": {"uv": [0, 0, 15.4, 0.2], "texture": "#0"},
				"west": {"uv": [0, 0, 5.4, 0.2], "texture": "#0"},
				"up": {"uv": [0, 0, 15.4, 5.4], "texture": "#0"},
				"down": {"uv": [0, 0, 15.4, 5.4], "texture": "#0"}
			}
		},
		{
			"from": [0, 4, 1],
			"to": [0.2, 6.4, 4],
			"faces": {
				"north": {"uv": [0, 0, 0.2, 2.4], "texture": "#1"},
				"east": {"uv": [0, 0, 3, 2.4], "texture": "#1"},
				"south": {"uv": [0, 0, 0.2, 2.4], "texture": "#1"},
				"west": {"uv": [0, 0, 3, 2.4], "texture": "#1"},
				"up": {"uv": [0, 0, 0.2, 3], "texture": "#1"},
				"down": {"uv": [0, 0, 0.2, 3], "texture": "#1"}
			}
		},
		{
			"from": [0, 4, 0.5],
			"to": [0.2, 5.3, 4.5],
			"faces": {
				"north": {"uv": [0, 0, 0.2, 1.3], "texture": "#1"},
				"east": {"uv": [0, 0, 4, 1.3], "texture": "#1"},
				"south": {"uv": [0, 0, 0.2, 1.3], "texture": "#1"},
				"west": {"uv": [0, 0, 4, 1.3], "texture": "#1"},
				"up": {"uv": [0, 0, 0.2, 4], "texture": "#1"},
				"down": {"uv": [0, 0, 0.2, 4], "texture": "#1"}
			}
		},
		{
			"from": [0, 5.3, 0.8],
			"to": [0.2, 6.1, 4.2],
			"faces": {
				"north": {"uv": [0, 0, 0.2, 0.8], "texture": "#1"},
				"east": {"uv": [0, 0, 3.4, 0.8], "texture": "#1"},
				"south": {"uv": [0, 0, 0.2, 0.8], "texture": "#1"},
				"west": {"uv": [0, 0, 3.4, 0.8], "texture": "#1"},
				"up": {"uv": [0, 0, 0.2, 3.4], "texture": "#1"},
				"down": {"uv": [0, 0, 0.2, 3.4], "texture": "#1"}
			}
		},
		{
			"from": [0, 5.3, 0.6],
			"to": [0.2, 5.6, 4.4],
			"faces": {
				"north": {"uv": [0, 0, 0.2, 0.3], "texture": "#1"},
				"east": {"uv": [0, 0, 3.8, 0.3], "texture": "#1"},
				"south": {"uv": [0, 0, 0.2, 0.3], "texture": "#1"},
				"west": {"uv": [0, 0, 3.8, 0.3], "texture": "#1"},
				"up": {"uv": [0, 0, 0.2, 3.8], "texture": "#1"},
				"down": {"uv": [0, 0, 0.2, 3.8], "texture": "#1"}
			}
		},
		{
			"from": [0, 4.6, 0.3],
			"to": [0.2, 4.9, 4.7],
			"faces": {
				"north": {"uv": [0, 0, 0.2, 0.3], "texture": "#1"},
				"east": {"uv": [0, 0, 4.4, 0.3], "texture": "#1"},
				"south": {"uv": [0, 0, 0.2, 0.3], "texture": "#1"},
				"west": {"uv": [0, 0, 4.4, 0.3], "texture": "#1"},
				"up": {"uv": [0, 0, 0.2, 4.4], "texture": "#1"},
				"down": {"uv": [0, 0, 0.2, 4.4], "texture": "#1"}
			}
		},
		{
			"from": [0, 4.2, 0.2],
			"to": [0.2, 4.6, 4.8],
			"faces": {
				"north": {"uv": [0, 0, 0.2, 0.4], "texture": "#1"},
				"east": {"uv": [0, 0, 4.6, 0.4], "texture": "#1"},
				"south": {"uv": [0, 0, 0.2, 0.4], "texture": "#1"},
				"west": {"uv": [0, 0, 4.6, 0.4], "texture": "#1"},
				"up": {"uv": [0, 0, 0.2, 4.6], "texture": "#1"},
				"down": {"uv": [0, 0, 0.2, 4.6], "texture": "#1"}
			}
		},
		{
			"from": [14.8, 4.6, 0.3],
			"to": [15, 4.9, 4.7],
			"faces": {
				"north": {"uv": [0, 0, 0.2, 0.3], "texture": "#1"},
				"east": {"uv": [0, 0, 4.4, 0.3], "texture": "#1"},
				"south": {"uv": [0, 0, 0.2, 0.3], "texture": "#1"},
				"west": {"uv": [0, 0, 4.4, 0.3], "texture": "#1"},
				"up": {"uv": [0, 0, 0.2, 4.4], "texture": "#1"},
				"down": {"uv": [0, 0, 0.2, 4.4], "texture": "#1"}
			}
		},
		{
			"from": [14.8, 4.9, 2.3],
			"to": [15, 5.5, 2.7],
			"faces": {
				"north": {"uv": [0, 0, 0.2, 0.6], "texture": "#1"},
				"east": {"uv": [0, 0, 0.4, 0.6], "texture": "#1"},
				"south": {"uv": [0, 0, 0.2, 0.6], "texture": "#1"},
				"west": {"uv": [0, 0, 0.4, 0.6], "texture": "#1"},
				"up": {"uv": [0, 0, 0.2, 0.4], "texture": "#1"},
				"down": {"uv": [0, 0, 0.2, 0.4], "texture": "#1"}
			}
		},
		{
			"from": [14.8, 4.80042, 2.60063],
			"to": [15, 5.40042, 4.20063],
			"rotation": {"angle": 22.5, "axis": "x", "origin": [14.9, 5.20042, 2.90063]},
			"faces": {
				"north": {"uv": [0, 0, 0.2, 0.6], "rotation": 180, "texture": "#1"},
				"east": {"uv": [0, 0, 0.6, 1.6], "rotation": 90, "texture": "#1"},
				"south": {"uv": [0, 0, 0.2, 0.6], "texture": "#1"},
				"west": {"uv": [0, 0, 0.6, 1.6], "rotation": 270, "texture": "#1"},
				"up": {"uv": [0, 0, 0.2, 1.6], "texture": "#1"},
				"down": {"uv": [0, 0, 0.2, 1.6], "rotation": 180, "texture": "#1"}
			}
		},
		{
			"from": [14.8, 4.80042, 0.79937],
			"to": [15, 5.40042, 2.39937],
			"rotation": {"angle": -22.5, "axis": "x", "origin": [14.9, 5.20042, 2.09937]},
			"faces": {
				"north": {"uv": [0, 0, 0.2, 0.6], "texture": "#1"},
				"east": {"uv": [0, 0, 0.6, 1.6], "rotation": 270, "texture": "#1"},
				"south": {"uv": [0, 0, 0.2, 0.6], "rotation": 180, "texture": "#1"},
				"west": {"uv": [0, 0, 0.6, 1.6], "rotation": 90, "texture": "#1"},
				"up": {"uv": [0, 0, 0.2, 1.6], "rotation": 180, "texture": "#1"},
				"down": {"uv": [0, 0, 0.2, 1.6], "texture": "#1"}
			}
		},
		{
			"from": [14.8, 6.20042, 1.17437],
			"to": [15, 6.30042, 2.34937],
			"rotation": {"angle": -22.5, "axis": "x", "origin": [14.9, 5.20042, 2.09937]},
			"faces": {
				"north": {"uv": [0, 0, 0.2, 0.1], "texture": "#1"},
				"east": {"uv": [0, 0, 0.1, 1.175], "rotation": 270, "texture": "#1"},
				"south": {"uv": [0, 0, 0.2, 0.1], "rotation": 180, "texture": "#1"},
				"west": {"uv": [0, 0, 0.1, 1.175], "rotation": 90, "texture": "#1"},
				"up": {"uv": [0, 0, 0.2, 1.175], "rotation": 180, "texture": "#1"},
				"down": {"uv": [0, 0, 0.2, 1.175], "texture": "#1"}
			}
		},
		{
			"from": [14.8, 6.47542, 1.44937],
			"to": [15, 6.65042, 1.77437],
			"rotation": {"angle": -22.5, "axis": "x", "origin": [14.9, 5.20042, 2.09937]},
			"faces": {
				"north": {"uv": [0, 0, 0.2, 0.175], "texture": "#1"},
				"east": {"uv": [0, 0, 0.175, 0.325], "rotation": 270, "texture": "#1"},
				"south": {"uv": [0, 0, 0.2, 0.175], "rotation": 180, "texture": "#1"},
				"west": {"uv": [0, 0, 0.175, 0.325], "rotation": 90, "texture": "#1"},
				"up": {"uv": [0, 0, 0.2, 0.325], "rotation": 180, "texture": "#1"},
				"down": {"uv": [0, 0, 0.2, 0.325], "texture": "#1"}
			}
		},
		{
			"from": [14.8, 6.30042, 1.27437],
			"to": [15, 6.47542, 2.14937],
			"rotation": {"angle": -22.5, "axis": "x", "origin": [14.9, 5.20042, 2.09937]},
			"faces": {
				"north": {"uv": [0, 0, 0.2, 0.175], "texture": "#1"},
				"east": {"uv": [0, 0, 0.175, 0.875], "rotation": 270, "texture": "#1"},
				"south": {"uv": [0, 0, 0.2, 0.175], "rotation": 180, "texture": "#1"},
				"west": {"uv": [0, 0, 0.175, 0.875], "rotation": 90, "texture": "#1"},
				"up": {"uv": [0, 0, 0.2, 0.875], "rotation": 180, "texture": "#1"},
				"down": {"uv": [0, 0, 0.2, 0.875], "texture": "#1"}
			}
		},
		{
			"from": [14.8, 4.2, 0.2],
			"to": [15, 4.6, 4.8],
			"faces": {
				"north": {"uv": [0, 0, 0.2, 0.4], "texture": "#1"},
				"east": {"uv": [0, 0, 4.6, 0.4], "texture": "#1"},
				"south": {"uv": [0, 0, 0.2, 0.4], "texture": "#1"},
				"west": {"uv": [0, 0, 4.6, 0.4], "texture": "#1"},
				"up": {"uv": [0, 0, 0.2, 4.6], "texture": "#1"},
				"down": {"uv": [0, 0, 0.2, 4.6], "texture": "#1"}
			}
		},
		{
			"from": [12, 2.59273, -0.31971],
			"to": [15, 4.99273, -0.11971],
			"rotation": {"angle": 22.5, "axis": "x", "origin": [0, 2.59273, 3.88029]},
			"faces": {
				"north": {"uv": [0, 0, 3, 2.4], "rotation": 180, "texture": "#1"},
				"east": {"uv": [0, 0, 2.4, 0.2], "rotation": 90, "texture": "#1"},
				"south": {"uv": [0, 0, 3, 2.4], "texture": "#1"},
				"west": {"uv": [0, 0, 2.4, 0.2], "rotation": 270, "texture": "#1"},
				"up": {"uv": [0, 0, 3, 0.2], "texture": "#1"},
				"down": {"uv": [0, 0, 3, 0.2], "rotation": 180, "texture": "#1"}
			}
		},
		{
			"from": [9.6, 4.39273, -0.31971],
			"to": [12.6, 4.99273, -0.11971],
			"rotation": {"angle": 22.5, "axis": "x", "origin": [0, 2.59273, 3.88029]},
			"faces": {
				"north": {"uv": [0, 0, 3, 0.6], "rotation": 180, "texture": "#1"},
				"east": {"uv": [0, 0, 0.6, 0.2], "rotation": 90, "texture": "#1"},
				"south": {"uv": [0, 0, 3, 0.6], "texture": "#1"},
				"west": {"uv": [0, 0, 0.6, 0.2], "rotation": 270, "texture": "#1"},
				"up": {"uv": [0, 0, 3, 0.2], "texture": "#1"},
				"down": {"uv": [0, 0, 3, 0.2], "rotation": 180, "texture": "#1"}
			}
		},
		{
			"from": [4.6, 2.59273, -0.31971],
			"to": [7.6, 3.19273, -0.11971],
			"rotation": {"angle": 22.5, "axis": "x", "origin": [0, 2.59273, 3.88029]},
			"faces": {
				"north": {"uv": [0, 0, 3, 0.6], "rotation": 180, "texture": "#1"},
				"east": {"uv": [0, 0, 0.6, 0.2], "rotation": 90, "texture": "#1"},
				"south": {"uv": [0, 0, 3, 0.6], "texture": "#1"},
				"west": {"uv": [0, 0, 0.6, 0.2], "rotation": 270, "texture": "#1"},
				"up": {"uv": [0, 0, 3, 0.2], "texture": "#1"},
				"down": {"uv": [0, 0, 3, 0.2], "rotation": 180, "texture": "#1"}
			}
		},
		{
			"from": [7, 2.59273, -0.31971],
			"to": [10, 4.99273, -0.11971],
			"rotation": {"angle": 22.5, "axis": "x", "origin": [0, 2.59273, 3.88029]},
			"faces": {
				"north": {"uv": [0, 0, 3, 2.4], "rotation": 180, "texture": "#1"},
				"east": {"uv": [0, 0, 2.4, 0.2], "rotation": 90, "texture": "#1"},
				"south": {"uv": [0, 0, 3, 2.4], "texture": "#1"},
				"west": {"uv": [0, 0, 2.4, 0.2], "rotation": 270, "texture": "#1"},
				"up": {"uv": [0, 0, 3, 0.2], "texture": "#1"},
				"down": {"uv": [0, 0, 3, 0.2], "rotation": 180, "texture": "#1"}
			}
		},
		{
			"from": [0, 2.59273, -0.31971],
			"to": [5, 4.99273, -0.11971],
			"rotation": {"angle": 22.5, "axis": "x", "origin": [0, 2.59273, 3.88029]},
			"faces": {
				"north": {"uv": [0, 0, 5, 2.4], "rotation": 180, "texture": "#1"},
				"east": {"uv": [0, 0, 2.4, 0.2], "rotation": 90, "texture": "#1"},
				"south": {"uv": [0, 0, 5, 2.4], "texture": "#1"},
				"west": {"uv": [0, 0, 2.4, 0.2], "rotation": 270, "texture": "#1"},
				"up": {"uv": [0, 0, 5, 0.2], "texture": "#1"},
				"down": {"uv": [0, 0, 5, 0.2], "rotation": 180, "texture": "#1"}
			}
		},
		{
			"from": [3, 5.73073, 4.49552],
			"to": [6, 8.13073, 4.69552],
			"rotation": {"angle": -22.5, "axis": "x", "origin": [0, 5.73073, 8.69552]},
			"faces": {
				"north": {"uv": [0, 0, 3, 2.4], "rotation": 180, "texture": "#1"},
				"east": {"uv": [0, 0, 2.4, 0.2], "rotation": 90, "texture": "#1"},
				"south": {"uv": [0, 0, 3, 2.4], "texture": "#1"},
				"west": {"uv": [0, 0, 2.4, 0.2], "rotation": 270, "texture": "#1"},
				"up": {"uv": [0, 0, 3, 0.2], "texture": "#1"},
				"down": {"uv": [0, 0, 3, 0.2], "rotation": 180, "texture": "#1"}
			}
		},
		{
			"from": [0.9, 5.73073, 4.49552],
			"to": [12.9, 6.13073, 4.69552],
			"rotation": {"angle": -22.5, "axis": "x", "origin": [0, 5.73073, 8.69552]},
			"faces": {
				"north": {"uv": [0, 0, 12, 0.4], "rotation": 180, "texture": "#1"},
				"east": {"uv": [0, 0, 0.4, 0.2], "rotation": 90, "texture": "#1"},
				"south": {"uv": [0, 0, 12, 0.4], "texture": "#1"},
				"west": {"uv": [0, 0, 0.4, 0.2], "rotation": 270, "texture": "#1"},
				"up": {"uv": [0, 0, 12, 0.2], "texture": "#1"},
				"down": {"uv": [0, 0, 12, 0.2], "rotation": 180, "texture": "#1"}
			}
		},
		{
			"from": [8, 5.73073, 4.49552],
			"to": [10, 8.13073, 4.69552],
			"rotation": {"angle": -22.5, "axis": "x", "origin": [0, 5.73073, 8.69552]},
			"faces": {
				"north": {"uv": [0, 0, 2, 2.4], "rotation": 180, "texture": "#1"},
				"east": {"uv": [0, 0, 2.4, 0.2], "rotation": 90, "texture": "#1"},
				"south": {"uv": [0, 0, 2, 2.4], "texture": "#1"},
				"west": {"uv": [0, 0, 2.4, 0.2], "rotation": 270, "texture": "#1"},
				"up": {"uv": [0, 0, 2, 0.2], "texture": "#1"},
				"down": {"uv": [0, 0, 2, 0.2], "rotation": 180, "texture": "#1"}
			}
		},
		{
			"from": [0, 5.73073, 4.49552],
			"to": [1, 8.13073, 4.69552],
			"rotation": {"angle": -22.5, "axis": "x", "origin": [0, 5.73073, 8.69552]},
			"faces": {
				"north": {"uv": [0, 0, 1, 2.4], "rotation": 180, "texture": "#1"},
				"east": {"uv": [0, 0, 2.4, 0.2], "rotation": 90, "texture": "#1"},
				"south": {"uv": [0, 0, 1, 2.4], "texture": "#1"},
				"west": {"uv": [0, 0, 2.4, 0.2], "rotation": 270, "texture": "#1"},
				"up": {"uv": [0, 0, 1, 0.2], "texture": "#1"},
				"down": {"uv": [0, 0, 1, 0.2], "rotation": 180, "texture": "#1"}
			}
		},
		{
			"from": [12, 5.73073, 4.49552],
			"to": [15, 8.13073, 4.69552],
			"rotation": {"angle": -22.5, "axis": "x", "origin": [0, 5.73073, 8.69552]},
			"faces": {
				"north": {"uv": [0, 0, 3, 2.4], "rotation": 180, "texture": "#1"},
				"east": {"uv": [0, 0, 2.4, 0.2], "rotation": 90, "texture": "#1"},
				"south": {"uv": [0, 0, 3, 2.4], "texture": "#1"},
				"west": {"uv": [0, 0, 2.4, 0.2], "rotation": 270, "texture": "#1"},
				"up": {"uv": [0, 0, 3, 0.2], "texture": "#1"},
				"down": {"uv": [0, 0, 3, 0.2], "rotation": 180, "texture": "#1"}
			}
		},
		{
			"from": [12, 6.21731, 2.38156],
			"to": [15, 6.41731, 4.08156],
			"rotation": {"angle": 0, "axis": "x", "origin": [0, 2.21731, 1.68156]},
			"faces": {
				"north": {"uv": [0, 0, 3, 0.2], "texture": "#1"},
				"east": {"uv": [0, 0, 1.7, 0.2], "texture": "#1"},
				"south": {"uv": [0, 0, 3, 0.2], "texture": "#1"},
				"west": {"uv": [0, 0, 1.7, 0.2], "texture": "#1"},
				"up": {"uv": [0, 0, 3, 1.7], "texture": "#1"},
				"down": {"uv": [0, 0, 3, 1.7], "texture": "#1"}
			}
		},
		{
			"from": [11, 6.21731, 0.91844],
			"to": [15, 6.41731, 2.61844],
			"rotation": {"angle": 0, "axis": "x", "origin": [0, 2.21731, 0.21844]},
			"faces": {
				"north": {"uv": [0, 0, 4, 0.2], "texture": "#1"},
				"east": {"uv": [0, 0, 1.7, 0.2], "texture": "#1"},
				"south": {"uv": [0, 0, 4, 0.2], "texture": "#1"},
				"west": {"uv": [0, 0, 1.7, 0.2], "texture": "#1"},
				"up": {"uv": [0, 0, 4, 1.7], "texture": "#1"},
				"down": {"uv": [0, 0, 4, 1.7], "texture": "#1"}
			}
		},
		{
			"from": [11, 6.21731, 0.91844],
			"to": [15, 6.41731, 2.61844],
			"rotation": {"angle": 0, "axis": "x", "origin": [0, 2.21731, 0.21844]},
			"faces": {
				"north": {"uv": [0, 0, 4, 0.2], "texture": "#1"},
				"east": {"uv": [0, 0, 1.7, 0.2], "texture": "#1"},
				"south": {"uv": [0, 0, 4, 0.2], "texture": "#1"},
				"west": {"uv": [0, 0, 1.7, 0.2], "texture": "#1"},
				"up": {"uv": [0, 0, 4, 1.7], "texture": "#1"},
				"down": {"uv": [0, 0, 4, 1.7], "texture": "#1"}
			}
		},
		{
			"from": [9.8, 6.21731, 0.91844],
			"to": [12.3, 6.41731, 1.21844],
			"rotation": {"angle": 0, "axis": "x", "origin": [0, 2.21731, 0.21844]},
			"faces": {
				"north": {"uv": [0, 0, 2.5, 0.2], "texture": "#1"},
				"east": {"uv": [0, 0, 0.3, 0.2], "texture": "#1"},
				"south": {"uv": [0, 0, 2.5, 0.2], "texture": "#1"},
				"west": {"uv": [0, 0, 0.3, 0.2], "texture": "#1"},
				"up": {"uv": [0, 0, 2.5, 0.3], "texture": "#1"},
				"down": {"uv": [0, 0, 2.5, 0.3], "texture": "#1"}
			}
		},
		{
			"from": [0.8, 6.21731, 0.91844],
			"to": [12.3, 6.41731, 1.21844],
			"rotation": {"angle": 0, "axis": "x", "origin": [0, 2.21731, 0.21844]},
			"faces": {
				"north": {"uv": [0, 0, 11.5, 0.2], "texture": "#1"},
				"east": {"uv": [0, 0, 0.3, 0.2], "texture": "#1"},
				"south": {"uv": [0, 0, 11.5, 0.2], "texture": "#1"},
				"west": {"uv": [0, 0, 0.3, 0.2], "texture": "#1"},
				"up": {"uv": [0, 0, 11.5, 0.3], "texture": "#1"},
				"down": {"uv": [0, 0, 11.5, 0.3], "texture": "#1"}
			}
		},
		{
			"from": [3, 6.21731, 2.38156],
			"to": [9, 6.41731, 4.08156],
			"rotation": {"angle": 0, "axis": "x", "origin": [0, 2.21731, 1.68156]},
			"faces": {
				"north": {"uv": [0, 0, 6, 0.2], "texture": "#1"},
				"east": {"uv": [0, 0, 1.7, 0.2], "texture": "#1"},
				"south": {"uv": [0, 0, 6, 0.2], "texture": "#1"},
				"west": {"uv": [0, 0, 1.7, 0.2], "texture": "#1"},
				"up": {"uv": [0, 0, 6, 1.7], "texture": "#1"},
				"down": {"uv": [0, 0, 6, 1.7], "texture": "#1"}
			}
		},
		{
			"from": [9, 6.21731, 3.68156],
			"to": [10, 6.41731, 4.08156],
			"rotation": {"angle": 0, "axis": "x", "origin": [0, 2.21731, 1.68156]},
			"faces": {
				"north": {"uv": [0, 0, 1, 0.2], "texture": "#1"},
				"east": {"uv": [0, 0, 0.4, 0.2], "texture": "#1"},
				"south": {"uv": [0, 0, 1, 0.2], "texture": "#1"},
				"west": {"uv": [0, 0, 0.4, 0.2], "texture": "#1"},
				"up": {"uv": [0, 0, 1, 0.4], "texture": "#1"},
				"down": {"uv": [0, 0, 1, 0.4], "texture": "#1"}
			}
		},
		{
			"from": [6, 6.21731, 0.91844],
			"to": [9, 6.41731, 2.61844],
			"rotation": {"angle": 0, "axis": "x", "origin": [0, 2.21731, 0.21844]},
			"faces": {
				"north": {"uv": [0, 0, 3, 0.2], "texture": "#1"},
				"east": {"uv": [0, 0, 1.7, 0.2], "texture": "#1"},
				"south": {"uv": [0, 0, 3, 0.2], "texture": "#1"},
				"west": {"uv": [0, 0, 1.7, 0.2], "texture": "#1"},
				"up": {"uv": [0, 0, 3, 1.7], "texture": "#1"},
				"down": {"uv": [0, 0, 3, 1.7], "texture": "#1"}
			}
		},
		{
			"from": [9, 6.21731, 0.91844],
			"to": [10, 6.41731, 1.21844],
			"rotation": {"angle": 0, "axis": "x", "origin": [0, 2.21731, 0.21844]},
			"faces": {
				"north": {"uv": [0, 0, 1, 0.2], "texture": "#1"},
				"east": {"uv": [0, 0, 0.3, 0.2], "texture": "#1"},
				"south": {"uv": [0, 0, 1, 0.2], "texture": "#1"},
				"west": {"uv": [0, 0, 0.3, 0.2], "texture": "#1"},
				"up": {"uv": [0, 0, 1, 0.3], "texture": "#1"},
				"down": {"uv": [0, 0, 1, 0.3], "texture": "#1"}
			}
		},
		{
			"from": [8.95147, 6.21731, 1.89123],
			"to": [10.45147, 6.41731, 2.09123],
			"rotation": {"angle": 45, "axis": "y", "origin": [9.15147, 6.31731, 2.19123]},
			"faces": {
				"north": {"uv": [0, 0, 1.5, 0.2], "texture": "#1"},
				"east": {"uv": [0, 0, 0.2, 0.2], "texture": "#1"},
				"south": {"uv": [0, 0, 1.5, 0.2], "texture": "#1"},
				"west": {"uv": [0, 0, 0.2, 0.2], "texture": "#1"},
				"up": {"uv": [0, 0, 1.5, 0.2], "texture": "#1"},
				"down": {"uv": [0, 0, 1.5, 0.2], "texture": "#1"}
			}
		},
		{
			"from": [1.01213, 6.21731, 1.84773],
			"to": [2.81213, 6.41731, 2.44773],
			"rotation": {"angle": 45, "axis": "y", "origin": [1.21213, 6.31731, 2.54773]},
			"faces": {
				"north": {"uv": [0, 0, 1.8, 0.2], "texture": "#1"},
				"east": {"uv": [0, 0, 0.6, 0.2], "texture": "#1"},
				"south": {"uv": [0, 0, 1.8, 0.2], "texture": "#1"},
				"west": {"uv": [0, 0, 0.6, 0.2], "texture": "#1"},
				"up": {"uv": [0, 0, 1.8, 0.6], "texture": "#1"},
				"down": {"uv": [0, 0, 1.8, 0.6], "texture": "#1"}
			}
		},
		{
			"from": [1.51213, 6.21731, 1.24773],
			"to": [2.21213, 6.41731, 1.84773],
			"rotation": {"angle": 45, "axis": "y", "origin": [1.21213, 6.31731, 2.54773]},
			"faces": {
				"north": {"uv": [0, 0, 0.7, 0.2], "texture": "#1"},
				"east": {"uv": [0, 0, 0.6, 0.2], "texture": "#1"},
				"south": {"uv": [0, 0, 0.7, 0.2], "texture": "#1"},
				"west": {"uv": [0, 0, 0.6, 0.2], "texture": "#1"},
				"up": {"uv": [0, 0, 0.7, 0.6], "texture": "#1"},
				"down": {"uv": [0, 0, 0.7, 0.6], "texture": "#1"}
			}
		},
		{
			"from": [2.01213, 6.21731, 1.64773],
			"to": [2.41213, 6.41731, 1.84773],
			"rotation": {"angle": 45, "axis": "y", "origin": [1.21213, 6.31731, 2.54773]},
			"faces": {
				"north": {"uv": [0, 0, 0.4, 0.2], "texture": "#1"},
				"east": {"uv": [0, 0, 0.2, 0.2], "texture": "#1"},
				"south": {"uv": [0, 0, 0.4, 0.2], "texture": "#1"},
				"west": {"uv": [0, 0, 0.2, 0.2], "texture": "#1"},
				"up": {"uv": [0, 0, 0.4, 0.2], "texture": "#1"},
				"down": {"uv": [0, 0, 0.4, 0.2], "texture": "#1"}
			}
		},
		{
			"from": [10.85104, 6.21731, 2.97806],
			"to": [12.35104, 6.41731, 3.17806],
			"rotation": {"angle": -45, "axis": "y", "origin": [11.60104, 6.31731, 3.07806]},
			"faces": {
				"north": {"uv": [0, 0, 1.5, 0.2], "texture": "#1"},
				"east": {"uv": [0, 0, 0.2, 0.2], "texture": "#1"},
				"south": {"uv": [0, 0, 1.5, 0.2], "texture": "#1"},
				"west": {"uv": [0, 0, 0.2, 0.2], "texture": "#1"},
				"up": {"uv": [0, 0, 1.5, 0.2], "texture": "#1"},
				"down": {"uv": [0, 0, 1.5, 0.2], "texture": "#1"}
			}
		},
		{
			"from": [5.95104, 6.21731, 5.67806],
			"to": [7.15104, 6.41731, 5.97806],
			"rotation": {"angle": -45, "axis": "y", "origin": [11.60104, 6.31731, 3.07806]},
			"faces": {
				"north": {"uv": [0, 0, 1.2, 0.2], "texture": "#1"},
				"east": {"uv": [0, 0, 0.3, 0.2], "texture": "#1"},
				"south": {"uv": [0, 0, 1.2, 0.2], "texture": "#1"},
				"west": {"uv": [0, 0, 0.3, 0.2], "texture": "#1"},
				"up": {"uv": [0, 0, 1.2, 0.3], "texture": "#1"},
				"down": {"uv": [0, 0, 1.2, 0.3], "texture": "#1"}
			}
		},
		{
			"from": [5.25104, 6.21731, 7.67806],
			"to": [6.45104, 6.41731, 7.97806],
			"rotation": {"angle": -45, "axis": "y", "origin": [11.60104, 6.31731, 3.07806]},
			"faces": {
				"north": {"uv": [0, 0, 1.2, 0.2], "texture": "#1"},
				"east": {"uv": [0, 0, 0.3, 0.2], "texture": "#1"},
				"south": {"uv": [0, 0, 1.2, 0.2], "texture": "#1"},
				"west": {"uv": [0, 0, 0.3, 0.2], "texture": "#1"},
				"up": {"uv": [0, 0, 1.2, 0.3], "texture": "#1"},
				"down": {"uv": [0, 0, 1.2, 0.3], "texture": "#1"}
			}
		},
		{
			"from": [7.35104, 6.21731, -1.62194],
			"to": [8.55104, 6.41731, -1.32194],
			"rotation": {"angle": 45, "axis": "y", "origin": [11.60104, 6.31731, 3.07806]},
			"faces": {
				"north": {"uv": [0, 0, 1.2, 0.2], "texture": "#1"},
				"east": {"uv": [0, 0, 0.3, 0.2], "texture": "#1"},
				"south": {"uv": [0, 0, 1.2, 0.2], "texture": "#1"},
				"west": {"uv": [0, 0, 0.3, 0.2], "texture": "#1"},
				"up": {"uv": [0, 0, 1.2, 0.3], "texture": "#1"},
				"down": {"uv": [0, 0, 1.2, 0.3], "texture": "#1"}
			}
		},
		{
			"from": [6.65104, 6.21731, -3.62194],
			"to": [7.85104, 6.41731, -3.32194],
			"rotation": {"angle": 45, "axis": "y", "origin": [11.60104, 6.31731, 3.07806]},
			"faces": {
				"north": {"uv": [0, 0, 1.2, 0.2], "texture": "#1"},
				"east": {"uv": [0, 0, 0.3, 0.2], "texture": "#1"},
				"south": {"uv": [0, 0, 1.2, 0.2], "texture": "#1"},
				"west": {"uv": [0, 0, 0.3, 0.2], "texture": "#1"},
				"up": {"uv": [0, 0, 1.2, 0.3], "texture": "#1"},
				"down": {"uv": [0, 0, 1.2, 0.3], "texture": "#1"}
			}
		},
		{
			"from": [1.85104, 6.21731, 2.27806],
			"to": [3.35104, 6.41731, 3.17806],
			"rotation": {"angle": -45, "axis": "y", "origin": [2.60104, 6.31731, 3.07806]},
			"faces": {
				"north": {"uv": [0, 0, 1.5, 0.2], "texture": "#1"},
				"east": {"uv": [0, 0, 0.9, 0.2], "texture": "#1"},
				"south": {"uv": [0, 0, 1.5, 0.2], "texture": "#1"},
				"west": {"uv": [0, 0, 0.9, 0.2], "texture": "#1"},
				"up": {"uv": [0, 0, 1.5, 0.9], "texture": "#1"},
				"down": {"uv": [0, 0, 1.5, 0.9], "texture": "#1"}
			}
		},
		{
			"from": [1.05104, 6.21731, 1.97806],
			"to": [2.05104, 6.41731, 2.87806],
			"rotation": {"angle": -45, "axis": "y", "origin": [2.60104, 6.31731, 3.07806]},
			"faces": {
				"north": {"uv": [0, 0, 1, 0.2], "texture": "#1"},
				"east": {"uv": [0, 0, 0.9, 0.2], "texture": "#1"},
				"south": {"uv": [0, 0, 1, 0.2], "texture": "#1"},
				"west": {"uv": [0, 0, 0.9, 0.2], "texture": "#1"},
				"up": {"uv": [0, 0, 1, 0.9], "texture": "#1"},
				"down": {"uv": [0, 0, 1, 0.9], "texture": "#1"}
			}
		},
		{
			"from": [8.64896, 6.21731, 3.12194],
			"to": [10.14896, 6.41731, 3.32194],
			"rotation": {"angle": -45, "axis": "y", "origin": [9.39896, 6.11731, 3.22194]},
			"faces": {
				"north": {"uv": [0, 0, 1.5, 0.2], "texture": "#1"},
				"east": {"uv": [0, 0, 0.2, 0.2], "texture": "#1"},
				"south": {"uv": [0, 0, 1.5, 0.2], "texture": "#1"},
				"west": {"uv": [0, 0, 0.2, 0.2], "texture": "#1"},
				"up": {"uv": [0, 0, 1.5, 0.2], "texture": "#1"},
				"down": {"uv": [0, 0, 1.5, 0.2], "texture": "#1"}
			}
		},
		{
			"from": [8.94896, 6.21731, 3.12194],
			"to": [9.94896, 6.41731, 3.82194],
			"rotation": {"angle": -45, "axis": "y", "origin": [9.39896, 6.11731, 3.22194]},
			"faces": {
				"north": {"uv": [0, 0, 1, 0.2], "texture": "#1"},
				"east": {"uv": [0, 0, 0.7, 0.2], "texture": "#1"},
				"south": {"uv": [0, 0, 1, 0.2], "texture": "#1"},
				"west": {"uv": [0, 0, 0.7, 0.2], "texture": "#1"},
				"up": {"uv": [0, 0, 1, 0.7], "texture": "#1"},
				"down": {"uv": [0, 0, 1, 0.7], "texture": "#1"}
			}
		},
		{
			"from": [10.85104, 6.21731, 2.27806],
			"to": [12.35104, 6.41731, 2.97806],
			"rotation": {"angle": -45, "axis": "y", "origin": [11.60104, 6.31731, 3.07806]},
			"faces": {
				"north": {"uv": [0, 0, 1.5, 0.2], "texture": "#1"},
				"east": {"uv": [0, 0, 0.7, 0.2], "texture": "#1"},
				"south": {"uv": [0, 0, 1.5, 0.2], "texture": "#1"},
				"west": {"uv": [0, 0, 0.7, 0.2], "texture": "#1"},
				"up": {"uv": [0, 0, 1.5, 0.7], "texture": "#1"},
				"down": {"uv": [0, 0, 1.5, 0.7], "texture": "#1"}
			}
		},
		{
			"from": [8.95147, 6.21731, 1.69123],
			"to": [10.25147, 6.41731, 1.89123],
			"rotation": {"angle": 45, "axis": "y", "origin": [9.15147, 6.31731, 2.19123]},
			"faces": {
				"north": {"uv": [0, 0, 1.3, 0.2], "texture": "#1"},
				"east": {"uv": [0, 0, 0.2, 0.2], "texture": "#1"},
				"south": {"uv": [0, 0, 1.3, 0.2], "texture": "#1"},
				"west": {"uv": [0, 0, 0.2, 0.2], "texture": "#1"},
				"up": {"uv": [0, 0, 1.3, 0.2], "texture": "#1"},
				"down": {"uv": [0, 0, 1.3, 0.2], "texture": "#1"}
			}
		},
		{
			"from": [8.95147, 6.21731, 1.39123],
			"to": [10.05147, 6.41731, 1.69123],
			"rotation": {"angle": 45, "axis": "y", "origin": [9.15147, 6.31731, 2.19123]},
			"faces": {
				"north": {"uv": [0, 0, 1.1, 0.2], "texture": "#1"},
				"east": {"uv": [0, 0, 0.3, 0.2], "texture": "#1"},
				"south": {"uv": [0, 0, 1.1, 0.2], "texture": "#1"},
				"west": {"uv": [0, 0, 0.3, 0.2], "texture": "#1"},
				"up": {"uv": [0, 0, 1.1, 0.3], "texture": "#1"},
				"down": {"uv": [0, 0, 1.1, 0.3], "texture": "#1"}
			}
		},
		{
			"from": [2, 6.21731, 0.91844],
			"to": [4, 6.41731, 2.61844],
			"rotation": {"angle": 0, "axis": "x", "origin": [0, 2.21731, 0.21844]},
			"faces": {
				"north": {"uv": [0, 0, 2, 0.2], "texture": "#1"},
				"east": {"uv": [0, 0, 1.7, 0.2], "texture": "#1"},
				"south": {"uv": [0, 0, 2, 0.2], "texture": "#1"},
				"west": {"uv": [0, 0, 1.7, 0.2], "texture": "#1"},
				"up": {"uv": [0, 0, 2, 1.7], "texture": "#1"},
				"down": {"uv": [0, 0, 2, 1.7], "texture": "#1"}
			}
		},
		{
			"from": [0, 6.21731, 2.38156],
			"to": [1, 6.41731, 4.08156],
			"rotation": {"angle": 0, "axis": "x", "origin": [0, 2.21731, 1.68156]},
			"faces": {
				"north": {"uv": [0, 0, 1, 0.2], "texture": "#1"},
				"east": {"uv": [0, 0, 1.7, 0.2], "texture": "#1"},
				"south": {"uv": [0, 0, 1, 0.2], "texture": "#1"},
				"west": {"uv": [0, 0, 1.7, 0.2], "texture": "#1"},
				"up": {"uv": [0, 0, 1, 1.7], "texture": "#1"},
				"down": {"uv": [0, 0, 1, 1.7], "texture": "#1"}
			}
		},
		{
			"from": [0, 6.21731, 0.91844],
			"to": [1, 6.41731, 2.61844],
			"rotation": {"angle": 0, "axis": "x", "origin": [0, 2.21731, 0.21844]},
			"faces": {
				"north": {"uv": [0, 0, 1, 0.2], "texture": "#1"},
				"east": {"uv": [0, 0, 1.7, 0.2], "texture": "#1"},
				"south": {"uv": [0, 0, 1, 0.2], "texture": "#1"},
				"west": {"uv": [0, 0, 1.7, 0.2], "texture": "#1"},
				"up": {"uv": [0, 0, 1, 1.7], "texture": "#1"},
				"down": {"uv": [0, 0, 1, 1.7], "texture": "#1"}
			}
		},
		{
			"name": "hexadecagon",
			"from": [0.2, 4.97016, 1.85],
			"to": [14.9, 5.02984, 2.15],
			"rotation": {"angle": -45, "axis": "x", "origin": [8, 5, 2]},
			"faces": {
				"north": {"uv": [0, 0, 1, 1], "texture": "#2"},
				"east": {"uv": [0, 0, 1, 1], "texture": "#2"},
				"south": {"uv": [0, 0, 1, 1], "texture": "#2"},
				"west": {"uv": [0, 0, 1, 1], "texture": "#2"},
				"up": {"uv": [0, 0, 1, 1], "texture": "#2"},
				"down": {"uv": [0, 0, 1, 1], "texture": "#2"}
			}
		},
		{
			"name": "hexadecagon",
			"from": [0.2, 4.97016, 1.85],
			"to": [14.9, 5.02984, 2.15],
			"rotation": {"angle": -22.5, "axis": "x", "origin": [8, 5, 2]},
			"faces": {
				"north": {"uv": [0, 0, 1, 1], "texture": "#2"},
				"east": {"uv": [0, 0, 1, 1], "texture": "#2"},
				"south": {"uv": [0, 0, 1, 1], "texture": "#2"},
				"west": {"uv": [0, 0, 1, 1], "texture": "#2"},
				"up": {"uv": [0, 0, 1, 1], "texture": "#2"},
				"down": {"uv": [0, 0, 1, 1], "texture": "#2"}
			}
		},
		{
			"name": "hexadecagon",
			"from": [0.2, 4.97016, 1.85],
			"to": [14.9, 5.02984, 2.15],
			"rotation": {"angle": 0, "axis": "x", "origin": [8, 5, 2]},
			"faces": {
				"north": {"uv": [0, 0, 1, 1], "texture": "#2"},
				"east": {"uv": [0, 0, 1, 1], "texture": "#2"},
				"south": {"uv": [0, 0, 1, 1], "texture": "#2"},
				"west": {"uv": [0, 0, 1, 1], "texture": "#2"},
				"up": {"uv": [0, 0, 1, 1], "texture": "#2"},
				"down": {"uv": [0, 0, 1, 1], "texture": "#2"}
			}
		},
		{
			"name": "hexadecagon",
			"from": [0.2, 4.97016, 1.85],
			"to": [14.9, 5.02984, 2.15],
			"rotation": {"angle": 22.5, "axis": "x", "origin": [8, 5, 2]},
			"faces": {
				"north": {"uv": [0, 0, 1, 1], "texture": "#2"},
				"east": {"uv": [0, 0, 1, 1], "texture": "#2"},
				"south": {"uv": [0, 0, 1, 1], "texture": "#2"},
				"west": {"uv": [0, 0, 1, 1], "texture": "#2"},
				"up": {"uv": [0, 0, 1, 1], "texture": "#2"},
				"down": {"uv": [0, 0, 1, 1], "texture": "#2"}
			}
		},
		{
			"name": "hexadecagon",
			"from": [0.2, 4.97016, 1.85],
			"to": [14.9, 5.02984, 2.15],
			"rotation": {"angle": 45, "axis": "x", "origin": [8, 5, 2]},
			"faces": {
				"north": {"uv": [0, 0, 1, 1], "texture": "#2"},
				"east": {"uv": [0, 0, 1, 1], "texture": "#2"},
				"south": {"uv": [0, 0, 1, 1], "texture": "#2"},
				"west": {"uv": [0, 0, 1, 1], "texture": "#2"},
				"up": {"uv": [0, 0, 1, 1], "texture": "#2"},
				"down": {"uv": [0, 0, 1, 1], "texture": "#2"}
			}
		},
		{
			"name": "hexadecagon",
			"from": [0.2, 4.85, 1.97016],
			"to": [14.9, 5.15, 2.02984],
			"rotation": {"angle": -22.5, "axis": "x", "origin": [8, 5, 2]},
			"faces": {
				"north": {"uv": [0, 0, 1, 1], "texture": "#2"},
				"east": {"uv": [0, 0, 1, 1], "texture": "#2"},
				"south": {"uv": [0, 0, 1, 1], "texture": "#2"},
				"west": {"uv": [0, 0, 1, 1], "texture": "#2"},
				"up": {"uv": [0, 0, 1, 1], "texture": "#2"},
				"down": {"uv": [0, 0, 1, 1], "texture": "#2"}
			}
		},
		{
			"name": "hexadecagon",
			"from": [0.2, 4.85, 1.97016],
			"to": [14.9, 5.15, 2.02984],
			"rotation": {"angle": 0, "axis": "x", "origin": [8, 5, 2]},
			"faces": {
				"north": {"uv": [0, 0, 1, 1], "texture": "#2"},
				"east": {"uv": [0, 0, 1, 1], "texture": "#2"},
				"south": {"uv": [0, 0, 1, 1], "texture": "#2"},
				"west": {"uv": [0, 0, 1, 1], "texture": "#2"},
				"up": {"uv": [0, 0, 1, 1], "texture": "#2"},
				"down": {"uv": [0, 0, 1, 1], "texture": "#2"}
			}
		},
		{
			"name": "hexadecagon",
			"from": [0.2, 4.85, 1.97016],
			"to": [14.9, 5.15, 2.02984],
			"rotation": {"angle": 22.5, "axis": "x", "origin": [8, 5, 2]},
			"faces": {
				"north": {"uv": [0, 0, 1, 1], "texture": "#2"},
				"east": {"uv": [0, 0, 1, 1], "texture": "#2"},
				"south": {"uv": [0, 0, 1, 1], "texture": "#2"},
				"west": {"uv": [0, 0, 1, 1], "texture": "#2"},
				"up": {"uv": [0, 0, 1, 1], "texture": "#2"},
				"down": {"uv": [0, 0, 1, 1], "texture": "#2"}
			}
		},
		{
			"name": "hexadecagon",
			"from": [0.2, 4.97016, 2.85],
			"to": [14.9, 5.02984, 3.15],
			"rotation": {"angle": -45, "axis": "x", "origin": [8, 5, 3]},
			"faces": {
				"north": {"uv": [0, 0, 1, 1], "texture": "#2"},
				"east": {"uv": [0, 0, 1, 1], "texture": "#2"},
				"south": {"uv": [0, 0, 1, 1], "texture": "#2"},
				"west": {"uv": [0, 0, 1, 1], "texture": "#2"},
				"up": {"uv": [0, 0, 1, 1], "texture": "#2"},
				"down": {"uv": [0, 0, 1, 1], "texture": "#2"}
			}
		},
		{
			"name": "hexadecagon",
			"from": [0.2, 4.97016, 2.85],
			"to": [14.9, 5.02984, 3.15],
			"rotation": {"angle": -22.5, "axis": "x", "origin": [8, 5, 3]},
			"faces": {
				"north": {"uv": [0, 0, 1, 1], "texture": "#2"},
				"east": {"uv": [0, 0, 1, 1], "texture": "#2"},
				"south": {"uv": [0, 0, 1, 1], "texture": "#2"},
				"west": {"uv": [0, 0, 1, 1], "texture": "#2"},
				"up": {"uv": [0, 0, 1, 1], "texture": "#2"},
				"down": {"uv": [0, 0, 1, 1], "texture": "#2"}
			}
		},
		{
			"name": "hexadecagon",
			"from": [0.2, 4.97016, 2.85],
			"to": [14.9, 5.02984, 3.15],
			"rotation": {"angle": 0, "axis": "x", "origin": [8, 5, 3]},
			"faces": {
				"north": {"uv": [0, 0, 1, 1], "texture": "#2"},
				"east": {"uv": [0, 0, 1, 1], "texture": "#2"},
				"south": {"uv": [0, 0, 1, 1], "texture": "#2"},
				"west": {"uv": [0, 0, 1, 1], "texture": "#2"},
				"up": {"uv": [0, 0, 1, 1], "texture": "#2"},
				"down": {"uv": [0, 0, 1, 1], "texture": "#2"}
			}
		},
		{
			"name": "hexadecagon",
			"from": [0.2, 4.97016, 2.85],
			"to": [14.9, 5.02984, 3.15],
			"rotation": {"angle": 22.5, "axis": "x", "origin": [8, 5, 3]},
			"faces": {
				"north": {"uv": [0, 0, 1, 1], "texture": "#2"},
				"east": {"uv": [0, 0, 1, 1], "texture": "#2"},
				"south": {"uv": [0, 0, 1, 1], "texture": "#2"},
				"west": {"uv": [0, 0, 1, 1], "texture": "#2"},
				"up": {"uv": [0, 0, 1, 1], "texture": "#2"},
				"down": {"uv": [0, 0, 1, 1], "texture": "#2"}
			}
		},
		{
			"name": "hexadecagon",
			"from": [0.2, 4.97016, 2.85],
			"to": [14.9, 5.02984, 3.15],
			"rotation": {"angle": 45, "axis": "x", "origin": [8, 5, 3]},
			"faces": {
				"north": {"uv": [0, 0, 1, 1], "texture": "#2"},
				"east": {"uv": [0, 0, 1, 1], "texture": "#2"},
				"south": {"uv": [0, 0, 1, 1], "texture": "#2"},
				"west": {"uv": [0, 0, 1, 1], "texture": "#2"},
				"up": {"uv": [0, 0, 1, 1], "texture": "#2"},
				"down": {"uv": [0, 0, 1, 1], "texture": "#2"}
			}
		},
		{
			"name": "hexadecagon",
			"from": [0.2, 4.85, 2.97016],
			"to": [14.9, 5.15, 3.02984],
			"rotation": {"angle": -22.5, "axis": "x", "origin": [8, 5, 3]},
			"faces": {
				"north": {"uv": [0, 0, 1, 1], "texture": "#2"},
				"east": {"uv": [0, 0, 1, 1], "texture": "#2"},
				"south": {"uv": [0, 0, 1, 1], "texture": "#2"},
				"west": {"uv": [0, 0, 1, 1], "texture": "#2"},
				"up": {"uv": [0, 0, 1, 1], "texture": "#2"},
				"down": {"uv": [0, 0, 1, 1], "texture": "#2"}
			}
		},
		{
			"name": "hexadecagon",
			"from": [0.2, 4.85, 2.97016],
			"to": [14.9, 5.15, 3.02984],
			"rotation": {"angle": 0, "axis": "x", "origin": [8, 5, 3]},
			"faces": {
				"north": {"uv": [0, 0, 1, 1], "texture": "#2"},
				"east": {"uv": [0, 0, 1, 1], "texture": "#2"},
				"south": {"uv": [0, 0, 1, 1], "texture": "#2"},
				"west": {"uv": [0, 0, 1, 1], "texture": "#2"},
				"up": {"uv": [0, 0, 1, 1], "texture": "#2"},
				"down": {"uv": [0, 0, 1, 1], "texture": "#2"}
			}
		},
		{
			"name": "hexadecagon",
			"from": [0.2, 4.85, 2.97016],
			"to": [14.9, 5.15, 3.02984],
			"rotation": {"angle": 22.5, "axis": "x", "origin": [8, 5, 3]},
			"faces": {
				"north": {"uv": [0, 0, 1, 1], "texture": "#2"},
				"east": {"uv": [0, 0, 1, 1], "texture": "#2"},
				"south": {"uv": [0, 0, 1, 1], "texture": "#2"},
				"west": {"uv": [0, 0, 1, 1], "texture": "#2"},
				"up": {"uv": [0, 0, 1, 1], "texture": "#2"},
				"down": {"uv": [0, 0, 1, 1], "texture": "#2"}
			}
		}
	],
	"display": {},
	"groups": [
		0,
		1,
		2,
		3,
		4,
		5,
		6,
		7,
		8,
		9,
		10,
		11,
		12,
		13,
		14,
		15,
		16,
		17,
		18,
		19,
		20,
		21,
		22,
		23,
		24,
		25,
		26,
		27,
		28,
		29,
		30,
		31,
		32,
		33,
		34,
		35,
		36,
		37,
		38,
		39,
		40,
		41,
		42,
		43,
		44,
		45,
		46,
		47,
		48,
		49,
		50,
		51,
		52,
		{
			"name": "hexadecagon",
			"origin": [8, 8, 8],
			"color": 0,
			"children": [53, 54, 55, 56, 57, 58, 59, 60]
		},
		{
			"name": "hexadecagon",
			"origin": [8, 8, 8],
			"color": 0,
			"children": [61, 62, 63, 64, 65, 66, 67, 68]
		}
	]
}