{
	"credit": "Made with Blockbench",
	"texture_size": [32, 32],
	"textures": {
		"3": "item/custom_item/re_cross_hookshot/ultimate"
	},
	"elements": [
		{
			"from": [6.5, 4, 9],
			"to": [9.5, 8, 12],
			"rotation": {"angle": 0, "axis": "y", "origin": [14.5, 12, 17]},
			"faces": {
				"north": {"uv": [2.5, 2.5, 4, 4.5], "texture": "#3"},
				"east": {"uv": [2.5, 0, 4, 2], "texture": "#3"},
				"south": {"uv": [0, 3, 1.5, 5], "texture": "#3"},
				"west": {"uv": [4, 4, 5.5, 6], "texture": "#3"},
				"up": {"uv": [4, 2.5, 5.5, 4], "texture": "#3"},
				"down": {"uv": [2.5, 4.5, 4, 6], "texture": "#3"}
			}
		},
		{
			"from": [9, 5, 8],
			"to": [10, 7, 10],
			"rotation": {"angle": 0, "axis": "y", "origin": [14.5, 12, 17]},
			"faces": {
				"north": {"uv": [5, 12.5, 5.5, 13.5], "texture": "#3"},
				"east": {"uv": [6, 11, 7, 12], "texture": "#3"},
				"south": {"uv": [5.5, 12.5, 6, 13.5], "texture": "#3"},
				"west": {"uv": [7, 11, 8, 12], "texture": "#3"},
				"up": {"uv": [12.5, 12.5, 13, 13.5], "texture": "#3"},
				"down": {"uv": [12.5, 0, 13, 1], "texture": "#3"}
			}
		},
		{
			"from": [6, 5, 8],
			"to": [7, 7, 10],
			"rotation": {"angle": 0, "axis": "y", "origin": [14.5, 12, 17]},
			"faces": {
				"north": {"uv": [12.5, 2, 13, 3], "texture": "#3"},
				"east": {"uv": [11, 11, 12, 12], "texture": "#3"},
				"south": {"uv": [12.5, 4.5, 13, 5.5], "texture": "#3"},
				"west": {"uv": [11, 0, 12, 1], "texture": "#3"},
				"up": {"uv": [12.5, 5.5, 13, 6.5], "texture": "#3"},
				"down": {"uv": [12.5, 6.5, 13, 7.5], "texture": "#3"}
			}
		},
		{
			"from": [7, 4, 4],
			"to": [9, 7, 9],
			"rotation": {"angle": 0, "axis": "y", "origin": [15, 12, 12]},
			"faces": {
				"north": {"uv": [6, 9, 7, 10.5], "texture": "#3"},
				"east": {"uv": [0, 0, 2.5, 1.5], "texture": "#3"},
				"south": {"uv": [7, 9, 8, 10.5], "texture": "#3"},
				"west": {"uv": [0, 1.5, 2.5, 3], "texture": "#3"},
				"up": {"uv": [1.5, 3, 2.5, 5.5], "texture": "#3"},
				"down": {"uv": [4, 0, 5, 2.5], "texture": "#3"}
			}
		},
		{
			"from": [6.5, 4, -1],
			"to": [9.5, 7, 0],
			"rotation": {"angle": 0, "axis": "y", "origin": [14.5, 12, 7]},
			"faces": {
				"north": {"uv": [0, 5, 1.5, 6.5], "texture": "#3"},
				"east": {"uv": [0, 11.5, 0.5, 13], "texture": "#3"},
				"south": {"uv": [5, 0, 6.5, 1.5], "texture": "#3"},
				"west": {"uv": [0.5, 11.5, 1, 13], "texture": "#3"},
				"up": {"uv": [2.5, 2, 4, 2.5], "texture": "#3"},
				"down": {"uv": [10.5, 6.5, 12, 7], "texture": "#3"}
			}
		},
		{
			"from": [6.5, 4, 1],
			"to": [9.5, 7, 4],
			"rotation": {"angle": 0, "axis": "y", "origin": [14.5, 12, 7]},
			"faces": {
				"north": {"uv": [5.5, 5.5, 7, 7], "texture": "#3"},
				"east": {"uv": [5.5, 1.5, 7, 3], "texture": "#3"},
				"south": {"uv": [5.5, 3, 7, 4.5], "texture": "#3"},
				"west": {"uv": [1.5, 6, 3, 7.5], "texture": "#3"},
				"up": {"uv": [3, 6, 4.5, 7.5], "texture": "#3"},
				"down": {"uv": [0, 6.5, 1.5, 8], "texture": "#3"}
			}
		},
		{
			"from": [-0.25, 4.5, 0],
			"to": [3.75, 6.5, 1],
			"rotation": {"angle": 22.5, "axis": "y", "origin": [3.5, 5.5, 0.5]},
			"faces": {
				"north": {"uv": [7, 2.5, 9, 3.5], "texture": "#3"},
				"east": {"uv": [5, 1.5, 5.5, 2.5], "texture": "#3"},
				"south": {"uv": [7, 3.5, 9, 4.5], "texture": "#3"},
				"west": {"uv": [11.5, 5.5, 12, 6.5], "texture": "#3"},
				"up": {"uv": [3.5, 9.5, 5.5, 10], "texture": "#3"},
				"down": {"uv": [3.5, 10, 5.5, 10.5], "texture": "#3"}
			}
		},
		{
			"from": [12.2, 4.5, 0],
			"to": [16.2, 6.5, 1],
			"rotation": {"angle": -22.5, "axis": "y", "origin": [12.5, 5.5, 0.5]},
			"faces": {
				"north": {"uv": [7, 5.5, 9, 6.5], "texture": "#3"},
				"east": {"uv": [11, 12, 11.5, 13], "texture": "#3"},
				"south": {"uv": [5.5, 7.5, 7.5, 8.5], "texture": "#3"},
				"west": {"uv": [11.5, 12, 12, 13], "texture": "#3"},
				"up": {"uv": [10, 9.5, 12, 10], "texture": "#3"},
				"down": {"uv": [6, 10.5, 8, 11], "texture": "#3"}
			}
		},
		{
			"from": [-3.25, 5, 1],
			"to": [1.75, 6, 2],
			"rotation": {"angle": 22.5, "axis": "y", "origin": [3.5, 5.5, 0.5]},
			"faces": {
				"north": {"uv": [9, 5.5, 11.5, 6], "texture": "#3"},
				"east": {"uv": [9.5, 13, 10, 13.5], "texture": "#3"},
				"south": {"uv": [9, 6, 11.5, 6.5], "texture": "#3"},
				"west": {"uv": [10, 13, 10.5, 13.5], "texture": "#3"},
				"up": {"uv": [9, 7, 11.5, 7.5], "texture": "#3"},
				"down": {"uv": [9, 8.5, 11.5, 9], "texture": "#3"}
			}
		},
		{
			"from": [-1.25, 4.5, 5],
			"to": [-0.25, 6.5, 7],
			"rotation": {"angle": -22.5, "axis": "y", "origin": [3.5, 5.5, 0.5]},
			"faces": {
				"north": {"uv": [12, 12, 12.5, 13], "texture": "#3"},
				"east": {"uv": [4.5, 6, 5.5, 7], "texture": "#3"},
				"south": {"uv": [12, 0, 12.5, 1], "texture": "#3"},
				"west": {"uv": [8, 10.5, 9, 11.5], "texture": "#3"},
				"up": {"uv": [12, 2, 12.5, 3], "texture": "#3"},
				"down": {"uv": [12, 5.5, 12.5, 6.5], "texture": "#3"}
			}
		},
		{
			"from": [14.2, 5, 1],
			"to": [19.2, 6, 2],
			"rotation": {"angle": -22.5, "axis": "y", "origin": [12.5, 5.5, 0.5]},
			"faces": {
				"north": {"uv": [10, 10, 12.5, 10.5], "texture": "#3"},
				"east": {"uv": [10.5, 13, 11, 13.5], "texture": "#3"},
				"south": {"uv": [10, 4.5, 12.5, 5], "texture": "#3"},
				"west": {"uv": [11, 13, 11.5, 13.5], "texture": "#3"},
				"up": {"uv": [10, 5, 12.5, 5.5], "texture": "#3"},
				"down": {"uv": [10, 9, 12.5, 9.5], "texture": "#3"}
			}
		},
		{
			"from": [16.2, 4.5, 5],
			"to": [17.2, 6.5, 7],
			"rotation": {"angle": 22.5, "axis": "y", "origin": [12.5, 5.5, 0.5]},
			"faces": {
				"north": {"uv": [12, 11, 12.5, 12], "texture": "#3"},
				"east": {"uv": [9, 10.5, 10, 11.5], "texture": "#3"},
				"south": {"uv": [3.5, 12.5, 4, 13.5], "texture": "#3"},
				"west": {"uv": [10, 10.5, 11, 11.5], "texture": "#3"},
				"up": {"uv": [4, 12.5, 4.5, 13.5], "texture": "#3"},
				"down": {"uv": [4.5, 12.5, 5, 13.5], "texture": "#3"}
			}
		},
		{
			"from": [3.5, 6, 0],
			"to": [12.5, 7, 1],
			"rotation": {"angle": 0, "axis": "y", "origin": [5, 6.5, 0.5]},
			"faces": {
				"north": {"uv": [5.5, 4.5, 10, 5], "texture": "#3"},
				"east": {"uv": [12, 6.5, 12.5, 7], "texture": "#3"},
				"south": {"uv": [5.5, 5, 10, 5.5], "texture": "#3"},
				"west": {"uv": [12, 8.5, 12.5, 9], "texture": "#3"},
				"up": {"uv": [6.5, 0, 11, 0.5], "texture": "#3"},
				"down": {"uv": [6.5, 0.5, 11, 1], "texture": "#3"}
			}
		},
		{
			"from": [3.5, 4, 0],
			"to": [12.5, 5, 1],
			"rotation": {"angle": 0, "axis": "y", "origin": [5, 4.5, 0.5]},
			"faces": {
				"north": {"uv": [6.5, 1, 11, 1.5], "texture": "#3"},
				"east": {"uv": [12, 9.5, 12.5, 10], "texture": "#3"},
				"south": {"uv": [4.5, 7, 9, 7.5], "texture": "#3"},
				"west": {"uv": [12.5, 1, 13, 1.5], "texture": "#3"},
				"up": {"uv": [7, 1.5, 11.5, 2], "texture": "#3"},
				"down": {"uv": [7, 2, 11.5, 2.5], "texture": "#3"}
			}
		},
		{
			"from": [7.5, 0.75, 10.25],
			"to": [8.5, 4.75, 12.25],
			"rotation": {"angle": -22.5, "axis": "x", "origin": [8.02053, 3.23299, 10.49645]},
			"faces": {
				"north": {"uv": [3.5, 10.5, 4, 12.5], "texture": "#3"},
				"east": {"uv": [1.5, 7.5, 2.5, 9.5], "texture": "#3"},
				"south": {"uv": [4, 10.5, 4.5, 12.5], "texture": "#3"},
				"west": {"uv": [2.5, 7.5, 3.5, 9.5], "texture": "#3"},
				"up": {"uv": [6.5, 12, 7, 13], "texture": "#3"},
				"down": {"uv": [7, 12, 7.5, 13], "texture": "#3"}
			}
		},
		{
			"from": [7.5, 2.75, 9.25],
			"to": [8.5, 4.75, 10.25],
			"rotation": {"angle": -22.5, "axis": "x", "origin": [8.02053, 3.23299, 10.49645]},
			"faces": {
				"north": {"uv": [7.5, 12, 8, 13], "texture": "#3"},
				"east": {"uv": [9.5, 12, 10, 13], "texture": "#3"},
				"south": {"uv": [10, 12, 10.5, 13], "texture": "#3"},
				"west": {"uv": [10.5, 12, 11, 13], "texture": "#3"},
				"up": {"uv": [12.5, 3, 13, 3.5], "texture": "#3"},
				"down": {"uv": [12.5, 9.5, 13, 10], "texture": "#3"}
			}
		},
		{
			"from": [7.5, 3, -1],
			"to": [8.5, 4, 6],
			"rotation": {"angle": 0, "axis": "y", "origin": [15.5, 15, 9]},
			"faces": {
				"north": {"uv": [12.5, 10, 13, 10.5], "texture": "#3"},
				"east": {"uv": [7.5, 8, 11, 8.5], "texture": "#3"},
				"south": {"uv": [12.5, 10.5, 13, 11], "texture": "#3"},
				"west": {"uv": [5.5, 8.5, 9, 9], "texture": "#3"},
				"up": {"uv": [1, 8, 1.5, 11.5], "texture": "#3"},
				"down": {"uv": [5.5, 9, 6, 12.5], "texture": "#3"}
			}
		},
		{
			"from": [7.5, 7, -1],
			"to": [8.5, 8, 6],
			"rotation": {"angle": 0, "axis": "y", "origin": [15.5, 15, 10]},
			"faces": {
				"north": {"uv": [11.5, 8.5, 12, 9], "texture": "#3"},
				"east": {"uv": [7, 6.5, 10.5, 7], "texture": "#3"},
				"south": {"uv": [12, 3, 12.5, 3.5], "texture": "#3"},
				"west": {"uv": [7.5, 7.5, 11, 8], "texture": "#3"},
				"up": {"uv": [0, 8, 0.5, 11.5], "texture": "#3"},
				"down": {"uv": [0.5, 8, 1, 11.5], "texture": "#3"}
			}
		},
		{
			"from": [9.5, 5.5, 1],
			"to": [10.5, 6.5, 6],
			"rotation": {"angle": 0, "axis": "y", "origin": [17.5, 13.5, 9]},
			"faces": {
				"north": {"uv": [12.5, 11, 13, 11.5], "texture": "#3"},
				"east": {"uv": [9, 2.5, 11.5, 3], "texture": "#3"},
				"south": {"uv": [12.5, 11.5, 13, 12], "texture": "#3"},
				"west": {"uv": [9, 3, 11.5, 3.5], "texture": "#3"},
				"up": {"uv": [1.5, 9.5, 2, 12], "texture": "#3"},
				"down": {"uv": [2, 9.5, 2.5, 12], "texture": "#3"}
			}
		},
		{
			"from": [9.5, 4.5, 1],
			"to": [10.5, 5.5, 4],
			"rotation": {"angle": 0, "axis": "y", "origin": [17.5, 12.5, 9]},
			"faces": {
				"north": {"uv": [12.5, 12, 13, 12.5], "texture": "#3"},
				"east": {"uv": [11, 1, 12.5, 1.5], "texture": "#3"},
				"south": {"uv": [0, 13, 0.5, 13.5], "texture": "#3"},
				"west": {"uv": [11, 7.5, 12.5, 8], "texture": "#3"},
				"up": {"uv": [1, 11.5, 1.5, 13], "texture": "#3"},
				"down": {"uv": [8, 11.5, 8.5, 13], "texture": "#3"}
			}
		},
		{
			"from": [5.5, 5.5, 1],
			"to": [6.5, 6.5, 6],
			"rotation": {"angle": 0, "axis": "y", "origin": [13.5, 12.5, 9]},
			"faces": {
				"north": {"uv": [0.5, 13, 1, 13.5], "texture": "#3"},
				"east": {"uv": [9, 3.5, 11.5, 4], "texture": "#3"},
				"south": {"uv": [1, 13, 1.5, 13.5], "texture": "#3"},
				"west": {"uv": [9, 4, 11.5, 4.5], "texture": "#3"},
				"up": {"uv": [2.5, 9.5, 3, 12], "texture": "#3"},
				"down": {"uv": [3, 9.5, 3.5, 12], "texture": "#3"}
			}
		},
		{
			"from": [5.5, 4.5, 1],
			"to": [6.5, 5.5, 4],
			"rotation": {"angle": 0, "axis": "y", "origin": [13.5, 13.5, 9]},
			"faces": {
				"north": {"uv": [6.5, 13, 7, 13.5], "texture": "#3"},
				"east": {"uv": [11, 8, 12.5, 8.5], "texture": "#3"},
				"south": {"uv": [7, 13, 7.5, 13.5], "texture": "#3"},
				"west": {"uv": [11, 10.5, 12.5, 11], "texture": "#3"},
				"up": {"uv": [8.5, 11.5, 9, 13], "texture": "#3"},
				"down": {"uv": [9, 11.5, 9.5, 13], "texture": "#3"}
			}
		},
		{
			"from": [7.5, 4, 12],
			"to": [8.5, 5, 15],
			"rotation": {"angle": 0, "axis": "y", "origin": [15.5, 12, 8]},
			"faces": {
				"north": {"uv": [7.5, 13, 8, 13.5], "texture": "#3"},
				"east": {"uv": [9.5, 11.5, 11, 12], "texture": "#3"},
				"south": {"uv": [8, 13, 8.5, 13.5], "texture": "#3"},
				"west": {"uv": [11.5, 1.5, 13, 2], "texture": "#3"},
				"up": {"uv": [11.5, 2, 12, 3.5], "texture": "#3"},
				"down": {"uv": [1.5, 12, 2, 13.5], "texture": "#3"}
			}
		},
		{
			"from": [7.5, 6, 12],
			"to": [8.5, 7, 15],
			"rotation": {"angle": 0, "axis": "y", "origin": [15.5, 12, 8]},
			"faces": {
				"north": {"uv": [8.5, 13, 9, 13.5], "texture": "#3"},
				"east": {"uv": [11.5, 3.5, 13, 4], "texture": "#3"},
				"south": {"uv": [9, 13, 9.5, 13.5], "texture": "#3"},
				"west": {"uv": [11.5, 4, 13, 4.5], "texture": "#3"},
				"up": {"uv": [2, 12, 2.5, 13.5], "texture": "#3"},
				"down": {"uv": [2.5, 12, 3, 13.5], "texture": "#3"}
			}
		},
		{
			"from": [7, 3, 15],
			"to": [9, 7, 16],
			"rotation": {"angle": 0, "axis": "y", "origin": [15.5, 12, 8]},
			"faces": {
				"north": {"uv": [3.5, 7.5, 4.5, 9.5], "texture": "#3"},
				"east": {"uv": [4.5, 10.5, 5, 12.5], "texture": "#3"},
				"south": {"uv": [4.5, 7.5, 5.5, 9.5], "texture": "#3"},
				"west": {"uv": [5, 10.5, 5.5, 12.5], "texture": "#3"},
				"up": {"uv": [1.5, 5.5, 2.5, 6], "texture": "#3"},
				"down": {"uv": [11.5, 7, 12.5, 7.5], "texture": "#3"}
			}
		},
		{
			"from": [7.5, 5, -4],
			"to": [8.5, 6, -3],
			"rotation": {"angle": 0, "axis": "y", "origin": [8, 8, 9]},
			"faces": {
				"north": {"uv": [11.5, 13, 12, 13.5], "texture": "#3"},
				"east": {"uv": [12, 13, 12.5, 13.5], "texture": "#3"},
				"south": {"uv": [13, 13, 13.5, 13.5], "texture": "#3"},
				"west": {"uv": [13, 0, 13.5, 0.5], "texture": "#3"},
				"up": {"uv": [13, 0.5, 13.5, 1], "texture": "#3"},
				"down": {"uv": [13, 1, 13.5, 1.5], "texture": "#3"}
			}
		},
		{
			"from": [7.5, 4, -3],
			"to": [8.5, 7, -1],
			"rotation": {"angle": 0, "axis": "y", "origin": [8, 8, 9]},
			"faces": {
				"north": {"uv": [3, 12, 3.5, 13.5], "texture": "#3"},
				"east": {"uv": [8, 9, 9, 10.5], "texture": "#3"},
				"south": {"uv": [6, 12, 6.5, 13.5], "texture": "#3"},
				"west": {"uv": [9, 9, 10, 10.5], "texture": "#3"},
				"up": {"uv": [12.5, 7.5, 13, 8.5], "texture": "#3"},
				"down": {"uv": [12.5, 8.5, 13, 9.5], "texture": "#3"}
			}
		}
	],
	"gui_light": "front",
	"display": {
		"thirdperson_righthand": {
			"rotation": [0, -13, 0],
			"translation": [0.75, 4, -1.5]
		},
		"thirdperson_lefthand": {
			"rotation": [0, -13, 0],
			"translation": [0.75, 4, -1.5]
		},
		"firstperson_righthand": {
			"rotation": [5, -9, 0.5],
			"translation": [1.75, 2, -1.75]
		},
		"firstperson_lefthand": {
			"rotation": [5, -11, 1.5],
			"translation": [1.25, 2, -1.75]
		},
		"ground": {
			"translation": [0, 2, 0],
			"scale": [0.55, 0.55, 0.55]
		},
		"gui": {
			"rotation": [90, 45, 0],
			"translation": [1.5, -1.5, 0],
			"scale": [0.85, 0.85, 0.85]
		},
		"fixed": {
			"rotation": [-90, -135, 0],
			"translation": [-1.5, -1.5, -3.25],
			"scale": [0.85, 0.85, 0.85]
		}
	}
}