{
	"parent": "item/handheld",
	"textures": {
		"layer0": "item/diamond_shovel"
	},
	"overrides": [
		{"predicate": {"custom_model_data":1}, "model":"item/ammo/556x45"},
		{"predicate": {"custom_model_data":2}, "model":"item/ammo/45"},
		{"predicate": {"custom_model_data":3}, "model":"item/ammo/46"},
		{"predicate": {"custom_model_data":4}, "model":"item/ammo/9"},
		{"predicate": {"custom_model_data":5}, "model":"item/ammo/9x18"},
		{"predicate": {"custom_model_data":6}, "model":"item/ammo/9x39"},
		{"predicate": {"custom_model_data":7}, "model":"item/ammo/762x54"},
		{"predicate": {"custom_model_data":8}, "model":"item/ammo/762x39"},
		{"predicate": {"custom_model_data":8}, "model":"item/ammo/756x25"}
	]
}