{"textures":{"0":"modelengine:entity/em_earth_golem"},"elements":[{"from":[8.285714,16.0,2.7142854],"to":[11.571428,17.142857,6.428571],"rotation":{"angle":22.5,"axis":"x","origin":[8.0,8.0,8.0]},"faces":{"east":{"uv":[3.25,10.25,4.875,10.75],"rotation":0,"texture":"#0","tintindex":0},"south":{"uv":[10.5,1.5,12.0,2.0],"rotation":0,"texture":"#0","tintindex":0},"north":{"uv":[10.5,1.0,12.0,1.5],"rotation":0,"texture":"#0","tintindex":0},"west":{"uv":[10.25,4.0,11.875,4.5],"rotation":0,"texture":"#0","tintindex":0},"up":{"uv":[5.25,3.625,3.75,2.0],"rotation":0,"texture":"#0","tintindex":0},"down":{"uv":[5.25,3.75,3.75,5.375],"rotation":0,"texture":"#0","tintindex":0}}},{"from":[9.428572,17.142857,2.7142854],"to":[11.571428,18.285715,6.428571],"rotation":{"angle":22.5,"axis":"x","origin":[8.0,8.0,8.0]},"faces":{"east":{"uv":[10.25,6.25,11.875,6.75],"rotation":0,"texture":"#0","tintindex":0},"south":{"uv":[8.75,11.5,9.75,12.0],"rotation":0,"texture":"#0","tintindex":0},"north":{"uv":[11.5,5.5,12.5,6.0],"rotation":0,"texture":"#0","tintindex":0},"west":{"uv":[10.25,6.75,11.875,7.25],"rotation":0,"texture":"#0","tintindex":0},"up":{"uv":[7.0,8.625,6.0,7.0],"rotation":0,"texture":"#0","tintindex":0},"down":{"uv":[8.0,7.0,7.0,8.625],"rotation":0,"texture":"#0","tintindex":0}}}],"display":{"head":{"translation":[0.0,-6.4,0.0],"scale":[4.0,4.0,4.0]}}}