{
	"credit": "Made with Blockbench",
	"textures": {
		"1": "item/custom_item/beam_4",
		"particle": "item/custom_item/beam_4"
	},
	"elements": [
		{
			"from": [6, 8, 6],
			"to": [10, 16, 10],
			"rotation": {"angle": 0, "axis": "y", "origin": [8, 6, 8]},
			"faces": {
				"north": {"uv": [4, 8, 0, 16], "texture": "#1", "tintindex": 0},
				"east": {"uv": [4, 8, 0, 16], "rotation": 180, "texture": "#1", "tintindex": 0},
				"south": {"uv": [4, 8, 0, 16], "texture": "#1", "tintindex": 0},
				"west": {"uv": [0, 8, 4, 16], "texture": "#1", "tintindex": 0},
				"up": {"uv": [9, 8, 13, 12], "texture": "#1", "tintindex": 0},
				"down": {"uv": [9, 12, 13, 16], "rotation": 180, "texture": "#1", "tintindex": 0}
			}
		},
		{
			"name": "overay",
			"from": [5.5, 8, 5.5],
			"to": [10.5, 16, 10.5],
			"rotation": {"angle": 0, "axis": "x", "origin": [8, 10, 6]},
			"faces": {
				"north": {"uv": [4, 8, 9, 16], "texture": "#1", "tintindex": 0},
				"east": {"uv": [4, 8, 9, 16], "rotation": 180, "texture": "#1", "tintindex": 0},
				"south": {"uv": [4, 8, 9, 16], "rotation": 180, "texture": "#1", "tintindex": 0},
				"west": {"uv": [4, 8, 9, 16], "texture": "#1", "tintindex": 0}
			}
		},
		{
			"name": "overay_outline",
			"from": [10.5, 16, 10.5],
			"to": [5.5, 8, 5.5],
			"rotation": {"angle": 0, "axis": "y", "origin": [8, 10, 6]},
			"faces": {
				"north": {"uv": [4, 8, 9, 16], "texture": "#1", "tintindex": 0},
				"east": {"uv": [4, 8, 9, 16], "rotation": 270, "texture": "#1", "tintindex": 0},
				"south": {"uv": [4, 8, 9, 16], "rotation": 180, "texture": "#1", "tintindex": 0},
				"west": {"uv": [4, 8, 9, 16], "rotation": 90, "texture": "#1", "tintindex": 0}
			}
		}
	],
	"display": {}
}