{
	"credit": "Made with Blockbench",
	"textures": {
		"0": "item/custom_mob/drone_porter",
		"particle": "item/custom_mob/drone_porter"
	},
	"elements": [
		{
			"from": [2, 0, 2],
			"to": [14, 1, 14],
			"faces": {
				"north": {"uv": [3, 3, 6, 3.25], "texture": "#0"},
				"east": {"uv": [0, 3, 3, 3.25], "texture": "#0"},
				"south": {"uv": [9, 3, 12, 3.25], "texture": "#0"},
				"west": {"uv": [6, 3, 9, 3.25], "texture": "#0"},
				"up": {"uv": [6, 3, 3, 0], "texture": "#0"},
				"down": {"uv": [9, 0, 6, 3], "texture": "#0"}
			}
		},
		{
			"from": [2, 1, 2],
			"to": [4, 5, 4],
			"rotation": {"angle": 0, "axis": "y", "origin": [8, 9, 8]},
			"faces": {
				"north": {"uv": [3, 3.75, 3.5, 4.75], "texture": "#0"},
				"east": {"uv": [2.5, 3.75, 3, 4.75], "texture": "#0"},
				"south": {"uv": [4, 3.75, 4.5, 4.75], "texture": "#0"},
				"west": {"uv": [3.5, 3.75, 4, 4.75], "texture": "#0"},
				"up": {"uv": [3.5, 3.75, 3, 3.25], "texture": "#0"},
				"down": {"uv": [4, 3.25, 3.5, 3.75], "texture": "#0"}
			}
		},
		{
			"from": [12, 1, 2],
			"to": [14, 5, 4],
			"rotation": {"angle": 0, "axis": "y", "origin": [18, 9, 8]},
			"faces": {
				"north": {"uv": [0.5, 0.5, 1, 1.5], "texture": "#0"},
				"east": {"uv": [0, 0.5, 0.5, 1.5], "texture": "#0"},
				"south": {"uv": [1.5, 0.5, 2, 1.5], "texture": "#0"},
				"west": {"uv": [1, 0.5, 1.5, 1.5], "texture": "#0"},
				"up": {"uv": [1, 0.5, 0.5, 0], "texture": "#0"},
				"down": {"uv": [1.5, 0, 1, 0.5], "texture": "#0"}
			}
		},
		{
			"from": [2, 1, 12],
			"to": [4, 5, 14],
			"rotation": {"angle": 0, "axis": "y", "origin": [8, 9, 8]},
			"faces": {
				"north": {"uv": [0.5, 3.75, 1, 4.75], "texture": "#0"},
				"east": {"uv": [0, 3.75, 0.5, 4.75], "texture": "#0"},
				"south": {"uv": [1.5, 3.75, 2, 4.75], "texture": "#0"},
				"west": {"uv": [1, 3.75, 1.5, 4.75], "texture": "#0"},
				"up": {"uv": [1, 3.75, 0.5, 3.25], "texture": "#0"},
				"down": {"uv": [1.5, 3.25, 1, 3.75], "texture": "#0"}
			}
		},
		{
			"from": [12, 1, 12],
			"to": [14, 5, 14],
			"rotation": {"angle": 0, "axis": "y", "origin": [18, 9, 8]},
			"faces": {
				"north": {"uv": [0.5, 2, 1, 3], "texture": "#0"},
				"east": {"uv": [0, 2, 0.5, 3], "texture": "#0"},
				"south": {"uv": [1.5, 2, 2, 3], "texture": "#0"},
				"west": {"uv": [1, 2, 1.5, 3], "texture": "#0"},
				"up": {"uv": [1, 2, 0.5, 1.5], "texture": "#0"},
				"down": {"uv": [1.5, 1.5, 1, 2], "texture": "#0"}
			}
		},
		{
			"from": [3, 1, 4],
			"to": [4, 2, 12],
			"faces": {
				"north": {"uv": [4.5, 5.5, 4.75, 5.75], "texture": "#0"},
				"east": {"uv": [2.5, 5.5, 4.5, 5.75], "texture": "#0"},
				"south": {"uv": [6.75, 5.5, 7, 5.75], "texture": "#0"},
				"west": {"uv": [4.75, 5.5, 6.75, 5.75], "texture": "#0"},
				"up": {"uv": [4.75, 5.5, 4.5, 3.5], "texture": "#0"},
				"down": {"uv": [5, 3.5, 4.75, 5.5], "texture": "#0"}
			}
		},
		{
			"from": [4, 1, 12],
			"to": [12, 2, 13],
			"faces": {
				"north": {"uv": [5.25, 5.25, 7.25, 5.5], "texture": "#0"},
				"east": {"uv": [5, 5.25, 5.25, 5.5], "texture": "#0"},
				"south": {"uv": [7.5, 5.25, 9.5, 5.5], "texture": "#0"},
				"west": {"uv": [7.25, 5.25, 7.5, 5.5], "texture": "#0"},
				"up": {"uv": [7.25, 5.25, 5.25, 5], "texture": "#0"},
				"down": {"uv": [9.25, 5, 7.25, 5.25], "texture": "#0"}
			}
		},
		{
			"from": [12, 1, 4],
			"to": [13, 2, 12],
			"faces": {
				"north": {"uv": [2, 5.25, 2.25, 5.5], "texture": "#0"},
				"east": {"uv": [0, 5.25, 2, 5.5], "texture": "#0"},
				"south": {"uv": [4.25, 5.25, 4.5, 5.5], "texture": "#0"},
				"west": {"uv": [2.25, 5.25, 4.25, 5.5], "texture": "#0"},
				"up": {"uv": [2.25, 5.25, 2, 3.25], "texture": "#0"},
				"down": {"uv": [2.5, 3.25, 2.25, 5.25], "texture": "#0"}
			}
		},
		{
			"from": [4, 1, 3],
			"to": [12, 2, 4],
			"faces": {
				"north": {"uv": [5.25, 4.75, 7.25, 5], "texture": "#0"},
				"east": {"uv": [5, 4.75, 5.25, 5], "texture": "#0"},
				"south": {"uv": [7.5, 4.75, 9.5, 5], "texture": "#0"},
				"west": {"uv": [7.25, 4.75, 7.5, 5], "texture": "#0"},
				"up": {"uv": [7.25, 4.75, 5.25, 4.5], "texture": "#0"},
				"down": {"uv": [9.25, 4.5, 7.25, 4.75], "texture": "#0"}
			}
		},
		{
			"from": [6, 1, 6],
			"to": [10, 2, 10],
			"faces": {
				"north": {"uv": [6, 4.25, 7, 4.5], "texture": "#0"},
				"east": {"uv": [5, 4.25, 6, 4.5], "texture": "#0"},
				"south": {"uv": [8, 4.25, 9, 4.5], "texture": "#0"},
				"west": {"uv": [7, 4.25, 8, 4.5], "texture": "#0"},
				"up": {"uv": [7, 4.25, 6, 3.25], "texture": "#0"},
				"down": {"uv": [8, 3.25, 7, 4.25], "texture": "#0"}
			}
		}
	],
	"display": {
		"thirdperson_righthand": {
			"rotation": [45, -45, 0],
			"translation": [0, 2.5, 0.75],
			"scale": [0.5, 0.5, 0.5]
		},
		"thirdperson_lefthand": {
			"rotation": [45, -45, 0],
			"translation": [0, 2.5, 0.75],
			"scale": [0.5, 0.5, 0.5]
		},
		"firstperson_righthand": {
			"rotation": [25, 0, 0],
			"translation": [0, 6.25, 2],
			"scale": [0.65, 0.65, 0.65]
		},
		"firstperson_lefthand": {
			"rotation": [25, 0, 0],
			"translation": [0, 6.25, 2],
			"scale": [0.65, 0.65, 0.65]
		},
		"ground": {
			"translation": [0, 1.5, 0],
			"scale": [0.5, 0.5, 0.5]
		},
		"gui": {
			"rotation": [45, 45, 0],
			"translation": [0, 4.25, 0],
			"scale": [1, 1, 1]
		},
		"head": {
			"translation": [0, -14.5, 0],
			"scale": [2.3, 2.3, 2.3]
		},
		"fixed": {
			"translation": [0, 3, 0]
		}
	}
}