{"textures":{"0":"modelengine:entity/em_minor_fire_golem"},"elements":[{"from":[6.714286,18.285715,8.571428],"to":[9.285714,20.57143,11.428572],"rotation":{"angle":-22.5,"axis":"x","origin":[8.0,8.0,8.0]},"faces":{"east":{"uv":[2.875,8.0,3.5,8.5],"rotation":0,"texture":"#0","tintindex":0},"south":{"uv":[4.625,8.25,5.1875,8.75],"rotation":0,"texture":"#0","tintindex":0},"north":{"uv":[8.25,3.875,8.8125,4.375],"rotation":0,"texture":"#0","tintindex":0},"west":{"uv":[8.0,2.875,8.625,3.375],"rotation":0,"texture":"#0","tintindex":0},"up":{"uv":[5.3125,8.25,4.75,7.625],"rotation":0,"texture":"#0","tintindex":0},"down":{"uv":[8.1875,6.25,7.625,6.875],"rotation":0,"texture":"#0","tintindex":0}}}],"display":{"head":{"translation":[0.0,-6.4,0.0],"scale":[4.0,4.0,4.0]}}}