{
    "hand_animation_on_swap": false,
    "model": {
        "type": "range_dispatch",
        "property": "custom_model_data",
        "fallback": {
            "type": "model",
            "model": "item/stone_shovel"
        },
        "entries": [
            {
                "threshold": 0,
                "model": {
                    "type": "model",
                    "model": "item/stone_shovel"
                }
            },
            {
                "threshold": 20,
                "model": {
                    "type": "model",
                    "model": "item/gun/psg1"
                }
            }
        ]
    }
}