{
	"credit": "Made with Blockbench",
	"parent": "minecraft:item/handheld",
	"textures": {
		"layer0": "block/gun/sr25"
	},
	"display": {
		"thirdperson_righthand": {
			"rotation": [0, -90, 45],
			"translation": [0, 0.75, -1.5]
		},
		"thirdperson_lefthand": {
			"rotation": [0, 90, -45],
			"translation": [0, 0.75, -1.5]
		},
		"firstperson_righthand": {
			"rotation": [-43, -90, 0],
			"translation": [-1, 2.75, -2.25]
		},
		"firstperson_lefthand": {
			"rotation": [-45, 90, 0],
			"translation": [-1, 2.75, -2.25]
		}
	}
}