{
	"parent": "item/generated",
	"textures": {
		"layer0": "item/knowledge_book"
	},
	"overrides": [
		{ "predicate": {"custom_model_data": 1}, "model": "item/3dmodel/weapon/throwing_weapons/good_reaper"},
		{ "predicate": {"custom_model_data": 2}, "model": "item/3dmodel/weapon/axe_shot_melee"},
		{ "predicate": {"custom_model_data": 3}, "model": "item/3dmodel/weapon/throwing_weapons/drone_blade"},
		{ "predicate": {"custom_model_data": 4}, "model": "item/3dmodel/weapon/throwing_weapons/photon_disc"},
		{ "predicate": {"custom_model_data": 5}, "model": "item/3dmodel/weapon/throwing_weapons/ricochetter"},
		{ "predicate": {"custom_model_data": 6}, "model": "item/3dmodel/weapon/throwing_weapons/ender_throw"},
		{ "predicate": {"custom_model_data": 7}, "model": "item/3dmodel/weapon/throwing_weapons/shearang"},
		{ "predicate": {"custom_model_data": 8}, "model": "item/3dmodel/other/farmer_hat"},
		{ "predicate": {"custom_model_data": 9}, "model": "item/3dmodel/other/farmer_hat"},
		{ "predicate": {"custom_model_data": 10}, "model": "item/3dmodel/weapon/terra_blade"},
		{ "predicate": {"custom_model_data": 11}, "model": "item/3dmodel/weapon/pastrident"},
		{ "predicate": {"custom_model_data": 12}, "model": "item/3dmodel/weapon/sword_of_light"},
		{ "predicate": {"custom_model_data": 13}, "model": "item/3dmodel/weapon/sword_of_light_block"},
		{ "predicate": {"custom_model_data": 14}, "model": "item/3dmodel/weapon/throwing_weapons/photon_disc_spin"},
		{ "predicate": {"custom_model_data": 15}, "model": "item/3dmodel/weapon/throwing_weapons/ricochetter_spin"},
		{ "predicate": {"custom_model_data": 16}, "model": "item/3dmodel/weapon/throwing_weapons/ender_throw_spin"},
		{ "predicate": {"custom_model_data": 17}, "model": "item/3dmodel/weapon/throwing_weapons/shearang_spin"},
		{ "predicate": {"custom_model_data": 18}, "model": "item/3dmodel/weapon/fucking_big_trident"},
		{ "predicate": {"custom_model_data": 19}, "model": "item/3dmodel/weapon/fucking_big_trident_throw"},
		{ "predicate": {"custom_model_data": 20}, "model": "item/3dmodel/weapon/photon_glaive"},
		{ "predicate": {"custom_model_data": 21}, "model": "item/3dmodel/weapon/ricochet_glaive"},
		{ "predicate": {"custom_model_data": 22}, "model": "item/3dmodel/weapon/ender_glaive"},
		{ "predicate": {"custom_model_data": 23}, "model": "item/3dmodel/weapon/great_sword/standby"},
		{ "predicate": {"custom_model_data": 24}, "model": "item/3dmodel/weapon/great_sword/used"},
		{ "predicate": {"custom_model_data": 25}, "model": "item/3dmodel/weapon/great_sword/combo1"},
		{ "predicate": {"custom_model_data": 26}, "model": "item/3dmodel/weapon/great_sword/combo2"},
		{ "predicate": {"custom_model_data": 27}, "model": "item/3dmodel/weapon/great_sword/combo3"}
		]
}