{
    "parent": "item/handheld_rod", 
    "textures": {
        "layer0": "item/warped_fungus_on_a_stick"
    },
    "overrides": [
    { "predicate": {"custom_model_data": 1}, "model": "item/3dmodel/weapon/sword_of_night/normal"},
    { "predicate": {"custom_model_data": 2}, "model": "item/3dmodel/weapon/sword_of_night/block"},
    { "predicate": {"custom_model_data": 3}, "model": "item/3dmodel/weapon/mozambique/normal/reload"},
    { "predicate": {"custom_model_data": 4}, "model": "item/3dmodel/weapon/mozambique/hyper/reload"},
    { "predicate": {"custom_model_data": 5}, "model": "item/3dmodel/weapon/wingman/reload"},
    { "predicate": {"custom_model_data": 6}, "model": "item/3dmodel/weapon/disc_gun/reload"},
    { "predicate": {"custom_model_data": 7}, "model": "item/3dmodel/weapon/disc_gun/disc_iron"},
    { "predicate": {"custom_model_data": 8}, "model": "item/3dmodel/weapon/disc_gun/disc_gold"},
    { "predicate": {"custom_model_data": 9}, "model": "item/3dmodel/weapon/disc_gun/disc_diamond"},
    { "predicate": {"custom_model_data": 10}, "model": "item/3dmodel/weapon/disc_gun/super_reload"},
    { "predicate": {"custom_model_data": 11}, "model": "item/3dmodel/weapon/revo_reloader/reload"},
    { "predicate": {"custom_model_data": 12}, "model": "item/2d/misc/smash_master_key"},
    { "predicate": {"custom_model_data": 13}, "model": "item/3dmodel/weapon/craftsman_shotgun/reload"},
    { "predicate": {"custom_model_data": 14}, "model": "item/3dmodel/weapon/craftsman_launcher/reload"},
    { "predicate": {"custom_model_data": 15}, "model": "item/3dmodel/weapon/craftsman_gunblade/melee_standby"},
    { "predicate": {"custom_model_data": 16}, "model": "item/3dmodel/weapon/craftsman_gunblade/ranged_reload"},
    { "predicate": {"custom_model_data": 17}, "model": "item/3dmodel/weapon/rod_of_wizard/light"},
    { "predicate": {"custom_model_data": 18}, "model": "item/3dmodel/weapon/rod_of_wizard/dark"},
    { "predicate": {"custom_model_data": 19}, "model": "item/3dmodel/weapon/terra_blade/sweep_animated"}
    ]
}