{"textures":{"1":"mgs:gun/metal","0":"mgs:gun/rpkdetails","3":"mgs:gun/copper","2":"mgs:gun/metal_dark"},"gui_light":"front","elements":[{"to":[11.9484,27.91,10.35],"rotation":{"origin":[10.87791,10.00166,7.9742],"angle":0,"axis":"y"},"from":[-1.8716,23.05,10.15],"faces":{"west":{"rotation":180,"uv":[6,10,6.25,11],"texture":"#1"},"east":{"rotation":180,"uv":[6,10,6.25,11],"texture":"#1"},"north":{"rotation":180,"uv":[2.25,10,2.75,10.5],"texture":"#2"},"up":{"uv":[0,15.5,0.5,16],"texture":"#1"},"south":{"rotation":180,"uv":[1.25,10,3,11.75],"texture":"#1"}}},{"to":[6.2408,25.3791,11.21676],"rotation":{"origin":[0.28164,9.92866,8],"angle":-22.5,"axis":"x"},"from":[-2.284,-4.1889,5.33534],"faces":{"down":{"uv":[9.51,7.5,15.01,8.5],"texture":"#0"},"west":{"rotation":180,"uv":[10,7.5,10.5,4],"texture":"#0"},"east":{"rotation":270,"uv":[9.5,5.5,10.5,4.5],"texture":"#0"},"up":{"uv":[9.5,4.5,15,5.5],"texture":"#0"}}},{"to":[6.2408,25.22271,11.45079],"rotation":{"origin":[0.28164,9.92866,8],"angle":-45,"axis":"x"},"from":[-2.284,-4.34529,5.56937],"faces":{"down":{"uv":[9.51,7.5,15.01,8.5],"texture":"#0"},"west":{"rotation":180,"uv":[10,7.5,10.5,4],"texture":"#0"},"east":{"rotation":270,"uv":[10,4,11,5],"texture":"#0"},"up":{"uv":[9.5,4,15,5],"texture":"#0"}}},{"to":[6.2408,13.53585,22.50799],"rotation":{"origin":[0.28164,9.92866,8],"angle":22.5,"axis":"x"},"from":[-2.284,7.65435,-7.06001],"faces":{"west":{"rotation":90,"uv":[10,8,10.5,4.5],"texture":"#0"},"east":{"rotation":270,"uv":[10,3.5,11,4.5],"texture":"#0"},"north":{"rotation":180,"uv":[9.5,5.5,15,4.5],"texture":"#0"},"south":{"uv":[9.51,6.5,15.01,7.5],"texture":"#0"}}},{"to":[6.23658,13.59075,22.784],"rotation":{"origin":[0.28164,9.92866,8],"angle":0,"axis":"x"},"from":[-2.28822,7.70925,-6.784],"faces":{"west":{"rotation":180,"uv":[10,8,10.5,6.5],"texture":"#0"},"east":{"rotation":180,"uv":[10,3.5,11,4.5],"texture":"#0"},"north":{"rotation":180,"uv":[9.51,6.5,15.01,5.5],"texture":"#0"},"south":{"uv":[9.51,5.5,15.01,6.5],"texture":"#0"}}},{"to":[6.2408,13.53585,23.06001],"rotation":{"origin":[0.28164,9.92866,8],"angle":-22.5,"axis":"x"},"from":[-2.284,7.65435,-6.50799],"faces":{"west":{"rotation":270,"uv":[10,8,10.5,4.5],"texture":"#0"},"east":{"rotation":90,"uv":[10,3.5,11,4.5],"texture":"#0"},"north":{"rotation":180,"uv":[9.51,7.5,15.01,6.5],"texture":"#0"},"south":{"uv":[9.5,4.5,15,5.5],"texture":"#0"}}},{"to":[6.23466,25.434,10.94075],"rotation":{"origin":[-3.12774,9.15,8],"angle":0,"axis":"y"},"from":[-2.29014,-4.134,5.05925],"faces":{"down":{"uv":[9.51,7.5,15.01,8.5],"texture":"#0"},"west":{"rotation":180,"uv":[10,7.5,10.5,4],"texture":"#0"},"east":{"rotation":270,"uv":[10,6,11,7],"texture":"#0"},"up":{"uv":[9.5,5.5,15,4.5],"texture":"#0"}}},{"to":[6.2408,25.22271,10.43063],"rotation":{"origin":[0.28164,9.92866,8],"angle":45,"axis":"x"},"from":[-2.284,-4.34529,4.54921],"faces":{"down":{"uv":[9.51,7.5,15.01,8.5],"texture":"#0"},"west":{"rotation":180,"uv":[10,7.5,10.5,4],"texture":"#0"},"east":{"rotation":270,"uv":[10,5,11,4],"texture":"#0"},"up":{"uv":[9.5,5,15,4],"texture":"#0"}}},{"to":[6.2408,25.3791,10.66466],"rotation":{"origin":[0.28164,9.92866,8],"angle":22.5,"axis":"x"},"from":[-2.284,-4.1889,4.78324],"faces":{"down":{"uv":[9.51,7.5,15.01,8.5],"texture":"#0"},"west":{"rotation":180,"uv":[10,7.5,10.5,4],"texture":"#0"},"east":{"rotation":270,"uv":[9.5,4.5,10.5,5.5],"texture":"#0"},"up":{"uv":[9.5,5.5,15,4.5],"texture":"#0"}}},{"to":[12.82678,12.5508,9.9008],"rotation":{"origin":[0.28164,9.92866,8],"angle":0,"axis":"y"},"from":[-3.12458,8.7492,6.0992],"faces":{"north":{"uv":[8,4.5,8.6,5.25],"texture":"#2"},"west":{"uv":[9,14,10.5,15.5],"texture":"#0"},"up":{"uv":[8.5,3.5,9.1,4.25],"texture":"#2"},"down":{"uv":[7,10,7.6,10.75],"texture":"#2"},"east":{"rotation":180,"uv":[7,6,9.5,8.5],"texture":"#0"},"south":{"uv":[8,4.5,8.6,5.25],"texture":"#2"}}},{"to":[11.97354,23.74431,10.13656],"rotation":{"origin":[0.28164,9.92866,8],"angle":45,"axis":"x"},"from":[5.81418,-2.86689,4.84327],"faces":{"down":{"uv":[12,7.5,16,6.5],"texture":"#0"},"east":{"uv":[11,10.5,11.5,16],"texture":"#0"},"up":{"uv":[12,3,16,4],"texture":"#0"}}},{"to":[11.97776,13.2417,21.58161],"rotation":{"origin":[0.28164,9.92866,8],"angle":-22.5,"axis":"x"},"from":[5.8184,7.94842,-5.02959],"faces":{"east":{"rotation":270,"uv":[11,10.5,11.5,16],"texture":"#0"},"north":{"rotation":180,"uv":[12,6.5,16,5.5],"texture":"#0"},"south":{"uv":[12,3.5,16,4.5],"texture":"#0"}}},{"to":[11.98198,13.29668,21.3056],"rotation":{"origin":[0.28164,9.92866,8],"angle":0,"axis":"x"},"from":[5.82262,8.00332,-5.3056],"faces":{"east":{"rotation":270,"uv":[9,10.5,9.5,16],"texture":"#0"},"north":{"rotation":180,"uv":[12,5.5,16,4.5],"texture":"#0"},"south":{"uv":[12,4.5,16,5.5],"texture":"#0"}}},{"to":[11.97776,13.2417,21.02959],"rotation":{"origin":[0.28164,9.92866,8],"angle":22.5,"axis":"x"},"from":[5.8184,7.94842,-5.58161],"faces":{"east":{"rotation":90,"uv":[13,10.5,13.5,16],"texture":"#0"},"north":{"rotation":180,"uv":[12,4.5,16,3.5],"texture":"#0"},"south":{"uv":[12,5.5,16,6.5],"texture":"#0"}}},{"to":[11.97354,23.74431,11.15673],"rotation":{"origin":[0.28164,9.92866,8],"angle":-45,"axis":"x"},"from":[5.81418,-2.86689,5.86344],"faces":{"down":{"uv":[12,6.5,16,7.5],"texture":"#0"},"east":{"uv":[11,10.5,11.5,16],"texture":"#0"},"up":{"uv":[12,3.5,16,4.5],"texture":"#0"}}},{"to":[11.97776,23.9007,10.92269],"rotation":{"origin":[0.28164,9.92866,8],"angle":-22.5,"axis":"x"},"from":[5.8184,-2.7105,5.62941],"faces":{"down":{"uv":[12,7.5,16,8.5],"texture":"#0"},"east":{"uv":[11,10.5,11.5,16],"texture":"#0"},"up":{"uv":[12,4.5,16,5.5],"texture":"#0"}}},{"to":[11.9793,23.9556,10.64668],"rotation":{"origin":[0.28164,9.92866,8],"angle":0,"axis":"y"},"from":[5.81994,-2.6556,5.35332],"faces":{"down":{"uv":[12,8.5,16,7.5],"texture":"#0"},"east":{"uv":[11,10.5,11.5,16],"texture":"#0"},"up":{"uv":[12,6.5,16,5.5],"texture":"#0"}}},{"to":[11.97776,23.9007,10.37059],"rotation":{"origin":[0.28164,9.92866,8],"angle":22.5,"axis":"x"},"from":[5.8184,-2.7105,5.07731],"faces":{"down":{"uv":[12,8.5,16,7.5],"texture":"#0"},"east":{"uv":[11,10.5,11.5,16],"texture":"#0"},"up":{"uv":[12,5.5,16,4.5],"texture":"#0"}}},{"to":[-1.6516,27.91,10.15],"rotation":{"origin":[10.87791,10.00166,7.9742],"angle":0,"axis":"y"},"from":[-1.8716,23.05,5.85],"faces":{"west":{"rotation":180,"uv":[4.75,9.75,6,10.75],"texture":"#1"},"east":{"rotation":180,"uv":[1.25,10.25,1.75,10.75],"texture":"#2"},"up":{"rotation":180,"uv":[15.5,6.75,16,7.75],"texture":"#1"}}},{"to":[11.9484,27.91,10.15],"rotation":{"origin":[10.87791,10.00166,7.9742],"angle":0,"axis":"y"},"from":[11.7284,23.05,5.85],"faces":{"west":{"rotation":180,"uv":[2.25,10,2.75,10.5],"texture":"#2"},"east":{"rotation":180,"uv":[4.25,11.25,5.5,12.25],"texture":"#1"},"up":{"uv":[0,15.5,0.5,16],"texture":"#1"}}},{"to":[11.9484,27.91,5.85],"rotation":{"origin":[10.87791,10.00166,7.9742],"angle":0,"axis":"y"},"from":[-1.8716,23.05,5.65],"faces":{"west":{"rotation":180,"uv":[6,10,6.25,11],"texture":"#1"},"east":{"rotation":180,"uv":[6,10,6.25,11],"texture":"#1"},"north":{"rotation":180,"uv":[1.25,10,3,11.75],"texture":"#1"},"up":{"uv":[0,15.5,0.5,16],"texture":"#1"},"south":{"rotation":180,"uv":[1,10.5,1.5,11],"texture":"#2"}}},{"to":[-2.16084,25.2,9.5],"from":[-3.16084,24.3,6.5],"faces":{"down":{"rotation":180,"uv":[6.5,8,7,8.5],"texture":"#1"},"west":{"rotation":180,"uv":[4.25,11.25,5.5,11.75],"texture":"#1"},"north":{"rotation":180,"uv":[4.25,11.25,4.75,11.75],"texture":"#1"},"up":{"rotation":270,"uv":[4.75,4.5,6,5],"texture":"#1"},"south":{"rotation":180,"uv":[4.25,11.25,4.75,11.75],"texture":"#1"}}},{"to":[4.329,29.4343,5.07141],"rotation":{"origin":[0.7284,25.91,5.45],"angle":22.5,"axis":"x"},"from":[-1.871,27.8343,4.86941],"faces":{"west":{"uv":[5,6,5.5,6.5],"texture":"#1"},"east":{"uv":[0,7,0.5,7.5],"texture":"#1"},"north":{"uv":[4.75,4.75,6,5.5],"texture":"#1"},"up":{"uv":[0,15.5,0.5,16],"texture":"#1"},"south":{"uv":[5,6,5.5,6.5],"texture":"#1"}}},{"to":[4.329,29.4343,11.13059],"rotation":{"origin":[0.7284,25.91,10.55],"angle":-22.5,"axis":"x"},"from":[-1.871,27.8343,10.92859],"faces":{"west":{"uv":[5,6,5.5,6.5],"texture":"#1"},"east":{"uv":[0,7,0.5,7.5],"texture":"#1"},"north":{"uv":[5,6,5.5,6.5],"texture":"#1"},"up":{"uv":[1,15.5,1.5,16],"texture":"#1"},"south":{"uv":[4.75,4.75,6,5.5],"texture":"#1"}}},{"to":[6.175,29.325,7.80992],"rotation":{"origin":[6.85538,8,8],"angle":0,"axis":"y"},"from":[-1.1,27.225,6.94008],"faces":{"down":{"uv":[6.25,7.75,6.75,8.5],"texture":"#1"},"east":{"uv":[9.5,7.25,10.25,8.25],"texture":"#1"},"up":{"rotation":180,"uv":[1.25,3.75,1.75,4.5],"texture":"#1"}}},{"to":[-1.05,29.525,7.62365],"rotation":{"origin":[6.85538,8,8],"angle":0,"axis":"y"},"from":[-1.3001,27.025,7.12635],"faces":{"down":{"rotation":180,"uv":[6.25,8,6.75,8.25],"texture":"#1"},"west":{"uv":[8.25,4,8.75,6],"texture":"#1"},"east":{"uv":[12.5,7.5,13,8],"texture":"#1"},"up":{"rotation":180,"uv":[3.5,3.75,4,4.25],"texture":"#1"}}},{"to":[5.7,27.74248,-0.08769],"rotation":{"origin":[6.85538,8,8],"angle":22.5,"axis":"x"},"from":[-0.8,25.24248,-0.58497],"faces":{"down":{"rotation":180,"uv":[3,9,7,9.5],"texture":"#1"},"west":{"uv":[12.5,7.5,13,8],"texture":"#1"},"east":{"uv":[9.5,7.25,10.25,8.25],"texture":"#1"},"up":{"uv":[2,3.75,6,4.25],"texture":"#1"}}},{"to":[5.7,28.22083,15.43013],"rotation":{"origin":[6.85538,8,8],"angle":-22.5,"axis":"x"},"from":[-0.8,25.72083,14.93285],"faces":{"down":{"rotation":180,"uv":[3.5,8,7.5,8.5],"texture":"#1"},"west":{"uv":[12.5,7.5,13,8],"texture":"#1"},"east":{"uv":[9.5,7.25,10.25,8.25],"texture":"#1"},"up":{"uv":[0,3.25,4,3.75],"texture":"#1"}}},{"to":[5.7,23.14465,-6.52989],"rotation":{"origin":[6.85538,8,8],"angle":45,"axis":"x"},"from":[-0.8,20.64465,-7.02717],"faces":{"down":{"rotation":180,"uv":[5.75,5.5,9.75,6],"texture":"#1"},"west":{"uv":[12.5,7.5,13,8],"texture":"#1"},"east":{"uv":[9.5,7.25,10.25,8.25],"texture":"#1"},"up":{"uv":[5.25,4.25,9.25,4.75],"texture":"#1"}}},{"to":[5.7,24.02853,22.14329],"rotation":{"origin":[6.85538,8,8],"angle":-45,"axis":"x"},"from":[-0.8,21.52853,21.64601],"faces":{"down":{"uv":[4.5,5.5,8.5,6],"texture":"#1"},"west":{"uv":[12.5,7.5,13,8],"texture":"#1"},"east":{"uv":[9.5,7.25,10.25,8.25],"texture":"#1"},"up":{"rotation":180,"uv":[1.25,4.25,5.25,4.75],"texture":"#1"}}},{"to":[5.7,27.21947,16.43149],"rotation":{"origin":[6.85538,8,8],"angle":-22.5,"axis":"x"},"from":[-0.8,26.72219,13.93149],"faces":{"west":{"rotation":90,"uv":[12.5,7.5,13,8],"texture":"#1"},"east":{"uv":[9.5,7.25,10.25,7.75],"texture":"#1"},"north":{"uv":[6.25,5,10.25,5.5],"texture":"#1"},"south":{"uv":[5.25,4.75,9.25,5.25],"texture":"#1"}}},{"to":[5.7,26.74112,0.91367],"rotation":{"origin":[6.85538,8,8],"angle":22.5,"axis":"x"},"from":[-0.8,26.24384,-1.58633],"faces":{"west":{"rotation":270,"uv":[12.5,7.5,13,8],"texture":"#1"},"east":{"uv":[9.5,7.25,10.25,7.75],"texture":"#1"},"north":{"uv":[5.25,4.75,9.25,5.25],"texture":"#1"},"south":{"uv":[6.25,5,10.25,5.5],"texture":"#1"}}},{"to":[5.7,28.52364,8.625],"rotation":{"origin":[6.85538,8,8],"angle":0,"axis":"y"},"from":[-0.8,28.02636,6.125],"faces":{"west":{"uv":[12.5,7.5,13,8],"texture":"#1"},"north":{"uv":[3,12.25,7,12.75],"texture":"#1"},"south":{"uv":[0,12,4,12.5],"texture":"#1"}}},{"to":[-1.19931,27.44436,7.62364],"rotation":{"origin":[6.85538,8,8],"angle":-22.5,"axis":"z"},"from":[-2.44931,26.44436,7.12636],"faces":{"north":{"rotation":180,"uv":[10.5,2.75,11,3.25],"texture":"#1"},"up":{"uv":[2,3.25,2.75,3.75],"texture":"#1"},"south":{"rotation":180,"uv":[10.5,2.75,11,3.25],"texture":"#1"}}},{"to":[14.31851,27.01895,7.62364],"rotation":{"origin":[6.85538,8,8],"angle":22.5,"axis":"z"},"from":[13.06851,26.01895,7.12636],"faces":{"down":{"rotation":180,"uv":[5.5,7.75,6.25,8.25],"texture":"#1"},"north":{"rotation":180,"uv":[7.5,8,7.75,8.25],"texture":"#1"},"south":{"rotation":180,"uv":[7.5,8,7.75,8.25],"texture":"#1"}}},{"to":[6.79877,28.52364,8.13528],"rotation":{"origin":[6.85538,8,8],"angle":22.5,"axis":"y"},"from":[5.54877,28.02636,7.13528],"faces":{"down":{"rotation":180,"uv":[4.5,12,5,12.5],"texture":"#1"},"up":{"rotation":180,"uv":[4.5,12,5,12.5],"texture":"#1"},"south":{"uv":[0,12,0.75,12.5],"texture":"#1"}}},{"to":[6.32042,28.52364,7.70988],"rotation":{"origin":[6.85538,8,8],"angle":-22.5,"axis":"y"},"from":[5.07042,28.02636,6.70988],"faces":{"down":{"rotation":180,"uv":[4.5,12,5,12.5],"texture":"#1"},"north":{"uv":[0,12,0.75,12.5],"texture":"#1"},"up":{"rotation":180,"uv":[4.5,12,5,12.5],"texture":"#1"}}},{"to":[5.7,29.525,7.62366],"rotation":{"origin":[6.85538,8,8],"angle":0,"axis":"y"},"from":[-0.8,27.025,7.12636],"faces":{"down":{"rotation":180,"uv":[5.5,7.75,9.5,8.25],"texture":"#1"},"west":{"uv":[12.5,7.5,13,8],"texture":"#1"},"up":{"uv":[2,3.25,6,3.75],"texture":"#1"}}},{"to":[6.175,23.82853,22.32957],"rotation":{"origin":[6.85538,8,8],"angle":-45,"axis":"x"},"from":[-1.1,21.72853,21.45973],"faces":{"down":{"rotation":180,"uv":[2,5.75,2.5,6.5],"texture":"#1"},"east":{"uv":[9.5,7.25,10.25,8.25],"texture":"#1"},"up":{"rotation":180,"uv":[1.25,4.25,1.75,5],"texture":"#1"}}},{"to":[6.175,22.94465,-6.34361],"rotation":{"origin":[6.85538,8,8],"angle":45,"axis":"x"},"from":[-1.1,20.84465,-7.21345],"faces":{"down":{"uv":[2,5.75,2.5,6.5],"texture":"#1"},"east":{"uv":[9.5,7.25,10.25,8.25],"texture":"#1"},"up":{"uv":[1.25,4.25,1.75,5],"texture":"#1"}}},{"to":[6.175,28.70992,8.425],"rotation":{"origin":[6.85538,8,8],"angle":0,"axis":"y"},"from":[-1.1,27.84008,6.325],"faces":{"east":{"uv":[9.5,7.25,10.25,8.25],"texture":"#1"},"north":{"uv":[3,4.75,3.5,5.5],"texture":"#1"},"south":{"uv":[3,4.75,3.5,5.5],"texture":"#1"}}},{"to":[7.875,29.15,7.54905],"rotation":{"origin":[6.85538,8,8],"angle":0,"axis":"y"},"from":[5.875,27.4,7.20095],"faces":{"down":{"rotation":180,"uv":[7.25,8,8.25,8.25],"texture":"#1"},"east":{"uv":[5.25,10.5,5.75,11],"texture":"#1"},"up":{"rotation":180,"uv":[3.5,4,4.5,4.25],"texture":"#1"}}},{"to":[7.875,27.36748,-0.16228],"rotation":{"origin":[6.85538,8,8],"angle":22.5,"axis":"x"},"from":[5.875,25.61748,-0.51038],"faces":{"down":{"rotation":180,"uv":[5.25,7.75,6.25,8],"texture":"#1"},"east":{"uv":[5.25,10.5,5.75,11],"texture":"#1"},"up":{"rotation":180,"uv":[5.25,4.25,6.25,4.5],"texture":"#1"}}},{"to":[7.875,27.84583,15.35554],"rotation":{"origin":[6.85538,8,8],"angle":-22.5,"axis":"x"},"from":[5.875,26.09583,15.00744],"faces":{"down":{"rotation":180,"uv":[2.5,8.25,3.5,8.5],"texture":"#1"},"east":{"uv":[5.25,10.5,5.75,11],"texture":"#1"},"up":{"rotation":180,"uv":[4.75,4.25,5.75,4.5],"texture":"#1"}}},{"to":[7.875,22.76965,-6.60448],"rotation":{"origin":[6.85538,8,8],"angle":45,"axis":"x"},"from":[5.875,21.01965,-6.95258],"faces":{"down":{"rotation":180,"uv":[4.75,5.5,5.75,5.75],"texture":"#1"},"east":{"uv":[5.25,10.5,5.75,11],"texture":"#1"},"up":{"rotation":180,"uv":[6.75,4.5,7.75,4.75],"texture":"#1"}}},{"to":[7.875,23.65353,22.0687],"rotation":{"origin":[6.85538,8,8],"angle":-45,"axis":"x"},"from":[5.875,21.90353,21.7206],"faces":{"down":{"rotation":180,"uv":[4.25,5.75,5.25,6],"texture":"#1"},"east":{"uv":[5.25,10.5,5.75,11],"texture":"#1"},"up":{"rotation":180,"uv":[1.25,4.25,2.25,4.5],"texture":"#1"}}},{"to":[7.875,27.14488,16.05649],"rotation":{"origin":[6.85538,8,8],"angle":-22.5,"axis":"x"},"from":[5.875,26.79678,14.30649],"faces":{"east":{"uv":[5.25,10.5,5.75,11],"texture":"#1"},"north":{"rotation":180,"uv":[3,5.25,4,5.5],"texture":"#1"},"south":{"rotation":180,"uv":[6.75,4.75,7.75,5],"texture":"#1"}}},{"to":[7.875,26.66653,0.53867],"rotation":{"origin":[6.85538,8,8],"angle":22.5,"axis":"x"},"from":[5.875,26.31843,-1.21133],"faces":{"east":{"uv":[5.25,10.5,5.75,11],"texture":"#1"},"north":{"rotation":180,"uv":[1.5,4.75,2.5,5],"texture":"#1"},"south":{"rotation":180,"uv":[8,5.25,9,5.5],"texture":"#1"}}},{"to":[7.875,28.44905,8.25],"rotation":{"origin":[6.85538,8,8],"angle":0,"axis":"y"},"from":[5.875,28.10095,6.5],"faces":{"east":{"uv":[5.25,10.5,5.75,11],"texture":"#1"},"north":{"rotation":180,"uv":[2,5,3,5.25],"texture":"#1"},"south":{"rotation":180,"uv":[5,5,6,5.25],"texture":"#1"}}},{"to":[-1.0499,27.74248,-0.08768],"rotation":{"origin":[6.85538,8,8],"angle":22.5,"axis":"x"},"from":[-1.3,25.24248,-0.58498],"faces":{"down":{"rotation":180,"uv":[6.25,8,6.75,8.25],"texture":"#1"},"west":{"uv":[7.25,4,7.75,6],"texture":"#1"},"east":{"uv":[12.5,7.5,13,8],"texture":"#1"},"up":{"uv":[3.5,4.25,4,4.75],"texture":"#1"}}},{"to":[-1.0499,28.22083,15.43014],"rotation":{"origin":[6.85538,8,8],"angle":-22.5,"axis":"x"},"from":[-1.3,25.72083,14.93284],"faces":{"down":{"rotation":180,"uv":[6.25,8,6.75,8.25],"texture":"#1"},"west":{"uv":[7.25,4,7.75,6],"texture":"#1"},"east":{"uv":[12.5,7.5,13,8],"texture":"#1"},"up":{"rotation":180,"uv":[3.5,4.25,4,4.75],"texture":"#1"}}},{"to":[-1.05,23.14465,-6.52988],"rotation":{"origin":[6.85538,8,8],"angle":45,"axis":"x"},"from":[-1.3001,20.64465,-7.02718],"faces":{"down":{"rotation":180,"uv":[6.25,8,6.75,8.25],"texture":"#1"},"west":{"uv":[10.75,4.5,11.25,6.5],"texture":"#1"},"east":{"uv":[12.5,7.5,13,8],"texture":"#1"},"up":{"uv":[3.75,4.75,4.25,5.25],"texture":"#1"}}},{"to":[-1.05,24.02853,22.1433],"rotation":{"origin":[6.85538,8,8],"angle":-45,"axis":"x"},"from":[-1.3001,21.52853,21.646],"faces":{"down":{"rotation":180,"uv":[6.25,8,6.75,8.25],"texture":"#1"},"west":{"uv":[6.75,4.5,7.25,6.5],"texture":"#1"},"east":{"uv":[12.5,7.5,13,8],"texture":"#1"},"up":{"rotation":180,"uv":[7.75,4.75,8.25,5.25],"texture":"#1"}}},{"to":[-1.0499,27.21948,16.43149],"rotation":{"origin":[6.85538,8,8],"angle":-22.5,"axis":"x"},"from":[-1.3,26.72218,13.93149],"faces":{"west":{"rotation":90,"uv":[0.5,4.75,1,6.75],"texture":"#1"},"east":{"rotation":270,"uv":[12.5,7.5,13,8],"texture":"#1"},"north":{"rotation":180,"uv":[6.75,8,7.25,8.5],"texture":"#1"},"south":{"uv":[5.25,5.5,5.75,6],"texture":"#1"}}},{"to":[-1.0499,26.74113,0.91367],"rotation":{"origin":[6.85538,8,8],"angle":22.5,"axis":"x"},"from":[-1.3,26.24383,-1.58633],"faces":{"west":{"rotation":270,"uv":[0.75,4.75,1.25,6.75],"texture":"#1"},"east":{"rotation":90,"uv":[12.5,7.5,13,8],"texture":"#1"},"north":{"uv":[6.75,5.5,7.25,6],"texture":"#1"},"south":{"rotation":180,"uv":[6,8,6.5,8.5],"texture":"#1"}}},{"to":[-1.05,28.52365,8.625],"rotation":{"origin":[6.85538,8,8],"angle":0,"axis":"y"},"from":[-1.3001,28.02635,6.125],"faces":{"west":{"rotation":90,"uv":[7.25,9.5,7.75,11.5],"texture":"#1"},"east":{"uv":[12.5,7.5,13,8],"texture":"#1"},"north":{"rotation":180,"uv":[4.25,8.25,4.75,8.75],"texture":"#1"},"south":{"rotation":180,"uv":[6.25,8.25,6.75,8.75],"texture":"#1"}}},{"to":[10.50352,28.475,6.04789],"rotation":{"origin":[6.85538,8,8],"angle":-22.5,"axis":"y"},"from":[9.45352,28.075,5.59789],"faces":{"down":{"rotation":180,"uv":[9,10.25,9.5,10.75],"texture":"#3"},"east":{"uv":[7.5,2,8,2.5],"texture":"#3"},"north":{"rotation":180,"uv":[4.75,11.25,5.25,11.75],"texture":"#3"},"up":{"rotation":180,"uv":[6.5,4.75,7,5.25],"texture":"#3"}}},{"to":[10.98187,28.475,9.24727],"rotation":{"origin":[6.85538,8,8],"angle":22.5,"axis":"y"},"from":[9.93187,28.075,8.79727],"faces":{"down":{"rotation":180,"uv":[9,10.25,9.5,10.75],"texture":"#3"},"east":{"uv":[7.5,2,8,2.5],"texture":"#3"},"up":{"uv":[6.5,4.75,7,5.25],"texture":"#3"},"south":{"rotation":180,"uv":[4.75,11.25,5.25,11.75],"texture":"#3"}}},{"to":[18.50161,25.30696,7.575],"rotation":{"origin":[6.85538,8,8],"angle":22.5,"axis":"z"},"from":[17.45161,24.90696,7.175],"faces":{"down":{"rotation":180,"uv":[15,8,15.5,8.5],"texture":"#3"},"east":{"uv":[7.5,2,8,2.5],"texture":"#3"},"north":{"rotation":180,"uv":[5,8,5.5,8.5],"texture":"#3"},"south":{"rotation":180,"uv":[5,8,5.5,8.5],"texture":"#3"}}},{"to":[2.98378,28.55635,7.575],"rotation":{"origin":[6.85538,8,8],"angle":-22.5,"axis":"z"},"from":[1.93378,28.15635,7.175],"faces":{"east":{"uv":[7.5,2,8,2.5],"texture":"#3"},"north":{"uv":[6,4.5,6.5,5],"texture":"#3"},"up":{"uv":[4,4,4.5,4.5],"texture":"#3"},"south":{"uv":[5.75,4.5,6.25,5],"texture":"#3"}}},{"to":[10.175,28.40429,8.025],"rotation":{"origin":[6.85538,8,8],"angle":0,"axis":"y"},"from":[9.925,28.14571,6.725],"faces":{"east":{"uv":[11,7.5,11.5,8],"texture":"#3"},"north":{"rotation":180,"uv":[6.25,11,6.75,11.25],"texture":"#3"},"south":{"rotation":180,"uv":[5.75,10.5,6.25,10.75],"texture":"#3"}}},{"to":[10.175,26.62177,0.31367],"rotation":{"origin":[6.85538,8,8],"angle":22.5,"axis":"x"},"from":[9.925,26.36319,-0.98633],"faces":{"east":{"rotation":90,"uv":[11,7.5,11.5,8],"texture":"#3"},"north":{"rotation":180,"uv":[7,11.5,7.5,11.75],"texture":"#3"},"south":{"rotation":180,"uv":[1.25,10,1.75,10.25],"texture":"#3"}}},{"to":[10.175,27.10012,15.83149],"rotation":{"origin":[6.85538,8,8],"angle":-22.5,"axis":"x"},"from":[9.925,26.84154,14.53149],"faces":{"east":{"rotation":270,"uv":[11,7.5,11.5,8],"texture":"#3"},"north":{"rotation":180,"uv":[2.5,10,3,10.5],"texture":"#3"},"south":{"rotation":180,"uv":[7.5,11.5,8,11.75],"texture":"#3"}}},{"to":[10.175,23.42853,22.02394],"rotation":{"origin":[6.85538,8,8],"angle":-45,"axis":"x"},"from":[9.925,22.12853,21.76536],"faces":{"down":{"rotation":180,"uv":[2.75,9.25,3.25,9.5],"texture":"#3"},"east":{"uv":[11.75,7.5,12.25,8],"texture":"#3"},"up":{"rotation":180,"uv":[8,4.75,8.5,5],"texture":"#3"}}},{"to":[10.175,22.54465,-6.64924],"rotation":{"origin":[6.85538,8,8],"angle":45,"axis":"x"},"from":[9.925,21.24465,-6.90782],"faces":{"down":{"rotation":180,"uv":[2.75,9.25,3.25,9.75],"texture":"#3"},"east":{"uv":[12.25,7.5,12.75,8],"texture":"#3"},"up":{"uv":[6.5,4.75,7,5],"texture":"#3"}}},{"to":[10.175,27.62083,15.31078],"rotation":{"origin":[6.85538,8,8],"angle":-22.5,"axis":"x"},"from":[9.925,26.32083,15.0522],"faces":{"down":{"rotation":180,"uv":[4.25,8,4.75,8.25],"texture":"#3"},"east":{"uv":[12.5,7.5,13,8],"texture":"#3"},"up":{"uv":[11,3,11.5,3.25],"texture":"#3"}}},{"to":[10.175,27.14248,-0.20704],"rotation":{"origin":[6.85538,8,8],"angle":22.5,"axis":"x"},"from":[9.925,25.84248,-0.46562],"faces":{"down":{"uv":[4.25,8,4.75,8.25],"texture":"#3"},"east":{"uv":[13.25,7.5,13.75,8],"texture":"#3"},"up":{"uv":[11.25,3.25,11.75,3.5],"texture":"#3"}}},{"to":[10.175,28.925,7.50429],"rotation":{"origin":[6.85538,8,8],"angle":0,"axis":"y"},"from":[9.925,27.625,7.24571],"faces":{"down":{"rotation":180,"uv":[7.75,8,8.25,8.25],"texture":"#3"},"east":{"uv":[14,7.5,14.5,8],"texture":"#3"},"up":{"uv":[3.25,4,3.75,4.25],"texture":"#3"}}},{"to":[9.925,28.41424,8.075],"rotation":{"origin":[6.85538,8,8],"angle":0,"axis":"y"},"from":[9.475,28.13576,6.675],"faces":{"east":{"uv":[11,7.5,11.5,8],"texture":"#3"},"north":{"rotation":180,"uv":[4.75,11,5.25,11.25],"texture":"#3"},"south":{"rotation":180,"uv":[6.5,11,7,11.25],"texture":"#3"}}},{"to":[9.925,27.11007,15.88149],"rotation":{"origin":[6.85538,8,8],"angle":-22.5,"axis":"x"},"from":[9.475,26.83159,14.48149],"faces":{"east":{"rotation":270,"uv":[11,7.5,11.5,8],"texture":"#3"},"north":{"rotation":180,"uv":[2.5,10,3,10.5],"texture":"#3"},"south":{"rotation":180,"uv":[6.25,11.5,6.75,11.75],"texture":"#3"}}},{"to":[9.925,22.59465,-6.63929],"rotation":{"origin":[6.85538,8,8],"angle":45,"axis":"x"},"from":[9.475,21.19465,-6.91777],"faces":{"down":{"rotation":180,"uv":[2.75,9.25,3.25,9.75],"texture":"#3"},"east":{"uv":[11,7.5,11.5,8],"texture":"#3"},"up":{"uv":[9,4.75,9.5,5],"texture":"#3"}}},{"to":[9.925,26.63172,0.36367],"rotation":{"origin":[6.85538,8,8],"angle":22.5,"axis":"x"},"from":[9.475,26.35324,-1.03633],"faces":{"east":{"rotation":90,"uv":[11,7.5,11.5,8],"texture":"#3"},"north":{"rotation":180,"uv":[6.75,11.5,7.25,11.75],"texture":"#3"},"south":{"rotation":180,"uv":[1,10,1.5,10.25],"texture":"#3"}}},{"to":[9.925,23.47853,22.03389],"rotation":{"origin":[6.85538,8,8],"angle":-45,"axis":"x"},"from":[9.475,22.07853,21.75541],"faces":{"down":{"rotation":180,"uv":[2.75,9.25,3.25,9.5],"texture":"#3"},"east":{"uv":[11,7.5,11.5,8],"texture":"#3"},"up":{"rotation":180,"uv":[7.5,4.75,8,5],"texture":"#3"}}},{"to":[9.925,27.19248,-0.19709],"rotation":{"origin":[6.85538,8,8],"angle":22.5,"axis":"x"},"from":[9.475,25.79248,-0.47557],"faces":{"down":{"uv":[4.25,8,4.75,8.25],"texture":"#3"},"east":{"uv":[11,7.5,11.5,8],"texture":"#3"},"up":{"uv":[10.5,2.75,11,3],"texture":"#3"}}},{"to":[9.925,27.67083,15.32073],"rotation":{"origin":[6.85538,8,8],"angle":-22.5,"axis":"x"},"from":[9.475,26.27083,15.04225],"faces":{"down":{"rotation":180,"uv":[4.25,8,4.75,8.25],"texture":"#3"},"east":{"uv":[11,7.5,11.5,8],"texture":"#3"},"up":{"uv":[8.75,4.25,9.25,4.5],"texture":"#3"}}},{"to":[9.925,28.975,7.51424],"rotation":{"origin":[6.85538,8,8],"angle":0,"axis":"y"},"from":[9.475,27.575,7.23576],"faces":{"down":{"rotation":180,"uv":[7.75,8,8.25,8.25],"texture":"#3"},"east":{"uv":[11,7.5,11.5,8],"texture":"#3"},"up":{"uv":[3.25,4,3.75,4.25],"texture":"#3"}}},{"to":[9.475,28.42418,8.125],"rotation":{"origin":[6.85538,8,8],"angle":0,"axis":"y"},"from":[8.775,28.12582,6.625],"faces":{"east":{"uv":[11,7.5,11.5,8],"texture":"#3"},"north":{"rotation":180,"uv":[6.5,11,7,11.25],"texture":"#3"},"south":{"rotation":180,"uv":[4.75,11,5.25,11.25],"texture":"#3"}}},{"to":[9.475,26.64166,0.41367],"rotation":{"origin":[6.85538,8,8],"angle":22.5,"axis":"x"},"from":[8.775,26.3433,-1.08633],"faces":{"east":{"rotation":90,"uv":[11,7.5,11.5,8],"texture":"#3"},"north":{"rotation":180,"uv":[4.75,11.5,5.25,11.75],"texture":"#3"},"south":{"rotation":180,"uv":[1.25,9.75,1.75,10],"texture":"#3"}}},{"to":[9.475,27.12001,15.93149],"rotation":{"origin":[6.85538,8,8],"angle":-22.5,"axis":"x"},"from":[8.775,26.82165,14.43149],"faces":{"east":{"rotation":270,"uv":[11,7.5,11.5,8],"texture":"#3"},"north":{"rotation":180,"uv":[2.5,10,3,10.5],"texture":"#3"},"south":{"rotation":180,"uv":[6.25,11.5,6.75,11.75],"texture":"#3"}}},{"to":[9.475,23.52853,22.04383],"rotation":{"origin":[6.85538,8,8],"angle":-45,"axis":"x"},"from":[8.775,22.02853,21.74547],"faces":{"down":{"rotation":180,"uv":[2.75,9.25,3.25,9.5],"texture":"#3"},"east":{"uv":[11,7.5,11.5,8],"texture":"#3"},"up":{"rotation":180,"uv":[5.75,4.75,6.25,5],"texture":"#3"}}},{"to":[9.475,22.64465,-6.62935],"rotation":{"origin":[6.85538,8,8],"angle":45,"axis":"x"},"from":[8.775,21.14465,-6.92771],"faces":{"down":{"rotation":180,"uv":[2.75,9.25,3.25,9.75],"texture":"#3"},"east":{"uv":[11,7.5,11.5,8],"texture":"#3"},"up":{"uv":[9.25,4.75,9.75,5],"texture":"#3"}}},{"to":[9.475,27.72083,15.33067],"rotation":{"origin":[6.85538,8,8],"angle":-22.5,"axis":"x"},"from":[8.775,26.22083,15.03231],"faces":{"down":{"rotation":180,"uv":[4.25,8,4.75,8.25],"texture":"#3"},"east":{"uv":[11,7.5,11.5,8],"texture":"#3"},"up":{"uv":[8.5,4.25,9,4.5],"texture":"#3"}}},{"to":[9.475,27.24248,-0.18715],"rotation":{"origin":[6.85538,8,8],"angle":22.5,"axis":"x"},"from":[8.775,25.74248,-0.48551],"faces":{"down":{"uv":[4.25,8,4.75,8.25],"texture":"#3"},"east":{"uv":[11,7.5,11.5,8],"texture":"#3"},"up":{"uv":[12.75,2.25,13.25,2.5],"texture":"#3"}}},{"to":[9.475,29.025,7.52418],"rotation":{"origin":[6.85538,8,8],"angle":0,"axis":"y"},"from":[8.775,27.525,7.22582],"faces":{"down":{"rotation":180,"uv":[7.75,8,8.25,8.25],"texture":"#3"},"east":{"uv":[11,7.5,11.5,8],"texture":"#3"},"up":{"uv":[3.25,4,3.75,4.25],"texture":"#3"}}},{"to":[8.775,28.43413,8.175],"rotation":{"origin":[6.85538,8,8],"angle":0,"axis":"y"},"from":[7.775,28.11587,6.575],"faces":{"east":{"uv":[11,7.5,11.5,8],"texture":"#3"},"north":{"rotation":180,"uv":[5.5,11,6,11.25],"texture":"#3"},"south":{"rotation":180,"uv":[5.5,11,6,11.25],"texture":"#3"}}},{"to":[8.775,27.12996,15.98149],"rotation":{"origin":[6.85538,8,8],"angle":-22.5,"axis":"x"},"from":[7.775,26.8117,14.38149],"faces":{"east":{"rotation":270,"uv":[11,7.5,11.5,8],"texture":"#3"},"north":{"rotation":180,"uv":[2.5,10,3,10.5],"texture":"#3"},"south":{"rotation":180,"uv":[5.5,11.5,6,11.75],"texture":"#3"}}},{"to":[8.775,26.65161,0.46367],"rotation":{"origin":[6.85538,8,8],"angle":22.5,"axis":"x"},"from":[7.775,26.33335,-1.13633],"faces":{"east":{"rotation":90,"uv":[11,7.5,11.5,8],"texture":"#3"},"north":{"rotation":180,"uv":[5.5,11.5,6,11.75],"texture":"#3"},"south":{"rotation":180,"uv":[1.25,9.75,1.75,10],"texture":"#3"}}},{"to":[8.775,22.69465,-6.6194],"rotation":{"origin":[6.85538,8,8],"angle":45,"axis":"x"},"from":[7.775,21.09465,-6.93766],"faces":{"down":{"rotation":180,"uv":[2.75,9.25,3.25,9.75],"texture":"#3"},"east":{"uv":[11,7.5,11.5,8],"texture":"#3"},"up":{"uv":[8.5,4.75,9,5],"texture":"#3"}}},{"to":[8.775,23.57853,22.05378],"rotation":{"origin":[6.85538,8,8],"angle":-45,"axis":"x"},"from":[7.775,21.97853,21.73552],"faces":{"down":{"rotation":180,"uv":[2.75,9.25,3.25,9.5],"texture":"#3"},"east":{"uv":[11,7.5,11.5,8],"texture":"#3"},"up":{"rotation":180,"uv":[6.5,4.75,7,5],"texture":"#3"}}},{"to":[8.775,27.29248,-0.1772],"rotation":{"origin":[6.85538,8,8],"angle":22.5,"axis":"x"},"from":[7.775,25.69248,-0.49546],"faces":{"down":{"uv":[4.25,8,4.75,8.25],"texture":"#3"},"east":{"uv":[11,7.5,11.5,8],"texture":"#3"},"up":{"uv":[5.5,4.25,6,4.5],"texture":"#3"}}},{"to":[8.775,27.77083,15.34062],"rotation":{"origin":[6.85538,8,8],"angle":-22.5,"axis":"x"},"from":[7.775,26.17083,15.02236],"faces":{"down":{"rotation":180,"uv":[4.25,8,4.75,8.25],"texture":"#3"},"east":{"uv":[11,7.5,11.5,8],"texture":"#3"},"up":{"uv":[7.5,4.25,8,4.5],"texture":"#3"}}},{"to":[8.775,29.075,7.53413],"rotation":{"origin":[6.85538,8,8],"angle":0,"axis":"y"},"from":[7.775,27.475,7.21587],"faces":{"down":{"rotation":180,"uv":[7.75,8,8.25,8.25],"texture":"#3"},"east":{"uv":[11,7.5,11.5,8],"texture":"#3"},"up":{"uv":[3.25,4,3.75,4.25],"texture":"#3"}}},{"to":[-1.2999,28.9,7.49932],"rotation":{"origin":[6.85538,8,8],"angle":0,"axis":"y"},"from":[-1.3999,27.65,7.25068],"faces":{"down":{"uv":[9.5,8,9.75,8.25],"texture":"#3"},"west":{"uv":[6.25,4.5,6.75,5.25],"texture":"#3"},"up":{"uv":[3.25,4,3.5,4.5],"texture":"#3"}}},{"to":[-1.3,27.11748,-0.21201],"rotation":{"origin":[6.85538,8,8],"angle":22.5,"axis":"x"},"from":[-1.4,25.86748,-0.46065],"faces":{"down":{"uv":[9,8,9.25,8.5],"texture":"#3"},"west":{"uv":[5.25,4.5,5.75,5.25],"texture":"#3"},"up":{"uv":[3.25,4,3.5,4.5],"texture":"#3"}}},{"to":[-1.3,27.59583,15.30581],"rotation":{"origin":[6.85538,8,8],"angle":-22.5,"axis":"x"},"from":[-1.4,26.34583,15.05717],"faces":{"down":{"rotation":180,"uv":[9,8,9.25,8.5],"texture":"#3"},"west":{"uv":[5.25,4.5,5.75,5.25],"texture":"#3"},"up":{"rotation":180,"uv":[7.25,4.25,7.5,4.75],"texture":"#3"}}},{"to":[-1.2999,22.90285,22.51965],"rotation":{"origin":[6.85538,8,8],"angle":-45,"axis":"x"},"from":[-1.3999,22.65421,21.26965],"faces":{"west":{"rotation":90,"uv":[6.25,4.5,6.75,5.25],"texture":"#3"},"north":{"uv":[6,5.5,6.25,6],"texture":"#3"},"south":{"uv":[3.75,4,4,4.5],"texture":"#3"}}},{"to":[-1.2999,22.01897,-6.15353],"rotation":{"origin":[6.85538,8,8],"angle":45,"axis":"x"},"from":[-1.3999,21.77033,-7.40353],"faces":{"west":{"rotation":270,"uv":[6.25,4.5,6.75,5.25],"texture":"#3"},"north":{"uv":[8.25,4.5,8.5,5],"texture":"#3"},"south":{"uv":[6,5.5,6.25,6],"texture":"#3"}}},{"to":[-1.3,27.09515,15.80649],"rotation":{"origin":[6.85538,8,8],"angle":-22.5,"axis":"x"},"from":[-1.4,26.84651,14.55649],"faces":{"west":{"rotation":90,"uv":[9,4.5,9.5,5.25],"texture":"#3"},"north":{"uv":[6.25,5,6.5,5.5],"texture":"#3"},"south":{"uv":[7.25,4.25,7.5,4.75],"texture":"#3"}}},{"to":[-1.3,26.6168,0.28867],"rotation":{"origin":[6.85538,8,8],"angle":22.5,"axis":"x"},"from":[-1.4,26.36816,-0.96133],"faces":{"west":{"rotation":270,"uv":[9.25,4.5,9.75,5.25],"texture":"#3"},"north":{"uv":[7.25,4.25,7.5,4.75],"texture":"#3"},"south":{"uv":[6.25,5,6.5,5.5],"texture":"#3"}}},{"to":[-1.2999,28.39932,8],"rotation":{"origin":[6.85538,8,8],"angle":0,"axis":"y"},"from":[-1.3999,28.15068,6.75],"faces":{"west":{"uv":[6.25,4.5,6.75,5],"texture":"#3"},"north":{"uv":[6.25,4.5,6.5,5],"texture":"#3"},"south":{"uv":[6.25,4.5,6.5,5],"texture":"#3"}}},{"to":[6.175,27.325,9.33492],"rotation":{"origin":[6.85538,8,8],"angle":0,"axis":"y"},"from":[-1.1,25.225,8.46508],"faces":{"down":{"uv":[6.25,7.75,6.75,8.5],"texture":"#1"},"east":{"uv":[9.5,7.25,10.25,8.25],"texture":"#1"},"up":{"rotation":180,"uv":[1.25,3.75,1.75,4.5],"texture":"#1"}}},{"to":[-1.05,27.525,9.14865],"rotation":{"origin":[6.85538,8,8],"angle":0,"axis":"y"},"from":[-1.3001,25.025,8.65135],"faces":{"down":{"rotation":180,"uv":[6.25,8,6.75,8.25],"texture":"#1"},"west":{"uv":[8.25,4,8.75,6],"texture":"#1"},"east":{"uv":[12.5,7.5,13,8],"texture":"#1"},"up":{"rotation":180,"uv":[3.5,3.75,4,4.25],"texture":"#1"}}},{"to":[5.7,26.47831,2.08659],"rotation":{"origin":[6.85538,8,8],"angle":22.5,"axis":"x"},"from":[-0.8,23.97831,1.58931],"faces":{"down":{"rotation":180,"uv":[3,9,7,9.5],"texture":"#1"},"west":{"uv":[12.5,7.5,13,8],"texture":"#1"},"east":{"uv":[9.5,7.25,10.25,8.25],"texture":"#1"},"up":{"uv":[2,3.75,6,4.25],"texture":"#1"}}},{"to":[5.7,25.78948,16.07367],"rotation":{"origin":[6.85538,8,8],"angle":-22.5,"axis":"x"},"from":[-0.8,23.28948,15.57639],"faces":{"down":{"rotation":180,"uv":[3.5,8,7.5,8.5],"texture":"#1"},"west":{"uv":[12.5,7.5,13,8],"texture":"#1"},"east":{"uv":[9.5,7.25,10.25,8.25],"texture":"#1"},"up":{"uv":[0,3.25,4,3.75],"texture":"#1"}}},{"to":[5.7,22.80878,-4.03734],"rotation":{"origin":[6.85538,8,8],"angle":45,"axis":"x"},"from":[-0.8,20.30878,-4.53462],"faces":{"down":{"rotation":180,"uv":[5.75,5.5,9.75,6],"texture":"#1"},"west":{"uv":[12.5,7.5,13,8],"texture":"#1"},"east":{"uv":[9.5,7.25,10.25,8.25],"texture":"#1"},"up":{"uv":[5.25,4.25,9.25,4.75],"texture":"#1"}}},{"to":[5.7,21.53598,21.80742],"rotation":{"origin":[6.85538,8,8],"angle":-45,"axis":"x"},"from":[-0.8,19.03598,21.31014],"faces":{"down":{"uv":[4.5,5.5,8.5,6],"texture":"#1"},"west":{"uv":[12.5,7.5,13,8],"texture":"#1"},"east":{"uv":[9.5,7.25,10.25,8.25],"texture":"#1"},"up":{"rotation":180,"uv":[1.25,4.25,5.25,4.75],"texture":"#1"}}},{"to":[5.7,24.78812,17.07503],"rotation":{"origin":[6.85538,8,8],"angle":-22.5,"axis":"x"},"from":[-0.8,24.29084,14.57503],"faces":{"west":{"rotation":90,"uv":[12.5,7.5,13,8],"texture":"#1"},"east":{"uv":[9.5,7.25,10.25,7.75],"texture":"#1"},"north":{"uv":[6.25,5,10.25,5.5],"texture":"#1"},"south":{"uv":[5.25,4.75,9.25,5.25],"texture":"#1"}}},{"to":[5.7,25.47695,3.08795],"rotation":{"origin":[6.85538,8,8],"angle":22.5,"axis":"x"},"from":[-0.8,24.97967,0.58795],"faces":{"west":{"rotation":270,"uv":[12.5,7.5,13,8],"texture":"#1"},"east":{"uv":[9.5,7.25,10.25,7.75],"texture":"#1"},"north":{"uv":[5.25,4.75,9.25,5.25],"texture":"#1"},"south":{"uv":[6.25,5,10.25,5.5],"texture":"#1"}}},{"to":[5.7,26.52364,10.15],"rotation":{"origin":[6.85538,8,8],"angle":0,"axis":"y"},"from":[-0.8,26.02636,7.65],"faces":{"west":{"uv":[12.5,7.5,13,8],"texture":"#1"},"north":{"uv":[3,12.25,7,12.75],"texture":"#1"},"south":{"uv":[0,12,4,12.5],"texture":"#1"}}},{"to":[-0.43394,25.5966,9.14864],"rotation":{"origin":[6.85538,8,8],"angle":-22.5,"axis":"z"},"from":[-1.68394,24.5966,8.65136],"faces":{"north":{"rotation":180,"uv":[10.5,2.75,11,3.25],"texture":"#1"},"up":{"uv":[2,3.25,2.75,3.75],"texture":"#1"},"south":{"rotation":180,"uv":[10.5,2.75,11,3.25],"texture":"#1"}}},{"to":[13.55314,25.1712,9.14864],"rotation":{"origin":[6.85538,8,8],"angle":22.5,"axis":"z"},"from":[12.30314,24.1712,8.65136],"faces":{"down":{"rotation":180,"uv":[5.5,7.75,6.25,8.25],"texture":"#1"},"north":{"rotation":180,"uv":[7.5,8,7.75,8.25],"texture":"#1"},"south":{"rotation":180,"uv":[7.5,8,7.75,8.25],"texture":"#1"}}},{"to":[6.21519,26.52364,9.54419],"rotation":{"origin":[6.85538,8,8],"angle":22.5,"axis":"y"},"from":[4.96519,26.02636,8.54419],"faces":{"down":{"rotation":180,"uv":[4.5,12,5,12.5],"texture":"#1"},"up":{"rotation":180,"uv":[4.5,12,5,12.5],"texture":"#1"},"south":{"uv":[0,12,0.75,12.5],"texture":"#1"}}},{"to":[6.90401,26.52364,9.11878],"rotation":{"origin":[6.85538,8,8],"angle":-22.5,"axis":"y"},"from":[5.65401,26.02636,8.11878],"faces":{"down":{"rotation":180,"uv":[4.5,12,5,12.5],"texture":"#1"},"north":{"uv":[0,12,0.75,12.5],"texture":"#1"},"up":{"rotation":180,"uv":[4.5,12,5,12.5],"texture":"#1"}}},{"to":[5.7,27.525,9.14866],"rotation":{"origin":[6.85538,8,8],"angle":0,"axis":"y"},"from":[-0.8,25.025,8.65136],"faces":{"down":{"rotation":180,"uv":[5.5,7.75,9.5,8.25],"texture":"#1"},"west":{"uv":[12.5,7.5,13,8],"texture":"#1"},"up":{"uv":[2,3.25,6,3.75],"texture":"#1"}}},{"to":[6.175,21.33598,21.9937],"rotation":{"origin":[6.85538,8,8],"angle":-45,"axis":"x"},"from":[-1.1,19.23598,21.12386],"faces":{"down":{"rotation":180,"uv":[2,5.75,2.5,6.5],"texture":"#1"},"east":{"uv":[9.5,7.25,10.25,8.25],"texture":"#1"},"up":{"rotation":180,"uv":[1.25,4.25,1.75,5],"texture":"#1"}}},{"to":[6.175,22.60878,-3.85106],"rotation":{"origin":[6.85538,8,8],"angle":45,"axis":"x"},"from":[-1.1,20.50878,-4.7209],"faces":{"down":{"uv":[2,5.75,2.5,6.5],"texture":"#1"},"east":{"uv":[9.5,7.25,10.25,8.25],"texture":"#1"},"up":{"uv":[1.25,4.25,1.75,5],"texture":"#1"}}},{"to":[6.175,26.70992,9.95],"rotation":{"origin":[6.85538,8,8],"angle":0,"axis":"y"},"from":[-1.1,25.84008,7.85],"faces":{"east":{"uv":[9.5,7.25,10.25,8.25],"texture":"#1"},"north":{"uv":[3,4.75,3.5,5.5],"texture":"#1"},"south":{"uv":[3,4.75,3.5,5.5],"texture":"#1"}}},{"to":[7.875,27.15,9.07405],"rotation":{"origin":[6.85538,8,8],"angle":0,"axis":"y"},"from":[5.875,25.4,8.72595],"faces":{"down":{"rotation":180,"uv":[7.25,8,8.25,8.25],"texture":"#1"},"east":{"uv":[5.25,10.5,5.75,11],"texture":"#1"},"up":{"rotation":180,"uv":[3.5,4,4.5,4.25],"texture":"#1"}}},{"to":[7.875,26.10331,2.012],"rotation":{"origin":[6.85538,8,8],"angle":22.5,"axis":"x"},"from":[5.875,24.35331,1.6639],"faces":{"down":{"rotation":180,"uv":[5.25,7.75,6.25,8],"texture":"#1"},"east":{"uv":[5.25,10.5,5.75,11],"texture":"#1"},"up":{"rotation":180,"uv":[5.25,4.25,6.25,4.5],"texture":"#1"}}},{"to":[7.875,25.41448,15.99908],"rotation":{"origin":[6.85538,8,8],"angle":-22.5,"axis":"x"},"from":[5.875,23.66448,15.65098],"faces":{"down":{"rotation":180,"uv":[2.5,8.25,3.5,8.5],"texture":"#1"},"east":{"uv":[5.25,10.5,5.75,11],"texture":"#1"},"up":{"rotation":180,"uv":[4.75,4.25,5.75,4.5],"texture":"#1"}}},{"to":[7.875,22.43378,-4.11193],"rotation":{"origin":[6.85538,8,8],"angle":45,"axis":"x"},"from":[5.875,20.68378,-4.46003],"faces":{"down":{"rotation":180,"uv":[4.75,5.5,5.75,5.75],"texture":"#1"},"east":{"uv":[5.25,10.5,5.75,11],"texture":"#1"},"up":{"rotation":180,"uv":[6.75,4.5,7.75,4.75],"texture":"#1"}}},{"to":[7.875,21.16098,21.73283],"rotation":{"origin":[6.85538,8,8],"angle":-45,"axis":"x"},"from":[5.875,19.41098,21.38473],"faces":{"down":{"rotation":180,"uv":[4.25,5.75,5.25,6],"texture":"#1"},"east":{"uv":[5.25,10.5,5.75,11],"texture":"#1"},"up":{"rotation":180,"uv":[1.25,4.25,2.25,4.5],"texture":"#1"}}},{"to":[7.875,24.71353,16.70003],"rotation":{"origin":[6.85538,8,8],"angle":-22.5,"axis":"x"},"from":[5.875,24.36543,14.95003],"faces":{"east":{"uv":[5.25,10.5,5.75,11],"texture":"#1"},"north":{"rotation":180,"uv":[3,5.25,4,5.5],"texture":"#1"},"south":{"rotation":180,"uv":[6.75,4.75,7.75,5],"texture":"#1"}}},{"to":[7.875,25.40236,2.71295],"rotation":{"origin":[6.85538,8,8],"angle":22.5,"axis":"x"},"from":[5.875,25.05426,0.96295],"faces":{"east":{"uv":[5.25,10.5,5.75,11],"texture":"#1"},"north":{"rotation":180,"uv":[1.5,4.75,2.5,5],"texture":"#1"},"south":{"rotation":180,"uv":[8,5.25,9,5.5],"texture":"#1"}}},{"to":[7.875,26.44905,9.775],"rotation":{"origin":[6.85538,8,8],"angle":0,"axis":"y"},"from":[5.875,26.10095,8.025],"faces":{"east":{"uv":[5.25,10.5,5.75,11],"texture":"#1"},"north":{"rotation":180,"uv":[2,5,3,5.25],"texture":"#1"},"south":{"rotation":180,"uv":[5,5,6,5.25],"texture":"#1"}}},{"to":[-1.0499,26.47831,2.0866],"rotation":{"origin":[6.85538,8,8],"angle":22.5,"axis":"x"},"from":[-1.3,23.97831,1.5893],"faces":{"down":{"rotation":180,"uv":[6.25,8,6.75,8.25],"texture":"#1"},"west":{"uv":[7.25,4,7.75,6],"texture":"#1"},"east":{"uv":[12.5,7.5,13,8],"texture":"#1"},"up":{"uv":[3.5,4.25,4,4.75],"texture":"#1"}}},{"to":[-1.0499,25.78948,16.07368],"rotation":{"origin":[6.85538,8,8],"angle":-22.5,"axis":"x"},"from":[-1.3,23.28948,15.57638],"faces":{"down":{"rotation":180,"uv":[6.25,8,6.75,8.25],"texture":"#1"},"west":{"uv":[7.25,4,7.75,6],"texture":"#1"},"east":{"uv":[12.5,7.5,13,8],"texture":"#1"},"up":{"rotation":180,"uv":[3.5,4.25,4,4.75],"texture":"#1"}}},{"to":[-1.05,22.80878,-4.03733],"rotation":{"origin":[6.85538,8,8],"angle":45,"axis":"x"},"from":[-1.3001,20.30878,-4.53463],"faces":{"down":{"rotation":180,"uv":[6.25,8,6.75,8.25],"texture":"#1"},"west":{"uv":[10.75,4.5,11.25,6.5],"texture":"#1"},"east":{"uv":[12.5,7.5,13,8],"texture":"#1"},"up":{"uv":[3.75,4.75,4.25,5.25],"texture":"#1"}}},{"to":[-1.05,21.53598,21.80743],"rotation":{"origin":[6.85538,8,8],"angle":-45,"axis":"x"},"from":[-1.3001,19.03598,21.31013],"faces":{"down":{"rotation":180,"uv":[6.25,8,6.75,8.25],"texture":"#1"},"west":{"uv":[6.75,4.5,7.25,6.5],"texture":"#1"},"east":{"uv":[12.5,7.5,13,8],"texture":"#1"},"up":{"rotation":180,"uv":[7.75,4.75,8.25,5.25],"texture":"#1"}}},{"to":[-1.0499,24.78813,17.07503],"rotation":{"origin":[6.85538,8,8],"angle":-22.5,"axis":"x"},"from":[-1.3,24.29083,14.57503],"faces":{"west":{"rotation":90,"uv":[0.5,4.75,1,6.75],"texture":"#1"},"east":{"rotation":270,"uv":[12.5,7.5,13,8],"texture":"#1"},"north":{"rotation":180,"uv":[6.75,8,7.25,8.5],"texture":"#1"},"south":{"uv":[5.25,5.5,5.75,6],"texture":"#1"}}},{"to":[-1.0499,25.47696,3.08795],"rotation":{"origin":[6.85538,8,8],"angle":22.5,"axis":"x"},"from":[-1.3,24.97966,0.58795],"faces":{"west":{"rotation":270,"uv":[0.75,4.75,1.25,6.75],"texture":"#1"},"east":{"rotation":90,"uv":[12.5,7.5,13,8],"texture":"#1"},"north":{"uv":[6.75,5.5,7.25,6],"texture":"#1"},"south":{"rotation":180,"uv":[6,8,6.5,8.5],"texture":"#1"}}},{"to":[-1.05,26.52365,10.15],"rotation":{"origin":[6.85538,8,8],"angle":0,"axis":"y"},"from":[-1.3001,26.02635,7.65],"faces":{"west":{"rotation":90,"uv":[7.25,9.5,7.75,11.5],"texture":"#1"},"east":{"uv":[12.5,7.5,13,8],"texture":"#1"},"north":{"rotation":180,"uv":[4.25,8.25,4.75,8.75],"texture":"#1"},"south":{"rotation":180,"uv":[6.25,8.25,6.75,8.75],"texture":"#1"}}},{"to":[11.08711,26.475,7.45679],"rotation":{"origin":[6.85538,8,8],"angle":-22.5,"axis":"y"},"from":[10.03711,26.075,7.00679],"faces":{"down":{"rotation":180,"uv":[9,10.25,9.5,10.75],"texture":"#3"},"east":{"uv":[7.5,2,8,2.5],"texture":"#3"},"north":{"rotation":180,"uv":[4.75,11.25,5.25,11.75],"texture":"#3"},"up":{"rotation":180,"uv":[6.5,4.75,7,5.25],"texture":"#3"}}},{"to":[10.39829,26.475,10.65618],"rotation":{"origin":[6.85538,8,8],"angle":22.5,"axis":"y"},"from":[9.34829,26.075,10.20618],"faces":{"down":{"rotation":180,"uv":[9,10.25,9.5,10.75],"texture":"#3"},"east":{"uv":[7.5,2,8,2.5],"texture":"#3"},"up":{"uv":[6.5,4.75,7,5.25],"texture":"#3"},"south":{"rotation":180,"uv":[4.75,11.25,5.25,11.75],"texture":"#3"}}},{"to":[17.73624,23.45921,9.1],"rotation":{"origin":[6.85538,8,8],"angle":22.5,"axis":"z"},"from":[16.68624,23.05921,8.7],"faces":{"down":{"rotation":180,"uv":[15,8,15.5,8.5],"texture":"#3"},"east":{"uv":[7.5,2,8,2.5],"texture":"#3"},"north":{"rotation":180,"uv":[5,8,5.5,8.5],"texture":"#3"},"south":{"rotation":180,"uv":[5,8,5.5,8.5],"texture":"#3"}}},{"to":[3.74915,26.70859,9.1],"rotation":{"origin":[6.85538,8,8],"angle":-22.5,"axis":"z"},"from":[2.69915,26.30859,8.7],"faces":{"east":{"uv":[7.5,2,8,2.5],"texture":"#3"},"north":{"uv":[6,4.5,6.5,5],"texture":"#3"},"up":{"uv":[4,4,4.5,4.5],"texture":"#3"},"south":{"uv":[5.75,4.5,6.25,5],"texture":"#3"}}},{"to":[10.175,26.40429,9.55],"rotation":{"origin":[6.85538,8,8],"angle":0,"axis":"y"},"from":[9.925,26.14571,8.25],"faces":{"east":{"uv":[11,7.5,11.5,8],"texture":"#3"},"north":{"rotation":180,"uv":[6.25,11,6.75,11.25],"texture":"#3"},"south":{"rotation":180,"uv":[5.75,10.5,6.25,10.75],"texture":"#3"}}},{"to":[10.175,25.3576,2.48795],"rotation":{"origin":[6.85538,8,8],"angle":22.5,"axis":"x"},"from":[9.925,25.09902,1.18795],"faces":{"east":{"rotation":90,"uv":[11,7.5,11.5,8],"texture":"#3"},"north":{"rotation":180,"uv":[7,11.5,7.5,11.75],"texture":"#3"},"south":{"rotation":180,"uv":[1.25,10,1.75,10.25],"texture":"#3"}}},{"to":[10.175,24.66877,16.47503],"rotation":{"origin":[6.85538,8,8],"angle":-22.5,"axis":"x"},"from":[9.925,24.41019,15.17503],"faces":{"east":{"rotation":270,"uv":[11,7.5,11.5,8],"texture":"#3"},"north":{"rotation":180,"uv":[2.5,10,3,10.5],"texture":"#3"},"south":{"rotation":180,"uv":[7.5,11.5,8,11.75],"texture":"#3"}}},{"to":[10.175,20.93598,21.68807],"rotation":{"origin":[6.85538,8,8],"angle":-45,"axis":"x"},"from":[9.925,19.63598,21.42949],"faces":{"down":{"rotation":180,"uv":[2.75,9.25,3.25,9.5],"texture":"#3"},"east":{"uv":[11.75,7.5,12.25,8],"texture":"#3"},"up":{"rotation":180,"uv":[8,4.75,8.5,5],"texture":"#3"}}},{"to":[10.175,22.20878,-4.15669],"rotation":{"origin":[6.85538,8,8],"angle":45,"axis":"x"},"from":[9.925,20.90878,-4.41527],"faces":{"down":{"rotation":180,"uv":[2.75,9.25,3.25,9.75],"texture":"#3"},"east":{"uv":[12.25,7.5,12.75,8],"texture":"#3"},"up":{"uv":[6.5,4.75,7,5],"texture":"#3"}}},{"to":[10.175,25.18948,15.95432],"rotation":{"origin":[6.85538,8,8],"angle":-22.5,"axis":"x"},"from":[9.925,23.88948,15.69574],"faces":{"down":{"rotation":180,"uv":[4.25,8,4.75,8.25],"texture":"#3"},"east":{"uv":[12.5,7.5,13,8],"texture":"#3"},"up":{"uv":[11,3,11.5,3.25],"texture":"#3"}}},{"to":[10.175,25.87831,1.96724],"rotation":{"origin":[6.85538,8,8],"angle":22.5,"axis":"x"},"from":[9.925,24.57831,1.70866],"faces":{"down":{"uv":[4.25,8,4.75,8.25],"texture":"#3"},"east":{"uv":[13.25,7.5,13.75,8],"texture":"#3"},"up":{"uv":[11.25,3.25,11.75,3.5],"texture":"#3"}}},{"to":[10.175,26.925,9.02929],"rotation":{"origin":[6.85538,8,8],"angle":0,"axis":"y"},"from":[9.925,25.625,8.77071],"faces":{"down":{"rotation":180,"uv":[7.75,8,8.25,8.25],"texture":"#3"},"east":{"uv":[14,7.5,14.5,8],"texture":"#3"},"up":{"uv":[3.25,4,3.75,4.25],"texture":"#3"}}},{"to":[9.925,26.41424,9.6],"rotation":{"origin":[6.85538,8,8],"angle":0,"axis":"y"},"from":[9.475,26.13576,8.2],"faces":{"east":{"uv":[11,7.5,11.5,8],"texture":"#3"},"north":{"rotation":180,"uv":[4.75,11,5.25,11.25],"texture":"#3"},"south":{"rotation":180,"uv":[6.5,11,7,11.25],"texture":"#3"}}},{"to":[9.925,24.67872,16.52503],"rotation":{"origin":[6.85538,8,8],"angle":-22.5,"axis":"x"},"from":[9.475,24.40024,15.12503],"faces":{"east":{"rotation":270,"uv":[11,7.5,11.5,8],"texture":"#3"},"north":{"rotation":180,"uv":[2.5,10,3,10.5],"texture":"#3"},"south":{"rotation":180,"uv":[6.25,11.5,6.75,11.75],"texture":"#3"}}},{"to":[9.925,22.25878,-4.14674],"rotation":{"origin":[6.85538,8,8],"angle":45,"axis":"x"},"from":[9.475,20.85878,-4.42522],"faces":{"down":{"rotation":180,"uv":[2.75,9.25,3.25,9.75],"texture":"#3"},"east":{"uv":[11,7.5,11.5,8],"texture":"#3"},"up":{"uv":[9,4.75,9.5,5],"texture":"#3"}}},{"to":[9.925,25.36755,2.53795],"rotation":{"origin":[6.85538,8,8],"angle":22.5,"axis":"x"},"from":[9.475,25.08907,1.13795],"faces":{"east":{"rotation":90,"uv":[11,7.5,11.5,8],"texture":"#3"},"north":{"rotation":180,"uv":[6.75,11.5,7.25,11.75],"texture":"#3"},"south":{"rotation":180,"uv":[1,10,1.5,10.25],"texture":"#3"}}},{"to":[9.925,20.98598,21.69802],"rotation":{"origin":[6.85538,8,8],"angle":-45,"axis":"x"},"from":[9.475,19.58598,21.41954],"faces":{"down":{"rotation":180,"uv":[2.75,9.25,3.25,9.5],"texture":"#3"},"east":{"uv":[11,7.5,11.5,8],"texture":"#3"},"up":{"rotation":180,"uv":[7.5,4.75,8,5],"texture":"#3"}}},{"to":[9.925,25.92831,1.97719],"rotation":{"origin":[6.85538,8,8],"angle":22.5,"axis":"x"},"from":[9.475,24.52831,1.69871],"faces":{"down":{"uv":[4.25,8,4.75,8.25],"texture":"#3"},"east":{"uv":[11,7.5,11.5,8],"texture":"#3"},"up":{"uv":[10.5,2.75,11,3],"texture":"#3"}}},{"to":[9.925,25.23948,15.96427],"rotation":{"origin":[6.85538,8,8],"angle":-22.5,"axis":"x"},"from":[9.475,23.83948,15.68579],"faces":{"down":{"rotation":180,"uv":[4.25,8,4.75,8.25],"texture":"#3"},"east":{"uv":[11,7.5,11.5,8],"texture":"#3"},"up":{"uv":[8.75,4.25,9.25,4.5],"texture":"#3"}}},{"to":[9.925,26.975,9.03924],"rotation":{"origin":[6.85538,8,8],"angle":0,"axis":"y"},"from":[9.475,25.575,8.76076],"faces":{"down":{"rotation":180,"uv":[7.75,8,8.25,8.25],"texture":"#3"},"east":{"uv":[11,7.5,11.5,8],"texture":"#3"},"up":{"uv":[3.25,4,3.75,4.25],"texture":"#3"}}},{"to":[9.475,26.42418,9.65],"rotation":{"origin":[6.85538,8,8],"angle":0,"axis":"y"},"from":[8.775,26.12582,8.15],"faces":{"east":{"uv":[11,7.5,11.5,8],"texture":"#3"},"north":{"rotation":180,"uv":[6.5,11,7,11.25],"texture":"#3"},"south":{"rotation":180,"uv":[4.75,11,5.25,11.25],"texture":"#3"}}},{"to":[9.475,25.37749,2.58795],"rotation":{"origin":[6.85538,8,8],"angle":22.5,"axis":"x"},"from":[8.775,25.07913,1.08795],"faces":{"east":{"rotation":90,"uv":[11,7.5,11.5,8],"texture":"#3"},"north":{"rotation":180,"uv":[4.75,11.5,5.25,11.75],"texture":"#3"},"south":{"rotation":180,"uv":[1.25,9.75,1.75,10],"texture":"#3"}}},{"to":[9.475,24.68866,16.57503],"rotation":{"origin":[6.85538,8,8],"angle":-22.5,"axis":"x"},"from":[8.775,24.3903,15.07503],"faces":{"east":{"rotation":270,"uv":[11,7.5,11.5,8],"texture":"#3"},"north":{"rotation":180,"uv":[2.5,10,3,10.5],"texture":"#3"},"south":{"rotation":180,"uv":[6.25,11.5,6.75,11.75],"texture":"#3"}}},{"to":[9.475,21.03598,21.70796],"rotation":{"origin":[6.85538,8,8],"angle":-45,"axis":"x"},"from":[8.775,19.53598,21.4096],"faces":{"down":{"rotation":180,"uv":[2.75,9.25,3.25,9.5],"texture":"#3"},"east":{"uv":[11,7.5,11.5,8],"texture":"#3"},"up":{"rotation":180,"uv":[5.75,4.75,6.25,5],"texture":"#3"}}},{"to":[9.475,22.30878,-4.1368],"rotation":{"origin":[6.85538,8,8],"angle":45,"axis":"x"},"from":[8.775,20.80878,-4.43516],"faces":{"down":{"rotation":180,"uv":[2.75,9.25,3.25,9.75],"texture":"#3"},"east":{"uv":[11,7.5,11.5,8],"texture":"#3"},"up":{"uv":[9.25,4.75,9.75,5],"texture":"#3"}}},{"to":[9.475,25.28948,15.97421],"rotation":{"origin":[6.85538,8,8],"angle":-22.5,"axis":"x"},"from":[8.775,23.78948,15.67585],"faces":{"down":{"rotation":180,"uv":[4.25,8,4.75,8.25],"texture":"#3"},"east":{"uv":[11,7.5,11.5,8],"texture":"#3"},"up":{"uv":[8.5,4.25,9,4.5],"texture":"#3"}}},{"to":[9.475,25.97831,1.98713],"rotation":{"origin":[6.85538,8,8],"angle":22.5,"axis":"x"},"from":[8.775,24.47831,1.68877],"faces":{"down":{"uv":[4.25,8,4.75,8.25],"texture":"#3"},"east":{"uv":[11,7.5,11.5,8],"texture":"#3"},"up":{"uv":[12.75,2.25,13.25,2.5],"texture":"#3"}}},{"to":[9.475,27.025,9.04918],"rotation":{"origin":[6.85538,8,8],"angle":0,"axis":"y"},"from":[8.775,25.525,8.75082],"faces":{"down":{"rotation":180,"uv":[7.75,8,8.25,8.25],"texture":"#3"},"east":{"uv":[11,7.5,11.5,8],"texture":"#3"},"up":{"uv":[3.25,4,3.75,4.25],"texture":"#3"}}},{"to":[8.775,26.43413,9.7],"rotation":{"origin":[6.85538,8,8],"angle":0,"axis":"y"},"from":[7.775,26.11587,8.1],"faces":{"east":{"uv":[11,7.5,11.5,8],"texture":"#3"},"north":{"rotation":180,"uv":[5.5,11,6,11.25],"texture":"#3"},"south":{"rotation":180,"uv":[5.5,11,6,11.25],"texture":"#3"}}},{"to":[8.775,24.69861,16.62503],"rotation":{"origin":[6.85538,8,8],"angle":-22.5,"axis":"x"},"from":[7.775,24.38035,15.02503],"faces":{"east":{"rotation":270,"uv":[11,7.5,11.5,8],"texture":"#3"},"north":{"rotation":180,"uv":[2.5,10,3,10.5],"texture":"#3"},"south":{"rotation":180,"uv":[5.5,11.5,6,11.75],"texture":"#3"}}},{"to":[8.775,25.38744,2.63795],"rotation":{"origin":[6.85538,8,8],"angle":22.5,"axis":"x"},"from":[7.775,25.06918,1.03795],"faces":{"east":{"rotation":90,"uv":[11,7.5,11.5,8],"texture":"#3"},"north":{"rotation":180,"uv":[5.5,11.5,6,11.75],"texture":"#3"},"south":{"rotation":180,"uv":[1.25,9.75,1.75,10],"texture":"#3"}}},{"to":[8.775,22.35878,-4.12685],"rotation":{"origin":[6.85538,8,8],"angle":45,"axis":"x"},"from":[7.775,20.75878,-4.44511],"faces":{"down":{"rotation":180,"uv":[2.75,9.25,3.25,9.75],"texture":"#3"},"east":{"uv":[11,7.5,11.5,8],"texture":"#3"},"up":{"uv":[8.5,4.75,9,5],"texture":"#3"}}},{"to":[8.775,21.08598,21.71791],"rotation":{"origin":[6.85538,8,8],"angle":-45,"axis":"x"},"from":[7.775,19.48598,21.39965],"faces":{"down":{"rotation":180,"uv":[2.75,9.25,3.25,9.5],"texture":"#3"},"east":{"uv":[11,7.5,11.5,8],"texture":"#3"},"up":{"rotation":180,"uv":[6.5,4.75,7,5],"texture":"#3"}}},{"to":[8.775,26.02831,1.99708],"rotation":{"origin":[6.85538,8,8],"angle":22.5,"axis":"x"},"from":[7.775,24.42831,1.67882],"faces":{"down":{"uv":[4.25,8,4.75,8.25],"texture":"#3"},"east":{"uv":[11,7.5,11.5,8],"texture":"#3"},"up":{"uv":[5.5,4.25,6,4.5],"texture":"#3"}}},{"to":[8.775,25.33948,15.98416],"rotation":{"origin":[6.85538,8,8],"angle":-22.5,"axis":"x"},"from":[7.775,23.73948,15.6659],"faces":{"down":{"rotation":180,"uv":[4.25,8,4.75,8.25],"texture":"#3"},"east":{"uv":[11,7.5,11.5,8],"texture":"#3"},"up":{"uv":[7.5,4.25,8,4.5],"texture":"#3"}}},{"to":[8.775,27.075,9.05913],"rotation":{"origin":[6.85538,8,8],"angle":0,"axis":"y"},"from":[7.775,25.475,8.74087],"faces":{"down":{"rotation":180,"uv":[7.75,8,8.25,8.25],"texture":"#3"},"east":{"uv":[11,7.5,11.5,8],"texture":"#3"},"up":{"uv":[3.25,4,3.75,4.25],"texture":"#3"}}},{"to":[-1.2999,26.9,9.02432],"rotation":{"origin":[6.85538,8,8],"angle":0,"axis":"y"},"from":[-1.3999,25.65,8.77568],"faces":{"down":{"uv":[9.5,8,9.75,8.25],"texture":"#3"},"west":{"uv":[6.25,4.5,6.75,5.25],"texture":"#3"},"up":{"uv":[3.25,4,3.5,4.5],"texture":"#3"}}},{"to":[-1.3,25.85331,1.96227],"rotation":{"origin":[6.85538,8,8],"angle":22.5,"axis":"x"},"from":[-1.4,24.60331,1.71363],"faces":{"down":{"uv":[9,8,9.25,8.5],"texture":"#3"},"west":{"uv":[5.25,4.5,5.75,5.25],"texture":"#3"},"up":{"uv":[3.25,4,3.5,4.5],"texture":"#3"}}},{"to":[-1.3,25.16448,15.94935],"rotation":{"origin":[6.85538,8,8],"angle":-22.5,"axis":"x"},"from":[-1.4,23.91448,15.70071],"faces":{"down":{"rotation":180,"uv":[9,8,9.25,8.5],"texture":"#3"},"west":{"uv":[5.25,4.5,5.75,5.25],"texture":"#3"},"up":{"rotation":180,"uv":[7.25,4.25,7.5,4.75],"texture":"#3"}}},{"to":[-1.2999,20.4103,22.18378],"rotation":{"origin":[6.85538,8,8],"angle":-45,"axis":"x"},"from":[-1.3999,20.16166,20.93378],"faces":{"west":{"rotation":90,"uv":[6.25,4.5,6.75,5.25],"texture":"#3"},"north":{"uv":[6,5.5,6.25,6],"texture":"#3"},"south":{"uv":[3.75,4,4,4.5],"texture":"#3"}}},{"to":[-1.2999,21.6831,-3.66098],"rotation":{"origin":[6.85538,8,8],"angle":45,"axis":"x"},"from":[-1.3999,21.43446,-4.91098],"faces":{"west":{"rotation":270,"uv":[6.25,4.5,6.75,5.25],"texture":"#3"},"north":{"uv":[8.25,4.5,8.5,5],"texture":"#3"},"south":{"uv":[6,5.5,6.25,6],"texture":"#3"}}},{"to":[-1.3,24.6638,16.45003],"rotation":{"origin":[6.85538,8,8],"angle":-22.5,"axis":"x"},"from":[-1.4,24.41516,15.20003],"faces":{"west":{"rotation":90,"uv":[9,4.5,9.5,5.25],"texture":"#3"},"north":{"uv":[6.25,5,6.5,5.5],"texture":"#3"},"south":{"uv":[7.25,4.25,7.5,4.75],"texture":"#3"}}},{"to":[-1.3,25.35263,2.46295],"rotation":{"origin":[6.85538,8,8],"angle":22.5,"axis":"x"},"from":[-1.4,25.10399,1.21295],"faces":{"west":{"rotation":270,"uv":[9.25,4.5,9.75,5.25],"texture":"#3"},"north":{"uv":[7.25,4.25,7.5,4.75],"texture":"#3"},"south":{"uv":[6.25,5,6.5,5.5],"texture":"#3"}}},{"to":[-1.2999,26.39932,9.525],"rotation":{"origin":[6.85538,8,8],"angle":0,"axis":"y"},"from":[-1.3999,26.15068,8.275],"faces":{"west":{"uv":[6.25,4.5,6.75,5],"texture":"#3"},"north":{"uv":[6.25,4.5,6.5,5],"texture":"#3"},"south":{"uv":[6.25,4.5,6.5,5],"texture":"#3"}}},{"to":[10.93916,25.697,7.351],"from":[9.13916,16.1,6.549],"faces":{"up":{"rotation":180,"uv":[8.5,4.25,9.76,5.26],"texture":"#3"}}},{"to":[10.43916,25.698,8.151],"rotation":{"origin":[10.53916,20.7995,7.05],"angle":-45,"axis":"y"},"from":[9.33916,16.1,7.149],"faces":{"up":{"rotation":180,"uv":[8.5,4.25,9.76,5.26],"texture":"#3"}}},{"to":[9.63916,25.699,7.751],"from":[7.83916,16.1,6.349],"faces":{"up":{"rotation":180,"uv":[8.5,4.25,9.76,5.26],"texture":"#3"}}},{"to":[7.83916,25.699,7.951],"from":[4.73916,16.1,6.149],"faces":{"up":{"uv":[8.5,3.75,11.51,5.26],"texture":"#1"}}},{"to":[4.93916,25.699,8.251],"from":[-1.16084,16.1,5.849],"faces":{"up":{"uv":[8.5,3.75,11.51,5.26],"texture":"#1"}}},{"to":[4.93916,25.524,10.351],"from":[-1.16084,15.925,7.949],"faces":{"up":{"uv":[8.5,3.75,11.51,5.26],"texture":"#1"}}},{"to":[7.83916,25.524,10.051],"from":[4.73916,15.925,8.249],"faces":{"up":{"uv":[8.5,3.75,11.51,5.26],"texture":"#1"}}},{"to":[9.63916,25.524,9.851],"from":[7.83916,15.925,8.449],"faces":{"up":{"rotation":180,"uv":[8.5,4.25,9.76,5.26],"texture":"#3"}}},{"to":[11.92408,25.523,9.63592],"rotation":{"origin":[10.53916,20.7995,7.05],"angle":-45,"axis":"y"},"from":[10.82408,15.925,8.63392],"faces":{"up":{"rotation":180,"uv":[8.5,4.25,9.76,5.26],"texture":"#3"}}},{"to":[10.93916,25.522,9.451],"from":[9.13916,15.925,8.649],"faces":{"up":{"rotation":180,"uv":[8.5,4.25,9.76,5.26],"texture":"#3"}}},{"to":[11.73916,25.499,10.351],"from":[-1.76084,15.9,5.749],"faces":{"up":{"rotation":180,"uv":[3.75,10,4.25,10.5],"texture":"#1"}}}],"display":{"thirdperson_righthand":{"rotation":[0,100,0],"scale":[0.125,0.125,0.125],"translation":[-1,-2,-0.5]},"head":{"scale":[0.25,0.25,0.25]},"thirdperson_lefthand":{"rotation":[0,-77,0],"scale":[0.125,0.125,0.125],"translation":[-1,-2,-0.5]},"gui":{"rotation":[0,-150,20],"scale":[0.5,0.5,0.5],"translation":[-1,-0.5,0]},"firstperson_lefthand":{"rotation":[-77,-99,-74],"scale":[0.25,0.25,0.25],"translation":[2,-2,0.5]},"firstperson_righthand":{"rotation":[34,96,-37],"scale":[0.25,0.25,0.25],"translation":[1,-1.5,0.5]},"fixed":{"translation":[0,0,-4],"scale":[-0.25,0.25,-0.25]},"ground":{"translation":[0,2,0],"scale":[0.125,0.125,0.125]}},"credit":"thebradqq's guns"}