{"textures":{"0":"mgs:gun/svdmag","4":"mgs:gun/metal","7":"mgs:gun/metal_dark","1_2":"mgs:gun/copper"},"gui_light":"front","elements":[{"to":[17.6796,11.6628,10.56511],"rotation":{"origin":[10.59574,-0.04913,8],"angle":0,"axis":"y"},"from":[-0.5904,3.9264,5.43489],"faces":{"west":{"uv":[0,0,3,5.25],"texture":"#0"},"east":{"uv":[0,10.25,1.25,12],"texture":"#7"},"north":{"uv":[16,0,3,6.25],"texture":"#0"},"south":{"uv":[3,0,16,6.25],"texture":"#0"}}},{"to":[17.6796,13.6242,5.84011],"rotation":{"origin":[10.59574,-0.08273,8],"angle":0,"axis":"y"},"from":[-0.5904,11.6628,5.43489],"faces":{"north":{"uv":[16,0,3,0.99],"texture":"#0"},"up":{"rotation":180,"uv":[1,11.5,2.25,12],"texture":"#7"},"south":{"rotation":180,"uv":[16,15,3,15.99],"texture":"#0"}}},{"to":[17.6796,13.62525,10.56511],"rotation":{"origin":[10.59574,-0.08273,8],"angle":0,"axis":"y"},"from":[17.2596,11.6628,5.43489],"faces":{"west":{"uv":[3.75,10.25,5,10.75],"texture":"#7"},"east":{"uv":[1,9,2.25,9.5],"texture":"#7"},"up":{"rotation":270,"uv":[1,11.5,2.25,12],"texture":"#7"}}},{"to":[-0.1704,13.6242,10.56511],"rotation":{"origin":[10.59574,-0.08273,8],"angle":0,"axis":"y"},"from":[-0.5904,11.6628,5.43489],"faces":{"west":{"uv":[0,0,3,1],"texture":"#0"},"east":{"uv":[3.75,10.25,5,10.75],"texture":"#7"},"up":{"rotation":270,"uv":[1,11.5,2.25,12],"texture":"#7"}}},{"to":[17.6796,13.6242,10.56511],"rotation":{"origin":[10.59574,-0.08273,8],"angle":0,"axis":"y"},"from":[-0.5904,11.6628,10.15989],"faces":{"north":{"rotation":180,"uv":[16,15,3,15.99],"texture":"#0"},"up":{"uv":[1,11.5,2.25,12],"texture":"#7"},"south":{"uv":[3,0,16,0.99],"texture":"#0"}}},{"to":[18.66397,7.90454,10.5578],"rotation":{"origin":[10.59574,-0.04913,8],"angle":22.5,"axis":"z"},"from":[1.78249,-6.98551,5.4422],"faces":{"west":{"uv":[0,4.5,3,14.5],"texture":"#0"},"east":{"uv":[0.25,10.25,1.5,13.5],"texture":"#7"},"north":{"uv":[16,4.5,3,14.5],"texture":"#0"},"south":{"uv":[3,4.5,16,14.5],"texture":"#0"}}},{"to":[19.02937,-5.52391,10.83185],"rotation":{"origin":[10.59574,-0.04913,8],"angle":22.5,"axis":"z"},"from":[1.41709,-9.90871,5.16815],"faces":{"north":{"uv":[3,12.5,16,16],"texture":"#0"},"west":{"uv":[0,12.5,3,16],"texture":"#0"},"up":{"uv":[3,15.5,16,16],"texture":"#0"},"down":{"rotation":90,"uv":[0.5,0,2.5,4],"texture":"#0"},"east":{"uv":[13,12.5,16,16],"texture":"#0"},"south":{"uv":[3,12.5,16,16],"texture":"#0"}}},{"to":[7.2846,15.5138,5.75191],"rotation":{"origin":[9.9096,13.6238,5.43586],"angle":22.5,"axis":"x"},"from":[-0.5904,13.6238,5.43481],"faces":{"west":{"rotation":270,"uv":[1,11.5,2.25,11.75],"texture":"#7"},"east":{"rotation":270,"uv":[1,11.5,2.25,12],"texture":"#7"},"north":{"rotation":180,"uv":[7.5,12.5,2,13.49],"texture":"#0"},"up":{"rotation":180,"uv":[1,11.75,2.25,12.25],"texture":"#7"},"south":{"rotation":270,"uv":[6.25,8,7.5,8.25],"texture":"#7"}}},{"to":[7.2846,15.5138,10.56519],"rotation":{"origin":[9.9096,13.6238,10.56414],"angle":-22.5,"axis":"x"},"from":[-0.5904,13.6238,10.24809],"faces":{"west":{"rotation":270,"uv":[1,11.5,2.25,11.75],"texture":"#7"},"east":{"rotation":90,"uv":[1,11.5,2.25,12],"texture":"#7"},"north":{"rotation":270,"uv":[6.25,8,7.5,8.25],"texture":"#7"},"up":{"uv":[1,11.75,2.25,12.25],"texture":"#7"},"south":{"rotation":180,"uv":[7.5,12.5,2,13.49],"texture":"#0"}}},{"to":[10.025,14.95,7.83492],"rotation":{"origin":[6.85538,8,8],"angle":0,"axis":"y"},"from":[2.95,12.85,6.96508],"faces":{"down":{"uv":[6.25,7.75,6.75,8.5],"texture":"#4"},"east":{"uv":[9.5,7.25,10.25,8.25],"texture":"#4"},"up":{"rotation":180,"uv":[1.25,3.75,1.75,4.5],"texture":"#4"}}},{"to":[0.34988,15.4,7.69838],"rotation":{"origin":[8.20646,8,8],"angle":0,"axis":"y"},"from":[0.09988,12.4,7.10162],"faces":{"down":{"rotation":180,"uv":[6.25,8,6.75,8.25],"texture":"#4"},"west":{"uv":[8.25,4,8.75,6],"texture":"#4"},"east":{"uv":[12.5,7.5,13,8],"texture":"#4"},"up":{"rotation":180,"uv":[3.5,3.75,4,4.25],"texture":"#4"}}},{"to":[9.55,14.47128,5.43648],"rotation":{"origin":[6.85538,8,8],"angle":22.5,"axis":"x"},"from":[0.35,11.97128,4.9392],"faces":{"down":{"rotation":180,"uv":[3,9,7,9.5],"texture":"#4"},"west":{"uv":[12.5,7.5,13,8],"texture":"#4"},"east":{"uv":[9.5,7.25,10.25,8.25],"texture":"#4"},"up":{"uv":[2,3.75,6,4.25],"texture":"#4"}}},{"to":[9.55,14.9305,9.95214],"rotation":{"origin":[6.85538,8,8],"angle":-22.5,"axis":"x"},"from":[0.35,12.4305,9.45486],"faces":{"down":{"rotation":180,"uv":[3.5,8,7.5,8.5],"texture":"#4"},"west":{"uv":[12.5,7.5,13,8],"texture":"#4"},"east":{"uv":[9.5,7.25,10.25,8.25],"texture":"#4"},"up":{"uv":[0,3.25,4,3.75],"texture":"#4"}}},{"to":[9.55,12.99767,3.65245],"rotation":{"origin":[6.85538,8,8],"angle":45,"axis":"x"},"from":[0.35,10.49767,3.15517],"faces":{"down":{"rotation":180,"uv":[5.75,5.5,9.75,6],"texture":"#4"},"west":{"uv":[12.5,7.5,13,8],"texture":"#4"},"east":{"uv":[9.5,7.25,10.25,8.25],"texture":"#4"},"up":{"uv":[5.25,4.25,9.25,4.75],"texture":"#4"}}},{"to":[9.55,13.84619,11.99631],"rotation":{"origin":[6.85538,8,8],"angle":-45,"axis":"x"},"from":[0.35,11.34619,11.49903],"faces":{"down":{"uv":[4.5,5.5,8.5,6],"texture":"#4"},"west":{"uv":[12.5,7.5,13,8],"texture":"#4"},"east":{"uv":[9.5,7.25,10.25,8.25],"texture":"#4"},"up":{"rotation":180,"uv":[1.25,4.25,5.25,4.75],"texture":"#4"}}},{"to":[9.55,13.92914,10.9535],"rotation":{"origin":[6.85538,8,8],"angle":-22.5,"axis":"x"},"from":[0.35,13.43186,8.4535],"faces":{"west":{"rotation":90,"uv":[12.5,7.5,13,8],"texture":"#4"},"east":{"uv":[9.5,7.25,10.25,7.75],"texture":"#4"},"north":{"uv":[6.25,5,10.25,5.5],"texture":"#4"},"south":{"uv":[5.25,4.75,9.25,5.25],"texture":"#4"}}},{"to":[9.55,13.46992,6.43784],"rotation":{"origin":[6.85538,8,8],"angle":22.5,"axis":"x"},"from":[0.35,12.97264,3.93784],"faces":{"west":{"rotation":270,"uv":[12.5,7.5,13,8],"texture":"#4"},"east":{"uv":[9.5,7.25,10.25,7.75],"texture":"#4"},"north":{"uv":[5.25,4.75,9.25,5.25],"texture":"#4"},"south":{"uv":[6.25,5,10.25,5.5],"texture":"#4"}}},{"to":[9.55,14.14864,8.65],"rotation":{"origin":[6.85538,8,8],"angle":0,"axis":"y"},"from":[0.35,13.65136,6.15],"faces":{"west":{"uv":[12.5,7.5,13,8],"texture":"#4"},"north":{"uv":[3,12.25,7,12.75],"texture":"#4"},"south":{"uv":[0,12,4,12.5],"texture":"#4"}}},{"to":[7.8587,15.63693,7.64864],"rotation":{"origin":[6.85538,8,8],"angle":-22.5,"axis":"z"},"from":[6.6087,14.63693,7.15136],"faces":{"north":{"rotation":180,"uv":[10.5,2.75,11,3.25],"texture":"#4"},"up":{"uv":[2,3.25,2.75,3.75],"texture":"#4"},"south":{"rotation":180,"uv":[10.5,2.75,11,3.25],"texture":"#4"}}},{"to":[12.37437,12.26486,7.64864],"rotation":{"origin":[6.85538,8,8],"angle":22.5,"axis":"z"},"from":[11.12437,11.26486,7.15136],"faces":{"down":{"rotation":180,"uv":[5.5,7.75,6.25,8.25],"texture":"#4"},"north":{"rotation":180,"uv":[7.5,8,7.75,8.25],"texture":"#4"},"south":{"rotation":180,"uv":[7.5,8,7.75,8.25],"texture":"#4"}}},{"to":[10.34615,14.14864,9.63171],"rotation":{"origin":[6.85538,8,8],"angle":22.5,"axis":"y"},"from":[9.09615,13.65136,8.63171],"faces":{"down":{"rotation":180,"uv":[4.5,12,5,12.5],"texture":"#4"},"up":{"rotation":180,"uv":[4.5,12,5,12.5],"texture":"#4"},"south":{"uv":[0,12,0.75,12.5],"texture":"#4"}}},{"to":[9.88693,14.14864,6.25963],"rotation":{"origin":[6.85538,8,8],"angle":-22.5,"axis":"y"},"from":[8.63693,13.65136,5.25963],"faces":{"down":{"rotation":180,"uv":[4.5,12,5,12.5],"texture":"#4"},"north":{"uv":[0,12,0.75,12.5],"texture":"#4"},"up":{"rotation":180,"uv":[4.5,12,5,12.5],"texture":"#4"}}},{"to":[9.55,15.15,7.64866],"rotation":{"origin":[6.85538,8,8],"angle":0,"axis":"y"},"from":[0.35,12.65,7.15136],"faces":{"down":{"rotation":180,"uv":[5.5,7.75,9.5,8.25],"texture":"#4"},"west":{"uv":[12.5,7.5,13,8],"texture":"#4"},"up":{"uv":[2,3.25,6,3.75],"texture":"#4"}}},{"to":[10.025,13.64619,12.18259],"rotation":{"origin":[6.85538,8,8],"angle":-45,"axis":"x"},"from":[2.95,11.54619,11.31275],"faces":{"down":{"rotation":180,"uv":[2,5.75,2.5,6.5],"texture":"#4"},"east":{"uv":[9.5,7.25,10.25,8.25],"texture":"#4"},"up":{"rotation":180,"uv":[1.25,4.25,1.75,5],"texture":"#4"}}},{"to":[10.025,12.79767,3.83873],"rotation":{"origin":[6.85538,8,8],"angle":45,"axis":"x"},"from":[2.95,10.69767,2.96889],"faces":{"down":{"uv":[2,5.75,2.5,6.5],"texture":"#4"},"east":{"uv":[9.5,7.25,10.25,8.25],"texture":"#4"},"up":{"uv":[1.25,4.25,1.75,5],"texture":"#4"}}},{"to":[10.025,14.33492,8.45],"rotation":{"origin":[6.85538,8,8],"angle":0,"axis":"y"},"from":[2.95,13.46508,6.35],"faces":{"east":{"uv":[9.5,7.25,10.25,8.25],"texture":"#4"},"north":{"uv":[3,4.75,3.5,5.5],"texture":"#4"},"south":{"uv":[3,4.75,3.5,5.5],"texture":"#4"}}},{"to":[12.325,14.775,7.57405],"rotation":{"origin":[6.85538,8,8],"angle":0,"axis":"y"},"from":[10.025,13.025,7.22595],"faces":{"down":{"rotation":180,"uv":[7.25,8,8.25,8.25],"texture":"#4"},"east":{"uv":[5.25,10.5,5.75,11],"texture":"#4"},"up":{"rotation":180,"uv":[3.5,4,4.5,4.25],"texture":"#4"}}},{"to":[12.325,14.09628,5.36189],"rotation":{"origin":[6.85538,8,8],"angle":22.5,"axis":"x"},"from":[10.025,12.34628,5.01379],"faces":{"down":{"rotation":180,"uv":[5.25,7.75,6.25,8],"texture":"#4"},"east":{"uv":[5.25,10.5,5.75,11],"texture":"#4"},"up":{"rotation":180,"uv":[5.25,4.25,6.25,4.5],"texture":"#4"}}},{"to":[12.325,14.5555,9.87755],"rotation":{"origin":[6.85538,8,8],"angle":-22.5,"axis":"x"},"from":[10.025,12.8055,9.52945],"faces":{"down":{"rotation":180,"uv":[2.5,8.25,3.5,8.5],"texture":"#4"},"east":{"uv":[5.25,10.5,5.75,11],"texture":"#4"},"up":{"rotation":180,"uv":[4.75,4.25,5.75,4.5],"texture":"#4"}}},{"to":[12.325,12.62267,3.57786],"rotation":{"origin":[6.85538,8,8],"angle":45,"axis":"x"},"from":[10.025,10.87267,3.22976],"faces":{"down":{"rotation":180,"uv":[4.75,5.5,5.75,5.75],"texture":"#4"},"east":{"uv":[5.25,10.5,5.75,11],"texture":"#4"},"up":{"rotation":180,"uv":[6.75,4.5,7.75,4.75],"texture":"#4"}}},{"to":[12.325,13.47119,11.92172],"rotation":{"origin":[6.85538,8,8],"angle":-45,"axis":"x"},"from":[10.025,11.72119,11.57362],"faces":{"down":{"rotation":180,"uv":[4.25,5.75,5.25,6],"texture":"#4"},"east":{"uv":[5.25,10.5,5.75,11],"texture":"#4"},"up":{"rotation":180,"uv":[1.25,4.25,2.25,4.5],"texture":"#4"}}},{"to":[12.325,13.85455,10.5785],"rotation":{"origin":[6.85538,8,8],"angle":-22.5,"axis":"x"},"from":[10.025,13.50645,8.8285],"faces":{"east":{"uv":[5.25,10.5,5.75,11],"texture":"#4"},"north":{"rotation":180,"uv":[3,5.25,4,5.5],"texture":"#4"},"south":{"rotation":180,"uv":[6.75,4.75,7.75,5],"texture":"#4"}}},{"to":[12.325,13.39533,6.06284],"rotation":{"origin":[6.85538,8,8],"angle":22.5,"axis":"x"},"from":[10.025,13.04723,4.31284],"faces":{"east":{"uv":[5.25,10.5,5.75,11],"texture":"#4"},"north":{"rotation":180,"uv":[1.5,4.75,2.5,5],"texture":"#4"},"south":{"rotation":180,"uv":[8,5.25,9,5.5],"texture":"#4"}}},{"to":[12.325,14.07405,8.275],"rotation":{"origin":[6.85538,8,8],"angle":0,"axis":"y"},"from":[10.025,13.72595,6.525],"faces":{"east":{"uv":[5.25,10.5,5.75,11],"texture":"#4"},"north":{"rotation":180,"uv":[2,5,3,5.25],"texture":"#4"},"south":{"rotation":180,"uv":[5,5,6,5.25],"texture":"#4"}}},{"to":[0.35,14.72128,5.48622],"rotation":{"origin":[8.20646,8,8],"angle":22.5,"axis":"x"},"from":[0.1,11.72128,4.88946],"faces":{"down":{"rotation":180,"uv":[6.25,8,6.75,8.25],"texture":"#4"},"west":{"uv":[7.25,4,7.75,6],"texture":"#4"},"east":{"uv":[12.5,7.5,13,8],"texture":"#4"},"up":{"uv":[3.5,4.25,4,4.75],"texture":"#4"}}},{"to":[0.35,15.1805,10.00188],"rotation":{"origin":[8.20646,8,8],"angle":-22.5,"axis":"x"},"from":[0.1,12.1805,9.40512],"faces":{"down":{"rotation":180,"uv":[6.25,8,6.75,8.25],"texture":"#4"},"west":{"uv":[7.25,4,7.75,6],"texture":"#4"},"east":{"uv":[12.5,7.5,13,8],"texture":"#4"},"up":{"rotation":180,"uv":[3.5,4.25,4,4.75],"texture":"#4"}}},{"to":[0.34988,13.24767,3.70219],"rotation":{"origin":[8.20646,8,8],"angle":45,"axis":"x"},"from":[0.09988,10.24767,3.10543],"faces":{"down":{"rotation":180,"uv":[6.25,8,6.75,8.25],"texture":"#4"},"west":{"uv":[10.75,4.5,11.25,6.5],"texture":"#4"},"east":{"uv":[12.5,7.5,13,8],"texture":"#4"},"up":{"uv":[3.75,4.75,4.25,5.25],"texture":"#4"}}},{"to":[0.34988,14.09619,12.04605],"rotation":{"origin":[8.20646,8,8],"angle":-45,"axis":"x"},"from":[0.09988,11.09619,11.44929],"faces":{"down":{"rotation":180,"uv":[6.25,8,6.75,8.25],"texture":"#4"},"west":{"uv":[6.75,4.5,7.25,6.5],"texture":"#4"},"east":{"uv":[12.5,7.5,13,8],"texture":"#4"},"up":{"rotation":180,"uv":[7.75,4.75,8.25,5.25],"texture":"#4"}}},{"to":[0.35,13.97888,11.2035],"rotation":{"origin":[8.20646,8,8],"angle":-22.5,"axis":"x"},"from":[0.1,13.38212,8.2035],"faces":{"west":{"rotation":90,"uv":[0.5,4.75,1,6.75],"texture":"#4"},"east":{"rotation":270,"uv":[12.5,7.5,13,8],"texture":"#4"},"north":{"rotation":180,"uv":[6.75,8,7.25,8.5],"texture":"#4"},"south":{"uv":[5.25,5.5,5.75,6],"texture":"#4"}}},{"to":[0.35,13.51966,6.68784],"rotation":{"origin":[8.20646,8,8],"angle":22.5,"axis":"x"},"from":[0.1,12.9229,3.68784],"faces":{"west":{"rotation":270,"uv":[0.75,4.75,1.25,6.75],"texture":"#4"},"east":{"rotation":90,"uv":[12.5,7.5,13,8],"texture":"#4"},"north":{"uv":[6.75,5.5,7.25,6],"texture":"#4"},"south":{"rotation":180,"uv":[6,8,6.5,8.5],"texture":"#4"}}},{"to":[0.34988,14.19838,8.9],"rotation":{"origin":[8.20646,8,8],"angle":0,"axis":"y"},"from":[0.09988,13.60162,5.9],"faces":{"west":{"rotation":90,"uv":[7.25,9.5,7.75,11.5],"texture":"#4"},"east":{"uv":[12.5,7.5,13,8],"texture":"#4"},"north":{"rotation":180,"uv":[4.25,8.25,4.75,8.75],"texture":"#4"},"south":{"rotation":180,"uv":[6.25,8.25,6.75,8.75],"texture":"#4"}}},{"to":[15.64062,14.1,3.94708],"rotation":{"origin":[6.85538,8,8],"angle":-22.5,"axis":"y"},"from":[14.59062,13.7,3.49708],"faces":{"down":{"rotation":180,"uv":[9,10.25,9.5,10.75],"texture":"#1_2"},"east":{"uv":[7.5,2,8,2.5],"texture":"#1_2"},"north":{"rotation":180,"uv":[4.75,11.25,5.25,11.75],"texture":"#1_2"},"up":{"rotation":180,"uv":[6.5,4.75,7,5.25],"texture":"#1_2"}}},{"to":[16.09984,14.1,11.39426],"rotation":{"origin":[6.85538,8,8],"angle":22.5,"axis":"y"},"from":[15.04984,13.7,10.94426],"faces":{"down":{"rotation":180,"uv":[9,10.25,9.5,10.75],"texture":"#1_2"},"east":{"uv":[7.5,2,8,2.5],"texture":"#1_2"},"up":{"uv":[6.5,4.75,7,5.25],"texture":"#1_2"},"south":{"rotation":180,"uv":[4.75,11.25,5.25,11.75],"texture":"#1_2"}}},{"to":[18.12806,9.90231,7.6],"rotation":{"origin":[6.85538,8,8],"angle":22.5,"axis":"z"},"from":[17.07806,9.50231,7.2],"faces":{"down":{"rotation":180,"uv":[15,8,15.5,8.5],"texture":"#1_2"},"east":{"uv":[7.5,2,8,2.5],"texture":"#1_2"},"north":{"rotation":180,"uv":[5,8,5.5,8.5],"texture":"#1_2"},"south":{"rotation":180,"uv":[5,8,5.5,8.5],"texture":"#1_2"}}},{"to":[13.6124,17.39947,7.6],"rotation":{"origin":[6.85538,8,8],"angle":-22.5,"axis":"z"},"from":[12.5624,16.99947,7.2],"faces":{"east":{"uv":[7.5,2,8,2.5],"texture":"#1_2"},"north":{"uv":[6,4.5,6.5,5],"texture":"#1_2"},"up":{"uv":[4,4,4.5,4.5],"texture":"#1_2"},"south":{"uv":[5.75,4.5,6.25,5],"texture":"#1_2"}}},{"to":[15.725,14.02929,8.05],"rotation":{"origin":[6.85538,8,8],"angle":0,"axis":"y"},"from":[15.375,13.77071,6.75],"faces":{"east":{"uv":[11,7.5,11.5,8],"texture":"#1_2"},"north":{"rotation":180,"uv":[6.25,11,6.75,11.25],"texture":"#1_2"},"south":{"rotation":180,"uv":[5.75,10.5,6.25,10.75],"texture":"#1_2"}}},{"to":[15.725,13.35057,5.83784],"rotation":{"origin":[6.85538,8,8],"angle":22.5,"axis":"x"},"from":[15.375,13.09199,4.53784],"faces":{"east":{"rotation":90,"uv":[11,7.5,11.5,8],"texture":"#1_2"},"north":{"rotation":180,"uv":[7,11.5,7.5,11.75],"texture":"#1_2"},"south":{"rotation":180,"uv":[1.25,10,1.75,10.25],"texture":"#1_2"}}},{"to":[15.725,13.80979,10.3535],"rotation":{"origin":[6.85538,8,8],"angle":-22.5,"axis":"x"},"from":[15.375,13.55121,9.0535],"faces":{"east":{"rotation":270,"uv":[11,7.5,11.5,8],"texture":"#1_2"},"north":{"rotation":180,"uv":[2.5,10,3,10.5],"texture":"#1_2"},"south":{"rotation":180,"uv":[7.5,11.5,8,11.75],"texture":"#1_2"}}},{"to":[15.725,13.24619,11.87696],"rotation":{"origin":[6.85538,8,8],"angle":-45,"axis":"x"},"from":[15.375,11.94619,11.61838],"faces":{"down":{"rotation":180,"uv":[2.75,9.25,3.25,9.5],"texture":"#1_2"},"east":{"uv":[11.75,7.5,12.25,8],"texture":"#1_2"},"up":{"rotation":180,"uv":[8,4.75,8.5,5],"texture":"#1_2"}}},{"to":[15.725,12.39767,3.5331],"rotation":{"origin":[6.85538,8,8],"angle":45,"axis":"x"},"from":[15.375,11.09767,3.27452],"faces":{"down":{"rotation":180,"uv":[2.75,9.25,3.25,9.75],"texture":"#1_2"},"east":{"uv":[12.25,7.5,12.75,8],"texture":"#1_2"},"up":{"uv":[6.5,4.75,7,5],"texture":"#1_2"}}},{"to":[15.725,14.3305,9.83279],"rotation":{"origin":[6.85538,8,8],"angle":-22.5,"axis":"x"},"from":[15.375,13.0305,9.57421],"faces":{"down":{"rotation":180,"uv":[4.25,8,4.75,8.25],"texture":"#1_2"},"east":{"uv":[12.5,7.5,13,8],"texture":"#1_2"},"up":{"uv":[11,3,11.5,3.25],"texture":"#1_2"}}},{"to":[15.725,13.87128,5.31713],"rotation":{"origin":[6.85538,8,8],"angle":22.5,"axis":"x"},"from":[15.375,12.57128,5.05855],"faces":{"down":{"uv":[4.25,8,4.75,8.25],"texture":"#1_2"},"east":{"uv":[13.25,7.5,13.75,8],"texture":"#1_2"},"up":{"uv":[11.25,3.25,11.75,3.5],"texture":"#1_2"}}},{"to":[15.725,14.55,7.52929],"rotation":{"origin":[6.85538,8,8],"angle":0,"axis":"y"},"from":[15.375,13.25,7.27071],"faces":{"down":{"rotation":180,"uv":[7.75,8,8.25,8.25],"texture":"#1_2"},"east":{"uv":[14,7.5,14.5,8],"texture":"#1_2"},"up":{"uv":[3.25,4,3.75,4.25],"texture":"#1_2"}}},{"to":[15.375,14.03924,8.1],"rotation":{"origin":[6.85538,8,8],"angle":0,"axis":"y"},"from":[14.825,13.76076,6.7],"faces":{"east":{"uv":[11,7.5,11.5,8],"texture":"#1_2"},"north":{"rotation":180,"uv":[4.75,11,5.25,11.25],"texture":"#1_2"},"south":{"rotation":180,"uv":[6.5,11,7,11.25],"texture":"#1_2"}}},{"to":[15.375,13.81974,10.4035],"rotation":{"origin":[6.85538,8,8],"angle":-22.5,"axis":"x"},"from":[14.825,13.54126,9.0035],"faces":{"east":{"rotation":270,"uv":[11,7.5,11.5,8],"texture":"#1_2"},"north":{"rotation":180,"uv":[2.5,10,3,10.5],"texture":"#1_2"},"south":{"rotation":180,"uv":[6.25,11.5,6.75,11.75],"texture":"#1_2"}}},{"to":[15.375,12.44767,3.54305],"rotation":{"origin":[6.85538,8,8],"angle":45,"axis":"x"},"from":[14.825,11.04767,3.26457],"faces":{"down":{"rotation":180,"uv":[2.75,9.25,3.25,9.75],"texture":"#1_2"},"east":{"uv":[11,7.5,11.5,8],"texture":"#1_2"},"up":{"uv":[9,4.75,9.5,5],"texture":"#1_2"}}},{"to":[15.375,13.36052,5.88784],"rotation":{"origin":[6.85538,8,8],"angle":22.5,"axis":"x"},"from":[14.825,13.08204,4.48784],"faces":{"east":{"rotation":90,"uv":[11,7.5,11.5,8],"texture":"#1_2"},"north":{"rotation":180,"uv":[6.75,11.5,7.25,11.75],"texture":"#1_2"},"south":{"rotation":180,"uv":[1,10,1.5,10.25],"texture":"#1_2"}}},{"to":[15.375,13.29619,11.88691],"rotation":{"origin":[6.85538,8,8],"angle":-45,"axis":"x"},"from":[14.825,11.89619,11.60843],"faces":{"down":{"rotation":180,"uv":[2.75,9.25,3.25,9.5],"texture":"#1_2"},"east":{"uv":[11,7.5,11.5,8],"texture":"#1_2"},"up":{"rotation":180,"uv":[7.5,4.75,8,5],"texture":"#1_2"}}},{"to":[15.375,13.92128,5.32708],"rotation":{"origin":[6.85538,8,8],"angle":22.5,"axis":"x"},"from":[14.825,12.52128,5.0486],"faces":{"down":{"uv":[4.25,8,4.75,8.25],"texture":"#1_2"},"east":{"uv":[11,7.5,11.5,8],"texture":"#1_2"},"up":{"uv":[10.5,2.75,11,3],"texture":"#1_2"}}},{"to":[15.375,14.3805,9.84274],"rotation":{"origin":[6.85538,8,8],"angle":-22.5,"axis":"x"},"from":[14.825,12.9805,9.56426],"faces":{"down":{"rotation":180,"uv":[4.25,8,4.75,8.25],"texture":"#1_2"},"east":{"uv":[11,7.5,11.5,8],"texture":"#1_2"},"up":{"uv":[8.75,4.25,9.25,4.5],"texture":"#1_2"}}},{"to":[15.375,14.6,7.53924],"rotation":{"origin":[6.85538,8,8],"angle":0,"axis":"y"},"from":[14.825,13.2,7.26076],"faces":{"down":{"rotation":180,"uv":[7.75,8,8.25,8.25],"texture":"#1_2"},"east":{"uv":[11,7.5,11.5,8],"texture":"#1_2"},"up":{"uv":[3.25,4,3.75,4.25],"texture":"#1_2"}}},{"to":[14.825,14.04918,8.15],"rotation":{"origin":[6.85538,8,8],"angle":0,"axis":"y"},"from":[14.025,13.75082,6.65],"faces":{"east":{"uv":[11,7.5,11.5,8],"texture":"#1_2"},"north":{"rotation":180,"uv":[6.5,11,7,11.25],"texture":"#1_2"},"south":{"rotation":180,"uv":[4.75,11,5.25,11.25],"texture":"#1_2"}}},{"to":[14.825,13.37046,5.93784],"rotation":{"origin":[6.85538,8,8],"angle":22.5,"axis":"x"},"from":[14.025,13.0721,4.43784],"faces":{"east":{"rotation":90,"uv":[11,7.5,11.5,8],"texture":"#1_2"},"north":{"rotation":180,"uv":[4.75,11.5,5.25,11.75],"texture":"#1_2"},"south":{"rotation":180,"uv":[1.25,9.75,1.75,10],"texture":"#1_2"}}},{"to":[14.825,13.82968,10.4535],"rotation":{"origin":[6.85538,8,8],"angle":-22.5,"axis":"x"},"from":[14.025,13.53132,8.9535],"faces":{"east":{"rotation":270,"uv":[11,7.5,11.5,8],"texture":"#1_2"},"north":{"rotation":180,"uv":[2.5,10,3,10.5],"texture":"#1_2"},"south":{"rotation":180,"uv":[6.25,11.5,6.75,11.75],"texture":"#1_2"}}},{"to":[14.825,13.34619,11.89685],"rotation":{"origin":[6.85538,8,8],"angle":-45,"axis":"x"},"from":[14.025,11.84619,11.59849],"faces":{"down":{"rotation":180,"uv":[2.75,9.25,3.25,9.5],"texture":"#1_2"},"east":{"uv":[11,7.5,11.5,8],"texture":"#1_2"},"up":{"rotation":180,"uv":[5.75,4.75,6.25,5],"texture":"#1_2"}}},{"to":[14.825,12.49767,3.55299],"rotation":{"origin":[6.85538,8,8],"angle":45,"axis":"x"},"from":[14.025,10.99767,3.25463],"faces":{"down":{"rotation":180,"uv":[2.75,9.25,3.25,9.75],"texture":"#1_2"},"east":{"uv":[11,7.5,11.5,8],"texture":"#1_2"},"up":{"uv":[9.25,4.75,9.75,5],"texture":"#1_2"}}},{"to":[14.825,14.4305,9.85268],"rotation":{"origin":[6.85538,8,8],"angle":-22.5,"axis":"x"},"from":[14.025,12.9305,9.55432],"faces":{"down":{"rotation":180,"uv":[4.25,8,4.75,8.25],"texture":"#1_2"},"east":{"uv":[11,7.5,11.5,8],"texture":"#1_2"},"up":{"uv":[8.5,4.25,9,4.5],"texture":"#1_2"}}},{"to":[14.825,13.97128,5.33702],"rotation":{"origin":[6.85538,8,8],"angle":22.5,"axis":"x"},"from":[14.025,12.47128,5.03866],"faces":{"down":{"uv":[4.25,8,4.75,8.25],"texture":"#1_2"},"east":{"uv":[11,7.5,11.5,8],"texture":"#1_2"},"up":{"uv":[12.75,2.25,13.25,2.5],"texture":"#1_2"}}},{"to":[14.825,14.65,7.54918],"rotation":{"origin":[6.85538,8,8],"angle":0,"axis":"y"},"from":[14.025,13.15,7.25082],"faces":{"down":{"rotation":180,"uv":[7.75,8,8.25,8.25],"texture":"#1_2"},"east":{"uv":[11,7.5,11.5,8],"texture":"#1_2"},"up":{"uv":[3.25,4,3.75,4.25],"texture":"#1_2"}}},{"to":[14.025,14.05913,8.2],"rotation":{"origin":[6.85538,8,8],"angle":0,"axis":"y"},"from":[12.025,13.74087,6.6],"faces":{"east":{"uv":[11,7.5,11.5,8],"texture":"#1_2"},"north":{"rotation":180,"uv":[5.5,11,6,11.25],"texture":"#1_2"},"south":{"rotation":180,"uv":[5.5,11,6,11.25],"texture":"#1_2"}}},{"to":[14.025,13.83963,10.5035],"rotation":{"origin":[6.85538,8,8],"angle":-22.5,"axis":"x"},"from":[12.025,13.52137,8.9035],"faces":{"east":{"rotation":270,"uv":[11,7.5,11.5,8],"texture":"#1_2"},"north":{"rotation":180,"uv":[2.5,10,3,10.5],"texture":"#1_2"},"south":{"rotation":180,"uv":[5.5,11.5,6,11.75],"texture":"#1_2"}}},{"to":[14.025,13.38041,5.98784],"rotation":{"origin":[6.85538,8,8],"angle":22.5,"axis":"x"},"from":[12.025,13.06215,4.38784],"faces":{"east":{"rotation":90,"uv":[11,7.5,11.5,8],"texture":"#1_2"},"north":{"rotation":180,"uv":[5.5,11.5,6,11.75],"texture":"#1_2"},"south":{"rotation":180,"uv":[1.25,9.75,1.75,10],"texture":"#1_2"}}},{"to":[14.025,12.54767,3.56294],"rotation":{"origin":[6.85538,8,8],"angle":45,"axis":"x"},"from":[12.025,10.94767,3.24468],"faces":{"down":{"rotation":180,"uv":[2.75,9.25,3.25,9.75],"texture":"#1_2"},"east":{"uv":[11,7.5,11.5,8],"texture":"#1_2"},"up":{"uv":[8.5,4.75,9,5],"texture":"#1_2"}}},{"to":[14.025,13.39619,11.9068],"rotation":{"origin":[6.85538,8,8],"angle":-45,"axis":"x"},"from":[12.025,11.79619,11.58854],"faces":{"down":{"rotation":180,"uv":[2.75,9.25,3.25,9.5],"texture":"#1_2"},"east":{"uv":[11,7.5,11.5,8],"texture":"#1_2"},"up":{"rotation":180,"uv":[6.5,4.75,7,5],"texture":"#1_2"}}},{"to":[14.025,14.02128,5.34697],"rotation":{"origin":[6.85538,8,8],"angle":22.5,"axis":"x"},"from":[12.025,12.42128,5.02871],"faces":{"down":{"uv":[4.25,8,4.75,8.25],"texture":"#1_2"},"east":{"uv":[11,7.5,11.5,8],"texture":"#1_2"},"up":{"uv":[5.5,4.25,6,4.5],"texture":"#1_2"}}},{"to":[14.025,14.4805,9.86263],"rotation":{"origin":[6.85538,8,8],"angle":-22.5,"axis":"x"},"from":[12.025,12.8805,9.54437],"faces":{"down":{"rotation":180,"uv":[4.25,8,4.75,8.25],"texture":"#1_2"},"east":{"uv":[11,7.5,11.5,8],"texture":"#1_2"},"up":{"uv":[7.5,4.25,8,4.5],"texture":"#1_2"}}},{"to":[14.025,14.7,7.55913],"rotation":{"origin":[6.85538,8,8],"angle":0,"axis":"y"},"from":[12.025,13.1,7.24087],"faces":{"down":{"rotation":180,"uv":[7.75,8,8.25,8.25],"texture":"#1_2"},"east":{"uv":[11,7.5,11.5,8],"texture":"#1_2"},"up":{"uv":[3.25,4,3.75,4.25],"texture":"#1_2"}}},{"to":[0.1001,14.525,7.52432],"rotation":{"origin":[6.85538,8,8],"angle":0,"axis":"y"},"from":[0.0001,13.275,7.27568],"faces":{"down":{"uv":[9.5,8,9.75,8.25],"texture":"#1_2"},"west":{"uv":[6.25,4.5,6.75,5.25],"texture":"#1_2"},"up":{"uv":[3.25,4,3.5,4.5],"texture":"#1_2"}}},{"to":[0.1,13.84628,5.31216],"rotation":{"origin":[6.85538,8,8],"angle":22.5,"axis":"x"},"from":[0,12.59628,5.06352],"faces":{"down":{"uv":[9,8,9.25,8.5],"texture":"#1_2"},"west":{"uv":[5.25,4.5,5.75,5.25],"texture":"#1_2"},"up":{"uv":[3.25,4,3.5,4.5],"texture":"#1_2"}}},{"to":[0.1,14.3055,9.82782],"rotation":{"origin":[6.85538,8,8],"angle":-22.5,"axis":"x"},"from":[0,13.0555,9.57918],"faces":{"down":{"rotation":180,"uv":[9,8,9.25,8.5],"texture":"#1_2"},"west":{"uv":[5.25,4.5,5.75,5.25],"texture":"#1_2"},"up":{"rotation":180,"uv":[7.25,4.25,7.5,4.75],"texture":"#1_2"}}},{"to":[0.1001,12.72051,12.37267],"rotation":{"origin":[6.85538,8,8],"angle":-45,"axis":"x"},"from":[0.0001,12.47187,11.12267],"faces":{"west":{"rotation":90,"uv":[6.25,4.5,6.75,5.25],"texture":"#1_2"},"north":{"uv":[6,5.5,6.25,6],"texture":"#1_2"},"south":{"uv":[3.75,4,4,4.5],"texture":"#1_2"}}},{"to":[0.1001,11.87199,4.02881],"rotation":{"origin":[6.85538,8,8],"angle":45,"axis":"x"},"from":[0.0001,11.62335,2.77881],"faces":{"west":{"rotation":270,"uv":[6.25,4.5,6.75,5.25],"texture":"#1_2"},"north":{"uv":[8.25,4.5,8.5,5],"texture":"#1_2"},"south":{"uv":[6,5.5,6.25,6],"texture":"#1_2"}}},{"to":[0.1,13.80482,10.3285],"rotation":{"origin":[6.85538,8,8],"angle":-22.5,"axis":"x"},"from":[0,13.55618,9.0785],"faces":{"west":{"rotation":90,"uv":[9,4.5,9.5,5.25],"texture":"#1_2"},"north":{"uv":[6.25,5,6.5,5.5],"texture":"#1_2"},"south":{"uv":[7.25,4.25,7.5,4.75],"texture":"#1_2"}}},{"to":[0.1,13.3456,5.81284],"rotation":{"origin":[6.85538,8,8],"angle":22.5,"axis":"x"},"from":[0,13.09696,4.56284],"faces":{"west":{"rotation":270,"uv":[9.25,4.5,9.75,5.25],"texture":"#1_2"},"north":{"uv":[7.25,4.25,7.5,4.75],"texture":"#1_2"},"south":{"uv":[6.25,5,6.5,5.5],"texture":"#1_2"}}},{"to":[0.1001,14.02432,8.025],"rotation":{"origin":[6.85538,8,8],"angle":0,"axis":"y"},"from":[0.0001,13.77568,6.775],"faces":{"west":{"uv":[6.25,4.5,6.75,5],"texture":"#1_2"},"north":{"uv":[6.25,4.5,6.5,5],"texture":"#1_2"},"south":{"uv":[6.25,4.5,6.5,5],"texture":"#1_2"}}},{"to":[10.025,12.875,9.28492],"rotation":{"origin":[6.85538,8,8],"angle":0,"axis":"y"},"from":[2.95,10.775,8.41508],"faces":{"down":{"uv":[6.25,7.75,6.75,8.5],"texture":"#4"},"east":{"uv":[9.5,7.25,10.25,8.25],"texture":"#4"},"up":{"rotation":180,"uv":[1.25,3.75,1.75,4.5],"texture":"#4"}}},{"to":[0.34988,13.325,9.14838],"rotation":{"origin":[8.20646,8,8],"angle":0,"axis":"y"},"from":[0.09988,10.325,8.55162],"faces":{"down":{"rotation":180,"uv":[6.25,8,6.75,8.25],"texture":"#4"},"west":{"uv":[8.25,4,8.75,6],"texture":"#4"},"east":{"uv":[12.5,7.5,13,8],"texture":"#4"},"up":{"rotation":180,"uv":[3.5,3.75,4,4.25],"texture":"#4"}}},{"to":[9.55,13.10912,7.57017],"rotation":{"origin":[6.85538,8,8],"angle":22.5,"axis":"x"},"from":[0.35,10.60912,7.07289],"faces":{"down":{"rotation":180,"uv":[3,9,7,9.5],"texture":"#4"},"west":{"uv":[12.5,7.5,13,8],"texture":"#4"},"east":{"uv":[9.5,7.25,10.25,8.25],"texture":"#4"},"up":{"uv":[2,3.75,6,4.25],"texture":"#4"}}},{"to":[9.55,12.45856,10.4977],"rotation":{"origin":[6.85538,8,8],"angle":-22.5,"axis":"x"},"from":[0.35,9.95856,10.00042],"faces":{"down":{"rotation":180,"uv":[3.5,8,7.5,8.5],"texture":"#4"},"west":{"uv":[12.5,7.5,13,8],"texture":"#4"},"east":{"uv":[9.5,7.25,10.25,8.25],"texture":"#4"},"up":{"uv":[0,3.25,4,3.75],"texture":"#4"}}},{"to":[9.55,12.55572,6.145],"rotation":{"origin":[6.85538,8,8],"angle":45,"axis":"x"},"from":[0.35,10.05572,5.64772],"faces":{"down":{"rotation":180,"uv":[5.75,5.5,9.75,6],"texture":"#4"},"west":{"uv":[12.5,7.5,13,8],"texture":"#4"},"east":{"uv":[9.5,7.25,10.25,8.25],"texture":"#4"},"up":{"uv":[5.25,4.25,9.25,4.75],"texture":"#4"}}},{"to":[9.55,11.35364,11.55436],"rotation":{"origin":[6.85538,8,8],"angle":-45,"axis":"x"},"from":[0.35,8.85364,11.05708],"faces":{"down":{"uv":[4.5,5.5,8.5,6],"texture":"#4"},"west":{"uv":[12.5,7.5,13,8],"texture":"#4"},"east":{"uv":[9.5,7.25,10.25,8.25],"texture":"#4"},"up":{"rotation":180,"uv":[1.25,4.25,5.25,4.75],"texture":"#4"}}},{"to":[9.55,11.4572,11.49906],"rotation":{"origin":[6.85538,8,8],"angle":-22.5,"axis":"x"},"from":[0.35,10.95992,8.99906],"faces":{"west":{"rotation":90,"uv":[12.5,7.5,13,8],"texture":"#4"},"east":{"uv":[9.5,7.25,10.25,7.75],"texture":"#4"},"north":{"uv":[6.25,5,10.25,5.5],"texture":"#4"},"south":{"uv":[5.25,4.75,9.25,5.25],"texture":"#4"}}},{"to":[9.55,12.10776,8.57153],"rotation":{"origin":[6.85538,8,8],"angle":22.5,"axis":"x"},"from":[0.35,11.61048,6.07153],"faces":{"west":{"rotation":270,"uv":[12.5,7.5,13,8],"texture":"#4"},"east":{"uv":[9.5,7.25,10.25,7.75],"texture":"#4"},"north":{"uv":[5.25,4.75,9.25,5.25],"texture":"#4"},"south":{"uv":[6.25,5,10.25,5.5],"texture":"#4"}}},{"to":[9.55,12.07364,10.1],"rotation":{"origin":[6.85538,8,8],"angle":0,"axis":"y"},"from":[0.35,11.57636,7.6],"faces":{"west":{"uv":[12.5,7.5,13,8],"texture":"#4"},"north":{"uv":[3,12.25,7,12.75],"texture":"#4"},"south":{"uv":[0,12,4,12.5],"texture":"#4"}}},{"to":[8.65277,13.71988,9.09864],"rotation":{"origin":[6.85538,8,8],"angle":-22.5,"axis":"z"},"from":[7.40277,12.71988,8.60136],"faces":{"north":{"rotation":180,"uv":[10.5,2.75,11,3.25],"texture":"#4"},"up":{"uv":[2,3.25,2.75,3.75],"texture":"#4"},"south":{"rotation":180,"uv":[10.5,2.75,11,3.25],"texture":"#4"}}},{"to":[11.5803,10.34781,9.09864],"rotation":{"origin":[6.85538,8,8],"angle":22.5,"axis":"z"},"from":[10.3303,9.34781,8.60136],"faces":{"down":{"rotation":180,"uv":[5.5,7.75,6.25,8.25],"texture":"#4"},"north":{"rotation":180,"uv":[7.5,8,7.75,8.25],"texture":"#4"},"south":{"rotation":180,"uv":[7.5,8,7.75,8.25],"texture":"#4"}}},{"to":[9.79126,12.07364,10.97134],"rotation":{"origin":[6.85538,8,8],"angle":22.5,"axis":"y"},"from":[8.54126,11.57636,9.97134],"faces":{"down":{"rotation":180,"uv":[4.5,12,5,12.5],"texture":"#4"},"up":{"rotation":180,"uv":[4.5,12,5,12.5],"texture":"#4"},"south":{"uv":[0,12,0.75,12.5],"texture":"#4"}}},{"to":[10.44182,12.07364,7.59926],"rotation":{"origin":[6.85538,8,8],"angle":-22.5,"axis":"y"},"from":[9.19182,11.57636,6.59926],"faces":{"down":{"rotation":180,"uv":[4.5,12,5,12.5],"texture":"#4"},"north":{"uv":[0,12,0.75,12.5],"texture":"#4"},"up":{"rotation":180,"uv":[4.5,12,5,12.5],"texture":"#4"}}},{"to":[9.55,13.075,9.09866],"rotation":{"origin":[6.85538,8,8],"angle":0,"axis":"y"},"from":[0.35,10.575,8.60136],"faces":{"down":{"rotation":180,"uv":[5.5,7.75,9.5,8.25],"texture":"#4"},"west":{"uv":[12.5,7.5,13,8],"texture":"#4"},"up":{"uv":[2,3.25,6,3.75],"texture":"#4"}}},{"to":[10.025,11.15364,11.74064],"rotation":{"origin":[6.85538,8,8],"angle":-45,"axis":"x"},"from":[2.95,9.05364,10.8708],"faces":{"down":{"rotation":180,"uv":[2,5.75,2.5,6.5],"texture":"#4"},"east":{"uv":[9.5,7.25,10.25,8.25],"texture":"#4"},"up":{"rotation":180,"uv":[1.25,4.25,1.75,5],"texture":"#4"}}},{"to":[10.025,12.35572,6.33128],"rotation":{"origin":[6.85538,8,8],"angle":45,"axis":"x"},"from":[2.95,10.25572,5.46144],"faces":{"down":{"uv":[2,5.75,2.5,6.5],"texture":"#4"},"east":{"uv":[9.5,7.25,10.25,8.25],"texture":"#4"},"up":{"uv":[1.25,4.25,1.75,5],"texture":"#4"}}},{"to":[10.025,12.25992,9.9],"rotation":{"origin":[6.85538,8,8],"angle":0,"axis":"y"},"from":[2.95,11.39008,7.8],"faces":{"east":{"uv":[9.5,7.25,10.25,8.25],"texture":"#4"},"north":{"uv":[3,4.75,3.5,5.5],"texture":"#4"},"south":{"uv":[3,4.75,3.5,5.5],"texture":"#4"}}},{"to":[12.325,12.7,9.02405],"rotation":{"origin":[6.85538,8,8],"angle":0,"axis":"y"},"from":[10.025,10.95,8.67595],"faces":{"down":{"rotation":180,"uv":[7.25,8,8.25,8.25],"texture":"#4"},"east":{"uv":[5.25,10.5,5.75,11],"texture":"#4"},"up":{"rotation":180,"uv":[3.5,4,4.5,4.25],"texture":"#4"}}},{"to":[12.325,12.73412,7.49558],"rotation":{"origin":[6.85538,8,8],"angle":22.5,"axis":"x"},"from":[10.025,10.98412,7.14748],"faces":{"down":{"rotation":180,"uv":[5.25,7.75,6.25,8],"texture":"#4"},"east":{"uv":[5.25,10.5,5.75,11],"texture":"#4"},"up":{"rotation":180,"uv":[5.25,4.25,6.25,4.5],"texture":"#4"}}},{"to":[12.325,12.08356,10.42311],"rotation":{"origin":[6.85538,8,8],"angle":-22.5,"axis":"x"},"from":[10.025,10.33356,10.07501],"faces":{"down":{"rotation":180,"uv":[2.5,8.25,3.5,8.5],"texture":"#4"},"east":{"uv":[5.25,10.5,5.75,11],"texture":"#4"},"up":{"rotation":180,"uv":[4.75,4.25,5.75,4.5],"texture":"#4"}}},{"to":[12.325,12.18072,6.07041],"rotation":{"origin":[6.85538,8,8],"angle":45,"axis":"x"},"from":[10.025,10.43072,5.72231],"faces":{"down":{"rotation":180,"uv":[4.75,5.5,5.75,5.75],"texture":"#4"},"east":{"uv":[5.25,10.5,5.75,11],"texture":"#4"},"up":{"rotation":180,"uv":[6.75,4.5,7.75,4.75],"texture":"#4"}}},{"to":[12.325,10.97864,11.47977],"rotation":{"origin":[6.85538,8,8],"angle":-45,"axis":"x"},"from":[10.025,9.22864,11.13167],"faces":{"down":{"rotation":180,"uv":[4.25,5.75,5.25,6],"texture":"#4"},"east":{"uv":[5.25,10.5,5.75,11],"texture":"#4"},"up":{"rotation":180,"uv":[1.25,4.25,2.25,4.5],"texture":"#4"}}},{"to":[12.325,11.38261,11.12406],"rotation":{"origin":[6.85538,8,8],"angle":-22.5,"axis":"x"},"from":[10.025,11.03451,9.37406],"faces":{"east":{"uv":[5.25,10.5,5.75,11],"texture":"#4"},"north":{"rotation":180,"uv":[3,5.25,4,5.5],"texture":"#4"},"south":{"rotation":180,"uv":[6.75,4.75,7.75,5],"texture":"#4"}}},{"to":[12.325,12.03317,8.19653],"rotation":{"origin":[6.85538,8,8],"angle":22.5,"axis":"x"},"from":[10.025,11.68507,6.44653],"faces":{"east":{"uv":[5.25,10.5,5.75,11],"texture":"#4"},"north":{"rotation":180,"uv":[1.5,4.75,2.5,5],"texture":"#4"},"south":{"rotation":180,"uv":[8,5.25,9,5.5],"texture":"#4"}}},{"to":[12.325,11.99905,9.725],"rotation":{"origin":[6.85538,8,8],"angle":0,"axis":"y"},"from":[10.025,11.65095,7.975],"faces":{"east":{"uv":[5.25,10.5,5.75,11],"texture":"#4"},"north":{"rotation":180,"uv":[2,5,3,5.25],"texture":"#4"},"south":{"rotation":180,"uv":[5,5,6,5.25],"texture":"#4"}}},{"to":[0.35,13.35912,7.61991],"rotation":{"origin":[8.20646,8,8],"angle":22.5,"axis":"x"},"from":[0.1,10.35912,7.02315],"faces":{"down":{"rotation":180,"uv":[6.25,8,6.75,8.25],"texture":"#4"},"west":{"uv":[7.25,4,7.75,6],"texture":"#4"},"east":{"uv":[12.5,7.5,13,8],"texture":"#4"},"up":{"uv":[3.5,4.25,4,4.75],"texture":"#4"}}},{"to":[0.35,12.70856,10.54744],"rotation":{"origin":[8.20646,8,8],"angle":-22.5,"axis":"x"},"from":[0.1,9.70856,9.95068],"faces":{"down":{"rotation":180,"uv":[6.25,8,6.75,8.25],"texture":"#4"},"west":{"uv":[7.25,4,7.75,6],"texture":"#4"},"east":{"uv":[12.5,7.5,13,8],"texture":"#4"},"up":{"rotation":180,"uv":[3.5,4.25,4,4.75],"texture":"#4"}}},{"to":[0.34988,12.80572,6.19474],"rotation":{"origin":[8.20646,8,8],"angle":45,"axis":"x"},"from":[0.09988,9.80572,5.59798],"faces":{"down":{"rotation":180,"uv":[6.25,8,6.75,8.25],"texture":"#4"},"west":{"uv":[10.75,4.5,11.25,6.5],"texture":"#4"},"east":{"uv":[12.5,7.5,13,8],"texture":"#4"},"up":{"uv":[3.75,4.75,4.25,5.25],"texture":"#4"}}},{"to":[0.34988,11.60364,11.6041],"rotation":{"origin":[8.20646,8,8],"angle":-45,"axis":"x"},"from":[0.09988,8.60364,11.00734],"faces":{"down":{"rotation":180,"uv":[6.25,8,6.75,8.25],"texture":"#4"},"west":{"uv":[6.75,4.5,7.25,6.5],"texture":"#4"},"east":{"uv":[12.5,7.5,13,8],"texture":"#4"},"up":{"rotation":180,"uv":[7.75,4.75,8.25,5.25],"texture":"#4"}}},{"to":[0.35,11.50694,11.74906],"rotation":{"origin":[8.20646,8,8],"angle":-22.5,"axis":"x"},"from":[0.1,10.91018,8.74906],"faces":{"west":{"rotation":90,"uv":[0.5,4.75,1,6.75],"texture":"#4"},"east":{"rotation":270,"uv":[12.5,7.5,13,8],"texture":"#4"},"north":{"rotation":180,"uv":[6.75,8,7.25,8.5],"texture":"#4"},"south":{"uv":[5.25,5.5,5.75,6],"texture":"#4"}}},{"to":[0.35,12.1575,8.82153],"rotation":{"origin":[8.20646,8,8],"angle":22.5,"axis":"x"},"from":[0.1,11.56074,5.82153],"faces":{"west":{"rotation":270,"uv":[0.75,4.75,1.25,6.75],"texture":"#4"},"east":{"rotation":90,"uv":[12.5,7.5,13,8],"texture":"#4"},"north":{"uv":[6.75,5.5,7.25,6],"texture":"#4"},"south":{"rotation":180,"uv":[6,8,6.5,8.5],"texture":"#4"}}},{"to":[0.34988,12.12338,10.35],"rotation":{"origin":[8.20646,8,8],"angle":0,"axis":"y"},"from":[0.09988,11.52662,7.35],"faces":{"west":{"rotation":90,"uv":[7.25,9.5,7.75,11.5],"texture":"#4"},"east":{"uv":[12.5,7.5,13,8],"texture":"#4"},"north":{"rotation":180,"uv":[4.25,8.25,4.75,8.75],"texture":"#4"},"south":{"rotation":180,"uv":[6.25,8.25,6.75,8.75],"texture":"#4"}}},{"to":[16.19551,12.025,5.28671],"rotation":{"origin":[6.85538,8,8],"angle":-22.5,"axis":"y"},"from":[15.14551,11.625,4.83671],"faces":{"down":{"rotation":180,"uv":[9,10.25,9.5,10.75],"texture":"#1_2"},"east":{"uv":[7.5,2,8,2.5],"texture":"#1_2"},"north":{"rotation":180,"uv":[4.75,11.25,5.25,11.75],"texture":"#1_2"},"up":{"rotation":180,"uv":[6.5,4.75,7,5.25],"texture":"#1_2"}}},{"to":[15.54495,12.025,12.73389],"rotation":{"origin":[6.85538,8,8],"angle":22.5,"axis":"y"},"from":[14.49495,11.625,12.28389],"faces":{"down":{"rotation":180,"uv":[9,10.25,9.5,10.75],"texture":"#1_2"},"east":{"uv":[7.5,2,8,2.5],"texture":"#1_2"},"up":{"uv":[6.5,4.75,7,5.25],"texture":"#1_2"},"south":{"rotation":180,"uv":[4.75,11.25,5.25,11.75],"texture":"#1_2"}}},{"to":[17.33399,7.98526,9.05],"rotation":{"origin":[6.85538,8,8],"angle":22.5,"axis":"z"},"from":[16.28399,7.58526,8.65],"faces":{"down":{"rotation":180,"uv":[15,8,15.5,8.5],"texture":"#1_2"},"east":{"uv":[7.5,2,8,2.5],"texture":"#1_2"},"north":{"rotation":180,"uv":[5,8,5.5,8.5],"texture":"#1_2"},"south":{"rotation":180,"uv":[5,8,5.5,8.5],"texture":"#1_2"}}},{"to":[14.40647,15.48242,9.05],"rotation":{"origin":[6.85538,8,8],"angle":-22.5,"axis":"z"},"from":[13.35647,15.08242,8.65],"faces":{"east":{"uv":[7.5,2,8,2.5],"texture":"#1_2"},"north":{"uv":[6,4.5,6.5,5],"texture":"#1_2"},"up":{"uv":[4,4,4.5,4.5],"texture":"#1_2"},"south":{"uv":[5.75,4.5,6.25,5],"texture":"#1_2"}}},{"to":[15.725,11.95429,9.5],"rotation":{"origin":[6.85538,8,8],"angle":0,"axis":"y"},"from":[15.375,11.69571,8.2],"faces":{"east":{"uv":[11,7.5,11.5,8],"texture":"#1_2"},"north":{"rotation":180,"uv":[6.25,11,6.75,11.25],"texture":"#1_2"},"south":{"rotation":180,"uv":[5.75,10.5,6.25,10.75],"texture":"#1_2"}}},{"to":[15.725,11.98841,7.97153],"rotation":{"origin":[6.85538,8,8],"angle":22.5,"axis":"x"},"from":[15.375,11.72983,6.67153],"faces":{"east":{"rotation":90,"uv":[11,7.5,11.5,8],"texture":"#1_2"},"north":{"rotation":180,"uv":[7,11.5,7.5,11.75],"texture":"#1_2"},"south":{"rotation":180,"uv":[1.25,10,1.75,10.25],"texture":"#1_2"}}},{"to":[15.725,11.33785,10.89906],"rotation":{"origin":[6.85538,8,8],"angle":-22.5,"axis":"x"},"from":[15.375,11.07927,9.59906],"faces":{"east":{"rotation":270,"uv":[11,7.5,11.5,8],"texture":"#1_2"},"north":{"rotation":180,"uv":[2.5,10,3,10.5],"texture":"#1_2"},"south":{"rotation":180,"uv":[7.5,11.5,8,11.75],"texture":"#1_2"}}},{"to":[15.725,10.75364,11.43501],"rotation":{"origin":[6.85538,8,8],"angle":-45,"axis":"x"},"from":[15.375,9.45364,11.17643],"faces":{"down":{"rotation":180,"uv":[2.75,9.25,3.25,9.5],"texture":"#1_2"},"east":{"uv":[11.75,7.5,12.25,8],"texture":"#1_2"},"up":{"rotation":180,"uv":[8,4.75,8.5,5],"texture":"#1_2"}}},{"to":[15.725,11.95572,6.02565],"rotation":{"origin":[6.85538,8,8],"angle":45,"axis":"x"},"from":[15.375,10.65572,5.76707],"faces":{"down":{"rotation":180,"uv":[2.75,9.25,3.25,9.75],"texture":"#1_2"},"east":{"uv":[12.25,7.5,12.75,8],"texture":"#1_2"},"up":{"uv":[6.5,4.75,7,5],"texture":"#1_2"}}},{"to":[15.725,11.85856,10.37835],"rotation":{"origin":[6.85538,8,8],"angle":-22.5,"axis":"x"},"from":[15.375,10.55856,10.11977],"faces":{"down":{"rotation":180,"uv":[4.25,8,4.75,8.25],"texture":"#1_2"},"east":{"uv":[12.5,7.5,13,8],"texture":"#1_2"},"up":{"uv":[11,3,11.5,3.25],"texture":"#1_2"}}},{"to":[15.725,12.50912,7.45082],"rotation":{"origin":[6.85538,8,8],"angle":22.5,"axis":"x"},"from":[15.375,11.20912,7.19224],"faces":{"down":{"uv":[4.25,8,4.75,8.25],"texture":"#1_2"},"east":{"uv":[13.25,7.5,13.75,8],"texture":"#1_2"},"up":{"uv":[11.25,3.25,11.75,3.5],"texture":"#1_2"}}},{"to":[15.725,12.475,8.97929],"rotation":{"origin":[6.85538,8,8],"angle":0,"axis":"y"},"from":[15.375,11.175,8.72071],"faces":{"down":{"rotation":180,"uv":[7.75,8,8.25,8.25],"texture":"#1_2"},"east":{"uv":[14,7.5,14.5,8],"texture":"#1_2"},"up":{"uv":[3.25,4,3.75,4.25],"texture":"#1_2"}}},{"to":[15.375,11.96424,9.55],"rotation":{"origin":[6.85538,8,8],"angle":0,"axis":"y"},"from":[14.825,11.68576,8.15],"faces":{"east":{"uv":[11,7.5,11.5,8],"texture":"#1_2"},"north":{"rotation":180,"uv":[4.75,11,5.25,11.25],"texture":"#1_2"},"south":{"rotation":180,"uv":[6.5,11,7,11.25],"texture":"#1_2"}}},{"to":[15.375,11.3478,10.94906],"rotation":{"origin":[6.85538,8,8],"angle":-22.5,"axis":"x"},"from":[14.825,11.06932,9.54906],"faces":{"east":{"rotation":270,"uv":[11,7.5,11.5,8],"texture":"#1_2"},"north":{"rotation":180,"uv":[2.5,10,3,10.5],"texture":"#1_2"},"south":{"rotation":180,"uv":[6.25,11.5,6.75,11.75],"texture":"#1_2"}}},{"to":[15.375,12.00572,6.0356],"rotation":{"origin":[6.85538,8,8],"angle":45,"axis":"x"},"from":[14.825,10.60572,5.75712],"faces":{"down":{"rotation":180,"uv":[2.75,9.25,3.25,9.75],"texture":"#1_2"},"east":{"uv":[11,7.5,11.5,8],"texture":"#1_2"},"up":{"uv":[9,4.75,9.5,5],"texture":"#1_2"}}},{"to":[15.375,11.99836,8.02153],"rotation":{"origin":[6.85538,8,8],"angle":22.5,"axis":"x"},"from":[14.825,11.71988,6.62153],"faces":{"east":{"rotation":90,"uv":[11,7.5,11.5,8],"texture":"#1_2"},"north":{"rotation":180,"uv":[6.75,11.5,7.25,11.75],"texture":"#1_2"},"south":{"rotation":180,"uv":[1,10,1.5,10.25],"texture":"#1_2"}}},{"to":[15.375,10.80364,11.44496],"rotation":{"origin":[6.85538,8,8],"angle":-45,"axis":"x"},"from":[14.825,9.40364,11.16648],"faces":{"down":{"rotation":180,"uv":[2.75,9.25,3.25,9.5],"texture":"#1_2"},"east":{"uv":[11,7.5,11.5,8],"texture":"#1_2"},"up":{"rotation":180,"uv":[7.5,4.75,8,5],"texture":"#1_2"}}},{"to":[15.375,12.55912,7.46077],"rotation":{"origin":[6.85538,8,8],"angle":22.5,"axis":"x"},"from":[14.825,11.15912,7.18229],"faces":{"down":{"uv":[4.25,8,4.75,8.25],"texture":"#1_2"},"east":{"uv":[11,7.5,11.5,8],"texture":"#1_2"},"up":{"uv":[10.5,2.75,11,3],"texture":"#1_2"}}},{"to":[15.375,11.90856,10.3883],"rotation":{"origin":[6.85538,8,8],"angle":-22.5,"axis":"x"},"from":[14.825,10.50856,10.10982],"faces":{"down":{"rotation":180,"uv":[4.25,8,4.75,8.25],"texture":"#1_2"},"east":{"uv":[11,7.5,11.5,8],"texture":"#1_2"},"up":{"uv":[8.75,4.25,9.25,4.5],"texture":"#1_2"}}},{"to":[15.375,12.525,8.98924],"rotation":{"origin":[6.85538,8,8],"angle":0,"axis":"y"},"from":[14.825,11.125,8.71076],"faces":{"down":{"rotation":180,"uv":[7.75,8,8.25,8.25],"texture":"#1_2"},"east":{"uv":[11,7.5,11.5,8],"texture":"#1_2"},"up":{"uv":[3.25,4,3.75,4.25],"texture":"#1_2"}}},{"to":[14.825,11.97418,9.6],"rotation":{"origin":[6.85538,8,8],"angle":0,"axis":"y"},"from":[14.025,11.67582,8.1],"faces":{"east":{"uv":[11,7.5,11.5,8],"texture":"#1_2"},"north":{"rotation":180,"uv":[6.5,11,7,11.25],"texture":"#1_2"},"south":{"rotation":180,"uv":[4.75,11,5.25,11.25],"texture":"#1_2"}}},{"to":[14.825,12.0083,8.07153],"rotation":{"origin":[6.85538,8,8],"angle":22.5,"axis":"x"},"from":[14.025,11.70994,6.57153],"faces":{"east":{"rotation":90,"uv":[11,7.5,11.5,8],"texture":"#1_2"},"north":{"rotation":180,"uv":[4.75,11.5,5.25,11.75],"texture":"#1_2"},"south":{"rotation":180,"uv":[1.25,9.75,1.75,10],"texture":"#1_2"}}},{"to":[14.825,11.35774,10.99906],"rotation":{"origin":[6.85538,8,8],"angle":-22.5,"axis":"x"},"from":[14.025,11.05938,9.49906],"faces":{"east":{"rotation":270,"uv":[11,7.5,11.5,8],"texture":"#1_2"},"north":{"rotation":180,"uv":[2.5,10,3,10.5],"texture":"#1_2"},"south":{"rotation":180,"uv":[6.25,11.5,6.75,11.75],"texture":"#1_2"}}},{"to":[14.825,10.85364,11.4549],"rotation":{"origin":[6.85538,8,8],"angle":-45,"axis":"x"},"from":[14.025,9.35364,11.15654],"faces":{"down":{"rotation":180,"uv":[2.75,9.25,3.25,9.5],"texture":"#1_2"},"east":{"uv":[11,7.5,11.5,8],"texture":"#1_2"},"up":{"rotation":180,"uv":[5.75,4.75,6.25,5],"texture":"#1_2"}}},{"to":[14.825,12.05572,6.04554],"rotation":{"origin":[6.85538,8,8],"angle":45,"axis":"x"},"from":[14.025,10.55572,5.74718],"faces":{"down":{"rotation":180,"uv":[2.75,9.25,3.25,9.75],"texture":"#1_2"},"east":{"uv":[11,7.5,11.5,8],"texture":"#1_2"},"up":{"uv":[9.25,4.75,9.75,5],"texture":"#1_2"}}},{"to":[14.825,11.95856,10.39824],"rotation":{"origin":[6.85538,8,8],"angle":-22.5,"axis":"x"},"from":[14.025,10.45856,10.09988],"faces":{"down":{"rotation":180,"uv":[4.25,8,4.75,8.25],"texture":"#1_2"},"east":{"uv":[11,7.5,11.5,8],"texture":"#1_2"},"up":{"uv":[8.5,4.25,9,4.5],"texture":"#1_2"}}},{"to":[14.825,12.60912,7.47071],"rotation":{"origin":[6.85538,8,8],"angle":22.5,"axis":"x"},"from":[14.025,11.10912,7.17235],"faces":{"down":{"uv":[4.25,8,4.75,8.25],"texture":"#1_2"},"east":{"uv":[11,7.5,11.5,8],"texture":"#1_2"},"up":{"uv":[12.75,2.25,13.25,2.5],"texture":"#1_2"}}},{"to":[14.825,12.575,8.99918],"rotation":{"origin":[6.85538,8,8],"angle":0,"axis":"y"},"from":[14.025,11.075,8.70082],"faces":{"down":{"rotation":180,"uv":[7.75,8,8.25,8.25],"texture":"#1_2"},"east":{"uv":[11,7.5,11.5,8],"texture":"#1_2"},"up":{"uv":[3.25,4,3.75,4.25],"texture":"#1_2"}}},{"to":[14.025,11.98413,9.65],"rotation":{"origin":[6.85538,8,8],"angle":0,"axis":"y"},"from":[12.025,11.66587,8.05],"faces":{"east":{"uv":[11,7.5,11.5,8],"texture":"#1_2"},"north":{"rotation":180,"uv":[5.5,11,6,11.25],"texture":"#1_2"},"south":{"rotation":180,"uv":[5.5,11,6,11.25],"texture":"#1_2"}}},{"to":[14.025,11.36769,11.04906],"rotation":{"origin":[6.85538,8,8],"angle":-22.5,"axis":"x"},"from":[12.025,11.04943,9.44906],"faces":{"east":{"rotation":270,"uv":[11,7.5,11.5,8],"texture":"#1_2"},"north":{"rotation":180,"uv":[2.5,10,3,10.5],"texture":"#1_2"},"south":{"rotation":180,"uv":[5.5,11.5,6,11.75],"texture":"#1_2"}}},{"to":[14.025,12.01825,8.12153],"rotation":{"origin":[6.85538,8,8],"angle":22.5,"axis":"x"},"from":[12.025,11.69999,6.52153],"faces":{"east":{"rotation":90,"uv":[11,7.5,11.5,8],"texture":"#1_2"},"north":{"rotation":180,"uv":[5.5,11.5,6,11.75],"texture":"#1_2"},"south":{"rotation":180,"uv":[1.25,9.75,1.75,10],"texture":"#1_2"}}},{"to":[14.025,12.10572,6.05549],"rotation":{"origin":[6.85538,8,8],"angle":45,"axis":"x"},"from":[12.025,10.50572,5.73723],"faces":{"down":{"rotation":180,"uv":[2.75,9.25,3.25,9.75],"texture":"#1_2"},"east":{"uv":[11,7.5,11.5,8],"texture":"#1_2"},"up":{"uv":[8.5,4.75,9,5],"texture":"#1_2"}}},{"to":[14.025,10.90364,11.46485],"rotation":{"origin":[6.85538,8,8],"angle":-45,"axis":"x"},"from":[12.025,9.30364,11.14659],"faces":{"down":{"rotation":180,"uv":[2.75,9.25,3.25,9.5],"texture":"#1_2"},"east":{"uv":[11,7.5,11.5,8],"texture":"#1_2"},"up":{"rotation":180,"uv":[6.5,4.75,7,5],"texture":"#1_2"}}},{"to":[14.025,12.65912,7.48066],"rotation":{"origin":[6.85538,8,8],"angle":22.5,"axis":"x"},"from":[12.025,11.05912,7.1624],"faces":{"down":{"uv":[4.25,8,4.75,8.25],"texture":"#1_2"},"east":{"uv":[11,7.5,11.5,8],"texture":"#1_2"},"up":{"uv":[5.5,4.25,6,4.5],"texture":"#1_2"}}},{"to":[14.025,12.00856,10.40819],"rotation":{"origin":[6.85538,8,8],"angle":-22.5,"axis":"x"},"from":[12.025,10.40856,10.08993],"faces":{"down":{"rotation":180,"uv":[4.25,8,4.75,8.25],"texture":"#1_2"},"east":{"uv":[11,7.5,11.5,8],"texture":"#1_2"},"up":{"uv":[7.5,4.25,8,4.5],"texture":"#1_2"}}},{"to":[14.025,12.625,9.00913],"rotation":{"origin":[6.85538,8,8],"angle":0,"axis":"y"},"from":[12.025,11.025,8.69087],"faces":{"down":{"rotation":180,"uv":[7.75,8,8.25,8.25],"texture":"#1_2"},"east":{"uv":[11,7.5,11.5,8],"texture":"#1_2"},"up":{"uv":[3.25,4,3.75,4.25],"texture":"#1_2"}}},{"to":[0.1001,12.45,8.97432],"rotation":{"origin":[6.85538,8,8],"angle":0,"axis":"y"},"from":[0.0001,11.2,8.72568],"faces":{"down":{"uv":[9.5,8,9.75,8.25],"texture":"#1_2"},"west":{"uv":[6.25,4.5,6.75,5.25],"texture":"#1_2"},"up":{"uv":[3.25,4,3.5,4.5],"texture":"#1_2"}}},{"to":[0.1,12.48412,7.44585],"rotation":{"origin":[6.85538,8,8],"angle":22.5,"axis":"x"},"from":[0,11.23412,7.19721],"faces":{"down":{"uv":[9,8,9.25,8.5],"texture":"#1_2"},"west":{"uv":[5.25,4.5,5.75,5.25],"texture":"#1_2"},"up":{"uv":[3.25,4,3.5,4.5],"texture":"#1_2"}}},{"to":[0.1,11.83356,10.37338],"rotation":{"origin":[6.85538,8,8],"angle":-22.5,"axis":"x"},"from":[0,10.58356,10.12474],"faces":{"down":{"rotation":180,"uv":[9,8,9.25,8.5],"texture":"#1_2"},"west":{"uv":[5.25,4.5,5.75,5.25],"texture":"#1_2"},"up":{"rotation":180,"uv":[7.25,4.25,7.5,4.75],"texture":"#1_2"}}},{"to":[0.1001,10.22796,11.93072],"rotation":{"origin":[6.85538,8,8],"angle":-45,"axis":"x"},"from":[0.0001,9.97932,10.68072],"faces":{"west":{"rotation":90,"uv":[6.25,4.5,6.75,5.25],"texture":"#1_2"},"north":{"uv":[6,5.5,6.25,6],"texture":"#1_2"},"south":{"uv":[3.75,4,4,4.5],"texture":"#1_2"}}},{"to":[0.1001,11.43004,6.52136],"rotation":{"origin":[6.85538,8,8],"angle":45,"axis":"x"},"from":[0.0001,11.1814,5.27136],"faces":{"west":{"rotation":270,"uv":[6.25,4.5,6.75,5.25],"texture":"#1_2"},"north":{"uv":[8.25,4.5,8.5,5],"texture":"#1_2"},"south":{"uv":[6,5.5,6.25,6],"texture":"#1_2"}}},{"to":[0.1,11.33288,10.87406],"rotation":{"origin":[6.85538,8,8],"angle":-22.5,"axis":"x"},"from":[0,11.08424,9.62406],"faces":{"west":{"rotation":90,"uv":[9,4.5,9.5,5.25],"texture":"#1_2"},"north":{"uv":[6.25,5,6.5,5.5],"texture":"#1_2"},"south":{"uv":[7.25,4.25,7.5,4.75],"texture":"#1_2"}}},{"to":[0.1,11.98344,7.94653],"rotation":{"origin":[6.85538,8,8],"angle":22.5,"axis":"x"},"from":[0,11.7348,6.69653],"faces":{"west":{"rotation":270,"uv":[9.25,4.5,9.75,5.25],"texture":"#1_2"},"north":{"uv":[7.25,4.25,7.5,4.75],"texture":"#1_2"},"south":{"uv":[6.25,5,6.5,5.5],"texture":"#1_2"}}},{"to":[0.1001,11.94932,9.475],"rotation":{"origin":[6.85538,8,8],"angle":0,"axis":"y"},"from":[0.0001,11.70068,8.225],"faces":{"west":{"uv":[6.25,4.5,6.75,5],"texture":"#1_2"},"north":{"uv":[6.25,4.5,6.5,5],"texture":"#1_2"},"south":{"uv":[6.25,4.5,6.5,5],"texture":"#1_2"}}},{"to":[16.705,11.73105,7.70855],"rotation":{"origin":[8.175,7.95,8],"angle":0,"axis":"y"},"from":[15.555,7.00605,6.57645],"faces":{"up":{"uv":[11.25,4,10,5],"texture":"#1_2"}}},{"to":[15.555,11.73105,8.02355],"rotation":{"origin":[8.175,7.95,8],"angle":0,"axis":"y"},"from":[12.51,7.00605,6.26145],"faces":{"up":{"uv":[11.25,4,10,5],"texture":"#1_2"}}},{"to":[12.51,11.73105,8.12855],"rotation":{"origin":[8.175,7.95,8],"angle":0,"axis":"y"},"from":[9.33,7.00605,6.15645],"faces":{"up":{"uv":[12.5,4,10,5.25],"texture":"#4"}}},{"to":[9.33,11.73105,8.33855],"rotation":{"origin":[8.175,7.95,8],"angle":0,"axis":"y"},"from":[-0.015,7.00605,5.94645],"faces":{"up":{"uv":[12.5,4,10,5.25],"texture":"#4"}}},{"to":[17.31,11.73,10.36355],"rotation":{"origin":[8.175,7.95,8],"angle":0,"axis":"y"},"from":[-0.33,7.005,5.63645],"faces":{"up":{"uv":[8,9.5,7,10.5],"texture":"#7"}}}],"display":{"thirdperson_righthand":{"rotation":[0,100,0],"scale":[0.15,0.15,0.15],"translation":[-0.5,0,0]},"head":{"scale":[0.3,0.3,0.3]},"thirdperson_lefthand":{"rotation":[0,-81,-13],"scale":[0.15,0.15,0.15],"translation":[-0.5,0,0]},"gui":{"rotation":[0,180,14],"scale":[0.7,0.7,0.7],"translation":[2,4.5,0]},"firstperson_lefthand":{"rotation":[-28,-113,-29],"scale":[0.3,0.3,0.3],"translation":[3,2,0.5]},"firstperson_righthand":{"rotation":[-71,71,60],"scale":[0.3,0.3,0.3],"translation":[2,2,0.5]},"fixed":{"translation":[0,1.5,-1.5],"scale":[-0.3,0.3,-0.3]},"ground":{"translation":[0,2,0],"scale":[0.15,0.15,0.15]}},"credit":"thebradqq's guns"}