{"textures":{"1":"mgs:gun/brass","3":"mgs:gun/metal","2":"mgs:gun/copper","5":"mgs:gun/metal_dark","particle":"mgs:gun/metal_dark"},"gui_light":"front","elements":[{"to":[9.3,6.9074,7.325],"rotation":{"origin":[7.575,10.0074,14.75],"angle":0,"axis":"y"},"from":[6.7,1.8074,7.25],"faces":{"north":{"rotation":90,"uv":[0,11.25,4,13.75],"texture":"#5"},"up":{"rotation":90,"uv":[11.5,1.25,11.75,3.75],"texture":"#5"},"south":{"rotation":270,"uv":[6,8.5,10,11],"texture":"#5"}}},{"to":[9.3,6.9084,8.75],"rotation":{"origin":[7.575,10.0074,14.75],"angle":0,"axis":"y"},"from":[9.25,1.8074,7.25],"faces":{"west":{"uv":[8,7.5,9.25,11.5],"texture":"#5"},"east":{"rotation":270,"uv":[0,11.75,4,13],"texture":"#5"},"up":{"rotation":180,"uv":[13,1,13.25,2.25],"texture":"#5"}}},{"to":[6.75,6.9084,8.75],"rotation":{"origin":[7.575,10.0074,14.75],"angle":0,"axis":"y"},"from":[6.7,1.8074,7.25],"faces":{"west":{"uv":[3.75,8.75,5,12.75],"texture":"#5"},"east":{"rotation":270,"uv":[5.25,9,9.25,10.25],"texture":"#5"},"up":{"rotation":180,"uv":[9,6.75,9.25,8],"texture":"#5"}}},{"to":[6.7,6.6084,8.25],"rotation":{"origin":[7.575,10.0074,14.65],"angle":0,"axis":"y"},"from":[6.55,5.5074,7.75],"faces":{"down":{"rotation":180,"uv":[3.75,9.25,4,9.75],"texture":"#5"},"west":{"uv":[5.75,7.25,6.25,8.5],"texture":"#5"},"north":{"rotation":180,"uv":[2,5.5,2.5,6.75],"texture":"#5"},"up":{"rotation":180,"uv":[9,7,9.25,7.5],"texture":"#5"},"south":{"rotation":180,"uv":[3.25,5.5,3.75,6.75],"texture":"#5"}}},{"to":[9.3,6.9074,8.75],"rotation":{"origin":[7.575,10.0074,14.75],"angle":0,"axis":"y"},"from":[6.7,1.8074,8.675],"faces":{"north":{"rotation":90,"uv":[11,8.5,15,11],"texture":"#5"},"up":{"rotation":90,"uv":[11,0.5,11.25,3],"texture":"#5"},"south":{"rotation":270,"uv":[0,11.25,4,13.75],"texture":"#5"}}},{"to":[8.25,7.29302,7.52615],"rotation":{"origin":[8,7.09302,7.48865],"angle":45,"axis":"x"},"from":[6.7,6.79302,7.45115],"faces":{"west":{"rotation":270,"uv":[5,11,5.25,11.25],"texture":"#5"},"east":{"rotation":270,"uv":[5,11,5.25,11.25],"texture":"#5"},"north":{"rotation":90,"uv":[0,11.25,0.5,12.75],"texture":"#5"},"up":{"rotation":90,"uv":[10.5,1.25,10.75,3.75],"texture":"#5"},"south":{"rotation":270,"uv":[7.25,8.5,7.5,11],"texture":"#5"}}},{"to":[8.25,7.29302,8.54885],"rotation":{"origin":[8,7.09302,8.51135],"angle":-45,"axis":"x"},"from":[6.7,6.79302,8.47385],"faces":{"west":{"rotation":270,"uv":[5,11.25,5.25,11],"texture":"#5"},"east":{"rotation":270,"uv":[5,11.25,5.25,11],"texture":"#5"},"north":{"rotation":270,"uv":[7.25,11,7.5,8.5],"texture":"#5"},"up":{"rotation":90,"uv":[10.75,1.25,10.5,3.75],"texture":"#5"},"south":{"rotation":90,"uv":[0,12.75,0.5,11.25],"texture":"#5"}}},{"to":[7.61132,1.79971,8.7505],"rotation":{"origin":[5.78632,6.29971,14.7495],"angle":22.5,"axis":"z"},"from":[4.91132,-2.90029,7.2495],"faces":{"down":{"rotation":270,"uv":[2.5,7.5,3.75,10],"texture":"#5"},"west":{"rotation":180,"uv":[9.75,8.5,11,11.5],"texture":"#3"},"east":{"rotation":270,"uv":[3.25,11.75,7.5,13],"texture":"#5"},"north":{"rotation":90,"uv":[6.75,11.25,11,13.75],"texture":"#5"},"south":{"rotation":270,"uv":[6.75,11.25,11,13.75],"texture":"#5"}}},{"to":[7.11902,6.86549,8.57922],"rotation":{"origin":[7.91674,1.3712,8.25],"angle":0,"axis":"y"},"from":[6.86414,6.73451,7.92078],"faces":{"north":{"uv":[3.75,5.25,3.25,5.75],"texture":"#1"},"south":{"uv":[3.75,5.25,3.25,5.75],"texture":"#1"}}},{"to":[6.87481,7.1717,8.32394],"rotation":{"origin":[6.84293,7.3184,8.25],"angle":0,"axis":"y"},"from":[6.81104,6.4283,8.17606],"faces":{"down":{"rotation":180,"uv":[6.25,8.25,6.75,8],"texture":"#1"},"west":{"uv":[8.75,4,8.25,6],"texture":"#1"},"east":{"uv":[13,7.5,12.5,8],"texture":"#1"},"up":{"rotation":180,"uv":[3.5,4.25,4,3.75],"texture":"#1"}}},{"to":[6.84252,6.96992,8.2838],"rotation":{"origin":[7.91674,1.3712,8.25],"angle":0,"axis":"y"},"from":[6.80004,6.63008,8.2162],"faces":{"down":{"uv":[9.5,8.25,9.75,8],"texture":"#3"},"west":{"uv":[6.75,4.5,6.25,5.25],"texture":"#3"},"up":{"uv":[3.25,4.5,3.5,4],"texture":"#3"}}},{"to":[8.38486,7.15312,8.32024],"rotation":{"origin":[7.61876,1.64264,8.25],"angle":0,"axis":"y"},"from":[6.982,6.44688,8.17976],"faces":{"down":{"rotation":180,"uv":[5.5,8.25,7.5,7.75],"texture":"#1"},"west":{"uv":[13,7.5,12.5,8],"texture":"#1"},"east":{"uv":[5.75,10.5,5.25,11],"texture":"#1"},"up":{"uv":[2,3.75,4,3.25],"texture":"#1"}}},{"to":[8.38486,6.92949,9.44448],"rotation":{"origin":[7.6277,3.86222,8.25],"angle":-22.5,"axis":"x"},"from":[6.982,6.22326,9.304],"faces":{"down":{"rotation":180,"uv":[3,9.5,5,9],"texture":"#1"},"west":{"uv":[13,7.5,12.5,8],"texture":"#1"},"east":{"uv":[5.75,10.5,5.25,11],"texture":"#1"},"up":{"uv":[2,4.25,4,3.75],"texture":"#1"}}},{"to":[8.38486,6.92949,7.196],"rotation":{"origin":[7.6277,3.86222,8.25],"angle":22.5,"axis":"x"},"from":[6.982,6.22326,7.05552],"faces":{"down":{"rotation":180,"uv":[3.5,8.5,5.5,8],"texture":"#1"},"west":{"uv":[13,7.5,12.5,8],"texture":"#1"},"east":{"uv":[5.75,10.5,5.25,11],"texture":"#1"},"up":{"uv":[0,3.75,2,3.25],"texture":"#1"}}},{"to":[8.38486,6.29266,10.39756],"rotation":{"origin":[7.6277,3.86222,8.25],"angle":-45,"axis":"x"},"from":[6.982,5.58643,10.25708],"faces":{"down":{"rotation":180,"uv":[5.75,6,7.75,5.5],"texture":"#1"},"west":{"uv":[13,7.5,12.5,8],"texture":"#1"},"east":{"uv":[5.75,10.5,5.25,11],"texture":"#1"},"up":{"uv":[5.25,4.75,7.25,4.25],"texture":"#1"}}},{"to":[8.38486,6.29266,6.24292],"rotation":{"origin":[7.6277,3.86222,8.25],"angle":45,"axis":"x"},"from":[6.982,5.58643,6.10244],"faces":{"down":{"uv":[4.5,6,6.5,5.5],"texture":"#1"},"west":{"uv":[13,7.5,12.5,8],"texture":"#1"},"east":{"uv":[5.75,10.5,5.25,11],"texture":"#1"},"up":{"rotation":180,"uv":[1.25,4.75,3.25,4.25],"texture":"#1"}}},{"to":[8.38486,6.64662,7.47888],"rotation":{"origin":[7.6277,3.86222,8.25],"angle":22.5,"axis":"x"},"from":[6.982,6.50614,6.77264],"faces":{"west":{"rotation":90,"uv":[12.5,8,13,7.5],"texture":"#1"},"east":{"uv":[5.75,10.5,5.25,11],"texture":"#1"},"north":{"uv":[7.25,4.75,5.25,5.25],"texture":"#1"},"south":{"uv":[8.25,5,6.25,5.5],"texture":"#1"}}},{"to":[8.38486,6.64662,9.72736],"rotation":{"origin":[7.6277,3.86222,8.25],"angle":-22.5,"axis":"x"},"from":[6.982,6.50614,9.02112],"faces":{"west":{"rotation":270,"uv":[12.5,8,13,7.5],"texture":"#1"},"east":{"uv":[5.75,10.5,5.25,11],"texture":"#1"},"north":{"uv":[8.25,5,6.25,5.5],"texture":"#1"},"south":{"uv":[7.25,4.75,5.25,5.25],"texture":"#1"}}},{"to":[8.38486,6.87024,8.60312],"rotation":{"origin":[7.61876,1.64264,8.25],"angle":0,"axis":"y"},"from":[6.982,6.72976,7.89688],"faces":{"west":{"uv":[13,7.5,12.5,8],"texture":"#1"},"east":{"uv":[5.75,10.5,5.25,11],"texture":"#1"},"north":{"uv":[2,12,0,12.5],"texture":"#1"},"south":{"uv":[5,12.25,3,12.75],"texture":"#1"}}},{"to":[8.71294,7.12625,8.31489],"rotation":{"origin":[7.78738,1.58835,8.25],"angle":0,"axis":"y"},"from":[8.33624,6.47375,8.18511],"faces":{"down":{"rotation":180,"uv":[7.75,8.25,8.25,8],"texture":"#2"},"east":{"uv":[11.5,7.5,11,8],"texture":"#2"},"up":{"uv":[3.25,4.25,3.75,4],"texture":"#2"}}},{"to":[8.71294,6.90027,7.17882],"rotation":{"origin":[8.37754,3.8313,8.25],"angle":22.5,"axis":"x"},"from":[8.33624,6.24778,7.04903],"faces":{"down":{"rotation":180,"uv":[4.25,8.25,4.75,8],"texture":"#2"},"east":{"uv":[11.5,7.5,11,8],"texture":"#2"},"up":{"uv":[7.5,4.5,8,4.25],"texture":"#2"}}},{"to":[8.71294,6.90027,9.45097],"rotation":{"origin":[8.37754,3.8313,8.25],"angle":-22.5,"axis":"x"},"from":[8.33624,6.24778,9.32118],"faces":{"down":{"uv":[4.25,8.25,4.75,8],"texture":"#2"},"east":{"uv":[11.5,7.5,11,8],"texture":"#2"},"up":{"uv":[5.5,4.5,6,4.25],"texture":"#2"}}},{"to":[8.71294,6.25674,6.2157],"rotation":{"origin":[8.37754,3.8313,8.25],"angle":45,"axis":"x"},"from":[8.33624,5.60424,6.08592],"faces":{"down":{"rotation":180,"uv":[2.75,9.5,3.25,9.25],"texture":"#2"},"east":{"uv":[11.5,7.5,11,8],"texture":"#2"},"up":{"rotation":180,"uv":[6.5,5,7,4.75],"texture":"#2"}}},{"to":[8.71294,6.25674,10.41408],"rotation":{"origin":[8.37754,3.8313,8.25],"angle":-45,"axis":"x"},"from":[8.33624,5.60424,10.2843],"faces":{"down":{"rotation":180,"uv":[2.75,9.75,3.25,9.25],"texture":"#2"},"east":{"uv":[11.5,7.5,11,8],"texture":"#2"},"up":{"uv":[8.5,5,9,4.75],"texture":"#2"}}},{"to":[8.71294,6.63892,9.71232],"rotation":{"origin":[8.37754,3.8313,8.25],"angle":-22.5,"axis":"x"},"from":[8.33624,6.50913,9.05983],"faces":{"east":{"rotation":90,"uv":[11,8,11.5,7.5],"texture":"#2"},"north":{"rotation":180,"uv":[1.75,9.75,1.25,10],"texture":"#2"},"south":{"rotation":180,"uv":[6,11.5,5.5,11.75],"texture":"#2"}}},{"to":[8.71294,6.63892,7.44017],"rotation":{"origin":[8.37754,3.8313,8.25],"angle":22.5,"axis":"x"},"from":[8.33624,6.50913,6.78768],"faces":{"east":{"rotation":270,"uv":[11,8,11.5,7.5],"texture":"#2"},"north":{"rotation":180,"uv":[6,11.5,5.5,11.75],"texture":"#2"},"south":{"rotation":180,"uv":[3,10,2.5,10.5],"texture":"#2"}}},{"to":[8.71294,6.86489,8.57625],"rotation":{"origin":[7.78738,1.58835,8.25],"angle":0,"axis":"y"},"from":[8.33624,6.73511,7.92375],"faces":{"east":{"uv":[11.5,7.5,11,8],"texture":"#2"},"north":{"rotation":180,"uv":[6,11,5.5,11.25],"texture":"#2"},"south":{"rotation":180,"uv":[6,11,5.5,11.25],"texture":"#2"}}},{"to":[8.83529,7.10586,8.31084],"rotation":{"origin":[7.78738,1.58835,8.25],"angle":0,"axis":"y"},"from":[8.71294,6.49414,8.18916],"faces":{"down":{"rotation":180,"uv":[7.75,8.25,8.25,8],"texture":"#2"},"east":{"uv":[11.5,7.5,11,8],"texture":"#2"},"up":{"uv":[3.25,4.25,3.75,4],"texture":"#2"}}},{"to":[8.83529,6.87988,9.44691],"rotation":{"origin":[8.6732,3.8313,8.25],"angle":-22.5,"axis":"x"},"from":[8.71294,6.26817,9.32524],"faces":{"down":{"uv":[4.25,8.25,4.75,8],"texture":"#2"},"east":{"uv":[11.5,7.5,11,8],"texture":"#2"},"up":{"uv":[12.75,2.5,13.25,2.25],"texture":"#2"}}},{"to":[8.83529,6.87988,7.17476],"rotation":{"origin":[8.6732,3.8313,8.25],"angle":22.5,"axis":"x"},"from":[8.71294,6.26817,7.05309],"faces":{"down":{"rotation":180,"uv":[4.25,8.25,4.75,8],"texture":"#2"},"east":{"uv":[11.5,7.5,11,8],"texture":"#2"},"up":{"uv":[8.5,4.5,9,4.25],"texture":"#2"}}},{"to":[8.83529,6.23634,10.41003],"rotation":{"origin":[8.6732,3.8313,8.25],"angle":-45,"axis":"x"},"from":[8.71294,5.62463,10.28835],"faces":{"down":{"rotation":180,"uv":[2.75,9.75,3.25,9.25],"texture":"#2"},"east":{"uv":[11.5,7.5,11,8],"texture":"#2"},"up":{"uv":[9.25,5,9.75,4.75],"texture":"#2"}}},{"to":[8.83529,6.23634,6.21165],"rotation":{"origin":[8.6732,3.8313,8.25],"angle":45,"axis":"x"},"from":[8.71294,5.62463,6.08997],"faces":{"down":{"rotation":180,"uv":[2.75,9.5,3.25,9.25],"texture":"#2"},"east":{"uv":[11.5,7.5,11,8],"texture":"#2"},"up":{"rotation":180,"uv":[5.75,5,6.25,4.75],"texture":"#2"}}},{"to":[8.83529,6.63486,7.41978],"rotation":{"origin":[8.6732,3.8313,8.25],"angle":22.5,"axis":"x"},"from":[8.71294,6.51319,6.80807],"faces":{"east":{"rotation":270,"uv":[11,8,11.5,7.5],"texture":"#2"},"north":{"rotation":180,"uv":[6.75,11.5,6.25,11.75],"texture":"#2"},"south":{"rotation":180,"uv":[3,10,2.5,10.5],"texture":"#2"}}},{"to":[8.83529,6.63486,9.69193],"rotation":{"origin":[8.6732,3.8313,8.25],"angle":-22.5,"axis":"x"},"from":[8.71294,6.51319,9.08022],"faces":{"east":{"rotation":90,"uv":[11,8,11.5,7.5],"texture":"#2"},"north":{"rotation":180,"uv":[1.75,9.75,1.25,10],"texture":"#2"},"south":{"rotation":180,"uv":[5.25,11.5,4.75,11.75],"texture":"#2"}}},{"to":[8.83529,6.86084,8.55586],"rotation":{"origin":[7.78738,1.58835,8.25],"angle":0,"axis":"y"},"from":[8.71294,6.73916,7.94414],"faces":{"east":{"uv":[11.5,7.5,11,8],"texture":"#2"},"north":{"rotation":180,"uv":[6,11,5.5,11.25],"texture":"#2"},"south":{"rotation":180,"uv":[6,11,5.5,11.25],"texture":"#2"}}},{"to":[8.93724,7.08546,8.30678],"rotation":{"origin":[7.78738,1.58835,8.25],"angle":0,"axis":"y"},"from":[8.83529,6.51454,8.19322],"faces":{"down":{"rotation":180,"uv":[7.75,8.25,8.25,8],"texture":"#2"},"east":{"uv":[11.5,7.5,11,8],"texture":"#2"},"up":{"uv":[3.25,4.25,3.75,4],"texture":"#2"}}},{"to":[8.93724,6.85949,7.17071],"rotation":{"origin":[8.83632,3.8313,8.25],"angle":22.5,"axis":"x"},"from":[8.83529,6.28856,7.05714],"faces":{"down":{"rotation":180,"uv":[4.25,8.25,4.75,8],"texture":"#2"},"east":{"uv":[11.5,7.5,11,8],"texture":"#2"},"up":{"uv":[8.75,4.5,9.25,4.25],"texture":"#2"}}},{"to":[8.93724,6.85949,9.44286],"rotation":{"origin":[8.83632,3.8313,8.25],"angle":-22.5,"axis":"x"},"from":[8.83529,6.28856,9.32929],"faces":{"down":{"uv":[4.25,8.25,4.75,8],"texture":"#2"},"east":{"uv":[11.5,7.5,11,8],"texture":"#2"},"up":{"uv":[10.5,3,11,2.75],"texture":"#2"}}},{"to":[8.93724,6.21595,6.20759],"rotation":{"origin":[8.83632,3.8313,8.25],"angle":45,"axis":"x"},"from":[8.83529,5.64502,6.09403],"faces":{"down":{"rotation":180,"uv":[2.75,9.5,3.25,9.25],"texture":"#2"},"east":{"uv":[11.5,7.5,11,8],"texture":"#2"},"up":{"rotation":180,"uv":[5.75,5,6.25,4.75],"texture":"#2"}}},{"to":[8.93724,6.6308,9.67154],"rotation":{"origin":[8.83632,3.8313,8.25],"angle":-22.5,"axis":"x"},"from":[8.83529,6.51724,9.10061],"faces":{"east":{"rotation":90,"uv":[11,8,11.5,7.5],"texture":"#2"},"north":{"rotation":180,"uv":[1.75,9.75,1.25,10],"texture":"#2"},"south":{"rotation":180,"uv":[7.25,11.5,6.75,11.75],"texture":"#2"}}},{"to":[8.93724,6.21595,10.40597],"rotation":{"origin":[8.83632,3.8313,8.25],"angle":-45,"axis":"x"},"from":[8.83529,5.64502,10.29241],"faces":{"down":{"rotation":180,"uv":[2.75,9.75,3.25,9.25],"texture":"#2"},"east":{"uv":[11.5,7.5,11,8],"texture":"#2"},"up":{"uv":[9,5,9.5,4.75],"texture":"#2"}}},{"to":[8.93724,6.6308,7.39939],"rotation":{"origin":[8.83632,3.8313,8.25],"angle":22.5,"axis":"x"},"from":[8.83529,6.51724,6.82846],"faces":{"east":{"rotation":270,"uv":[11,8,11.5,7.5],"texture":"#2"},"north":{"rotation":180,"uv":[6.75,11.5,6.25,11.75],"texture":"#2"},"south":{"rotation":180,"uv":[3,10,2.5,10.5],"texture":"#2"}}},{"to":[8.93724,6.85678,8.53546],"rotation":{"origin":[7.78738,1.58835,8.25],"angle":0,"axis":"y"},"from":[8.83529,6.74322,7.96454],"faces":{"east":{"uv":[11.5,7.5,11,8],"texture":"#2"},"north":{"rotation":180,"uv":[6,11,5.5,11.25],"texture":"#2"},"south":{"rotation":180,"uv":[6,11,5.5,11.25],"texture":"#2"}}},{"to":[8.99841,7.06508,8.30272],"rotation":{"origin":[7.78738,1.58835,8.25],"angle":0,"axis":"y"},"from":[8.93724,6.53492,8.19728],"faces":{"down":{"rotation":180,"uv":[7.75,8.25,8.25,8],"texture":"#2"},"east":{"uv":[11.5,7.5,11,8],"texture":"#2"},"up":{"uv":[3.25,4.25,3.75,4],"texture":"#2"}}},{"to":[8.99841,6.8391,9.4388],"rotation":{"origin":[8.64262,3.8313,8.25],"angle":-22.5,"axis":"x"},"from":[8.93724,6.30895,9.33335],"faces":{"down":{"uv":[4.25,8.25,4.75,8],"texture":"#2"},"east":{"uv":[11.5,7.5,11,8],"texture":"#2"},"up":{"uv":[11.25,3.5,11.75,3.25],"texture":"#2"}}},{"to":[8.99841,6.8391,7.16665],"rotation":{"origin":[8.64262,3.8313,8.25],"angle":22.5,"axis":"x"},"from":[8.93724,6.30895,7.0612],"faces":{"down":{"rotation":180,"uv":[4.25,8.25,4.75,8],"texture":"#2"},"east":{"uv":[11.5,7.5,11,8],"texture":"#2"},"up":{"uv":[11,3.25,11.5,3],"texture":"#2"}}},{"to":[8.99841,6.19556,10.40192],"rotation":{"origin":[8.64262,3.8313,8.25],"angle":-45,"axis":"x"},"from":[8.93724,5.66541,10.29646],"faces":{"down":{"rotation":180,"uv":[2.75,9.75,3.25,9.25],"texture":"#2"},"east":{"uv":[11.5,7.5,11,8],"texture":"#2"},"up":{"uv":[6.5,5,7,4.75],"texture":"#2"}}},{"to":[8.99841,6.19556,6.20354],"rotation":{"origin":[8.64262,3.8313,8.25],"angle":45,"axis":"x"},"from":[8.93724,5.66541,6.09808],"faces":{"down":{"rotation":180,"uv":[2.75,9.5,3.25,9.25],"texture":"#2"},"east":{"uv":[11.5,7.5,11,8],"texture":"#2"},"up":{"rotation":180,"uv":[8,5,8.5,4.75],"texture":"#2"}}},{"to":[8.99841,6.62675,7.379],"rotation":{"origin":[8.64262,3.8313,8.25],"angle":22.5,"axis":"x"},"from":[8.93724,6.5213,6.84885],"faces":{"east":{"rotation":270,"uv":[11,8,11.5,7.5],"texture":"#2"},"north":{"rotation":180,"uv":[8,11.5,7.5,11.75],"texture":"#2"},"south":{"rotation":180,"uv":[3,10,2.5,10.5],"texture":"#2"}}},{"to":[8.99841,6.62675,9.65115],"rotation":{"origin":[8.64262,3.8313,8.25],"angle":-22.5,"axis":"x"},"from":[8.93724,6.5213,9.121],"faces":{"east":{"rotation":90,"uv":[11,8,11.5,7.5],"texture":"#2"},"north":{"rotation":180,"uv":[1.75,9.75,1.25,10],"texture":"#2"},"south":{"rotation":180,"uv":[7.5,11.5,7,11.75],"texture":"#2"}}},{"to":[8.99841,6.85272,8.51508],"rotation":{"origin":[7.78738,1.58835,8.25],"angle":0,"axis":"y"},"from":[8.93724,6.74728,7.98492],"faces":{"east":{"uv":[11.5,7.5,11,8],"texture":"#2"},"north":{"rotation":180,"uv":[6,11,5.5,11.25],"texture":"#2"},"south":{"rotation":180,"uv":[6,11,5.5,11.25],"texture":"#2"}}},{"to":[8.01954,6.95096,8.33156],"rotation":{"origin":[8.65281,4.07598,8.28289],"angle":-22.5,"axis":"z"},"from":[7.83603,6.74706,8.16844],"faces":{"east":{"uv":[8,2,7.5,2.5],"texture":"#2"},"north":{"uv":[6.25,4.5,5.75,5],"texture":"#2"},"up":{"uv":[4,4.5,4.5,4],"texture":"#2"},"south":{"uv":[6.5,4.5,6,5],"texture":"#2"}}},{"to":[10.29169,6.40099,8.33156],"rotation":{"origin":[8.65281,3.58661,8.28289],"angle":22.5,"axis":"z"},"from":[10.10818,6.19708,8.16844],"faces":{"down":{"rotation":180,"uv":[15,8.5,15.5,8],"texture":"#2"},"east":{"uv":[8,2,7.5,2.5],"texture":"#2"},"north":{"rotation":180,"uv":[5.5,8,5,8.5],"texture":"#2"},"south":{"rotation":180,"uv":[5.5,8,5,8.5],"texture":"#2"}}},{"to":[9.15562,6.88156,8.09736],"rotation":{"origin":[8.65281,3.8313,8.00532],"angle":-22.5,"axis":"y"},"from":[8.9721,6.71844,7.87306],"faces":{"down":{"rotation":180,"uv":[9,10.75,9.5,10.25],"texture":"#2"},"east":{"uv":[8,2,7.5,2.5],"texture":"#2"},"north":{"rotation":180,"uv":[5.25,11.25,4.75,11.75],"texture":"#2"},"up":{"uv":[6.5,5.25,7,4.75],"texture":"#2"}}},{"to":[9.15562,6.88156,8.62694],"rotation":{"origin":[8.65281,3.8313,8.49468],"angle":22.5,"axis":"y"},"from":[8.9721,6.71844,8.40264],"faces":{"down":{"rotation":180,"uv":[9,10.75,9.5,10.25],"texture":"#2"},"east":{"uv":[8,2,7.5,2.5],"texture":"#2"},"up":{"rotation":180,"uv":[6.5,5.25,7,4.75],"texture":"#2"},"south":{"rotation":180,"uv":[5.25,11.25,4.75,11.75],"texture":"#2"}}},{"to":[6.87485,6.93631,9.50735],"rotation":{"origin":[6.86412,3.7076,8.25],"angle":-22.5,"axis":"x"},"from":[6.81109,6.19291,9.35947],"faces":{"down":{"rotation":180,"uv":[6.25,8.25,6.75,8],"texture":"#1"},"west":{"uv":[7.75,4,7.25,6],"texture":"#1"},"east":{"uv":[13,7.5,12.5,8],"texture":"#1"},"up":{"uv":[3.5,4.75,4,4.25],"texture":"#1"}}},{"to":[6.87485,6.93631,7.14053],"rotation":{"origin":[6.86412,3.7076,8.25],"angle":22.5,"axis":"x"},"from":[6.81109,6.19291,6.99265],"faces":{"down":{"rotation":180,"uv":[6.25,8.25,6.75,8],"texture":"#1"},"west":{"uv":[7.75,4,7.25,6],"texture":"#1"},"east":{"uv":[13,7.5,12.5,8],"texture":"#1"},"up":{"rotation":180,"uv":[3.5,4.75,4,4.25],"texture":"#1"}}},{"to":[6.87481,6.26596,10.5106],"rotation":{"origin":[6.86412,3.7076,8.25],"angle":-45,"axis":"x"},"from":[6.81104,5.52256,10.36272],"faces":{"down":{"rotation":180,"uv":[6.25,8.25,6.75,8],"texture":"#1"},"west":{"uv":[11.25,4.5,10.75,6.5],"texture":"#1"},"east":{"uv":[13,7.5,12.5,8],"texture":"#1"},"up":{"uv":[3.75,5.25,4.25,4.75],"texture":"#1"}}},{"to":[6.87481,6.26596,6.13728],"rotation":{"origin":[6.86412,3.7076,8.25],"angle":45,"axis":"x"},"from":[6.81104,5.52256,5.9894],"faces":{"down":{"rotation":180,"uv":[6.25,8.25,6.75,8],"texture":"#1"},"west":{"uv":[7.25,4.5,6.75,6.5],"texture":"#1"},"east":{"uv":[13,7.5,12.5,8],"texture":"#1"},"up":{"rotation":180,"uv":[7.75,5.25,8.25,4.75],"texture":"#1"}}},{"to":[6.87485,6.63854,7.43829],"rotation":{"origin":[6.86412,3.7076,8.25],"angle":22.5,"axis":"x"},"from":[6.81109,6.49067,6.69489],"faces":{"west":{"rotation":90,"uv":[0.5,6.75,1,4.75],"texture":"#1"},"east":{"rotation":270,"uv":[12.5,8,13,7.5],"texture":"#1"},"north":{"uv":[5.75,5.5,5.25,6],"texture":"#1"},"south":{"rotation":180,"uv":[7.25,8,6.75,8.5],"texture":"#1"}}},{"to":[6.87485,6.63854,9.80511],"rotation":{"origin":[6.86412,3.7076,8.25],"angle":-22.5,"axis":"x"},"from":[6.81109,6.49067,9.06171],"faces":{"west":{"rotation":270,"uv":[0.75,6.75,1.25,4.75],"texture":"#1"},"east":{"rotation":90,"uv":[12.5,8,13,7.5],"texture":"#1"},"north":{"rotation":180,"uv":[6.5,8,6,8.5],"texture":"#1"},"south":{"uv":[7.25,5.5,6.75,6],"texture":"#1"}}},{"to":[6.87481,6.87394,8.6217],"rotation":{"origin":[7.91674,1.3712,8.25],"angle":0,"axis":"y"},"from":[6.81104,6.72606,7.8783],"faces":{"west":{"rotation":90,"uv":[7.25,11.5,7.75,9.5],"texture":"#1"},"east":{"uv":[13,7.5,12.5,8],"texture":"#1"},"north":{"rotation":180,"uv":[6.75,8.25,6.25,8.75],"texture":"#1"},"south":{"rotation":180,"uv":[4.75,8.25,4.25,8.75],"texture":"#1"}}},{"to":[6.84248,6.73453,7.10039],"rotation":{"origin":[6.82166,3.7076,8.25],"angle":22.5,"axis":"x"},"from":[6.8,6.39469,7.03279],"faces":{"down":{"rotation":180,"uv":[9,8.5,9.25,8],"texture":"#3"},"west":{"uv":[5.75,4.5,5.25,5.25],"texture":"#3"},"up":{"rotation":180,"uv":[7.25,4.75,7.5,4.25],"texture":"#3"}}},{"to":[6.84248,6.73453,9.46721],"rotation":{"origin":[6.82166,3.7076,8.25],"angle":-22.5,"axis":"x"},"from":[6.8,6.39469,9.39961],"faces":{"down":{"uv":[9,8.5,9.25,8],"texture":"#3"},"west":{"uv":[5.75,4.5,5.25,5.25],"texture":"#3"},"up":{"uv":[3.25,4.5,3.5,4],"texture":"#3"}}},{"to":[6.84252,6.06418,6.09714],"rotation":{"origin":[6.82166,3.7076,8.25],"angle":45,"axis":"x"},"from":[6.80004,5.72434,6.02954],"faces":{"down":{"uv":[6,6,6.25,5.5],"texture":"#3"},"west":{"uv":[6.75,4.5,6.25,5.25],"texture":"#3"},"up":{"rotation":180,"uv":[7.25,4.75,7.5,4.25],"texture":"#3"}}},{"to":[6.84252,6.06418,10.47046],"rotation":{"origin":[6.82166,3.7076,8.25],"angle":-45,"axis":"x"},"from":[6.80004,5.72434,10.40285],"faces":{"down":{"uv":[6,6,6.25,5.5],"texture":"#3"},"west":{"uv":[6.75,4.5,6.25,5.25],"texture":"#3"},"up":{"uv":[3.75,4.5,4,4],"texture":"#3"}}},{"to":[6.84248,6.59841,9.60333],"rotation":{"origin":[6.82166,3.7076,8.25],"angle":-22.5,"axis":"x"},"from":[6.8,6.53081,9.26349],"faces":{"west":{"rotation":270,"uv":[9.25,5.25,9.75,4.5],"texture":"#3"},"north":{"uv":[6.5,5,6.25,5.5],"texture":"#3"},"south":{"uv":[7.5,4.25,7.25,4.75],"texture":"#3"}}},{"to":[6.84248,6.59841,7.23651],"rotation":{"origin":[6.82166,3.7076,8.25],"angle":22.5,"axis":"x"},"from":[6.8,6.53081,6.89667],"faces":{"west":{"rotation":90,"uv":[9,5.25,9.5,4.5],"texture":"#3"},"north":{"uv":[7.5,4.25,7.25,4.75],"texture":"#3"},"south":{"uv":[6.5,5,6.25,5.5],"texture":"#3"}}},{"to":[6.84252,6.8338,8.41992],"rotation":{"origin":[6.82128,6.8,8.25],"angle":0,"axis":"y"},"from":[6.80004,6.7662,8.08008],"faces":{"west":{"uv":[6.75,4.5,6.25,5],"texture":"#3"},"north":{"uv":[6.5,4.5,6.25,5],"texture":"#3"},"south":{"uv":[6.5,4.5,6.25,5],"texture":"#3"}}},{"to":[7.11902,7.12922,8.31549],"rotation":{"origin":[6.99158,7.3184,8.25],"angle":0,"axis":"y"},"from":[6.86414,6.47078,8.18451],"faces":{"down":{"uv":[5.75,8.25,6.25,8],"texture":"#1"},"up":{"rotation":180,"uv":[8.5,4.5,9,4],"texture":"#1"}}},{"to":[7.11902,6.89383,9.4989],"rotation":{"origin":[6.99158,3.7076,8.25],"angle":-22.5,"axis":"x"},"from":[6.86414,6.23539,9.36792],"faces":{"down":{"uv":[5.75,8.25,6.25,8],"texture":"#1"},"up":{"rotation":180,"uv":[11,3,11.5,2.5],"texture":"#1"}}},{"to":[7.11902,6.89383,7.13208],"rotation":{"origin":[6.99158,3.7076,8.25],"angle":22.5,"axis":"x"},"from":[6.86414,6.23539,7.0011],"faces":{"down":{"uv":[5.75,8.25,6.25,8],"texture":"#1"},"up":{"rotation":180,"uv":[8.5,4.5,9,4],"texture":"#1"}}},{"to":[7.11902,6.22348,10.50214],"rotation":{"origin":[6.99158,3.7076,8.25],"angle":-45,"axis":"x"},"from":[6.86414,5.56504,10.37117],"faces":{"down":{"uv":[5.75,8.25,6.25,8],"texture":"#1"},"up":{"uv":[3.25,4.75,3.75,4.25],"texture":"#1"}}},{"to":[7.11902,6.22348,6.12883],"rotation":{"origin":[6.99158,3.7076,8.25],"angle":45,"axis":"x"},"from":[6.86414,5.56504,5.99786],"faces":{"down":{"uv":[5.75,8.25,6.25,8],"texture":"#1"},"up":{"rotation":180,"uv":[3.25,4.75,3.75,4.25],"texture":"#1"}}},{"to":[7.11902,6.6301,7.39581],"rotation":{"origin":[6.99158,3.7076,8.25],"angle":22.5,"axis":"x"},"from":[6.86414,6.49912,6.73737],"faces":{"north":{"uv":[3.75,4.75,3.25,5.25],"texture":"#1"},"south":{"rotation":180,"uv":[3.5,8,3,8.5],"texture":"#1"}}},{"to":[7.11902,6.6301,9.76263],"rotation":{"origin":[6.99158,3.7076,8.25],"angle":-22.5,"axis":"x"},"from":[6.86414,6.49912,9.10419],"faces":{"north":{"rotation":180,"uv":[3.5,8,3,8.5],"texture":"#1"},"south":{"uv":[3.75,4.75,3.25,5.25],"texture":"#1"}}},{"to":[7.11902,6.39049,8.02922],"rotation":{"origin":[7.91674,0.8962,7.7],"angle":0,"axis":"y"},"from":[6.86414,6.25951,7.37078],"faces":{"north":{"uv":[3.75,5.25,3.25,5.75],"texture":"#1"},"south":{"uv":[3.75,5.25,3.25,5.75],"texture":"#1"}}},{"to":[6.87481,6.6967,7.77394],"rotation":{"origin":[6.84293,6.8434,7.7],"angle":0,"axis":"y"},"from":[6.81104,5.9533,7.62606],"faces":{"down":{"rotation":180,"uv":[6.25,8.25,6.75,8],"texture":"#1"},"west":{"uv":[8.75,4,8.25,6],"texture":"#1"},"east":{"uv":[13,7.5,12.5,8],"texture":"#1"},"up":{"rotation":180,"uv":[3.5,4.25,4,3.75],"texture":"#1"}}},{"to":[6.84252,6.49492,7.7338],"rotation":{"origin":[7.91674,0.8962,7.7],"angle":0,"axis":"y"},"from":[6.80004,6.15508,7.6662],"faces":{"down":{"uv":[9.5,8.25,9.75,8],"texture":"#3"},"west":{"uv":[6.75,4.5,6.25,5.25],"texture":"#3"},"up":{"uv":[3.25,4.5,3.5,4],"texture":"#3"}}},{"to":[8.38486,6.67812,7.77024],"rotation":{"origin":[7.61876,1.16764,7.7],"angle":0,"axis":"y"},"from":[6.982,5.97188,7.62976],"faces":{"down":{"rotation":180,"uv":[5.5,8.25,7.5,7.75],"texture":"#1"},"west":{"uv":[13,7.5,12.5,8],"texture":"#1"},"east":{"uv":[5.75,10.5,5.25,11],"texture":"#1"},"up":{"uv":[2,3.75,4,3.25],"texture":"#1"}}},{"to":[8.38486,6.45449,8.89448],"rotation":{"origin":[7.6277,3.38722,7.7],"angle":-22.5,"axis":"x"},"from":[6.982,5.74826,8.754],"faces":{"down":{"rotation":180,"uv":[3,9.5,5,9],"texture":"#1"},"west":{"uv":[13,7.5,12.5,8],"texture":"#1"},"east":{"uv":[5.75,10.5,5.25,11],"texture":"#1"},"up":{"uv":[2,4.25,4,3.75],"texture":"#1"}}},{"to":[8.38486,6.45449,6.646],"rotation":{"origin":[7.6277,3.38722,7.7],"angle":22.5,"axis":"x"},"from":[6.982,5.74826,6.50552],"faces":{"down":{"rotation":180,"uv":[3.5,8.5,5.5,8],"texture":"#1"},"west":{"uv":[13,7.5,12.5,8],"texture":"#1"},"east":{"uv":[5.75,10.5,5.25,11],"texture":"#1"},"up":{"uv":[0,3.75,2,3.25],"texture":"#1"}}},{"to":[8.38486,5.81766,9.84756],"rotation":{"origin":[7.6277,3.38722,7.7],"angle":-45,"axis":"x"},"from":[6.982,5.11143,9.70708],"faces":{"down":{"rotation":180,"uv":[5.75,6,7.75,5.5],"texture":"#1"},"west":{"uv":[13,7.5,12.5,8],"texture":"#1"},"east":{"uv":[5.75,10.5,5.25,11],"texture":"#1"},"up":{"uv":[5.25,4.75,7.25,4.25],"texture":"#1"}}},{"to":[8.38486,5.81766,5.69292],"rotation":{"origin":[7.6277,3.38722,7.7],"angle":45,"axis":"x"},"from":[6.982,5.11143,5.55244],"faces":{"down":{"uv":[4.5,6,6.5,5.5],"texture":"#1"},"west":{"uv":[13,7.5,12.5,8],"texture":"#1"},"east":{"uv":[5.75,10.5,5.25,11],"texture":"#1"},"up":{"rotation":180,"uv":[1.25,4.75,3.25,4.25],"texture":"#1"}}},{"to":[8.38486,6.17162,6.92888],"rotation":{"origin":[7.6277,3.38722,7.7],"angle":22.5,"axis":"x"},"from":[6.982,6.03114,6.22264],"faces":{"west":{"rotation":90,"uv":[12.5,8,13,7.5],"texture":"#1"},"east":{"uv":[5.75,10.5,5.25,11],"texture":"#1"},"north":{"uv":[7.25,4.75,5.25,5.25],"texture":"#1"},"south":{"uv":[8.25,5,6.25,5.5],"texture":"#1"}}},{"to":[8.38486,6.17162,9.17736],"rotation":{"origin":[7.6277,3.38722,7.7],"angle":-22.5,"axis":"x"},"from":[6.982,6.03114,8.47112],"faces":{"west":{"rotation":270,"uv":[12.5,8,13,7.5],"texture":"#1"},"east":{"uv":[5.75,10.5,5.25,11],"texture":"#1"},"north":{"uv":[8.25,5,6.25,5.5],"texture":"#1"},"south":{"uv":[7.25,4.75,5.25,5.25],"texture":"#1"}}},{"to":[8.38486,6.39524,8.05312],"rotation":{"origin":[7.61876,1.16764,7.7],"angle":0,"axis":"y"},"from":[6.982,6.25476,7.34688],"faces":{"west":{"uv":[13,7.5,12.5,8],"texture":"#1"},"east":{"uv":[5.75,10.5,5.25,11],"texture":"#1"},"north":{"uv":[2,12,0,12.5],"texture":"#1"},"south":{"uv":[5,12.25,3,12.75],"texture":"#1"}}},{"to":[8.71294,6.65125,7.76489],"rotation":{"origin":[7.78738,1.11335,7.7],"angle":0,"axis":"y"},"from":[8.33624,5.99875,7.63511],"faces":{"down":{"rotation":180,"uv":[7.75,8.25,8.25,8],"texture":"#2"},"east":{"uv":[11.5,7.5,11,8],"texture":"#2"},"up":{"uv":[3.25,4.25,3.75,4],"texture":"#2"}}},{"to":[8.71294,6.42527,6.62882],"rotation":{"origin":[8.37754,3.3563,7.7],"angle":22.5,"axis":"x"},"from":[8.33624,5.77278,6.49903],"faces":{"down":{"rotation":180,"uv":[4.25,8.25,4.75,8],"texture":"#2"},"east":{"uv":[11.5,7.5,11,8],"texture":"#2"},"up":{"uv":[7.5,4.5,8,4.25],"texture":"#2"}}},{"to":[8.71294,6.42527,8.90097],"rotation":{"origin":[8.37754,3.3563,7.7],"angle":-22.5,"axis":"x"},"from":[8.33624,5.77278,8.77118],"faces":{"down":{"uv":[4.25,8.25,4.75,8],"texture":"#2"},"east":{"uv":[11.5,7.5,11,8],"texture":"#2"},"up":{"uv":[5.5,4.5,6,4.25],"texture":"#2"}}},{"to":[8.71294,5.78174,5.6657],"rotation":{"origin":[8.37754,3.3563,7.7],"angle":45,"axis":"x"},"from":[8.33624,5.12924,5.53592],"faces":{"down":{"rotation":180,"uv":[2.75,9.5,3.25,9.25],"texture":"#2"},"east":{"uv":[11.5,7.5,11,8],"texture":"#2"},"up":{"rotation":180,"uv":[6.5,5,7,4.75],"texture":"#2"}}},{"to":[8.71294,5.78174,9.86408],"rotation":{"origin":[8.37754,3.3563,7.7],"angle":-45,"axis":"x"},"from":[8.33624,5.12924,9.7343],"faces":{"down":{"rotation":180,"uv":[2.75,9.75,3.25,9.25],"texture":"#2"},"east":{"uv":[11.5,7.5,11,8],"texture":"#2"},"up":{"uv":[8.5,5,9,4.75],"texture":"#2"}}},{"to":[8.71294,6.16392,9.16232],"rotation":{"origin":[8.37754,3.3563,7.7],"angle":-22.5,"axis":"x"},"from":[8.33624,6.03413,8.50983],"faces":{"east":{"rotation":90,"uv":[11,8,11.5,7.5],"texture":"#2"},"north":{"rotation":180,"uv":[1.75,9.75,1.25,10],"texture":"#2"},"south":{"rotation":180,"uv":[6,11.5,5.5,11.75],"texture":"#2"}}},{"to":[8.71294,6.16392,6.89017],"rotation":{"origin":[8.37754,3.3563,7.7],"angle":22.5,"axis":"x"},"from":[8.33624,6.03413,6.23768],"faces":{"east":{"rotation":270,"uv":[11,8,11.5,7.5],"texture":"#2"},"north":{"rotation":180,"uv":[6,11.5,5.5,11.75],"texture":"#2"},"south":{"rotation":180,"uv":[3,10,2.5,10.5],"texture":"#2"}}},{"to":[8.71294,6.38989,8.02625],"rotation":{"origin":[7.78738,1.11335,7.7],"angle":0,"axis":"y"},"from":[8.33624,6.26011,7.37375],"faces":{"east":{"uv":[11.5,7.5,11,8],"texture":"#2"},"north":{"rotation":180,"uv":[6,11,5.5,11.25],"texture":"#2"},"south":{"rotation":180,"uv":[6,11,5.5,11.25],"texture":"#2"}}},{"to":[8.83529,6.63086,7.76084],"rotation":{"origin":[7.78738,1.11335,7.7],"angle":0,"axis":"y"},"from":[8.71294,6.01914,7.63916],"faces":{"down":{"rotation":180,"uv":[7.75,8.25,8.25,8],"texture":"#2"},"east":{"uv":[11.5,7.5,11,8],"texture":"#2"},"up":{"uv":[3.25,4.25,3.75,4],"texture":"#2"}}},{"to":[8.83529,6.40488,8.89691],"rotation":{"origin":[8.6732,3.3563,7.7],"angle":-22.5,"axis":"x"},"from":[8.71294,5.79317,8.77524],"faces":{"down":{"uv":[4.25,8.25,4.75,8],"texture":"#2"},"east":{"uv":[11.5,7.5,11,8],"texture":"#2"},"up":{"uv":[12.75,2.5,13.25,2.25],"texture":"#2"}}},{"to":[8.83529,6.40488,6.62476],"rotation":{"origin":[8.6732,3.3563,7.7],"angle":22.5,"axis":"x"},"from":[8.71294,5.79317,6.50309],"faces":{"down":{"rotation":180,"uv":[4.25,8.25,4.75,8],"texture":"#2"},"east":{"uv":[11.5,7.5,11,8],"texture":"#2"},"up":{"uv":[8.5,4.5,9,4.25],"texture":"#2"}}},{"to":[8.83529,5.76134,9.86003],"rotation":{"origin":[8.6732,3.3563,7.7],"angle":-45,"axis":"x"},"from":[8.71294,5.14963,9.73835],"faces":{"down":{"rotation":180,"uv":[2.75,9.75,3.25,9.25],"texture":"#2"},"east":{"uv":[11.5,7.5,11,8],"texture":"#2"},"up":{"uv":[9.25,5,9.75,4.75],"texture":"#2"}}},{"to":[8.83529,5.76134,5.66165],"rotation":{"origin":[8.6732,3.3563,7.7],"angle":45,"axis":"x"},"from":[8.71294,5.14963,5.53997],"faces":{"down":{"rotation":180,"uv":[2.75,9.5,3.25,9.25],"texture":"#2"},"east":{"uv":[11.5,7.5,11,8],"texture":"#2"},"up":{"rotation":180,"uv":[5.75,5,6.25,4.75],"texture":"#2"}}},{"to":[8.83529,6.15986,6.86978],"rotation":{"origin":[8.6732,3.3563,7.7],"angle":22.5,"axis":"x"},"from":[8.71294,6.03819,6.25807],"faces":{"east":{"rotation":270,"uv":[11,8,11.5,7.5],"texture":"#2"},"north":{"rotation":180,"uv":[6.75,11.5,6.25,11.75],"texture":"#2"},"south":{"rotation":180,"uv":[3,10,2.5,10.5],"texture":"#2"}}},{"to":[8.83529,6.15986,9.14193],"rotation":{"origin":[8.6732,3.3563,7.7],"angle":-22.5,"axis":"x"},"from":[8.71294,6.03819,8.53022],"faces":{"east":{"rotation":90,"uv":[11,8,11.5,7.5],"texture":"#2"},"north":{"rotation":180,"uv":[1.75,9.75,1.25,10],"texture":"#2"},"south":{"rotation":180,"uv":[5.25,11.5,4.75,11.75],"texture":"#2"}}},{"to":[8.83529,6.38584,8.00586],"rotation":{"origin":[7.78738,1.11335,7.7],"angle":0,"axis":"y"},"from":[8.71294,6.26416,7.39414],"faces":{"east":{"uv":[11.5,7.5,11,8],"texture":"#2"},"north":{"rotation":180,"uv":[6,11,5.5,11.25],"texture":"#2"},"south":{"rotation":180,"uv":[6,11,5.5,11.25],"texture":"#2"}}},{"to":[8.93724,6.61046,7.75678],"rotation":{"origin":[7.78738,1.11335,7.7],"angle":0,"axis":"y"},"from":[8.83529,6.03954,7.64322],"faces":{"down":{"rotation":180,"uv":[7.75,8.25,8.25,8],"texture":"#2"},"east":{"uv":[11.5,7.5,11,8],"texture":"#2"},"up":{"uv":[3.25,4.25,3.75,4],"texture":"#2"}}},{"to":[8.93724,6.38449,6.62071],"rotation":{"origin":[8.83632,3.3563,7.7],"angle":22.5,"axis":"x"},"from":[8.83529,5.81356,6.50714],"faces":{"down":{"rotation":180,"uv":[4.25,8.25,4.75,8],"texture":"#2"},"east":{"uv":[11.5,7.5,11,8],"texture":"#2"},"up":{"uv":[8.75,4.5,9.25,4.25],"texture":"#2"}}},{"to":[8.93724,6.38449,8.89286],"rotation":{"origin":[8.83632,3.3563,7.7],"angle":-22.5,"axis":"x"},"from":[8.83529,5.81356,8.77929],"faces":{"down":{"uv":[4.25,8.25,4.75,8],"texture":"#2"},"east":{"uv":[11.5,7.5,11,8],"texture":"#2"},"up":{"uv":[10.5,3,11,2.75],"texture":"#2"}}},{"to":[8.93724,5.74095,5.65759],"rotation":{"origin":[8.83632,3.3563,7.7],"angle":45,"axis":"x"},"from":[8.83529,5.17002,5.54403],"faces":{"down":{"rotation":180,"uv":[2.75,9.5,3.25,9.25],"texture":"#2"},"east":{"uv":[11.5,7.5,11,8],"texture":"#2"},"up":{"rotation":180,"uv":[5.75,5,6.25,4.75],"texture":"#2"}}},{"to":[8.93724,6.1558,9.12154],"rotation":{"origin":[8.83632,3.3563,7.7],"angle":-22.5,"axis":"x"},"from":[8.83529,6.04224,8.55061],"faces":{"east":{"rotation":90,"uv":[11,8,11.5,7.5],"texture":"#2"},"north":{"rotation":180,"uv":[1.75,9.75,1.25,10],"texture":"#2"},"south":{"rotation":180,"uv":[7.25,11.5,6.75,11.75],"texture":"#2"}}},{"to":[8.93724,5.74095,9.85597],"rotation":{"origin":[8.83632,3.3563,7.7],"angle":-45,"axis":"x"},"from":[8.83529,5.17002,9.74241],"faces":{"down":{"rotation":180,"uv":[2.75,9.75,3.25,9.25],"texture":"#2"},"east":{"uv":[11.5,7.5,11,8],"texture":"#2"},"up":{"uv":[9,5,9.5,4.75],"texture":"#2"}}},{"to":[8.93724,6.1558,6.84939],"rotation":{"origin":[8.83632,3.3563,7.7],"angle":22.5,"axis":"x"},"from":[8.83529,6.04224,6.27846],"faces":{"east":{"rotation":270,"uv":[11,8,11.5,7.5],"texture":"#2"},"north":{"rotation":180,"uv":[6.75,11.5,6.25,11.75],"texture":"#2"},"south":{"rotation":180,"uv":[3,10,2.5,10.5],"texture":"#2"}}},{"to":[8.93724,6.38178,7.98546],"rotation":{"origin":[7.78738,1.11335,7.7],"angle":0,"axis":"y"},"from":[8.83529,6.26822,7.41454],"faces":{"east":{"uv":[11.5,7.5,11,8],"texture":"#2"},"north":{"rotation":180,"uv":[6,11,5.5,11.25],"texture":"#2"},"south":{"rotation":180,"uv":[6,11,5.5,11.25],"texture":"#2"}}},{"to":[8.99841,6.59008,7.75272],"rotation":{"origin":[7.78738,1.11335,7.7],"angle":0,"axis":"y"},"from":[8.93724,6.05992,7.64728],"faces":{"down":{"rotation":180,"uv":[7.75,8.25,8.25,8],"texture":"#2"},"east":{"uv":[11.5,7.5,11,8],"texture":"#2"},"up":{"uv":[3.25,4.25,3.75,4],"texture":"#2"}}},{"to":[8.99841,6.3641,8.8888],"rotation":{"origin":[8.64262,3.3563,7.7],"angle":-22.5,"axis":"x"},"from":[8.93724,5.83395,8.78335],"faces":{"down":{"uv":[4.25,8.25,4.75,8],"texture":"#2"},"east":{"uv":[11.5,7.5,11,8],"texture":"#2"},"up":{"uv":[11.25,3.5,11.75,3.25],"texture":"#2"}}},{"to":[8.99841,6.3641,6.61665],"rotation":{"origin":[8.64262,3.3563,7.7],"angle":22.5,"axis":"x"},"from":[8.93724,5.83395,6.5112],"faces":{"down":{"rotation":180,"uv":[4.25,8.25,4.75,8],"texture":"#2"},"east":{"uv":[11.5,7.5,11,8],"texture":"#2"},"up":{"uv":[11,3.25,11.5,3],"texture":"#2"}}},{"to":[8.99841,5.72056,9.85192],"rotation":{"origin":[8.64262,3.3563,7.7],"angle":-45,"axis":"x"},"from":[8.93724,5.19041,9.74646],"faces":{"down":{"rotation":180,"uv":[2.75,9.75,3.25,9.25],"texture":"#2"},"east":{"uv":[11.5,7.5,11,8],"texture":"#2"},"up":{"uv":[6.5,5,7,4.75],"texture":"#2"}}},{"to":[8.99841,5.72056,5.65354],"rotation":{"origin":[8.64262,3.3563,7.7],"angle":45,"axis":"x"},"from":[8.93724,5.19041,5.54808],"faces":{"down":{"rotation":180,"uv":[2.75,9.5,3.25,9.25],"texture":"#2"},"east":{"uv":[11.5,7.5,11,8],"texture":"#2"},"up":{"rotation":180,"uv":[8,5,8.5,4.75],"texture":"#2"}}},{"to":[8.99841,6.15175,6.829],"rotation":{"origin":[8.64262,3.3563,7.7],"angle":22.5,"axis":"x"},"from":[8.93724,6.0463,6.29885],"faces":{"east":{"rotation":270,"uv":[11,8,11.5,7.5],"texture":"#2"},"north":{"rotation":180,"uv":[8,11.5,7.5,11.75],"texture":"#2"},"south":{"rotation":180,"uv":[3,10,2.5,10.5],"texture":"#2"}}},{"to":[8.99841,6.15175,9.10115],"rotation":{"origin":[8.64262,3.3563,7.7],"angle":-22.5,"axis":"x"},"from":[8.93724,6.0463,8.571],"faces":{"east":{"rotation":90,"uv":[11,8,11.5,7.5],"texture":"#2"},"north":{"rotation":180,"uv":[1.75,9.75,1.25,10],"texture":"#2"},"south":{"rotation":180,"uv":[7.5,11.5,7,11.75],"texture":"#2"}}},{"to":[8.99841,6.37772,7.96508],"rotation":{"origin":[7.78738,1.11335,7.7],"angle":0,"axis":"y"},"from":[8.93724,6.27228,7.43492],"faces":{"east":{"uv":[11.5,7.5,11,8],"texture":"#2"},"north":{"rotation":180,"uv":[6,11,5.5,11.25],"texture":"#2"},"south":{"rotation":180,"uv":[6,11,5.5,11.25],"texture":"#2"}}},{"to":[8.01954,6.47596,7.78156],"rotation":{"origin":[8.65281,3.60098,7.73289],"angle":-22.5,"axis":"z"},"from":[7.83603,6.27206,7.61844],"faces":{"east":{"uv":[8,2,7.5,2.5],"texture":"#2"},"north":{"uv":[6.25,4.5,5.75,5],"texture":"#2"},"up":{"uv":[4,4.5,4.5,4],"texture":"#2"},"south":{"uv":[6.5,4.5,6,5],"texture":"#2"}}},{"to":[10.29169,5.92599,7.78156],"rotation":{"origin":[8.65281,3.11161,7.73289],"angle":22.5,"axis":"z"},"from":[10.10818,5.72208,7.61844],"faces":{"down":{"rotation":180,"uv":[15,8.5,15.5,8],"texture":"#2"},"east":{"uv":[8,2,7.5,2.5],"texture":"#2"},"north":{"rotation":180,"uv":[5.5,8,5,8.5],"texture":"#2"},"south":{"rotation":180,"uv":[5.5,8,5,8.5],"texture":"#2"}}},{"to":[9.15562,6.40656,7.54736],"rotation":{"origin":[8.65281,3.3563,7.45532],"angle":-22.5,"axis":"y"},"from":[8.9721,6.24344,7.32306],"faces":{"down":{"rotation":180,"uv":[9,10.75,9.5,10.25],"texture":"#2"},"east":{"uv":[8,2,7.5,2.5],"texture":"#2"},"north":{"rotation":180,"uv":[5.25,11.25,4.75,11.75],"texture":"#2"},"up":{"uv":[6.5,5.25,7,4.75],"texture":"#2"}}},{"to":[9.15562,6.40656,8.07694],"rotation":{"origin":[8.65281,3.3563,7.94468],"angle":22.5,"axis":"y"},"from":[8.9721,6.24344,7.85264],"faces":{"down":{"rotation":180,"uv":[9,10.75,9.5,10.25],"texture":"#2"},"east":{"uv":[8,2,7.5,2.5],"texture":"#2"},"up":{"rotation":180,"uv":[6.5,5.25,7,4.75],"texture":"#2"},"south":{"rotation":180,"uv":[5.25,11.25,4.75,11.75],"texture":"#2"}}},{"to":[6.87485,6.46131,8.95735],"rotation":{"origin":[6.86412,3.2326,7.7],"angle":-22.5,"axis":"x"},"from":[6.81109,5.71791,8.80947],"faces":{"down":{"rotation":180,"uv":[6.25,8.25,6.75,8],"texture":"#1"},"west":{"uv":[7.75,4,7.25,6],"texture":"#1"},"east":{"uv":[13,7.5,12.5,8],"texture":"#1"},"up":{"uv":[3.5,4.75,4,4.25],"texture":"#1"}}},{"to":[6.87485,6.46131,6.59053],"rotation":{"origin":[6.86412,3.2326,7.7],"angle":22.5,"axis":"x"},"from":[6.81109,5.71791,6.44265],"faces":{"down":{"rotation":180,"uv":[6.25,8.25,6.75,8],"texture":"#1"},"west":{"uv":[7.75,4,7.25,6],"texture":"#1"},"east":{"uv":[13,7.5,12.5,8],"texture":"#1"},"up":{"rotation":180,"uv":[3.5,4.75,4,4.25],"texture":"#1"}}},{"to":[6.87481,5.79096,9.9606],"rotation":{"origin":[6.86412,3.2326,7.7],"angle":-45,"axis":"x"},"from":[6.81104,5.04756,9.81272],"faces":{"down":{"rotation":180,"uv":[6.25,8.25,6.75,8],"texture":"#1"},"west":{"uv":[11.25,4.5,10.75,6.5],"texture":"#1"},"east":{"uv":[13,7.5,12.5,8],"texture":"#1"},"up":{"uv":[3.75,5.25,4.25,4.75],"texture":"#1"}}},{"to":[6.87481,5.79096,5.58728],"rotation":{"origin":[6.86412,3.2326,7.7],"angle":45,"axis":"x"},"from":[6.81104,5.04756,5.4394],"faces":{"down":{"rotation":180,"uv":[6.25,8.25,6.75,8],"texture":"#1"},"west":{"uv":[7.25,4.5,6.75,6.5],"texture":"#1"},"east":{"uv":[13,7.5,12.5,8],"texture":"#1"},"up":{"rotation":180,"uv":[7.75,5.25,8.25,4.75],"texture":"#1"}}},{"to":[6.87485,6.16354,6.88829],"rotation":{"origin":[6.86412,3.2326,7.7],"angle":22.5,"axis":"x"},"from":[6.81109,6.01567,6.14489],"faces":{"west":{"rotation":90,"uv":[0.5,6.75,1,4.75],"texture":"#1"},"east":{"rotation":270,"uv":[12.5,8,13,7.5],"texture":"#1"},"north":{"uv":[5.75,5.5,5.25,6],"texture":"#1"},"south":{"rotation":180,"uv":[7.25,8,6.75,8.5],"texture":"#1"}}},{"to":[6.87485,6.16354,9.25511],"rotation":{"origin":[6.86412,3.2326,7.7],"angle":-22.5,"axis":"x"},"from":[6.81109,6.01567,8.51171],"faces":{"west":{"rotation":270,"uv":[0.75,6.75,1.25,4.75],"texture":"#1"},"east":{"rotation":90,"uv":[12.5,8,13,7.5],"texture":"#1"},"north":{"rotation":180,"uv":[6.5,8,6,8.5],"texture":"#1"},"south":{"uv":[7.25,5.5,6.75,6],"texture":"#1"}}},{"to":[6.87481,6.39894,8.0717],"rotation":{"origin":[7.91674,0.8962,7.7],"angle":0,"axis":"y"},"from":[6.81104,6.25106,7.3283],"faces":{"west":{"rotation":90,"uv":[7.25,11.5,7.75,9.5],"texture":"#1"},"east":{"uv":[13,7.5,12.5,8],"texture":"#1"},"north":{"rotation":180,"uv":[6.75,8.25,6.25,8.75],"texture":"#1"},"south":{"rotation":180,"uv":[4.75,8.25,4.25,8.75],"texture":"#1"}}},{"to":[6.84248,6.25953,6.55039],"rotation":{"origin":[6.82166,3.2326,7.7],"angle":22.5,"axis":"x"},"from":[6.8,5.91969,6.48279],"faces":{"down":{"rotation":180,"uv":[9,8.5,9.25,8],"texture":"#3"},"west":{"uv":[5.75,4.5,5.25,5.25],"texture":"#3"},"up":{"rotation":180,"uv":[7.25,4.75,7.5,4.25],"texture":"#3"}}},{"to":[6.84248,6.25953,8.91721],"rotation":{"origin":[6.82166,3.2326,7.7],"angle":-22.5,"axis":"x"},"from":[6.8,5.91969,8.84961],"faces":{"down":{"uv":[9,8.5,9.25,8],"texture":"#3"},"west":{"uv":[5.75,4.5,5.25,5.25],"texture":"#3"},"up":{"uv":[3.25,4.5,3.5,4],"texture":"#3"}}},{"to":[6.84252,5.58918,5.54714],"rotation":{"origin":[6.82166,3.2326,7.7],"angle":45,"axis":"x"},"from":[6.80004,5.24934,5.47954],"faces":{"down":{"uv":[6,6,6.25,5.5],"texture":"#3"},"west":{"uv":[6.75,4.5,6.25,5.25],"texture":"#3"},"up":{"rotation":180,"uv":[7.25,4.75,7.5,4.25],"texture":"#3"}}},{"to":[6.84252,5.58918,9.92046],"rotation":{"origin":[6.82166,3.2326,7.7],"angle":-45,"axis":"x"},"from":[6.80004,5.24934,9.85285],"faces":{"down":{"uv":[6,6,6.25,5.5],"texture":"#3"},"west":{"uv":[6.75,4.5,6.25,5.25],"texture":"#3"},"up":{"uv":[3.75,4.5,4,4],"texture":"#3"}}},{"to":[6.84248,6.12341,9.05333],"rotation":{"origin":[6.82166,3.2326,7.7],"angle":-22.5,"axis":"x"},"from":[6.8,6.05581,8.71349],"faces":{"west":{"rotation":270,"uv":[9.25,5.25,9.75,4.5],"texture":"#3"},"north":{"uv":[6.5,5,6.25,5.5],"texture":"#3"},"south":{"uv":[7.5,4.25,7.25,4.75],"texture":"#3"}}},{"to":[6.84248,6.12341,6.68651],"rotation":{"origin":[6.82166,3.2326,7.7],"angle":22.5,"axis":"x"},"from":[6.8,6.05581,6.34667],"faces":{"west":{"rotation":90,"uv":[9,5.25,9.5,4.5],"texture":"#3"},"north":{"uv":[7.5,4.25,7.25,4.75],"texture":"#3"},"south":{"uv":[6.5,5,6.25,5.5],"texture":"#3"}}},{"to":[6.84252,6.3588,7.86992],"rotation":{"origin":[6.82128,6.325,7.7],"angle":0,"axis":"y"},"from":[6.80004,6.2912,7.53008],"faces":{"west":{"uv":[6.75,4.5,6.25,5],"texture":"#3"},"north":{"uv":[6.5,4.5,6.25,5],"texture":"#3"},"south":{"uv":[6.5,4.5,6.25,5],"texture":"#3"}}},{"to":[7.11902,6.65422,7.76549],"rotation":{"origin":[6.99158,6.8434,7.7],"angle":0,"axis":"y"},"from":[6.86414,5.99578,7.63451],"faces":{"down":{"uv":[5.75,8.25,6.25,8],"texture":"#1"},"up":{"rotation":180,"uv":[8.5,4.5,9,4],"texture":"#1"}}},{"to":[7.11902,6.41883,8.9489],"rotation":{"origin":[6.99158,3.2326,7.7],"angle":-22.5,"axis":"x"},"from":[6.86414,5.76039,8.81792],"faces":{"down":{"uv":[5.75,8.25,6.25,8],"texture":"#1"},"up":{"rotation":180,"uv":[11,3,11.5,2.5],"texture":"#1"}}},{"to":[7.11902,6.41883,6.58208],"rotation":{"origin":[6.99158,3.2326,7.7],"angle":22.5,"axis":"x"},"from":[6.86414,5.76039,6.4511],"faces":{"down":{"uv":[5.75,8.25,6.25,8],"texture":"#1"},"up":{"rotation":180,"uv":[8.5,4.5,9,4],"texture":"#1"}}},{"to":[7.11902,5.74848,9.95214],"rotation":{"origin":[6.99158,3.2326,7.7],"angle":-45,"axis":"x"},"from":[6.86414,5.09004,9.82117],"faces":{"down":{"uv":[5.75,8.25,6.25,8],"texture":"#1"},"up":{"uv":[3.25,4.75,3.75,4.25],"texture":"#1"}}},{"to":[7.11902,5.74848,5.57883],"rotation":{"origin":[6.99158,3.2326,7.7],"angle":45,"axis":"x"},"from":[6.86414,5.09004,5.44786],"faces":{"down":{"uv":[5.75,8.25,6.25,8],"texture":"#1"},"up":{"rotation":180,"uv":[3.25,4.75,3.75,4.25],"texture":"#1"}}},{"to":[7.11902,6.1551,6.84581],"rotation":{"origin":[6.99158,3.2326,7.7],"angle":22.5,"axis":"x"},"from":[6.86414,6.02412,6.18737],"faces":{"north":{"uv":[3.75,4.75,3.25,5.25],"texture":"#1"},"south":{"rotation":180,"uv":[3.5,8,3,8.5],"texture":"#1"}}},{"to":[7.11902,6.1551,9.21263],"rotation":{"origin":[6.99158,3.2326,7.7],"angle":-22.5,"axis":"x"},"from":[6.86414,6.02412,8.55419],"faces":{"north":{"rotation":180,"uv":[3.5,8,3,8.5],"texture":"#1"},"south":{"uv":[3.75,4.75,3.25,5.25],"texture":"#1"}}},{"to":[9.2,6.009,7.925],"rotation":{"origin":[7.575,10.0074,14.75],"angle":0,"axis":"y"},"from":[8.35,5.408,7.35],"faces":{"west":{"uv":[8,7.5,9.25,11.5],"texture":"#5"},"up":{"rotation":180,"uv":[4.75,10.5,7.75,11.75],"texture":"#2"}}},{"to":[9.2,6.009,8.65],"rotation":{"origin":[7.575,10.0074,14.75],"angle":0,"axis":"y"},"from":[8.35,5.408,8.075],"faces":{"west":{"uv":[8,7.5,9.25,11.5],"texture":"#5"},"up":{"rotation":180,"uv":[4.75,10.5,7.75,11.75],"texture":"#2"}}},{"to":[8.35,6.009,8.7],"rotation":{"origin":[7.575,10.0074,14.75],"angle":0,"axis":"y"},"from":[6.75,5.408,8.025],"faces":{"west":{"uv":[8,7.5,9.25,11.5],"texture":"#5"},"up":{"rotation":180,"uv":[4.75,10.5,7.75,11.75],"texture":"#1"}}},{"to":[8.35,6.009,7.975],"rotation":{"origin":[7.575,10.0074,14.75],"angle":0,"axis":"y"},"from":[6.75,5.408,7.3],"faces":{"west":{"uv":[8,7.5,9.25,11.5],"texture":"#5"},"up":{"rotation":180,"uv":[4.75,10.5,7.75,11.75],"texture":"#1"}}},{"to":[9.25,6.0084,8.7],"rotation":{"origin":[7.575,10.0074,14.75],"angle":0,"axis":"y"},"from":[6.75,5.4074,7.3],"faces":{"up":{"rotation":180,"uv":[15.75,15.75,16,16],"texture":"#5"}}}],"display":{"thirdperson_righthand":{"rotation":[0,100,0],"scale":[0.45,0.45,0.45],"translation":[0,1.75,0.25]},"head":{"scale":[0.9,0.9,0.9]},"thirdperson_lefthand":{"rotation":[0,-80,0],"scale":[0.45,0.45,0.45],"translation":[0,1.75,0.25]},"gui":{"rotation":[0,-180,15],"scale":[1.5,1.5,1.5],"translation":[2.75,7.75,0]},"firstperson_lefthand":{"rotation":[71,-71,80],"scale":[0.9,0.9,0.9],"translation":[1,4.25,0]},"firstperson_righthand":{"rotation":[-71,71,60],"scale":[0.9,0.9,0.9],"translation":[1,4.25,0]},"fixed":{"rotation":[0,-180,0],"scale":[0.9,0.9,0.9],"translation":[0,5,-1]},"ground":{"translation":[0,3,0],"scale":[0.45,0.45,0.45]}},"credit":"thebradqq's guns"}