{
  "parent": "minecraft:item/generated",
  "textures": {
    "layer0": "minecraft:item/diamond"
  },
  "overrides": [
    {"predicate": {"custom_model_data":1}, "model":"item/hl_ss"},
    {"predicate": {"custom_model_data":2}, "model":"item/suppressor"},
    {"predicate": {"custom_model_data":3}, "model":"item/3suko"},
    {"predicate": {"custom_model_data":4}, "model":"item/mk3"},
    {"predicate": {"custom_model_data":5}, "model":"item/raitoooooooooooo"},
    {"predicate": {"custom_model_data":6}, "model":"item/nokowareraitoooooooooooo"},
    {"predicate": {"custom_model_data":7}, "model":"item/hand1"}
  ]
}