{
	"credit": "Made with Blockbench",
	"parent": "minecraft:item/handheld",
	"textures": {
		"layer0": "item/spearaxe"
	},
	"display": {
		"thirdperson_righthand": {
			"rotation": [-40, -90, 0],
			"translation": [0, 3, 2]
		},
		"thirdperson_lefthand": {
			"rotation": [-113, 0, 0],
			"translation": [-4.5, -5.75, 7.75],
			"scale": [0.8, 0.8, 0.8]
		},
		"firstperson_righthand": {
			"rotation": [180, -90, -116],
			"translation": [2.5, 1.5, -5.25]
		},
		"firstperson_lefthand": {
			"rotation": [180, 90, 116],
			"translation": [2.5, 1.5, -5.25]
		},
		"gui": {
			"rotation": [-180, 0, 180],
			"translation": [0.25, 0, 0]
		}
	}
}