{
	"parent": "item/handheld",
	"textures": {
		"layer0": "item/feather"
	},
	"overrides": [
		{"predicate": {"custom_model_data":1}, "model":"item/weapons/uzi"},
		{"predicate": {"custom_model_data":11}, "model":"item/weapons/uziaiming"},
		{"predicate": {"custom_model_data":16}, "model":"item/weapons/uzisprinting"},
		
		{"predicate": {"custom_model_data":21}, "model":"item/weapons/aug"},
		{"predicate": {"custom_model_data":31}, "model":"item/weapons/augaiming"},
		{"predicate": {"custom_model_data":36}, "model":"item/weapons/augsprinting"},
		
		{"predicate": {"custom_model_data":81}, "model":"item/weapons/origin12"},
		{"predicate": {"custom_model_data":91}, "model":"item/weapons/origin12aiming"},
		{"predicate": {"custom_model_data":96}, "model":"item/weapons/origin12sprinting"},
		
		{"predicate": {"custom_model_data":101}, "model":"item/weapons/rpg7"},
		{"predicate": {"custom_model_data":111}, "model":"item/weapons/rpg7aiming"},
		{"predicate": {"custom_model_data":116}, "model":"item/weapons/rpg7sprinting"},
		
		{"predicate": {"custom_model_data":121}, "model":"item/weapons/ak47"},
		{"predicate": {"custom_model_data":131}, "model":"item/weapons/ak47aiming"},
		{"predicate": {"custom_model_data":136}, "model":"item/weapons/ak47sprinting"},
		
		{"predicate": {"custom_model_data":141}, "model":"item/weapons/fnfal"},
		{"predicate": {"custom_model_data":151}, "model":"item/weapons/fnfalaiming"},
		{"predicate": {"custom_model_data":156}, "model":"item/weapons/fnfalsprinting"},
		
		{"predicate": {"custom_model_data":161}, "model":"item/weapons/m4a1"},
		{"predicate": {"custom_model_data":171}, "model":"item/weapons/m4a1aiming"},
		{"predicate": {"custom_model_data":176}, "model":"item/weapons/m4a1sprinting"},
		
		{"predicate": {"custom_model_data":181}, "model":"item/weapons/coltpython"},
		{"predicate": {"custom_model_data":191}, "model":"item/weapons/coltpythonaiming"},
		{"predicate": {"custom_model_data":196}, "model":"item/weapons/coltpythonsprinting"},
		
		{"predicate": {"custom_model_data":201}, "model":"item/weapons/deserteagle"},
		{"predicate": {"custom_model_data":211}, "model":"item/weapons/deserteagleaiming"},
		{"predicate": {"custom_model_data":216}, "model":"item/weapons/deserteaglesprinting"},
		
		{"predicate": {"custom_model_data":221}, "model":"item/weapons/kar98k"},
		{"predicate": {"custom_model_data":231}, "model":"item/weapons/kar98kaiming"},
		{"predicate": {"custom_model_data":236}, "model":"item/weapons/kar98ksprinting"},
		
		{"predicate": {"custom_model_data":241}, "model":"item/weapons/mg34"},
		{"predicate": {"custom_model_data":251}, "model":"item/weapons/mg34aiming"},
		{"predicate": {"custom_model_data":256}, "model":"item/weapons/mg34sprinting"},
		
		{"predicate": {"custom_model_data":261}, "model":"item/weapons/flashbang"},
		
		{"predicate": {"custom_model_data":271}, "model":"item/weapons/semtex"},
		
		{"predicate": {"custom_model_data":281}, "model":"item/weapons/grenade"},
		
		{"predicate": {"custom_model_data":291}, "model":"item/weapons/clusterbomb"},
		
		{"predicate": {"custom_model_data":301}, "model":"item/weapons/airstrike"},
		
		{"predicate": {"custom_model_data":311}, "model":"item/weapons/famasg2"},
		{"predicate": {"custom_model_data":321}, "model":"item/weapons/famasg2aiming"},
		{"predicate": {"custom_model_data":326}, "model":"item/weapons/famasg2sprinting"},
		{"predicate": {"custom_model_data":331}, "model":"item/weapons/famasg2reloading"},
		
		{"predicate": {"custom_model_data":341}, "model":"item/weapons/ammo_rocket"},
		
		{"predicate": {"custom_model_data":351}, "model":"item/weapons/combatknife"},

		{"predicate": {"custom_model_data":361}, "model":"item/weapons/ax50"},
		{"predicate": {"custom_model_data":371}, "model":"item/weapons/ax50sprinting"},

		{"predicate": {"custom_model_data":381}, "model":"item/weapons/dp12"},
		{"predicate": {"custom_model_data":391}, "model":"item/weapons/dp12aiming"},
		{"predicate": {"custom_model_data":396}, "model":"item/weapons/dp12sprinting"},

		{"predicate": {"custom_model_data":401}, "model":"item/cw/svdgun"},
		
		{"predicate": {"custom_model_data":402}, "model":"item/cw/svdgunsprinting"},
		
		{"predicate": {"custom_model_data":403}, "model":"item/cw/mp5"},
		
		{"predicate": {"custom_model_data":404}, "model":"item/cw/mp5sprinting"},

		{"predicate": {"custom_model_data":405}, "model":"item/cw/mp5aim"},

		{"predicate": {"custom_model_data":406}, "model":"item/cw/mp7"},

		{"predicate": {"custom_model_data":407}, "model":"item/cw/mp7aim"},

		{"predicate": {"custom_model_data":408}, "model":"item/cw/mp7sprinting"},

		{"predicate": {"custom_model_data":409}, "model":"item/cw/glock18"},

		{"predicate": {"custom_model_data":410}, "model":"item/cw/glock18aim"},

		{"predicate": {"custom_model_data":411}, "model":"item/aw/hmp7"},

		{"predicate": {"custom_model_data":412}, "model":"item/aw/hmp7aim"},

		{"predicate": {"custom_model_data":413}, "model":"item/aw/hmp7sprinting"},

		{"predicate": {"custom_model_data":414}, "model":"item/chainsaw"},

		{"predicate": {"custom_model_data":415}, "model":"item/aw/smp7"},
		
		{"predicate": {"custom_model_data":416}, "model":"item/aw/smp7aim"},

		{"predicate": {"custom_model_data":417}, "model":"item/aw/smp7sprinting"},

		{"predicate": {"custom_model_data":418}, "model":"item/aw/shmp7"},

		{"predicate": {"custom_model_data":419}, "model":"item/aw/shmp7sprinting"},

		{"predicate": {"custom_model_data":420}, "model":"item/cw/glock18sprinting"},

		{"predicate": {"custom_model_data":421}, "model":"item/parts"},

		{"predicate": {"custom_model_data":422}, "model":"item/rareparts"},

		{"predicate": {"custom_model_data":423}, "model":"item/m1carbine/hip"},

		{"predicate": {"custom_model_data":424}, "model":"item/m1carbine/peep"},

		{"predicate": {"custom_model_data":425}, "model":"item/m1carbine/run"},

		{"predicate": {"custom_model_data":426}, "model":"item/mini/mini14"},

		{"predicate": {"custom_model_data":427}, "model":"item/mini/mini14run"},

		{"predicate": {"custom_model_data":428}, "model":"item/mini/mini14aim"},

		{"predicate": {"custom_model_data":429}, "model":"item/vss/vss"},

		{"predicate": {"custom_model_data":430}, "model":"item/vss/vssrun"},

		{"predicate": {"custom_model_data":431}, "model":"item/kar/kar98k_scope"},

		{"predicate": {"custom_model_data":432}, "model":"item/kar/kar98k_scoperun"},

		{"predicate": {"custom_model_data":433}, "model":"item/p90/p90"},

		{"predicate": {"custom_model_data":434}, "model":"item/p90/p90run"},

		{"predicate": {"custom_model_data":435}, "model":"item/p90/p90aim"},

		{"predicate": {"custom_model_data":436}, "model":"item/ump/ump45"},

		{"predicate": {"custom_model_data":437}, "model":"item/ump/ump45run"},

		{"predicate": {"custom_model_data":438}, "model":"item/ump/ump45aim"},

		{"predicate": {"custom_model_data":439}, "model":"item/glock/glock17"},

		{"predicate": {"custom_model_data":440}, "model":"item/glock/glock17run"},

		{"predicate": {"custom_model_data":441}, "model":"item/glock/glock17aim"},

		{"predicate": {"custom_model_data":442}, "model":"item/sks/sks"},

		{"predicate": {"custom_model_data":443}, "model":"item/sks/sksrun"},

		{"predicate": {"custom_model_data":444}, "model":"item/sks/sksaim"},

		{"predicate": {"custom_model_data":445}, "model":"item/mosin/mosin"},

		{"predicate": {"custom_model_data":446}, "model":"item/mosin/mosinrun"},

		{"predicate": {"custom_model_data":447}, "model":"item/mosin/mosinaim"},

		{"predicate": {"custom_model_data":448}, "model":"item/akm/akm"},

		{"predicate": {"custom_model_data":449}, "model":"item/akm/akmrun"},

		{"predicate": {"custom_model_data":450}, "model":"item/akm/akmaim"},

		{"predicate": {"custom_model_data":451}, "model":"item/scar/scar"},

		{"predicate": {"custom_model_data":452}, "model":"item/scar/scarrun"},

		{"predicate": {"custom_model_data":453}, "model":"item/scar/scaraim"},

		{"predicate": {"custom_model_data":9999}, "model":"item/weapons/reticle_pmii"}
	]
}