{
	"credit": "Made with Blockbench",
	"textures": {
		"0": "block/polished_blackstone",
		"1": "block/black_shulker_box",
		"particle": "block/polished_blackstone"
	},
	"elements": [
		{
			"from": [9.81927, 9.33105, 2.7017],
			"to": [10.05442, 9.44863, 2.97212],
			"rotation": {"angle": 45, "axis": "z", "origin": [9.23141, 7.42639, 5.94668]},
			"faces": {
				"north": {"uv": [0, 0, 16, 7], "texture": "#1"},
				"east": {"uv": [0, 0, 16, 7], "texture": "#1"},
				"south": {"uv": [0, 0, 16, 7], "texture": "#1"},
				"west": {"uv": [0, 0, 16, 7], "texture": "#1"},
				"up": {"uv": [0, 0, 16, 7], "texture": "#1"},
				"down": {"uv": [0, 0, 16, 7], "texture": "#1"}
			}
		},
		{
			"from": [7.14452, 8.19061, 2.7017],
			"to": [7.26209, 8.42575, 2.97212],
			"rotation": {"angle": -45, "axis": "z", "origin": [9.23141, 8.01425, 5.94668]},
			"faces": {
				"north": {"uv": [0, 0, 16, 7], "rotation": 90, "texture": "#1"},
				"east": {"uv": [0, 0, 16, 7], "rotation": 90, "texture": "#1"},
				"south": {"uv": [0, 0, 16, 7], "rotation": 90, "texture": "#1"},
				"west": {"uv": [0, 0, 16, 7], "rotation": 90, "texture": "#1"},
				"up": {"uv": [0, 0, 16, 7], "rotation": 90, "texture": "#1"},
				"down": {"uv": [0, 0, 16, 7], "rotation": 90, "texture": "#1"}
			}
		},
		{
			"from": [8.0557, 9.66025, 2.7017],
			"to": [8.29084, 9.77783, 2.97212],
			"rotation": {"angle": 0, "axis": "y", "origin": [9.23141, 8.01425, 5.94668]},
			"faces": {
				"north": {"uv": [0, 0, 16, 7], "texture": "#1"},
				"east": {"uv": [0, 0, 16, 7], "texture": "#1"},
				"south": {"uv": [0, 0, 16, 7], "texture": "#1"},
				"west": {"uv": [0, 0, 16, 7], "texture": "#1"},
				"up": {"uv": [0, 0, 16, 7], "texture": "#1"},
				"down": {"uv": [0, 0, 16, 7], "texture": "#1"}
			}
		},
		{
			"from": [9.70758, 9.68965, 2.7017],
			"to": [9.82515, 9.92479, 2.97212],
			"rotation": {"angle": 45, "axis": "z", "origin": [9.23141, 8.01425, 5.94668]},
			"faces": {
				"north": {"uv": [0, 0, 16, 7], "rotation": 90, "texture": "#1"},
				"east": {"uv": [0, 0, 16, 7], "rotation": 90, "texture": "#1"},
				"south": {"uv": [0, 0, 16, 7], "rotation": 90, "texture": "#1"},
				"west": {"uv": [0, 0, 16, 7], "rotation": 90, "texture": "#1"},
				"up": {"uv": [0, 0, 16, 7], "rotation": 90, "texture": "#1"},
				"down": {"uv": [0, 0, 16, 7], "rotation": 90, "texture": "#1"}
			}
		},
		{
			"from": [6.90937, 7.83789, 2.7017],
			"to": [7.14452, 7.95546, 2.97212],
			"rotation": {"angle": -45, "axis": "z", "origin": [9.23141, 7.42639, 5.94668]},
			"faces": {
				"north": {"uv": [0, 0, 16, 7], "texture": "#1"},
				"east": {"uv": [0, 0, 16, 7], "texture": "#1"},
				"south": {"uv": [0, 0, 16, 7], "texture": "#1"},
				"west": {"uv": [0, 0, 16, 7], "texture": "#1"},
				"up": {"uv": [0, 0, 16, 7], "texture": "#1"},
				"down": {"uv": [0, 0, 16, 7], "texture": "#1"}
			}
		},
		{
			"from": [8.0557, 9.18997, 2.7017],
			"to": [8.29084, 9.30754, 2.97212],
			"rotation": {"angle": 0, "axis": "y", "origin": [9.23141, 7.42639, 5.94668]},
			"faces": {
				"north": {"uv": [0, 0, 16, 7], "texture": "#1"},
				"east": {"uv": [0, 0, 16, 7], "texture": "#1"},
				"south": {"uv": [0, 0, 16, 7], "texture": "#1"},
				"west": {"uv": [0, 0, 16, 7], "texture": "#1"},
				"up": {"uv": [0, 0, 16, 7], "texture": "#1"},
				"down": {"uv": [0, 0, 16, 7], "texture": "#1"}
			}
		},
		{
			"from": [7.87934, 9.36633, 2.7017],
			"to": [7.99691, 9.60147, 2.97212],
			"rotation": {"angle": 0, "axis": "z", "origin": [9.23141, 7.42639, 5.94668]},
			"faces": {
				"north": {"uv": [0, 0, 16, 7], "rotation": 270, "texture": "#1"},
				"east": {"uv": [0, 0, 16, 7], "rotation": 270, "texture": "#1"},
				"south": {"uv": [0, 0, 16, 7], "rotation": 270, "texture": "#1"},
				"west": {"uv": [0, 0, 16, 7], "rotation": 270, "texture": "#1"},
				"up": {"uv": [0, 0, 16, 7], "rotation": 270, "texture": "#1"},
				"down": {"uv": [0, 0, 16, 7], "rotation": 270, "texture": "#1"}
			}
		},
		{
			"from": [8.34963, 9.36633, 2.7017],
			"to": [8.4672, 9.60147, 2.97212],
			"rotation": {"angle": 0, "axis": "y", "origin": [9.23141, 7.42639, 5.94668]},
			"faces": {
				"north": {"uv": [0, 0, 16, 7], "rotation": 270, "texture": "#1"},
				"east": {"uv": [0, 0, 16, 7], "rotation": 270, "texture": "#1"},
				"south": {"uv": [0, 0, 16, 7], "rotation": 270, "texture": "#1"},
				"west": {"uv": [0, 0, 16, 7], "rotation": 270, "texture": "#1"},
				"up": {"uv": [0, 0, 16, 7], "rotation": 270, "texture": "#1"},
				"down": {"uv": [0, 0, 16, 7], "rotation": 270, "texture": "#1"}
			}
		},
		{
			"from": [7.55868, 8.882, 3],
			"to": [8.65834, 9.02, 5.07],
			"rotation": {"angle": 0, "axis": "z", "origin": [8.5224, 1, 17.48]},
			"faces": {
				"north": {"uv": [0, 0, 16, 6.2], "texture": "#1"},
				"east": {"uv": [0, 0, 16, 6.2], "texture": "#1"},
				"south": {"uv": [0, 0, 16, 6.2], "texture": "#1"},
				"west": {"uv": [0, 0, 16, 6.2], "texture": "#1"},
				"up": {"uv": [0, 0, 16, 6.2], "texture": "#1"},
				"down": {"uv": [0, 0, 16, 6.2], "texture": "#1"}
			}
		},
		{
			"from": [7.5823, 9, 2.96],
			"to": [8.6848, 10.05, 9.96],
			"rotation": {"angle": 0, "axis": "y", "origin": [10.0848, 1, 19.96]},
			"faces": {
				"north": {"uv": [0, 0, 16, 7], "texture": "#1"},
				"east": {"uv": [0, 0, 16, 7], "texture": "#1"},
				"south": {"uv": [0, 0, 16, 7], "texture": "#1"},
				"west": {"uv": [0, 0, 16, 7], "texture": "#1"},
				"up": {"uv": [0, 0, 16, 7], "texture": "#1"},
				"down": {"uv": [0, 0, 16, 7], "texture": "#1"}
			}
		},
		{
			"from": [7.6823, 9, 9.96],
			"to": [8.5348, 10.05, 11.96],
			"rotation": {"angle": 0, "axis": "y", "origin": [10.0848, 1, 19.96]},
			"faces": {
				"north": {"uv": [0, 0, 16, 7], "texture": "#1"},
				"east": {"uv": [0, 0, 16, 7], "texture": "#1"},
				"south": {"uv": [0, 0, 16, 7], "texture": "#1"},
				"west": {"uv": [0, 0, 16, 7], "texture": "#1"},
				"up": {"uv": [0, 0, 16, 7], "texture": "#1"},
				"down": {"uv": [0, 0, 16, 7], "texture": "#1"}
			}
		},
		{
			"from": [7.6323, 9, 9.96],
			"to": [7.7848, 10.05, 10.71],
			"rotation": {"angle": 0, "axis": "y", "origin": [10.0848, 1, 19.96]},
			"faces": {
				"north": {"uv": [0, 0, 16, 7], "texture": "#1"},
				"east": {"uv": [0, 0, 16, 7], "texture": "#1"},
				"south": {"uv": [0, 0, 16, 7], "texture": "#1"},
				"west": {"uv": [0, 0, 16, 7], "texture": "#1"},
				"up": {"uv": [0, 0, 16, 7], "texture": "#1"},
				"down": {"uv": [0, 0, 16, 7], "texture": "#1"}
			}
		},
		{
			"from": [8.5323, 9, 11.71],
			"to": [8.6848, 10.05, 12.01],
			"rotation": {"angle": 0, "axis": "y", "origin": [10.0848, 1, 19.96]},
			"faces": {
				"north": {"uv": [0, 0, 16, 7], "texture": "#1"},
				"east": {"uv": [0, 0, 16, 7], "texture": "#1"},
				"south": {"uv": [0, 0, 16, 7], "texture": "#1"},
				"west": {"uv": [0, 0, 16, 7], "texture": "#1"},
				"up": {"uv": [0, 0, 16, 7], "texture": "#1"},
				"down": {"uv": [0, 0, 16, 7], "texture": "#1"}
			}
		},
		{
			"from": [8.5323, 9, 10.96],
			"to": [8.6848, 10.05, 11.46],
			"rotation": {"angle": 0, "axis": "y", "origin": [10.0848, 1, 19.96]},
			"faces": {
				"north": {"uv": [0, 0, 16, 7], "texture": "#1"},
				"east": {"uv": [0, 0, 16, 7], "texture": "#1"},
				"south": {"uv": [0, 0, 16, 7], "texture": "#1"},
				"west": {"uv": [0, 0, 16, 7], "texture": "#1"},
				"up": {"uv": [0, 0, 16, 7], "texture": "#1"},
				"down": {"uv": [0, 0, 16, 7], "texture": "#1"}
			}
		},
		{
			"from": [8.5323, 9, 9.96],
			"to": [8.6848, 10.05, 10.71],
			"rotation": {"angle": 0, "axis": "y", "origin": [10.0848, 1, 19.96]},
			"faces": {
				"north": {"uv": [0, 0, 16, 7], "texture": "#1"},
				"east": {"uv": [0, 0, 16, 7], "texture": "#1"},
				"south": {"uv": [0, 0, 16, 7], "texture": "#1"},
				"west": {"uv": [0, 0, 16, 7], "texture": "#1"},
				"up": {"uv": [0, 0, 16, 7], "texture": "#1"},
				"down": {"uv": [0, 0, 16, 7], "texture": "#1"}
			}
		},
		{
			"from": [7.6323, 9, 10.96],
			"to": [7.7848, 10.05, 11.46],
			"rotation": {"angle": 0, "axis": "y", "origin": [10.0848, 1, 19.96]},
			"faces": {
				"north": {"uv": [0, 0, 16, 7], "texture": "#1"},
				"east": {"uv": [0, 0, 16, 7], "texture": "#1"},
				"south": {"uv": [0, 0, 16, 7], "texture": "#1"},
				"west": {"uv": [0, 0, 16, 7], "texture": "#1"},
				"up": {"uv": [0, 0, 16, 7], "texture": "#1"},
				"down": {"uv": [0, 0, 16, 7], "texture": "#1"}
			}
		},
		{
			"from": [7.4323, 9, 10.96],
			"to": [7.6323, 9.75, 11.71],
			"rotation": {"angle": 0, "axis": "y", "origin": [10.0848, 1, 19.96]},
			"faces": {
				"north": {"uv": [0, 0, 16, 7], "texture": "#1"},
				"east": {"uv": [0, 0, 16, 7], "texture": "#1"},
				"south": {"uv": [0, 0, 16, 7], "texture": "#1"},
				"west": {"uv": [0, 0, 16, 7], "texture": "#1"},
				"up": {"uv": [0, 0, 16, 7], "texture": "#1"},
				"down": {"uv": [0, 0, 16, 7], "texture": "#1"}
			}
		},
		{
			"from": [7.3323, 12.7, 19.66],
			"to": [7.5323, 13.9, 19.91],
			"rotation": {"angle": -45, "axis": "x", "origin": [10.0848, 1, 19.96]},
			"faces": {
				"north": {"uv": [0, 0, 16, 7], "texture": "#1"},
				"east": {"uv": [0, 0, 16, 7], "texture": "#1"},
				"south": {"uv": [0, 0, 16, 7], "texture": "#1"},
				"west": {"uv": [0, 0, 16, 7], "texture": "#1"},
				"up": {"uv": [0, 0, 16, 7], "texture": "#1"},
				"down": {"uv": [0, 0, 16, 7], "texture": "#1"}
			}
		},
		{
			"from": [7.6323, 9, 11.71],
			"to": [7.7848, 10.05, 12.01],
			"rotation": {"angle": 0, "axis": "y", "origin": [10.0848, 1, 19.96]},
			"faces": {
				"north": {"uv": [0, 0, 16, 7], "texture": "#1"},
				"east": {"uv": [0, 0, 16, 7], "texture": "#1"},
				"south": {"uv": [0, 0, 16, 7], "texture": "#1"},
				"west": {"uv": [0, 0, 16, 7], "texture": "#1"},
				"up": {"uv": [0, 0, 16, 7], "texture": "#1"},
				"down": {"uv": [0, 0, 16, 7], "texture": "#1"}
			}
		},
		{
			"from": [7.60215, 8.1195, 3],
			"to": [8.61487, 8.4645, 5.07],
			"rotation": {"angle": 0, "axis": "y", "origin": [8.5224, 1, 17.48]},
			"faces": {
				"north": {"uv": [0, 0, 16, 6.5], "texture": "#1"},
				"east": {"uv": [0, 0, 16, 6.5], "texture": "#1"},
				"south": {"uv": [0, 0, 16, 6.5], "texture": "#1"},
				"west": {"uv": [0, 0, 16, 6.5], "texture": "#1"},
				"up": {"uv": [0, 0, 16, 6.5], "texture": "#1"},
				"down": {"uv": [0, 0, 16, 6.5], "texture": "#1"}
			}
		},
		{
			"from": [7.60215, 8.537, 3],
			"to": [8.61487, 8.882, 5.07],
			"rotation": {"angle": 0, "axis": "y", "origin": [8.5224, 1, 17.48]},
			"faces": {
				"north": {"uv": [0, 0, 16, 6.5], "texture": "#1"},
				"east": {"uv": [0, 0, 16, 6.5], "texture": "#1"},
				"south": {"uv": [0, 0, 16, 6.5], "texture": "#1"},
				"west": {"uv": [0, 0, 16, 6.5], "texture": "#1"},
				"up": {"uv": [0, 0, 16, 6.5], "texture": "#1"},
				"down": {"uv": [0, 0, 16, 6.5], "texture": "#1"}
			}
		},
		{
			"from": [7.55868, 8.4645, 3],
			"to": [8.65834, 8.6025, 5.07],
			"rotation": {"angle": 0, "axis": "y", "origin": [8.5224, 1, 17.48]},
			"faces": {
				"north": {"uv": [0, 0, 16, 6.2], "texture": "#1"},
				"east": {"uv": [0, 0, 16, 6.2], "texture": "#1"},
				"south": {"uv": [0, 0, 16, 6.2], "texture": "#1"},
				"west": {"uv": [0, 0, 16, 6.2], "texture": "#1"},
				"up": {"uv": [0, 0, 16, 6.2], "texture": "#1"},
				"down": {"uv": [0, 0, 16, 6.2], "texture": "#1"}
			}
		},
		{
			"from": [7.96, 10.085, 3.36],
			"to": [8.21, 10.435, 3.96],
			"rotation": {"angle": 0, "axis": "y", "origin": [8.96, 1, 19.96]},
			"faces": {
				"north": {"uv": [0, 0, 16, 6.5], "texture": "#1"},
				"east": {"uv": [0, 0, 16, 6.5], "texture": "#1"},
				"south": {"uv": [0, 0, 16, 6.5], "texture": "#1"},
				"west": {"uv": [0, 0, 16, 6.5], "texture": "#1"},
				"up": {"uv": [0, 0, 16, 6.5], "texture": "#1"},
				"down": {"uv": [0, 0, 16, 6.5], "texture": "#1"}
			}
		},
		{
			"from": [7.96, 10.085, 11.11],
			"to": [8.21, 10.435, 11.71],
			"rotation": {"angle": 0, "axis": "y", "origin": [8.96, 1, 19.96]},
			"faces": {
				"north": {"uv": [0, 0, 16, 6.5], "texture": "#1"},
				"east": {"uv": [0, 0, 16, 6.5], "texture": "#1"},
				"south": {"uv": [0, 0, 16, 6.5], "texture": "#1"},
				"west": {"uv": [0, 0, 16, 6.5], "texture": "#1"},
				"up": {"uv": [0, 0, 16, 6.5], "texture": "#1"},
				"down": {"uv": [0, 0, 16, 6.5], "texture": "#1"}
			}
		},
		{
			"from": [7.5823, 8.13, 5.06],
			"to": [8.6848, 8.98, 12.06],
			"rotation": {"angle": 0, "axis": "y", "origin": [10.0848, 1, 19.96]},
			"faces": {
				"north": {"uv": [0, 0, 16, 7], "texture": "#1"},
				"east": {"uv": [0, 0, 16, 7], "texture": "#1"},
				"south": {"uv": [0, 0, 16, 7], "texture": "#1"},
				"west": {"uv": [0, 0, 16, 7], "texture": "#1"},
				"up": {"uv": [0, 0, 16, 7], "texture": "#1"},
				"down": {"uv": [0, 0, 16, 7], "texture": "#1"}
			}
		},
		{
			"from": [7.3823, 7.33, 9.51],
			"to": [8.4848, 8.18, 12.11],
			"rotation": {"angle": 0, "axis": "y", "origin": [10.0848, 1, 19.96]},
			"faces": {
				"north": {"uv": [0, 0, 16, 7], "texture": "#1"},
				"east": {"uv": [0, 0, 16, 7], "texture": "#1"},
				"south": {"uv": [0, 0, 16, 7], "texture": "#1"},
				"west": {"uv": [0, 0, 16, 7], "texture": "#1"},
				"up": {"uv": [0, 0, 16, 7], "texture": "#1"},
				"down": {"uv": [0, 0, 16, 7], "texture": "#1"}
			}
		},
		{
			"from": [7.6823, 6.7698, 10.06],
			"to": [8.5848, 7.4583, 11.56],
			"rotation": {"angle": 0, "axis": "y", "origin": [10.0848, 1, 19.96]},
			"faces": {
				"north": {"uv": [0, 0, 16, 16], "texture": "#0"},
				"east": {"uv": [0, 0, 16, 16], "texture": "#0"},
				"south": {"uv": [0, 0, 16, 16], "texture": "#0"},
				"west": {"uv": [0, 0, 16, 16], "texture": "#0"},
				"up": {"uv": [0, 0, 16, 16], "texture": "#0"},
				"down": {"uv": [0, 0, 16, 16], "texture": "#0"}
			}
		},
		{
			"from": [7.6823, 6.1623, 10.11],
			"to": [8.5848, 6.8508, 11.61],
			"rotation": {"angle": 0, "axis": "y", "origin": [10.0848, 1, 19.96]},
			"faces": {
				"north": {"uv": [0, 0, 10, 10.5], "texture": "#0"},
				"east": {"uv": [0, 0, 10, 10.5], "texture": "#0"},
				"south": {"uv": [0, 0, 10, 10.5], "texture": "#0"},
				"west": {"uv": [0, 0, 10, 10.5], "texture": "#0"},
				"up": {"uv": [0, 0, 10, 10.5], "texture": "#0"},
				"down": {"uv": [0, 0, 10, 10.5], "texture": "#0"}
			}
		},
		{
			"from": [7.6823, 5.5548, 10.16],
			"to": [8.5848, 6.2433, 11.66],
			"rotation": {"angle": 0, "axis": "y", "origin": [10.0848, 1, 19.96]},
			"faces": {
				"north": {"uv": [0, 0, 10, 10.5], "texture": "#0"},
				"east": {"uv": [0, 0, 10, 10.5], "texture": "#0"},
				"south": {"uv": [0, 0, 10, 10.5], "texture": "#0"},
				"west": {"uv": [0, 0, 10, 10.5], "texture": "#0"},
				"up": {"uv": [0, 0, 10, 10.5], "texture": "#0"},
				"down": {"uv": [0, 0, 10, 10.5], "texture": "#0"}
			}
		},
		{
			"from": [7.6823, 4.3398, 10.51],
			"to": [8.5848, 5.0283, 12.01],
			"rotation": {"angle": 0, "axis": "y", "origin": [10.0848, 1, 19.96]},
			"faces": {
				"north": {"uv": [0, 0, 10, 10.5], "texture": "#0"},
				"east": {"uv": [0, 0, 10, 10.5], "texture": "#0"},
				"south": {"uv": [0, 0, 10, 10.5], "texture": "#0"},
				"west": {"uv": [0, 0, 10, 10.5], "texture": "#0"},
				"up": {"uv": [0, 0, 10, 10.5], "texture": "#0"},
				"down": {"uv": [0, 0, 10, 10.5], "texture": "#0"}
			}
		},
		{
			"from": [7.6823, 6.7698, 11.56],
			"to": [8.5848, 7.4583, 11.81],
			"rotation": {"angle": 0, "axis": "y", "origin": [10.0848, 1, 19.96]},
			"faces": {
				"north": {"uv": [0, 0, 16, 16], "texture": "#1"},
				"east": {"uv": [0, 0, 10, 10.5], "texture": "#1"},
				"south": {"uv": [0, 0, 16, 16], "texture": "#1"},
				"west": {"uv": [0, 0, 16, 16], "texture": "#1"},
				"up": {"uv": [0, 0, 16, 16], "texture": "#1"},
				"down": {"uv": [0, 0, 16, 16], "texture": "#1"}
			}
		},
		{
			"from": [7.6823, 6.1623, 11.61],
			"to": [8.5848, 6.8508, 11.86],
			"rotation": {"angle": 0, "axis": "y", "origin": [10.0848, 1, 19.96]},
			"faces": {
				"north": {"uv": [0, 0, 10, 10.5], "texture": "#1"},
				"east": {"uv": [0, 0, 10, 10.5], "texture": "#1"},
				"south": {"uv": [0, 0, 10, 10.5], "texture": "#1"},
				"west": {"uv": [0, 0, 10, 10.5], "texture": "#1"},
				"up": {"uv": [0, 0, 10, 10.5], "texture": "#1"},
				"down": {"uv": [0, 0, 10, 10.5], "texture": "#1"}
			}
		},
		{
			"from": [7.6823, 5.5548, 11.66],
			"to": [8.5848, 6.2433, 11.91],
			"rotation": {"angle": 0, "axis": "y", "origin": [10.0848, 1, 19.96]},
			"faces": {
				"north": {"uv": [0, 0, 10, 10.5], "texture": "#1"},
				"east": {"uv": [0, 0, 10, 10.5], "texture": "#1"},
				"south": {"uv": [0, 0, 10, 10.5], "texture": "#1"},
				"west": {"uv": [0, 0, 10, 10.5], "texture": "#1"},
				"up": {"uv": [0, 0, 10, 10.5], "texture": "#1"},
				"down": {"uv": [0, 0, 10, 10.5], "texture": "#1"}
			}
		},
		{
			"from": [7.6823, 4.9473, 11.81],
			"to": [8.5848, 5.6358, 12.06],
			"rotation": {"angle": 0, "axis": "y", "origin": [10.0848, 1, 19.96]},
			"faces": {
				"north": {"uv": [0, 0, 10, 10.5], "texture": "#1"},
				"east": {"uv": [0, 0, 10, 10.5], "texture": "#1"},
				"south": {"uv": [0, 0, 10, 10.5], "texture": "#1"},
				"west": {"uv": [0, 0, 10, 10.5], "texture": "#1"},
				"up": {"uv": [0, 0, 10, 10.5], "texture": "#1"},
				"down": {"uv": [0, 0, 10, 10.5], "texture": "#1"}
			}
		},
		{
			"from": [7.6823, 4.3398, 12.01],
			"to": [8.5848, 5.0283, 12.26],
			"rotation": {"angle": 0, "axis": "y", "origin": [10.0848, 1, 19.96]},
			"faces": {
				"north": {"uv": [0, 0, 10, 10.5], "texture": "#1"},
				"east": {"uv": [0, 0, 10, 10.5], "texture": "#1"},
				"south": {"uv": [0, 0, 10, 10.5], "texture": "#1"},
				"west": {"uv": [0, 0, 10, 10.5], "texture": "#1"},
				"up": {"uv": [0, 0, 10, 10.5], "texture": "#1"},
				"down": {"uv": [0, 0, 10, 10.5], "texture": "#1"}
			}
		},
		{
			"from": [7.6823, 6.7698, 9.81],
			"to": [8.5848, 7.4583, 10.06],
			"rotation": {"angle": 0, "axis": "y", "origin": [10.0848, 1, 19.96]},
			"faces": {
				"north": {"uv": [0, 0, 10, 10.5], "texture": "#1"},
				"east": {"uv": [0, 0, 10, 10.5], "texture": "#1"},
				"south": {"uv": [0, 0, 10, 10.5], "texture": "#1"},
				"west": {"uv": [0, 0, 10, 10.5], "texture": "#1"},
				"up": {"uv": [0, 0, 10, 10.5], "texture": "#1"},
				"down": {"uv": [0, 0, 10, 10.5], "texture": "#1"}
			}
		},
		{
			"from": [7.6823, 6.1623, 9.86],
			"to": [8.5848, 6.8508, 10.11],
			"rotation": {"angle": 0, "axis": "y", "origin": [10.0848, 1, 19.96]},
			"faces": {
				"north": {"uv": [0, 0, 10, 10.5], "texture": "#1"},
				"east": {"uv": [0, 0, 10, 10.5], "texture": "#1"},
				"south": {"uv": [0, 0, 10, 10.5], "texture": "#1"},
				"west": {"uv": [0, 0, 10, 10.5], "texture": "#1"},
				"up": {"uv": [0, 0, 10, 10.5], "texture": "#1"},
				"down": {"uv": [0, 0, 10, 10.5], "texture": "#1"}
			}
		},
		{
			"from": [7.6823, 5.5548, 9.91],
			"to": [8.5848, 6.2433, 10.16],
			"rotation": {"angle": 0, "axis": "y", "origin": [10.0848, 1, 19.96]},
			"faces": {
				"north": {"uv": [0, 0, 10, 10.5], "texture": "#1"},
				"east": {"uv": [0, 0, 10, 10.5], "texture": "#1"},
				"south": {"uv": [0, 0, 10, 10.5], "texture": "#1"},
				"west": {"uv": [0, 0, 10, 10.5], "texture": "#1"},
				"up": {"uv": [0, 0, 10, 10.5], "texture": "#1"},
				"down": {"uv": [0, 0, 10, 10.5], "texture": "#1"}
			}
		},
		{
			"from": [7.6823, 4.9473, 10.06],
			"to": [8.5848, 5.6358, 10.31],
			"rotation": {"angle": 0, "axis": "y", "origin": [10.0848, 1, 19.96]},
			"faces": {
				"north": {"uv": [0, 0, 10, 10.5], "texture": "#1"},
				"east": {"uv": [0, 0, 10, 10.5], "texture": "#1"},
				"south": {"uv": [0, 0, 10, 10.5], "texture": "#1"},
				"west": {"uv": [0, 0, 10, 10.5], "texture": "#1"},
				"up": {"uv": [0, 0, 10, 10.5], "texture": "#1"},
				"down": {"uv": [0, 0, 10, 10.5], "texture": "#1"}
			}
		},
		{
			"from": [7.6823, 4.3398, 10.26],
			"to": [8.5848, 5.0283, 10.51],
			"rotation": {"angle": 0, "axis": "y", "origin": [10.0848, 1, 19.96]},
			"faces": {
				"north": {"uv": [0, 0, 10, 10.5], "texture": "#1"},
				"east": {"uv": [0, 0, 10, 10.5], "texture": "#1"},
				"south": {"uv": [0, 0, 10, 10.5], "texture": "#1"},
				"west": {"uv": [0, 0, 10, 10.5], "texture": "#1"},
				"up": {"uv": [0, 0, 10, 10.5], "texture": "#1"},
				"down": {"uv": [0, 0, 10, 10.5], "texture": "#1"}
			}
		},
		{
			"from": [7.5823, 3.9823, 10.26],
			"to": [8.6848, 4.1708, 12.26],
			"rotation": {"angle": 0, "axis": "y", "origin": [10.0848, 1, 19.96]},
			"faces": {
				"north": {"uv": [15, 0, 16, 15.5], "texture": "#1"},
				"east": {"uv": [15, 0, 16, 15.5], "texture": "#1"},
				"south": {"uv": [15, 0, 16, 15.5], "texture": "#1"},
				"west": {"uv": [15, 0, 16, 15.5], "texture": "#1"},
				"up": {"uv": [15, 0, 16, 15.5], "texture": "#1"},
				"down": {"uv": [15, 0, 16, 15.5], "texture": "#1"}
			}
		},
		{
			"from": [7.5823, 4.1823, 10.26],
			"to": [8.6848, 4.3708, 12.26],
			"rotation": {"angle": 0, "axis": "y", "origin": [10.0848, 1, 19.96]},
			"faces": {
				"north": {"uv": [0, 0, 7, 1.5], "texture": "#1"},
				"east": {"uv": [0, 0, 7, 1.5], "texture": "#1"},
				"south": {"uv": [0, 0, 7, 1.5], "texture": "#1"},
				"west": {"uv": [0, 0, 7, 1.5], "texture": "#1"},
				"up": {"uv": [0, 0, 7, 1.5], "texture": "#1"},
				"down": {"uv": [0, 0, 7, 1.5], "texture": "#1"}
			}
		},
		{
			"from": [7.5823, 3.9823, 10.36],
			"to": [8.6848, 3.6708, 12.11],
			"rotation": {"angle": 0, "axis": "y", "origin": [10.0848, 1, 19.96]},
			"faces": {
				"north": {"uv": [15, 0, 16, 15.5], "texture": "#1"},
				"east": {"uv": [15, 0, 16, 15.5], "texture": "#1"},
				"south": {"uv": [15, 0, 16, 15.5], "texture": "#1"},
				"west": {"uv": [15, 0, 16, 15.5], "texture": "#1"},
				"up": {"uv": [15, 0, 16, 15.5], "texture": "#1"},
				"down": {"uv": [15, 0, 16, 15.5], "texture": "#1"}
			}
		},
		{
			"from": [7.5823, 6.7323, 8.11],
			"to": [8.6848, 6.4208, 9.86],
			"rotation": {"angle": 0, "axis": "y", "origin": [10.0848, 1, 19.96]},
			"faces": {
				"north": {"uv": [14, 0, 16, 4.5], "texture": "#1"},
				"east": {"uv": [14, 0, 16, 4.5], "texture": "#1"},
				"south": {"uv": [14, 0, 16, 4.5], "texture": "#1"},
				"west": {"uv": [14, 0, 16, 4.5], "texture": "#1"},
				"up": {"uv": [14, 0, 16, 4.5], "texture": "#1"},
				"down": {"uv": [14, 0, 16, 4.5], "texture": "#1"}
			}
		},
		{
			"from": [7.5823, 6.7323, 7.36],
			"to": [8.6848, 6.4208, 8.11],
			"rotation": {"angle": 0, "axis": "y", "origin": [10.0848, 1, 19.96]},
			"faces": {
				"north": {"uv": [14, 0, 16, 4.5], "texture": "#1"},
				"east": {"uv": [14, 0, 16, 4.5], "texture": "#1"},
				"south": {"uv": [14, 0, 16, 4.5], "texture": "#1"},
				"west": {"uv": [14, 0, 16, 4.5], "texture": "#1"},
				"up": {"uv": [14, 0, 16, 4.5], "texture": "#1"},
				"down": {"uv": [14, 0, 16, 4.5], "texture": "#1"}
			}
		},
		{
			"from": [7.5823, 10.85, 10.6923],
			"to": [8.6848, 12.6, 10.3808],
			"rotation": {"angle": -22.5, "axis": "x", "origin": [10.0848, 1, 19.96]},
			"faces": {
				"north": {"uv": [14, 0, 16, 4.5], "rotation": 90, "texture": "#1"},
				"east": {"uv": [14, 0, 16, 4.5], "rotation": 90, "texture": "#1"},
				"south": {"uv": [14, 0, 16, 4.5], "rotation": 90, "texture": "#1"},
				"west": {"uv": [14, 0, 16, 4.5], "rotation": 90, "texture": "#1"},
				"up": {"uv": [14, 0, 16, 4.5], "rotation": 90, "texture": "#1"},
				"down": {"uv": [14, 0, 16, 4.5], "rotation": 90, "texture": "#1"}
			}
		},
		{
			"from": [7.5823, 9.319, 10.61384],
			"to": [8.6848, 11.264, 10.44563],
			"rotation": {"angle": -22.5, "axis": "x", "origin": [10.0848, 4.25, 15.6184]},
			"faces": {
				"north": {"uv": [14, 0, 16, 4.5], "rotation": 90, "texture": "#1"},
				"east": {"uv": [14, 0, 16, 4.5], "rotation": 90, "texture": "#1"},
				"south": {"uv": [14, 0, 16, 4.5], "rotation": 90, "texture": "#1"},
				"west": {"uv": [14, 0, 16, 4.5], "rotation": 90, "texture": "#1"},
				"up": {"uv": [14, 0, 16, 4.5], "rotation": 90, "texture": "#1"},
				"down": {"uv": [14, 0, 16, 4.5], "rotation": 90, "texture": "#1"}
			}
		},
		{
			"from": [7.6823, 4.9473, 10.31],
			"to": [8.5848, 5.6358, 11.81],
			"rotation": {"angle": 0, "axis": "y", "origin": [10.0848, 1, 19.96]},
			"faces": {
				"north": {"uv": [0, 0, 10, 10.5], "texture": "#0"},
				"east": {"uv": [0, 0, 10, 10.5], "texture": "#0"},
				"south": {"uv": [0, 0, 10, 10.5], "texture": "#0"},
				"west": {"uv": [0, 0, 10, 10.5], "texture": "#0"},
				"up": {"uv": [0, 0, 10, 10.5], "texture": "#0"},
				"down": {"uv": [0, 0, 10, 10.5], "texture": "#0"}
			}
		}
	],
	"display": {
		"firstperson_righthand": {
			"rotation": [0, 90, 0],
			"translation": [-9.25, 3, 0]
		},
		"firstperson_lefthand": {
			"rotation": [0, 87, 0],
			"translation": [-9, 2.75, 0]
		},
		"gui": {
			"rotation": [22, 139, 0],
			"translation": [0, -0.25, 0],
			"scale": [2, 2, 2]
		},
		"head": {
			"translation": [0, 0.25, -3.75],
			"scale": [4, 2.6, 2.16]
		}
	},
	"groups": [
		{
			"name": "group",
			"origin": [0, 0, 0],
			"color": 0,
			"children": [0, 1, 2, 3, 4, 5, 6, 7]
		},
		{
			"name": "group",
			"origin": [8, 8, 8],
			"color": 0,
			"children": [8, 9, 10, 11, 12, 13, 14, 15, 16, 17, 18, 19, 20, 21, 22, 23]
		},
		{
			"name": "group",
			"origin": [6.0848, 0, 23.96],
			"color": 0,
			"children": [24, 25, 26, 27, 28, 29, 30, 31, 32, 33, 34, 35, 36, 37, 38, 39, 40, 41, 42, 43, 44, 45, 46, 47]
		}
	]
}