{
	"credit": "Made with Blockbench",
	"texture_size": [144, 144],
	"textures": {
		"2": "expansion:vehicles/rocket/rocket_old",
		"particle": "expansion:vehicles/rocket/rocket_old"
	},
	"elements": [
		{
			"name": "octagon",
			"from": [5.51472, 0.5, 2],
			"to": [10.48528, 19.75, 3],
			"rotation": {"angle": 45, "axis": "y", "origin": [8, 15, 8]},
			"faces": {
				"north": {"uv": [0, 0.25, 0.55556, 2.38889], "texture": "#2"},
				"east": {"uv": [8.33333, 10.11111, 8.44444, 13.22222], "texture": "#2"},
				"south": {"uv": [0.66667, 0, 1.22222, 3.11111], "texture": "#2"},
				"west": {"uv": [6.66667, 10.66667, 6.77778, 13.77778], "texture": "#2"},
				"up": {"uv": [13.66667, 13.22222, 13.11111, 13.11111], "texture": "#2"},
				"down": {"uv": [13.77778, 0, 13.22222, 0.11111], "texture": "#2"}
			}
		},
		{
			"name": "octagon",
			"from": [5.51472, 0.5, 2],
			"to": [10.48528, 19.75, 3],
			"rotation": {"angle": 0, "axis": "y", "origin": [0, 7, 0]},
			"faces": {
				"north": {"uv": [1.33333, 0.25, 1.88889, 2.38889], "texture": "#2"},
				"east": {"uv": [6.88889, 10.66667, 7, 13.77778], "texture": "#2"},
				"south": {"uv": [2, 0, 2.55556, 3.11111], "texture": "#2"},
				"west": {"uv": [8.55556, 10.66667, 8.66667, 13.77778], "texture": "#2"},
				"up": {"uv": [13.77778, 0.33333, 13.22222, 0.22222], "texture": "#2"},
				"down": {"uv": [13.77778, 0.44444, 13.22222, 0.55556], "texture": "#2"}
			}
		},
		{
			"name": "octagon",
			"from": [5.51472, 0.5, 13],
			"to": [10.48528, 19.75, 14],
			"rotation": {"angle": 45, "axis": "y", "origin": [8, 15, 8]},
			"faces": {
				"north": {"uv": [2.66667, 0, 3.22222, 3.11111], "texture": "#2"},
				"east": {"uv": [8.77778, 10.66667, 8.88889, 13.77778], "texture": "#2"},
				"south": {"uv": [0, 3.47222, 0.55556, 5.61111], "texture": "#2"},
				"west": {"uv": [9, 10.66667, 9.11111, 13.77778], "texture": "#2"},
				"up": {"uv": [13.77778, 0.77778, 13.22222, 0.66667], "texture": "#2"},
				"down": {"uv": [13.77778, 0.88889, 13.22222, 1], "texture": "#2"}
			}
		},
		{
			"name": "octagon",
			"from": [5.51472, 0.5, 13],
			"to": [10.48528, 19.75, 14],
			"rotation": {"angle": 0, "axis": "y", "origin": [0, 7, 0]},
			"faces": {
				"north": {"uv": [0.66667, 3.22222, 1.22222, 6.33333], "texture": "#2"},
				"east": {"uv": [9.22222, 10.66667, 9.33333, 13.77778], "texture": "#2"},
				"south": {"uv": [1.33333, 3.47222, 1.88889, 5.61111], "texture": "#2"},
				"west": {"uv": [9.44444, 10.66667, 9.55556, 13.77778], "texture": "#2"},
				"up": {"uv": [13.77778, 1.22222, 13.22222, 1.11111], "texture": "#2"},
				"down": {"uv": [13.77778, 4, 13.22222, 4.11111], "texture": "#2"}
			}
		},
		{
			"name": "octagon",
			"from": [3.61091, 0.5, 9.40381],
			"to": [4.61091, 19.75, 14.37437],
			"rotation": {"angle": 45, "axis": "y", "origin": [4.11091, 14.5, 11.88909]},
			"faces": {
				"north": {"uv": [9.66667, 10.66667, 9.77778, 13.77778], "texture": "#2"},
				"east": {"uv": [2, 3.22222, 2.55556, 6.33333], "texture": "#2"},
				"south": {"uv": [9.88889, 10.66667, 10, 13.77778], "texture": "#2"},
				"west": {"uv": [2.66667, 3.47222, 3.22222, 5.61111], "texture": "#2"},
				"up": {"uv": [11.88889, 11, 11.77778, 10.44444], "texture": "#2"},
				"down": {"uv": [12, 0, 11.88889, 0.55556], "texture": "#2"}
			}
		},
		{
			"name": "octagon",
			"from": [2, 0.5, 5.51472],
			"to": [3, 19.75, 10.48528],
			"rotation": {"angle": 0, "axis": "y", "origin": [0, 7, 0]},
			"faces": {
				"north": {"uv": [10.11111, 10.66667, 10.22222, 13.77778], "texture": "#2"},
				"east": {"uv": [3.33333, 0, 3.88889, 3.11111], "texture": "#2"},
				"south": {"uv": [10.33333, 10.66667, 10.44444, 13.77778], "texture": "#2"},
				"west": {"uv": [3.33333, 3.47222, 3.88889, 5.61111], "texture": "#2"},
				"up": {"uv": [12.11111, 11, 12, 10.44444], "texture": "#2"},
				"down": {"uv": [12.22222, 0, 12.11111, 0.55556], "texture": "#2"}
			}
		},
		{
			"name": "octagon",
			"from": [13, 0.5, 5.51472],
			"to": [14, 19.75, 10.48528],
			"rotation": {"angle": 45, "axis": "y", "origin": [8, 15, 8]},
			"faces": {
				"north": {"uv": [10.55556, 10.66667, 10.66667, 13.77778], "texture": "#2"},
				"east": {"uv": [4, 0.25, 4.55556, 2.38889], "texture": "#2"},
				"south": {"uv": [10.77778, 9.33333, 10.88889, 12.44444], "texture": "#2"},
				"west": {"uv": [4, 3.22222, 4.55556, 6.33333], "texture": "#2"},
				"up": {"uv": [13.33333, 4.77778, 13.22222, 4.22222], "texture": "#2"},
				"down": {"uv": [13.33333, 4.88889, 13.22222, 5.44444], "texture": "#2"}
			}
		},
		{
			"name": "octagon",
			"from": [13, 0.5, 5.51472],
			"to": [14, 19.75, 10.48528],
			"rotation": {"angle": 0, "axis": "y", "origin": [0, 7, 0]},
			"faces": {
				"north": {"uv": [10.88889, 0, 11, 3.11111], "texture": "#2"},
				"east": {"uv": [4.66667, 0.25, 5.22222, 2.38889], "texture": "#2"},
				"south": {"uv": [10.88889, 3.22222, 11, 6.33333], "texture": "#2"},
				"west": {"uv": [4.66667, 3.22222, 5.22222, 6.33333], "texture": "#2"},
				"up": {"uv": [13.33333, 6.11111, 13.22222, 5.55556], "texture": "#2"},
				"down": {"uv": [13.44444, 1.33333, 13.33333, 1.88889], "texture": "#2"}
			}
		}
	],
	"gui_light": "front",
	"display": {
		"thirdperson_righthand": {
			"rotation": [0, 0, 90],
			"translation": [-4, 4, 0]
		},
		"thirdperson_lefthand": {
			"rotation": [0, 0, 90],
			"translation": [-4, 4, 0]
		},
		"firstperson_righthand": {
			"rotation": [0, 0, 90],
			"translation": [-7, 0, 0]
		},
		"firstperson_lefthand": {
			"rotation": [0, 0, 90],
			"translation": [-7, 0, 0]
		},
		"ground": {
			"rotation": [0, 0, 90],
			"translation": [0, 3, 0]
		},
		"gui": {
			"rotation": [30, 225, 0],
			"translation": [0, -3, 0],
			"scale": [0.8, 0.8, 0.8]
		},
		"head": {
			"translation": [0, -16.25, 0],
			"scale": [4, 4, 4]
		},
		"fixed": {
			"rotation": [0, 0, 45],
			"translation": [1.5, -2, 0]
		}
	},
	"groups": [
		{
			"name": "octagon",
			"origin": [8, 8, 8],
			"color": 0,
			"nbt": "{}",
			"armAnimationEnabled": false,
			"children": [0, 1, 2, 3, 4, 5, 6, 7]
		}
	]
}