{"textures":{"0":"modelengine:entity/em_ed_heart_texture"},"elements":[{"from":[5.7209654,7.584341,7.417143],"to":[6.9209657,9.870056,8.56],"rotation":{"angle":0.0,"axis":"y","origin":[4.0638227,7.8700557,8.502857]},"faces":{"east":{"uv":[3.0,13.75,3.5,14.75],"rotation":0,"texture":"#0","tintindex":0},"south":{"uv":[3.5,13.75,4.0,14.75],"rotation":0,"texture":"#0","tintindex":0},"north":{"uv":[6.5,10.5,7.0,11.5],"rotation":0,"texture":"#0","tintindex":0},"west":{"uv":[2.0,14.0,2.5,15.0],"rotation":0,"texture":"#0","tintindex":0},"up":{"uv":[7.0,15.0,6.5,14.5],"rotation":0,"texture":"#0","tintindex":0},"down":{"uv":[7.5,14.5,7.0,15.0],"rotation":0,"texture":"#0","tintindex":0}}},{"from":[8.0066805,7.584341,7.417143],"to":[9.20668,9.870056,8.56],"rotation":{"angle":0.0,"axis":"y","origin":[4.0638227,7.8700557,8.502857]},"faces":{"east":{"uv":[14.0,5.0,14.5,6.0],"rotation":0,"texture":"#0","tintindex":0},"south":{"uv":[5.5,14.0,6.0,15.0],"rotation":0,"texture":"#0","tintindex":0},"north":{"uv":[2.5,14.0,3.0,15.0],"rotation":0,"texture":"#0","tintindex":0},"west":{"uv":[6.0,14.0,6.5,15.0],"rotation":0,"texture":"#0","tintindex":0},"up":{"uv":[8.0,15.0,7.5,14.5],"rotation":0,"texture":"#0","tintindex":0},"down":{"uv":[8.5,14.5,8.0,15.0],"rotation":0,"texture":"#0","tintindex":0}}},{"from":[10.292395,7.584341,7.417143],"to":[11.492394,9.870056,8.56],"rotation":{"angle":0.0,"axis":"y","origin":[4.0638227,7.8700557,8.502857]},"faces":{"east":{"uv":[14.0,9.5,14.5,10.5],"rotation":0,"texture":"#0","tintindex":0},"south":{"uv":[13.5,14.0,14.0,15.0],"rotation":0,"texture":"#0","tintindex":0},"north":{"uv":[14.0,8.5,14.5,9.5],"rotation":0,"texture":"#0","tintindex":0},"west":{"uv":[14.0,14.0,14.5,15.0],"rotation":0,"texture":"#0","tintindex":0},"up":{"uv":[9.0,15.0,8.5,14.5],"rotation":0,"texture":"#0","tintindex":0},"down":{"uv":[15.0,8.5,14.5,9.0],"rotation":0,"texture":"#0","tintindex":0}}},{"from":[4.863823,6.098627,7.4742856],"to":[6.0638227,7.241484,8.617143],"rotation":{"angle":22.5,"axis":"z","origin":[5.178108,7.0129128,7.9885716]},"faces":{"east":{"uv":[14.5,9.0,15.0,9.5],"rotation":0,"texture":"#0","tintindex":0},"south":{"uv":[9.5,14.5,10.0,15.0],"rotation":0,"texture":"#0","tintindex":0},"north":{"uv":[9.0,14.5,9.5,15.0],"rotation":0,"texture":"#0","tintindex":0},"west":{"uv":[14.5,9.5,15.0,10.0],"rotation":0,"texture":"#0","tintindex":0},"up":{"uv":[10.5,15.0,10.0,14.5],"rotation":0,"texture":"#0","tintindex":0},"down":{"uv":[15.0,10.0,14.5,10.5],"rotation":0,"texture":"#0","tintindex":0}}},{"from":[5.7209654,6.441484,7.417143],"to":[11.492394,7.584341,8.56],"rotation":{"angle":0.0,"axis":"y","origin":[4.0638227,7.8700557,8.502857]},"faces":{"east":{"uv":[14.5,5.5,15.0,6.0],"rotation":0,"texture":"#0","tintindex":0},"south":{"uv":[4.0,13.0,6.5,13.5],"rotation":0,"texture":"#0","tintindex":0},"north":{"uv":[13.0,3.5,15.5,4.0],"rotation":0,"texture":"#0","tintindex":0},"west":{"uv":[14.5,6.0,15.0,6.5],"rotation":0,"texture":"#0","tintindex":0},"up":{"uv":[15.5,7.0,13.0,6.5],"rotation":0,"texture":"#0","tintindex":0},"down":{"uv":[15.5,7.0,13.0,7.5],"rotation":0,"texture":"#0","tintindex":0}}}],"display":{"head":{"translation":[0.0,-6.4,0.0],"scale":[4.0,4.0,4.0]}}}