{"textures":{"0":"modelengine:entity/em_ed_heart_texture"},"elements":[{"from":[6.0373135,9.050109,-0.746253],"to":[11.751599,14.764395,4.9680333],"rotation":{"angle":-22.5,"axis":"x","origin":[8.894457,13.050109,6.6823187]},"faces":{"east":{"uv":[7.0,9.0,9.5,11.5],"rotation":0,"texture":"#0","tintindex":0},"south":{"uv":[9.5,9.0,12.0,11.5],"rotation":0,"texture":"#0","tintindex":0},"north":{"uv":[8.0,6.5,10.5,9.0],"rotation":0,"texture":"#0","tintindex":0},"west":{"uv":[4.0,10.5,6.5,13.0],"rotation":0,"texture":"#0","tintindex":0},"up":{"uv":[13.0,9.0,10.5,6.5],"rotation":0,"texture":"#0","tintindex":0},"down":{"uv":[13.5,4.0,11.0,6.5],"rotation":0,"texture":"#0","tintindex":0}}},{"from":[4.7801704,9.792966,8.225176],"to":[6.7801704,10.935823,9.368033],"rotation":{"angle":22.5,"axis":"z","origin":[5.7515993,10.650108,8.739462]},"faces":{"east":{"uv":[14.0,6.0,14.5,6.5],"rotation":0,"texture":"#0","tintindex":0},"south":{"uv":[13.5,12.5,14.5,13.0],"rotation":0,"texture":"#0","tintindex":0},"north":{"uv":[5.5,13.5,6.5,14.0],"rotation":0,"texture":"#0","tintindex":0},"west":{"uv":[14.5,0.0,15.0,0.5],"rotation":0,"texture":"#0","tintindex":0},"up":{"uv":[14.5,13.5,13.5,13.0],"rotation":0,"texture":"#0","tintindex":0},"down":{"uv":[14.5,13.5,13.5,14.0],"rotation":0,"texture":"#0","tintindex":0}}},{"from":[4.665885,9.221538,8.282319],"to":[5.808742,10.364394,9.425177],"rotation":{"angle":-22.5,"axis":"z","origin":[4.8373137,10.07868,8.625176]},"faces":{"east":{"uv":[14.5,1.0,15.0,1.5],"rotation":0,"texture":"#0","tintindex":0},"south":{"uv":[14.5,1.5,15.0,2.0],"rotation":0,"texture":"#0","tintindex":0},"north":{"uv":[14.5,0.5,15.0,1.0],"rotation":0,"texture":"#0","tintindex":0},"west":{"uv":[4.0,14.5,4.5,15.0],"rotation":0,"texture":"#0","tintindex":0},"up":{"uv":[15.0,4.5,14.5,4.0],"rotation":0,"texture":"#0","tintindex":0},"down":{"uv":[5.0,14.5,4.5,15.0],"rotation":0,"texture":"#0","tintindex":0}}},{"from":[6.551599,10.07868,8.168034],"to":[12.323029,11.221538,9.31089],"rotation":{"angle":0.0,"axis":"y","origin":[4.894456,12.650109,8.11089]},"faces":{"east":{"uv":[14.5,4.5,15.0,5.0],"rotation":0,"texture":"#0","tintindex":0},"south":{"uv":[13.0,2.0,15.5,2.5],"rotation":0,"texture":"#0","tintindex":0},"north":{"uv":[12.0,10.75,14.5,11.25],"rotation":0,"texture":"#0","tintindex":0},"west":{"uv":[14.5,5.0,15.0,5.5],"rotation":0,"texture":"#0","tintindex":0},"up":{"uv":[15.5,3.0,13.0,2.5],"rotation":0,"texture":"#0","tintindex":0},"down":{"uv":[15.5,3.0,13.0,3.5],"rotation":0,"texture":"#0","tintindex":0}}},{"from":[6.0373135,3.9072514,11.253748],"to":[11.751599,6.7643943,12.396605],"rotation":{"angle":-45.0,"axis":"x","origin":[8.894457,5.621537,6.6823187]},"faces":{"east":{"uv":[5.0,13.5,5.5,14.75],"rotation":0,"texture":"#0","tintindex":0},"south":{"uv":[9.0,11.5,11.5,12.75],"rotation":0,"texture":"#0","tintindex":0},"north":{"uv":[6.5,11.5,9.0,12.75],"rotation":0,"texture":"#0","tintindex":0},"west":{"uv":[13.5,5.0,14.0,6.25],"rotation":0,"texture":"#0","tintindex":0},"up":{"uv":[15.5,8.0,13.0,7.5],"rotation":0,"texture":"#0","tintindex":0},"down":{"uv":[15.5,8.0,13.0,8.5],"rotation":0,"texture":"#0","tintindex":0}}}],"display":{"head":{"translation":[0.0,-6.4,0.0],"scale":[4.0,4.0,4.0]}}}