{
	"credit": "Made with Blockbench",
	"textures": {
		"0": "block/oak_planks",
		"1": "block/anvil",
		"particle": "block/oak_planks"
	},
	"elements": [
		{
			"name": "hexadecagon",
			"from": [7.75, 8.20027, -6],
			"to": [7.85, 8.29973, 0],
			"rotation": {"angle": -45, "axis": "z", "origin": [8, 8.25, 4]},
			"faces": {
				"north": {"uv": [0, 0, 1, 1], "texture": "#1"},
				"east": {"uv": [0, 0, 1, 1], "texture": "#1"},
				"south": {"uv": [0, 0, 1, 1], "texture": "#1"},
				"west": {"uv": [0, 0, 1, 1], "texture": "#1"},
				"up": {"uv": [0, 0, 1, 1], "rotation": 90, "texture": "#1"},
				"down": {"uv": [0, 0, 1, 1], "rotation": 270, "texture": "#1"}
			}
		},
		{
			"name": "hexadecagon",
			"from": [7.75, 8.20027, -6],
			"to": [7.85, 8.29973, 0],
			"rotation": {"angle": -22.5, "axis": "z", "origin": [8, 8.25, 4]},
			"faces": {
				"north": {"uv": [0, 0, 1, 1], "texture": "#1"},
				"east": {"uv": [0, 0, 1, 1], "texture": "#1"},
				"south": {"uv": [0, 0, 1, 1], "texture": "#1"},
				"west": {"uv": [0, 0, 1, 1], "texture": "#1"},
				"up": {"uv": [0, 0, 1, 1], "rotation": 90, "texture": "#1"},
				"down": {"uv": [0, 0, 1, 1], "rotation": 270, "texture": "#1"}
			}
		},
		{
			"name": "hexadecagon",
			"from": [7.75, 8.20027, -6],
			"to": [7.85, 8.29973, 0],
			"rotation": {"angle": 0, "axis": "y", "origin": [8, 8.25, 4]},
			"faces": {
				"north": {"uv": [0, 0, 1, 1], "texture": "#1"},
				"east": {"uv": [0, 0, 1, 1], "texture": "#1"},
				"south": {"uv": [0, 0, 1, 1], "texture": "#1"},
				"west": {"uv": [0, 0, 1, 1], "texture": "#1"},
				"up": {"uv": [0, 0, 1, 1], "rotation": 90, "texture": "#1"},
				"down": {"uv": [0, 0, 1, 1], "rotation": 270, "texture": "#1"}
			}
		},
		{
			"name": "hexadecagon",
			"from": [7.75, 8.20027, -6],
			"to": [7.85, 8.29973, 0],
			"rotation": {"angle": 22.5, "axis": "z", "origin": [8, 8.25, 4]},
			"faces": {
				"north": {"uv": [0, 0, 1, 1], "texture": "#1"},
				"east": {"uv": [0, 0, 1, 1], "texture": "#1"},
				"south": {"uv": [0, 0, 1, 1], "texture": "#1"},
				"west": {"uv": [0, 0, 1, 1], "texture": "#1"},
				"up": {"uv": [0, 0, 1, 1], "rotation": 90, "texture": "#1"},
				"down": {"uv": [0, 0, 1, 1], "rotation": 270, "texture": "#1"}
			}
		},
		{
			"name": "hexadecagon",
			"from": [7.75, 8.20027, -6],
			"to": [7.85, 8.29973, 0],
			"rotation": {"angle": 45, "axis": "z", "origin": [8, 8.25, 4]},
			"faces": {
				"north": {"uv": [0, 0, 1, 1], "texture": "#1"},
				"east": {"uv": [0, 0, 1, 1], "texture": "#1"},
				"south": {"uv": [0, 0, 1, 1], "texture": "#1"},
				"west": {"uv": [0, 0, 1, 1], "texture": "#1"},
				"up": {"uv": [0, 0, 1, 1], "rotation": 90, "texture": "#1"},
				"down": {"uv": [0, 0, 1, 1], "rotation": 270, "texture": "#1"}
			}
		},
		{
			"name": "hexadecagon",
			"from": [7.95027, 8, -6],
			"to": [8.04973, 8.1, 0],
			"rotation": {"angle": -22.5, "axis": "z", "origin": [8, 8.25, 4]},
			"faces": {
				"north": {"uv": [0, 0, 1, 1], "texture": "#1"},
				"east": {"uv": [0, 0, 1, 1], "texture": "#1"},
				"south": {"uv": [0, 0, 1, 1], "texture": "#1"},
				"west": {"uv": [0, 0, 1, 1], "texture": "#1"},
				"up": {"uv": [0, 0, 1, 1], "rotation": 90, "texture": "#1"},
				"down": {"uv": [0, 0, 1, 1], "rotation": 270, "texture": "#1"}
			}
		},
		{
			"name": "hexadecagon",
			"from": [7.95027, 8, -6],
			"to": [8.04973, 8.1, 0],
			"rotation": {"angle": 0, "axis": "y", "origin": [8, 8.25, 4]},
			"faces": {
				"north": {"uv": [0, 0, 1, 1], "texture": "#1"},
				"east": {"uv": [0, 0, 1, 1], "texture": "#1"},
				"south": {"uv": [0, 0, 1, 1], "texture": "#1"},
				"west": {"uv": [0, 0, 1, 1], "texture": "#1"},
				"up": {"uv": [0, 0, 1, 1], "rotation": 90, "texture": "#1"},
				"down": {"uv": [0, 0, 1, 1], "rotation": 270, "texture": "#1"}
			}
		},
		{
			"name": "hexadecagon",
			"from": [7.95027, 8, -6],
			"to": [8.04973, 8.1, 0],
			"rotation": {"angle": 22.5, "axis": "z", "origin": [8, 8.25, 4]},
			"faces": {
				"north": {"uv": [0, 0, 1, 1], "texture": "#1"},
				"east": {"uv": [0, 0, 1, 1], "texture": "#1"},
				"south": {"uv": [0, 0, 1, 1], "texture": "#1"},
				"west": {"uv": [0, 0, 1, 1], "texture": "#1"},
				"up": {"uv": [0, 0, 1, 1], "rotation": 90, "texture": "#1"},
				"down": {"uv": [0, 0, 1, 1], "rotation": 270, "texture": "#1"}
			}
		},
		{
			"name": "hexadecagon",
			"from": [7.95027, 8, -6],
			"to": [8.04973, 8.1, 0],
			"rotation": {"angle": 45, "axis": "z", "origin": [8, 8.25, 4]},
			"faces": {
				"north": {"uv": [0, 0, 1, 1], "texture": "#1"},
				"east": {"uv": [0, 0, 1, 1], "texture": "#1"},
				"south": {"uv": [0, 0, 1, 1], "texture": "#1"},
				"west": {"uv": [0, 0, 1, 1], "texture": "#1"},
				"up": {"uv": [0, 0, 1, 1], "rotation": 90, "texture": "#1"},
				"down": {"uv": [0, 0, 1, 1], "rotation": 270, "texture": "#1"}
			}
		},
		{
			"name": "hexadecagon",
			"from": [8.15, 8.20027, -6],
			"to": [8.25, 8.29973, 0],
			"rotation": {"angle": -22.5, "axis": "z", "origin": [8, 8.25, 4]},
			"faces": {
				"north": {"uv": [0, 0, 1, 1], "rotation": 90, "texture": "#1"},
				"east": {"uv": [0, 0, 1, 1], "rotation": 180, "texture": "#1"},
				"south": {"uv": [0, 0, 1, 1], "rotation": 270, "texture": "#1"},
				"west": {"uv": [0, 0, 1, 1], "texture": "#1"},
				"up": {"uv": [0, 0, 1, 1], "rotation": 270, "texture": "#1"},
				"down": {"uv": [0, 0, 1, 1], "rotation": 270, "texture": "#1"}
			}
		},
		{
			"name": "hexadecagon",
			"from": [8.15, 8.20027, -6],
			"to": [8.25, 8.29973, 0],
			"rotation": {"angle": 0, "axis": "y", "origin": [8, 8.25, 4]},
			"faces": {
				"north": {"uv": [0, 0, 1, 1], "rotation": 90, "texture": "#1"},
				"east": {"uv": [0, 0, 1, 1], "rotation": 180, "texture": "#1"},
				"south": {"uv": [0, 0, 1, 1], "rotation": 270, "texture": "#1"},
				"west": {"uv": [0, 0, 1, 1], "texture": "#1"},
				"up": {"uv": [0, 0, 1, 1], "rotation": 270, "texture": "#1"},
				"down": {"uv": [0, 0, 1, 1], "rotation": 270, "texture": "#1"}
			}
		},
		{
			"name": "hexadecagon",
			"from": [8.15, 8.20027, -6],
			"to": [8.25, 8.29973, 0],
			"rotation": {"angle": 22.5, "axis": "z", "origin": [8, 8.25, 4]},
			"faces": {
				"north": {"uv": [0, 0, 1, 1], "rotation": 90, "texture": "#1"},
				"east": {"uv": [0, 0, 1, 1], "rotation": 180, "texture": "#1"},
				"south": {"uv": [0, 0, 1, 1], "rotation": 270, "texture": "#1"},
				"west": {"uv": [0, 0, 1, 1], "texture": "#1"},
				"up": {"uv": [0, 0, 1, 1], "rotation": 270, "texture": "#1"},
				"down": {"uv": [0, 0, 1, 1], "rotation": 270, "texture": "#1"}
			}
		},
		{
			"name": "hexadecagon",
			"from": [8.15, 8.20027, -6],
			"to": [8.25, 8.29973, 0],
			"rotation": {"angle": 45, "axis": "z", "origin": [8, 8.25, 4]},
			"faces": {
				"north": {"uv": [0, 0, 1, 1], "rotation": 90, "texture": "#1"},
				"east": {"uv": [0, 0, 1, 1], "rotation": 180, "texture": "#1"},
				"south": {"uv": [0, 0, 1, 1], "rotation": 270, "texture": "#1"},
				"west": {"uv": [0, 0, 1, 1], "texture": "#1"},
				"up": {"uv": [0, 0, 1, 1], "rotation": 270, "texture": "#1"},
				"down": {"uv": [0, 0, 1, 1], "rotation": 270, "texture": "#1"}
			}
		},
		{
			"name": "hexadecagon",
			"from": [7.95027, 8.4, -6],
			"to": [8.04973, 8.5, 0],
			"rotation": {"angle": -22.5, "axis": "z", "origin": [8, 8.25, 4]},
			"faces": {
				"north": {"uv": [0, 0, 1, 1], "rotation": 180, "texture": "#1"},
				"east": {"uv": [0, 0, 1, 1], "rotation": 180, "texture": "#1"},
				"south": {"uv": [0, 0, 1, 1], "rotation": 180, "texture": "#1"},
				"west": {"uv": [0, 0, 1, 1], "rotation": 180, "texture": "#1"},
				"up": {"uv": [0, 0, 1, 1], "rotation": 90, "texture": "#1"},
				"down": {"uv": [0, 0, 1, 1], "rotation": 270, "texture": "#1"}
			}
		},
		{
			"name": "hexadecagon",
			"from": [7.95027, 8.4, -6],
			"to": [8.04973, 8.5, 0],
			"rotation": {"angle": 0, "axis": "y", "origin": [8, 8.25, 4]},
			"faces": {
				"north": {"uv": [0, 0, 1, 1], "texture": "#1"},
				"east": {"uv": [0, 0, 1, 1], "texture": "#1"},
				"south": {"uv": [0, 0, 1, 1], "texture": "#1"},
				"west": {"uv": [0, 0, 1, 1], "texture": "#1"},
				"up": {"uv": [0, 0, 1, 1], "rotation": 90, "texture": "#1"},
				"down": {"uv": [0, 0, 1, 1], "rotation": 270, "texture": "#1"}
			}
		},
		{
			"name": "hexadecagon",
			"from": [7.95027, 8.4, -6],
			"to": [8.04973, 8.5, 0],
			"rotation": {"angle": 22.5, "axis": "z", "origin": [8, 8.25, 4]},
			"faces": {
				"north": {"uv": [0, 0, 1, 1], "texture": "#1"},
				"east": {"uv": [0, 0, 1, 1], "texture": "#1"},
				"south": {"uv": [0, 0, 1, 1], "texture": "#1"},
				"west": {"uv": [0, 0, 1, 1], "texture": "#1"},
				"up": {"uv": [0, 0, 1, 1], "rotation": 90, "texture": "#1"},
				"down": {"uv": [0, 0, 1, 1], "rotation": 270, "texture": "#1"}
			}
		},
		{
			"from": [7.6, 8.075, 0],
			"to": [8.4, 8.375, 8],
			"faces": {
				"north": {"uv": [0, 0, 0.8, 0.3], "texture": "#0"},
				"east": {"uv": [0, 0, 8, 0.3], "texture": "#0"},
				"south": {"uv": [0, 0, 0.8, 0.3], "texture": "#0"},
				"west": {"uv": [0, 0, 8, 0.3], "texture": "#0"},
				"up": {"uv": [0, 0, 0.8, 8], "texture": "#0"},
				"down": {"uv": [0, 0, 0.8, 8], "texture": "#0"}
			}
		},
		{
			"from": [8.25, 8.375, 5],
			"to": [8.35, 8.475, 5.9],
			"rotation": {"angle": 0, "axis": "y", "origin": [-0.05, 0.3, 0]},
			"faces": {
				"north": {"uv": [0, 0, 0.8, 0.3], "texture": "#1"},
				"east": {"uv": [0, 0, 8, 0.3], "texture": "#1"},
				"south": {"uv": [0, 0, 0.8, 0.3], "texture": "#1"},
				"west": {"uv": [0, 0, 8, 0.3], "texture": "#1"},
				"up": {"uv": [0, 0, 0.8, 8], "texture": "#1"},
				"down": {"uv": [0, 0, 0.8, 8], "texture": "#1"}
			}
		},
		{
			"from": [8.025, 8.475, 5],
			"to": [8.35, 8.575, 5.6],
			"rotation": {"angle": 0, "axis": "y", "origin": [-0.05, 0.4, 0]},
			"faces": {
				"north": {"uv": [0, 0, 0.8, 0.3], "texture": "#1"},
				"east": {"uv": [0, 0, 8, 0.3], "texture": "#1"},
				"south": {"uv": [0, 0, 0.8, 0.3], "texture": "#1"},
				"west": {"uv": [0, 0, 8, 0.3], "texture": "#1"},
				"up": {"uv": [0, 0, 0.8, 8], "texture": "#1"},
				"down": {"uv": [0, 0, 0.8, 8], "texture": "#1"}
			}
		},
		{
			"from": [8.025, 8.575, 5],
			"to": [8.25, 8.675, 5.6],
			"rotation": {"angle": 0, "axis": "y", "origin": [-0.05, 0.5, 0]},
			"faces": {
				"north": {"uv": [0, 0, 0.8, 0.3], "texture": "#1"},
				"east": {"uv": [0, 0, 8, 0.3], "texture": "#1"},
				"south": {"uv": [0, 0, 0.8, 0.3], "texture": "#1"},
				"west": {"uv": [0, 0, 8, 0.3], "texture": "#1"},
				"up": {"uv": [0, 0, 0.8, 8], "texture": "#1"},
				"down": {"uv": [0, 0, 0.8, 8], "texture": "#1"}
			}
		},
		{
			"from": [8.2, 8.55429, 5],
			"to": [8.3414, 8.65429, 5.6],
			"rotation": {"angle": -45, "axis": "z", "origin": [8.25, 8.60429, 5.35]},
			"faces": {
				"north": {"uv": [0, 0, 0.8, 0.3], "texture": "#1"},
				"east": {"uv": [0, 0, 8, 0.3], "texture": "#1"},
				"south": {"uv": [0, 0, 0.8, 0.3], "texture": "#1"},
				"west": {"uv": [0, 0, 8, 0.3], "texture": "#1"},
				"up": {"uv": [0, 0, 0.8, 8], "texture": "#1"},
				"down": {"uv": [0, 0, 0.8, 8], "texture": "#1"}
			}
		},
		{
			"from": [8.25, 8.375, 5.9],
			"to": [8.525, 8.475, 6],
			"rotation": {"angle": 0, "axis": "y", "origin": [-0.05, 0.3, 0.9]},
			"faces": {
				"north": {"uv": [0, 0, 0.8, 0.3], "texture": "#1"},
				"east": {"uv": [0, 0, 8, 0.3], "texture": "#1"},
				"south": {"uv": [0, 0, 0.8, 0.3], "texture": "#1"},
				"west": {"uv": [0, 0, 8, 0.3], "texture": "#1"},
				"up": {"uv": [0, 0, 0.8, 8], "texture": "#1"},
				"down": {"uv": [0, 0, 0.8, 8], "texture": "#1"}
			}
		},
		{
			"from": [8.29133, 8.375, 5.84358],
			"to": [8.51633, 8.475, 5.94358],
			"rotation": {"angle": -22.5, "axis": "y", "origin": [8.37883, 8.425, 5.89358]},
			"faces": {
				"north": {"uv": [0, 0, 0.8, 0.3], "texture": "#1"},
				"east": {"uv": [0, 0, 8, 0.3], "texture": "#1"},
				"south": {"uv": [0, 0, 0.8, 0.3], "texture": "#1"},
				"west": {"uv": [0, 0, 8, 0.3], "texture": "#1"},
				"up": {"uv": [0, 0, 0.8, 8], "texture": "#1"},
				"down": {"uv": [0, 0, 0.8, 8], "texture": "#1"}
			}
		},
		{
			"from": [7.6, 7.46843, 8.03848],
			"to": [8.4, 8.16843, 8.83848],
			"rotation": {"angle": 22.5, "axis": "x", "origin": [8, 8.36843, 8.53848]},
			"faces": {
				"north": {"uv": [0, 0, 0.8, 0.6], "texture": "#0"},
				"east": {"uv": [0, 0, 1, 0.6], "texture": "#0"},
				"south": {"uv": [0, 0, 0.8, 0.6], "texture": "#0"},
				"west": {"uv": [0, 0, 1, 0.6], "texture": "#0"},
				"up": {"uv": [0, 0, 0.8, 1], "texture": "#0"},
				"down": {"uv": [0, 0, 0.8, 1], "texture": "#0"}
			}
		},
		{
			"from": [7.6, 7.46843, 7.53848],
			"to": [8.4, 7.86843, 8.13848],
			"rotation": {"angle": 22.5, "axis": "x", "origin": [8, 8.36843, 8.53848]},
			"faces": {
				"north": {"uv": [0, 0, 0.8, 0.6], "texture": "#0"},
				"east": {"uv": [0, 0, 1, 0.6], "texture": "#0"},
				"south": {"uv": [0, 0, 0.8, 0.6], "texture": "#0"},
				"west": {"uv": [0, 0, 1, 0.6], "texture": "#0"},
				"up": {"uv": [0, 0, 0.8, 1], "texture": "#0"},
				"down": {"uv": [0, 0, 0.8, 1], "texture": "#0"}
			}
		},
		{
			"from": [7.7, 7.36843, 7.73848],
			"to": [8.3, 7.96843, 8.83848],
			"rotation": {"angle": 22.5, "axis": "x", "origin": [8, 8.36843, 8.53848]},
			"faces": {
				"north": {"uv": [0, 0, 0.8, 0.6], "texture": "#0"},
				"east": {"uv": [0, 0, 1, 0.6], "texture": "#0"},
				"south": {"uv": [0, 0, 0.8, 0.6], "texture": "#0"},
				"west": {"uv": [0, 0, 1, 0.6], "texture": "#0"},
				"up": {"uv": [0, 0, 0.8, 1], "texture": "#0"},
				"down": {"uv": [0, 0, 0.8, 1], "texture": "#0"}
			}
		},
		{
			"from": [7.6, 7.75672, 8.33408],
			"to": [8.4, 8.35672, 9.03408],
			"rotation": {"angle": -45, "axis": "x", "origin": [8, 7.85672, 9.23408]},
			"faces": {
				"north": {"uv": [0, 0, 0.8, 1], "rotation": 180, "texture": "#0"},
				"east": {"uv": [0, 0, 1, 0.6], "rotation": 270, "texture": "#0"},
				"south": {"uv": [0, 0, 0.8, 1], "texture": "#0"},
				"west": {"uv": [0, 0, 1, 0.6], "rotation": 90, "texture": "#0"},
				"up": {"uv": [0, 0, 0.8, 0.6], "rotation": 180, "texture": "#0"},
				"down": {"uv": [0, 0, 0.8, 0.6], "texture": "#0"}
			}
		},
		{
			"from": [7.7, 7.75672, 8.23408],
			"to": [8.3, 8.45672, 8.93408],
			"rotation": {"angle": -45, "axis": "x", "origin": [8, 7.85672, 9.23408]},
			"faces": {
				"north": {"uv": [0, 0, 0.8, 1], "rotation": 180, "texture": "#0"},
				"east": {"uv": [0, 0, 1, 0.6], "rotation": 270, "texture": "#0"},
				"south": {"uv": [0, 0, 0.8, 1], "texture": "#0"},
				"west": {"uv": [0, 0, 1, 0.6], "rotation": 90, "texture": "#0"},
				"up": {"uv": [0, 0, 0.8, 0.6], "rotation": 180, "texture": "#0"},
				"down": {"uv": [0, 0, 0.8, 0.6], "texture": "#0"}
			}
		},
		{
			"from": [7.6, 6.55919, 8.63949],
			"to": [8.4, 7.75919, 9.33949],
			"rotation": {"angle": -22.5, "axis": "x", "origin": [8, 7.25919, 9.53949]},
			"faces": {
				"north": {"uv": [0, 0, 0.8, 1], "rotation": 180, "texture": "#0"},
				"east": {"uv": [0, 0, 1, 0.6], "rotation": 270, "texture": "#0"},
				"south": {"uv": [0, 0, 0.8, 1], "texture": "#0"},
				"west": {"uv": [0, 0, 1, 0.6], "rotation": 90, "texture": "#0"},
				"up": {"uv": [0, 0, 0.8, 0.6], "rotation": 180, "texture": "#0"},
				"down": {"uv": [0, 0, 0.8, 0.6], "texture": "#0"}
			}
		},
		{
			"from": [7.6, 7.1669, 8.83323],
			"to": [8.4, 7.7669, 9.43323],
			"rotation": {"angle": 22.5, "axis": "x", "origin": [8, 7.4169, 8.98323]},
			"faces": {
				"north": {"uv": [0, 0, 0.8, 0.6], "texture": "#0"},
				"east": {"uv": [0, 0, 1, 0.6], "texture": "#0"},
				"south": {"uv": [0, 0, 0.8, 0.6], "texture": "#0"},
				"west": {"uv": [0, 0, 1, 0.6], "texture": "#0"},
				"up": {"uv": [0, 0, 0.8, 1], "texture": "#0"},
				"down": {"uv": [0, 0, 0.8, 1], "texture": "#0"}
			}
		},
		{
			"from": [7.7, 6.65919, 8.53949],
			"to": [8.3, 7.85919, 9.23949],
			"rotation": {"angle": -22.5, "axis": "x", "origin": [8, 7.25919, 9.53949]},
			"faces": {
				"north": {"uv": [0, 0, 0.8, 1], "rotation": 180, "texture": "#0"},
				"east": {"uv": [0, 0, 1, 0.6], "rotation": 270, "texture": "#0"},
				"south": {"uv": [0, 0, 0.8, 1], "texture": "#0"},
				"west": {"uv": [0, 0, 1, 0.6], "rotation": 90, "texture": "#0"},
				"up": {"uv": [0, 0, 0.8, 0.6], "rotation": 180, "texture": "#0"},
				"down": {"uv": [0, 0, 0.8, 0.6], "texture": "#0"}
			}
		},
		{
			"from": [7.6, 7.35919, 9.13949],
			"to": [8.4, 7.65919, 9.73949],
			"rotation": {"angle": -22.5, "axis": "x", "origin": [8, 7.45919, 9.53949]},
			"faces": {
				"north": {"uv": [0, 0, 0.8, 0.6], "rotation": 180, "texture": "#0"},
				"east": {"uv": [0, 0, 1, 0.6], "rotation": 180, "texture": "#0"},
				"south": {"uv": [0, 0, 0.8, 0.6], "rotation": 180, "texture": "#0"},
				"west": {"uv": [0, 0, 1, 0.6], "rotation": 180, "texture": "#0"},
				"up": {"uv": [0, 0, 0.8, 1], "texture": "#0"},
				"down": {"uv": [0, 0, 0.8, 1], "texture": "#0"}
			}
		},
		{
			"from": [7.6, 6.1205, 9.64772],
			"to": [8.4, 7.7205, 10.14772],
			"rotation": {"angle": 0, "axis": "y", "origin": [8, 7.5205, 9.84772]},
			"faces": {
				"north": {"uv": [0, 0, 0.8, 0.6], "rotation": 180, "texture": "#0"},
				"east": {"uv": [0, 0, 1, 0.6], "rotation": 180, "texture": "#0"},
				"south": {"uv": [0, 0, 0.8, 0.6], "rotation": 180, "texture": "#0"},
				"west": {"uv": [0, 0, 1, 0.6], "rotation": 180, "texture": "#0"},
				"up": {"uv": [0, 0, 0.8, 1], "texture": "#0"},
				"down": {"uv": [0, 0, 0.8, 1], "texture": "#0"}
			}
		},
		{
			"from": [7.6, 6.1205, 9.14772],
			"to": [8.4, 7.4205, 10.14772],
			"rotation": {"angle": 0, "axis": "y", "origin": [8, 7.5205, 9.84772]},
			"faces": {
				"north": {"uv": [0, 0, 0.8, 0.6], "rotation": 180, "texture": "#0"},
				"east": {"uv": [0, 0, 1, 0.6], "rotation": 180, "texture": "#0"},
				"south": {"uv": [0, 0, 0.8, 0.6], "rotation": 180, "texture": "#0"},
				"west": {"uv": [0, 0, 1, 0.6], "rotation": 180, "texture": "#0"},
				"up": {"uv": [0, 0, 0.8, 1], "texture": "#0"},
				"down": {"uv": [0, 0, 0.8, 1], "texture": "#0"}
			}
		},
		{
			"from": [7.6, 6.0205, 10.14772],
			"to": [8.4, 7.6205, 11.24772],
			"rotation": {"angle": 0, "axis": "y", "origin": [8, 7.5205, 9.84772]},
			"faces": {
				"north": {"uv": [0, 0, 0.8, 0.6], "rotation": 180, "texture": "#0"},
				"east": {"uv": [0, 0, 1, 0.6], "rotation": 180, "texture": "#0"},
				"south": {"uv": [0, 0, 0.8, 0.6], "rotation": 180, "texture": "#0"},
				"west": {"uv": [0, 0, 1, 0.6], "rotation": 180, "texture": "#0"},
				"up": {"uv": [0, 0, 0.8, 1], "texture": "#0"},
				"down": {"uv": [0, 0, 0.8, 1], "texture": "#0"}
			}
		},
		{
			"from": [7.6, 5.9205, 11.24772],
			"to": [8.4, 7.5205, 12.34772],
			"rotation": {"angle": 0, "axis": "y", "origin": [8, 7.5205, 9.84772]},
			"faces": {
				"north": {"uv": [0, 0, 0.8, 0.6], "rotation": 180, "texture": "#0"},
				"east": {"uv": [0, 0, 1, 0.6], "rotation": 180, "texture": "#0"},
				"south": {"uv": [0, 0, 0.8, 0.6], "rotation": 180, "texture": "#0"},
				"west": {"uv": [0, 0, 1, 0.6], "rotation": 180, "texture": "#0"},
				"up": {"uv": [0, 0, 0.8, 1], "texture": "#0"},
				"down": {"uv": [0, 0, 0.8, 1], "texture": "#0"}
			}
		},
		{
			"from": [7.6, 5.8205, 12.34772],
			"to": [8.4, 7.4205, 13.44772],
			"rotation": {"angle": 0, "axis": "y", "origin": [8, 7.5205, 9.84772]},
			"faces": {
				"north": {"uv": [0, 0, 0.8, 0.6], "rotation": 180, "texture": "#0"},
				"east": {"uv": [0, 0, 1, 0.6], "rotation": 180, "texture": "#0"},
				"south": {"uv": [0, 0, 0.8, 0.6], "rotation": 180, "texture": "#0"},
				"west": {"uv": [0, 0, 1, 0.6], "rotation": 180, "texture": "#0"},
				"up": {"uv": [0, 0, 0.8, 1], "texture": "#0"},
				"down": {"uv": [0, 0, 0.8, 1], "texture": "#0"}
			}
		},
		{
			"from": [7.6, 5.7205, 13.44772],
			"to": [8.4, 7.3205, 14.54772],
			"rotation": {"angle": 0, "axis": "y", "origin": [8, 7.5205, 9.84772]},
			"faces": {
				"north": {"uv": [0, 0, 0.8, 0.6], "rotation": 180, "texture": "#0"},
				"east": {"uv": [0, 0, 1, 0.6], "rotation": 180, "texture": "#0"},
				"south": {"uv": [0, 0, 0.8, 0.6], "rotation": 180, "texture": "#0"},
				"west": {"uv": [0, 0, 1, 0.6], "rotation": 180, "texture": "#0"},
				"up": {"uv": [0, 0, 0.8, 1], "texture": "#0"},
				"down": {"uv": [0, 0, 0.8, 1], "texture": "#0"}
			}
		},
		{
			"from": [7.8, 5.6205, 13.44772],
			"to": [8.2, 7.4205, 14.54772],
			"rotation": {"angle": 0, "axis": "y", "origin": [8, 7.5205, 9.84772]},
			"faces": {
				"north": {"uv": [0, 0, 0.8, 0.6], "rotation": 180, "texture": "#0"},
				"east": {"uv": [0, 0, 1, 0.6], "rotation": 180, "texture": "#0"},
				"south": {"uv": [0, 0, 0.8, 0.6], "rotation": 180, "texture": "#0"},
				"west": {"uv": [0, 0, 1, 0.6], "rotation": 180, "texture": "#0"},
				"up": {"uv": [0, 0, 0.8, 1], "texture": "#0"},
				"down": {"uv": [0, 0, 0.8, 1], "texture": "#0"}
			}
		},
		{
			"from": [7.8, 5.7205, 14.54772],
			"to": [8.2, 7.3205, 14.64772],
			"rotation": {"angle": 0, "axis": "y", "origin": [8, 7.5205, 9.84772]},
			"faces": {
				"north": {"uv": [0, 0, 0.8, 0.6], "rotation": 180, "texture": "#0"},
				"east": {"uv": [0, 0, 1, 0.6], "rotation": 180, "texture": "#0"},
				"south": {"uv": [0, 0, 0.8, 0.6], "rotation": 180, "texture": "#0"},
				"west": {"uv": [0, 0, 1, 0.6], "rotation": 180, "texture": "#0"},
				"up": {"uv": [0, 0, 0.8, 1], "texture": "#0"},
				"down": {"uv": [0, 0, 0.8, 1], "texture": "#0"}
			}
		},
		{
			"from": [7.8, 5.7205, 12.34772],
			"to": [8.2, 7.5205, 13.44772],
			"rotation": {"angle": 0, "axis": "y", "origin": [8, 7.5205, 9.84772]},
			"faces": {
				"north": {"uv": [0, 0, 0.8, 0.6], "rotation": 180, "texture": "#0"},
				"east": {"uv": [0, 0, 1, 0.6], "rotation": 180, "texture": "#0"},
				"south": {"uv": [0, 0, 0.8, 0.6], "rotation": 180, "texture": "#0"},
				"west": {"uv": [0, 0, 1, 0.6], "rotation": 180, "texture": "#0"},
				"up": {"uv": [0, 0, 0.8, 1], "texture": "#0"},
				"down": {"uv": [0, 0, 0.8, 1], "texture": "#0"}
			}
		},
		{
			"from": [7.8, 5.8205, 11.24772],
			"to": [8.2, 7.6205, 12.34772],
			"rotation": {"angle": 0, "axis": "y", "origin": [8, 7.5205, 9.84772]},
			"faces": {
				"north": {"uv": [0, 0, 0.8, 0.6], "rotation": 180, "texture": "#0"},
				"east": {"uv": [0, 0, 1, 0.6], "rotation": 180, "texture": "#0"},
				"south": {"uv": [0, 0, 0.8, 0.6], "rotation": 180, "texture": "#0"},
				"west": {"uv": [0, 0, 1, 0.6], "rotation": 180, "texture": "#0"},
				"up": {"uv": [0, 0, 0.8, 1], "texture": "#0"},
				"down": {"uv": [0, 0, 0.8, 1], "texture": "#0"}
			}
		},
		{
			"from": [7.8, 5.9205, 10.14772],
			"to": [8.2, 7.7205, 11.24772],
			"rotation": {"angle": 0, "axis": "y", "origin": [8, 7.5205, 9.84772]},
			"faces": {
				"north": {"uv": [0, 0, 0.8, 0.6], "rotation": 180, "texture": "#0"},
				"east": {"uv": [0, 0, 1, 0.6], "rotation": 180, "texture": "#0"},
				"south": {"uv": [0, 0, 0.8, 0.6], "rotation": 180, "texture": "#0"},
				"west": {"uv": [0, 0, 1, 0.6], "rotation": 180, "texture": "#0"},
				"up": {"uv": [0, 0, 0.8, 1], "texture": "#0"},
				"down": {"uv": [0, 0, 0.8, 1], "texture": "#0"}
			}
		},
		{
			"from": [7.6, 7.41383, 10.08672],
			"to": [8.4, 7.51383, 10.38672],
			"rotation": {"angle": 22.5, "axis": "x", "origin": [8.2, 7.46383, 10.63672]},
			"faces": {
				"north": {"uv": [0, 0, 0.8, 0.6], "rotation": 180, "texture": "#0"},
				"east": {"uv": [0, 0, 1, 0.6], "rotation": 180, "texture": "#0"},
				"south": {"uv": [0, 0, 0.8, 0.6], "rotation": 180, "texture": "#0"},
				"west": {"uv": [0, 0, 1, 0.6], "rotation": 180, "texture": "#0"},
				"up": {"uv": [0, 0, 0.8, 1], "texture": "#0"},
				"down": {"uv": [0, 0, 0.8, 1], "texture": "#0"}
			}
		},
		{
			"from": [7.8, 7.41383, 11.18672],
			"to": [8.2, 7.51383, 11.48672],
			"rotation": {"angle": 22.5, "axis": "x", "origin": [8.4, 7.46383, 11.73672]},
			"faces": {
				"north": {"uv": [0, 0, 0.8, 0.6], "rotation": 180, "texture": "#0"},
				"east": {"uv": [0, 0, 1, 0.6], "rotation": 180, "texture": "#0"},
				"south": {"uv": [0, 0, 0.8, 0.6], "rotation": 180, "texture": "#0"},
				"west": {"uv": [0, 0, 1, 0.6], "rotation": 180, "texture": "#0"},
				"up": {"uv": [0, 0, 0.8, 1], "texture": "#0"},
				"down": {"uv": [0, 0, 0.8, 1], "texture": "#0"}
			}
		},
		{
			"from": [7.8, 7.31383, 12.28672],
			"to": [8.2, 7.41383, 12.58672],
			"rotation": {"angle": 22.5, "axis": "x", "origin": [8.4, 7.36383, 12.83672]},
			"faces": {
				"north": {"uv": [0, 0, 0.8, 0.6], "rotation": 180, "texture": "#0"},
				"east": {"uv": [0, 0, 1, 0.6], "rotation": 180, "texture": "#0"},
				"south": {"uv": [0, 0, 0.8, 0.6], "rotation": 180, "texture": "#0"},
				"west": {"uv": [0, 0, 1, 0.6], "rotation": 180, "texture": "#0"},
				"up": {"uv": [0, 0, 0.8, 1], "texture": "#0"},
				"down": {"uv": [0, 0, 0.8, 1], "texture": "#0"}
			}
		},
		{
			"from": [7.8, 7.21383, 13.38672],
			"to": [8.2, 7.31383, 13.68672],
			"rotation": {"angle": 22.5, "axis": "x", "origin": [8.4, 7.26383, 13.93672]},
			"faces": {
				"north": {"uv": [0, 0, 0.8, 0.6], "rotation": 180, "texture": "#0"},
				"east": {"uv": [0, 0, 1, 0.6], "rotation": 180, "texture": "#0"},
				"south": {"uv": [0, 0, 0.8, 0.6], "rotation": 180, "texture": "#0"},
				"west": {"uv": [0, 0, 1, 0.6], "rotation": 180, "texture": "#0"},
				"up": {"uv": [0, 0, 0.8, 1], "texture": "#0"},
				"down": {"uv": [0, 0, 0.8, 1], "texture": "#0"}
			}
		},
		{
			"from": [7.6, 7.31383, 11.18672],
			"to": [8.4, 7.41383, 11.48672],
			"rotation": {"angle": 22.5, "axis": "x", "origin": [8.2, 7.36383, 11.73672]},
			"faces": {
				"north": {"uv": [0, 0, 0.8, 0.6], "rotation": 180, "texture": "#0"},
				"east": {"uv": [0, 0, 1, 0.6], "rotation": 180, "texture": "#0"},
				"south": {"uv": [0, 0, 0.8, 0.6], "rotation": 180, "texture": "#0"},
				"west": {"uv": [0, 0, 1, 0.6], "rotation": 180, "texture": "#0"},
				"up": {"uv": [0, 0, 0.8, 1], "texture": "#0"},
				"down": {"uv": [0, 0, 0.8, 1], "texture": "#0"}
			}
		},
		{
			"from": [7.6, 7.21383, 12.28672],
			"to": [8.4, 7.31383, 12.58672],
			"rotation": {"angle": 22.5, "axis": "x", "origin": [8.2, 7.26383, 12.83672]},
			"faces": {
				"north": {"uv": [0, 0, 0.8, 0.6], "rotation": 180, "texture": "#0"},
				"east": {"uv": [0, 0, 1, 0.6], "rotation": 180, "texture": "#0"},
				"south": {"uv": [0, 0, 0.8, 0.6], "rotation": 180, "texture": "#0"},
				"west": {"uv": [0, 0, 1, 0.6], "rotation": 180, "texture": "#0"},
				"up": {"uv": [0, 0, 0.8, 1], "texture": "#0"},
				"down": {"uv": [0, 0, 0.8, 1], "texture": "#0"}
			}
		},
		{
			"from": [7.6, 7.11383, 13.38672],
			"to": [8.4, 7.21383, 13.68672],
			"rotation": {"angle": 22.5, "axis": "x", "origin": [8.2, 7.16383, 13.93672]},
			"faces": {
				"north": {"uv": [0, 0, 0.8, 0.6], "rotation": 180, "texture": "#0"},
				"east": {"uv": [0, 0, 1, 0.6], "rotation": 180, "texture": "#0"},
				"south": {"uv": [0, 0, 0.8, 0.6], "rotation": 180, "texture": "#0"},
				"west": {"uv": [0, 0, 1, 0.6], "rotation": 180, "texture": "#0"},
				"up": {"uv": [0, 0, 0.8, 1], "texture": "#0"},
				"down": {"uv": [0, 0, 0.8, 1], "texture": "#0"}
			}
		},
		{
			"from": [7.6, 5.62102, 13.14783],
			"to": [8.4, 5.72102, 13.44783],
			"rotation": {"angle": 22.5, "axis": "x", "origin": [8.2, 5.67102, 13.69783]},
			"faces": {
				"north": {"uv": [0, 0, 0.8, 0.6], "rotation": 180, "texture": "#0"},
				"east": {"uv": [0, 0, 1, 0.6], "rotation": 180, "texture": "#0"},
				"south": {"uv": [0, 0, 0.8, 0.6], "rotation": 180, "texture": "#0"},
				"west": {"uv": [0, 0, 1, 0.6], "rotation": 180, "texture": "#0"},
				"up": {"uv": [0, 0, 0.8, 1], "texture": "#0"},
				"down": {"uv": [0, 0, 0.8, 1], "texture": "#0"}
			}
		},
		{
			"from": [7.8, 5.52102, 13.14783],
			"to": [8.2, 5.62102, 13.44783],
			"rotation": {"angle": 22.5, "axis": "x", "origin": [8.4, 5.57102, 13.69783]},
			"faces": {
				"north": {"uv": [0, 0, 0.8, 0.6], "rotation": 180, "texture": "#0"},
				"east": {"uv": [0, 0, 1, 0.6], "rotation": 180, "texture": "#0"},
				"south": {"uv": [0, 0, 0.8, 0.6], "rotation": 180, "texture": "#0"},
				"west": {"uv": [0, 0, 1, 0.6], "rotation": 180, "texture": "#0"},
				"up": {"uv": [0, 0, 0.8, 1], "texture": "#0"},
				"down": {"uv": [0, 0, 0.8, 1], "texture": "#0"}
			}
		},
		{
			"from": [7.6, 5.72102, 12.04783],
			"to": [8.4, 5.82102, 12.34783],
			"rotation": {"angle": 22.5, "axis": "x", "origin": [8.2, 5.77102, 12.59783]},
			"faces": {
				"north": {"uv": [0, 0, 0.8, 0.6], "rotation": 180, "texture": "#0"},
				"east": {"uv": [0, 0, 1, 0.6], "rotation": 180, "texture": "#0"},
				"south": {"uv": [0, 0, 0.8, 0.6], "rotation": 180, "texture": "#0"},
				"west": {"uv": [0, 0, 1, 0.6], "rotation": 180, "texture": "#0"},
				"up": {"uv": [0, 0, 0.8, 1], "texture": "#0"},
				"down": {"uv": [0, 0, 0.8, 1], "texture": "#0"}
			}
		},
		{
			"from": [7.8, 5.62102, 12.04783],
			"to": [8.2, 5.72102, 12.34783],
			"rotation": {"angle": 22.5, "axis": "x", "origin": [8.4, 5.67102, 12.59783]},
			"faces": {
				"north": {"uv": [0, 0, 0.8, 0.6], "rotation": 180, "texture": "#0"},
				"east": {"uv": [0, 0, 1, 0.6], "rotation": 180, "texture": "#0"},
				"south": {"uv": [0, 0, 0.8, 0.6], "rotation": 180, "texture": "#0"},
				"west": {"uv": [0, 0, 1, 0.6], "rotation": 180, "texture": "#0"},
				"up": {"uv": [0, 0, 0.8, 1], "texture": "#0"},
				"down": {"uv": [0, 0, 0.8, 1], "texture": "#0"}
			}
		},
		{
			"from": [7.6, 5.82102, 10.94783],
			"to": [8.4, 5.92102, 11.24783],
			"rotation": {"angle": 22.5, "axis": "x", "origin": [8.2, 5.87102, 11.49783]},
			"faces": {
				"north": {"uv": [0, 0, 0.8, 0.6], "rotation": 180, "texture": "#0"},
				"east": {"uv": [0, 0, 1, 0.6], "rotation": 180, "texture": "#0"},
				"south": {"uv": [0, 0, 0.8, 0.6], "rotation": 180, "texture": "#0"},
				"west": {"uv": [0, 0, 1, 0.6], "rotation": 180, "texture": "#0"},
				"up": {"uv": [0, 0, 0.8, 1], "texture": "#0"},
				"down": {"uv": [0, 0, 0.8, 1], "texture": "#0"}
			}
		},
		{
			"from": [7.8, 5.72102, 10.94783],
			"to": [8.2, 5.82102, 11.24783],
			"rotation": {"angle": 22.5, "axis": "x", "origin": [8.4, 5.77102, 11.49783]},
			"faces": {
				"north": {"uv": [0, 0, 0.8, 0.6], "rotation": 180, "texture": "#0"},
				"east": {"uv": [0, 0, 1, 0.6], "rotation": 180, "texture": "#0"},
				"south": {"uv": [0, 0, 0.8, 0.6], "rotation": 180, "texture": "#0"},
				"west": {"uv": [0, 0, 1, 0.6], "rotation": 180, "texture": "#0"},
				"up": {"uv": [0, 0, 0.8, 1], "texture": "#0"},
				"down": {"uv": [0, 0, 0.8, 1], "texture": "#0"}
			}
		},
		{
			"from": [7.8, 5.82102, 9.54783],
			"to": [8.2, 5.92102, 10.14783],
			"rotation": {"angle": 22.5, "axis": "x", "origin": [8.4, 5.87102, 10.39783]},
			"faces": {
				"north": {"uv": [0, 0, 0.8, 0.6], "rotation": 180, "texture": "#0"},
				"east": {"uv": [0, 0, 1, 0.6], "rotation": 180, "texture": "#0"},
				"south": {"uv": [0, 0, 0.8, 0.6], "rotation": 180, "texture": "#0"},
				"west": {"uv": [0, 0, 1, 0.6], "rotation": 180, "texture": "#0"},
				"up": {"uv": [0, 0, 0.8, 1], "texture": "#0"},
				"down": {"uv": [0, 0, 0.8, 1], "texture": "#0"}
			}
		},
		{
			"from": [7.6, 5.92102, 9.84783],
			"to": [8.4, 6.02102, 10.14783],
			"rotation": {"angle": 22.5, "axis": "x", "origin": [8.2, 5.97102, 10.39783]},
			"faces": {
				"north": {"uv": [0, 0, 0.8, 0.6], "rotation": 180, "texture": "#0"},
				"east": {"uv": [0, 0, 1, 0.6], "rotation": 180, "texture": "#0"},
				"south": {"uv": [0, 0, 0.8, 0.6], "rotation": 180, "texture": "#0"},
				"west": {"uv": [0, 0, 1, 0.6], "rotation": 180, "texture": "#0"},
				"up": {"uv": [0, 0, 0.8, 1], "texture": "#0"},
				"down": {"uv": [0, 0, 0.8, 1], "texture": "#0"}
			}
		},
		{
			"from": [7.7, 5.9765, 8.97399],
			"to": [8.3, 6.6765, 9.37399],
			"rotation": {"angle": 22.5, "axis": "x", "origin": [8, 6.8765, 9.67399]},
			"faces": {
				"north": {"uv": [0, 0, 0.8, 1], "rotation": 180, "texture": "#0"},
				"east": {"uv": [0, 0, 1, 0.6], "rotation": 270, "texture": "#0"},
				"south": {"uv": [0, 0, 0.8, 1], "texture": "#0"},
				"west": {"uv": [0, 0, 1, 0.6], "rotation": 90, "texture": "#0"},
				"up": {"uv": [0, 0, 0.8, 0.6], "rotation": 180, "texture": "#0"},
				"down": {"uv": [0, 0, 0.8, 0.6], "texture": "#0"}
			}
		},
		{
			"from": [7.6, 5.9765, 9.07399],
			"to": [8.4, 6.5765, 9.47399],
			"rotation": {"angle": 22.5, "axis": "x", "origin": [8, 6.8765, 9.67399]},
			"faces": {
				"north": {"uv": [0, 0, 0.8, 1], "rotation": 180, "texture": "#0"},
				"east": {"uv": [0, 0, 1, 0.6], "rotation": 270, "texture": "#0"},
				"south": {"uv": [0, 0, 0.8, 1], "texture": "#0"},
				"west": {"uv": [0, 0, 1, 0.6], "rotation": 90, "texture": "#0"},
				"up": {"uv": [0, 0, 0.8, 0.6], "rotation": 180, "texture": "#0"},
				"down": {"uv": [0, 0, 0.8, 0.6], "texture": "#0"}
			}
		},
		{
			"from": [7.625, 8.375, 0.2],
			"to": [8.375, 8.525, 5],
			"faces": {
				"north": {"uv": [0, 0, 0.75, 0.05], "texture": "#1"},
				"east": {"uv": [0, 0, 5, 0.05], "texture": "#1"},
				"south": {"uv": [0, 0, 0.75, 0.05], "texture": "#1"},
				"west": {"uv": [0, 0, 5, 0.05], "texture": "#1"},
				"up": {"uv": [0, 0, 0.75, 5], "texture": "#1"},
				"down": {"uv": [0, 0, 0.75, 5], "texture": "#1"}
			}
		},
		{
			"name": "hexadecagon",
			"from": [7.6, 8.32044, 0],
			"to": [8.4, 8.47956, 5],
			"rotation": {"angle": -45, "axis": "z", "origin": [8, 8.4, 8]},
			"faces": {
				"north": {"uv": [0, 0, 1, 1], "texture": "#0"},
				"east": {"uv": [0, 0, 1, 1], "texture": "#0"},
				"south": {"uv": [0, 0, 1, 1], "texture": "#0"},
				"west": {"uv": [0, 0, 1, 1], "texture": "#0"},
				"up": {"uv": [0, 0, 1, 1], "rotation": 90, "texture": "#0"},
				"down": {"uv": [0, 0, 1, 1], "rotation": 270, "texture": "#0"}
			}
		},
		{
			"name": "hexadecagon",
			"from": [7.6, 8.32044, 0],
			"to": [8.4, 8.47956, 5],
			"rotation": {"angle": -22.5, "axis": "z", "origin": [8, 8.4, 8]},
			"faces": {
				"north": {"uv": [0, 0, 1, 1], "texture": "#0"},
				"east": {"uv": [0, 0, 1, 1], "texture": "#0"},
				"south": {"uv": [0, 0, 1, 1], "texture": "#0"},
				"west": {"uv": [0, 0, 1, 1], "texture": "#0"},
				"up": {"uv": [0, 0, 1, 1], "rotation": 90, "texture": "#0"},
				"down": {"uv": [0, 0, 1, 1], "rotation": 270, "texture": "#0"}
			}
		},
		{
			"name": "hexadecagon",
			"from": [7.6, 8.42044, 0],
			"to": [8.4, 8.47956, 2.7],
			"rotation": {"angle": 0, "axis": "y", "origin": [8, 8.4, 8]},
			"faces": {
				"north": {"uv": [0, 0, 1, 1], "texture": "#0"},
				"east": {"uv": [0, 0, 1, 1], "texture": "#0"},
				"south": {"uv": [0, 0, 1, 1], "texture": "#0"},
				"west": {"uv": [0, 0, 1, 1], "texture": "#0"},
				"up": {"uv": [0, 0, 1, 1], "rotation": 90, "texture": "#0"},
				"down": {"uv": [0, 0, 1, 1], "rotation": 270, "texture": "#0"}
			}
		},
		{
			"name": "hexadecagon",
			"from": [7.6, 8.37044, 0],
			"to": [8.4, 8.42956, 2.7],
			"rotation": {"angle": 0, "axis": "y", "origin": [8, 8.4, 8]},
			"faces": {
				"north": {"uv": [0, 0, 1, 1], "texture": "#0"},
				"east": {"uv": [0, 0, 1, 1], "texture": "#0"},
				"south": {"uv": [0, 0, 1, 1], "texture": "#0"},
				"west": {"uv": [0, 0, 1, 1], "texture": "#0"},
				"up": {"uv": [0, 0, 1, 1], "rotation": 90, "texture": "#0"},
				"down": {"uv": [0, 0, 1, 1], "rotation": 270, "texture": "#0"}
			}
		},
		{
			"name": "hexadecagon",
			"from": [7.6, 8.42044, 2.3],
			"to": [7.625, 8.47956, 5],
			"rotation": {"angle": 0, "axis": "y", "origin": [8, 8.4, 8]},
			"faces": {
				"north": {"uv": [0, 0, 1, 1], "texture": "#0"},
				"east": {"uv": [0, 0, 1, 1], "texture": "#0"},
				"south": {"uv": [0, 0, 1, 1], "texture": "#0"},
				"west": {"uv": [0, 0, 1, 1], "texture": "#0"},
				"up": {"uv": [0, 0, 1, 1], "rotation": 90, "texture": "#0"},
				"down": {"uv": [0, 0, 1, 1], "rotation": 270, "texture": "#0"}
			}
		},
		{
			"name": "hexadecagon",
			"from": [7.6, 8.37044, 2.3],
			"to": [7.625, 8.42956, 5],
			"rotation": {"angle": 0, "axis": "y", "origin": [8, 8.4, 8]},
			"faces": {
				"north": {"uv": [0, 0, 1, 1], "texture": "#0"},
				"east": {"uv": [0, 0, 1, 1], "texture": "#0"},
				"south": {"uv": [0, 0, 1, 1], "texture": "#0"},
				"west": {"uv": [0, 0, 1, 1], "texture": "#0"},
				"up": {"uv": [0, 0, 1, 1], "rotation": 90, "texture": "#0"},
				"down": {"uv": [0, 0, 1, 1], "rotation": 270, "texture": "#0"}
			}
		},
		{
			"name": "hexadecagon",
			"from": [7.725, 8.47044, 0],
			"to": [8.275, 8.60456, 5],
			"rotation": {"angle": 0, "axis": "y", "origin": [8, 8.45, 8]},
			"faces": {
				"north": {"uv": [0, 0, 1, 1], "texture": "#0"},
				"east": {"uv": [0, 0, 1, 1], "texture": "#0"},
				"south": {"uv": [0, 0, 1, 1], "texture": "#0"},
				"west": {"uv": [0, 0, 1, 1], "texture": "#0"},
				"up": {"uv": [0, 0, 1, 1], "rotation": 90, "texture": "#0"},
				"down": {"uv": [0, 0, 1, 1], "rotation": 270, "texture": "#0"}
			}
		},
		{
			"name": "hexadecagon",
			"from": [7.6, 8.32044, 0],
			"to": [8.4, 8.47956, 5],
			"rotation": {"angle": 22.5, "axis": "z", "origin": [8, 8.4, 8]},
			"faces": {
				"north": {"uv": [0, 0, 1, 1], "texture": "#0"},
				"east": {"uv": [0, 0, 1, 1], "texture": "#0"},
				"south": {"uv": [0, 0, 1, 1], "texture": "#0"},
				"west": {"uv": [0, 0, 1, 1], "texture": "#0"},
				"up": {"uv": [0, 0, 1, 1], "rotation": 90, "texture": "#0"},
				"down": {"uv": [0, 0, 1, 1], "rotation": 270, "texture": "#0"}
			}
		},
		{
			"name": "hexadecagon",
			"from": [7.6, 8.32044, 0],
			"to": [8.4, 8.47956, 5],
			"rotation": {"angle": 45, "axis": "z", "origin": [8, 8.4, 8]},
			"faces": {
				"north": {"uv": [0, 0, 1, 1], "texture": "#0"},
				"east": {"uv": [0, 0, 1, 1], "texture": "#0"},
				"south": {"uv": [0, 0, 1, 1], "texture": "#0"},
				"west": {"uv": [0, 0, 1, 1], "texture": "#0"},
				"up": {"uv": [0, 0, 1, 1], "rotation": 90, "texture": "#0"},
				"down": {"uv": [0, 0, 1, 1], "rotation": 270, "texture": "#0"}
			}
		},
		{
			"name": "hexadecagon",
			"from": [7.92044, 7.8, -0.6],
			"to": [8.07956, 8.2, 0.2],
			"rotation": {"angle": -45, "axis": "y", "origin": [8, 8.2, -0.2]},
			"faces": {
				"north": {"uv": [0, 0, 1, 1], "rotation": 90, "texture": "#0"},
				"east": {"uv": [0, 0, 1, 1], "rotation": 270, "texture": "#0"},
				"south": {"uv": [0, 0, 1, 1], "rotation": 270, "texture": "#0"},
				"west": {"uv": [0, 0, 1, 1], "rotation": 270, "texture": "#0"},
				"up": {"uv": [0, 0, 1, 1], "rotation": 270, "texture": "#0"},
				"down": {"uv": [0, 0, 1, 1], "rotation": 270, "texture": "#0"}
			}
		},
		{
			"name": "hexadecagon",
			"from": [7.92044, 7.8, -0.6],
			"to": [8.07956, 8.2, 0.2],
			"rotation": {"angle": -22.5, "axis": "y", "origin": [8, 8.2, -0.2]},
			"faces": {
				"north": {"uv": [0, 0, 1, 1], "rotation": 90, "texture": "#0"},
				"east": {"uv": [0, 0, 1, 1], "rotation": 270, "texture": "#0"},
				"south": {"uv": [0, 0, 1, 1], "rotation": 270, "texture": "#0"},
				"west": {"uv": [0, 0, 1, 1], "rotation": 270, "texture": "#0"},
				"up": {"uv": [0, 0, 1, 1], "rotation": 270, "texture": "#0"},
				"down": {"uv": [0, 0, 1, 1], "rotation": 270, "texture": "#0"}
			}
		},
		{
			"name": "hexadecagon",
			"from": [7.92044, 7.8, -0.6],
			"to": [8.07956, 8.2, 0.2],
			"rotation": {"angle": 0, "axis": "y", "origin": [8, 8.2, -0.2]},
			"faces": {
				"north": {"uv": [0, 0, 1, 1], "rotation": 90, "texture": "#0"},
				"east": {"uv": [0, 0, 1, 1], "rotation": 270, "texture": "#0"},
				"south": {"uv": [0, 0, 1, 1], "rotation": 270, "texture": "#0"},
				"west": {"uv": [0, 0, 1, 1], "rotation": 270, "texture": "#0"},
				"up": {"uv": [0, 0, 1, 1], "rotation": 270, "texture": "#0"},
				"down": {"uv": [0, 0, 1, 1], "rotation": 270, "texture": "#0"}
			}
		},
		{
			"name": "hexadecagon",
			"from": [7.92044, 7.8, -0.6],
			"to": [8.07956, 8.2, 0.2],
			"rotation": {"angle": 22.5, "axis": "y", "origin": [8, 8.2, -0.2]},
			"faces": {
				"north": {"uv": [0, 0, 1, 1], "rotation": 90, "texture": "#0"},
				"east": {"uv": [0, 0, 1, 1], "rotation": 270, "texture": "#0"},
				"south": {"uv": [0, 0, 1, 1], "rotation": 270, "texture": "#0"},
				"west": {"uv": [0, 0, 1, 1], "rotation": 270, "texture": "#0"},
				"up": {"uv": [0, 0, 1, 1], "rotation": 270, "texture": "#0"},
				"down": {"uv": [0, 0, 1, 1], "rotation": 270, "texture": "#0"}
			}
		},
		{
			"name": "hexadecagon",
			"from": [7.92044, 7.8, -0.6],
			"to": [8.07956, 8.2, 0.2],
			"rotation": {"angle": 45, "axis": "y", "origin": [8, 8.2, -0.2]},
			"faces": {
				"north": {"uv": [0, 0, 1, 1], "rotation": 90, "texture": "#0"},
				"east": {"uv": [0, 0, 1, 1], "rotation": 270, "texture": "#0"},
				"south": {"uv": [0, 0, 1, 1], "rotation": 270, "texture": "#0"},
				"west": {"uv": [0, 0, 1, 1], "rotation": 270, "texture": "#0"},
				"up": {"uv": [0, 0, 1, 1], "rotation": 270, "texture": "#0"},
				"down": {"uv": [0, 0, 1, 1], "rotation": 270, "texture": "#0"}
			}
		},
		{
			"name": "hexadecagon",
			"from": [7.6, 7.8, -0.27956],
			"to": [8.4, 8.2, -0.12044],
			"rotation": {"angle": -22.5, "axis": "y", "origin": [8, 8.2, -0.2]},
			"faces": {
				"north": {"uv": [0, 0, 1, 1], "rotation": 90, "texture": "#0"},
				"east": {"uv": [0, 0, 1, 1], "rotation": 270, "texture": "#0"},
				"south": {"uv": [0, 0, 1, 1], "rotation": 270, "texture": "#0"},
				"west": {"uv": [0, 0, 1, 1], "rotation": 270, "texture": "#0"},
				"up": {"uv": [0, 0, 1, 1], "rotation": 270, "texture": "#0"},
				"down": {"uv": [0, 0, 1, 1], "rotation": 270, "texture": "#0"}
			}
		},
		{
			"name": "hexadecagon",
			"from": [7.6, 7.8, -0.27956],
			"to": [8.4, 8.2, 0.07956],
			"rotation": {"angle": 0, "axis": "y", "origin": [8, 8.2, -0.2]},
			"faces": {
				"north": {"uv": [0, 0, 1, 1], "rotation": 90, "texture": "#0"},
				"east": {"uv": [0, 0, 1, 1], "rotation": 270, "texture": "#0"},
				"south": {"uv": [0, 0, 1, 1], "rotation": 270, "texture": "#0"},
				"west": {"uv": [0, 0, 1, 1], "rotation": 270, "texture": "#0"},
				"up": {"uv": [0, 0, 1, 1], "rotation": 270, "texture": "#0"},
				"down": {"uv": [0, 0, 1, 1], "rotation": 270, "texture": "#0"}
			}
		},
		{
			"name": "hexadecagon",
			"from": [7.6, 7.8, -0.27956],
			"to": [8.4, 8.2, -0.12044],
			"rotation": {"angle": 22.5, "axis": "y", "origin": [8, 8.2, -0.2]},
			"faces": {
				"north": {"uv": [0, 0, 1, 1], "rotation": 90, "texture": "#0"},
				"east": {"uv": [0, 0, 1, 1], "rotation": 270, "texture": "#0"},
				"south": {"uv": [0, 0, 1, 1], "rotation": 270, "texture": "#0"},
				"west": {"uv": [0, 0, 1, 1], "rotation": 270, "texture": "#0"},
				"up": {"uv": [0, 0, 1, 1], "rotation": 270, "texture": "#0"},
				"down": {"uv": [0, 0, 1, 1], "rotation": 270, "texture": "#0"}
			}
		},
		{
			"name": "hexadecagon",
			"from": [7.6, 7.92044, 0],
			"to": [8.4, 8.07956, 8],
			"rotation": {"angle": -45, "axis": "z", "origin": [8, 8, 8]},
			"faces": {
				"north": {"uv": [0, 0, 1, 1], "texture": "#0"},
				"east": {"uv": [0, 0, 1, 1], "texture": "#0"},
				"south": {"uv": [0, 0, 1, 1], "texture": "#0"},
				"west": {"uv": [0, 0, 1, 1], "texture": "#0"},
				"up": {"uv": [0, 0, 1, 1], "rotation": 90, "texture": "#0"},
				"down": {"uv": [0, 0, 1, 1], "rotation": 270, "texture": "#0"}
			}
		},
		{
			"name": "hexadecagon",
			"from": [7.6, 7.92044, 0],
			"to": [8.4, 8.07956, 8],
			"rotation": {"angle": -22.5, "axis": "z", "origin": [8, 8, 8]},
			"faces": {
				"north": {"uv": [0, 0, 1, 1], "texture": "#0"},
				"east": {"uv": [0, 0, 1, 1], "texture": "#0"},
				"south": {"uv": [0, 0, 1, 1], "texture": "#0"},
				"west": {"uv": [0, 0, 1, 1], "texture": "#0"},
				"up": {"uv": [0, 0, 1, 1], "rotation": 90, "texture": "#0"},
				"down": {"uv": [0, 0, 1, 1], "rotation": 270, "texture": "#0"}
			}
		},
		{
			"name": "hexadecagon",
			"from": [7.6, 7.92044, 0],
			"to": [8.4, 8.07956, 8],
			"rotation": {"angle": 0, "axis": "y", "origin": [8, 8, 8]},
			"faces": {
				"north": {"uv": [0, 0, 1, 1], "texture": "#0"},
				"east": {"uv": [0, 0, 1, 1], "texture": "#0"},
				"south": {"uv": [0, 0, 1, 1], "texture": "#0"},
				"west": {"uv": [0, 0, 1, 1], "texture": "#0"},
				"up": {"uv": [0, 0, 1, 1], "rotation": 90, "texture": "#0"},
				"down": {"uv": [0, 0, 1, 1], "rotation": 270, "texture": "#0"}
			}
		},
		{
			"name": "hexadecagon",
			"from": [7.6, 7.92044, 0],
			"to": [8.4, 8.07956, 8],
			"rotation": {"angle": 22.5, "axis": "z", "origin": [8, 8, 8]},
			"faces": {
				"north": {"uv": [0, 0, 1, 1], "texture": "#0"},
				"east": {"uv": [0, 0, 1, 1], "texture": "#0"},
				"south": {"uv": [0, 0, 1, 1], "texture": "#0"},
				"west": {"uv": [0, 0, 1, 1], "texture": "#0"},
				"up": {"uv": [0, 0, 1, 1], "rotation": 90, "texture": "#0"},
				"down": {"uv": [0, 0, 1, 1], "rotation": 270, "texture": "#0"}
			}
		},
		{
			"name": "hexadecagon",
			"from": [7.6, 7.92044, 0],
			"to": [8.4, 8.07956, 8],
			"rotation": {"angle": 45, "axis": "z", "origin": [8, 8, 8]},
			"faces": {
				"north": {"uv": [0, 0, 1, 1], "texture": "#0"},
				"east": {"uv": [0, 0, 1, 1], "texture": "#0"},
				"south": {"uv": [0, 0, 1, 1], "texture": "#0"},
				"west": {"uv": [0, 0, 1, 1], "texture": "#0"},
				"up": {"uv": [0, 0, 1, 1], "rotation": 90, "texture": "#0"},
				"down": {"uv": [0, 0, 1, 1], "rotation": 270, "texture": "#0"}
			}
		},
		{
			"from": [7.8, 6, 5.3],
			"to": [8.2, 8.4, 6.5],
			"faces": {
				"north": {"uv": [0, 0, 0.4, 2.4], "texture": "#1"},
				"east": {"uv": [0, 0, 1.5, 2.4], "texture": "#1"},
				"south": {"uv": [0, 0, 0.4, 2.4], "texture": "#1"},
				"west": {"uv": [0, 0, 1.5, 2.4], "texture": "#1"},
				"up": {"uv": [0, 0, 0.4, 1.5], "texture": "#1"},
				"down": {"uv": [0, 0, 0.4, 1.5], "texture": "#1"}
			}
		},
		{
			"from": [7.8, 7.9, 5.3],
			"to": [8.2, 8.4, 6.9],
			"faces": {
				"north": {"uv": [0, 0, 0.4, 2.4], "texture": "#1"},
				"east": {"uv": [0, 0, 1.5, 2.4], "texture": "#1"},
				"south": {"uv": [0, 0, 0.4, 2.4], "texture": "#1"},
				"west": {"uv": [0, 0, 1.5, 2.4], "texture": "#1"},
				"up": {"uv": [0, 0, 0.4, 1.5], "texture": "#1"},
				"down": {"uv": [0, 0, 0.4, 1.5], "texture": "#1"}
			}
		},
		{
			"from": [7.9, 7.3, 6.5],
			"to": [8.1, 7.7, 7.1],
			"faces": {
				"north": {"uv": [0, 0, 0.2, 0.4], "texture": "#1"},
				"east": {"uv": [0, 0, 0.6, 0.4], "texture": "#1"},
				"south": {"uv": [0, 0, 0.2, 0.4], "texture": "#1"},
				"west": {"uv": [0, 0, 0.6, 0.4], "texture": "#1"},
				"up": {"uv": [0, 0, 0.2, 0.6], "texture": "#1"},
				"down": {"uv": [0, 0, 0.2, 0.6], "texture": "#1"}
			}
		},
		{
			"from": [7.875, 7.4, 6.5],
			"to": [8.125, 7.7, 6.6],
			"faces": {
				"north": {"uv": [0, 0, 0.25, 0.3], "texture": "#1"},
				"east": {"uv": [0, 0, 0.1, 0.3], "texture": "#1"},
				"south": {"uv": [0, 0, 0.25, 0.3], "texture": "#1"},
				"west": {"uv": [0, 0, 0.1, 0.3], "texture": "#1"},
				"up": {"uv": [0, 0, 0.25, 0.1], "texture": "#1"},
				"down": {"uv": [0, 0, 0.25, 0.1], "texture": "#1"}
			}
		},
		{
			"from": [7.9, 7.1, 7],
			"to": [8.1, 7.3, 7.1],
			"faces": {
				"north": {"uv": [0, 0, 0.2, 0.2], "texture": "#1"},
				"east": {"uv": [0, 0, 0.1, 0.2], "texture": "#1"},
				"south": {"uv": [0, 0, 0.2, 0.2], "texture": "#1"},
				"west": {"uv": [0, 0, 0.1, 0.2], "texture": "#1"},
				"up": {"uv": [0, 0, 0.2, 0.1], "texture": "#1"},
				"down": {"uv": [0, 0, 0.2, 0.1], "texture": "#1"}
			}
		},
		{
			"from": [7.9, 6.98519, 7.27716],
			"to": [8.1, 7.08519, 7.47716],
			"rotation": {"angle": 0, "axis": "y", "origin": [0, 0.18519, 0.27716]},
			"faces": {
				"north": {"uv": [0, 0, 0.2, 0.1], "texture": "#1"},
				"east": {"uv": [0, 0, 0.2, 0.1], "texture": "#1"},
				"south": {"uv": [0, 0, 0.2, 0.1], "texture": "#1"},
				"west": {"uv": [0, 0, 0.2, 0.1], "texture": "#1"},
				"up": {"uv": [0, 0, 0.2, 0.2], "texture": "#1"},
				"down": {"uv": [0, 0, 0.2, 0.2], "texture": "#1"}
			}
		},
		{
			"from": [7.9, 6.98519, 7.42284],
			"to": [8.1, 7.08519, 7.62284],
			"rotation": {"angle": 0, "axis": "y", "origin": [0, 0.18519, 0.27284]},
			"faces": {
				"north": {"uv": [0, 0, 0.2, 0.1], "texture": "#1"},
				"east": {"uv": [0, 0, 0.2, 0.1], "texture": "#1"},
				"south": {"uv": [0, 0, 0.2, 0.1], "texture": "#1"},
				"west": {"uv": [0, 0, 0.2, 0.1], "texture": "#1"},
				"up": {"uv": [0, 0, 0.2, 0.2], "texture": "#1"},
				"down": {"uv": [0, 0, 0.2, 0.2], "texture": "#1"}
			}
		},
		{
			"from": [7.9, 7.1, 7.8],
			"to": [8.1, 7.7, 7.9],
			"faces": {
				"north": {"uv": [0, 0, 0.2, 0.6], "texture": "#1"},
				"east": {"uv": [0, 0, 0.1, 0.6], "texture": "#1"},
				"south": {"uv": [0, 0, 0.2, 0.6], "texture": "#1"},
				"west": {"uv": [0, 0, 0.1, 0.6], "texture": "#1"},
				"up": {"uv": [0, 0, 0.2, 0.1], "texture": "#1"},
				"down": {"uv": [0, 0, 0.2, 0.1], "texture": "#1"}
			}
		},
		{
			"from": [7.95, 7.2, 7.4],
			"to": [8.05, 7.7, 7.5],
			"rotation": {"angle": 0, "axis": "y", "origin": [0, 0, -0.4]},
			"faces": {
				"north": {"uv": [0, 0, 0.2, 0.6], "texture": "#1"},
				"east": {"uv": [0, 0, 0.1, 0.6], "texture": "#1"},
				"south": {"uv": [0, 0, 0.2, 0.6], "texture": "#1"},
				"west": {"uv": [0, 0, 0.1, 0.6], "texture": "#1"},
				"up": {"uv": [0, 0, 0.2, 0.1], "texture": "#1"},
				"down": {"uv": [0, 0, 0.2, 0.1], "texture": "#1"}
			}
		},
		{
			"from": [7.9, 6.98139, 7.6037],
			"to": [8.1, 7.08139, 7.9037],
			"rotation": {"angle": -22.5, "axis": "x", "origin": [8, 7.03139, 7.6037]},
			"faces": {
				"north": {"uv": [0, 0, 0.2, 0.1], "rotation": 180, "texture": "#1"},
				"east": {"uv": [0, 0, 0.1, 0.3], "rotation": 270, "texture": "#1"},
				"south": {"uv": [0, 0, 0.2, 0.1], "texture": "#1"},
				"west": {"uv": [0, 0, 0.1, 0.3], "rotation": 90, "texture": "#1"},
				"up": {"uv": [0, 0, 0.2, 0.3], "rotation": 180, "texture": "#1"},
				"down": {"uv": [0, 0, 0.2, 0.3], "texture": "#1"}
			}
		},
		{
			"from": [7.9, 7.09619, 7.01913],
			"to": [8.1, 7.19619, 7.31913],
			"rotation": {"angle": 22.5, "axis": "x", "origin": [8, 7.14619, 7.01913]},
			"faces": {
				"north": {"uv": [0, 0, 0.2, 0.1], "rotation": 180, "texture": "#1"},
				"east": {"uv": [0, 0, 0.1, 0.3], "rotation": 270, "texture": "#1"},
				"south": {"uv": [0, 0, 0.2, 0.1], "texture": "#1"},
				"west": {"uv": [0, 0, 0.1, 0.3], "rotation": 90, "texture": "#1"},
				"up": {"uv": [0, 0, 0.2, 0.3], "rotation": 180, "texture": "#1"},
				"down": {"uv": [0, 0, 0.2, 0.3], "texture": "#1"}
			}
		},
		{
			"name": "hexadecagon",
			"from": [7.7, 8.24033, 5],
			"to": [8.3, 8.35967, 5.1],
			"rotation": {"angle": -45, "axis": "z", "origin": [8, 8.3, 8]},
			"faces": {
				"north": {"uv": [0, 0, 1, 1], "texture": "#1"},
				"east": {"uv": [0, 0, 1, 1], "texture": "#1"},
				"south": {"uv": [0, 0, 1, 1], "texture": "#1"},
				"west": {"uv": [0, 0, 1, 1], "texture": "#1"},
				"up": {"uv": [0, 0, 1, 1], "rotation": 90, "texture": "#1"},
				"down": {"uv": [0, 0, 1, 1], "rotation": 270, "texture": "#1"}
			}
		},
		{
			"name": "hexadecagon",
			"from": [7.7, 8.24033, 5],
			"to": [8.3, 8.35967, 5.1],
			"rotation": {"angle": -22.5, "axis": "z", "origin": [8, 8.3, 8]},
			"faces": {
				"north": {"uv": [0, 0, 1, 1], "texture": "#1"},
				"east": {"uv": [0, 0, 1, 1], "texture": "#1"},
				"south": {"uv": [0, 0, 1, 1], "texture": "#1"},
				"west": {"uv": [0, 0, 1, 1], "texture": "#1"},
				"up": {"uv": [0, 0, 1, 1], "rotation": 90, "texture": "#1"},
				"down": {"uv": [0, 0, 1, 1], "rotation": 270, "texture": "#1"}
			}
		},
		{
			"name": "hexadecagon",
			"from": [7.7, 8.24033, 5],
			"to": [8.3, 8.35967, 5.1],
			"rotation": {"angle": 0, "axis": "y", "origin": [8, 8.3, 8]},
			"faces": {
				"north": {"uv": [0, 0, 1, 1], "texture": "#1"},
				"east": {"uv": [0, 0, 1, 1], "texture": "#1"},
				"south": {"uv": [0, 0, 1, 1], "texture": "#1"},
				"west": {"uv": [0, 0, 1, 1], "texture": "#1"},
				"up": {"uv": [0, 0, 1, 1], "rotation": 90, "texture": "#1"},
				"down": {"uv": [0, 0, 1, 1], "rotation": 270, "texture": "#1"}
			}
		},
		{
			"name": "hexadecagon",
			"from": [7.7, 8.24033, 5],
			"to": [8.3, 8.35967, 5.1],
			"rotation": {"angle": 22.5, "axis": "z", "origin": [8, 8.3, 8]},
			"faces": {
				"north": {"uv": [0, 0, 1, 1], "texture": "#1"},
				"east": {"uv": [0, 0, 1, 1], "texture": "#1"},
				"south": {"uv": [0, 0, 1, 1], "texture": "#1"},
				"west": {"uv": [0, 0, 1, 1], "texture": "#1"},
				"up": {"uv": [0, 0, 1, 1], "rotation": 90, "texture": "#1"},
				"down": {"uv": [0, 0, 1, 1], "rotation": 270, "texture": "#1"}
			}
		},
		{
			"name": "hexadecagon",
			"from": [7.7, 8.24033, 5],
			"to": [8.3, 8.35967, 5.1],
			"rotation": {"angle": 45, "axis": "z", "origin": [8, 8.3, 8]},
			"faces": {
				"north": {"uv": [0, 0, 1, 1], "texture": "#1"},
				"east": {"uv": [0, 0, 1, 1], "texture": "#1"},
				"south": {"uv": [0, 0, 1, 1], "texture": "#1"},
				"west": {"uv": [0, 0, 1, 1], "texture": "#1"},
				"up": {"uv": [0, 0, 1, 1], "rotation": 90, "texture": "#1"},
				"down": {"uv": [0, 0, 1, 1], "rotation": 270, "texture": "#1"}
			}
		},
		{
			"name": "hexadecagon",
			"from": [7.94033, 8, 5],
			"to": [8.05967, 8.6, 5.1],
			"rotation": {"angle": -22.5, "axis": "z", "origin": [8, 8.3, 8]},
			"faces": {
				"north": {"uv": [0, 0, 1, 1], "texture": "#1"},
				"east": {"uv": [0, 0, 1, 1], "texture": "#1"},
				"south": {"uv": [0, 0, 1, 1], "texture": "#1"},
				"west": {"uv": [0, 0, 1, 1], "texture": "#1"},
				"up": {"uv": [0, 0, 1, 1], "rotation": 90, "texture": "#1"},
				"down": {"uv": [0, 0, 1, 1], "rotation": 270, "texture": "#1"}
			}
		},
		{
			"name": "hexadecagon",
			"from": [7.94033, 8, 5],
			"to": [8.05967, 8.6, 5.1],
			"rotation": {"angle": 0, "axis": "y", "origin": [8, 8.3, 8]},
			"faces": {
				"north": {"uv": [0, 0, 1, 1], "texture": "#1"},
				"east": {"uv": [0, 0, 1, 1], "texture": "#1"},
				"south": {"uv": [0, 0, 1, 1], "texture": "#1"},
				"west": {"uv": [0, 0, 1, 1], "texture": "#1"},
				"up": {"uv": [0, 0, 1, 1], "rotation": 90, "texture": "#1"},
				"down": {"uv": [0, 0, 1, 1], "rotation": 270, "texture": "#1"}
			}
		},
		{
			"name": "hexadecagon",
			"from": [7.94033, 8, 5],
			"to": [8.05967, 8.6, 5.1],
			"rotation": {"angle": 22.5, "axis": "z", "origin": [8, 8.3, 8]},
			"faces": {
				"north": {"uv": [0, 0, 1, 1], "texture": "#1"},
				"east": {"uv": [0, 0, 1, 1], "texture": "#1"},
				"south": {"uv": [0, 0, 1, 1], "texture": "#1"},
				"west": {"uv": [0, 0, 1, 1], "texture": "#1"},
				"up": {"uv": [0, 0, 1, 1], "rotation": 90, "texture": "#1"},
				"down": {"uv": [0, 0, 1, 1], "rotation": 270, "texture": "#1"}
			}
		},
		{
			"name": "hexadecagon",
			"from": [7.725, 8.2453, 5.1],
			"to": [8.275, 8.3547, 5.2],
			"rotation": {"angle": -45, "axis": "z", "origin": [8, 8.3, 8]},
			"faces": {
				"north": {"uv": [0, 0, 1, 1], "texture": "#1"},
				"east": {"uv": [0, 0, 1, 1], "texture": "#1"},
				"south": {"uv": [0, 0, 1, 1], "texture": "#1"},
				"west": {"uv": [0, 0, 1, 1], "texture": "#1"},
				"up": {"uv": [0, 0, 1, 1], "rotation": 90, "texture": "#1"},
				"down": {"uv": [0, 0, 1, 1], "rotation": 270, "texture": "#1"}
			}
		},
		{
			"name": "hexadecagon",
			"from": [7.725, 8.2453, 5.1],
			"to": [8.275, 8.3547, 5.2],
			"rotation": {"angle": -22.5, "axis": "z", "origin": [8, 8.3, 8]},
			"faces": {
				"north": {"uv": [0, 0, 1, 1], "texture": "#1"},
				"east": {"uv": [0, 0, 1, 1], "texture": "#1"},
				"south": {"uv": [0, 0, 1, 1], "texture": "#1"},
				"west": {"uv": [0, 0, 1, 1], "texture": "#1"},
				"up": {"uv": [0, 0, 1, 1], "rotation": 90, "texture": "#1"},
				"down": {"uv": [0, 0, 1, 1], "rotation": 270, "texture": "#1"}
			}
		},
		{
			"name": "hexadecagon",
			"from": [7.725, 8.2453, 5.1],
			"to": [8.275, 8.3547, 5.2],
			"rotation": {"angle": 0, "axis": "y", "origin": [8, 8.3, 8]},
			"faces": {
				"north": {"uv": [0, 0, 1, 1], "texture": "#1"},
				"east": {"uv": [0, 0, 1, 1], "texture": "#1"},
				"south": {"uv": [0, 0, 1, 1], "texture": "#1"},
				"west": {"uv": [0, 0, 1, 1], "texture": "#1"},
				"up": {"uv": [0, 0, 1, 1], "rotation": 90, "texture": "#1"},
				"down": {"uv": [0, 0, 1, 1], "rotation": 270, "texture": "#1"}
			}
		},
		{
			"name": "hexadecagon",
			"from": [7.725, 8.2453, 5.1],
			"to": [8.275, 8.3547, 5.2],
			"rotation": {"angle": 22.5, "axis": "z", "origin": [8, 8.3, 8]},
			"faces": {
				"north": {"uv": [0, 0, 1, 1], "texture": "#1"},
				"east": {"uv": [0, 0, 1, 1], "texture": "#1"},
				"south": {"uv": [0, 0, 1, 1], "texture": "#1"},
				"west": {"uv": [0, 0, 1, 1], "texture": "#1"},
				"up": {"uv": [0, 0, 1, 1], "rotation": 90, "texture": "#1"},
				"down": {"uv": [0, 0, 1, 1], "rotation": 270, "texture": "#1"}
			}
		},
		{
			"name": "hexadecagon",
			"from": [7.725, 8.2453, 5.1],
			"to": [8.275, 8.3547, 5.2],
			"rotation": {"angle": 45, "axis": "z", "origin": [8, 8.3, 8]},
			"faces": {
				"north": {"uv": [0, 0, 1, 1], "texture": "#1"},
				"east": {"uv": [0, 0, 1, 1], "texture": "#1"},
				"south": {"uv": [0, 0, 1, 1], "texture": "#1"},
				"west": {"uv": [0, 0, 1, 1], "texture": "#1"},
				"up": {"uv": [0, 0, 1, 1], "rotation": 90, "texture": "#1"},
				"down": {"uv": [0, 0, 1, 1], "rotation": 270, "texture": "#1"}
			}
		},
		{
			"name": "hexadecagon",
			"from": [7.9453, 8.025, 5.1],
			"to": [8.0547, 8.575, 5.2],
			"rotation": {"angle": -22.5, "axis": "z", "origin": [8, 8.3, 8]},
			"faces": {
				"north": {"uv": [0, 0, 1, 1], "texture": "#1"},
				"east": {"uv": [0, 0, 1, 1], "texture": "#1"},
				"south": {"uv": [0, 0, 1, 1], "texture": "#1"},
				"west": {"uv": [0, 0, 1, 1], "texture": "#1"},
				"up": {"uv": [0, 0, 1, 1], "rotation": 90, "texture": "#1"},
				"down": {"uv": [0, 0, 1, 1], "rotation": 270, "texture": "#1"}
			}
		},
		{
			"name": "hexadecagon",
			"from": [7.9453, 8.025, 5.1],
			"to": [8.0547, 8.575, 5.2],
			"rotation": {"angle": 0, "axis": "y", "origin": [8, 8.3, 8]},
			"faces": {
				"north": {"uv": [0, 0, 1, 1], "texture": "#1"},
				"east": {"uv": [0, 0, 1, 1], "texture": "#1"},
				"south": {"uv": [0, 0, 1, 1], "texture": "#1"},
				"west": {"uv": [0, 0, 1, 1], "texture": "#1"},
				"up": {"uv": [0, 0, 1, 1], "rotation": 90, "texture": "#1"},
				"down": {"uv": [0, 0, 1, 1], "rotation": 270, "texture": "#1"}
			}
		},
		{
			"name": "hexadecagon",
			"from": [7.9453, 8.025, 5.1],
			"to": [8.0547, 8.575, 5.2],
			"rotation": {"angle": 22.5, "axis": "z", "origin": [8, 8.3, 8]},
			"faces": {
				"north": {"uv": [0, 0, 1, 1], "texture": "#1"},
				"east": {"uv": [0, 0, 1, 1], "texture": "#1"},
				"south": {"uv": [0, 0, 1, 1], "texture": "#1"},
				"west": {"uv": [0, 0, 1, 1], "texture": "#1"},
				"up": {"uv": [0, 0, 1, 1], "rotation": 90, "texture": "#1"},
				"down": {"uv": [0, 0, 1, 1], "rotation": 270, "texture": "#1"}
			}
		},
		{
			"name": "hexadecagon",
			"from": [7.75, 8.25027, 6.9],
			"to": [8.25, 8.34973, 8],
			"rotation": {"angle": -45, "axis": "z", "origin": [8, 8.3, 8]},
			"faces": {
				"north": {"uv": [0, 0, 1, 1], "texture": "#1"},
				"east": {"uv": [0, 0, 1, 1], "texture": "#1"},
				"south": {"uv": [0, 0, 1, 1], "texture": "#1"},
				"west": {"uv": [0, 0, 1, 1], "texture": "#1"},
				"up": {"uv": [0, 0, 1, 1], "rotation": 90, "texture": "#1"},
				"down": {"uv": [0, 0, 1, 1], "rotation": 270, "texture": "#1"}
			}
		},
		{
			"name": "hexadecagon",
			"from": [7.75, 8.25027, 5.2],
			"to": [8.25, 8.34973, 5.5],
			"rotation": {"angle": -45, "axis": "z", "origin": [8, 8.3, 6.1]},
			"faces": {
				"north": {"uv": [0, 0, 1, 1], "texture": "#1"},
				"east": {"uv": [0, 0, 1, 1], "texture": "#1"},
				"south": {"uv": [0, 0, 1, 1], "texture": "#1"},
				"west": {"uv": [0, 0, 1, 1], "texture": "#1"},
				"up": {"uv": [0, 0, 1, 1], "rotation": 90, "texture": "#1"},
				"down": {"uv": [0, 0, 1, 1], "rotation": 270, "texture": "#1"}
			}
		},
		{
			"name": "hexadecagon",
			"from": [7.75, 8.25027, 5.2],
			"to": [8.25, 8.34973, 8],
			"rotation": {"angle": -22.5, "axis": "z", "origin": [8, 8.3, 8]},
			"faces": {
				"north": {"uv": [0, 0, 1, 1], "texture": "#1"},
				"east": {"uv": [0, 0, 1, 1], "texture": "#1"},
				"south": {"uv": [0, 0, 1, 1], "texture": "#1"},
				"west": {"uv": [0, 0, 1, 1], "texture": "#1"},
				"up": {"uv": [0, 0, 1, 1], "rotation": 90, "texture": "#1"},
				"down": {"uv": [0, 0, 1, 1], "rotation": 270, "texture": "#1"}
			}
		},
		{
			"name": "hexadecagon",
			"from": [7.75, 8.25027, 5.2],
			"to": [8.25, 8.34973, 8],
			"rotation": {"angle": 0, "axis": "y", "origin": [8, 8.3, 8]},
			"faces": {
				"north": {"uv": [0, 0, 1, 1], "texture": "#1"},
				"east": {"uv": [0, 0, 1, 1], "texture": "#1"},
				"south": {"uv": [0, 0, 1, 1], "texture": "#1"},
				"west": {"uv": [0, 0, 1, 1], "texture": "#1"},
				"up": {"uv": [0, 0, 1, 1], "rotation": 90, "texture": "#1"},
				"down": {"uv": [0, 0, 1, 1], "rotation": 270, "texture": "#1"}
			}
		},
		{
			"name": "hexadecagon",
			"from": [7.75, 8.25027, 5.2],
			"to": [8.25, 8.34973, 8],
			"rotation": {"angle": 22.5, "axis": "z", "origin": [8, 8.3, 8]},
			"faces": {
				"north": {"uv": [0, 0, 1, 1], "texture": "#1"},
				"east": {"uv": [0, 0, 1, 1], "texture": "#1"},
				"south": {"uv": [0, 0, 1, 1], "texture": "#1"},
				"west": {"uv": [0, 0, 1, 1], "texture": "#1"},
				"up": {"uv": [0, 0, 1, 1], "rotation": 90, "texture": "#1"},
				"down": {"uv": [0, 0, 1, 1], "rotation": 270, "texture": "#1"}
			}
		},
		{
			"name": "hexadecagon",
			"from": [7.75, 8.25027, 6.9],
			"to": [8.25, 8.34973, 8],
			"rotation": {"angle": 45, "axis": "z", "origin": [8, 8.3, 8]},
			"faces": {
				"north": {"uv": [0, 0, 1, 1], "texture": "#1"},
				"east": {"uv": [0, 0, 1, 1], "texture": "#1"},
				"south": {"uv": [0, 0, 1, 1], "texture": "#1"},
				"west": {"uv": [0, 0, 1, 1], "texture": "#1"},
				"up": {"uv": [0, 0, 1, 1], "rotation": 90, "texture": "#1"},
				"down": {"uv": [0, 0, 1, 1], "rotation": 270, "texture": "#1"}
			}
		},
		{
			"name": "hexadecagon",
			"from": [7.95027, 8.05, 6.9],
			"to": [8.04973, 8.55, 8],
			"rotation": {"angle": -22.5, "axis": "z", "origin": [8, 8.3, 8]},
			"faces": {
				"north": {"uv": [0, 0, 1, 1], "texture": "#1"},
				"east": {"uv": [0, 0, 1, 1], "texture": "#1"},
				"south": {"uv": [0, 0, 1, 1], "texture": "#1"},
				"west": {"uv": [0, 0, 1, 1], "texture": "#1"},
				"up": {"uv": [0, 0, 1, 1], "rotation": 90, "texture": "#1"},
				"down": {"uv": [0, 0, 1, 1], "rotation": 270, "texture": "#1"}
			}
		},
		{
			"name": "hexadecagon",
			"from": [7.95027, 8.05, 6.9],
			"to": [8.04973, 8.55, 8],
			"rotation": {"angle": 0, "axis": "y", "origin": [8, 8.3, 8]},
			"faces": {
				"north": {"uv": [0, 0, 1, 1], "texture": "#1"},
				"east": {"uv": [0, 0, 1, 1], "texture": "#1"},
				"south": {"uv": [0, 0, 1, 1], "texture": "#1"},
				"west": {"uv": [0, 0, 1, 1], "texture": "#1"},
				"up": {"uv": [0, 0, 1, 1], "rotation": 90, "texture": "#1"},
				"down": {"uv": [0, 0, 1, 1], "rotation": 270, "texture": "#1"}
			}
		},
		{
			"name": "hexadecagon",
			"from": [7.95027, 8.05, 6.9],
			"to": [8.04973, 8.55, 8],
			"rotation": {"angle": 22.5, "axis": "z", "origin": [8, 8.3, 8]},
			"faces": {
				"north": {"uv": [0, 0, 1, 1], "texture": "#1"},
				"east": {"uv": [0, 0, 1, 1], "texture": "#1"},
				"south": {"uv": [0, 0, 1, 1], "texture": "#1"},
				"west": {"uv": [0, 0, 1, 1], "texture": "#1"},
				"up": {"uv": [0, 0, 1, 1], "rotation": 90, "texture": "#1"},
				"down": {"uv": [0, 0, 1, 1], "rotation": 270, "texture": "#1"}
			}
		},
		{
			"from": [7.85, 8.5, 7.2],
			"to": [8.15, 8.65, 7.7],
			"rotation": {"angle": 0, "axis": "y", "origin": [7, 8, 6.9]},
			"faces": {
				"north": {"uv": [0, 0, 0.3, 0.15], "texture": "#1"},
				"east": {"uv": [0, 0, 0.5, 0.15], "texture": "#1"},
				"south": {"uv": [0, 0, 0.3, 0.15], "texture": "#1"},
				"west": {"uv": [0, 0, 0.5, 0.15], "texture": "#1"},
				"up": {"uv": [0, 0, 0.3, 0.5], "texture": "#1"},
				"down": {"uv": [0, 0, 0.3, 0.5], "texture": "#1"}
			}
		},
		{
			"from": [7.85, 8.5, -5.85],
			"to": [8.15, 8.6, -5.25],
			"rotation": {"angle": 0, "axis": "y", "origin": [7, 8, -6.1]},
			"faces": {
				"north": {"uv": [0, 0, 0.3, 0.1], "texture": "#1"},
				"east": {"uv": [0, 0, 0.6, 0.1], "texture": "#1"},
				"south": {"uv": [0, 0, 0.3, 0.1], "texture": "#1"},
				"west": {"uv": [0, 0, 0.6, 0.1], "texture": "#1"},
				"up": {"uv": [0, 0, 0.3, 0.6], "texture": "#1"},
				"down": {"uv": [0, 0, 0.3, 0.6], "texture": "#1"}
			}
		},
		{
			"from": [8.1, 8.6, -5.8],
			"to": [8.15, 8.7, -5.3],
			"rotation": {"angle": 0, "axis": "y", "origin": [7, 8.1, -6.1]},
			"faces": {
				"north": {"uv": [0, 0, 0.05, 0.1], "texture": "#1"},
				"east": {"uv": [0, 0, 0.5, 0.1], "texture": "#1"},
				"south": {"uv": [0, 0, 0.05, 0.1], "texture": "#1"},
				"west": {"uv": [0, 0, 0.5, 0.1], "texture": "#1"},
				"up": {"uv": [0, 0, 0.05, 0.5], "texture": "#1"},
				"down": {"uv": [0, 0, 0.05, 0.5], "texture": "#1"}
			}
		},
		{
			"from": [7.85, 8.6, -5.8],
			"to": [7.9, 8.7, -5.3],
			"rotation": {"angle": 0, "axis": "y", "origin": [6.75, 8.1, -6.1]},
			"faces": {
				"north": {"uv": [0, 0, 0.05, 0.1], "texture": "#1"},
				"east": {"uv": [0, 0, 0.5, 0.1], "texture": "#1"},
				"south": {"uv": [0, 0, 0.05, 0.1], "texture": "#1"},
				"west": {"uv": [0, 0, 0.5, 0.1], "texture": "#1"},
				"up": {"uv": [0, 0, 0.05, 0.5], "texture": "#1"},
				"down": {"uv": [0, 0, 0.05, 0.5], "texture": "#1"}
			}
		},
		{
			"from": [7.975, 8.6, -5.575],
			"to": [8.025, 8.725, -5.525],
			"rotation": {"angle": 0, "axis": "y", "origin": [6.9, 8.1, -6.1]},
			"faces": {
				"north": {"uv": [0, 0, 0.05, 0.125], "texture": "#1"},
				"east": {"uv": [0, 0, 0.05, 0.125], "texture": "#1"},
				"south": {"uv": [0, 0, 0.05, 0.125], "texture": "#1"},
				"west": {"uv": [0, 0, 0.05, 0.125], "texture": "#1"},
				"up": {"uv": [0, 0, 0.05, 0.05], "texture": "#1"},
				"down": {"uv": [0, 0, 0.05, 0.05], "texture": "#1"}
			}
		},
		{
			"from": [7.825, 8.65, 7.325],
			"to": [8.175, 8.675, 7.575],
			"rotation": {"angle": 0, "axis": "y", "origin": [7, 8.15, 6.85]},
			"faces": {
				"north": {"uv": [0, 0, 0.35, 0.025], "texture": "#1"},
				"east": {"uv": [0, 0, 0.25, 0.025], "texture": "#1"},
				"south": {"uv": [0, 0, 0.35, 0.025], "texture": "#1"},
				"west": {"uv": [0, 0, 0.25, 0.025], "texture": "#1"},
				"up": {"uv": [0, 0, 0.35, 0.25], "texture": "#1"},
				"down": {"uv": [0, 0, 0.35, 0.25], "texture": "#1"}
			}
		},
		{
			"from": [7.825, 8.675, 7.325],
			"to": [7.875, 8.725, 7.95],
			"rotation": {"angle": 0, "axis": "y", "origin": [7, 8.175, 6.85]},
			"faces": {
				"north": {"uv": [0, 0, 0.05, 0.05], "texture": "#1"},
				"east": {"uv": [0, 0, 0.625, 0.05], "texture": "#1"},
				"south": {"uv": [0, 0, 0.05, 0.05], "texture": "#1"},
				"west": {"uv": [0, 0, 0.625, 0.05], "texture": "#1"},
				"up": {"uv": [0, 0, 0.05, 0.625], "texture": "#1"},
				"down": {"uv": [0, 0, 0.05, 0.625], "texture": "#1"}
			}
		},
		{
			"from": [8.125, 8.675, 7.325],
			"to": [8.175, 8.725, 7.95],
			"rotation": {"angle": 0, "axis": "y", "origin": [7.3, 8.175, 6.85]},
			"faces": {
				"north": {"uv": [0, 0, 0.05, 0.05], "texture": "#1"},
				"east": {"uv": [0, 0, 0.625, 0.05], "texture": "#1"},
				"south": {"uv": [0, 0, 0.05, 0.05], "texture": "#1"},
				"west": {"uv": [0, 0, 0.625, 0.05], "texture": "#1"},
				"up": {"uv": [0, 0, 0.05, 0.625], "texture": "#1"},
				"down": {"uv": [0, 0, 0.05, 0.625], "texture": "#1"}
			}
		},
		{
			"from": [8.125, 8.725, 7.525],
			"to": [8.175, 8.775, 7.95],
			"rotation": {"angle": 0, "axis": "y", "origin": [7.3, 8.225, 6.85]},
			"faces": {
				"north": {"uv": [0, 0, 0.05, 0.05], "texture": "#1"},
				"east": {"uv": [0, 0, 0.425, 0.05], "texture": "#1"},
				"south": {"uv": [0, 0, 0.05, 0.05], "texture": "#1"},
				"west": {"uv": [0, 0, 0.425, 0.05], "texture": "#1"},
				"up": {"uv": [0, 0, 0.05, 0.425], "texture": "#1"},
				"down": {"uv": [0, 0, 0.05, 0.425], "texture": "#1"}
			}
		},
		{
			"from": [7.925, 8.725, 7.625],
			"to": [8.075, 8.775, 7.95],
			"rotation": {"angle": 0, "axis": "y", "origin": [7.1, 8.225, 6.85]},
			"faces": {
				"north": {"uv": [0, 0, 0.15, 0.05], "texture": "#1"},
				"east": {"uv": [0, 0, 0.325, 0.05], "texture": "#1"},
				"south": {"uv": [0, 0, 0.15, 0.05], "texture": "#1"},
				"west": {"uv": [0, 0, 0.325, 0.05], "texture": "#1"},
				"up": {"uv": [0, 0, 0.15, 0.325], "texture": "#1"},
				"down": {"uv": [0, 0, 0.15, 0.325], "texture": "#1"}
			}
		},
		{
			"from": [7.95, 8.775, 7.825],
			"to": [7.975, 8.825, 7.925],
			"rotation": {"angle": 0, "axis": "y", "origin": [7.1, 8.275, 6.85]},
			"faces": {
				"north": {"uv": [0, 0, 0.025, 0.05], "texture": "#1"},
				"east": {"uv": [0, 0, 0.1, 0.05], "texture": "#1"},
				"south": {"uv": [0, 0, 0.025, 0.05], "texture": "#1"},
				"west": {"uv": [0, 0, 0.1, 0.05], "texture": "#1"},
				"up": {"uv": [0, 0, 0.025, 0.1], "texture": "#1"},
				"down": {"uv": [0, 0, 0.025, 0.1], "texture": "#1"}
			}
		},
		{
			"from": [8.025, 8.775, 7.825],
			"to": [8.05, 8.825, 7.925],
			"rotation": {"angle": 0, "axis": "y", "origin": [7.2, 8.275, 6.85]},
			"faces": {
				"north": {"uv": [0, 0, 0.025, 0.05], "texture": "#1"},
				"east": {"uv": [0, 0, 0.1, 0.05], "texture": "#1"},
				"south": {"uv": [0, 0, 0.025, 0.05], "texture": "#1"},
				"west": {"uv": [0, 0, 0.1, 0.05], "texture": "#1"},
				"up": {"uv": [0, 0, 0.025, 0.1], "texture": "#1"},
				"down": {"uv": [0, 0, 0.025, 0.1], "texture": "#1"}
			}
		},
		{
			"from": [7.825, 8.725, 7.525],
			"to": [7.875, 8.775, 7.95],
			"rotation": {"angle": 0, "axis": "y", "origin": [7, 8.225, 6.85]},
			"faces": {
				"north": {"uv": [0, 0, 0.05, 0.05], "texture": "#1"},
				"east": {"uv": [0, 0, 0.425, 0.05], "texture": "#1"},
				"south": {"uv": [0, 0, 0.05, 0.05], "texture": "#1"},
				"west": {"uv": [0, 0, 0.425, 0.05], "texture": "#1"},
				"up": {"uv": [0, 0, 0.05, 0.425], "texture": "#1"},
				"down": {"uv": [0, 0, 0.05, 0.425], "texture": "#1"}
			}
		},
		{
			"from": [7.825, 8.69413, 7.37119],
			"to": [7.875, 8.74413, 7.49619],
			"rotation": {"angle": 0, "axis": "y", "origin": [7, 8.19413, 6.69619]},
			"faces": {
				"north": {"uv": [0, 0, 0.05, 0.05], "texture": "#1"},
				"east": {"uv": [0, 0, 0.125, 0.05], "texture": "#1"},
				"south": {"uv": [0, 0, 0.05, 0.05], "texture": "#1"},
				"west": {"uv": [0, 0, 0.125, 0.05], "texture": "#1"},
				"up": {"uv": [0, 0, 0.05, 0.125], "texture": "#1"},
				"down": {"uv": [0, 0, 0.05, 0.125], "texture": "#1"}
			}
		},
		{
			"from": [8.125, 8.69413, 7.37119],
			"to": [8.175, 8.74413, 7.49619],
			"rotation": {"angle": 0, "axis": "y", "origin": [7.3, 8.19413, 6.69619]},
			"faces": {
				"north": {"uv": [0, 0, 0.05, 0.05], "texture": "#1"},
				"east": {"uv": [0, 0, 0.125, 0.05], "texture": "#1"},
				"south": {"uv": [0, 0, 0.05, 0.05], "texture": "#1"},
				"west": {"uv": [0, 0, 0.125, 0.05], "texture": "#1"},
				"up": {"uv": [0, 0, 0.05, 0.125], "texture": "#1"},
				"down": {"uv": [0, 0, 0.05, 0.125], "texture": "#1"}
			}
		},
		{
			"from": [8.125, 8.775, 7.725],
			"to": [8.175, 8.825, 7.95],
			"rotation": {"angle": 0, "axis": "y", "origin": [7.3, 8.275, 6.85]},
			"faces": {
				"north": {"uv": [0, 0, 0.05, 0.05], "texture": "#1"},
				"east": {"uv": [0, 0, 0.225, 0.05], "texture": "#1"},
				"south": {"uv": [0, 0, 0.05, 0.05], "texture": "#1"},
				"west": {"uv": [0, 0, 0.225, 0.05], "texture": "#1"},
				"up": {"uv": [0, 0, 0.05, 0.225], "texture": "#1"},
				"down": {"uv": [0, 0, 0.05, 0.225], "texture": "#1"}
			}
		},
		{
			"from": [7.825, 8.775, 7.725],
			"to": [7.875, 8.825, 7.95],
			"rotation": {"angle": 0, "axis": "y", "origin": [7, 8.275, 6.85]},
			"faces": {
				"north": {"uv": [0, 0, 0.05, 0.05], "texture": "#1"},
				"east": {"uv": [0, 0, 0.225, 0.05], "texture": "#1"},
				"south": {"uv": [0, 0, 0.05, 0.05], "texture": "#1"},
				"west": {"uv": [0, 0, 0.225, 0.05], "texture": "#1"},
				"up": {"uv": [0, 0, 0.05, 0.225], "texture": "#1"},
				"down": {"uv": [0, 0, 0.05, 0.225], "texture": "#1"}
			}
		},
		{
			"from": [8.125, 8.73385, 7.51813],
			"to": [8.175, 8.78385, 7.74313],
			"rotation": {"angle": -22.5, "axis": "x", "origin": [8, 8.75885, 7.63063]},
			"faces": {
				"north": {"uv": [0, 0, 0.05, 0.05], "texture": "#1"},
				"east": {"uv": [0, 0, 0.225, 0.05], "texture": "#1"},
				"south": {"uv": [0, 0, 0.05, 0.05], "texture": "#1"},
				"west": {"uv": [0, 0, 0.225, 0.05], "texture": "#1"},
				"up": {"uv": [0, 0, 0.05, 0.225], "texture": "#1"},
				"down": {"uv": [0, 0, 0.05, 0.225], "texture": "#1"}
			}
		},
		{
			"from": [7.825, 8.73385, 7.51813],
			"to": [7.875, 8.78385, 7.74313],
			"rotation": {"angle": -22.5, "axis": "x", "origin": [8, 8.75885, 7.63063]},
			"faces": {
				"north": {"uv": [0, 0, 0.05, 0.05], "texture": "#1"},
				"east": {"uv": [0, 0, 0.225, 0.05], "texture": "#1"},
				"south": {"uv": [0, 0, 0.05, 0.05], "texture": "#1"},
				"west": {"uv": [0, 0, 0.225, 0.05], "texture": "#1"},
				"up": {"uv": [0, 0, 0.05, 0.225], "texture": "#1"},
				"down": {"uv": [0, 0, 0.05, 0.225], "texture": "#1"}
			}
		},
		{
			"from": [8.125, 8.68385, 7.36813],
			"to": [8.175, 8.73385, 7.54313],
			"rotation": {"angle": -22.5, "axis": "x", "origin": [8, 8.70885, 7.43063]},
			"faces": {
				"north": {"uv": [0, 0, 0.05, 0.05], "texture": "#1"},
				"east": {"uv": [0, 0, 0.175, 0.05], "texture": "#1"},
				"south": {"uv": [0, 0, 0.05, 0.05], "texture": "#1"},
				"west": {"uv": [0, 0, 0.175, 0.05], "texture": "#1"},
				"up": {"uv": [0, 0, 0.05, 0.175], "texture": "#1"},
				"down": {"uv": [0, 0, 0.05, 0.175], "texture": "#1"}
			}
		},
		{
			"from": [7.825, 8.68385, 7.36813],
			"to": [7.875, 8.73385, 7.54313],
			"rotation": {"angle": -22.5, "axis": "x", "origin": [8, 8.70885, 7.43063]},
			"faces": {
				"north": {"uv": [0, 0, 0.05, 0.05], "texture": "#1"},
				"east": {"uv": [0, 0, 0.175, 0.05], "texture": "#1"},
				"south": {"uv": [0, 0, 0.05, 0.05], "texture": "#1"},
				"west": {"uv": [0, 0, 0.175, 0.05], "texture": "#1"},
				"up": {"uv": [0, 0, 0.05, 0.175], "texture": "#1"},
				"down": {"uv": [0, 0, 0.05, 0.175], "texture": "#1"}
			}
		},
		{
			"from": [7.825, 8.70082, 7.32981],
			"to": [7.875, 8.75082, 7.37981],
			"rotation": {"angle": -22.5, "axis": "x", "origin": [8, 8.72582, 7.39231]},
			"faces": {
				"north": {"uv": [0, 0, 0.05, 0.05], "texture": "#1"},
				"east": {"uv": [0, 0, 0.05, 0.05], "texture": "#1"},
				"south": {"uv": [0, 0, 0.05, 0.05], "texture": "#1"},
				"west": {"uv": [0, 0, 0.05, 0.05], "texture": "#1"},
				"up": {"uv": [0, 0, 0.05, 0.05], "texture": "#1"},
				"down": {"uv": [0, 0, 0.05, 0.05], "texture": "#1"}
			}
		},
		{
			"from": [8.125, 8.70082, 7.32981],
			"to": [8.175, 8.75082, 7.37981],
			"rotation": {"angle": -22.5, "axis": "x", "origin": [8, 8.72582, 7.39231]},
			"faces": {
				"north": {"uv": [0, 0, 0.05, 0.05], "texture": "#1"},
				"east": {"uv": [0, 0, 0.05, 0.05], "texture": "#1"},
				"south": {"uv": [0, 0, 0.05, 0.05], "texture": "#1"},
				"west": {"uv": [0, 0, 0.05, 0.05], "texture": "#1"},
				"up": {"uv": [0, 0, 0.05, 0.05], "texture": "#1"},
				"down": {"uv": [0, 0, 0.05, 0.05], "texture": "#1"}
			}
		},
		{
			"from": [7.825, 8.65, 7.7],
			"to": [8.175, 8.675, 7.95],
			"rotation": {"angle": 0, "axis": "y", "origin": [7, 8.15, 7.225]},
			"faces": {
				"north": {"uv": [0, 0, 0.35, 0.025], "texture": "#1"},
				"east": {"uv": [0, 0, 0.25, 0.025], "texture": "#1"},
				"south": {"uv": [0, 0, 0.35, 0.025], "texture": "#1"},
				"west": {"uv": [0, 0, 0.25, 0.025], "texture": "#1"},
				"up": {"uv": [0, 0, 0.35, 0.25], "texture": "#1"},
				"down": {"uv": [0, 0, 0.35, 0.25], "texture": "#1"}
			}
		},
		{
			"from": [7.85, 8.34519, 7.07626],
			"to": [8.15, 8.49519, 7.32626],
			"rotation": {"angle": -45, "axis": "x", "origin": [8, 8.42019, 7.07626]},
			"faces": {
				"north": {"uv": [0, 0, 0.3, 0.15], "texture": "#1"},
				"east": {"uv": [0, 0, 0.25, 0.15], "texture": "#1"},
				"south": {"uv": [0, 0, 0.3, 0.15], "texture": "#1"},
				"west": {"uv": [0, 0, 0.25, 0.15], "texture": "#1"},
				"up": {"uv": [0, 0, 0.3, 0.25], "texture": "#1"},
				"down": {"uv": [0, 0, 0.3, 0.25], "texture": "#1"}
			}
		},
		{
			"from": [7.85, 8.52197, 7.64697],
			"to": [8.15, 8.67197, 7.89697],
			"rotation": {"angle": 45, "axis": "x", "origin": [8, 8.59697, 7.64697]},
			"faces": {
				"north": {"uv": [0, 0, 0.3, 0.15], "texture": "#1"},
				"east": {"uv": [0, 0, 0.25, 0.15], "texture": "#1"},
				"south": {"uv": [0, 0, 0.3, 0.15], "texture": "#1"},
				"west": {"uv": [0, 0, 0.25, 0.15], "texture": "#1"},
				"up": {"uv": [0, 0, 0.3, 0.25], "texture": "#1"},
				"down": {"uv": [0, 0, 0.3, 0.25], "texture": "#1"}
			}
		},
		{
			"name": "hexadecagon",
			"from": [7.8, 8.71505, 7.675],
			"to": [8.2, 8.73495, 7.775],
			"rotation": {"angle": -45, "axis": "x", "origin": [8, 8.725, 7.725]},
			"faces": {
				"north": {"uv": [0, 0, 1, 1], "texture": "#1"},
				"east": {"uv": [0, 0, 1, 1], "texture": "#1"},
				"south": {"uv": [0, 0, 1, 1], "texture": "#1"},
				"west": {"uv": [0, 0, 1, 1], "texture": "#1"},
				"up": {"uv": [0, 0, 1, 1], "texture": "#1"},
				"down": {"uv": [0, 0, 1, 1], "texture": "#1"}
			}
		},
		{
			"name": "hexadecagon",
			"from": [7.8, 8.71505, 7.675],
			"to": [8.2, 8.73495, 7.775],
			"rotation": {"angle": -22.5, "axis": "x", "origin": [8, 8.725, 7.725]},
			"faces": {
				"north": {"uv": [0, 0, 1, 1], "texture": "#1"},
				"east": {"uv": [0, 0, 1, 1], "texture": "#1"},
				"south": {"uv": [0, 0, 1, 1], "texture": "#1"},
				"west": {"uv": [0, 0, 1, 1], "texture": "#1"},
				"up": {"uv": [0, 0, 1, 1], "texture": "#1"},
				"down": {"uv": [0, 0, 1, 1], "texture": "#1"}
			}
		},
		{
			"name": "hexadecagon",
			"from": [7.8, 8.71505, 7.675],
			"to": [8.2, 8.73495, 7.775],
			"rotation": {"angle": 0, "axis": "y", "origin": [8, 8.725, 7.725]},
			"faces": {
				"north": {"uv": [0, 0, 1, 1], "texture": "#1"},
				"east": {"uv": [0, 0, 1, 1], "texture": "#1"},
				"south": {"uv": [0, 0, 1, 1], "texture": "#1"},
				"west": {"uv": [0, 0, 1, 1], "texture": "#1"},
				"up": {"uv": [0, 0, 1, 1], "texture": "#1"},
				"down": {"uv": [0, 0, 1, 1], "texture": "#1"}
			}
		},
		{
			"name": "hexadecagon",
			"from": [7.8, 8.71505, 7.675],
			"to": [8.2, 8.73495, 7.775],
			"rotation": {"angle": 22.5, "axis": "x", "origin": [8, 8.725, 7.725]},
			"faces": {
				"north": {"uv": [0, 0, 1, 1], "texture": "#1"},
				"east": {"uv": [0, 0, 1, 1], "texture": "#1"},
				"south": {"uv": [0, 0, 1, 1], "texture": "#1"},
				"west": {"uv": [0, 0, 1, 1], "texture": "#1"},
				"up": {"uv": [0, 0, 1, 1], "texture": "#1"},
				"down": {"uv": [0, 0, 1, 1], "texture": "#1"}
			}
		},
		{
			"name": "hexadecagon",
			"from": [7.8, 8.71505, 7.675],
			"to": [8.2, 8.73495, 7.775],
			"rotation": {"angle": 45, "axis": "x", "origin": [8, 8.725, 7.725]},
			"faces": {
				"north": {"uv": [0, 0, 1, 1], "texture": "#1"},
				"east": {"uv": [0, 0, 1, 1], "texture": "#1"},
				"south": {"uv": [0, 0, 1, 1], "texture": "#1"},
				"west": {"uv": [0, 0, 1, 1], "texture": "#1"},
				"up": {"uv": [0, 0, 1, 1], "texture": "#1"},
				"down": {"uv": [0, 0, 1, 1], "texture": "#1"}
			}
		},
		{
			"name": "hexadecagon",
			"from": [7.8, 8.675, 7.71505],
			"to": [8.2, 8.775, 7.73495],
			"rotation": {"angle": -22.5, "axis": "x", "origin": [8, 8.725, 7.725]},
			"faces": {
				"north": {"uv": [0, 0, 1, 1], "texture": "#1"},
				"east": {"uv": [0, 0, 1, 1], "texture": "#1"},
				"south": {"uv": [0, 0, 1, 1], "texture": "#1"},
				"west": {"uv": [0, 0, 1, 1], "texture": "#1"},
				"up": {"uv": [0, 0, 1, 1], "texture": "#1"},
				"down": {"uv": [0, 0, 1, 1], "texture": "#1"}
			}
		},
		{
			"name": "hexadecagon",
			"from": [7.8, 8.675, 7.71505],
			"to": [8.2, 8.775, 7.73495],
			"rotation": {"angle": 0, "axis": "y", "origin": [8, 8.725, 7.725]},
			"faces": {
				"north": {"uv": [0, 0, 1, 1], "texture": "#1"},
				"east": {"uv": [0, 0, 1, 1], "texture": "#1"},
				"south": {"uv": [0, 0, 1, 1], "texture": "#1"},
				"west": {"uv": [0, 0, 1, 1], "texture": "#1"},
				"up": {"uv": [0, 0, 1, 1], "texture": "#1"},
				"down": {"uv": [0, 0, 1, 1], "texture": "#1"}
			}
		},
		{
			"name": "hexadecagon",
			"from": [7.8, 8.675, 7.71505],
			"to": [8.2, 8.775, 7.73495],
			"rotation": {"angle": 22.5, "axis": "x", "origin": [8, 8.725, 7.725]},
			"faces": {
				"north": {"uv": [0, 0, 1, 1], "texture": "#1"},
				"east": {"uv": [0, 0, 1, 1], "texture": "#1"},
				"south": {"uv": [0, 0, 1, 1], "texture": "#1"},
				"west": {"uv": [0, 0, 1, 1], "texture": "#1"},
				"up": {"uv": [0, 0, 1, 1], "texture": "#1"},
				"down": {"uv": [0, 0, 1, 1], "texture": "#1"}
			}
		},
		{
			"name": "hexadecagon",
			"from": [8.2, 8.70511, 7.6],
			"to": [8.25, 8.74489, 7.8],
			"rotation": {"angle": -45, "axis": "x", "origin": [5.6, 8.725, 7.7]},
			"faces": {
				"north": {"uv": [0, 0, 1, 1], "texture": "#1"},
				"east": {"uv": [0, 0, 1, 1], "texture": "#1"},
				"south": {"uv": [0, 0, 1, 1], "texture": "#1"},
				"west": {"uv": [0, 0, 1, 1], "texture": "#1"},
				"up": {"uv": [0, 0, 1, 1], "texture": "#1"},
				"down": {"uv": [0, 0, 1, 1], "texture": "#1"}
			}
		},
		{
			"name": "hexadecagon",
			"from": [8.2, 8.70511, 7.6],
			"to": [8.25, 8.74489, 7.8],
			"rotation": {"angle": -22.5, "axis": "x", "origin": [5.6, 8.725, 7.7]},
			"faces": {
				"north": {"uv": [0, 0, 1, 1], "texture": "#1"},
				"east": {"uv": [0, 0, 1, 1], "texture": "#1"},
				"south": {"uv": [0, 0, 1, 1], "texture": "#1"},
				"west": {"uv": [0, 0, 1, 1], "texture": "#1"},
				"up": {"uv": [0, 0, 1, 1], "texture": "#1"},
				"down": {"uv": [0, 0, 1, 1], "texture": "#1"}
			}
		},
		{
			"name": "hexadecagon",
			"from": [8.2, 8.70511, 7.6],
			"to": [8.25, 8.74489, 7.8],
			"rotation": {"angle": 0, "axis": "y", "origin": [5.6, 8.725, 7.7]},
			"faces": {
				"north": {"uv": [0, 0, 1, 1], "texture": "#1"},
				"east": {"uv": [0, 0, 1, 1], "texture": "#1"},
				"south": {"uv": [0, 0, 1, 1], "texture": "#1"},
				"west": {"uv": [0, 0, 1, 1], "texture": "#1"},
				"up": {"uv": [0, 0, 1, 1], "texture": "#1"},
				"down": {"uv": [0, 0, 1, 1], "texture": "#1"}
			}
		},
		{
			"name": "hexadecagon",
			"from": [8.2, 8.70511, 7.6],
			"to": [8.25, 8.74489, 7.8],
			"rotation": {"angle": 22.5, "axis": "x", "origin": [5.6, 8.725, 7.7]},
			"faces": {
				"north": {"uv": [0, 0, 1, 1], "texture": "#1"},
				"east": {"uv": [0, 0, 1, 1], "texture": "#1"},
				"south": {"uv": [0, 0, 1, 1], "texture": "#1"},
				"west": {"uv": [0, 0, 1, 1], "texture": "#1"},
				"up": {"uv": [0, 0, 1, 1], "texture": "#1"},
				"down": {"uv": [0, 0, 1, 1], "texture": "#1"}
			}
		},
		{
			"name": "hexadecagon",
			"from": [8.2, 8.70511, 7.6],
			"to": [8.25, 8.74489, 7.8],
			"rotation": {"angle": 45, "axis": "x", "origin": [5.6, 8.725, 7.7]},
			"faces": {
				"north": {"uv": [0, 0, 1, 1], "texture": "#1"},
				"east": {"uv": [0, 0, 1, 1], "texture": "#1"},
				"south": {"uv": [0, 0, 1, 1], "texture": "#1"},
				"west": {"uv": [0, 0, 1, 1], "texture": "#1"},
				"up": {"uv": [0, 0, 1, 1], "texture": "#1"},
				"down": {"uv": [0, 0, 1, 1], "texture": "#1"}
			}
		},
		{
			"name": "hexadecagon",
			"from": [8.2, 8.625, 7.68011],
			"to": [8.25, 8.825, 7.71989],
			"rotation": {"angle": -22.5, "axis": "x", "origin": [5.6, 8.725, 7.7]},
			"faces": {
				"north": {"uv": [0, 0, 1, 1], "texture": "#1"},
				"east": {"uv": [0, 0, 1, 1], "texture": "#1"},
				"south": {"uv": [0, 0, 1, 1], "texture": "#1"},
				"west": {"uv": [0, 0, 1, 1], "texture": "#1"},
				"up": {"uv": [0, 0, 1, 1], "texture": "#1"},
				"down": {"uv": [0, 0, 1, 1], "texture": "#1"}
			}
		},
		{
			"name": "hexadecagon",
			"from": [8.2, 8.625, 7.68011],
			"to": [8.25, 8.825, 7.71989],
			"rotation": {"angle": 0, "axis": "y", "origin": [5.6, 8.725, 7.7]},
			"faces": {
				"north": {"uv": [0, 0, 1, 1], "texture": "#1"},
				"east": {"uv": [0, 0, 1, 1], "texture": "#1"},
				"south": {"uv": [0, 0, 1, 1], "texture": "#1"},
				"west": {"uv": [0, 0, 1, 1], "texture": "#1"},
				"up": {"uv": [0, 0, 1, 1], "texture": "#1"},
				"down": {"uv": [0, 0, 1, 1], "texture": "#1"}
			}
		},
		{
			"name": "hexadecagon",
			"from": [8.2, 8.625, 7.68011],
			"to": [8.25, 8.825, 7.71989],
			"rotation": {"angle": 22.5, "axis": "x", "origin": [5.6, 8.725, 7.7]},
			"faces": {
				"north": {"uv": [0, 0, 1, 1], "texture": "#1"},
				"east": {"uv": [0, 0, 1, 1], "texture": "#1"},
				"south": {"uv": [0, 0, 1, 1], "texture": "#1"},
				"west": {"uv": [0, 0, 1, 1], "texture": "#1"},
				"up": {"uv": [0, 0, 1, 1], "texture": "#1"},
				"down": {"uv": [0, 0, 1, 1], "texture": "#1"}
			}
		},
		{
			"name": "hexadecagon",
			"from": [7.7, 8.19033, -5.9],
			"to": [8.3, 8.30967, -5.2],
			"rotation": {"angle": -45, "axis": "z", "origin": [8, 8.25, -8]},
			"faces": {
				"north": {"uv": [0, 0, 1, 1], "texture": "#1"},
				"east": {"uv": [0, 0, 1, 1], "texture": "#1"},
				"south": {"uv": [0, 0, 1, 1], "texture": "#1"},
				"west": {"uv": [0, 0, 1, 1], "texture": "#1"},
				"up": {"uv": [0, 0, 1, 1], "rotation": 90, "texture": "#1"},
				"down": {"uv": [0, 0, 1, 1], "rotation": 270, "texture": "#1"}
			}
		},
		{
			"name": "hexadecagon",
			"from": [7.7, 8.19033, -5.9],
			"to": [8.3, 8.30967, -5.2],
			"rotation": {"angle": -22.5, "axis": "z", "origin": [8, 8.25, -8]},
			"faces": {
				"north": {"uv": [0, 0, 1, 1], "texture": "#1"},
				"east": {"uv": [0, 0, 1, 1], "texture": "#1"},
				"south": {"uv": [0, 0, 1, 1], "texture": "#1"},
				"west": {"uv": [0, 0, 1, 1], "texture": "#1"},
				"up": {"uv": [0, 0, 1, 1], "rotation": 90, "texture": "#1"},
				"down": {"uv": [0, 0, 1, 1], "rotation": 270, "texture": "#1"}
			}
		},
		{
			"name": "hexadecagon",
			"from": [7.7, 8.19033, -5.9],
			"to": [8.3, 8.30967, -5.2],
			"rotation": {"angle": 0, "axis": "y", "origin": [8, 8.25, -8]},
			"faces": {
				"north": {"uv": [0, 0, 1, 1], "texture": "#1"},
				"east": {"uv": [0, 0, 1, 1], "texture": "#1"},
				"south": {"uv": [0, 0, 1, 1], "texture": "#1"},
				"west": {"uv": [0, 0, 1, 1], "texture": "#1"},
				"up": {"uv": [0, 0, 1, 1], "rotation": 90, "texture": "#1"},
				"down": {"uv": [0, 0, 1, 1], "rotation": 270, "texture": "#1"}
			}
		},
		{
			"name": "hexadecagon",
			"from": [7.7, 8.19033, -5.9],
			"to": [8.3, 8.30967, -5.2],
			"rotation": {"angle": 22.5, "axis": "z", "origin": [8, 8.25, -8]},
			"faces": {
				"north": {"uv": [0, 0, 1, 1], "texture": "#1"},
				"east": {"uv": [0, 0, 1, 1], "texture": "#1"},
				"south": {"uv": [0, 0, 1, 1], "texture": "#1"},
				"west": {"uv": [0, 0, 1, 1], "texture": "#1"},
				"up": {"uv": [0, 0, 1, 1], "rotation": 90, "texture": "#1"},
				"down": {"uv": [0, 0, 1, 1], "rotation": 270, "texture": "#1"}
			}
		},
		{
			"name": "hexadecagon",
			"from": [7.7, 8.19033, -5.9],
			"to": [8.3, 8.30967, -5.2],
			"rotation": {"angle": 45, "axis": "z", "origin": [8, 8.25, -8]},
			"faces": {
				"north": {"uv": [0, 0, 1, 1], "texture": "#1"},
				"east": {"uv": [0, 0, 1, 1], "texture": "#1"},
				"south": {"uv": [0, 0, 1, 1], "texture": "#1"},
				"west": {"uv": [0, 0, 1, 1], "texture": "#1"},
				"up": {"uv": [0, 0, 1, 1], "rotation": 90, "texture": "#1"},
				"down": {"uv": [0, 0, 1, 1], "rotation": 270, "texture": "#1"}
			}
		},
		{
			"name": "hexadecagon",
			"from": [7.94033, 7.95, -5.9],
			"to": [8.05967, 8.55, -5.2],
			"rotation": {"angle": -22.5, "axis": "z", "origin": [8, 8.25, -8]},
			"faces": {
				"north": {"uv": [0, 0, 1, 1], "texture": "#1"},
				"east": {"uv": [0, 0, 1, 1], "texture": "#1"},
				"south": {"uv": [0, 0, 1, 1], "texture": "#1"},
				"west": {"uv": [0, 0, 1, 1], "texture": "#1"},
				"up": {"uv": [0, 0, 1, 1], "rotation": 90, "texture": "#1"},
				"down": {"uv": [0, 0, 1, 1], "rotation": 270, "texture": "#1"}
			}
		},
		{
			"name": "hexadecagon",
			"from": [7.94033, 7.95, -5.9],
			"to": [8.05967, 8.55, -5.2],
			"rotation": {"angle": 0, "axis": "y", "origin": [8, 8.25, -8]},
			"faces": {
				"north": {"uv": [0, 0, 1, 1], "texture": "#1"},
				"east": {"uv": [0, 0, 1, 1], "texture": "#1"},
				"south": {"uv": [0, 0, 1, 1], "texture": "#1"},
				"west": {"uv": [0, 0, 1, 1], "texture": "#1"},
				"up": {"uv": [0, 0, 1, 1], "rotation": 90, "texture": "#1"},
				"down": {"uv": [0, 0, 1, 1], "rotation": 270, "texture": "#1"}
			}
		},
		{
			"name": "hexadecagon",
			"from": [7.94033, 7.95, -5.9],
			"to": [8.05967, 8.55, -5.2],
			"rotation": {"angle": 22.5, "axis": "z", "origin": [8, 8.25, -8]},
			"faces": {
				"north": {"uv": [0, 0, 1, 1], "texture": "#1"},
				"east": {"uv": [0, 0, 1, 1], "texture": "#1"},
				"south": {"uv": [0, 0, 1, 1], "texture": "#1"},
				"west": {"uv": [0, 0, 1, 1], "texture": "#1"},
				"up": {"uv": [0, 0, 1, 1], "rotation": 90, "texture": "#1"},
				"down": {"uv": [0, 0, 1, 1], "rotation": 270, "texture": "#1"}
			}
		}
	],
	"display": {
		"thirdperson_righthand": {
			"translation": [0, 0.25, 2],
			"scale": [1.5, 1.5, 1.5]
		},
		"thirdperson_lefthand": {
			"translation": [0, 0.25, 2],
			"scale": [1.5, 1.5, 1.5]
		},
		"firstperson_righthand": {
			"translation": [-9, 5.8, 4.25],
			"scale": [3, 3, 3]
		},
		"firstperson_lefthand": {
			"translation": [0, 3.5, 3.25],
			"scale": [3, 3, 3]
		}
	},
	"groups": [
		{
			"name": "hexadecagon",
			"origin": [8, 8, 8],
			"color": 0,
			"children": [0, 1, 2, 3, 4, 5, 6, 7, 8, 9, 10, 11, 12, 13, 14, 15]
		},
		16,
		17,
		18,
		19,
		20,
		21,
		22,
		23,
		24,
		25,
		26,
		27,
		28,
		29,
		30,
		31,
		32,
		33,
		34,
		35,
		36,
		37,
		38,
		39,
		40,
		41,
		42,
		43,
		44,
		45,
		46,
		47,
		48,
		49,
		50,
		51,
		52,
		53,
		54,
		55,
		56,
		57,
		58,
		59,
		60,
		{
			"name": "hexadecagon",
			"origin": [8, 8, 8],
			"color": 0,
			"children": [61, 62, 63, 64, 65, 66, 67, 68, 69]
		},
		{
			"name": "hexadecagon",
			"origin": [8, 8, 8],
			"color": 0,
			"children": [70, 71, 72, 73, 74, 75, 76, 77]
		},
		{
			"name": "hexadecagon",
			"origin": [8, 8, 8],
			"color": 0,
			"children": [78, 79, 80, 81, 82]
		},
		83,
		84,
		85,
		86,
		87,
		88,
		89,
		90,
		91,
		92,
		93,
		{
			"name": "hexadecagon",
			"origin": [8, 8, 8],
			"color": 0,
			"children": [94, 95, 96, 97, 98, 99, 100, 101]
		},
		{
			"name": "hexadecagon",
			"origin": [8, 8, 8],
			"color": 0,
			"children": [102, 103, 104, 105, 106, 107, 108, 109]
		},
		{
			"name": "hexadecagon",
			"origin": [8, 8, 8],
			"color": 0,
			"children": [110, 111, 112, 113, 114, 115, 116, 117, 118]
		},
		119,
		120,
		121,
		122,
		123,
		124,
		125,
		126,
		127,
		128,
		129,
		130,
		131,
		132,
		133,
		134,
		135,
		136,
		137,
		138,
		139,
		140,
		141,
		142,
		143,
		144,
		{
			"name": "hexadecagon",
			"origin": [8, 8, 8],
			"color": 0,
			"children": [145, 146, 147, 148, 149, 150, 151, 152]
		},
		{
			"name": "hexadecagon",
			"origin": [8, 8, 8],
			"color": 0,
			"children": [153, 154, 155, 156, 157, 158, 159, 160]
		},
		{
			"name": "hexadecagon",
			"origin": [8, 8, 8],
			"color": 0,
			"children": [161, 162, 163, 164, 165, 166, 167, 168]
		}
	]
}