{
	"credit": "Made with Blockbench",
	"parent": "hl_ss",
	"texture_size": [32, 32],
	"textures": {
		"0": "block/hl_ss",
		"3": "block/mp7",
		"particle": "block/hl_ss"
	},
	"elements": [
		{
			"from": [7.28, 4.16, 6.92],
			"to": [8.72, 7.76, 8.36],
			"rotation": {"angle": 22.5, "axis": "x", "origin": [12.32, 2, 3.68]},
			"faces": {
				"north": {"uv": [0, 10.5, 1, 13], "texture": "#3"},
				"east": {"uv": [3, 10, 4, 12.5], "texture": "#3"},
				"south": {"uv": [4, 10, 5, 12.5], "texture": "#3"},
				"west": {"uv": [5, 10, 6, 12.5], "texture": "#3"},
				"up": {"uv": [3, 13.5, 2, 12.5], "rotation": 90, "texture": "#3"},
				"down": {"uv": [4, 12.5, 3, 13.5], "rotation": 270, "texture": "#3"}
			}
		},
		{
			"from": [7.172, 5.6, 8.576],
			"to": [8.792, 8.48, 10.556],
			"rotation": {"angle": 0, "axis": "y", "origin": [12.32, 2, 3.68]},
			"faces": {
				"north": {"uv": [1, 10.5, 2.125, 12.5], "texture": "#3"},
				"east": {"uv": [6, 9.5, 7.375, 11.5], "texture": "#3"},
				"south": {"uv": [10.5, 0, 11.625, 2], "texture": "#3"},
				"west": {"uv": [7.5, 9.5, 8.875, 11.5], "texture": "#3"},
				"up": {"uv": [10.375, 12.625, 9, 11.5], "rotation": 90, "texture": "#3"},
				"down": {"uv": [12.875, 9, 11.5, 10.125], "rotation": 270, "texture": "#3"}
			}
		},
		{
			"from": [7.1, 8.48, 9.44],
			"to": [8.72, 11.18, 15.2],
			"rotation": {"angle": 0, "axis": "y", "origin": [12.32, 2, 3.68]},
			"faces": {
				"north": {"uv": [6, 11.5, 7.125, 13.375], "texture": "#3"},
				"east": {"uv": [0, 0, 4, 1.875], "texture": "#3"},
				"south": {"uv": [11.5, 5.5, 12.625, 7.375], "texture": "#3"},
				"west": {"uv": [0, 2, 4, 3.875], "texture": "#3"},
				"up": {"uv": [4, 6.125, 0, 5], "rotation": 90, "texture": "#3"},
				"down": {"uv": [8, 5, 4, 6.125], "rotation": 270, "texture": "#3"}
			}
		},
		{
			"from": [7.172, 8.48, 5.12],
			"to": [8.612, 10.28, 9.44],
			"rotation": {"angle": 0, "axis": "y", "origin": [12.32, 2, 3.68]},
			"faces": {
				"north": {"uv": [11.5, 10.5, 12.5, 11.75], "texture": "#3"},
				"east": {"uv": [3, 6.5, 6, 7.75], "texture": "#3"},
				"south": {"uv": [10.5, 11.5, 11.5, 12.75], "texture": "#3"},
				"west": {"uv": [6, 6.5, 9, 7.75], "texture": "#3"},
				"up": {"uv": [11, 6.5, 8, 5.5], "rotation": 90, "texture": "#3"},
				"down": {"uv": [6, 9, 3, 10], "rotation": 270, "texture": "#3"}
			}
		},
		{
			"from": [6.992, 8.3, 0.8],
			"to": [8.792, 10.28, 5.12],
			"rotation": {"angle": 0, "axis": "y", "origin": [12.32, 2, 3.68]},
			"faces": {
				"north": {"uv": [11.5, 7.5, 12.75, 8.875], "texture": "#3"},
				"east": {"uv": [6, 3, 9, 4.375], "texture": "#3"},
				"south": {"uv": [7.5, 11.5, 8.75, 12.875], "texture": "#3"},
				"west": {"uv": [0, 6.5, 3, 7.875], "texture": "#3"},
				"up": {"uv": [9, 9.25, 6, 8], "rotation": 90, "texture": "#3"},
				"down": {"uv": [3, 9, 0, 10.25], "rotation": 270, "texture": "#3"}
			}
		},
		{
			"from": [7.172, 10.28, 0.8],
			"to": [8.612, 11.18, 9.44],
			"rotation": {"angle": 0, "axis": "y", "origin": [12.32, 2, 3.68]},
			"faces": {
				"north": {"uv": [13, 8.5, 14, 9.125], "texture": "#3"},
				"east": {"uv": [0, 8, 6, 8.625], "texture": "#3"},
				"south": {"uv": [8.5, 13, 9.5, 13.625], "texture": "#3"},
				"west": {"uv": [8, 4.5, 14, 5.125], "texture": "#3"},
				"up": {"uv": [6, 5, 0, 4], "rotation": 90, "texture": "#3"},
				"down": {"uv": [10, 0, 4, 1], "rotation": 270, "texture": "#3"}
			}
		},
		{
			"from": [7.352, 11, 3.68],
			"to": [8.432, 11.54, 13.04],
			"rotation": {"angle": 0, "axis": "y", "origin": [12.32, 2, 3.68]},
			"faces": {
				"north": {"uv": [7, 4.5, 7.75, 4.875], "texture": "#3"},
				"east": {"uv": [9, 3, 15.5, 3.375], "texture": "#3"},
				"south": {"uv": [6, 4.5, 6.75, 4.875], "texture": "#3"},
				"west": {"uv": [9, 3.5, 15.5, 3.875], "texture": "#3"},
				"up": {"uv": [10.5, 1.75, 4, 1], "rotation": 90, "texture": "#3"},
				"down": {"uv": [10.5, 2, 4, 2.75], "rotation": 270, "texture": "#3"}
			}
		},
		{
			"from": [7.352, 11, 13.04],
			"to": [8.432, 11.9, 14.48],
			"rotation": {"angle": 0, "axis": "y", "origin": [12.32, 2, 3.68]},
			"faces": {
				"north": {"uv": [13.5, 11.5, 14.25, 12.125], "texture": "#3"},
				"east": {"uv": [2, 13.5, 3, 14.125], "texture": "#3"},
				"south": {"uv": [11.5, 13.5, 12.25, 14.125], "texture": "#3"},
				"west": {"uv": [3, 13.5, 4, 14.125], "texture": "#3"},
				"up": {"uv": [14, 6.25, 13, 5.5], "rotation": 90, "texture": "#3"},
				"down": {"uv": [14, 6.5, 13, 7.25], "rotation": 270, "texture": "#3"}
			}
		},
		{
			"from": [7.352, 11.72, 2.6],
			"to": [8.432, 11.72, 3.78],
			"rotation": {"angle": 0, "axis": "x", "origin": [12.32, 2, 3.68]},
			"faces": {
				"north": {"uv": [13, 0, 13.75, 1.125], "texture": "#3"},
				"east": {"uv": [4.5, 14, 4.625, 15.125], "texture": "#3"},
				"south": {"uv": [0, 13, 0.75, 14.125], "texture": "#3"},
				"west": {"uv": [5, 14, 5.125, 15.125], "texture": "#3"},
				"up": {"uv": [5.625, 14.75, 5.5, 14], "rotation": 90, "texture": "#3"},
				"down": {"uv": [14.125, 5.5, 14, 6.25], "rotation": 270, "texture": "#3"}
			}
		},
		{
			"from": [7.352, 11, 2.24],
			"to": [8.432, 11.9, 3.68],
			"rotation": {"angle": 0, "axis": "y", "origin": [12.32, 2, 3.68]},
			"faces": {
				"north": {"uv": [13.5, 12.5, 14.25, 13.125], "texture": "#3"},
				"east": {"uv": [6, 13.5, 7, 14.125], "texture": "#3"},
				"south": {"uv": [12.5, 13.5, 13.25, 14.125], "texture": "#3"},
				"west": {"uv": [13.5, 10.5, 14.5, 11.125], "texture": "#3"},
				"up": {"uv": [8.5, 13.75, 7.5, 13], "rotation": 90, "texture": "#3"},
				"down": {"uv": [14, 7.5, 13, 8.25], "rotation": 270, "texture": "#3"}
			}
		},
		{
			"from": [7.352, 11.72, 12.4],
			"to": [8.432, 12.34, 13.58],
			"rotation": {"angle": 0, "axis": "y", "origin": [12.32, 2, 3.68]},
			"faces": {
				"north": {"uv": [12.5, 12, 13.25, 13.125], "texture": "#3"},
				"east": {"uv": [4, 14, 4.125, 15.125], "texture": "#3"},
				"south": {"uv": [12.5, 10.5, 13.25, 11.625], "texture": "#3"},
				"west": {"uv": [14, 4, 14.125, 5.125], "texture": "#3"},
				"up": {"uv": [10.125, 0.75, 10, 0], "rotation": 90, "texture": "#3"},
				"down": {"uv": [11.125, 5.5, 11, 6.25], "rotation": 270, "texture": "#3"}
			}
		},
		{
			"from": [7.1, 6.32, 15.2],
			"to": [8.72, 9.92, 16.46],
			"rotation": {"angle": 0, "axis": "y", "origin": [12.32, 2, 3.68]},
			"faces": {
				"north": {"uv": [9, 9, 10.125, 11.5], "texture": "#3"},
				"east": {"uv": [10.5, 6.5, 11.375, 9], "texture": "#3"},
				"south": {"uv": [9, 6.5, 10.125, 9], "texture": "#3"},
				"west": {"uv": [10.5, 9, 11.375, 11.5], "texture": "#3"},
				"up": {"uv": [4.875, 13.625, 4, 12.5], "rotation": 90, "texture": "#3"},
				"down": {"uv": [5.875, 12.5, 5, 13.625], "rotation": 270, "texture": "#3"}
			}
		},
		{
			"from": [7.46, 9.02, -0.64],
			"to": [8.36, 9.92, 0.8],
			"rotation": {"angle": 0, "axis": "y", "origin": [12.32, 2, 3.68]},
			"faces": {
				"north": {"uv": [14, 0, 14.625, 0.625], "texture": "#3"},
				"east": {"uv": [9.5, 13, 10.5, 13.625], "texture": "#3"},
				"south": {"uv": [13.5, 13.5, 14.125, 14.125], "texture": "#3"},
				"west": {"uv": [13, 9.5, 14, 10.125], "texture": "#3"},
				"up": {"uv": [11.5, 13.625, 10.5, 13], "rotation": 90, "texture": "#3"},
				"down": {"uv": [14.5, 1.5, 13.5, 2.125], "rotation": 270, "texture": "#3"}
			}
		},
		{
			"from": [7.46, 6.86, 6.38],
			"to": [8.54, 7.04, 9.08],
			"rotation": {"angle": 0, "axis": "y", "origin": [12.32, 2, 3.68]},
			"faces": {
				"north": {"uv": [13.5, 2.5, 14.25, 2.625], "texture": "#3"},
				"east": {"uv": [9, 4, 10.875, 4.125], "texture": "#3"},
				"south": {"uv": [13, 4, 13.75, 4.125], "texture": "#3"},
				"west": {"uv": [11, 4, 12.875, 4.125], "texture": "#3"},
				"up": {"uv": [5.875, 3.75, 4, 3], "rotation": 90, "texture": "#3"},
				"down": {"uv": [12.375, 2, 10.5, 2.75], "rotation": 270, "texture": "#3"}
			}
		},
		{
			"from": [7.46, 5.492, 8],
			"to": [8.54, 7.472, 8.18],
			"rotation": {"angle": -22.5, "axis": "x", "origin": [12.32, 2, 3.68]},
			"faces": {
				"north": {"uv": [11.5, 12, 12.25, 13.375], "texture": "#3"},
				"east": {"uv": [2.5, 10.5, 2.625, 11.875], "texture": "#3"},
				"south": {"uv": [12, 0, 12.75, 1.375], "texture": "#3"},
				"west": {"uv": [7, 13.5, 7.125, 14.875], "texture": "#3"},
				"up": {"uv": [14.125, 7.25, 14, 6.5], "rotation": 90, "texture": "#3"},
				"down": {"uv": [7.625, 14, 7.5, 14.75], "rotation": 270, "texture": "#3"}
			}
		},
		{
			"from": [7.46, 8.588, 5.12],
			"to": [8.54, 10.568, 5.3],
			"rotation": {"angle": 22.5, "axis": "x", "origin": [12.32, 2, 3.68]},
			"faces": {
				"north": {"uv": [12.5, 1.5, 13.25, 2.875], "texture": "#3"},
				"east": {"uv": [1, 14, 1.125, 15.375], "texture": "#3"},
				"south": {"uv": [1, 12.5, 1.75, 13.875], "texture": "#3"},
				"west": {"uv": [1.5, 14, 1.625, 15.375], "texture": "#3"},
				"up": {"uv": [14.125, 8.25, 14, 7.5], "rotation": 90, "texture": "#3"},
				"down": {"uv": [8.125, 14, 8, 14.75], "rotation": 270, "texture": "#3"}
			}
		},
		{
			"from": [7, 11, 4.75],
			"to": [9, 13, 10.75],
			"faces": {
				"north": {"uv": [3, 6, 4, 7], "texture": "#0"},
				"east": {"uv": [0, 1, 3, 2], "texture": "#0"},
				"south": {"uv": [4, 6, 5, 7], "texture": "#0"},
				"west": {"uv": [0, 0, 3, 1], "texture": "#0"},
				"up": {"uv": [3, 3, 0, 2], "rotation": 270, "texture": "#0"},
				"down": {"uv": [3, 3, 0, 4], "rotation": 90, "texture": "#0"}
			}
		},
		{
			"from": [7, 12.75, 7.75],
			"to": [7.25, 14.75, 10.75],
			"faces": {
				"north": {"uv": [4, 8, 4.125, 9], "texture": "#0"},
				"east": {"uv": [5.5, 0, 7, 1], "texture": "#0"},
				"south": {"uv": [8, 4, 8.125, 5], "texture": "#0"},
				"west": {"uv": [0, 5.5, 1.5, 6.5], "texture": "#0"},
				"up": {"uv": [3, 7.625, 1.5, 7.5], "rotation": 270, "texture": "#0"},
				"down": {"uv": [4.5, 7.5, 3, 7.625], "rotation": 90, "texture": "#0"}
			}
		},
		{
			"from": [8.75, 12.75, 7.75],
			"to": [9, 14.75, 10.75],
			"faces": {
				"north": {"uv": [4.5, 8, 4.625, 9], "texture": "#0"},
				"east": {"uv": [1.5, 5.5, 3, 6.5], "texture": "#0"},
				"south": {"uv": [5, 8, 5.125, 9], "texture": "#0"},
				"west": {"uv": [5.5, 1, 7, 2], "texture": "#0"},
				"up": {"uv": [6, 7.625, 4.5, 7.5], "rotation": 270, "texture": "#0"},
				"down": {"uv": [7.5, 7.5, 6, 7.625], "rotation": 90, "texture": "#0"}
			}
		},
		{
			"from": [7, 14.5, 7.75],
			"to": [9, 14.75, 10.75],
			"faces": {
				"north": {"uv": [2, 6.5, 3, 6.625], "texture": "#0"},
				"east": {"uv": [7.5, 7.5, 9, 7.625], "texture": "#0"},
				"south": {"uv": [8, 5, 9, 5.125], "texture": "#0"},
				"west": {"uv": [7.5, 6.5, 9, 6.625], "texture": "#0"},
				"up": {"uv": [7, 3, 5.5, 2], "rotation": 270, "texture": "#0"},
				"down": {"uv": [7, 3, 5.5, 4], "rotation": 90, "texture": "#0"}
			}
		},
		{
			"from": [9, 11, 7],
			"to": [9.25, 11.75, 11],
			"faces": {
				"north": {"uv": [5.5, 8, 5.625, 8.375], "texture": "#0"},
				"east": {"uv": [6, 4.5, 8, 4.875], "texture": "#0"},
				"south": {"uv": [6, 8, 6.125, 8.375], "texture": "#0"},
				"west": {"uv": [6, 4, 8, 4.375], "texture": "#0"},
				"up": {"uv": [9, 1.125, 7, 1], "rotation": 270, "texture": "#0"},
				"down": {"uv": [9, 1.5, 7, 1.625], "rotation": 90, "texture": "#0"}
			}
		},
		{
			"from": [6.75, 11, 7],
			"to": [7, 11.75, 11],
			"faces": {
				"north": {"uv": [6.5, 8, 6.625, 8.375], "texture": "#0"},
				"east": {"uv": [6, 5, 8, 5.375], "texture": "#0"},
				"south": {"uv": [7, 8, 7.125, 8.375], "texture": "#0"},
				"west": {"uv": [5, 6, 7, 6.375], "texture": "#0"},
				"up": {"uv": [4, 7.125, 2, 7], "rotation": 270, "texture": "#0"},
				"down": {"uv": [9, 2, 7, 2.125], "rotation": 90, "texture": "#0"}
			}
		},
		{
			"from": [7.25, 13, 8.9],
			"to": [8.75, 14.5, 9],
			"faces": {
				"north": {"uv": [0, 6.5, 0.75, 7.25], "texture": "#0"},
				"east": {"uv": [8, 8, 8.0625, 8.75], "texture": "#0"},
				"south": {"uv": [1, 6.5, 1.75, 7.25], "texture": "#0"},
				"west": {"uv": [7.5, 8, 7.5625, 8.75], "texture": "#0"},
				"up": {"uv": [8.5625, 3.25, 8.5, 2.5], "rotation": 270, "texture": "#0"},
				"down": {"uv": [8.5625, 3.5, 8.5, 4.25], "rotation": 90, "texture": "#0"}
			}
		}
	],
	"display": {
		"firstperson_righthand": {
			"rotation": [0, 90, 0],
			"translation": [-9.75, -3.5, -11],
			"scale": [1.5, 1.5, 1.5]
		},
		"firstperson_lefthand": {
			"rotation": [0, 90, 0],
			"translation": [-9.75, 3, 0]
		},
		"gui": {
			"rotation": [0, 90, 0]
		},
		"head": {
			"translation": [0, 0, -0.25]
		}
	},
	"groups": [
		0,
		1,
		2,
		3,
		4,
		5,
		6,
		7,
		8,
		9,
		10,
		11,
		12,
		13,
		14,
		15,
		{
			"name": "hl_ss",
			"origin": [8, 8, 8],
			"color": 0,
			"children": [16, 17, 18, 19, 20, 21, 22]
		}
	]
}